Country,SiteNumber,StationArea_Label,dt_utc,horizon,y_true,y_pred
AT,AKC,urban,2023-01-01 02:00:00+00:00,1,40.468,50.684705114051056
AT,AKC,urban,2023-01-01 05:00:00+00:00,1,25.397,30.36336279011801
AT,AKC,urban,2023-01-01 06:00:00+00:00,1,22.6505,24.915832327117688
AT,AKC,urban,2023-01-01 07:00:00+00:00,1,23.372,22.766858944113174
AT,AKC,urban,2023-01-01 08:00:00+00:00,1,31.5765,23.769060948174186
AT,AKC,urban,2023-01-01 11:00:00+00:00,1,20.78,25.221783254292518
AT,AKC,urban,2023-01-01 12:00:00+00:00,1,20.888,20.527262633363122
AT,AKC,urban,2023-01-01 13:00:00+00:00,1,22.2365,21.59399063164441
AT,AKC,urban,2023-01-01 14:00:00+00:00,1,25.993,23.439821003523825
AT,AKC,urban,2023-01-01 15:00:00+00:00,1,25.041,27.222493107075465
AT,AKC,urban,2023-01-01 16:00:00+00:00,1,29.8515,26.243869465570004
AT,AKC,urban,2023-01-01 17:00:00+00:00,1,29.9175,31.027566622644507
AT,AKC,urban,2023-01-01 18:00:00+00:00,1,25.941,30.26763873698357
AT,AKC,urban,2023-01-01 19:00:00+00:00,1,29.9375,26.765431133906112
AT,AKC,urban,2023-01-01 20:00:00+00:00,1,24.3525,30.8099568090054
AT,AKC,urban,2023-01-01 23:00:00+00:00,1,16.341,17.3001323215733
AT,AKC,urban,2023-01-02 00:00:00+00:00,1,15.865,17.081474563060464
AT,AKC,urban,2023-01-02 01:00:00+00:00,1,15.673,16.50970568843541
AT,AKC,urban,2023-01-02 02:00:00+00:00,1,16.8495,16.27230904142182
AT,AKC,urban,2023-01-02 03:00:00+00:00,1,17.4465,17.367432987004594
AT,AKC,urban,2023-01-02 04:00:00+00:00,1,18.7015,17.79403398247041
AT,AKC,urban,2023-01-02 05:00:00+00:00,1,17.734,19.295321463608886
AT,AKC,urban,2023-01-02 06:00:00+00:00,1,19.806,18.167999714295263
AT,AKC,urban,2023-01-02 07:00:00+00:00,1,18.3575,20.401553542472072
AT,AKC,urban,2023-01-02 08:00:00+00:00,1,15.6715,18.66876813291345
AT,AKC,urban,2023-01-02 09:00:00+00:00,1,15.939,16.24114266444662
AT,AKC,urban,2023-01-02 10:00:00+00:00,1,16.308,16.652290704025027
AT,AKC,urban,2023-01-02 11:00:00+00:00,1,17.068,17.13514547682648
AT,AKC,urban,2023-01-02 12:00:00+00:00,1,16.7975,18.025075335278437
AT,AKC,urban,2023-01-02 13:00:00+00:00,1,17.013,17.5253671153554
AT,AKC,urban,2023-01-02 14:00:00+00:00,1,17.8835,18.34274690925256
AT,AKC,urban,2023-01-02 15:00:00+00:00,1,17.001,18.914147081959893
AT,AKC,urban,2023-01-02 16:00:00+00:00,1,16.17,17.94242113154999
AT,AKC,urban,2023-01-02 17:00:00+00:00,1,13.502,16.811928791668493
AT,AKC,urban,2023-01-02 18:00:00+00:00,1,14.105,14.04893770932988
AT,AKC,urban,2023-01-02 19:00:00+00:00,1,13.9365,14.488376317381956
AT,AKC,urban,2023-01-02 20:00:00+00:00,1,14.927,14.548829454947324
AT,AKC,urban,2023-01-02 21:00:00+00:00,1,14.5805,15.542289839894263
AT,AKC,urban,2023-01-02 22:00:00+00:00,1,17.541,14.687040617203248
AT,AKC,urban,2023-01-02 23:00:00+00:00,1,17.6965,17.705023655364574
AT,AKC,urban,2023-01-03 00:00:00+00:00,1,17.5735,17.416776200382458
AT,AKC,urban,2023-01-03 01:00:00+00:00,1,17.4865,17.480736230365768
AT,AKC,urban,2023-01-03 02:00:00+00:00,1,18.064,17.363862126603294
AT,AKC,urban,2023-01-03 03:00:00+00:00,1,14.8715,17.765509560827496
AT,AKC,urban,2023-01-03 04:00:00+00:00,1,12.949,14.86640775812749
AT,AKC,urban,2023-01-03 05:00:00+00:00,1,14.2865,13.194880002346416
AT,AKC,urban,2023-01-03 06:00:00+00:00,1,16.398,14.71640970251746
AT,AKC,urban,2023-01-03 07:00:00+00:00,1,17.557,16.792018482742307
AT,AKC,urban,2023-01-03 08:00:00+00:00,1,19.4465,16.76312258722353
AT,AKC,urban,2023-01-03 09:00:00+00:00,1,15.72255,18.943818411897787
AT,AKC,urban,2023-01-03 10:00:00+00:00,1,5.103799,15.716741169664754
AT,AKC,urban,2023-01-03 11:00:00+00:00,1,5.566399,4.456778524574975
AT,AKC,urban,2023-01-03 12:00:00+00:00,1,5.55555,6.164953167371319
AT,AKC,urban,2023-01-03 13:00:00+00:00,1,5.932149,6.419793216226829
AT,AKC,urban,2023-01-03 14:00:00+00:00,1,8.345849,7.069120120008201
AT,AKC,urban,2023-01-03 15:00:00+00:00,1,8.720749,9.31489314304756
AT,AKC,urban,2023-01-03 16:00:00+00:00,1,13.35,9.037452976520505
AT,AKC,urban,2023-01-03 17:00:00+00:00,1,15.79,12.963466000825314
AT,AKC,urban,2023-01-03 18:00:00+00:00,1,15.564,14.940680706313845
AT,AKC,urban,2023-01-03 19:00:00+00:00,1,15.3975,15.199181068288421
AT,AKC,urban,2023-01-03 20:00:00+00:00,1,14.68,15.115071756963527
AT,AKC,urban,2023-01-03 21:00:00+00:00,1,15.9585,14.52681399649482
AT,AKC,urban,2023-01-03 22:00:00+00:00,1,15.984,15.949843784450245
AT,AKC,urban,2023-01-03 23:00:00+00:00,1,16.641,15.99778406073924
AT,AKC,urban,2023-01-04 00:00:00+00:00,1,16.4405,16.57065201998143
AT,AKC,urban,2023-01-04 01:00:00+00:00,1,18.623,16.16227842036448
AT,AKC,urban,2023-01-04 02:00:00+00:00,1,19.117,17.978176156076646
AT,AKC,urban,2023-01-04 03:00:00+00:00,1,18.683,18.253807681474402
AT,AKC,urban,2023-01-04 04:00:00+00:00,1,18.71,18.668785204017535
AT,AKC,urban,2023-01-04 05:00:00+00:00,1,19.992,19.139865369608685
AT,AKC,urban,2023-01-04 06:00:00+00:00,1,19.3165,19.741251035997365
AT,AKC,urban,2023-01-04 07:00:00+00:00,1,21.379,19.58915048355638
AT,AKC,urban,2023-01-04 08:00:00+00:00,1,17.6055,20.542164664791635
AT,AKC,urban,2023-01-04 09:00:00+00:00,1,22.555,17.44754992761797
AT,AKC,urban,2023-01-04 10:00:00+00:00,1,19.4435,21.562415210120896
AT,AKC,urban,2023-01-04 11:00:00+00:00,1,19.9595,18.264070573938
AT,AKC,urban,2023-01-04 12:00:00+00:00,1,21.1325,19.730963176676727
AT,AKC,urban,2023-01-04 13:00:00+00:00,1,23.6785,20.945701632010447
AT,AKC,urban,2023-01-04 14:00:00+00:00,1,26.1475,23.419004987189965
AT,AKC,urban,2023-01-04 15:00:00+00:00,1,15.16915,25.449459599980845
AT,AKC,urban,2023-01-04 16:00:00+00:00,1,10.49735,15.888248159638517
AT,AKC,urban,2023-01-04 17:00:00+00:00,1,15.1195,11.64267521724108
AT,AKC,urban,2023-01-04 18:00:00+00:00,1,6.620699,15.698144752571025
AT,AKC,urban,2023-01-04 19:00:00+00:00,1,2.3924,6.945803075199578
AT,AKC,urban,2023-01-04 20:00:00+00:00,1,2.25285,2.02891745423954
AT,AKC,urban,2023-01-04 21:00:00+00:00,1,1.869949,3.094660261864391
AT,AKC,urban,2023-01-04 22:00:00+00:00,1,2.351099,2.5945827711262126
AT,AKC,urban,2023-01-04 23:00:00+00:00,1,1.897699,3.0594568387066055
AT,AKC,urban,2023-01-05 00:00:00+00:00,1,1.399399,2.6213542855012335
AT,AKC,urban,2023-01-05 01:00:00+00:00,1,1.273649,1.9118512782879122
AT,AKC,urban,2023-01-05 02:00:00+00:00,1,1.129149,1.6344709322226407
AT,AKC,urban,2023-01-05 03:00:00+00:00,1,1.085649,1.4657824103359332
AT,AKC,urban,2023-01-05 04:00:00+00:00,1,1.063499,1.7270130267976995
AT,AKC,urban,2023-01-05 05:00:00+00:00,1,1.153349,1.8310681147800345
AT,AKC,urban,2023-01-05 06:00:00+00:00,1,1.2875,1.5927054593861065
AT,AKC,urban,2023-01-05 07:00:00+00:00,1,1.3624,1.673126097759873
AT,AKC,urban,2023-01-05 08:00:00+00:00,1,1.384999,1.6197255837451188
AT,AKC,urban,2023-01-05 09:00:00+00:00,1,1.7116,1.7404609334869185
AT,AKC,urban,2023-01-05 10:00:00+00:00,1,2.0067,1.7498852756830985
AT,AKC,urban,2023-01-05 11:00:00+00:00,1,2.061949,2.0160146263034378
AT,AKC,urban,2023-01-05 12:00:00+00:00,1,2.057349,2.099447460285795
AT,AKC,urban,2023-01-05 13:00:00+00:00,1,2.26375,1.9944236895562781
AT,AKC,urban,2023-01-05 14:00:00+00:00,1,2.660599,2.177355526776605
AT,AKC,urban,2023-01-05 15:00:00+00:00,1,2.81935,2.5514012233101724
AT,AKC,urban,2023-01-05 16:00:00+00:00,1,2.803699,2.7852893097233142
AT,AKC,urban,2023-01-05 17:00:00+00:00,1,2.65985,2.884595454309096
AT,AKC,urban,2023-01-05 18:00:00+00:00,1,2.7806,2.7097280610947188
AT,AKC,urban,2023-01-05 19:00:00+00:00,1,3.0088,2.873442724863022
AT,AKC,urban,2023-01-05 20:00:00+00:00,1,3.371099,3.1887230353925666
AT,AKC,urban,2023-01-05 21:00:00+00:00,1,3.22195,3.4127102610022213
AT,AKC,urban,2023-01-05 22:00:00+00:00,1,3.837749,3.294747984696329
AT,AKC,urban,2023-01-05 23:00:00+00:00,1,4.215149,3.937251638956205
AT,AKC,urban,2023-01-06 00:00:00+00:00,1,4.355199,4.106069503077233
AT,AKC,urban,2023-01-06 01:00:00+00:00,1,4.57035,4.226801371875574
AT,AKC,urban,2023-01-06 02:00:00+00:00,1,5.018199,4.5160670574273
AT,AKC,urban,2023-01-06 03:00:00+00:00,1,5.188799,4.924906487835045
AT,AKC,urban,2023-01-06 04:00:00+00:00,1,5.241099,5.3127794085431645
AT,AKC,urban,2023-01-06 05:00:00+00:00,1,5.782299,5.475188332706139
AT,AKC,urban,2023-01-06 06:00:00+00:00,1,6.196749,5.995285689616836
AT,AKC,urban,2023-01-06 07:00:00+00:00,1,6.003399,6.207489803572738
AT,AKC,urban,2023-01-06 08:00:00+00:00,1,10.0173,6.212710526083651
AT,AKC,urban,2023-01-06 09:00:00+00:00,1,9.258199,10.503076447007476
AT,AKC,urban,2023-01-06 10:00:00+00:00,1,6.6647,9.163947390669211
AT,AKC,urban,2023-01-06 11:00:00+00:00,1,5.4386,6.2975423055363144
AT,AKC,urban,2023-01-06 12:00:00+00:00,1,5.07445,5.485584836980717
AT,AKC,urban,2023-01-06 13:00:00+00:00,1,5.039199,5.397699774684899
AT,AKC,urban,2023-01-06 14:00:00+00:00,1,5.8133,5.674484841718865
AT,AKC,urban,2023-01-06 15:00:00+00:00,1,8.509699,6.953345421841181
AT,AKC,urban,2023-01-06 16:00:00+00:00,1,11.935,9.830673012332358
AT,AKC,urban,2023-01-06 17:00:00+00:00,1,6.166349,12.56925285068423
AT,AKC,urban,2023-01-06 18:00:00+00:00,1,5.33745,5.648901245821353
AT,AKC,urban,2023-01-06 19:00:00+00:00,1,5.940549,5.0207765272300335
AT,AKC,urban,2023-01-06 20:00:00+00:00,1,7.579349,5.81178016301542
AT,AKC,urban,2023-01-06 21:00:00+00:00,1,5.88535,7.424565700213822
AT,AKC,urban,2023-01-06 22:00:00+00:00,1,4.56895,6.08451977566223
AT,AKC,urban,2023-01-06 23:00:00+00:00,1,4.34095,4.965639168893734
AT,AKC,urban,2023-01-07 00:00:00+00:00,1,4.8111,4.51632984402719
AT,AKC,urban,2023-01-07 01:00:00+00:00,1,6.248149,5.120801089849941
AT,AKC,urban,2023-01-07 02:00:00+00:00,1,6.58465,6.419542537983645
AT,AKC,urban,2023-01-07 03:00:00+00:00,1,5.75055,6.989442255450307
AT,AKC,urban,2023-01-07 04:00:00+00:00,1,4.91545,5.538949637124382
AT,AKC,urban,2023-01-07 05:00:00+00:00,1,4.322249,5.143239992502952
AT,AKC,urban,2023-01-07 06:00:00+00:00,1,5.962149,5.091824457114587
AT,AKC,urban,2023-01-07 07:00:00+00:00,1,9.425149,7.129910552275849
AT,AKC,urban,2023-01-07 08:00:00+00:00,1,6.721199,9.636326855483365
AT,AKC,urban,2023-01-07 09:00:00+00:00,1,5.228799,6.394975182414544
AT,AKC,urban,2023-01-07 10:00:00+00:00,1,4.68735,5.327506663859335
AT,AKC,urban,2023-01-07 11:00:00+00:00,1,5.45895,4.879891762502936
AT,AKC,urban,2023-01-07 12:00:00+00:00,1,7.064899,5.700536323147894
AT,AKC,urban,2023-01-07 13:00:00+00:00,1,5.65155,6.703345699996319
AT,AKC,urban,2023-01-07 14:00:00+00:00,1,7.225449,6.022703506625728
AT,AKC,urban,2023-01-07 15:00:00+00:00,1,10.4497,8.33595480794612
AT,AKC,urban,2023-01-07 16:00:00+00:00,1,14.67,10.90172017478168
AT,AKC,urban,2023-01-07 17:00:00+00:00,1,15.898,13.492491701855773
AT,AKC,urban,2023-01-07 18:00:00+00:00,1,20.2395,15.86413891322361
AT,AKC,urban,2023-01-07 19:00:00+00:00,1,22.808,18.115245815767867
AT,AKC,urban,2023-01-07 20:00:00+00:00,1,25.839,20.797586437560973
AT,AKC,urban,2023-01-07 23:00:00+00:00,1,29.15,26.232076541020632
AT,AKC,urban,2023-01-08 00:00:00+00:00,1,30.3535,27.447500258551887
AT,AKC,urban,2023-01-08 01:00:00+00:00,1,28.994,28.237970926510982
AT,AKC,urban,2023-01-08 02:00:00+00:00,1,28.5135,27.340597768880993
AT,AKC,urban,2023-01-08 03:00:00+00:00,1,27.9685,26.905439777172866
AT,AKC,urban,2023-01-08 04:00:00+00:00,1,26.698,26.401589910678904
AT,AKC,urban,2023-01-08 05:00:00+00:00,1,25.261,25.25599119045853
AT,AKC,urban,2023-01-08 06:00:00+00:00,1,23.809,24.041324101406943
AT,AKC,urban,2023-01-08 07:00:00+00:00,1,23.378,22.704429252973576
AT,AKC,urban,2023-01-08 08:00:00+00:00,1,22.275,22.56761025765084
AT,AKC,urban,2023-01-08 09:00:00+00:00,1,20.4045,21.641881597135605
AT,AKC,urban,2023-01-08 10:00:00+00:00,1,19.7675,20.138881146690654
AT,AKC,urban,2023-01-08 11:00:00+00:00,1,18.0835,19.59195336341428
AT,AKC,urban,2023-01-08 12:00:00+00:00,1,19.024,18.165856181367904
AT,AKC,urban,2023-01-08 13:00:00+00:00,1,16.6975,19.26187609185491
AT,AKC,urban,2023-01-08 14:00:00+00:00,1,14.29,17.321827463997046
AT,AKC,urban,2023-01-08 15:00:00+00:00,1,16.517,15.144390664425998
AT,AKC,urban,2023-01-08 16:00:00+00:00,1,14.889,17.148359882695093
AT,AKC,urban,2023-01-08 17:00:00+00:00,1,15.542,15.997744593772188
AT,AKC,urban,2023-01-08 18:00:00+00:00,1,15.536,16.887533359965882
AT,AKC,urban,2023-01-08 19:00:00+00:00,1,18.4525,16.860136297314316
AT,AKC,urban,2023-01-08 20:00:00+00:00,1,19.7435,19.709176936385248
AT,AKC,urban,2023-01-08 21:00:00+00:00,1,17.301,20.01974444721044
AT,AKC,urban,2023-01-08 22:00:00+00:00,1,17.748,17.77548160933283
AT,AKC,urban,2023-01-08 23:00:00+00:00,1,18.0985,17.937642814509704
AT,AKC,urban,2023-01-09 00:00:00+00:00,1,18.9985,18.24769822130725
AT,AKC,urban,2023-01-09 01:00:00+00:00,1,19.458,18.987702066861996
AT,AKC,urban,2023-01-09 02:00:00+00:00,1,16.3345,19.76495286451034
AT,AKC,urban,2023-01-09 03:00:00+00:00,1,16.1585,16.383768517125617
AT,AKC,urban,2023-01-09 04:00:00+00:00,1,16.7655,16.77818610383489
AT,AKC,urban,2023-01-09 05:00:00+00:00,1,13.501,17.660424085675388
AT,AKC,urban,2023-01-09 06:00:00+00:00,1,15.638,15.112742938544763
AT,AKC,urban,2023-01-09 07:00:00+00:00,1,12.484,17.15210199372818
AT,AKC,urban,2023-01-09 08:00:00+00:00,1,9.126,10.997093431040067
AT,AKC,urban,2023-01-09 09:00:00+00:00,1,4.093649,8.949483650449071
AT,AKC,urban,2023-01-09 10:00:00+00:00,1,1.745399,4.035325133994597
AT,AKC,urban,2023-01-09 11:00:00+00:00,1,1.77355,2.390689147865171
AT,AKC,urban,2023-01-09 12:00:00+00:00,1,2.65625,2.627265799052669
AT,AKC,urban,2023-01-09 13:00:00+00:00,1,3.22385,3.3663431921037557
AT,AKC,urban,2023-01-09 14:00:00+00:00,1,2.852499,3.955242414436146
AT,AKC,urban,2023-01-09 15:00:00+00:00,1,2.6603,3.55401968514607
AT,AKC,urban,2023-01-09 16:00:00+00:00,1,3.025549,3.3372437324105277
AT,AKC,urban,2023-01-09 17:00:00+00:00,1,3.35435,3.8762298189019653
AT,AKC,urban,2023-01-09 18:00:00+00:00,1,3.494249,4.148071021209159
AT,AKC,urban,2023-01-09 19:00:00+00:00,1,3.542399,4.261727931554994
AT,AKC,urban,2023-01-09 20:00:00+00:00,1,3.343649,4.258158042878065
AT,AKC,urban,2023-01-09 21:00:00+00:00,1,3.324399,3.9703177089826482
AT,AKC,urban,2023-01-09 22:00:00+00:00,1,3.605,3.903832978526701
AT,AKC,urban,2023-01-09 23:00:00+00:00,1,3.47545,4.103900481138389
AT,AKC,urban,2023-01-10 00:00:00+00:00,1,3.193799,3.7950926628089974
AT,AKC,urban,2023-01-10 01:00:00+00:00,1,2.89825,3.3140695710175443
AT,AKC,urban,2023-01-10 02:00:00+00:00,1,2.771299,2.9522446454975046
AT,AKC,urban,2023-01-10 03:00:00+00:00,1,2.83045,2.8165611091439473
AT,AKC,urban,2023-01-10 04:00:00+00:00,1,2.870999,2.8204849640332377
AT,AKC,urban,2023-01-10 05:00:00+00:00,1,3.07875,2.9371224194004704
AT,AKC,urban,2023-01-10 06:00:00+00:00,1,3.664599,3.2235205025418487
AT,AKC,urban,2023-01-10 07:00:00+00:00,1,3.946,3.6649262039002615
AT,AKC,urban,2023-01-10 08:00:00+00:00,1,4.42875,3.708280270554173
AT,AKC,urban,2023-01-10 09:00:00+00:00,1,4.25,4.1418866760922555
AT,AKC,urban,2023-01-10 10:00:00+00:00,1,4.279549,4.090462281062592
AT,AKC,urban,2023-01-10 11:00:00+00:00,1,3.979199,4.1193177231433395
AT,AKC,urban,2023-01-10 12:00:00+00:00,1,3.883299,3.828062427820896
AT,AKC,urban,2023-01-10 13:00:00+00:00,1,3.335949,3.7892185723561553
AT,AKC,urban,2023-01-10 14:00:00+00:00,1,3.00985,3.3100185587086415
AT,AKC,urban,2023-01-10 15:00:00+00:00,1,3.6367,3.1737907558565226
AT,AKC,urban,2023-01-10 16:00:00+00:00,1,3.802599,3.782575050519032
AT,AKC,urban,2023-01-10 17:00:00+00:00,1,3.53165,3.9818109062283966
AT,AKC,urban,2023-01-10 18:00:00+00:00,1,4.252699,3.705966334420527
AT,AKC,urban,2023-01-10 19:00:00+00:00,1,4.70195,4.368969286261827
AT,AKC,urban,2023-01-10 20:00:00+00:00,1,4.0225,4.837088533181628
AT,AKC,urban,2023-01-10 21:00:00+00:00,1,3.232749,4.220817730701146
AT,AKC,urban,2023-01-10 22:00:00+00:00,1,3.203249,3.5584705295250245
AT,AKC,urban,2023-01-10 23:00:00+00:00,1,4.124199,3.5542852684580737
AT,AKC,urban,2023-01-11 00:00:00+00:00,1,5.13605,4.279386537935551
AT,AKC,urban,2023-01-11 01:00:00+00:00,1,5.273949,5.098075018964931
AT,AKC,urban,2023-01-11 02:00:00+00:00,1,4.8899,5.293771251966987
AT,AKC,urban,2023-01-11 03:00:00+00:00,1,5.3934,5.086924486740415
AT,AKC,urban,2023-01-11 04:00:00+00:00,1,8.1315,5.921247300130972
AT,AKC,urban,2023-01-11 05:00:00+00:00,1,10.632,10.12979439092831
AT,AKC,urban,2023-01-11 06:00:00+00:00,1,14.387,11.327222408882797
AT,AKC,urban,2023-01-11 07:00:00+00:00,1,12.642,14.433001705645655
AT,AKC,urban,2023-01-11 08:00:00+00:00,1,11.0752,12.15548086406945
AT,AKC,urban,2023-01-11 09:00:00+00:00,1,10.37215,11.039737707435936
AT,AKC,urban,2023-01-11 10:00:00+00:00,1,6.8301,10.441420277531158
AT,AKC,urban,2023-01-11 11:00:00+00:00,1,7.170749,6.14715834387054
AT,AKC,urban,2023-01-11 12:00:00+00:00,1,8.065099,7.005098378384599
AT,AKC,urban,2023-01-11 13:00:00+00:00,1,7.3611,8.347869748267808
AT,AKC,urban,2023-01-11 14:00:00+00:00,1,8.93865,7.4418492314501705
AT,AKC,urban,2023-01-11 15:00:00+00:00,1,9.494499,9.49187568595967
AT,AKC,urban,2023-01-11 16:00:00+00:00,1,9.5058,9.641785030254113
AT,AKC,urban,2023-01-11 17:00:00+00:00,1,12.4625,9.490645700506064
AT,AKC,urban,2023-01-11 18:00:00+00:00,1,11.6535,13.122068907961399
AT,AKC,urban,2023-01-11 19:00:00+00:00,1,3.296599,11.066368582711931
AT,AKC,urban,2023-01-11 20:00:00+00:00,1,3.233649,1.0385083674973181
AT,AKC,urban,2023-01-11 21:00:00+00:00,1,4.84375,3.2318620432379
AT,AKC,urban,2023-01-11 22:00:00+00:00,1,5.986299,4.803218326963851
AT,AKC,urban,2023-01-11 23:00:00+00:00,1,6.1472,6.035208603906888
AT,AKC,urban,2023-01-12 00:00:00+00:00,1,7.640799,6.154987500784937
AT,AKC,urban,2023-01-12 01:00:00+00:00,1,6.693449,7.335542971441118
AT,AKC,urban,2023-01-12 02:00:00+00:00,1,5.86275,6.44871481573729
AT,AKC,urban,2023-01-12 03:00:00+00:00,1,5.525199,5.878094618360372
AT,AKC,urban,2023-01-12 04:00:00+00:00,1,4.414999,5.605342805251329
AT,AKC,urban,2023-01-12 05:00:00+00:00,1,4.5766,4.793876978080771
AT,AKC,urban,2023-01-12 06:00:00+00:00,1,4.97535,5.176245874123854
AT,AKC,urban,2023-01-12 07:00:00+00:00,1,3.097849,5.527337998562928
AT,AKC,urban,2023-01-12 08:00:00+00:00,1,3.564899,3.0680776425782277
AT,AKC,urban,2023-01-12 09:00:00+00:00,1,3.792449,3.6114038676601865
AT,AKC,urban,2023-01-12 10:00:00+00:00,1,3.86765,3.772742285760863
AT,AKC,urban,2023-01-12 11:00:00+00:00,1,4.125699,3.899332667042092
AT,AKC,urban,2023-01-12 12:00:00+00:00,1,3.4604,4.23048820513235
AT,AKC,urban,2023-01-12 13:00:00+00:00,1,3.61425,3.4731821162156216
AT,AKC,urban,2023-01-12 14:00:00+00:00,1,5.116649,4.7540508463767495
AT,AKC,urban,2023-01-12 15:00:00+00:00,1,6.07805,6.092700010737854
AT,AKC,urban,2023-01-12 16:00:00+00:00,1,9.610549,7.258417227611734
AT,AKC,urban,2023-01-12 17:00:00+00:00,1,12.0205,10.681825601926068
AT,AKC,urban,2023-01-12 18:00:00+00:00,1,8.802799,12.33986992521454
AT,AKC,urban,2023-01-12 19:00:00+00:00,1,7.1682,8.856302100328893
AT,AKC,urban,2023-01-12 20:00:00+00:00,1,11.6515,6.6296925360844945
AT,AKC,urban,2023-01-12 21:00:00+00:00,1,11.9625,12.23431442828181
AT,AKC,urban,2023-01-12 22:00:00+00:00,1,8.6089,11.633474311453927
AT,AKC,urban,2023-01-12 23:00:00+00:00,1,7.1956,8.097219042607538
AT,AKC,urban,2023-01-13 00:00:00+00:00,1,10.178,6.584328466675522
AT,AKC,urban,2023-01-13 01:00:00+00:00,1,6.7137,10.34081745411942
AT,AKC,urban,2023-01-13 02:00:00+00:00,1,6.0643,5.682910331881313
AT,AKC,urban,2023-01-13 03:00:00+00:00,1,5.716799,6.075627389837379
AT,AKC,urban,2023-01-13 04:00:00+00:00,1,7.057199,6.098998709926722
AT,AKC,urban,2023-01-13 05:00:00+00:00,1,10.939,7.66757298398738
AT,AKC,urban,2023-01-13 06:00:00+00:00,1,12.4325,10.310494518893272
AT,AKC,urban,2023-01-13 07:00:00+00:00,1,13.822,11.546740928582008
AT,AKC,urban,2023-01-13 08:00:00+00:00,1,15.319,13.09397974534108
AT,AKC,urban,2023-01-13 09:00:00+00:00,1,16.927,14.348497006525836
AT,AKC,urban,2023-01-13 10:00:00+00:00,1,17.91,15.105538956177877
AT,AKC,urban,2023-01-13 11:00:00+00:00,1,16.052,16.417607753491858
AT,AKC,urban,2023-01-13 12:00:00+00:00,1,13.905,15.248167822185042
AT,AKC,urban,2023-01-13 13:00:00+00:00,1,15.582,13.438529752532652
AT,AKC,urban,2023-01-13 14:00:00+00:00,1,17.02,15.289295084402934
AT,AKC,urban,2023-01-13 15:00:00+00:00,1,18.7535,16.149843321853332
AT,AKC,urban,2023-01-13 16:00:00+00:00,1,21.992,18.16177891038291
AT,AKC,urban,2023-01-13 17:00:00+00:00,1,23.988,21.05744182214367
AT,AKC,urban,2023-01-13 18:00:00+00:00,1,19.68,22.625115036405532
AT,AKC,urban,2023-01-13 19:00:00+00:00,1,2.219749,18.958912148490583
AT,AKC,urban,2023-01-13 20:00:00+00:00,1,2.34455,0.8993352549751741
AT,AKC,urban,2023-01-13 21:00:00+00:00,1,2.375549,2.5391042932736134
AT,AKC,urban,2023-01-13 22:00:00+00:00,1,2.5662,2.8207320702730456
AT,AKC,urban,2023-01-13 23:00:00+00:00,1,2.612149,3.309674619910467
AT,AKC,urban,2023-01-14 00:00:00+00:00,1,2.668349,3.379184169592598
AT,AKC,urban,2023-01-14 01:00:00+00:00,1,2.709549,3.3714613175375874
AT,AKC,urban,2023-01-14 02:00:00+00:00,1,2.2768,3.171152192872963
AT,AKC,urban,2023-01-14 03:00:00+00:00,1,2.3642,2.646835155622611
AT,AKC,urban,2023-01-14 04:00:00+00:00,1,2.509999,2.8084447361846756
AT,AKC,urban,2023-01-14 05:00:00+00:00,1,2.535749,3.0058742025042875
AT,AKC,urban,2023-01-14 06:00:00+00:00,1,2.651949,3.022356270807869
AT,AKC,urban,2023-01-14 07:00:00+00:00,1,2.914449,3.241904966319616
AT,AKC,urban,2023-01-14 08:00:00+00:00,1,2.86765,3.5379958479077906
AT,AKC,urban,2023-01-14 09:00:00+00:00,1,2.710549,3.296228956019295
AT,AKC,urban,2023-01-14 10:00:00+00:00,1,2.936999,3.0892642789836273
AT,AKC,urban,2023-01-14 11:00:00+00:00,1,2.69775,3.239772621228358
AT,AKC,urban,2023-01-14 12:00:00+00:00,1,2.805399,3.0486204106627532
AT,AKC,urban,2023-01-14 13:00:00+00:00,1,3.50605,3.028131498746312
AT,AKC,urban,2023-01-14 14:00:00+00:00,1,4.924149,4.298280886282804
AT,AKC,urban,2023-01-14 15:00:00+00:00,1,7.223099,5.351113849141576
AT,AKC,urban,2023-01-14 16:00:00+00:00,1,7.63875,7.153744008024951
AT,AKC,urban,2023-01-14 17:00:00+00:00,1,7.31605,7.655730212208095
AT,AKC,urban,2023-01-14 18:00:00+00:00,1,8.915051,7.019078771315844
AT,AKC,urban,2023-01-14 19:00:00+00:00,1,11.8885,8.456823878596659
AT,AKC,urban,2023-01-14 20:00:00+00:00,1,11.564,10.787563667227456
AT,AKC,urban,2023-01-14 21:00:00+00:00,1,13.356,10.65012635526016
AT,AKC,urban,2023-01-14 22:00:00+00:00,1,11.246,13.463949279392356
AT,AKC,urban,2023-01-14 23:00:00+00:00,1,10.7705,10.128985783065822
AT,AKC,urban,2023-01-15 00:00:00+00:00,1,11.4785,10.344430289001025
AT,AKC,urban,2023-01-15 01:00:00+00:00,1,12.761,10.837002731676701
AT,AKC,urban,2023-01-15 02:00:00+00:00,1,9.71725,11.84931686008121
AT,AKC,urban,2023-01-15 03:00:00+00:00,1,9.18715,8.79242392123636
AT,AKC,urban,2023-01-15 04:00:00+00:00,1,8.381999,9.083427566665797
AT,AKC,urban,2023-01-15 05:00:00+00:00,1,7.86875,8.29227383239406
AT,AKC,urban,2023-01-15 06:00:00+00:00,1,7.676199,7.849060953495609
AT,AKC,urban,2023-01-15 07:00:00+00:00,1,7.3118,8.331286842071702
AT,AKC,urban,2023-01-15 08:00:00+00:00,1,7.372149,7.040145954039737
AT,AKC,urban,2023-01-15 09:00:00+00:00,1,7.777599,7.447583690057801
AT,AKC,urban,2023-01-15 10:00:00+00:00,1,8.07075,7.836477275280487
AT,AKC,urban,2023-01-15 11:00:00+00:00,1,8.93865,8.049473811390541
AT,AKC,urban,2023-01-15 12:00:00+00:00,1,10.5005,9.291741698852505
AT,AKC,urban,2023-01-15 13:00:00+00:00,1,11.3735,10.804659927906744
AT,AKC,urban,2023-01-15 14:00:00+00:00,1,11.7945,11.181578259924017
AT,AKC,urban,2023-01-15 15:00:00+00:00,1,6.3775,12.162998007760844
AT,AKC,urban,2023-01-15 16:00:00+00:00,1,2.53255,5.472797919390807
AT,AKC,urban,2023-01-15 17:00:00+00:00,1,1.898249,2.989733953289406
AT,AKC,urban,2023-01-15 18:00:00+00:00,1,2.226649,2.533372063099602
AT,AKC,urban,2023-01-15 19:00:00+00:00,1,2.01565,3.1546719105155816
AT,AKC,urban,2023-01-15 20:00:00+00:00,1,2.333849,2.7849956503034186
AT,AKC,urban,2023-01-15 21:00:00+00:00,1,2.478849,2.987158652302231
AT,AKC,urban,2023-01-15 22:00:00+00:00,1,1.832599,3.1465822284812894
AT,AKC,urban,2023-01-15 23:00:00+00:00,1,1.904649,2.326418662791774
AT,AKC,urban,2023-01-16 00:00:00+00:00,1,2.024499,2.442169178151122
AT,AKC,urban,2023-01-16 01:00:00+00:00,1,1.7625,2.4129564896668576
AT,AKC,urban,2023-01-16 02:00:00+00:00,1,1.74705,2.1512625194919117
AT,AKC,urban,2023-01-16 03:00:00+00:00,1,1.941749,2.2830168929391554
AT,AKC,urban,2023-01-16 04:00:00+00:00,1,2.651999,2.80852398078909
AT,AKC,urban,2023-01-16 05:00:00+00:00,1,2.5081,4.683627284656136
AT,AKC,urban,2023-01-16 06:00:00+00:00,1,3.2411,3.628978776089923
AT,AKC,urban,2023-01-16 07:00:00+00:00,1,3.51355,4.995342082917777
AT,AKC,urban,2023-01-16 08:00:00+00:00,1,3.64015,4.105399266724131
AT,AKC,urban,2023-01-16 09:00:00+00:00,1,3.4924,1.8610102057457993
AT,AKC,urban,2023-01-16 10:00:00+00:00,1,3.06885,5.009429896161123
AT,AKC,urban,2023-01-16 11:00:00+00:00,1,5.07415,2.8132707299063604
AT,AKC,urban,2023-01-16 12:00:00+00:00,1,3.536799,5.152456271288436
AT,AKC,urban,2023-01-16 13:00:00+00:00,1,3.9131,3.7092610612439714
AT,AKC,urban,2023-01-16 14:00:00+00:00,1,5.6219,4.317741258932283
AT,AKC,urban,2023-01-16 15:00:00+00:00,1,6.160149,5.385297366111281
AT,AKC,urban,2023-01-16 16:00:00+00:00,1,6.136349,6.250081188591334
AT,AKC,urban,2023-01-16 17:00:00+00:00,1,6.357649,6.2439583194266355
AT,AKC,urban,2023-01-16 18:00:00+00:00,1,7.664849,6.725940762589971
AT,AKC,urban,2023-01-16 19:00:00+00:00,1,7.092999,7.936994284939171
AT,AKC,urban,2023-01-16 20:00:00+00:00,1,7.4271,7.146711363323398
AT,AKC,urban,2023-01-16 21:00:00+00:00,1,8.293849,7.569125777092818
AT,AKC,urban,2023-01-16 22:00:00+00:00,1,8.3294,8.5157297797284
AT,AKC,urban,2023-01-16 23:00:00+00:00,1,8.264499,8.193043503620935
AT,AKC,urban,2023-01-17 00:00:00+00:00,1,9.4701,7.86475568273195
AT,AKC,urban,2023-01-17 01:00:00+00:00,1,11.821,8.853722080779818
AT,AKC,urban,2023-01-17 02:00:00+00:00,1,11.7465,10.519790881963718
AT,AKC,urban,2023-01-17 03:00:00+00:00,1,12.2975,10.271339772151144
AT,AKC,urban,2023-01-17 04:00:00+00:00,1,13.188,11.026985549627046
AT,AKC,urban,2023-01-17 05:00:00+00:00,1,14.8205,13.378095936517433
AT,AKC,urban,2023-01-17 06:00:00+00:00,1,16.3695,15.199999849268064
AT,AKC,urban,2023-01-17 07:00:00+00:00,1,15.4205,15.815648873016418
AT,AKC,urban,2023-01-17 08:00:00+00:00,1,16.1035,15.048290101084525
AT,AKC,urban,2023-01-17 09:00:00+00:00,1,10.28275,15.820402310931929
AT,AKC,urban,2023-01-17 10:00:00+00:00,1,6.10995,8.890552269822738
AT,AKC,urban,2023-01-17 11:00:00+00:00,1,3.934599,5.200830297661486
AT,AKC,urban,2023-01-17 12:00:00+00:00,1,5.003049,3.7047892631816772
AT,AKC,urban,2023-01-17 13:00:00+00:00,1,5.29635,5.092024640993717
AT,AKC,urban,2023-01-17 14:00:00+00:00,1,7.737999,5.471463808546897
AT,AKC,urban,2023-01-17 15:00:00+00:00,1,7.336999,7.733271941933609
AT,AKC,urban,2023-01-17 16:00:00+00:00,1,5.69925,8.061693515624494
AT,AKC,urban,2023-01-17 17:00:00+00:00,1,4.21735,5.79249987881883
AT,AKC,urban,2023-01-17 18:00:00+00:00,1,4.250299,4.61433823978199
AT,AKC,urban,2023-01-17 19:00:00+00:00,1,4.97725,4.716222854931285
AT,AKC,urban,2023-01-17 20:00:00+00:00,1,5.811999,5.723780634225228
AT,AKC,urban,2023-01-17 21:00:00+00:00,1,6.843299,6.200418934306395
AT,AKC,urban,2023-01-17 22:00:00+00:00,1,6.230899,7.597752187307911
AT,AKC,urban,2023-01-17 23:00:00+00:00,1,4.4911,6.526344940921334
AT,AKC,urban,2023-01-18 00:00:00+00:00,1,4.1367,5.095298513222346
AT,AKC,urban,2023-01-18 01:00:00+00:00,1,4.012499,4.709030114524374
AT,AKC,urban,2023-01-18 02:00:00+00:00,1,4.733349,4.476250543093425
AT,AKC,urban,2023-01-18 03:00:00+00:00,1,6.052749,5.155841649569961
AT,AKC,urban,2023-01-18 04:00:00+00:00,1,7.176049,6.0090622742699935
AT,AKC,urban,2023-01-18 05:00:00+00:00,1,10.8275,7.545804140550622
AT,AKC,urban,2023-01-18 06:00:00+00:00,1,13.8275,11.546578189653719
AT,AKC,urban,2023-01-18 07:00:00+00:00,1,14.335,13.431290237726625
AT,AKC,urban,2023-01-18 08:00:00+00:00,1,9.498399,13.550145362097293
AT,AKC,urban,2023-01-18 09:00:00+00:00,1,6.501749,7.868150780249277
AT,AKC,urban,2023-01-18 10:00:00+00:00,1,4.426149,5.80738396100061
AT,AKC,urban,2023-01-18 11:00:00+00:00,1,2.47755,3.99785695589863
AT,AKC,urban,2023-01-18 12:00:00+00:00,1,2.683249,2.810153724841957
AT,AKC,urban,2023-01-18 13:00:00+00:00,1,4.5748,2.9341425453408583
AT,AKC,urban,2023-01-18 14:00:00+00:00,1,4.352,5.81997187086084
AT,AKC,urban,2023-01-18 15:00:00+00:00,1,7.142849,5.544555775680216
AT,AKC,urban,2023-01-18 16:00:00+00:00,1,11.049,9.496896675358077
AT,AKC,urban,2023-01-18 17:00:00+00:00,1,15.167,12.314870756013597
AT,AKC,urban,2023-01-18 18:00:00+00:00,1,13.2015,14.165787588702177
AT,AKC,urban,2023-01-18 19:00:00+00:00,1,14.5645,12.660617321330466
AT,AKC,urban,2023-01-18 20:00:00+00:00,1,12.2085,14.608819040425079
AT,AKC,urban,2023-01-18 21:00:00+00:00,1,6.894399,11.516781063776715
AT,AKC,urban,2023-01-18 22:00:00+00:00,1,10.2098,4.720709987805918
AT,AKC,urban,2023-01-18 23:00:00+00:00,1,10.1305,8.95494582944038
AT,AKC,urban,2023-01-19 00:00:00+00:00,1,10.6275,9.099745177197452
AT,AKC,urban,2023-01-19 01:00:00+00:00,1,10.457,10.187332552568474
AT,AKC,urban,2023-01-19 02:00:00+00:00,1,9.77725,9.93967448936828
AT,AKC,urban,2023-01-19 03:00:00+00:00,1,11.786,9.288797879347463
AT,AKC,urban,2023-01-19 04:00:00+00:00,1,13.561,11.025274815227544
AT,AKC,urban,2023-01-19 05:00:00+00:00,1,13.31,12.587573290872601
AT,AKC,urban,2023-01-19 06:00:00+00:00,1,11.2025,12.442579290891398
AT,AKC,urban,2023-01-19 07:00:00+00:00,1,11.418,10.57709066342326
AT,AKC,urban,2023-01-19 08:00:00+00:00,1,10.186,10.616184686777462
AT,AKC,urban,2023-01-19 09:00:00+00:00,1,10.29605,9.47858597436672
AT,AKC,urban,2023-01-19 10:00:00+00:00,1,8.70335,9.53715941237635
AT,AKC,urban,2023-01-19 11:00:00+00:00,1,7.4804,8.027370049629656
AT,AKC,urban,2023-01-19 12:00:00+00:00,1,12.19405,7.174074066114564
AT,AKC,urban,2023-01-19 13:00:00+00:00,1,16.731,11.260739689969409
AT,AKC,urban,2023-01-19 14:00:00+00:00,1,19.1165,15.055394828153531
AT,AKC,urban,2023-01-19 15:00:00+00:00,1,18.8475,17.418024455625414
AT,AKC,urban,2023-01-19 16:00:00+00:00,1,18.1735,17.640273442918566
AT,AKC,urban,2023-01-19 17:00:00+00:00,1,18.259,17.209910427626706
AT,AKC,urban,2023-01-19 18:00:00+00:00,1,18.194,17.385634287263564
AT,AKC,urban,2023-01-19 19:00:00+00:00,1,18.134,17.506018650696355
AT,AKC,urban,2023-01-19 20:00:00+00:00,1,17.573,17.50078009103003
AT,AKC,urban,2023-01-19 21:00:00+00:00,1,15.5255,17.18071368577275
AT,AKC,urban,2023-01-19 22:00:00+00:00,1,13.1255,15.036004667634973
AT,AKC,urban,2023-01-19 23:00:00+00:00,1,14.1895,12.854170780239318
AT,AKC,urban,2023-01-20 00:00:00+00:00,1,15.693,14.080330276864963
AT,AKC,urban,2023-01-20 01:00:00+00:00,1,16.3,15.252143429906592
AT,AKC,urban,2023-01-20 02:00:00+00:00,1,13.7965,15.358552285561139
AT,AKC,urban,2023-01-20 03:00:00+00:00,1,15.019,13.269683484470452
AT,AKC,urban,2023-01-20 04:00:00+00:00,1,16.6735,14.787108999095746
AT,AKC,urban,2023-01-20 05:00:00+00:00,1,16.158,16.18492305551283
AT,AKC,urban,2023-01-20 06:00:00+00:00,1,15.4945,15.652278392568896
AT,AKC,urban,2023-01-20 07:00:00+00:00,1,15.1745,14.876218225247477
AT,AKC,urban,2023-01-20 08:00:00+00:00,1,12.9225,15.013082976295
AT,AKC,urban,2023-01-20 09:00:00+00:00,1,13.519,12.54842596177792
AT,AKC,urban,2023-01-20 10:00:00+00:00,1,14.4065,13.431285986475007
AT,AKC,urban,2023-01-20 11:00:00+00:00,1,13.345,13.847462462209261
AT,AKC,urban,2023-01-20 12:00:00+00:00,1,12.82,13.255355588623356
AT,AKC,urban,2023-01-20 13:00:00+00:00,1,13.432,12.714556197151726
AT,AKC,urban,2023-01-20 14:00:00+00:00,1,13.819,13.312709154522189
AT,AKC,urban,2023-01-20 15:00:00+00:00,1,13.887,13.696487816654475
AT,AKC,urban,2023-01-20 16:00:00+00:00,1,12.755,13.92314758200385
AT,AKC,urban,2023-01-20 17:00:00+00:00,1,13.2335,12.958867231843001
AT,AKC,urban,2023-01-20 18:00:00+00:00,1,15.7465,13.252529223220101
AT,AKC,urban,2023-01-20 19:00:00+00:00,1,16.799,15.194492272611427
AT,AKC,urban,2023-01-20 20:00:00+00:00,1,15.712,16.041165837182664
AT,AKC,urban,2023-01-20 21:00:00+00:00,1,16.1855,15.299188131029585
AT,AKC,urban,2023-01-20 22:00:00+00:00,1,13.7775,15.724058243572493
AT,AKC,urban,2023-01-20 23:00:00+00:00,1,12.8085,13.469510705901993
AT,AKC,urban,2023-01-21 00:00:00+00:00,1,9.801899,12.539747213580124
AT,AKC,urban,2023-01-21 01:00:00+00:00,1,9.3192,9.845034911363772
AT,AKC,urban,2023-01-21 02:00:00+00:00,1,8.800749,9.363578865789567
AT,AKC,urban,2023-01-21 03:00:00+00:00,1,9.3698,9.080492111734454
AT,AKC,urban,2023-01-21 04:00:00+00:00,1,8.5655,9.492509468688642
AT,AKC,urban,2023-01-21 05:00:00+00:00,1,8.320899,8.76869253349065
AT,AKC,urban,2023-01-21 06:00:00+00:00,1,7.396399,8.649485928932346
AT,AKC,urban,2023-01-21 07:00:00+00:00,1,6.4326,7.643839504011915
AT,AKC,urban,2023-01-21 08:00:00+00:00,1,6.23255,6.67530523710343
AT,AKC,urban,2023-01-21 09:00:00+00:00,1,5.928899,6.5317260116704325
AT,AKC,urban,2023-01-21 10:00:00+00:00,1,5.9846,6.175151998885948
AT,AKC,urban,2023-01-21 11:00:00+00:00,1,6.665349,6.314925636496074
AT,AKC,urban,2023-01-21 12:00:00+00:00,1,6.973549,7.191949883182236
AT,AKC,urban,2023-01-21 13:00:00+00:00,1,7.08885,7.405154347471527
AT,AKC,urban,2023-01-21 14:00:00+00:00,1,7.42195,7.668863613178317
AT,AKC,urban,2023-01-21 15:00:00+00:00,1,7.952099,8.097217736042396
AT,AKC,urban,2023-01-21 16:00:00+00:00,1,9.520849,8.410910682425502
AT,AKC,urban,2023-01-21 17:00:00+00:00,1,10.788,9.627130570693755
AT,AKC,urban,2023-01-21 18:00:00+00:00,1,11.9095,10.653860991369793
AT,AKC,urban,2023-01-21 19:00:00+00:00,1,12.565,11.706942473712008
AT,AKC,urban,2023-01-21 20:00:00+00:00,1,10.982,12.415398194209821
AT,AKC,urban,2023-01-21 21:00:00+00:00,1,11.284,10.99765901664723
AT,AKC,urban,2023-01-21 22:00:00+00:00,1,13.035,11.350295113239802
AT,AKC,urban,2023-01-21 23:00:00+00:00,1,14.64,12.654891064054912
AT,AKC,urban,2023-01-22 00:00:00+00:00,1,15.177,13.660141385942143
AT,AKC,urban,2023-01-22 01:00:00+00:00,1,17.0795,14.232867308703785
AT,AKC,urban,2023-01-22 02:00:00+00:00,1,16.623,15.875597944233668
AT,AKC,urban,2023-01-22 03:00:00+00:00,1,16.3385,15.491861635650107
AT,AKC,urban,2023-01-22 04:00:00+00:00,1,16.077,15.445233115553638
AT,AKC,urban,2023-01-22 05:00:00+00:00,1,13.9065,15.28942596464077
AT,AKC,urban,2023-01-22 06:00:00+00:00,1,10.502,13.253445365369291
AT,AKC,urban,2023-01-22 07:00:00+00:00,1,7.974699,10.07317947495875
AT,AKC,urban,2023-01-22 08:00:00+00:00,1,8.520799,8.041230679923551
AT,AKC,urban,2023-01-22 09:00:00+00:00,1,8.774299,8.35973753250418
AT,AKC,urban,2023-01-22 10:00:00+00:00,1,8.079999,8.600431715359086
AT,AKC,urban,2023-01-22 11:00:00+00:00,1,10.0451,8.160840424513356
AT,AKC,urban,2023-01-22 12:00:00+00:00,1,10.9205,9.901849548802563
AT,AKC,urban,2023-01-22 13:00:00+00:00,1,11.3585,10.741011342628582
AT,AKC,urban,2023-01-22 14:00:00+00:00,1,13.049,11.423783065693087
AT,AKC,urban,2023-01-22 15:00:00+00:00,1,15.5965,13.127329268201851
AT,AKC,urban,2023-01-22 16:00:00+00:00,1,15.6725,15.28269078794602
AT,AKC,urban,2023-01-22 17:00:00+00:00,1,15.9265,15.581864802027507
AT,AKC,urban,2023-01-22 18:00:00+00:00,1,16.32,16.120182247080567
AT,AKC,urban,2023-01-22 19:00:00+00:00,1,16.768,16.308955431079113
AT,AKC,urban,2023-01-22 20:00:00+00:00,1,16.86,16.80133948526676
AT,AKC,urban,2023-01-22 21:00:00+00:00,1,18.525,16.833661287847427
AT,AKC,urban,2023-01-22 22:00:00+00:00,1,19.9085,18.1659189703286
AT,AKC,urban,2023-01-22 23:00:00+00:00,1,19.3865,19.090855114949473
AT,AKC,urban,2023-01-23 00:00:00+00:00,1,20.504,18.74400989267141
AT,AKC,urban,2023-01-23 01:00:00+00:00,1,21.624,19.688257765862602
AT,AKC,urban,2023-01-23 02:00:00+00:00,1,22.5375,20.41703267545706
AT,AKC,urban,2023-01-23 03:00:00+00:00,1,23.4905,21.219285131481872
AT,AKC,urban,2023-01-23 04:00:00+00:00,1,19.8,22.116473815991405
AT,AKC,urban,2023-01-23 05:00:00+00:00,1,16.247,19.146379815875633
AT,AKC,urban,2023-01-23 06:00:00+00:00,1,15.733,16.166371169014973
AT,AKC,urban,2023-01-23 07:00:00+00:00,1,16.9455,15.688198648052758
AT,AKC,urban,2023-01-23 08:00:00+00:00,1,16.1965,16.684613176704083
AT,AKC,urban,2023-01-23 09:00:00+00:00,1,13.8265,16.06024474112511
AT,AKC,urban,2023-01-23 10:00:00+00:00,1,14.635,14.102632142152306
AT,AKC,urban,2023-01-23 11:00:00+00:00,1,14.826,14.894515127116598
AT,AKC,urban,2023-01-23 12:00:00+00:00,1,14.3295,15.109094672147886
AT,AKC,urban,2023-01-23 13:00:00+00:00,1,13.1005,14.787189597102316
AT,AKC,urban,2023-01-23 14:00:00+00:00,1,12.3935,13.673923628709982
AT,AKC,urban,2023-01-23 15:00:00+00:00,1,13.339,13.347065456572796
AT,AKC,urban,2023-01-23 16:00:00+00:00,1,14.4825,14.37577972751125
AT,AKC,urban,2023-01-23 17:00:00+00:00,1,15.5415,15.134545591915007
AT,AKC,urban,2023-01-23 18:00:00+00:00,1,16.6675,16.059435842222364
AT,AKC,urban,2023-01-23 19:00:00+00:00,1,16.8995,17.024618743999707
AT,AKC,urban,2023-01-23 20:00:00+00:00,1,16.14,17.28427785926433
AT,AKC,urban,2023-01-23 21:00:00+00:00,1,15.7565,16.672107715274887
AT,AKC,urban,2023-01-23 22:00:00+00:00,1,15.3425,16.402075859331237
AT,AKC,urban,2023-01-23 23:00:00+00:00,1,15.27,15.889664463959393
AT,AKC,urban,2023-01-24 00:00:00+00:00,1,14.8255,15.737588812777368
AT,AKC,urban,2023-01-24 01:00:00+00:00,1,14.408,15.230614142403716
AT,AKC,urban,2023-01-24 02:00:00+00:00,1,14.313,14.770136880957253
AT,AKC,urban,2023-01-24 03:00:00+00:00,1,15.4585,14.620965574857333
AT,AKC,urban,2023-01-24 04:00:00+00:00,1,16.638,15.550853004435897
AT,AKC,urban,2023-01-24 05:00:00+00:00,1,18.18,16.572794445502566
AT,AKC,urban,2023-01-24 06:00:00+00:00,1,18.922,17.930652143993328
AT,AKC,urban,2023-01-24 07:00:00+00:00,1,19.422,18.4546770084392
AT,AKC,urban,2023-01-24 08:00:00+00:00,1,19.8095,18.99808775050918
AT,AKC,urban,2023-01-24 09:00:00+00:00,1,18.504,19.255012891241833
AT,AKC,urban,2023-01-24 10:00:00+00:00,1,17.8165,18.089852919744935
AT,AKC,urban,2023-01-24 11:00:00+00:00,1,16.899,17.646403385017475
AT,AKC,urban,2023-01-24 12:00:00+00:00,1,15.66,17.020755657175947
AT,AKC,urban,2023-01-24 13:00:00+00:00,1,15.106,15.787051843199627
AT,AKC,urban,2023-01-24 14:00:00+00:00,1,14.409,15.53379176937375
AT,AKC,urban,2023-01-24 15:00:00+00:00,1,13.6555,15.020911180772433
AT,AKC,urban,2023-01-24 16:00:00+00:00,1,14.179,14.236382276908433
AT,AKC,urban,2023-01-24 17:00:00+00:00,1,14.551,14.804875322049185
AT,AKC,urban,2023-01-24 18:00:00+00:00,1,14.0595,14.985407092272343
AT,AKC,urban,2023-01-24 19:00:00+00:00,1,13.8015,14.608781048560854
AT,AKC,urban,2023-01-24 20:00:00+00:00,1,14.0615,14.314514801841288
AT,AKC,urban,2023-01-24 21:00:00+00:00,1,14.1775,14.54725740561691
AT,AKC,urban,2023-01-24 22:00:00+00:00,1,12.9025,14.696690991453398
AT,AKC,urban,2023-01-24 23:00:00+00:00,1,12.2175,13.469860596968218
AT,AKC,urban,2023-01-25 00:00:00+00:00,1,12.294,12.845861699623669
AT,AKC,urban,2023-01-25 01:00:00+00:00,1,12.943,12.908429369447084
AT,AKC,urban,2023-01-25 02:00:00+00:00,1,13.376,13.445719707705631
AT,AKC,urban,2023-01-25 03:00:00+00:00,1,14.9275,13.737152868393576
AT,AKC,urban,2023-01-25 04:00:00+00:00,1,15.56,15.105288596636964
AT,AKC,urban,2023-01-25 05:00:00+00:00,1,14.3765,15.896337669247888
AT,AKC,urban,2023-01-25 06:00:00+00:00,1,15.285,14.971695273040673
AT,AKC,urban,2023-01-25 07:00:00+00:00,1,14.6195,15.758486113333412
AT,AKC,urban,2023-01-25 08:00:00+00:00,1,12.797,14.959645935374752
AT,AKC,urban,2023-01-25 09:00:00+00:00,1,12.307,12.989155765675243
AT,AKC,urban,2023-01-25 10:00:00+00:00,1,14.08,12.450047842986002
AT,AKC,urban,2023-01-25 11:00:00+00:00,1,14.4265,14.127424765174538
AT,AKC,urban,2023-01-25 12:00:00+00:00,1,15.243,14.399907775446454
AT,AKC,urban,2023-01-25 13:00:00+00:00,1,15.3875,15.315140017662603
AT,AKC,urban,2023-01-25 14:00:00+00:00,1,16.1685,15.468445232283752
AT,AKC,urban,2023-01-25 15:00:00+00:00,1,16.737,16.26929167697265
AT,AKC,urban,2023-01-25 16:00:00+00:00,1,18.0385,16.5077114685783
AT,AKC,urban,2023-01-25 17:00:00+00:00,1,18.872,17.739353929043798
AT,AKC,urban,2023-01-25 18:00:00+00:00,1,21.333,18.564402723917162
AT,AKC,urban,2023-01-25 19:00:00+00:00,1,22.148,20.737211507436907
AT,AKC,urban,2023-01-25 20:00:00+00:00,1,21.675,21.571526272244117
AT,AKC,urban,2023-01-25 21:00:00+00:00,1,15.0715,21.27969471291563
AT,AKC,urban,2023-01-25 22:00:00+00:00,1,11.102,15.222289676527101
AT,AKC,urban,2023-01-25 23:00:00+00:00,1,8.5578,11.46126275753793
AT,AKC,urban,2023-01-26 00:00:00+00:00,1,8.744299,9.388122785844399
AT,AKC,urban,2023-01-26 01:00:00+00:00,1,9.3759,9.650078889998547
AT,AKC,urban,2023-01-26 02:00:00+00:00,1,10.4785,10.192986876967424
AT,AKC,urban,2023-01-26 03:00:00+00:00,1,11.0175,10.952703610124004
AT,AKC,urban,2023-01-26 04:00:00+00:00,1,12.3205,11.418439884487501
AT,AKC,urban,2023-01-26 05:00:00+00:00,1,13.706,13.08650524813968
AT,AKC,urban,2023-01-26 06:00:00+00:00,1,14.71,14.68341248556315
AT,AKC,urban,2023-01-26 07:00:00+00:00,1,17.178,15.200680147819735
AT,AKC,urban,2023-01-26 08:00:00+00:00,1,17.8585,16.88581232278447
AT,AKC,urban,2023-01-26 09:00:00+00:00,1,18.0745,17.5760281508802
AT,AKC,urban,2023-01-26 10:00:00+00:00,1,18.07,18.008112086011966
AT,AKC,urban,2023-01-26 11:00:00+00:00,1,21.321,17.737443840552114
AT,AKC,urban,2023-01-26 12:00:00+00:00,1,21.31,20.89567584953621
AT,AKC,urban,2023-01-26 13:00:00+00:00,1,20.363,20.802331520504953
AT,AKC,urban,2023-01-26 14:00:00+00:00,1,17.6915,20.3403535511856
AT,AKC,urban,2023-01-26 15:00:00+00:00,1,15.5,18.053292770938747
AT,AKC,urban,2023-01-26 16:00:00+00:00,1,15.911,15.842288601895891
AT,AKC,urban,2023-01-26 17:00:00+00:00,1,15.8995,16.261080613423378
AT,AKC,urban,2023-01-26 18:00:00+00:00,1,12.8425,15.797072758834528
AT,AKC,urban,2023-01-26 19:00:00+00:00,1,10.992,13.046743906864886
AT,AKC,urban,2023-01-26 20:00:00+00:00,1,11.9105,11.346688323533467
AT,AKC,urban,2023-01-26 21:00:00+00:00,1,12.106,12.185851643026233
AT,AKC,urban,2023-01-26 22:00:00+00:00,1,11.6545,12.310007982730621
AT,AKC,urban,2023-01-26 23:00:00+00:00,1,8.707149,11.960799780031707
AT,AKC,urban,2023-01-27 00:00:00+00:00,1,7.909399,9.278595268099387
AT,AKC,urban,2023-01-27 01:00:00+00:00,1,11.4585,8.55583570375671
AT,AKC,urban,2023-01-27 02:00:00+00:00,1,12.041,11.415207067374652
AT,AKC,urban,2023-01-27 03:00:00+00:00,1,11.4455,11.691053674942491
AT,AKC,urban,2023-01-27 04:00:00+00:00,1,10.7705,11.86063760413128
AT,AKC,urban,2023-01-27 05:00:00+00:00,1,11.9525,11.508841785279952
AT,AKC,urban,2023-01-27 06:00:00+00:00,1,13.1175,12.546570420228178
AT,AKC,urban,2023-01-27 07:00:00+00:00,1,14.125,13.200857519017454
AT,AKC,urban,2023-01-27 08:00:00+00:00,1,16.358,13.975825444680677
AT,AKC,urban,2023-01-27 09:00:00+00:00,1,17.777,15.652173551624138
AT,AKC,urban,2023-01-27 10:00:00+00:00,1,18.683,16.769437795214415
AT,AKC,urban,2023-01-27 11:00:00+00:00,1,18.894,17.65495414584224
AT,AKC,urban,2023-01-27 12:00:00+00:00,1,19.4865,18.097792013447886
AT,AKC,urban,2023-01-27 13:00:00+00:00,1,22.044,18.751145304227066
AT,AKC,urban,2023-01-27 14:00:00+00:00,1,23.8235,20.64421453921029
AT,AKC,urban,2023-01-27 15:00:00+00:00,1,23.28,22.505100320811184
AT,AKC,urban,2023-01-27 16:00:00+00:00,1,20.061,22.154973670685283
AT,AKC,urban,2023-01-27 17:00:00+00:00,1,19.993,19.210532105459336
AT,AKC,urban,2023-01-27 18:00:00+00:00,1,19.56,19.03427272017743
AT,AKC,urban,2023-01-27 19:00:00+00:00,1,19.825,18.837759329808904
AT,AKC,urban,2023-01-27 20:00:00+00:00,1,19.6415,19.124597179174472
AT,AKC,urban,2023-01-27 21:00:00+00:00,1,19.1045,18.90028633918864
AT,AKC,urban,2023-01-27 22:00:00+00:00,1,18.3915,18.486382006492768
AT,AKC,urban,2023-01-27 23:00:00+00:00,1,18.0395,17.77377947730156
AT,AKC,urban,2023-01-28 00:00:00+00:00,1,19.916,17.461615946819816
AT,AKC,urban,2023-01-28 01:00:00+00:00,1,20.2295,19.06496197137676
AT,AKC,urban,2023-01-28 02:00:00+00:00,1,20.2755,19.08289163243795
AT,AKC,urban,2023-01-28 03:00:00+00:00,1,20.9485,19.309727677130788
AT,AKC,urban,2023-01-28 04:00:00+00:00,1,19.48,20.0381271746064
AT,AKC,urban,2023-01-28 05:00:00+00:00,1,18.4775,18.981464361219242
AT,AKC,urban,2023-01-28 06:00:00+00:00,1,19.7115,18.244399570934004
AT,AKC,urban,2023-01-28 07:00:00+00:00,1,19.2885,19.381079843342782
AT,AKC,urban,2023-01-28 08:00:00+00:00,1,18.4545,19.08099602595962
AT,AKC,urban,2023-01-28 09:00:00+00:00,1,17.9605,18.41030010165116
AT,AKC,urban,2023-01-28 10:00:00+00:00,1,19.65,17.878777122296203
AT,AKC,urban,2023-01-28 11:00:00+00:00,1,18.2305,19.47043729086055
AT,AKC,urban,2023-01-28 12:00:00+00:00,1,18.2605,18.116666721003014
AT,AKC,urban,2023-01-28 13:00:00+00:00,1,17.6945,18.302302609265887
AT,AKC,urban,2023-01-28 14:00:00+00:00,1,17.674,17.816298087171088
AT,AKC,urban,2023-01-28 15:00:00+00:00,1,16.8865,17.884015201270117
AT,AKC,urban,2023-01-28 16:00:00+00:00,1,16.431,17.19885448595347
AT,AKC,urban,2023-01-28 17:00:00+00:00,1,13.1115,16.787888862749924
AT,AKC,urban,2023-01-28 18:00:00+00:00,1,12.2525,13.722209404724033
AT,AKC,urban,2023-01-28 19:00:00+00:00,1,11.927,13.194181891014889
AT,AKC,urban,2023-01-28 20:00:00+00:00,1,10.8235,12.704147123279085
AT,AKC,urban,2023-01-28 21:00:00+00:00,1,10.2065,11.673362675839918
AT,AKC,urban,2023-01-28 22:00:00+00:00,1,9.9941,10.893267659031036
AT,AKC,urban,2023-01-28 23:00:00+00:00,1,9.8176,10.756121357665382
AT,AKC,urban,2023-01-29 00:00:00+00:00,1,9.39245,10.567521738373625
AT,AKC,urban,2023-01-29 01:00:00+00:00,1,9.091699,10.187230371904636
AT,AKC,urban,2023-01-29 02:00:00+00:00,1,9.61365,9.831769970536595
AT,AKC,urban,2023-01-29 03:00:00+00:00,1,9.674799,10.20230644643485
AT,AKC,urban,2023-01-29 04:00:00+00:00,1,9.116649,10.286000580990244
AT,AKC,urban,2023-01-29 05:00:00+00:00,1,10.1275,9.694100433746854
AT,AKC,urban,2023-01-29 06:00:00+00:00,1,10.73,10.637981840764919
AT,AKC,urban,2023-01-29 07:00:00+00:00,1,11.966,10.920330385183735
AT,AKC,urban,2023-01-29 08:00:00+00:00,1,13.457,11.836862288373052
AT,AKC,urban,2023-01-29 09:00:00+00:00,1,14.9745,12.903403111567947
AT,AKC,urban,2023-01-29 10:00:00+00:00,1,15.1935,14.14916242530586
AT,AKC,urban,2023-01-29 11:00:00+00:00,1,15.4915,14.453601904442284
AT,AKC,urban,2023-01-29 12:00:00+00:00,1,15.3945,15.094397750369922
AT,AKC,urban,2023-01-29 13:00:00+00:00,1,15.043,15.14781593900371
AT,AKC,urban,2023-01-29 14:00:00+00:00,1,15.7535,14.950647617955315
AT,AKC,urban,2023-01-29 15:00:00+00:00,1,15.3455,16.15988075354259
AT,AKC,urban,2023-01-29 16:00:00+00:00,1,14.71,15.553088768352634
AT,AKC,urban,2023-01-29 17:00:00+00:00,1,13.8485,15.002960021351214
AT,AKC,urban,2023-01-29 18:00:00+00:00,1,13.103,14.412251653050397
AT,AKC,urban,2023-01-29 19:00:00+00:00,1,13.6265,13.33790847978193
AT,AKC,urban,2023-01-29 20:00:00+00:00,1,15.2615,13.913790296998584
AT,AKC,urban,2023-01-29 21:00:00+00:00,1,16.6125,15.047484640809731
AT,AKC,urban,2023-01-29 22:00:00+00:00,1,17.3035,15.990541789701396
AT,AKC,urban,2023-01-29 23:00:00+00:00,1,17.8625,16.51912215017883
AT,AKC,urban,2023-01-30 00:00:00+00:00,1,18.2435,17.13984730374176
AT,AKC,urban,2023-01-30 01:00:00+00:00,1,17.7315,17.506287694261708
AT,AKC,urban,2023-01-30 02:00:00+00:00,1,16.2525,17.231369653506437
AT,AKC,urban,2023-01-30 03:00:00+00:00,1,16.7395,15.936821494901071
AT,AKC,urban,2023-01-30 04:00:00+00:00,1,17.9755,16.519745264999706
AT,AKC,urban,2023-01-30 05:00:00+00:00,1,17.344,17.574232949174938
AT,AKC,urban,2023-01-30 06:00:00+00:00,1,15.774,17.017893052615094
AT,AKC,urban,2023-01-30 07:00:00+00:00,1,15.1585,15.707140496226053
AT,AKC,urban,2023-01-30 08:00:00+00:00,1,12.648,14.858113348800266
AT,AKC,urban,2023-01-30 09:00:00+00:00,1,8.5247,12.376109546360333
AT,AKC,urban,2023-01-30 10:00:00+00:00,1,7.522349,8.642287183612297
AT,AKC,urban,2023-01-30 11:00:00+00:00,1,7.59875,7.7316118986069
AT,AKC,urban,2023-01-30 12:00:00+00:00,1,7.87615,7.786236518761314
AT,AKC,urban,2023-01-30 13:00:00+00:00,1,6.90075,8.145819719661393
AT,AKC,urban,2023-01-30 14:00:00+00:00,1,7.398149,7.32260672604756
AT,AKC,urban,2023-01-30 15:00:00+00:00,1,7.7817,7.641764666018723
AT,AKC,urban,2023-01-30 16:00:00+00:00,1,6.4941,8.17153705203366
AT,AKC,urban,2023-01-30 17:00:00+00:00,1,7.2673,6.819052619068728
AT,AKC,urban,2023-01-30 18:00:00+00:00,1,7.368149,7.647801100222534
AT,AKC,urban,2023-01-30 19:00:00+00:00,1,6.660599,7.5824844845096635
AT,AKC,urban,2023-01-30 20:00:00+00:00,1,6.813449,7.006009561253453
AT,AKC,urban,2023-01-30 21:00:00+00:00,1,5.23945,7.077689931767445
AT,AKC,urban,2023-01-30 22:00:00+00:00,1,4.3723,5.622519006382294
AT,AKC,urban,2023-01-30 23:00:00+00:00,1,3.8571,4.791622886894476
AT,AKC,urban,2023-01-31 00:00:00+00:00,1,4.869599,4.309799963171969
AT,AKC,urban,2023-01-31 01:00:00+00:00,1,5.0977,5.089589604449866
AT,AKC,urban,2023-01-31 02:00:00+00:00,1,4.69435,5.153269362747817
AT,AKC,urban,2023-01-31 03:00:00+00:00,1,3.825049,4.95014999744944
AT,AKC,urban,2023-01-31 04:00:00+00:00,1,3.4832,3.8969929856340393
AT,AKC,urban,2023-01-31 05:00:00+00:00,1,3.425649,3.4722574188120596
AT,AKC,urban,2023-01-31 06:00:00+00:00,1,4.05675,3.655534853313309
AT,AKC,urban,2023-01-31 07:00:00+00:00,1,3.1452,4.149901314627964
AT,AKC,urban,2023-01-31 08:00:00+00:00,1,6.633699,2.969603346783579
AT,AKC,urban,2023-01-31 09:00:00+00:00,1,5.987099,6.215713730134137
AT,AKC,urban,2023-01-31 10:00:00+00:00,1,5.3934,5.243890399490304
AT,AKC,urban,2023-01-31 11:00:00+00:00,1,6.60575,5.0498618143884855
AT,AKC,urban,2023-01-31 12:00:00+00:00,1,6.427849,6.363129853158192
AT,AKC,urban,2023-01-31 13:00:00+00:00,1,5.623849,5.9718105922790095
AT,AKC,urban,2023-01-31 14:00:00+00:00,1,5.517099,5.522117403014136
AT,AKC,urban,2023-01-31 15:00:00+00:00,1,6.53775,5.63341335438254
AT,AKC,urban,2023-01-31 16:00:00+00:00,1,5.908299,6.590702300167564
AT,AKC,urban,2023-01-31 17:00:00+00:00,1,5.5297,5.675752860098456
AT,AKC,urban,2023-01-31 18:00:00+00:00,1,6.1079,5.376984389888058
AT,AKC,urban,2023-01-31 19:00:00+00:00,1,5.979149,5.765883490529092
AT,AKC,urban,2023-01-31 20:00:00+00:00,1,6.318049,5.6325748913262785
AT,AKC,urban,2023-01-31 21:00:00+00:00,1,5.447949,5.907050067063743
AT,AKC,urban,2023-01-31 22:00:00+00:00,1,4.269149,5.066869602764925
AT,AKC,urban,2023-01-31 23:00:00+00:00,1,3.398699,4.041185117980383
AT,AKC,urban,2023-02-01 00:00:00+00:00,1,3.86905,3.385716784221426
AT,AKC,urban,2023-02-01 01:00:00+00:00,1,3.9344,3.6538902695247586
AT,AKC,urban,2023-02-01 02:00:00+00:00,1,3.959599,3.7374714306832857
AT,AKC,urban,2023-02-01 03:00:00+00:00,1,5.404,3.871549613143415
AT,AKC,urban,2023-02-01 04:00:00+00:00,1,5.4134,5.098439944163058
AT,AKC,urban,2023-02-01 05:00:00+00:00,1,5.86005,5.277650800618762
AT,AKC,urban,2023-02-01 06:00:00+00:00,1,5.532449,5.995709722562701
AT,AKC,urban,2023-02-01 07:00:00+00:00,1,6.069649,5.562712401369808
AT,AKC,urban,2023-02-01 08:00:00+00:00,1,6.25985,6.035152268006307
AT,AKC,urban,2023-02-01 09:00:00+00:00,1,4.489999,5.934553925670318
AT,AKC,urban,2023-02-01 10:00:00+00:00,1,4.410449,4.381506344819641
AT,AKC,urban,2023-02-01 11:00:00+00:00,1,3.821,4.468528944728078
AT,AKC,urban,2023-02-01 12:00:00+00:00,1,3.3087,4.258459496139022
AT,AKC,urban,2023-02-01 13:00:00+00:00,1,2.357699,3.4258803811189686
AT,AKC,urban,2023-02-01 14:00:00+00:00,1,2.7374,2.6589834328136064
AT,AKC,urban,2023-02-01 15:00:00+00:00,1,3.76725,3.1012330227050313
AT,AKC,urban,2023-02-01 16:00:00+00:00,1,5.509449,3.9716499103104255
AT,AKC,urban,2023-02-01 17:00:00+00:00,1,5.9081,5.33035536300639
AT,AKC,urban,2023-02-01 18:00:00+00:00,1,5.948349,5.547501654713905
AT,AKC,urban,2023-02-01 19:00:00+00:00,1,5.09465,5.772197947000038
AT,AKC,urban,2023-02-01 20:00:00+00:00,1,4.75845,4.941374287781102
AT,AKC,urban,2023-02-01 21:00:00+00:00,1,4.328999,4.547932646876276
AT,AKC,urban,2023-02-01 22:00:00+00:00,1,2.802299,4.151622813144499
AT,AKC,urban,2023-02-01 23:00:00+00:00,1,0.855939,2.7590453598834053
AT,AKC,urban,2023-02-02 00:00:00+00:00,1,0.83735,1.542942319808077
AT,AKC,urban,2023-02-02 01:00:00+00:00,1,0.716915,0.92010554120181
AT,AKC,urban,2023-02-02 02:00:00+00:00,1,1.104475,1.3483037046037474
AT,AKC,urban,2023-02-02 03:00:00+00:00,1,1.534299,1.6845639237238998
AT,AKC,urban,2023-02-02 04:00:00+00:00,1,1.83585,1.9492264432970678
AT,AKC,urban,2023-02-02 05:00:00+00:00,1,2.23115,2.5389394479491507
AT,AKC,urban,2023-02-02 06:00:00+00:00,1,2.541649,2.7657491929634794
AT,AKC,urban,2023-02-02 07:00:00+00:00,1,3.2835,2.831540147677856
AT,AKC,urban,2023-02-02 08:00:00+00:00,1,3.316699,3.3173583874774515
AT,AKC,urban,2023-02-02 09:00:00+00:00,1,3.359899,3.163263148179844
AT,AKC,urban,2023-02-02 10:00:00+00:00,1,3.60235,3.2455766399673927
AT,AKC,urban,2023-02-02 11:00:00+00:00,1,4.095849,3.6455672012452176
AT,AKC,urban,2023-02-02 12:00:00+00:00,1,4.245699,4.5455367203554715
AT,AKC,urban,2023-02-02 13:00:00+00:00,1,3.40535,4.333653237693952
AT,AKC,urban,2023-02-02 14:00:00+00:00,1,2.83065,3.6881563111353657
AT,AKC,urban,2023-02-02 15:00:00+00:00,1,2.964099,3.366687475150318
AT,AKC,urban,2023-02-02 16:00:00+00:00,1,3.5913,3.432422648076326
AT,AKC,urban,2023-02-02 17:00:00+00:00,1,3.776,3.8884167996527133
AT,AKC,urban,2023-02-02 18:00:00+00:00,1,3.984799,4.010824626525345
AT,AKC,urban,2023-02-02 19:00:00+00:00,1,4.5521,4.1956649146681215
AT,AKC,urban,2023-02-02 20:00:00+00:00,1,5.090149,4.66049194701942
AT,AKC,urban,2023-02-02 21:00:00+00:00,1,5.37405,5.162290552010891
AT,AKC,urban,2023-02-02 22:00:00+00:00,1,5.53095,5.35692162649044
AT,AKC,urban,2023-02-02 23:00:00+00:00,1,5.984299,5.523386117321216
AT,AKC,urban,2023-02-03 00:00:00+00:00,1,5.8211,5.855174043408979
AT,AKC,urban,2023-02-03 01:00:00+00:00,1,3.359699,5.775469656969847
AT,AKC,urban,2023-02-03 02:00:00+00:00,1,1.344099,3.640264251503627
AT,AKC,urban,2023-02-03 03:00:00+00:00,1,0.919129,1.9305672633785917
AT,AKC,urban,2023-02-03 04:00:00+00:00,1,1.34315,1.52208256301277
AT,AKC,urban,2023-02-03 05:00:00+00:00,1,1.6316,1.972660491018189
AT,AKC,urban,2023-02-03 06:00:00+00:00,1,1.85985,1.9520724936668046
AT,AKC,urban,2023-02-03 07:00:00+00:00,1,2.44435,2.0491648484501503
AT,AKC,urban,2023-02-03 08:00:00+00:00,1,2.91035,2.3924308297025085
AT,AKC,urban,2023-02-03 09:00:00+00:00,1,2.38975,2.7373429418994704
AT,AKC,urban,2023-02-03 10:00:00+00:00,1,2.3077,2.1640454008273764
AT,AKC,urban,2023-02-03 11:00:00+00:00,1,2.27915,2.289742876183091
AT,AKC,urban,2023-02-03 12:00:00+00:00,1,2.09975,2.2266796809395153
AT,AKC,urban,2023-02-03 13:00:00+00:00,1,2.40525,2.0540901448472937
AT,AKC,urban,2023-02-03 14:00:00+00:00,1,2.466,2.4152673850371187
AT,AKC,urban,2023-02-03 15:00:00+00:00,1,2.318099,2.6397107275379597
AT,AKC,urban,2023-02-03 16:00:00+00:00,1,2.66365,2.655773855226194
AT,AKC,urban,2023-02-03 17:00:00+00:00,1,2.10485,2.9459918794858027
AT,AKC,urban,2023-02-03 18:00:00+00:00,1,1.55585,2.159155143357605
AT,AKC,urban,2023-02-03 19:00:00+00:00,1,2.443799,1.7537038328615395
AT,AKC,urban,2023-02-03 20:00:00+00:00,1,3.48075,2.8255958561468084
AT,AKC,urban,2023-02-03 21:00:00+00:00,1,3.254149,3.4175768873628236
AT,AKC,urban,2023-02-03 22:00:00+00:00,1,3.4972,3.2577664677596907
AT,AKC,urban,2023-02-03 23:00:00+00:00,1,3.49795,3.3526351179607055
AT,AKC,urban,2023-02-04 00:00:00+00:00,1,3.151499,3.386820579857236
AT,AKC,urban,2023-02-04 01:00:00+00:00,1,2.76775,3.084696247654552
AT,AKC,urban,2023-02-04 02:00:00+00:00,1,2.236199,2.5779340222124425
AT,AKC,urban,2023-02-04 03:00:00+00:00,1,1.3966,2.1830921155034204
AT,AKC,urban,2023-02-04 04:00:00+00:00,1,1.786599,1.3894954583027364
AT,AKC,urban,2023-02-04 05:00:00+00:00,1,3.04375,1.8854620477798392
AT,AKC,urban,2023-02-04 06:00:00+00:00,1,3.757699,2.9742347386583496
AT,AKC,urban,2023-02-04 07:00:00+00:00,1,2.910049,3.5490048998033465
AT,AKC,urban,2023-02-04 08:00:00+00:00,1,2.585799,2.803562256114656
AT,AKC,urban,2023-02-04 09:00:00+00:00,1,3.116349,2.541686572786219
AT,AKC,urban,2023-02-04 10:00:00+00:00,1,2.992049,3.0255881344727484
AT,AKC,urban,2023-02-04 11:00:00+00:00,1,2.90775,2.944263217177234
AT,AKC,urban,2023-02-04 12:00:00+00:00,1,3.01055,3.040292997342725
AT,AKC,urban,2023-02-04 13:00:00+00:00,1,2.89175,3.192823635812072
AT,AKC,urban,2023-02-04 14:00:00+00:00,1,3.2322,3.200760829346919
AT,AKC,urban,2023-02-04 15:00:00+00:00,1,3.154399,3.5349434736552965
AT,AKC,urban,2023-02-04 16:00:00+00:00,1,2.923299,3.398242913414787
AT,AKC,urban,2023-02-04 17:00:00+00:00,1,3.382699,3.3311700849384707
AT,AKC,urban,2023-02-04 18:00:00+00:00,1,3.8973,3.713874324752741
AT,AKC,urban,2023-02-04 19:00:00+00:00,1,4.396049,4.221274310266896
AT,AKC,urban,2023-02-04 20:00:00+00:00,1,3.706099,4.7390198579869605
AT,AKC,urban,2023-02-04 21:00:00+00:00,1,3.945749,4.2406701539050005
AT,AKC,urban,2023-02-04 22:00:00+00:00,1,3.597149,4.410170580007392
AT,AKC,urban,2023-02-04 23:00:00+00:00,1,3.666949,3.96780383713293
AT,AKC,urban,2023-02-05 00:00:00+00:00,1,3.618499,3.8477980346511274
AT,AKC,urban,2023-02-05 01:00:00+00:00,1,3.320199,3.865927456345233
AT,AKC,urban,2023-02-05 02:00:00+00:00,1,3.424049,3.6318885024274827
AT,AKC,urban,2023-02-05 03:00:00+00:00,1,3.13385,3.736320470392794
AT,AKC,urban,2023-02-05 04:00:00+00:00,1,3.229199,3.5237224026558565
AT,AKC,urban,2023-02-05 05:00:00+00:00,1,3.080749,3.6040371192701883
AT,AKC,urban,2023-02-05 06:00:00+00:00,1,3.1222,3.521119246957351
AT,AKC,urban,2023-02-05 07:00:00+00:00,1,3.6087,3.557063377147454
AT,AKC,urban,2023-02-05 08:00:00+00:00,1,3.892199,3.930613916230758
AT,AKC,urban,2023-02-05 09:00:00+00:00,1,3.970799,4.177247474162172
AT,AKC,urban,2023-02-05 10:00:00+00:00,1,3.62625,4.213350911952556
AT,AKC,urban,2023-02-05 11:00:00+00:00,1,3.723449,3.9813465232992087
AT,AKC,urban,2023-02-05 12:00:00+00:00,1,4.885149,4.155490293232862
AT,AKC,urban,2023-02-05 13:00:00+00:00,1,6.138549,5.149664176132831
AT,AKC,urban,2023-02-05 14:00:00+00:00,1,6.50985,6.146312137439292
AT,AKC,urban,2023-02-05 15:00:00+00:00,1,8.23925,6.850514093017036
AT,AKC,urban,2023-02-05 16:00:00+00:00,1,9.924799,8.652287378572641
AT,AKC,urban,2023-02-05 17:00:00+00:00,1,10.146,10.338657224726703
AT,AKC,urban,2023-02-05 18:00:00+00:00,1,10.7285,9.746112400570237
AT,AKC,urban,2023-02-05 19:00:00+00:00,1,12.55,10.672319787062484
AT,AKC,urban,2023-02-05 20:00:00+00:00,1,11.904,12.130833819394017
AT,AKC,urban,2023-02-05 21:00:00+00:00,1,11.545,11.55236707600461
AT,AKC,urban,2023-02-05 22:00:00+00:00,1,10.8165,11.502185158412143
AT,AKC,urban,2023-02-05 23:00:00+00:00,1,11.1605,10.72631934248502
AT,AKC,urban,2023-02-06 00:00:00+00:00,1,11.8115,10.97958361580313
AT,AKC,urban,2023-02-06 01:00:00+00:00,1,12.5035,11.530285686640955
AT,AKC,urban,2023-02-06 02:00:00+00:00,1,12.64,12.108187549487905
AT,AKC,urban,2023-02-06 03:00:00+00:00,1,12.7255,12.271270794859461
AT,AKC,urban,2023-02-06 04:00:00+00:00,1,13.756,12.404813152091059
AT,AKC,urban,2023-02-06 05:00:00+00:00,1,13.7715,13.67599227317617
AT,AKC,urban,2023-02-06 06:00:00+00:00,1,14.705,13.481729730213804
AT,AKC,urban,2023-02-06 07:00:00+00:00,1,13.54,14.235915222810789
AT,AKC,urban,2023-02-06 08:00:00+00:00,1,13.07,13.038847524103264
AT,AKC,urban,2023-02-06 09:00:00+00:00,1,12.7755,12.642812909378371
AT,AKC,urban,2023-02-06 10:00:00+00:00,1,13.704,12.145014000638405
AT,AKC,urban,2023-02-06 11:00:00+00:00,1,14.809,13.294229271130245
AT,AKC,urban,2023-02-06 12:00:00+00:00,1,15.034,14.490452901335015
AT,AKC,urban,2023-02-06 13:00:00+00:00,1,13.723,14.744987269416306
AT,AKC,urban,2023-02-06 14:00:00+00:00,1,15.4895,13.592645868118957
AT,AKC,urban,2023-02-06 15:00:00+00:00,1,16.055,15.94131285653505
AT,AKC,urban,2023-02-06 16:00:00+00:00,1,16.8875,16.69190427268442
AT,AKC,urban,2023-02-06 17:00:00+00:00,1,19.101,17.221498741510075
AT,AKC,urban,2023-02-06 18:00:00+00:00,1,21.263,18.99908621829422
AT,AKC,urban,2023-02-06 19:00:00+00:00,1,23.4335,20.559991022774227
AT,AKC,urban,2023-02-06 20:00:00+00:00,1,24.6255,22.09292420226931
AT,AKC,urban,2023-02-06 21:00:00+00:00,1,23.8265,23.88431201594338
AT,AKC,urban,2023-02-06 22:00:00+00:00,1,27.8095,22.673692631043185
AT,AKC,urban,2023-02-06 23:00:00+00:00,1,30.84,26.260168258162047
AT,AKC,urban,2023-02-07 00:00:00+00:00,1,32.3055,28.35429963354177
AT,AKC,urban,2023-02-07 01:00:00+00:00,1,33.4385,30.01509965691002
AT,AKC,urban,2023-02-07 02:00:00+00:00,1,33.1275,31.3012192147807
AT,AKC,urban,2023-02-07 03:00:00+00:00,1,32.1415,31.196641869221093
AT,AKC,urban,2023-02-07 04:00:00+00:00,1,30.9695,30.739288055280255
AT,AKC,urban,2023-02-07 05:00:00+00:00,1,31.697,29.956416341914224
AT,AKC,urban,2023-02-07 06:00:00+00:00,1,30.256,31.048688597152502
AT,AKC,urban,2023-02-07 07:00:00+00:00,1,27.995,28.856808055408372
AT,AKC,urban,2023-02-07 08:00:00+00:00,1,25.6855,26.442510812747166
AT,AKC,urban,2023-02-07 09:00:00+00:00,1,23.467,24.458990787943367
AT,AKC,urban,2023-02-07 10:00:00+00:00,1,23.79,22.69571456534404
AT,AKC,urban,2023-02-07 11:00:00+00:00,1,22.08,23.170668190381658
AT,AKC,urban,2023-02-07 12:00:00+00:00,1,21.704,21.70871359782425
AT,AKC,urban,2023-02-07 13:00:00+00:00,1,22.08,21.55729934908372
AT,AKC,urban,2023-02-07 14:00:00+00:00,1,21.66,22.237658186911673
AT,AKC,urban,2023-02-07 15:00:00+00:00,1,23.4905,21.904823862572812
AT,AKC,urban,2023-02-07 16:00:00+00:00,1,25.1235,24.06090680965962
AT,AKC,urban,2023-02-07 17:00:00+00:00,1,24.101,25.1843629850322
AT,AKC,urban,2023-02-07 18:00:00+00:00,1,21.9105,24.57769544401538
AT,AKC,urban,2023-02-07 19:00:00+00:00,1,19.2505,22.171144647995096
AT,AKC,urban,2023-02-07 20:00:00+00:00,1,17.767,19.967762090516956
AT,AKC,urban,2023-02-07 21:00:00+00:00,1,18.144,18.732030715727305
AT,AKC,urban,2023-02-07 22:00:00+00:00,1,19.2945,19.238932247817285
AT,AKC,urban,2023-02-07 23:00:00+00:00,1,20.609,20.05369191749911
AT,AKC,urban,2023-02-08 00:00:00+00:00,1,23.5805,20.678940765875442
AT,AKC,urban,2023-02-08 01:00:00+00:00,1,25.16,23.13158295154876
AT,AKC,urban,2023-02-08 02:00:00+00:00,1,25.0945,24.57718411841482
AT,AKC,urban,2023-02-08 03:00:00+00:00,1,26.479,24.93591287274098
AT,AKC,urban,2023-02-08 04:00:00+00:00,1,27.353,26.44615215855399
AT,AKC,urban,2023-02-08 05:00:00+00:00,1,28.227,28.112558278908764
AT,AKC,urban,2023-02-08 06:00:00+00:00,1,31.216,29.029683581174872
AT,AKC,urban,2023-02-08 07:00:00+00:00,1,31.919,29.87841464103847
AT,AKC,urban,2023-02-08 08:00:00+00:00,1,33.991,30.138531420696786
AT,AKC,urban,2023-02-08 09:00:00+00:00,1,34.4635,32.353106897353165
AT,AKC,urban,2023-02-08 10:00:00+00:00,1,32.6885,32.86768840481556
AT,AKC,urban,2023-02-08 11:00:00+00:00,1,30.3165,31.959200178474795
AT,AKC,urban,2023-02-08 12:00:00+00:00,1,21.605,30.1607000573406
AT,AKC,urban,2023-02-08 13:00:00+00:00,1,16.706,21.03079560189881
AT,AKC,urban,2023-02-08 14:00:00+00:00,1,15.9925,16.78810776067799
AT,AKC,urban,2023-02-08 15:00:00+00:00,1,17.6415,16.534246048219337
AT,AKC,urban,2023-02-08 16:00:00+00:00,1,16.9525,18.68435563927956
AT,AKC,urban,2023-02-08 17:00:00+00:00,1,17.831,18.084134004368934
AT,AKC,urban,2023-02-08 18:00:00+00:00,1,19.2435,18.69548904123848
AT,AKC,urban,2023-02-08 19:00:00+00:00,1,20.944,19.901199373086442
AT,AKC,urban,2023-02-08 20:00:00+00:00,1,24.0545,21.12745055351315
AT,AKC,urban,2023-02-08 21:00:00+00:00,1,26.8615,23.921162922167895
AT,AKC,urban,2023-02-08 22:00:00+00:00,1,25.683,26.103895424110895
AT,AKC,urban,2023-02-08 23:00:00+00:00,1,24.0965,25.355045196390137
AT,AKC,urban,2023-02-09 00:00:00+00:00,1,23.2405,24.082709255477067
AT,AKC,urban,2023-02-09 01:00:00+00:00,1,22.726,23.45824284283497
AT,AKC,urban,2023-02-09 02:00:00+00:00,1,23.753,22.95407361046999
AT,AKC,urban,2023-02-09 03:00:00+00:00,1,26.825,23.942136568301176
AT,AKC,urban,2023-02-09 04:00:00+00:00,1,32.59,26.84780667538644
AT,AKC,urban,2023-02-09 05:00:00+00:00,1,33.4715,32.39465658685954
AT,AKC,urban,2023-02-09 06:00:00+00:00,1,30.738,32.30817266015908
AT,AKC,urban,2023-02-09 07:00:00+00:00,1,28.043,29.628493161699282
AT,AKC,urban,2023-02-09 08:00:00+00:00,1,24.4445,27.329944428397493
AT,AKC,urban,2023-02-09 09:00:00+00:00,1,20.949,23.478499725671604
AT,AKC,urban,2023-02-09 10:00:00+00:00,1,18.648,20.449196596528573
AT,AKC,urban,2023-02-09 11:00:00+00:00,1,18.874,18.209092257895882
AT,AKC,urban,2023-02-09 12:00:00+00:00,1,18.8975,18.767547402002148
AT,AKC,urban,2023-02-09 13:00:00+00:00,1,18.9485,18.931635202077736
AT,AKC,urban,2023-02-09 14:00:00+00:00,1,18.26,19.385605749570026
AT,AKC,urban,2023-02-09 15:00:00+00:00,1,18.374,18.67260591643089
AT,AKC,urban,2023-02-09 16:00:00+00:00,1,18.8155,18.926735214837617
AT,AKC,urban,2023-02-09 17:00:00+00:00,1,20.442,19.420960754241438
AT,AKC,urban,2023-02-09 18:00:00+00:00,1,21.2465,20.796231032669965
AT,AKC,urban,2023-02-09 19:00:00+00:00,1,22.4115,21.355142418647766
AT,AKC,urban,2023-02-09 20:00:00+00:00,1,22.029,22.475243272951666
AT,AKC,urban,2023-02-09 21:00:00+00:00,1,22.2315,22.255675445660874
AT,AKC,urban,2023-02-09 22:00:00+00:00,1,23.171,22.868920609536914
AT,AKC,urban,2023-02-09 23:00:00+00:00,1,23.1055,24.025516648371603
AT,AKC,urban,2023-02-10 00:00:00+00:00,1,19.809,23.900204332368794
AT,AKC,urban,2023-02-10 01:00:00+00:00,1,21.2755,19.928732900495522
AT,AKC,urban,2023-02-10 02:00:00+00:00,1,21.6655,22.129464718635468
AT,AKC,urban,2023-02-10 03:00:00+00:00,1,23.684,21.331305475527493
AT,AKC,urban,2023-02-10 04:00:00+00:00,1,25.1135,22.997338046265988
AT,AKC,urban,2023-02-10 05:00:00+00:00,1,27.159,25.084932333949506
AT,AKC,urban,2023-02-10 06:00:00+00:00,1,24.645,26.73628980598248
AT,AKC,urban,2023-02-10 07:00:00+00:00,1,24.7385,23.484753302191926
AT,AKC,urban,2023-02-10 08:00:00+00:00,1,27.715,22.222467640326283
AT,AKC,urban,2023-02-10 09:00:00+00:00,1,55.992,25.8239039004911
AT,AKC,urban,2023-02-10 10:00:00+00:00,1,28.239,46.883870737472336
AT,AKC,urban,2023-02-10 11:00:00+00:00,1,22.039,23.842955263322843
AT,AKC,urban,2023-02-10 12:00:00+00:00,1,19.429,19.952676310495903
AT,AKC,urban,2023-02-10 13:00:00+00:00,1,21.045,17.936372650090426
AT,AKC,urban,2023-02-10 14:00:00+00:00,1,23.9545,19.885672158840922
AT,AKC,urban,2023-02-10 15:00:00+00:00,1,24.5475,22.558912726065778
AT,AKC,urban,2023-02-10 16:00:00+00:00,1,25.544,23.61825561244779
AT,AKC,urban,2023-02-10 17:00:00+00:00,1,27.078,24.9950981120957
AT,AKC,urban,2023-02-10 18:00:00+00:00,1,26.365,26.63645858612222
AT,AKC,urban,2023-02-10 19:00:00+00:00,1,26.381,25.543086278807934
AT,AKC,urban,2023-02-10 20:00:00+00:00,1,26.2805,25.799877299386537
AT,AKC,urban,2023-02-10 21:00:00+00:00,1,26.7085,25.5690245285631
AT,AKC,urban,2023-02-10 22:00:00+00:00,1,26.1095,25.31105501800611
AT,AKC,urban,2023-02-10 23:00:00+00:00,1,26.5885,25.80547806043095
AT,AKC,urban,2023-02-11 00:00:00+00:00,1,29.5565,26.24752829906172
AT,AKC,urban,2023-02-11 01:00:00+00:00,1,33.5385,28.619925034412166
AT,AKC,urban,2023-02-11 02:00:00+00:00,1,33.083,31.7319914230225
AT,AKC,urban,2023-02-11 03:00:00+00:00,1,33.728,31.153308779693518
AT,AKC,urban,2023-02-11 04:00:00+00:00,1,31.754,32.09911957543504
AT,AKC,urban,2023-02-11 05:00:00+00:00,1,31.8985,30.433977165814017
AT,AKC,urban,2023-02-11 06:00:00+00:00,1,30.049,30.70507692653122
AT,AKC,urban,2023-02-11 07:00:00+00:00,1,25.319,29.201853310908685
AT,AKC,urban,2023-02-11 08:00:00+00:00,1,25.053,24.695146089731914
AT,AKC,urban,2023-02-11 09:00:00+00:00,1,25.761,24.56967691807943
AT,AKC,urban,2023-02-11 10:00:00+00:00,1,21.131,23.87875059477394
AT,AKC,urban,2023-02-11 11:00:00+00:00,1,19.2055,20.532610808504774
AT,AKC,urban,2023-02-11 12:00:00+00:00,1,18.622,19.285372740757833
AT,AKC,urban,2023-02-11 13:00:00+00:00,1,16.8325,18.25463893060207
AT,AKC,urban,2023-02-11 14:00:00+00:00,1,15.646,16.477047275987506
AT,AKC,urban,2023-02-11 15:00:00+00:00,1,16.5795,15.663246572171975
AT,AKC,urban,2023-02-11 16:00:00+00:00,1,18.068,16.743014733502108
AT,AKC,urban,2023-02-11 17:00:00+00:00,1,18.8665,17.981585339089705
AT,AKC,urban,2023-02-11 18:00:00+00:00,1,19.5575,18.793021194696408
AT,AKC,urban,2023-02-11 19:00:00+00:00,1,20.349,19.481651234833514
AT,AKC,urban,2023-02-11 20:00:00+00:00,1,20.8015,20.19867813473173
AT,AKC,urban,2023-02-11 21:00:00+00:00,1,21.334,20.652635098087405
AT,AKC,urban,2023-02-11 22:00:00+00:00,1,19.57,20.939106747381977
AT,AKC,urban,2023-02-11 23:00:00+00:00,1,18.2115,19.471839532596736
AT,AKC,urban,2023-02-12 00:00:00+00:00,1,17.2885,18.268812609511095
AT,AKC,urban,2023-02-12 01:00:00+00:00,1,17.505,17.391363139034777
AT,AKC,urban,2023-02-12 02:00:00+00:00,1,18.971,17.585737974108866
AT,AKC,urban,2023-02-12 03:00:00+00:00,1,21.172,18.703635835835712
AT,AKC,urban,2023-02-12 04:00:00+00:00,1,21.7055,20.33772085914567
AT,AKC,urban,2023-02-12 05:00:00+00:00,1,21.2055,20.719556438194623
AT,AKC,urban,2023-02-12 06:00:00+00:00,1,20.3745,20.525294774986552
AT,AKC,urban,2023-02-12 07:00:00+00:00,1,17.9545,19.841806356069174
AT,AKC,urban,2023-02-12 08:00:00+00:00,1,15.467,17.70189091335392
AT,AKC,urban,2023-02-12 09:00:00+00:00,1,13.8015,15.348214420596932
AT,AKC,urban,2023-02-12 10:00:00+00:00,1,12.621,13.753165777357406
AT,AKC,urban,2023-02-12 11:00:00+00:00,1,13.073,12.910768377125752
AT,AKC,urban,2023-02-12 12:00:00+00:00,1,14.9365,13.189311218325106
AT,AKC,urban,2023-02-12 13:00:00+00:00,1,17.224,14.815138140831099
AT,AKC,urban,2023-02-12 14:00:00+00:00,1,17.2645,16.747295480969555
AT,AKC,urban,2023-02-12 15:00:00+00:00,1,17.2025,17.076300493546995
AT,AKC,urban,2023-02-12 16:00:00+00:00,1,18.583,17.486277302561046
AT,AKC,urban,2023-02-12 17:00:00+00:00,1,18.5995,18.734322543995447
AT,AKC,urban,2023-02-12 18:00:00+00:00,1,17.5085,18.924428077417836
AT,AKC,urban,2023-02-12 19:00:00+00:00,1,13.921,17.790093397829168
AT,AKC,urban,2023-02-12 20:00:00+00:00,1,11.627,14.620911515791462
AT,AKC,urban,2023-02-12 21:00:00+00:00,1,15.113,12.441450864378194
AT,AKC,urban,2023-02-12 22:00:00+00:00,1,15.64,15.729853536755133
AT,AKC,urban,2023-02-12 23:00:00+00:00,1,14.072,15.577718477712008
AT,AKC,urban,2023-02-13 00:00:00+00:00,1,14.703,14.39137182444697
AT,AKC,urban,2023-02-13 01:00:00+00:00,1,13.6645,15.24195064649252
AT,AKC,urban,2023-02-13 02:00:00+00:00,1,11.373,14.22280777215143
AT,AKC,urban,2023-02-13 03:00:00+00:00,1,11.1005,12.071951383177097
AT,AKC,urban,2023-02-13 04:00:00+00:00,1,12.2935,12.18053833147815
AT,AKC,urban,2023-02-13 05:00:00+00:00,1,9.67485,14.280736951377282
AT,AKC,urban,2023-02-13 06:00:00+00:00,1,10.996,9.77745763185441
AT,AKC,urban,2023-02-13 07:00:00+00:00,1,11.1845,11.492462666068562
AT,AKC,urban,2023-02-13 08:00:00+00:00,1,10.08415,11.60956030377353
AT,AKC,urban,2023-02-13 09:00:00+00:00,1,9.257299,10.039153146996444
AT,AKC,urban,2023-02-13 10:00:00+00:00,1,7.721199,9.781412680526739
AT,AKC,urban,2023-02-13 11:00:00+00:00,1,7.397299,8.098723648592046
AT,AKC,urban,2023-02-13 12:00:00+00:00,1,7.810899,8.089230075139866
AT,AKC,urban,2023-02-13 13:00:00+00:00,1,6.0819,8.313628721481468
AT,AKC,urban,2023-02-13 14:00:00+00:00,1,6.696399,6.715533350541371
AT,AKC,urban,2023-02-13 15:00:00+00:00,1,7.3485,7.592248535966007
AT,AKC,urban,2023-02-13 16:00:00+00:00,1,7.918,8.235092880592152
AT,AKC,urban,2023-02-13 17:00:00+00:00,1,8.012049,8.724640090590647
AT,AKC,urban,2023-02-13 18:00:00+00:00,1,7.762949,8.517192358131474
AT,AKC,urban,2023-02-13 19:00:00+00:00,1,7.7143,8.204597543452937
AT,AKC,urban,2023-02-13 20:00:00+00:00,1,8.228899,8.333699432970313
AT,AKC,urban,2023-02-13 21:00:00+00:00,1,6.248149,8.917204724057608
AT,AKC,urban,2023-02-13 22:00:00+00:00,1,5.652549,6.858038704377094
AT,AKC,urban,2023-02-13 23:00:00+00:00,1,7.37725,6.392842254805121
AT,AKC,urban,2023-02-14 00:00:00+00:00,1,10.753,7.884152431456364
AT,AKC,urban,2023-02-14 01:00:00+00:00,1,12.536,10.56850826441957
AT,AKC,urban,2023-02-14 02:00:00+00:00,1,13.3215,11.947287861928228
AT,AKC,urban,2023-02-14 03:00:00+00:00,1,13.4845,12.910366448351624
AT,AKC,urban,2023-02-14 04:00:00+00:00,1,12.2255,13.221451574824737
AT,AKC,urban,2023-02-14 05:00:00+00:00,1,12.4465,12.296457800854583
AT,AKC,urban,2023-02-14 06:00:00+00:00,1,12.2025,12.884313580002129
AT,AKC,urban,2023-02-14 07:00:00+00:00,1,14.4115,12.107771171004202
AT,AKC,urban,2023-02-14 08:00:00+00:00,1,14.1845,13.78682214103712
AT,AKC,urban,2023-02-14 09:00:00+00:00,1,15.8305,13.289748252064182
AT,AKC,urban,2023-02-14 10:00:00+00:00,1,16.4645,14.880452731241522
AT,AKC,urban,2023-02-14 11:00:00+00:00,1,17.013,15.403408423246649
AT,AKC,urban,2023-02-14 12:00:00+00:00,1,17.521,16.1133040646554
AT,AKC,urban,2023-02-14 13:00:00+00:00,1,17.4145,16.726755826359934
AT,AKC,urban,2023-02-14 14:00:00+00:00,1,17.029,16.831742223299255
AT,AKC,urban,2023-02-14 15:00:00+00:00,1,17.8145,16.64215183770537
AT,AKC,urban,2023-02-14 16:00:00+00:00,1,18.2145,17.35846051215276
AT,AKC,urban,2023-02-14 17:00:00+00:00,1,18.2485,17.926846915158883
AT,AKC,urban,2023-02-14 18:00:00+00:00,1,18.265,17.989068748217377
AT,AKC,urban,2023-02-14 19:00:00+00:00,1,18.1215,18.20937649866621
AT,AKC,urban,2023-02-14 20:00:00+00:00,1,18.968,18.09513364841235
AT,AKC,urban,2023-02-14 21:00:00+00:00,1,18.772,18.97528291438328
AT,AKC,urban,2023-02-14 22:00:00+00:00,1,19.168,18.535500416123273
AT,AKC,urban,2023-02-14 23:00:00+00:00,1,19.6645,19.041850478777512
AT,AKC,urban,2023-02-15 00:00:00+00:00,1,20.5515,19.505205717846465
AT,AKC,urban,2023-02-15 01:00:00+00:00,1,21.0335,20.254668090212057
AT,AKC,urban,2023-02-15 02:00:00+00:00,1,21.5215,20.739727356479676
AT,AKC,urban,2023-02-15 03:00:00+00:00,1,21.539,21.192637458928537
AT,AKC,urban,2023-02-15 04:00:00+00:00,1,23.329,21.165419371542086
AT,AKC,urban,2023-02-15 05:00:00+00:00,1,25.866,23.308386862882074
AT,AKC,urban,2023-02-15 06:00:00+00:00,1,22.6,26.179709490325983
AT,AKC,urban,2023-02-15 07:00:00+00:00,1,22.309,22.63211153056553
AT,AKC,urban,2023-02-15 08:00:00+00:00,1,22.455,22.328437998359362
AT,AKC,urban,2023-02-15 09:00:00+00:00,1,22.9245,22.31136825549126
AT,AKC,urban,2023-02-15 10:00:00+00:00,1,22.516,22.469676002372267
AT,AKC,urban,2023-02-15 11:00:00+00:00,1,22.88,22.08287844574599
AT,AKC,urban,2023-02-15 12:00:00+00:00,1,23.923,22.93333928635076
AT,AKC,urban,2023-02-15 13:00:00+00:00,1,22.663,23.44675081274726
AT,AKC,urban,2023-02-15 14:00:00+00:00,1,23.049,22.64879941609781
AT,AKC,urban,2023-02-15 15:00:00+00:00,1,25.135,23.32180144582062
AT,AKC,urban,2023-02-15 16:00:00+00:00,1,26.631,25.526375167535498
AT,AKC,urban,2023-02-15 17:00:00+00:00,1,29.839,26.483669599712663
AT,AKC,urban,2023-02-15 18:00:00+00:00,1,31.967,29.128214361804034
AT,AKC,urban,2023-02-15 19:00:00+00:00,1,33.337,31.2342198959299
AT,AKC,urban,2023-02-15 20:00:00+00:00,1,34.426,33.16642819703673
AT,AKC,urban,2023-02-15 21:00:00+00:00,1,34.0255,33.51125515733556
AT,AKC,urban,2023-02-15 22:00:00+00:00,1,34.952,33.02664025848856
AT,AKC,urban,2023-02-15 23:00:00+00:00,1,35.0295,34.00054540278948
AT,AKC,urban,2023-02-16 00:00:00+00:00,1,35.095,34.30217351358349
AT,AKC,urban,2023-02-16 01:00:00+00:00,1,34.755,34.083260938323086
AT,AKC,urban,2023-02-16 02:00:00+00:00,1,28.7845,34.18448076185497
AT,AKC,urban,2023-02-16 03:00:00+00:00,1,19.794,27.352811495793738
AT,AKC,urban,2023-02-16 04:00:00+00:00,1,19.546,20.02075188351973
AT,AKC,urban,2023-02-16 05:00:00+00:00,1,21.637,20.41580211549228
AT,AKC,urban,2023-02-16 06:00:00+00:00,1,22.2385,22.294323137721825
AT,AKC,urban,2023-02-16 07:00:00+00:00,1,22.0305,22.288189352535227
AT,AKC,urban,2023-02-16 08:00:00+00:00,1,27.002,21.857234634111716
AT,AKC,urban,2023-02-16 09:00:00+00:00,1,28.6545,26.08669149497188
AT,AKC,urban,2023-02-16 10:00:00+00:00,1,31.1275,27.32587041624265
AT,AKC,urban,2023-02-16 11:00:00+00:00,1,29.858,30.20129025873714
AT,AKC,urban,2023-02-16 12:00:00+00:00,1,30.5515,29.384961175182454
AT,AKC,urban,2023-02-16 13:00:00+00:00,1,29.279,30.46753860518734
AT,AKC,urban,2023-02-16 14:00:00+00:00,1,29.514,29.143099442598718
AT,AKC,urban,2023-02-16 15:00:00+00:00,1,29.667,30.148866534727357
AT,AKC,urban,2023-02-16 16:00:00+00:00,1,28.8045,29.84919593992628
AT,AKC,urban,2023-02-16 17:00:00+00:00,1,28.9805,28.964623324611615
AT,AKC,urban,2023-02-16 18:00:00+00:00,1,32.598,28.93357073758507
AT,AKC,urban,2023-02-16 19:00:00+00:00,1,34.698,31.72892065837179
AT,AKC,urban,2023-02-16 20:00:00+00:00,1,34.782,33.431672760595575
AT,AKC,urban,2023-02-16 21:00:00+00:00,1,34.12,33.530936793090675
AT,AKC,urban,2023-02-16 22:00:00+00:00,1,33.6865,32.88266588900062
AT,AKC,urban,2023-02-16 23:00:00+00:00,1,33.0895,32.504550829228364
AT,AKC,urban,2023-02-17 00:00:00+00:00,1,32.346,32.000025571611474
AT,AKC,urban,2023-02-17 01:00:00+00:00,1,31.6855,31.47278177188918
AT,AKC,urban,2023-02-17 02:00:00+00:00,1,30.282,30.774056753561794
AT,AKC,urban,2023-02-17 03:00:00+00:00,1,22.365,29.52461181266966
AT,AKC,urban,2023-02-17 04:00:00+00:00,1,14.72515,22.048866585244667
AT,AKC,urban,2023-02-17 05:00:00+00:00,1,9.8801,14.584556140219668
AT,AKC,urban,2023-02-17 06:00:00+00:00,1,10.12055,10.389670846384103
AT,AKC,urban,2023-02-17 07:00:00+00:00,1,9.5412,11.19535861096178
AT,AKC,urban,2023-02-17 08:00:00+00:00,1,9.192999,10.176735848749935
AT,AKC,urban,2023-02-17 09:00:00+00:00,1,8.367099,9.844972133669838
AT,AKC,urban,2023-02-17 10:00:00+00:00,1,7.666549,8.747051014681578
AT,AKC,urban,2023-02-17 11:00:00+00:00,1,6.854249,8.173195544740146
AT,AKC,urban,2023-02-17 12:00:00+00:00,1,5.94225,7.6189242739461775
AT,AKC,urban,2023-02-17 13:00:00+00:00,1,4.6029,6.724979099662114
AT,AKC,urban,2023-02-17 14:00:00+00:00,1,4.287899,5.572432286936717
AT,AKC,urban,2023-02-17 15:00:00+00:00,1,5.0317,5.324397743244877
AT,AKC,urban,2023-02-17 16:00:00+00:00,1,5.8175,6.075659383352747
AT,AKC,urban,2023-02-17 17:00:00+00:00,1,5.817,6.716216215563897
AT,AKC,urban,2023-02-17 18:00:00+00:00,1,5.032999,6.787284298099664
AT,AKC,urban,2023-02-17 19:00:00+00:00,1,4.55835,5.711866688347687
AT,AKC,urban,2023-02-17 20:00:00+00:00,1,4.5903,5.043257294381043
AT,AKC,urban,2023-02-17 21:00:00+00:00,1,4.066249,5.107678446704558
AT,AKC,urban,2023-02-17 22:00:00+00:00,1,3.404449,4.573594406404837
AT,AKC,urban,2023-02-17 23:00:00+00:00,1,3.129199,3.757228625864389
AT,AKC,urban,2023-02-18 00:00:00+00:00,1,2.9876,3.171181016045985
AT,AKC,urban,2023-02-18 01:00:00+00:00,1,2.7708,3.041308930016349
AT,AKC,urban,2023-02-18 02:00:00+00:00,1,2.785049,2.7830392666045114
AT,AKC,urban,2023-02-18 03:00:00+00:00,1,2.5489,2.6923038289678694
AT,AKC,urban,2023-02-18 04:00:00+00:00,1,2.151899,2.5664594407790453
AT,AKC,urban,2023-02-18 05:00:00+00:00,1,2.5046,2.4298436786425768
AT,AKC,urban,2023-02-18 06:00:00+00:00,1,2.512099,2.757525480560499
AT,AKC,urban,2023-02-18 07:00:00+00:00,1,2.732599,2.6469608922592727
AT,AKC,urban,2023-02-18 08:00:00+00:00,1,3.013,2.8511328315481244
AT,AKC,urban,2023-02-18 09:00:00+00:00,1,3.269249,2.871994831356716
AT,AKC,urban,2023-02-18 10:00:00+00:00,1,3.29255,3.084522965013356
AT,AKC,urban,2023-02-18 11:00:00+00:00,1,2.96105,3.030956194081135
AT,AKC,urban,2023-02-18 12:00:00+00:00,1,2.43155,2.7058759253458966
AT,AKC,urban,2023-02-18 13:00:00+00:00,1,2.119649,2.2341600829472057
AT,AKC,urban,2023-02-18 14:00:00+00:00,1,1.961799,2.030365326621311
AT,AKC,urban,2023-02-18 15:00:00+00:00,1,2.13135,1.973383563595032
AT,AKC,urban,2023-02-18 16:00:00+00:00,1,2.20655,2.2393102477353466
AT,AKC,urban,2023-02-18 17:00:00+00:00,1,2.315199,2.2554537281919202
AT,AKC,urban,2023-02-18 18:00:00+00:00,1,2.38645,2.2360371024298935
AT,AKC,urban,2023-02-18 19:00:00+00:00,1,2.122999,2.3045823839448545
AT,AKC,urban,2023-02-18 20:00:00+00:00,1,1.65425,2.16826940863573
AT,AKC,urban,2023-02-18 21:00:00+00:00,1,1.5645,1.7449547952588134
AT,AKC,urban,2023-02-18 22:00:00+00:00,1,1.674099,1.7707725497177194
AT,AKC,urban,2023-02-18 23:00:00+00:00,1,1.88555,1.9360799522784582
AT,AKC,urban,2023-02-19 00:00:00+00:00,1,1.94525,2.3611242621460526
AT,AKC,urban,2023-02-19 01:00:00+00:00,1,2.08505,2.2096189818437573
AT,AKC,urban,2023-02-19 02:00:00+00:00,1,3.4098,2.148782240742925
AT,AKC,urban,2023-02-19 03:00:00+00:00,1,4.17525,3.2700250673532416
AT,AKC,urban,2023-02-19 04:00:00+00:00,1,4.00675,3.8949459762659693
AT,AKC,urban,2023-02-19 05:00:00+00:00,1,3.430799,3.7664169190904353
AT,AKC,urban,2023-02-19 06:00:00+00:00,1,2.876049,3.301661331013598
AT,AKC,urban,2023-02-19 07:00:00+00:00,1,1.943249,2.5983370432684154
AT,AKC,urban,2023-02-19 08:00:00+00:00,1,1.97025,1.8684380419216353
AT,AKC,urban,2023-02-19 09:00:00+00:00,1,1.3698,1.9257464420010741
AT,AKC,urban,2023-02-19 10:00:00+00:00,1,1.553349,1.2098415038969712
AT,AKC,urban,2023-02-19 11:00:00+00:00,1,1.858249,1.2888138862170706
AT,AKC,urban,2023-02-19 12:00:00+00:00,1,1.43315,1.750795405123391
AT,AKC,urban,2023-02-19 13:00:00+00:00,1,1.742799,1.343386330319138
AT,AKC,urban,2023-02-19 14:00:00+00:00,1,1.674399,1.8693653148150844
AT,AKC,urban,2023-02-19 15:00:00+00:00,1,1.279,1.7169052267788985
AT,AKC,urban,2023-02-19 16:00:00+00:00,1,1.393899,1.4789494455106045
AT,AKC,urban,2023-02-19 17:00:00+00:00,1,1.7023,1.8987745131097107
AT,AKC,urban,2023-02-19 18:00:00+00:00,1,2.12305,2.2017921365802735
AT,AKC,urban,2023-02-19 19:00:00+00:00,1,3.286499,2.635678369336553
AT,AKC,urban,2023-02-19 20:00:00+00:00,1,5.4287,3.8422353683095523
AT,AKC,urban,2023-02-19 21:00:00+00:00,1,5.012149,5.35000220644439
AT,AKC,urban,2023-02-19 22:00:00+00:00,1,5.01865,4.9262609821352825
AT,AKC,urban,2023-02-19 23:00:00+00:00,1,4.90655,4.981123893373308
AT,AKC,urban,2023-02-20 00:00:00+00:00,1,4.727449,5.105110724880536
AT,AKC,urban,2023-02-20 01:00:00+00:00,1,5.014649,5.001222303198688
AT,AKC,urban,2023-02-20 02:00:00+00:00,1,5.93385,5.208065283635783
AT,AKC,urban,2023-02-20 03:00:00+00:00,1,7.23085,6.22735260374516
AT,AKC,urban,2023-02-20 04:00:00+00:00,1,7.54335,7.220542787433761
AT,AKC,urban,2023-02-20 05:00:00+00:00,1,7.743249,8.182344370029426
AT,AKC,urban,2023-02-20 06:00:00+00:00,1,7.622249,9.65603297530533
AT,AKC,urban,2023-02-20 07:00:00+00:00,1,5.937049,7.09601383099422
AT,AKC,urban,2023-02-20 08:00:00+00:00,1,5.90925,4.377693225551475
AT,AKC,urban,2023-02-20 09:00:00+00:00,1,5.773599,5.119770703277993
AT,AKC,urban,2023-02-20 10:00:00+00:00,1,5.205749,4.981913826232887
AT,AKC,urban,2023-02-20 11:00:00+00:00,1,4.9826,4.16075892425653
AT,AKC,urban,2023-02-20 12:00:00+00:00,1,4.8218,5.039262122433517
AT,AKC,urban,2023-02-20 13:00:00+00:00,1,4.0851,4.511784345343383
AT,AKC,urban,2023-02-20 14:00:00+00:00,1,3.7876,3.950120824660676
AT,AKC,urban,2023-02-20 15:00:00+00:00,1,3.956249,3.7209207909944517
AT,AKC,urban,2023-02-20 16:00:00+00:00,1,4.249449,3.9369815540199014
AT,AKC,urban,2023-02-20 17:00:00+00:00,1,4.2194,4.164051971082397
AT,AKC,urban,2023-02-20 18:00:00+00:00,1,4.030399,4.197537833221521
AT,AKC,urban,2023-02-20 19:00:00+00:00,1,3.6402,3.921415773455731
AT,AKC,urban,2023-02-20 20:00:00+00:00,1,3.565549,3.5224043884003677
AT,AKC,urban,2023-02-20 21:00:00+00:00,1,3.839399,3.5148735779308353
AT,AKC,urban,2023-02-20 22:00:00+00:00,1,3.70305,3.823155355731398
AT,AKC,urban,2023-02-20 23:00:00+00:00,1,3.886549,3.572338809315223
AT,AKC,urban,2023-02-21 00:00:00+00:00,1,4.101449,3.767282294720509
AT,AKC,urban,2023-02-21 01:00:00+00:00,1,4.156,3.8769098727903426
AT,AKC,urban,2023-02-21 02:00:00+00:00,1,4.42245,3.9803969411066618
AT,AKC,urban,2023-02-21 03:00:00+00:00,1,4.420849,4.142234835663309
AT,AKC,urban,2023-02-21 04:00:00+00:00,1,4.956299,4.1732489537920685
AT,AKC,urban,2023-02-21 05:00:00+00:00,1,5.85045,4.860630189160332
AT,AKC,urban,2023-02-21 06:00:00+00:00,1,6.37015,5.689808212144275
AT,AKC,urban,2023-02-21 07:00:00+00:00,1,6.3564,6.150620123190318
AT,AKC,urban,2023-02-21 08:00:00+00:00,1,6.992199,5.778941055922967
AT,AKC,urban,2023-02-21 09:00:00+00:00,1,6.8406,6.635808617137538
AT,AKC,urban,2023-02-21 10:00:00+00:00,1,5.8331,5.943082855278039
AT,AKC,urban,2023-02-21 11:00:00+00:00,1,5.1098,5.200481586188005
AT,AKC,urban,2023-02-21 12:00:00+00:00,1,3.50585,4.793984762686772
AT,AKC,urban,2023-02-21 13:00:00+00:00,1,3.277849,3.2451872433421194
AT,AKC,urban,2023-02-21 14:00:00+00:00,1,3.356649,3.366407530391413
AT,AKC,urban,2023-02-21 15:00:00+00:00,1,3.752449,3.291451503728453
AT,AKC,urban,2023-02-21 16:00:00+00:00,1,4.03835,3.940584391429155
AT,AKC,urban,2023-02-21 17:00:00+00:00,1,4.30235,4.556980065446538
AT,AKC,urban,2023-02-21 18:00:00+00:00,1,4.500149,4.416823472533416
AT,AKC,urban,2023-02-21 19:00:00+00:00,1,4.39805,4.879396881425457
AT,AKC,urban,2023-02-21 20:00:00+00:00,1,3.959499,4.804814046098983
AT,AKC,urban,2023-02-21 21:00:00+00:00,1,3.52145,4.474663490307616
AT,AKC,urban,2023-02-21 22:00:00+00:00,1,3.811199,3.7189963134649844
AT,AKC,urban,2023-02-21 23:00:00+00:00,1,3.665999,4.176437681912674
AT,AKC,urban,2023-02-22 00:00:00+00:00,1,3.564549,3.9638042449334243
AT,AKC,urban,2023-02-22 01:00:00+00:00,1,3.50505,3.9191554083187405
AT,AKC,urban,2023-02-22 02:00:00+00:00,1,3.968699,3.9012457428562115
AT,AKC,urban,2023-02-22 03:00:00+00:00,1,4.37905,4.36248914703053
AT,AKC,urban,2023-02-22 04:00:00+00:00,1,4.89245,4.7942711872267765
AT,AKC,urban,2023-02-22 05:00:00+00:00,1,6.5401,5.773478655681338
AT,AKC,urban,2023-02-22 06:00:00+00:00,1,7.243949,7.930175123802414
AT,AKC,urban,2023-02-22 07:00:00+00:00,1,7.0,7.573094521812802
AT,AKC,urban,2023-02-22 08:00:00+00:00,1,9.699649,7.042160891468939
AT,AKC,urban,2023-02-22 09:00:00+00:00,1,8.5226,10.135076836351512
AT,AKC,urban,2023-02-22 10:00:00+00:00,1,6.2782,7.83728833493479
AT,AKC,urban,2023-02-22 11:00:00+00:00,1,6.80445,5.772419495156939
AT,AKC,urban,2023-02-22 12:00:00+00:00,1,5.898699,6.3068739688076505
AT,AKC,urban,2023-02-22 13:00:00+00:00,1,4.308899,5.688493527117426
AT,AKC,urban,2023-02-22 14:00:00+00:00,1,5.0654,4.187038369317605
AT,AKC,urban,2023-02-22 15:00:00+00:00,1,6.410449,5.210894037747526
AT,AKC,urban,2023-02-22 16:00:00+00:00,1,8.20825,6.889162832940851
AT,AKC,urban,2023-02-22 17:00:00+00:00,1,10.463,8.666360879257354
AT,AKC,urban,2023-02-22 18:00:00+00:00,1,15.246,10.532396098658584
AT,AKC,urban,2023-02-22 19:00:00+00:00,1,15.2485,14.844748589816025
AT,AKC,urban,2023-02-22 20:00:00+00:00,1,16.26,14.30439841865524
AT,AKC,urban,2023-02-22 21:00:00+00:00,1,15.3065,16.11979056695682
AT,AKC,urban,2023-02-22 22:00:00+00:00,1,15.609,15.263775372883739
AT,AKC,urban,2023-02-22 23:00:00+00:00,1,15.976,14.883626013027595
AT,AKC,urban,2023-02-23 00:00:00+00:00,1,17.115,15.367917030166563
AT,AKC,urban,2023-02-23 01:00:00+00:00,1,17.23,16.383929651803527
AT,AKC,urban,2023-02-23 02:00:00+00:00,1,17.2755,16.644872456046162
AT,AKC,urban,2023-02-23 03:00:00+00:00,1,17.591,17.291204450169452
AT,AKC,urban,2023-02-23 04:00:00+00:00,1,16.532,16.699240914672536
AT,AKC,urban,2023-02-23 05:00:00+00:00,1,19.3485,16.261111365415843
AT,AKC,urban,2023-02-23 06:00:00+00:00,1,20.3655,19.297325808878057
AT,AKC,urban,2023-02-23 07:00:00+00:00,1,20.7235,19.578757098612645
AT,AKC,urban,2023-02-23 08:00:00+00:00,1,20.064,19.734881517349738
AT,AKC,urban,2023-02-23 09:00:00+00:00,1,21.562,18.899112590026384
AT,AKC,urban,2023-02-23 10:00:00+00:00,1,23.6485,20.01154168989349
AT,AKC,urban,2023-02-23 11:00:00+00:00,1,24.8855,21.8475303195528
AT,AKC,urban,2023-02-23 12:00:00+00:00,1,24.411,23.014966735311717
AT,AKC,urban,2023-02-23 13:00:00+00:00,1,21.02,22.910648380854084
AT,AKC,urban,2023-02-23 14:00:00+00:00,1,18.8915,20.456720851342432
AT,AKC,urban,2023-02-23 15:00:00+00:00,1,20.485,18.6645051779548
AT,AKC,urban,2023-02-23 16:00:00+00:00,1,21.6595,20.052111496666022
AT,AKC,urban,2023-02-23 17:00:00+00:00,1,21.7525,21.216768938041817
AT,AKC,urban,2023-02-23 18:00:00+00:00,1,21.7245,21.443079312118456
AT,AKC,urban,2023-02-23 19:00:00+00:00,1,22.3235,21.543928077997847
AT,AKC,urban,2023-02-23 20:00:00+00:00,1,22.5875,22.044990065342695
AT,AKC,urban,2023-02-23 21:00:00+00:00,1,23.0875,22.259753484656507
AT,AKC,urban,2023-02-23 22:00:00+00:00,1,24.5545,22.671175571334704
AT,AKC,urban,2023-02-23 23:00:00+00:00,1,25.541,23.798986591797973
AT,AKC,urban,2023-02-24 00:00:00+00:00,1,25.8795,24.838864550840803
AT,AKC,urban,2023-02-24 01:00:00+00:00,1,25.3045,25.704671235729897
AT,AKC,urban,2023-02-24 02:00:00+00:00,1,25.477,25.147669163948997
AT,AKC,urban,2023-02-24 03:00:00+00:00,1,31.253,25.067923310437287
AT,AKC,urban,2023-02-24 04:00:00+00:00,1,31.227,29.13488711448123
AT,AKC,urban,2023-02-24 05:00:00+00:00,1,30.4205,30.067041892585358
AT,AKC,urban,2023-02-24 06:00:00+00:00,1,28.1955,30.055508393102468
AT,AKC,urban,2023-02-24 07:00:00+00:00,1,27.3015,27.304942735676857
AT,AKC,urban,2023-02-24 08:00:00+00:00,1,19.864,27.18830207089843
AT,AKC,urban,2023-02-24 09:00:00+00:00,1,11.887,18.91288614142454
AT,AKC,urban,2023-02-24 10:00:00+00:00,1,14.398,11.066076435592688
AT,AKC,urban,2023-02-24 11:00:00+00:00,1,11.541,14.29526760302264
AT,AKC,urban,2023-02-24 12:00:00+00:00,1,7.7017,11.586478668447825
AT,AKC,urban,2023-02-24 13:00:00+00:00,1,8.32925,7.868115936822161
AT,AKC,urban,2023-02-24 14:00:00+00:00,1,9.51805,8.25543991487734
AT,AKC,urban,2023-02-24 15:00:00+00:00,1,9.787,10.232304685426705
AT,AKC,urban,2023-02-24 16:00:00+00:00,1,11.0775,10.574200914545425
AT,AKC,urban,2023-02-24 17:00:00+00:00,1,13.577,11.995880303472862
AT,AKC,urban,2023-02-24 18:00:00+00:00,1,14.8975,13.584053066492785
AT,AKC,urban,2023-02-24 19:00:00+00:00,1,11.12495,14.235293854213467
AT,AKC,urban,2023-02-24 20:00:00+00:00,1,8.025699,11.102656593924152
AT,AKC,urban,2023-02-24 21:00:00+00:00,1,8.81595,8.330237632018864
AT,AKC,urban,2023-02-24 22:00:00+00:00,1,6.932749,8.492278624848616
AT,AKC,urban,2023-02-24 23:00:00+00:00,1,4.259949,6.838596415050798
AT,AKC,urban,2023-02-25 00:00:00+00:00,1,3.117449,4.763871835636429
AT,AKC,urban,2023-02-25 01:00:00+00:00,1,2.50005,3.8057848663809466
AT,AKC,urban,2023-02-25 02:00:00+00:00,1,1.6528,2.7655158460837654
AT,AKC,urban,2023-02-25 03:00:00+00:00,1,1.201699,1.8681798500672286
AT,AKC,urban,2023-02-25 04:00:00+00:00,1,1.175999,1.379825479601969
AT,AKC,urban,2023-02-25 05:00:00+00:00,1,1.212899,1.313691858634904
AT,AKC,urban,2023-02-25 06:00:00+00:00,1,1.3666,1.2842507656393742
AT,AKC,urban,2023-02-25 07:00:00+00:00,1,2.17385,1.3355083398189223
AT,AKC,urban,2023-02-25 08:00:00+00:00,1,2.979899,1.802059396314693
AT,AKC,urban,2023-02-25 09:00:00+00:00,1,3.291549,2.379106566761525
AT,AKC,urban,2023-02-25 10:00:00+00:00,1,2.815299,2.5578415015378155
AT,AKC,urban,2023-02-25 11:00:00+00:00,1,2.899399,2.3020847429281233
AT,AKC,urban,2023-02-25 12:00:00+00:00,1,2.53275,2.4835483288136366
AT,AKC,urban,2023-02-25 13:00:00+00:00,1,2.607049,2.3145191523387183
AT,AKC,urban,2023-02-25 14:00:00+00:00,1,2.98215,2.4528573243814193
AT,AKC,urban,2023-02-25 15:00:00+00:00,1,2.0015,2.868398837956711
AT,AKC,urban,2023-02-25 16:00:00+00:00,1,3.1198,1.9303267926883336
AT,AKC,urban,2023-02-25 17:00:00+00:00,1,1.76745,3.1814296911006963
AT,AKC,urban,2023-02-25 18:00:00+00:00,1,2.134599,1.7965974942079832
AT,AKC,urban,2023-02-25 19:00:00+00:00,1,2.797299,2.2794840776168392
AT,AKC,urban,2023-02-25 20:00:00+00:00,1,3.3467,3.0483532908206357
AT,AKC,urban,2023-02-25 21:00:00+00:00,1,3.958749,3.3870803043717217
AT,AKC,urban,2023-02-25 22:00:00+00:00,1,3.985499,3.822492861879258
AT,AKC,urban,2023-02-25 23:00:00+00:00,1,4.239749,3.7269767269410288
AT,AKC,urban,2023-02-26 00:00:00+00:00,1,4.25335,4.061422007823978
AT,AKC,urban,2023-02-26 01:00:00+00:00,1,3.555649,4.0810068776803945
AT,AKC,urban,2023-02-26 02:00:00+00:00,1,3.587949,3.5273954751232814
AT,AKC,urban,2023-02-26 03:00:00+00:00,1,4.2908,3.558312125917851
AT,AKC,urban,2023-02-26 04:00:00+00:00,1,5.283599,4.140909888864606
AT,AKC,urban,2023-02-26 05:00:00+00:00,1,5.777699,4.948955379225495
AT,AKC,urban,2023-02-26 06:00:00+00:00,1,5.82165,5.5201124385407105
AT,AKC,urban,2023-02-26 07:00:00+00:00,1,4.866099,5.456835725559479
AT,AKC,urban,2023-02-26 08:00:00+00:00,1,3.402849,4.684236724288212
AT,AKC,urban,2023-02-26 09:00:00+00:00,1,3.270649,3.3980276867416066
AT,AKC,urban,2023-02-26 10:00:00+00:00,1,3.421549,3.1994302765634757
AT,AKC,urban,2023-02-26 11:00:00+00:00,1,3.1518,3.511125942849322
AT,AKC,urban,2023-02-26 12:00:00+00:00,1,3.34415,3.2184013506807467
AT,AKC,urban,2023-02-26 13:00:00+00:00,1,3.4924,3.5470852635784134
AT,AKC,urban,2023-02-26 14:00:00+00:00,1,3.325699,3.842011309694378
AT,AKC,urban,2023-02-26 15:00:00+00:00,1,3.812449,3.8436664514759507
AT,AKC,urban,2023-02-26 16:00:00+00:00,1,4.637149,4.133839651063745
AT,AKC,urban,2023-02-26 17:00:00+00:00,1,5.825349,5.107079487552507
AT,AKC,urban,2023-02-26 18:00:00+00:00,1,5.224499,5.991017922832565
AT,AKC,urban,2023-02-26 19:00:00+00:00,1,5.0604,5.287891422754679
AT,AKC,urban,2023-02-26 20:00:00+00:00,1,5.606349,5.234380021729095
AT,AKC,urban,2023-02-26 21:00:00+00:00,1,5.9785,5.855086712322226
AT,AKC,urban,2023-02-26 22:00:00+00:00,1,6.520949,6.091816414044331
AT,AKC,urban,2023-02-26 23:00:00+00:00,1,6.603449,6.533525202526437
AT,AKC,urban,2023-02-27 00:00:00+00:00,1,5.653399,6.533319963783015
AT,AKC,urban,2023-02-27 01:00:00+00:00,1,5.272449,5.691802027479678
AT,AKC,urban,2023-02-27 02:00:00+00:00,1,5.30945,5.452319109567199
AT,AKC,urban,2023-02-27 03:00:00+00:00,1,5.117599,5.542413134295511
AT,AKC,urban,2023-02-27 04:00:00+00:00,1,5.130249,5.4731265892972765
AT,AKC,urban,2023-02-27 05:00:00+00:00,1,5.962049,5.662983639326619
AT,AKC,urban,2023-02-27 06:00:00+00:00,1,6.3983,6.293287719098764
AT,AKC,urban,2023-02-27 07:00:00+00:00,1,5.859149,6.279965992466575
AT,AKC,urban,2023-02-27 08:00:00+00:00,1,5.1911,6.052510718260745
AT,AKC,urban,2023-02-27 09:00:00+00:00,1,5.7627,5.090229303940944
AT,AKC,urban,2023-02-27 10:00:00+00:00,1,6.039199,5.8226206053130625
AT,AKC,urban,2023-02-27 11:00:00+00:00,1,6.61435,5.93904222024339
AT,AKC,urban,2023-02-27 12:00:00+00:00,1,6.5773,6.542848934024462
AT,AKC,urban,2023-02-27 13:00:00+00:00,1,6.193099,6.869566696935355
AT,AKC,urban,2023-02-27 14:00:00+00:00,1,6.1448,6.572460199722531
AT,AKC,urban,2023-02-27 15:00:00+00:00,1,6.385299,6.646125231600564
AT,AKC,urban,2023-02-27 16:00:00+00:00,1,8.45265,7.0618721335881816
AT,AKC,urban,2023-02-27 17:00:00+00:00,1,11.0485,8.459644935068187
AT,AKC,urban,2023-02-27 18:00:00+00:00,1,10.7605,10.023946717235681
AT,AKC,urban,2023-02-27 19:00:00+00:00,1,10.538,10.263235194078721
AT,AKC,urban,2023-02-27 20:00:00+00:00,1,11.2635,10.320540921014981
AT,AKC,urban,2023-02-27 21:00:00+00:00,1,12.534,10.971095089519274
AT,AKC,urban,2023-02-27 22:00:00+00:00,1,12.6505,11.929448234484937
AT,AKC,urban,2023-02-27 23:00:00+00:00,1,13.2145,12.15603904933425
AT,AKC,urban,2023-02-28 00:00:00+00:00,1,14.069,12.62542396402156
AT,AKC,urban,2023-02-28 01:00:00+00:00,1,14.6095,13.284822806147911
AT,AKC,urban,2023-02-28 02:00:00+00:00,1,15.182,13.77877794658756
AT,AKC,urban,2023-02-28 03:00:00+00:00,1,15.4165,14.60303853458889
AT,AKC,urban,2023-02-28 04:00:00+00:00,1,16.8405,14.994007923377701
AT,AKC,urban,2023-02-28 05:00:00+00:00,1,17.918,17.054116538009314
AT,AKC,urban,2023-02-28 06:00:00+00:00,1,19.463,17.87963281564107
AT,AKC,urban,2023-02-28 07:00:00+00:00,1,21.0045,18.596670263462673
AT,AKC,urban,2023-02-28 08:00:00+00:00,1,19.4515,19.923142706863157
AT,AKC,urban,2023-02-28 09:00:00+00:00,1,19.6195,17.99135679653459
AT,AKC,urban,2023-02-28 10:00:00+00:00,1,19.613,18.590747959048198
AT,AKC,urban,2023-02-28 11:00:00+00:00,1,17.1945,18.375410172733154
AT,AKC,urban,2023-02-28 12:00:00+00:00,1,15.665,16.695249213811657
AT,AKC,urban,2023-02-28 13:00:00+00:00,1,16.392,15.08933141708718
AT,AKC,urban,2023-02-28 14:00:00+00:00,1,17.355,15.956055312587445
AT,AKC,urban,2023-02-28 15:00:00+00:00,1,17.4415,16.667648852867323
AT,AKC,urban,2023-02-28 16:00:00+00:00,1,20.1615,17.364782354117185
AT,AKC,urban,2023-02-28 17:00:00+00:00,1,17.7555,20.31182080482015
AT,AKC,urban,2023-02-28 18:00:00+00:00,1,19.433,17.28392792811385
AT,AKC,urban,2023-02-28 19:00:00+00:00,1,20.54,20.323005703604792
AT,AKC,urban,2023-02-28 20:00:00+00:00,1,23.0405,19.952207968598387
AT,AKC,urban,2023-02-28 21:00:00+00:00,1,25.0615,22.52279225928453
AT,AKC,urban,2023-02-28 22:00:00+00:00,1,26.062,24.47779409293476
AT,AKC,urban,2023-02-28 23:00:00+00:00,1,27.488,24.612085367179823
AT,AKC,urban,2023-03-01 00:00:00+00:00,1,28.5995,26.26815775570889
AT,AKC,urban,2023-03-01 01:00:00+00:00,1,29.519,27.116294998663346
AT,AKC,urban,2023-03-01 02:00:00+00:00,1,30.4125,28.139893605663662
AT,AKC,urban,2023-03-01 03:00:00+00:00,1,30.507,28.920542613450557
AT,AKC,urban,2023-03-01 04:00:00+00:00,1,30.5665,29.299843307500698
AT,AKC,urban,2023-03-01 05:00:00+00:00,1,30.4835,29.589860050122276
AT,AKC,urban,2023-03-01 06:00:00+00:00,1,31.432,29.832700141171408
AT,AKC,urban,2023-03-01 07:00:00+00:00,1,31.844,31.144363279089276
AT,AKC,urban,2023-03-01 08:00:00+00:00,1,30.0625,30.80869338136961
AT,AKC,urban,2023-03-01 09:00:00+00:00,1,24.287,29.2600479492595
AT,AKC,urban,2023-03-01 10:00:00+00:00,1,24.4165,23.460782879378208
AT,AKC,urban,2023-03-01 11:00:00+00:00,1,22.4175,23.73281182918811
AT,AKC,urban,2023-03-01 12:00:00+00:00,1,22.013,21.355490478859068
AT,AKC,urban,2023-03-01 13:00:00+00:00,1,23.2695,21.820360966749757
AT,AKC,urban,2023-03-01 14:00:00+00:00,1,22.9965,22.54498386002532
AT,AKC,urban,2023-03-01 15:00:00+00:00,1,22.0695,22.890261279566957
AT,AKC,urban,2023-03-01 16:00:00+00:00,1,24.021,22.234601897355297
AT,AKC,urban,2023-03-01 17:00:00+00:00,1,26.863,25.020863855445402
AT,AKC,urban,2023-03-01 18:00:00+00:00,1,28.8195,27.749952958315554
AT,AKC,urban,2023-03-01 19:00:00+00:00,1,27.265,29.476961719675977
AT,AKC,urban,2023-03-01 20:00:00+00:00,1,29.798,27.012834547123777
AT,AKC,urban,2023-03-01 21:00:00+00:00,1,33.582,28.67567068518123
AT,AKC,urban,2023-03-01 22:00:00+00:00,1,37.0725,31.46370198622191
AT,AKC,urban,2023-03-01 23:00:00+00:00,1,38.9195,34.50712915984749
AT,AKC,urban,2023-03-02 00:00:00+00:00,1,40.858,36.57168246423007
AT,AKC,urban,2023-03-02 01:00:00+00:00,1,39.378,38.5194588927114
AT,AKC,urban,2023-03-02 02:00:00+00:00,1,38.2775,37.48284641938579
AT,AKC,urban,2023-03-02 03:00:00+00:00,1,38.418,36.96097296835986
AT,AKC,urban,2023-03-02 04:00:00+00:00,1,38.4625,37.59485176020805
AT,AKC,urban,2023-03-02 05:00:00+00:00,1,39.555,38.21779600958054
AT,AKC,urban,2023-03-02 06:00:00+00:00,1,38.3725,38.91876949773428
AT,AKC,urban,2023-03-02 07:00:00+00:00,1,40.271,35.99209359426486
AT,AKC,urban,2023-03-02 08:00:00+00:00,1,40.64,38.15225905440232
AT,AKC,urban,2023-03-02 09:00:00+00:00,1,38.833,38.17983743096572
AT,AKC,urban,2023-03-02 10:00:00+00:00,1,34.778,37.186456936425714
AT,AKC,urban,2023-03-02 11:00:00+00:00,1,25.807,33.64990682250214
AT,AKC,urban,2023-03-02 12:00:00+00:00,1,23.5215,25.17603684237521
AT,AKC,urban,2023-03-02 13:00:00+00:00,1,23.13,23.360100549082325
AT,AKC,urban,2023-03-02 14:00:00+00:00,1,21.8685,22.81348549331271
AT,AKC,urban,2023-03-02 15:00:00+00:00,1,20.476,22.143144009855924
AT,AKC,urban,2023-03-02 16:00:00+00:00,1,21.0675,22.089414116130996
AT,AKC,urban,2023-03-02 17:00:00+00:00,1,20.556,22.886430140607914
AT,AKC,urban,2023-03-02 18:00:00+00:00,1,27.369,22.833775323370823
AT,AKC,urban,2023-03-02 19:00:00+00:00,1,23.7595,29.878535269476224
AT,AKC,urban,2023-03-02 20:00:00+00:00,1,26.7695,23.983268242219896
AT,AKC,urban,2023-03-02 21:00:00+00:00,1,22.5355,27.636346099765955
AT,AKC,urban,2023-03-02 22:00:00+00:00,1,21.967,22.88072786273215
AT,AKC,urban,2023-03-02 23:00:00+00:00,1,20.72,23.078222429660634
AT,AKC,urban,2023-03-03 00:00:00+00:00,1,20.0765,21.616276757374155
AT,AKC,urban,2023-03-03 01:00:00+00:00,1,22.793,20.625947710144942
AT,AKC,urban,2023-03-03 02:00:00+00:00,1,27.1455,22.7427006603995
AT,AKC,urban,2023-03-03 03:00:00+00:00,1,32.1075,26.73839839964394
AT,AKC,urban,2023-03-03 04:00:00+00:00,1,32.3175,29.877715864726397
AT,AKC,urban,2023-03-03 05:00:00+00:00,1,35.9975,32.22600008997019
AT,AKC,urban,2023-03-03 06:00:00+00:00,1,41.931,34.95318903565662
AT,AKC,urban,2023-03-03 07:00:00+00:00,1,37.486,36.65848474588224
AT,AKC,urban,2023-03-03 08:00:00+00:00,1,36.177,34.12278638011652
AT,AKC,urban,2023-03-03 09:00:00+00:00,1,33.8385,33.82303272726867
AT,AKC,urban,2023-03-03 10:00:00+00:00,1,29.032,31.666139840115548
AT,AKC,urban,2023-03-03 11:00:00+00:00,1,28.5285,27.604527973558717
AT,AKC,urban,2023-03-03 12:00:00+00:00,1,27.756,27.189648416809273
AT,AKC,urban,2023-03-03 13:00:00+00:00,1,24.4805,26.585399875502215
AT,AKC,urban,2023-03-03 14:00:00+00:00,1,18.873,23.496360523267803
AT,AKC,urban,2023-03-03 15:00:00+00:00,1,21.161,18.90993076151683
AT,AKC,urban,2023-03-03 16:00:00+00:00,1,21.771,21.377804951427677
AT,AKC,urban,2023-03-03 17:00:00+00:00,1,21.57,22.290272701661472
AT,AKC,urban,2023-03-03 18:00:00+00:00,1,26.805,21.29234977223374
AT,AKC,urban,2023-03-03 19:00:00+00:00,1,26.211,25.330018625417978
AT,AKC,urban,2023-03-03 20:00:00+00:00,1,25.605,25.015906293304383
AT,AKC,urban,2023-03-03 21:00:00+00:00,1,24.8345,25.271373170501988
AT,AKC,urban,2023-03-03 22:00:00+00:00,1,26.6875,24.874101108845252
AT,AKC,urban,2023-03-03 23:00:00+00:00,1,26.1155,26.566110702612825
AT,AKC,urban,2023-03-04 00:00:00+00:00,1,19.8925,25.888935374607655
AT,AKC,urban,2023-03-04 01:00:00+00:00,1,17.2045,20.491838861873735
AT,AKC,urban,2023-03-04 02:00:00+00:00,1,23.849,18.11558414904578
AT,AKC,urban,2023-03-04 03:00:00+00:00,1,37.4575,23.763779590921875
AT,AKC,urban,2023-03-04 04:00:00+00:00,1,35.3915,33.60166482080803
AT,AKC,urban,2023-03-04 05:00:00+00:00,1,35.2055,32.2942563049863
AT,AKC,urban,2023-03-04 06:00:00+00:00,1,35.8105,33.576476725042795
AT,AKC,urban,2023-03-04 07:00:00+00:00,1,34.9475,33.48053060646666
AT,AKC,urban,2023-03-04 08:00:00+00:00,1,22.587,32.86780599627226
AT,AKC,urban,2023-03-04 09:00:00+00:00,1,15.5495,21.821323529258688
AT,AKC,urban,2023-03-04 10:00:00+00:00,1,15.475,15.269809713110856
AT,AKC,urban,2023-03-04 11:00:00+00:00,1,14.216,15.08749629393445
AT,AKC,urban,2023-03-04 12:00:00+00:00,1,16.2775,13.791947703515483
AT,AKC,urban,2023-03-04 13:00:00+00:00,1,17.03,15.663670181625601
AT,AKC,urban,2023-03-04 14:00:00+00:00,1,19.8865,16.55999394701373
AT,AKC,urban,2023-03-04 15:00:00+00:00,1,19.4085,19.114229320289766
AT,AKC,urban,2023-03-04 16:00:00+00:00,1,18.1635,18.63353561484581
AT,AKC,urban,2023-03-04 17:00:00+00:00,1,14.7455,18.387859751267364
AT,AKC,urban,2023-03-04 18:00:00+00:00,1,13.914,14.932055612296327
AT,AKC,urban,2023-03-04 19:00:00+00:00,1,12.068,13.74706200079994
AT,AKC,urban,2023-03-04 20:00:00+00:00,1,13.364,12.601671227313624
AT,AKC,urban,2023-03-04 21:00:00+00:00,1,15.0915,14.110604187025832
AT,AKC,urban,2023-03-04 22:00:00+00:00,1,16.119,15.314717704744488
AT,AKC,urban,2023-03-04 23:00:00+00:00,1,16.236,15.882605395959615
AT,AKC,urban,2023-03-05 00:00:00+00:00,1,15.1615,15.932946943910544
AT,AKC,urban,2023-03-05 01:00:00+00:00,1,15.1205,15.019720039806433
AT,AKC,urban,2023-03-05 02:00:00+00:00,1,15.196,15.040307134736754
AT,AKC,urban,2023-03-05 03:00:00+00:00,1,14.9545,15.016463586226568
AT,AKC,urban,2023-03-05 04:00:00+00:00,1,15.0535,14.50947354740428
AT,AKC,urban,2023-03-05 05:00:00+00:00,1,14.232,14.681354089344424
AT,AKC,urban,2023-03-05 06:00:00+00:00,1,16.1365,13.876260491003329
AT,AKC,urban,2023-03-05 07:00:00+00:00,1,16.4895,15.289956417676944
AT,AKC,urban,2023-03-05 08:00:00+00:00,1,16.67,15.436821817379986
AT,AKC,urban,2023-03-05 09:00:00+00:00,1,15.6915,16.044937972621057
AT,AKC,urban,2023-03-05 10:00:00+00:00,1,15.806,14.857581847655993
AT,AKC,urban,2023-03-05 11:00:00+00:00,1,14.967,15.26271125193102
AT,AKC,urban,2023-03-05 12:00:00+00:00,1,7.20655,14.597918707935104
AT,AKC,urban,2023-03-05 13:00:00+00:00,1,6.267799,7.259649099190586
AT,AKC,urban,2023-03-05 14:00:00+00:00,1,6.499599,6.635074412293459
AT,AKC,urban,2023-03-05 15:00:00+00:00,1,6.649899,7.002134515620295
AT,AKC,urban,2023-03-05 16:00:00+00:00,1,6.54135,7.183976897568154
AT,AKC,urban,2023-03-05 17:00:00+00:00,1,6.602999,7.196198065481067
AT,AKC,urban,2023-03-05 18:00:00+00:00,1,7.215849,7.301002270699943
AT,AKC,urban,2023-03-05 19:00:00+00:00,1,7.3928,7.813926029221953
AT,AKC,urban,2023-03-05 20:00:00+00:00,1,7.830149,7.754396996071076
AT,AKC,urban,2023-03-05 21:00:00+00:00,1,9.726949,8.249301065227904
AT,AKC,urban,2023-03-05 22:00:00+00:00,1,11.132,9.740002541258914
AT,AKC,urban,2023-03-05 23:00:00+00:00,1,8.545598,10.865842435904298
AT,AKC,urban,2023-03-06 00:00:00+00:00,1,6.465049,8.226085318252913
AT,AKC,urban,2023-03-06 01:00:00+00:00,1,5.277199,6.66811585521112
AT,AKC,urban,2023-03-06 02:00:00+00:00,1,5.028349,5.666511790875997
AT,AKC,urban,2023-03-06 03:00:00+00:00,1,5.318049,5.675531800620998
AT,AKC,urban,2023-03-06 04:00:00+00:00,1,7.400699,6.18445914297623
AT,AKC,urban,2023-03-06 05:00:00+00:00,1,9.9348,8.288669763652848
AT,AKC,urban,2023-03-06 06:00:00+00:00,1,13.182,11.012167547574784
AT,AKC,urban,2023-03-06 07:00:00+00:00,1,14.0675,13.244388202266602
AT,AKC,urban,2023-03-06 08:00:00+00:00,1,14.195,12.467602364846659
AT,AKC,urban,2023-03-06 09:00:00+00:00,1,14.477,13.340542789713087
AT,AKC,urban,2023-03-06 10:00:00+00:00,1,14.153,13.434686940856746
AT,AKC,urban,2023-03-06 11:00:00+00:00,1,15.156,13.199056760345702
AT,AKC,urban,2023-03-06 12:00:00+00:00,1,14.2755,14.451449374968732
AT,AKC,urban,2023-03-06 13:00:00+00:00,1,14.3585,13.45880002464327
AT,AKC,urban,2023-03-06 14:00:00+00:00,1,12.9085,13.508201939151007
AT,AKC,urban,2023-03-06 15:00:00+00:00,1,13.389,12.051829724300067
AT,AKC,urban,2023-03-06 16:00:00+00:00,1,14.8365,13.25512541857756
AT,AKC,urban,2023-03-06 17:00:00+00:00,1,15.991,14.76347275239505
AT,AKC,urban,2023-03-06 18:00:00+00:00,1,16.084,15.541094670896037
AT,AKC,urban,2023-03-06 19:00:00+00:00,1,14.842,14.974895168554905
AT,AKC,urban,2023-03-06 20:00:00+00:00,1,14.0075,14.245502690529356
AT,AKC,urban,2023-03-06 21:00:00+00:00,1,14.955,13.527330894645196
AT,AKC,urban,2023-03-06 22:00:00+00:00,1,15.2545,14.543589862395034
AT,AKC,urban,2023-03-06 23:00:00+00:00,1,16.339,14.567835295009921
AT,AKC,urban,2023-03-07 00:00:00+00:00,1,17.215,15.530645885021112
AT,AKC,urban,2023-03-07 01:00:00+00:00,1,17.182,16.43808048430146
AT,AKC,urban,2023-03-07 02:00:00+00:00,1,16.338,16.5401730294858
AT,AKC,urban,2023-03-07 03:00:00+00:00,1,16.8535,15.762138230703371
AT,AKC,urban,2023-03-07 04:00:00+00:00,1,15.593,16.941343954477695
AT,AKC,urban,2023-03-07 05:00:00+00:00,1,16.114,16.36320325652248
AT,AKC,urban,2023-03-07 06:00:00+00:00,1,16.4095,17.621258856438843
AT,AKC,urban,2023-03-07 07:00:00+00:00,1,19.033,18.099859366161695
AT,AKC,urban,2023-03-07 08:00:00+00:00,1,17.066,18.218232933962163
AT,AKC,urban,2023-03-07 09:00:00+00:00,1,14.558,15.856110972206398
AT,AKC,urban,2023-03-07 10:00:00+00:00,1,16.0005,13.787806918950778
AT,AKC,urban,2023-03-07 11:00:00+00:00,1,14.4985,15.31263816298571
AT,AKC,urban,2023-03-07 12:00:00+00:00,1,12.4115,14.09178354883203
AT,AKC,urban,2023-03-07 13:00:00+00:00,1,10.37175,12.451594378167407
AT,AKC,urban,2023-03-07 14:00:00+00:00,1,9.979999,10.976211958964566
AT,AKC,urban,2023-03-07 15:00:00+00:00,1,12.3005,10.546676296522275
AT,AKC,urban,2023-03-07 16:00:00+00:00,1,15.7495,12.619170854498162
AT,AKC,urban,2023-03-07 17:00:00+00:00,1,17.411,15.454365693023142
AT,AKC,urban,2023-03-07 18:00:00+00:00,1,18.23,16.9581803464662
AT,AKC,urban,2023-03-07 19:00:00+00:00,1,20.298,18.273123914767297
AT,AKC,urban,2023-03-07 20:00:00+00:00,1,23.752,20.579354043124972
AT,AKC,urban,2023-03-07 21:00:00+00:00,1,24.7245,24.13003334810802
AT,AKC,urban,2023-03-07 22:00:00+00:00,1,18.267,24.16583076949834
AT,AKC,urban,2023-03-07 23:00:00+00:00,1,16.3875,16.405852385242984
AT,AKC,urban,2023-03-08 00:00:00+00:00,1,11.9335,14.86344309292824
AT,AKC,urban,2023-03-08 01:00:00+00:00,1,11.78,11.648853650219717
AT,AKC,urban,2023-03-08 02:00:00+00:00,1,12.642,11.53662667023594
AT,AKC,urban,2023-03-08 03:00:00+00:00,1,12.0315,12.17616599681924
AT,AKC,urban,2023-03-08 04:00:00+00:00,1,13.1305,11.46579507368968
AT,AKC,urban,2023-03-08 05:00:00+00:00,1,13.6995,12.794036037623314
AT,AKC,urban,2023-03-08 06:00:00+00:00,1,11.948,13.484104587178876
AT,AKC,urban,2023-03-08 07:00:00+00:00,1,8.958499,11.293714022681229
AT,AKC,urban,2023-03-08 08:00:00+00:00,1,8.930049,8.878973711099103
AT,AKC,urban,2023-03-08 09:00:00+00:00,1,10.78,9.04323219534822
AT,AKC,urban,2023-03-08 10:00:00+00:00,1,16.8315,11.123052953896998
AT,AKC,urban,2023-03-08 11:00:00+00:00,1,17.633,15.239036203931441
AT,AKC,urban,2023-03-08 12:00:00+00:00,1,18.5575,16.120479275225957
AT,AKC,urban,2023-03-08 13:00:00+00:00,1,17.1815,17.665151040561494
AT,AKC,urban,2023-03-08 14:00:00+00:00,1,17.5905,16.783976741741963
AT,AKC,urban,2023-03-08 15:00:00+00:00,1,19.1365,17.483017644451344
AT,AKC,urban,2023-03-08 16:00:00+00:00,1,20.804,19.454004146584158
AT,AKC,urban,2023-03-08 17:00:00+00:00,1,24.521,22.421023808393056
AT,AKC,urban,2023-03-08 18:00:00+00:00,1,22.5455,25.627637978891702
AT,AKC,urban,2023-03-08 19:00:00+00:00,1,19.386,22.190218604624725
AT,AKC,urban,2023-03-08 20:00:00+00:00,1,20.996,18.878242055411764
AT,AKC,urban,2023-03-08 21:00:00+00:00,1,19.69,21.43493546375615
AT,AKC,urban,2023-03-08 22:00:00+00:00,1,14.2655,19.580648830699293
AT,AKC,urban,2023-03-08 23:00:00+00:00,1,6.968999,13.241448704734161
AT,AKC,urban,2023-03-09 00:00:00+00:00,1,8.1877,5.447090195348931
AT,AKC,urban,2023-03-09 01:00:00+00:00,1,8.63175,8.424393149780066
AT,AKC,urban,2023-03-09 02:00:00+00:00,1,8.79725,8.584502389259015
AT,AKC,urban,2023-03-09 03:00:00+00:00,1,9.95585,9.338294149982563
AT,AKC,urban,2023-03-09 04:00:00+00:00,1,10.11,10.901180456903258
AT,AKC,urban,2023-03-09 05:00:00+00:00,1,4.43445,11.984902163609082
AT,AKC,urban,2023-03-09 06:00:00+00:00,1,3.8366,3.734376506659874
AT,AKC,urban,2023-03-09 07:00:00+00:00,1,8.369899,4.369942242286452
AT,AKC,urban,2023-03-09 08:00:00+00:00,1,11.2852,7.5806627878094055
AT,AKC,urban,2023-03-09 09:00:00+00:00,1,7.919899,10.243681839439656
AT,AKC,urban,2023-03-09 10:00:00+00:00,1,4.1655,8.404928658298822
AT,AKC,urban,2023-03-09 11:00:00+00:00,1,3.34605,3.681891435674949
AT,AKC,urban,2023-03-09 12:00:00+00:00,1,3.0394,2.4175804262229263
AT,AKC,urban,2023-03-09 13:00:00+00:00,1,2.560349,2.475525853666788
AT,AKC,urban,2023-03-09 14:00:00+00:00,1,2.434949,2.4223331922433182
AT,AKC,urban,2023-03-09 15:00:00+00:00,1,2.1388,2.8588815874338245
AT,AKC,urban,2023-03-09 16:00:00+00:00,1,2.80765,2.6605654632427296
AT,AKC,urban,2023-03-09 17:00:00+00:00,1,5.629449,3.8819180724784523
AT,AKC,urban,2023-03-09 18:00:00+00:00,1,8.88735,7.2675832403801905
AT,AKC,urban,2023-03-09 19:00:00+00:00,1,11.546,10.207814813897603
AT,AKC,urban,2023-03-09 20:00:00+00:00,1,11.8785,12.042494012463958
AT,AKC,urban,2023-03-09 21:00:00+00:00,1,9.735199,11.551896696422741
AT,AKC,urban,2023-03-09 22:00:00+00:00,1,6.614999,9.725091987756787
AT,AKC,urban,2023-03-09 23:00:00+00:00,1,7.91335,5.513500699693484
AT,AKC,urban,2023-03-10 00:00:00+00:00,1,6.977299,8.346579924053323
AT,AKC,urban,2023-03-10 01:00:00+00:00,1,6.316599,7.100573442091463
AT,AKC,urban,2023-03-10 02:00:00+00:00,1,6.363249,6.880694311221255
AT,AKC,urban,2023-03-10 03:00:00+00:00,1,6.30625,7.309903471544043
AT,AKC,urban,2023-03-10 04:00:00+00:00,1,8.321949,6.448310978354076
AT,AKC,urban,2023-03-10 05:00:00+00:00,1,10.418,9.367759516710493
AT,AKC,urban,2023-03-10 06:00:00+00:00,1,9.86625,10.593949510828985
AT,AKC,urban,2023-03-10 07:00:00+00:00,1,12.491,8.76983718776345
AT,AKC,urban,2023-03-10 08:00:00+00:00,1,14.5525,11.439688081530498
AT,AKC,urban,2023-03-10 09:00:00+00:00,1,14.5375,12.81455614707441
AT,AKC,urban,2023-03-10 10:00:00+00:00,1,6.373549,13.102357743673423
AT,AKC,urban,2023-03-10 11:00:00+00:00,1,4.423299,4.3185370367667275
AT,AKC,urban,2023-03-10 12:00:00+00:00,1,4.38485,3.3380424081526066
AT,AKC,urban,2023-03-10 13:00:00+00:00,1,3.998449,4.098778839428121
AT,AKC,urban,2023-03-10 14:00:00+00:00,1,3.409399,4.158329764171171
AT,AKC,urban,2023-03-10 15:00:00+00:00,1,3.001199,4.138395895823347
AT,AKC,urban,2023-03-10 16:00:00+00:00,1,3.7868,3.140857521457093
AT,AKC,urban,2023-03-10 17:00:00+00:00,1,2.92985,4.442689044874044
AT,AKC,urban,2023-03-10 18:00:00+00:00,1,2.82655,3.0636308323798858
AT,AKC,urban,2023-03-10 19:00:00+00:00,1,1.7388,2.920630869780787
AT,AKC,urban,2023-03-10 20:00:00+00:00,1,1.533349,1.704438716859105
AT,AKC,urban,2023-03-10 21:00:00+00:00,1,1.8664,1.583954856254568
AT,AKC,urban,2023-03-10 22:00:00+00:00,1,2.076799,1.9964688941936721
AT,AKC,urban,2023-03-10 23:00:00+00:00,1,2.193599,2.0645202123464728
AT,AKC,urban,2023-03-11 00:00:00+00:00,1,2.0566,2.291569165918105
AT,AKC,urban,2023-03-11 01:00:00+00:00,1,2.0848,2.0239397150989866
AT,AKC,urban,2023-03-11 02:00:00+00:00,1,2.366099,1.9692010223517613
AT,AKC,urban,2023-03-11 03:00:00+00:00,1,1.993149,2.278072679688343
AT,AKC,urban,2023-03-11 04:00:00+00:00,1,1.777149,2.0296855614229834
AT,AKC,urban,2023-03-11 05:00:00+00:00,1,2.2049,1.7752157435181246
AT,AKC,urban,2023-03-11 06:00:00+00:00,1,2.412799,2.119699011527043
AT,AKC,urban,2023-03-11 07:00:00+00:00,1,2.1117,2.0451371426864746
AT,AKC,urban,2023-03-11 08:00:00+00:00,1,1.9799,1.6630952728972197
AT,AKC,urban,2023-03-11 09:00:00+00:00,1,1.7111,1.3903973037414303
AT,AKC,urban,2023-03-11 10:00:00+00:00,1,2.004349,1.1554872429400582
AT,AKC,urban,2023-03-11 11:00:00+00:00,1,1.832149,1.5641078715374128
AT,AKC,urban,2023-03-11 12:00:00+00:00,1,2.007899,1.5143854990943737
AT,AKC,urban,2023-03-11 13:00:00+00:00,1,2.085899,1.8676921593796614
AT,AKC,urban,2023-03-11 14:00:00+00:00,1,1.896849,1.9447293676964499
AT,AKC,urban,2023-03-11 15:00:00+00:00,1,1.903149,1.9421107933642965
AT,AKC,urban,2023-03-11 16:00:00+00:00,1,2.20015,2.0490844723269355
AT,AKC,urban,2023-03-11 17:00:00+00:00,1,2.58825,2.3749838235886642
AT,AKC,urban,2023-03-11 18:00:00+00:00,1,2.712249,2.663553443967082
AT,AKC,urban,2023-03-11 19:00:00+00:00,1,2.996449,2.766612461156658
AT,AKC,urban,2023-03-11 20:00:00+00:00,1,3.6356,3.0454184249213405
AT,AKC,urban,2023-03-11 21:00:00+00:00,1,4.2128,3.683138973165132
AT,AKC,urban,2023-03-11 22:00:00+00:00,1,4.51305,4.150672852173184
AT,AKC,urban,2023-03-11 23:00:00+00:00,1,4.433349,4.481840928051582
AT,AKC,urban,2023-03-12 00:00:00+00:00,1,4.340549,4.576276128300048
AT,AKC,urban,2023-03-12 01:00:00+00:00,1,4.563549,4.5715068089376025
AT,AKC,urban,2023-03-12 02:00:00+00:00,1,4.858799,4.725116118230719
AT,AKC,urban,2023-03-12 03:00:00+00:00,1,5.07065,4.808439668003572
AT,AKC,urban,2023-03-12 04:00:00+00:00,1,4.93125,5.110574784836995
AT,AKC,urban,2023-03-12 05:00:00+00:00,1,4.7883,5.1923282791573655
AT,AKC,urban,2023-03-12 06:00:00+00:00,1,3.5899,5.066467406731828
AT,AKC,urban,2023-03-12 07:00:00+00:00,1,3.322599,3.5538614468738245
AT,AKC,urban,2023-03-12 08:00:00+00:00,1,3.7445,3.302032181158232
AT,AKC,urban,2023-03-12 09:00:00+00:00,1,4.8429,3.598388519888122
AT,AKC,urban,2023-03-12 10:00:00+00:00,1,6.496449,4.466236542752874
AT,AKC,urban,2023-03-12 11:00:00+00:00,1,6.84395,5.80599840316248
AT,AKC,urban,2023-03-12 12:00:00+00:00,1,6.2856,6.225930418943193
AT,AKC,urban,2023-03-12 13:00:00+00:00,1,6.623049,5.963618960557351
AT,AKC,urban,2023-03-12 14:00:00+00:00,1,8.0429,6.429106243292768
AT,AKC,urban,2023-03-12 15:00:00+00:00,1,7.979099,7.809469315495424
AT,AKC,urban,2023-03-12 16:00:00+00:00,1,9.391649,7.870950586138772
AT,AKC,urban,2023-03-12 17:00:00+00:00,1,10.169,9.622497057945758
AT,AKC,urban,2023-03-12 18:00:00+00:00,1,8.21955,10.496759703537453
AT,AKC,urban,2023-03-12 19:00:00+00:00,1,8.030799,8.342418400057227
AT,AKC,urban,2023-03-12 20:00:00+00:00,1,5.046299,8.598788671327547
AT,AKC,urban,2023-03-12 21:00:00+00:00,1,5.436249,4.618459102556496
AT,AKC,urban,2023-03-12 22:00:00+00:00,1,5.03975,5.923645360026644
AT,AKC,urban,2023-03-12 23:00:00+00:00,1,7.172049,5.453417515407757
AT,AKC,urban,2023-03-13 00:00:00+00:00,1,5.877799,8.080258236997828
AT,AKC,urban,2023-03-13 01:00:00+00:00,1,7.16965,6.132784246578538
AT,AKC,urban,2023-03-13 02:00:00+00:00,1,7.92315,8.079976384939304
AT,AKC,urban,2023-03-13 03:00:00+00:00,1,7.73025,8.447599854377106
AT,AKC,urban,2023-03-13 04:00:00+00:00,1,6.65135,9.076319295412365
AT,AKC,urban,2023-03-13 05:00:00+00:00,1,8.41565,8.471973810583037
AT,AKC,urban,2023-03-13 06:00:00+00:00,1,9.906599,8.95526102991677
AT,AKC,urban,2023-03-13 07:00:00+00:00,1,6.90015,9.590762615289194
AT,AKC,urban,2023-03-13 08:00:00+00:00,1,8.838449,6.065911347882636
AT,AKC,urban,2023-03-13 09:00:00+00:00,1,11.04,8.112643589163678
AT,AKC,urban,2023-03-13 10:00:00+00:00,1,11.4095,9.795322213086589
AT,AKC,urban,2023-03-13 11:00:00+00:00,1,8.154999,11.300964489639732
AT,AKC,urban,2023-03-13 12:00:00+00:00,1,7.762899,7.457269323575151
AT,AKC,urban,2023-03-13 13:00:00+00:00,1,7.07105,8.082041992586518
AT,AKC,urban,2023-03-13 14:00:00+00:00,1,8.962049,7.480593017805251
AT,AKC,urban,2023-03-13 15:00:00+00:00,1,9.2686,9.44656805088415
AT,AKC,urban,2023-03-13 16:00:00+00:00,1,9.13105,9.900751164788595
AT,AKC,urban,2023-03-13 17:00:00+00:00,1,9.1525,9.82043589895645
AT,AKC,urban,2023-03-13 18:00:00+00:00,1,9.903049,8.438261340540333
AT,AKC,urban,2023-03-13 19:00:00+00:00,1,9.1848,9.474563574290208
AT,AKC,urban,2023-03-13 20:00:00+00:00,1,9.414249,9.012792466217043
AT,AKC,urban,2023-03-13 21:00:00+00:00,1,10.216,9.504216746942777
AT,AKC,urban,2023-03-13 22:00:00+00:00,1,8.73565,9.944648202624016
AT,AKC,urban,2023-03-13 23:00:00+00:00,1,7.857399,8.473049373715803
AT,AKC,urban,2023-03-14 00:00:00+00:00,1,7.526049,8.008061992574529
AT,AKC,urban,2023-03-14 01:00:00+00:00,1,7.812399,8.184146033998214
AT,AKC,urban,2023-03-14 02:00:00+00:00,1,8.116499,8.72866559228499
AT,AKC,urban,2023-03-14 03:00:00+00:00,1,9.600799,8.46934774482429
AT,AKC,urban,2023-03-14 04:00:00+00:00,1,8.755199,9.676601980631943
AT,AKC,urban,2023-03-14 05:00:00+00:00,1,11.3125,9.223476657942445
AT,AKC,urban,2023-03-14 06:00:00+00:00,1,12.3145,12.69096037655181
AT,AKC,urban,2023-03-14 07:00:00+00:00,1,3.0612,12.773373090961552
AT,AKC,urban,2023-03-14 08:00:00+00:00,1,4.01265,2.132671978385673
AT,AKC,urban,2023-03-14 09:00:00+00:00,1,8.079549,4.263605011587892
AT,AKC,urban,2023-03-14 10:00:00+00:00,1,3.108799,8.64663494021941
AT,AKC,urban,2023-03-14 11:00:00+00:00,1,2.600699,1.2392957383763878
AT,AKC,urban,2023-03-14 12:00:00+00:00,1,2.524399,2.6497100834232015
AT,AKC,urban,2023-03-14 13:00:00+00:00,1,1.911949,2.0944290592626693
AT,AKC,urban,2023-03-14 14:00:00+00:00,1,3.508949,2.347310602621505
AT,AKC,urban,2023-03-14 15:00:00+00:00,1,4.8736,4.9081518899600844
AT,AKC,urban,2023-03-14 16:00:00+00:00,1,6.9333,6.447719846313902
AT,AKC,urban,2023-03-14 17:00:00+00:00,1,8.69045,9.151229581192645
AT,AKC,urban,2023-03-14 18:00:00+00:00,1,2.2548,9.944030303121085
AT,AKC,urban,2023-03-14 19:00:00+00:00,1,2.4282,-1.005226901085397
AT,AKC,urban,2023-03-14 20:00:00+00:00,1,2.47615,2.278392919578696
AT,AKC,urban,2023-03-14 21:00:00+00:00,1,2.38345,2.4122603617805645
AT,AKC,urban,2023-03-14 22:00:00+00:00,1,2.55595,2.610515854488373
AT,AKC,urban,2023-03-14 23:00:00+00:00,1,2.634749,2.648077561297523
AT,AKC,urban,2023-03-15 00:00:00+00:00,1,2.354,2.5802711434833547
AT,AKC,urban,2023-03-15 01:00:00+00:00,1,2.7515,2.2393009328301794
AT,AKC,urban,2023-03-15 02:00:00+00:00,1,3.967899,2.8404912562336087
AT,AKC,urban,2023-03-15 03:00:00+00:00,1,4.0148,3.831497883595457
AT,AKC,urban,2023-03-15 04:00:00+00:00,1,3.9386,3.905487020104623
AT,AKC,urban,2023-03-15 05:00:00+00:00,1,4.025799,4.148777101882548
AT,AKC,urban,2023-03-15 06:00:00+00:00,1,3.877349,4.28363300707959
AT,AKC,urban,2023-03-15 07:00:00+00:00,1,4.6753,3.7495553745751558
AT,AKC,urban,2023-03-15 08:00:00+00:00,1,4.7452,4.346578811194949
AT,AKC,urban,2023-03-15 09:00:00+00:00,1,4.70755,4.249655965901216
AT,AKC,urban,2023-03-15 10:00:00+00:00,1,4.5486,4.308912121486763
AT,AKC,urban,2023-03-15 11:00:00+00:00,1,5.5664,4.0562818609924705
AT,AKC,urban,2023-03-15 12:00:00+00:00,1,4.420849,5.162232224645155
AT,AKC,urban,2023-03-15 13:00:00+00:00,1,3.843499,4.131445648118376
AT,AKC,urban,2023-03-15 14:00:00+00:00,1,4.0904,3.700431106240977
AT,AKC,urban,2023-03-15 15:00:00+00:00,1,3.320749,4.1477384223367935
AT,AKC,urban,2023-03-15 16:00:00+00:00,1,4.051249,3.472577098828559
AT,AKC,urban,2023-03-15 17:00:00+00:00,1,4.158349,4.282598269766712
AT,AKC,urban,2023-03-15 18:00:00+00:00,1,4.239299,4.408833921868478
AT,AKC,urban,2023-03-15 19:00:00+00:00,1,4.945849,4.393787754717792
AT,AKC,urban,2023-03-15 20:00:00+00:00,1,5.196949,5.064996218189044
AT,AKC,urban,2023-03-15 21:00:00+00:00,1,4.104249,5.231263427373705
AT,AKC,urban,2023-03-15 22:00:00+00:00,1,3.8011,4.30465205730669
AT,AKC,urban,2023-03-15 23:00:00+00:00,1,4.352999,4.0637682038982526
AT,AKC,urban,2023-03-16 00:00:00+00:00,1,5.2806,4.691481996067214
AT,AKC,urban,2023-03-16 01:00:00+00:00,1,6.734149,5.368527730260357
AT,AKC,urban,2023-03-16 02:00:00+00:00,1,8.149399,6.544518219703495
AT,AKC,urban,2023-03-16 03:00:00+00:00,1,8.8802,7.675031613582547
AT,AKC,urban,2023-03-16 04:00:00+00:00,1,9.302049,8.43277360393493
AT,AKC,urban,2023-03-16 05:00:00+00:00,1,10.0444,9.234810691654971
AT,AKC,urban,2023-03-16 06:00:00+00:00,1,9.251799,9.740474858416171
AT,AKC,urban,2023-03-16 07:00:00+00:00,1,7.544549,8.809535135351016
AT,AKC,urban,2023-03-16 08:00:00+00:00,1,5.078949,7.149541621901562
AT,AKC,urban,2023-03-16 09:00:00+00:00,1,5.0655,4.270872296442267
AT,AKC,urban,2023-03-16 10:00:00+00:00,1,6.526149,4.815460998197032
AT,AKC,urban,2023-03-16 11:00:00+00:00,1,6.284399,6.056304869204848
AT,AKC,urban,2023-03-16 12:00:00+00:00,1,6.643099,6.528602930609207
AT,AKC,urban,2023-03-16 13:00:00+00:00,1,5.943349,6.662346260638216
AT,AKC,urban,2023-03-16 14:00:00+00:00,1,5.232199,6.063542774711589
AT,AKC,urban,2023-03-16 15:00:00+00:00,1,5.5071,5.430972694606972
AT,AKC,urban,2023-03-16 16:00:00+00:00,1,5.8736,5.926939209596796
AT,AKC,urban,2023-03-16 17:00:00+00:00,1,8.6901,7.048420597324256
AT,AKC,urban,2023-03-16 18:00:00+00:00,1,10.32065,9.780544340712119
AT,AKC,urban,2023-03-16 19:00:00+00:00,1,12.265,10.669798407325569
AT,AKC,urban,2023-03-16 20:00:00+00:00,1,12.149,12.6103081999876
AT,AKC,urban,2023-03-16 21:00:00+00:00,1,12.947,11.607173066532376
AT,AKC,urban,2023-03-16 22:00:00+00:00,1,12.6575,12.585623217926575
AT,AKC,urban,2023-03-16 23:00:00+00:00,1,10.8465,12.418547126716977
AT,AKC,urban,2023-03-17 00:00:00+00:00,1,8.9885,10.5617913755184
AT,AKC,urban,2023-03-17 01:00:00+00:00,1,8.579549,8.598993065582775
AT,AKC,urban,2023-03-17 02:00:00+00:00,1,8.702199,8.62300519138753
AT,AKC,urban,2023-03-17 03:00:00+00:00,1,9.226499,8.829242751793533
AT,AKC,urban,2023-03-17 04:00:00+00:00,1,10.05145,9.343134727114009
AT,AKC,urban,2023-03-17 05:00:00+00:00,1,11.5115,10.45174089248922
AT,AKC,urban,2023-03-17 06:00:00+00:00,1,10.4661,11.58975692400399
AT,AKC,urban,2023-03-17 07:00:00+00:00,1,9.69585,10.139796720174928
AT,AKC,urban,2023-03-17 08:00:00+00:00,1,10.5585,9.733745247260597
AT,AKC,urban,2023-03-17 09:00:00+00:00,1,9.988699,10.646324599570288
AT,AKC,urban,2023-03-17 10:00:00+00:00,1,8.65095,9.831598283375428
AT,AKC,urban,2023-03-17 11:00:00+00:00,1,7.73565,8.712450296833815
AT,AKC,urban,2023-03-17 12:00:00+00:00,1,7.473249,7.891491452295249
AT,AKC,urban,2023-03-17 13:00:00+00:00,1,8.189899,7.708279641306209
AT,AKC,urban,2023-03-17 14:00:00+00:00,1,8.127149,8.493717684462691
AT,AKC,urban,2023-03-17 15:00:00+00:00,1,7.270999,8.56128328568531
AT,AKC,urban,2023-03-17 16:00:00+00:00,1,7.707249,7.921800621872865
AT,AKC,urban,2023-03-17 17:00:00+00:00,1,8.04395,8.413835657803816
AT,AKC,urban,2023-03-17 18:00:00+00:00,1,8.0052,8.577265598175778
AT,AKC,urban,2023-03-17 19:00:00+00:00,1,7.653699,8.415208999440871
AT,AKC,urban,2023-03-17 20:00:00+00:00,1,7.260299,8.152565065607998
AT,AKC,urban,2023-03-17 21:00:00+00:00,1,6.835899,7.737076802533235
AT,AKC,urban,2023-03-17 22:00:00+00:00,1,7.25415,7.328568435212503
AT,AKC,urban,2023-03-17 23:00:00+00:00,1,8.46035,7.623377453127567
AT,AKC,urban,2023-03-18 00:00:00+00:00,1,8.442449,8.504073473378359
AT,AKC,urban,2023-03-18 01:00:00+00:00,1,8.999799,8.381772043896092
AT,AKC,urban,2023-03-18 02:00:00+00:00,1,9.26115,8.94005127821606
AT,AKC,urban,2023-03-18 03:00:00+00:00,1,9.550149,9.180525696799162
AT,AKC,urban,2023-03-18 04:00:00+00:00,1,9.979749,9.516713811382953
AT,AKC,urban,2023-03-18 05:00:00+00:00,1,10.147,9.887479632588345
AT,AKC,urban,2023-03-18 06:00:00+00:00,1,10.672,10.012336587730736
AT,AKC,urban,2023-03-18 07:00:00+00:00,1,10.6805,10.603680046451533
AT,AKC,urban,2023-03-18 08:00:00+00:00,1,10.9725,10.172967959493544
AT,AKC,urban,2023-03-18 09:00:00+00:00,1,11.202,10.734944383667383
AT,AKC,urban,2023-03-18 10:00:00+00:00,1,11.032,10.739395090311465
AT,AKC,urban,2023-03-18 11:00:00+00:00,1,10.9955,10.590026630307108
AT,AKC,urban,2023-03-18 12:00:00+00:00,1,10.0186,10.6304653228942
AT,AKC,urban,2023-03-18 13:00:00+00:00,1,9.316849,9.882189350049991
AT,AKC,urban,2023-03-18 14:00:00+00:00,1,9.78425,9.20829557751389
AT,AKC,urban,2023-03-18 15:00:00+00:00,1,9.471099,9.816987904642641
AT,AKC,urban,2023-03-18 16:00:00+00:00,1,9.734,9.792868801731931
AT,AKC,urban,2023-03-18 17:00:00+00:00,1,10.4445,10.099075218478163
AT,AKC,urban,2023-03-18 18:00:00+00:00,1,10.9715,10.733320993036852
AT,AKC,urban,2023-03-18 19:00:00+00:00,1,11.4145,11.044144219290246
AT,AKC,urban,2023-03-18 20:00:00+00:00,1,12.9,11.409973718627413
AT,AKC,urban,2023-03-18 21:00:00+00:00,1,15.1955,12.645613532062693
AT,AKC,urban,2023-03-18 22:00:00+00:00,1,15.757,14.44361972731469
AT,AKC,urban,2023-03-18 23:00:00+00:00,1,15.3985,14.90632246100903
AT,AKC,urban,2023-03-19 00:00:00+00:00,1,14.879,14.784687550759063
AT,AKC,urban,2023-03-19 01:00:00+00:00,1,14.581,14.478200749125026
AT,AKC,urban,2023-03-19 02:00:00+00:00,1,14.481,14.3323372070186
AT,AKC,urban,2023-03-19 03:00:00+00:00,1,14.5895,14.401783066668283
AT,AKC,urban,2023-03-19 04:00:00+00:00,1,15.1105,14.592632537125397
AT,AKC,urban,2023-03-19 05:00:00+00:00,1,15.652,15.573097652578788
AT,AKC,urban,2023-03-19 06:00:00+00:00,1,16.5725,15.538258669012993
AT,AKC,urban,2023-03-19 07:00:00+00:00,1,17.1335,15.876522525536448
AT,AKC,urban,2023-03-19 08:00:00+00:00,1,18.141,16.069084213387114
AT,AKC,urban,2023-03-19 09:00:00+00:00,1,18.3745,17.226521402351203
AT,AKC,urban,2023-03-19 10:00:00+00:00,1,18.4545,17.168514591752256
AT,AKC,urban,2023-03-19 11:00:00+00:00,1,17.848,17.546505357070107
AT,AKC,urban,2023-03-19 12:00:00+00:00,1,16.35,17.045558334904058
AT,AKC,urban,2023-03-19 13:00:00+00:00,1,16.127,15.734665999362726
AT,AKC,urban,2023-03-19 14:00:00+00:00,1,15.731,15.713240539992643
AT,AKC,urban,2023-03-19 15:00:00+00:00,1,15.8965,15.53321926805505
AT,AKC,urban,2023-03-19 16:00:00+00:00,1,18.682,16.007147123491173
AT,AKC,urban,2023-03-19 17:00:00+00:00,1,20.2455,19.571997914064582
AT,AKC,urban,2023-03-19 18:00:00+00:00,1,20.058,21.262463304431627
AT,AKC,urban,2023-03-19 19:00:00+00:00,1,24.2495,19.769121989727136
AT,AKC,urban,2023-03-19 20:00:00+00:00,1,20.8725,25.382305403535973
AT,AKC,urban,2023-03-19 21:00:00+00:00,1,20.0455,18.875367772341164
AT,AKC,urban,2023-03-19 22:00:00+00:00,1,18.7655,19.29397242012864
AT,AKC,urban,2023-03-19 23:00:00+00:00,1,20.689,17.76732856882682
AT,AKC,urban,2023-03-20 00:00:00+00:00,1,20.8175,20.730174048994048
AT,AKC,urban,2023-03-20 01:00:00+00:00,1,22.0585,20.047950198759956
AT,AKC,urban,2023-03-20 02:00:00+00:00,1,23.291,21.835984377646263
AT,AKC,urban,2023-03-20 03:00:00+00:00,1,25.336,22.093732183186695
AT,AKC,urban,2023-03-20 04:00:00+00:00,1,26.98,23.9538964158371
AT,AKC,urban,2023-03-20 05:00:00+00:00,1,28.368,27.053056241828322
AT,AKC,urban,2023-03-20 06:00:00+00:00,1,22.335,27.165629257987113
AT,AKC,urban,2023-03-20 07:00:00+00:00,1,16.3465,19.89254768822971
AT,AKC,urban,2023-03-20 08:00:00+00:00,1,10.3165,15.587543170305477
AT,AKC,urban,2023-03-20 09:00:00+00:00,1,8.346599,9.975316834053501
AT,AKC,urban,2023-03-20 10:00:00+00:00,1,9.9623,8.255165777833984
AT,AKC,urban,2023-03-20 11:00:00+00:00,1,12.273,11.2262734077298
AT,AKC,urban,2023-03-20 12:00:00+00:00,1,9.68395,12.9727133679079
AT,AKC,urban,2023-03-20 13:00:00+00:00,1,10.529,11.987376128322122
AT,AKC,urban,2023-03-20 14:00:00+00:00,1,8.91065,10.973820003345995
AT,AKC,urban,2023-03-20 15:00:00+00:00,1,8.23915,8.27550268877383
AT,AKC,urban,2023-03-20 16:00:00+00:00,1,8.8654,7.636168794935788
AT,AKC,urban,2023-03-20 17:00:00+00:00,1,10.7625,9.040900918782935
AT,AKC,urban,2023-03-20 18:00:00+00:00,1,11.3625,10.8538392873289
AT,AKC,urban,2023-03-20 19:00:00+00:00,1,10.536,11.42155237027843
AT,AKC,urban,2023-03-20 20:00:00+00:00,1,9.47615,10.754550356620761
AT,AKC,urban,2023-03-20 21:00:00+00:00,1,9.079649,9.813842538278717
AT,AKC,urban,2023-03-20 22:00:00+00:00,1,10.767,9.544258822378296
AT,AKC,urban,2023-03-20 23:00:00+00:00,1,9.806099,10.928853166997616
AT,AKC,urban,2023-03-21 00:00:00+00:00,1,7.95965,9.882087046383791
AT,AKC,urban,2023-03-21 01:00:00+00:00,1,8.2635,8.268326817214007
AT,AKC,urban,2023-03-21 02:00:00+00:00,1,9.711799,8.393247356511306
AT,AKC,urban,2023-03-21 03:00:00+00:00,1,9.733799,9.485133913149255
AT,AKC,urban,2023-03-21 04:00:00+00:00,1,10.54055,9.63809648092667
AT,AKC,urban,2023-03-21 05:00:00+00:00,1,13.1815,11.623618339122775
AT,AKC,urban,2023-03-21 06:00:00+00:00,1,9.65575,12.250916693784177
AT,AKC,urban,2023-03-21 07:00:00+00:00,1,8.5172,8.339963697748306
AT,AKC,urban,2023-03-21 08:00:00+00:00,1,8.848699,7.922553819623726
AT,AKC,urban,2023-03-21 09:00:00+00:00,1,8.36935,8.415834488411402
AT,AKC,urban,2023-03-21 10:00:00+00:00,1,8.7922,8.117971376479908
AT,AKC,urban,2023-03-21 11:00:00+00:00,1,7.9102,8.496869014687963
AT,AKC,urban,2023-03-21 12:00:00+00:00,1,5.763899,7.270396349624683
AT,AKC,urban,2023-03-21 13:00:00+00:00,1,7.03445,6.14657185196457
AT,AKC,urban,2023-03-21 14:00:00+00:00,1,7.626199,8.740592796287888
AT,AKC,urban,2023-03-21 15:00:00+00:00,1,5.842749,7.7302368327087265
AT,AKC,urban,2023-03-21 16:00:00+00:00,1,5.394599,5.469335371022872
AT,AKC,urban,2023-03-21 17:00:00+00:00,1,8.4526,5.8091562302854705
AT,AKC,urban,2023-03-21 18:00:00+00:00,1,8.9258,10.198797840935075
AT,AKC,urban,2023-03-21 19:00:00+00:00,1,12.189,9.877985897629667
AT,AKC,urban,2023-03-21 20:00:00+00:00,1,12.716,13.693803995343881
AT,AKC,urban,2023-03-21 21:00:00+00:00,1,11.993,12.704898749838897
AT,AKC,urban,2023-03-21 22:00:00+00:00,1,12.47,11.75070499196148
AT,AKC,urban,2023-03-21 23:00:00+00:00,1,8.459199,13.017523627818939
AT,AKC,urban,2023-03-22 00:00:00+00:00,1,10.784,7.529376841787727
AT,AKC,urban,2023-03-22 01:00:00+00:00,1,8.233249,11.534044930824521
AT,AKC,urban,2023-03-22 02:00:00+00:00,1,8.067049,7.32262760951102
AT,AKC,urban,2023-03-22 03:00:00+00:00,1,10.62475,7.314336788299119
AT,AKC,urban,2023-03-22 04:00:00+00:00,1,13.8605,10.712270141020458
AT,AKC,urban,2023-03-22 05:00:00+00:00,1,19.5875,13.316091162087538
AT,AKC,urban,2023-03-22 06:00:00+00:00,1,23.9985,19.566449084286567
AT,AKC,urban,2023-03-22 07:00:00+00:00,1,16.355,22.14276724758344
AT,AKC,urban,2023-03-22 08:00:00+00:00,1,28.816,14.489798621566315
AT,AKC,urban,2023-03-22 09:00:00+00:00,1,17.63,24.557705287831215
AT,AKC,urban,2023-03-22 10:00:00+00:00,1,10.6015,14.14021945537337
AT,AKC,urban,2023-03-22 11:00:00+00:00,1,10.699,9.469423440330392
AT,AKC,urban,2023-03-22 12:00:00+00:00,1,7.79415,9.275144824797408
AT,AKC,urban,2023-03-22 13:00:00+00:00,1,8.283949,7.450649892226142
AT,AKC,urban,2023-03-22 14:00:00+00:00,1,6.083449,8.559215742215319
AT,AKC,urban,2023-03-22 15:00:00+00:00,1,6.842149,6.698498012471827
AT,AKC,urban,2023-03-22 16:00:00+00:00,1,8.629949,6.930514738080568
AT,AKC,urban,2023-03-22 17:00:00+00:00,1,9.03215,9.033686880240214
AT,AKC,urban,2023-03-22 18:00:00+00:00,1,9.824549,9.310709826957737
AT,AKC,urban,2023-03-22 19:00:00+00:00,1,13.1735,9.649768898321202
AT,AKC,urban,2023-03-22 20:00:00+00:00,1,12.4095,15.249889673329683
AT,AKC,urban,2023-03-22 21:00:00+00:00,1,11.53,12.756833720888451
AT,AKC,urban,2023-03-22 22:00:00+00:00,1,10.9804,11.715651350060938
AT,AKC,urban,2023-03-22 23:00:00+00:00,1,11.452,11.030243394648348
AT,AKC,urban,2023-03-23 00:00:00+00:00,1,9.011499,12.191225244807185
AT,AKC,urban,2023-03-23 01:00:00+00:00,1,10.3785,8.836802659969763
AT,AKC,urban,2023-03-23 02:00:00+00:00,1,11.687,11.591966495059275
AT,AKC,urban,2023-03-23 03:00:00+00:00,1,11.863,12.406209290365407
AT,AKC,urban,2023-03-23 04:00:00+00:00,1,12.785,12.612127124404555
AT,AKC,urban,2023-03-23 05:00:00+00:00,1,18.37,13.877163018519347
AT,AKC,urban,2023-03-23 06:00:00+00:00,1,19.849,17.891979364405817
AT,AKC,urban,2023-03-23 07:00:00+00:00,1,20.074,18.903479610099577
AT,AKC,urban,2023-03-23 08:00:00+00:00,1,21.318,19.23967816179798
AT,AKC,urban,2023-03-23 09:00:00+00:00,1,21.7255,20.316466914068982
AT,AKC,urban,2023-03-23 10:00:00+00:00,1,17.6825,19.67864275271512
AT,AKC,urban,2023-03-23 11:00:00+00:00,1,12.5415,16.214461859126615
AT,AKC,urban,2023-03-23 12:00:00+00:00,1,10.6975,11.236194771958711
AT,AKC,urban,2023-03-23 13:00:00+00:00,1,9.565549,9.448688313058447
AT,AKC,urban,2023-03-23 14:00:00+00:00,1,8.6956,9.228683787705087
AT,AKC,urban,2023-03-23 15:00:00+00:00,1,10.1939,8.90679532097904
AT,AKC,urban,2023-03-23 16:00:00+00:00,1,15.1365,10.290029631767847
AT,AKC,urban,2023-03-23 17:00:00+00:00,1,18.516,14.60330945329273
AT,AKC,urban,2023-03-23 18:00:00+00:00,1,19.5345,19.745776084844973
AT,AKC,urban,2023-03-23 19:00:00+00:00,1,16.6495,19.313621437860856
AT,AKC,urban,2023-03-23 20:00:00+00:00,1,18.012,16.75427370423693
AT,AKC,urban,2023-03-23 21:00:00+00:00,1,20.255,18.405867533858377
AT,AKC,urban,2023-03-23 22:00:00+00:00,1,20.3825,20.723405589172827
AT,AKC,urban,2023-03-23 23:00:00+00:00,1,26.337,19.38980493226743
AT,AKC,urban,2023-03-24 00:00:00+00:00,1,25.3405,24.283696947978534
AT,AKC,urban,2023-03-24 01:00:00+00:00,1,27.23,22.915624326390535
AT,AKC,urban,2023-03-24 02:00:00+00:00,1,28.6785,24.622578926591867
AT,AKC,urban,2023-03-24 03:00:00+00:00,1,28.5475,26.78235147685111
AT,AKC,urban,2023-03-24 04:00:00+00:00,1,25.7935,27.233260848728
AT,AKC,urban,2023-03-24 05:00:00+00:00,1,23.459,25.97119298154854
AT,AKC,urban,2023-03-24 06:00:00+00:00,1,23.901,22.811948722101665
AT,AKC,urban,2023-03-24 07:00:00+00:00,1,23.5855,22.641685121670726
AT,AKC,urban,2023-03-24 08:00:00+00:00,1,25.58,22.678491567415136
AT,AKC,urban,2023-03-24 09:00:00+00:00,1,23.8095,23.930104283835487
AT,AKC,urban,2023-03-24 10:00:00+00:00,1,21.4815,22.167955941895478
AT,AKC,urban,2023-03-24 11:00:00+00:00,1,19.87,20.241596313936533
AT,AKC,urban,2023-03-24 12:00:00+00:00,1,18.912,19.03035540210503
AT,AKC,urban,2023-03-24 13:00:00+00:00,1,17.7555,18.140787809328195
AT,AKC,urban,2023-03-24 14:00:00+00:00,1,8.20125,17.316567708794146
AT,AKC,urban,2023-03-24 15:00:00+00:00,1,3.372449,8.085920249187165
AT,AKC,urban,2023-03-24 16:00:00+00:00,1,4.900799,3.8988880622322775
AT,AKC,urban,2023-03-24 17:00:00+00:00,1,5.0054,6.21267829244205
AT,AKC,urban,2023-03-24 18:00:00+00:00,1,5.268199,5.768079402244087
AT,AKC,urban,2023-03-24 19:00:00+00:00,1,7.579999,6.442466330646816
AT,AKC,urban,2023-03-24 20:00:00+00:00,1,3.95335,9.14955795712179
AT,AKC,urban,2023-03-24 21:00:00+00:00,1,1.85415,3.8189726075374395
AT,AKC,urban,2023-03-24 22:00:00+00:00,1,1.8571,2.6646747829544246
AT,AKC,urban,2023-03-24 23:00:00+00:00,1,1.37925,2.6503611940619827
AT,AKC,urban,2023-03-25 00:00:00+00:00,1,1.395999,2.0674948999699545
AT,AKC,urban,2023-03-25 01:00:00+00:00,1,1.85255,1.9824195405036598
AT,AKC,urban,2023-03-25 02:00:00+00:00,1,2.5127,2.1428839543249083
AT,AKC,urban,2023-03-25 03:00:00+00:00,1,3.105849,2.7617485616918067
AT,AKC,urban,2023-03-25 04:00:00+00:00,1,3.082149,3.2818281500485575
AT,AKC,urban,2023-03-25 05:00:00+00:00,1,2.997049,3.3456509358681217
AT,AKC,urban,2023-03-25 06:00:00+00:00,1,2.486299,3.1797519069008935
AT,AKC,urban,2023-03-25 07:00:00+00:00,1,2.794849,2.6065262582510975
AT,AKC,urban,2023-03-25 08:00:00+00:00,1,2.635649,2.6573564279244906
AT,AKC,urban,2023-03-25 09:00:00+00:00,1,2.544199,2.3156440529387297
AT,AKC,urban,2023-03-25 10:00:00+00:00,1,2.3536,2.271092795576511
AT,AKC,urban,2023-03-25 11:00:00+00:00,1,2.47245,2.102298705150197
AT,AKC,urban,2023-03-25 12:00:00+00:00,1,2.039399,2.255190063580205
AT,AKC,urban,2023-03-25 13:00:00+00:00,1,1.854799,1.6489189194340454
AT,AKC,urban,2023-03-25 14:00:00+00:00,1,1.759299,1.5338410611224447
AT,AKC,urban,2023-03-25 15:00:00+00:00,1,1.835199,1.6300074888862035
AT,AKC,urban,2023-03-25 16:00:00+00:00,1,1.40805,1.7203110671750288
AT,AKC,urban,2023-03-25 17:00:00+00:00,1,2.078649,1.4627147763829065
AT,AKC,urban,2023-03-25 18:00:00+00:00,1,1.4932,2.574266101747309
AT,AKC,urban,2023-03-25 19:00:00+00:00,1,1.255949,1.3103923491501277
AT,AKC,urban,2023-03-25 20:00:00+00:00,1,1.290899,1.415276454247664
AT,AKC,urban,2023-03-25 21:00:00+00:00,1,1.44035,1.43664770948644
AT,AKC,urban,2023-03-25 22:00:00+00:00,1,1.447,1.5022291395778922
AT,AKC,urban,2023-03-25 23:00:00+00:00,1,1.63505,1.4340635880006154
AT,AKC,urban,2023-03-26 00:00:00+00:00,1,1.749399,1.6141039799273962
AT,AKC,urban,2023-03-26 01:00:00+00:00,1,1.893499,1.637802373953594
AT,AKC,urban,2023-03-26 02:00:00+00:00,1,2.112299,1.7091174609315374
AT,AKC,urban,2023-03-26 03:00:00+00:00,1,2.00745,1.809283408212064
AT,AKC,urban,2023-03-26 04:00:00+00:00,1,1.955849,1.771104150598326
AT,AKC,urban,2023-03-26 05:00:00+00:00,1,2.81505,1.808673113942163
AT,AKC,urban,2023-03-26 06:00:00+00:00,1,2.76765,2.570460811243038
AT,AKC,urban,2023-03-26 07:00:00+00:00,1,2.8965,2.5300571005051573
AT,AKC,urban,2023-03-26 08:00:00+00:00,1,2.96325,2.585365599908993
AT,AKC,urban,2023-03-26 09:00:00+00:00,1,2.5662,2.619408769042117
AT,AKC,urban,2023-03-26 10:00:00+00:00,1,2.4432,2.2729955546303167
AT,AKC,urban,2023-03-26 11:00:00+00:00,1,2.09785,2.3397821818489355
AT,AKC,urban,2023-03-26 12:00:00+00:00,1,1.620599,2.1775850866042
AT,AKC,urban,2023-03-26 13:00:00+00:00,1,1.97815,1.7052090404343119
AT,AKC,urban,2023-03-26 14:00:00+00:00,1,3.11765,2.0586534998985435
AT,AKC,urban,2023-03-26 15:00:00+00:00,1,2.4026,3.222483555927983
AT,AKC,urban,2023-03-26 16:00:00+00:00,1,2.0625,2.2911879728414064
AT,AKC,urban,2023-03-26 17:00:00+00:00,1,2.41925,2.1166372066687877
AT,AKC,urban,2023-03-26 18:00:00+00:00,1,2.54785,2.488859893402566
AT,AKC,urban,2023-03-26 19:00:00+00:00,1,2.27925,2.5894678920368577
AT,AKC,urban,2023-03-26 20:00:00+00:00,1,2.3238,2.423230413530451
AT,AKC,urban,2023-03-26 21:00:00+00:00,1,2.096849,2.4263578205346867
AT,AKC,urban,2023-03-26 22:00:00+00:00,1,2.22165,2.036498446644334
AT,AKC,urban,2023-03-26 23:00:00+00:00,1,2.571799,2.295700029976622
AT,AKC,urban,2023-03-27 00:00:00+00:00,1,2.697199,2.5092000083403363
AT,AKC,urban,2023-03-27 01:00:00+00:00,1,2.697,2.5526427001294962
AT,AKC,urban,2023-03-27 02:00:00+00:00,1,2.095099,2.5799949181622885
AT,AKC,urban,2023-03-27 03:00:00+00:00,1,1.833899,2.1928685688757064
AT,AKC,urban,2023-03-27 04:00:00+00:00,1,2.0187,2.1127098504451283
AT,AKC,urban,2023-03-27 05:00:00+00:00,1,1.88855,2.092976087880274
AT,AKC,urban,2023-03-27 06:00:00+00:00,1,1.9383,1.8657912086418627
AT,AKC,urban,2023-03-27 07:00:00+00:00,1,2.884099,2.019411927604768
AT,AKC,urban,2023-03-27 08:00:00+00:00,1,1.916749,2.653813187411707
AT,AKC,urban,2023-03-27 09:00:00+00:00,1,2.239449,1.4879602864134505
AT,AKC,urban,2023-03-27 10:00:00+00:00,1,4.3001,1.9959997608461784
AT,AKC,urban,2023-03-27 11:00:00+00:00,1,4.617349,3.6583612859890273
AT,AKC,urban,2023-03-27 12:00:00+00:00,1,4.10535,4.074288122821869
AT,AKC,urban,2023-03-27 13:00:00+00:00,1,3.521299,4.023946237161542
AT,AKC,urban,2023-03-27 14:00:00+00:00,1,3.53235,3.2551377467638964
AT,AKC,urban,2023-03-27 15:00:00+00:00,1,3.705899,3.391176682248556
AT,AKC,urban,2023-03-27 16:00:00+00:00,1,3.929299,3.5984075879419386
AT,AKC,urban,2023-03-27 17:00:00+00:00,1,3.653,3.8903682777183413
AT,AKC,urban,2023-03-27 18:00:00+00:00,1,3.766049,3.5357500446344083
AT,AKC,urban,2023-03-27 19:00:00+00:00,1,3.22105,3.752673409738499
AT,AKC,urban,2023-03-27 20:00:00+00:00,1,3.2526,3.2181431736942905
AT,AKC,urban,2023-03-27 21:00:00+00:00,1,2.79495,3.3119718582647977
AT,AKC,urban,2023-03-27 22:00:00+00:00,1,2.5535,2.8573598841140324
AT,AKC,urban,2023-03-27 23:00:00+00:00,1,3.7644,2.594681656915057
AT,AKC,urban,2023-03-28 00:00:00+00:00,1,3.4155,3.7083814608189876
AT,AKC,urban,2023-03-28 01:00:00+00:00,1,3.2574,3.3204842784397535
AT,AKC,urban,2023-03-28 02:00:00+00:00,1,2.814899,3.2762854547759304
AT,AKC,urban,2023-03-28 03:00:00+00:00,1,3.262949,2.896485829957534
AT,AKC,urban,2023-03-28 04:00:00+00:00,1,4.109049,3.5964479761324384
AT,AKC,urban,2023-03-28 05:00:00+00:00,1,4.828299,4.448595284487364
AT,AKC,urban,2023-03-28 06:00:00+00:00,1,4.848649,4.387039349677458
AT,AKC,urban,2023-03-28 07:00:00+00:00,1,3.86125,4.4324945845771
AT,AKC,urban,2023-03-28 08:00:00+00:00,1,3.65035,3.7174420745790897
AT,AKC,urban,2023-03-28 09:00:00+00:00,1,3.6754,3.2398155358567706
AT,AKC,urban,2023-03-28 10:00:00+00:00,1,4.149999,3.4317690871601094
AT,AKC,urban,2023-03-28 11:00:00+00:00,1,3.8206,4.061194904730225
AT,AKC,urban,2023-03-28 12:00:00+00:00,1,3.51265,3.5631413208148714
AT,AKC,urban,2023-03-28 13:00:00+00:00,1,4.54575,3.4549333660143695
AT,AKC,urban,2023-03-28 14:00:00+00:00,1,4.2989,4.269209561277609
AT,AKC,urban,2023-03-28 15:00:00+00:00,1,4.16515,4.2684516150333565
AT,AKC,urban,2023-03-28 16:00:00+00:00,1,3.67595,4.208472575655616
AT,AKC,urban,2023-03-28 17:00:00+00:00,1,3.326799,3.83991781069345
AT,AKC,urban,2023-03-28 18:00:00+00:00,1,3.50185,3.5506967536672107
AT,AKC,urban,2023-03-28 19:00:00+00:00,1,3.552549,3.7278817897382304
AT,AKC,urban,2023-03-28 20:00:00+00:00,1,3.472499,3.818767913437796
AT,AKC,urban,2023-03-28 21:00:00+00:00,1,4.1064,3.855560706178146
AT,AKC,urban,2023-03-28 22:00:00+00:00,1,3.671499,4.476724089595766
AT,AKC,urban,2023-03-28 23:00:00+00:00,1,3.76745,3.92271710508858
AT,AKC,urban,2023-03-29 00:00:00+00:00,1,5.713099,3.9856054970343386
AT,AKC,urban,2023-03-29 01:00:00+00:00,1,6.4806,6.157155124223646
AT,AKC,urban,2023-03-29 02:00:00+00:00,1,5.664099,6.867209625035336
AT,AKC,urban,2023-03-29 03:00:00+00:00,1,6.669,6.5159910419291585
AT,AKC,urban,2023-03-29 04:00:00+00:00,1,7.1864,8.840684662920854
AT,AKC,urban,2023-03-29 05:00:00+00:00,1,8.7107,8.859282423846569
AT,AKC,urban,2023-03-29 06:00:00+00:00,1,7.754549,9.20238656333876
AT,AKC,urban,2023-03-29 07:00:00+00:00,1,7.16075,7.861652809339446
AT,AKC,urban,2023-03-29 08:00:00+00:00,1,7.023349,6.3304366284576155
AT,AKC,urban,2023-03-29 09:00:00+00:00,1,7.2999,6.432051736159043
AT,AKC,urban,2023-03-29 10:00:00+00:00,1,6.41345,7.365461247380281
AT,AKC,urban,2023-03-29 11:00:00+00:00,1,5.40485,5.988930637311139
AT,AKC,urban,2023-03-29 12:00:00+00:00,1,4.98495,5.2784390487190365
AT,AKC,urban,2023-03-29 13:00:00+00:00,1,4.017899,5.289999847013934
AT,AKC,urban,2023-03-29 14:00:00+00:00,1,4.421599,4.45286816833309
AT,AKC,urban,2023-03-29 15:00:00+00:00,1,4.7848,4.879077682699471
AT,AKC,urban,2023-03-29 16:00:00+00:00,1,5.6967,5.223588638423831
AT,AKC,urban,2023-03-29 17:00:00+00:00,1,6.8585,6.375977848311841
AT,AKC,urban,2023-03-29 18:00:00+00:00,1,7.9678,7.140300380346545
AT,AKC,urban,2023-03-29 19:00:00+00:00,1,9.2658,8.643707496287412
AT,AKC,urban,2023-03-29 20:00:00+00:00,1,10.737,9.809228453139298
AT,AKC,urban,2023-03-29 21:00:00+00:00,1,10.87,10.82702469401043
AT,AKC,urban,2023-03-29 22:00:00+00:00,1,12.0055,11.057755257547072
AT,AKC,urban,2023-03-29 23:00:00+00:00,1,12.7445,11.747434389990012
AT,AKC,urban,2023-03-30 00:00:00+00:00,1,12.427,12.690635550722693
AT,AKC,urban,2023-03-30 01:00:00+00:00,1,12.3765,12.263812993645189
AT,AKC,urban,2023-03-30 02:00:00+00:00,1,12.289,12.765489961585118
AT,AKC,urban,2023-03-30 03:00:00+00:00,1,11.308,12.312828242276044
AT,AKC,urban,2023-03-30 04:00:00+00:00,1,12.074,11.545413089753481
AT,AKC,urban,2023-03-30 05:00:00+00:00,1,12.3575,12.565310360320588
AT,AKC,urban,2023-03-30 06:00:00+00:00,1,13.827,12.15680458522462
AT,AKC,urban,2023-03-30 07:00:00+00:00,1,13.5875,13.42439205187166
AT,AKC,urban,2023-03-30 08:00:00+00:00,1,13.868,12.624780492743756
AT,AKC,urban,2023-03-30 09:00:00+00:00,1,14.4225,13.127777133803828
AT,AKC,urban,2023-03-30 10:00:00+00:00,1,15.0525,13.870660933511303
AT,AKC,urban,2023-03-30 11:00:00+00:00,1,15.4355,14.337145473295394
AT,AKC,urban,2023-03-30 12:00:00+00:00,1,15.455,14.643956302532999
AT,AKC,urban,2023-03-30 13:00:00+00:00,1,14.201,15.123005352737412
AT,AKC,urban,2023-03-30 14:00:00+00:00,1,13.3445,14.300227020667847
AT,AKC,urban,2023-03-30 15:00:00+00:00,1,14.1765,13.40691262169355
AT,AKC,urban,2023-03-30 16:00:00+00:00,1,6.453049,14.87470251400341
AT,AKC,urban,2023-03-30 17:00:00+00:00,1,4.96525,4.965689282084803
AT,AKC,urban,2023-03-30 18:00:00+00:00,1,3.740799,4.910449264816361
AT,AKC,urban,2023-03-30 19:00:00+00:00,1,4.490499,4.277977030013275
AT,AKC,urban,2023-03-30 20:00:00+00:00,1,5.146249,5.212781743511577
AT,AKC,urban,2023-03-30 21:00:00+00:00,1,4.826,5.364746816253902
AT,AKC,urban,2023-03-30 22:00:00+00:00,1,3.2705,5.169012201165305
AT,AKC,urban,2023-03-30 23:00:00+00:00,1,2.969649,3.6705221185643673
AT,AKC,urban,2023-03-31 00:00:00+00:00,1,4.569499,3.513025698932651
AT,AKC,urban,2023-03-31 01:00:00+00:00,1,5.6504,4.872171487052281
AT,AKC,urban,2023-03-31 02:00:00+00:00,1,6.334099,5.865181084736509
AT,AKC,urban,2023-03-31 03:00:00+00:00,1,8.027,7.080777663695496
AT,AKC,urban,2023-03-31 04:00:00+00:00,1,9.96765,10.485119280273132
AT,AKC,urban,2023-03-31 05:00:00+00:00,1,10.2935,11.801395888031973
AT,AKC,urban,2023-03-31 06:00:00+00:00,1,7.587349,11.183727493755676
AT,AKC,urban,2023-03-31 07:00:00+00:00,1,8.7637,7.574068223163785
AT,AKC,urban,2023-03-31 08:00:00+00:00,1,8.02565,9.608828328326322
AT,AKC,urban,2023-03-31 09:00:00+00:00,1,8.51605,7.12083497855453
AT,AKC,urban,2023-03-31 10:00:00+00:00,1,8.38205,7.739130156838556
AT,AKC,urban,2023-03-31 11:00:00+00:00,1,7.456549,8.081131536501609
AT,AKC,urban,2023-03-31 12:00:00+00:00,1,5.93805,6.765706906791642
AT,AKC,urban,2023-03-31 13:00:00+00:00,1,5.68335,5.396035538325652
AT,AKC,urban,2023-03-31 14:00:00+00:00,1,4.8533,5.122277353902955
AT,AKC,urban,2023-03-31 15:00:00+00:00,1,3.994199,4.395748063012359
AT,AKC,urban,2023-03-31 16:00:00+00:00,1,4.954649,4.324703658099466
AT,AKC,urban,2023-03-31 17:00:00+00:00,1,3.716149,5.186548113435599
AT,AKC,urban,2023-03-31 18:00:00+00:00,1,3.799299,3.001473124865445
AT,AKC,urban,2023-03-31 19:00:00+00:00,1,3.408699,3.856014899829585
AT,AKC,urban,2023-03-31 20:00:00+00:00,1,2.868149,3.543969756935045
AT,AKC,urban,2023-03-31 21:00:00+00:00,1,2.13825,2.9550669098591804
AT,AKC,urban,2023-03-31 22:00:00+00:00,1,1.978549,2.0665464277699286
AT,AKC,urban,2023-03-31 23:00:00+00:00,1,2.0239,1.9608315588280867
AT,AKC,urban,2023-04-01 00:00:00+00:00,1,1.9512,2.023063645247344
AT,AKC,urban,2023-04-01 01:00:00+00:00,1,2.048049,1.974103422494892
AT,AKC,urban,2023-04-01 02:00:00+00:00,1,2.085999,1.9497358762378774
AT,AKC,urban,2023-04-01 03:00:00+00:00,1,2.10925,1.9647947129161771
AT,AKC,urban,2023-04-01 04:00:00+00:00,1,2.252099,2.2234627101844993
AT,AKC,urban,2023-04-01 05:00:00+00:00,1,2.164199,2.6655075383159854
AT,AKC,urban,2023-04-01 06:00:00+00:00,1,2.498899,1.911320967677966
AT,AKC,urban,2023-04-01 07:00:00+00:00,1,2.29715,2.4105283970113334
AT,AKC,urban,2023-04-01 08:00:00+00:00,1,2.0039,2.0583657294770816
AT,AKC,urban,2023-04-01 09:00:00+00:00,1,1.6861,1.941439919894414
AT,AKC,urban,2023-04-01 10:00:00+00:00,1,1.553849,1.380775839924926
AT,AKC,urban,2023-04-01 11:00:00+00:00,1,1.37345,1.4480699720806456
AT,AKC,urban,2023-04-01 12:00:00+00:00,1,1.258599,1.2337108784833113
AT,AKC,urban,2023-04-01 13:00:00+00:00,1,1.3201,1.1231852673623592
AT,AKC,urban,2023-04-01 14:00:00+00:00,1,1.377799,1.2819587815967957
AT,AKC,urban,2023-04-01 15:00:00+00:00,1,1.5778,1.3579862792363784
AT,AKC,urban,2023-04-01 16:00:00+00:00,1,1.45705,1.8284303292230213
AT,AKC,urban,2023-04-01 17:00:00+00:00,1,1.648149,1.6324036567687017
AT,AKC,urban,2023-04-01 18:00:00+00:00,1,1.6832,1.71704686934482
AT,AKC,urban,2023-04-01 19:00:00+00:00,1,1.32165,1.7532091063217194
AT,AKC,urban,2023-04-01 20:00:00+00:00,1,1.34165,1.5174506099683178
AT,AKC,urban,2023-04-01 21:00:00+00:00,1,1.393149,1.5852131131637677
AT,AKC,urban,2023-04-01 22:00:00+00:00,1,1.364549,1.6187279795636478
AT,AKC,urban,2023-04-01 23:00:00+00:00,1,1.32225,1.5807541392674018
AT,AKC,urban,2023-04-02 00:00:00+00:00,1,1.2318,1.3626805505004747
AT,AKC,urban,2023-04-02 01:00:00+00:00,1,1.36675,1.3990446461408865
AT,AKC,urban,2023-04-02 02:00:00+00:00,1,1.26885,1.4467552527333325
AT,AKC,urban,2023-04-02 03:00:00+00:00,1,2.0608,1.3578590880175092
AT,AKC,urban,2023-04-02 04:00:00+00:00,1,2.198549,2.032779452332825
AT,AKC,urban,2023-04-02 05:00:00+00:00,1,2.764699,2.108007546960259
AT,AKC,urban,2023-04-02 06:00:00+00:00,1,2.5824,2.6559900704774577
AT,AKC,urban,2023-04-02 07:00:00+00:00,1,3.10715,2.4295171398705584
AT,AKC,urban,2023-04-02 08:00:00+00:00,1,1.995599,2.9135484333775388
AT,AKC,urban,2023-04-02 09:00:00+00:00,1,2.228399,1.9070120265429225
AT,AKC,urban,2023-04-02 10:00:00+00:00,1,2.009399,2.310501443321339
AT,AKC,urban,2023-04-02 11:00:00+00:00,1,3.19175,2.125669148658389
AT,AKC,urban,2023-04-02 12:00:00+00:00,1,3.604099,3.51325370381997
AT,AKC,urban,2023-04-02 13:00:00+00:00,1,4.5142,3.710489162421805
AT,AKC,urban,2023-04-02 14:00:00+00:00,1,4.93205,4.6390432069911185
AT,AKC,urban,2023-04-02 15:00:00+00:00,1,7.327199,5.01787498883477
AT,AKC,urban,2023-04-02 16:00:00+00:00,1,6.194499,6.934069094324531
AT,AKC,urban,2023-04-02 17:00:00+00:00,1,5.026399,6.037276353775557
AT,AKC,urban,2023-04-02 18:00:00+00:00,1,5.458399,5.112035362851891
AT,AKC,urban,2023-04-02 19:00:00+00:00,1,4.89515,5.507336090774842
AT,AKC,urban,2023-04-02 20:00:00+00:00,1,5.01875,5.014594673087991
AT,AKC,urban,2023-04-02 21:00:00+00:00,1,4.8484,4.967586738767952
AT,AKC,urban,2023-04-02 22:00:00+00:00,1,5.21595,4.8833187115515955
AT,AKC,urban,2023-04-02 23:00:00+00:00,1,4.656049,5.167698140949263
AT,AKC,urban,2023-04-03 00:00:00+00:00,1,4.576399,4.684718561155368
AT,AKC,urban,2023-04-03 01:00:00+00:00,1,4.81225,4.623204257711784
AT,AKC,urban,2023-04-03 02:00:00+00:00,1,4.6254,4.834224862154105
AT,AKC,urban,2023-04-03 03:00:00+00:00,1,4.864299,4.804614114741412
AT,AKC,urban,2023-04-03 04:00:00+00:00,1,5.09595,5.144972298498434
AT,AKC,urban,2023-04-03 05:00:00+00:00,1,5.425499,5.2954194651639455
AT,AKC,urban,2023-04-03 06:00:00+00:00,1,5.774549,5.661098020011337
AT,AKC,urban,2023-04-03 07:00:00+00:00,1,6.668149,5.619298730108355
AT,AKC,urban,2023-04-03 08:00:00+00:00,1,6.268099,6.349635948683368
AT,AKC,urban,2023-04-03 09:00:00+00:00,1,6.123499,6.1886862572436705
AT,AKC,urban,2023-04-03 10:00:00+00:00,1,5.986949,6.168749590868437
AT,AKC,urban,2023-04-03 11:00:00+00:00,1,6.273449,6.124972829860596
AT,AKC,urban,2023-04-03 12:00:00+00:00,1,6.043499,6.455869985090683
AT,AKC,urban,2023-04-03 13:00:00+00:00,1,5.616849,6.159419632967094
AT,AKC,urban,2023-04-03 14:00:00+00:00,1,5.25815,6.065441274986572
AT,AKC,urban,2023-04-03 15:00:00+00:00,1,5.083299,5.612905705143632
AT,AKC,urban,2023-04-03 16:00:00+00:00,1,4.94645,5.46827355358398
AT,AKC,urban,2023-04-03 17:00:00+00:00,1,4.889649,5.372847904075158
AT,AKC,urban,2023-04-03 18:00:00+00:00,1,4.95195,5.312354328207739
AT,AKC,urban,2023-04-03 19:00:00+00:00,1,5.1844,5.389896802171865
AT,AKC,urban,2023-04-03 20:00:00+00:00,1,5.49615,5.455965184030518
AT,AKC,urban,2023-04-03 21:00:00+00:00,1,5.42755,5.767492916542732
AT,AKC,urban,2023-04-03 22:00:00+00:00,1,5.221449,5.633567185917286
AT,AKC,urban,2023-04-03 23:00:00+00:00,1,5.038849,5.398374706077114
AT,AKC,urban,2023-04-04 00:00:00+00:00,1,5.0197,5.120090347723178
AT,AKC,urban,2023-04-04 01:00:00+00:00,1,5.083299,5.162481786248659
AT,AKC,urban,2023-04-04 02:00:00+00:00,1,5.45025,5.315182047567916
AT,AKC,urban,2023-04-04 03:00:00+00:00,1,5.284749,5.689169288122471
AT,AKC,urban,2023-04-04 04:00:00+00:00,1,4.729249,5.90734882898413
AT,AKC,urban,2023-04-04 05:00:00+00:00,1,4.4257,5.35842765200551
AT,AKC,urban,2023-04-04 06:00:00+00:00,1,4.5009,4.746674077763988
AT,AKC,urban,2023-04-04 07:00:00+00:00,1,4.9415,4.747694868367621
AT,AKC,urban,2023-04-04 08:00:00+00:00,1,4.88805,5.290991685571861
AT,AKC,urban,2023-04-04 09:00:00+00:00,1,5.6756,4.8606698496154195
AT,AKC,urban,2023-04-04 10:00:00+00:00,1,6.0285,5.63311678435916
AT,AKC,urban,2023-04-04 11:00:00+00:00,1,5.616499,5.966862533127319
AT,AKC,urban,2023-04-04 12:00:00+00:00,1,6.09095,5.711430728673388
AT,AKC,urban,2023-04-04 13:00:00+00:00,1,6.534749,6.1757072369999015
AT,AKC,urban,2023-04-04 14:00:00+00:00,1,6.583199,6.57146711633013
AT,AKC,urban,2023-04-04 15:00:00+00:00,1,6.6085,6.6675476488367345
AT,AKC,urban,2023-04-04 16:00:00+00:00,1,7.37205,6.943161455894561
AT,AKC,urban,2023-04-04 17:00:00+00:00,1,8.250549,7.679134849770172
AT,AKC,urban,2023-04-04 18:00:00+00:00,1,8.05,8.327698230860342
AT,AKC,urban,2023-04-04 19:00:00+00:00,1,11.271,8.157013801325622
AT,AKC,urban,2023-04-04 20:00:00+00:00,1,10.892,10.738683713069676
AT,AKC,urban,2023-04-04 21:00:00+00:00,1,9.066049,10.32233460105493
AT,AKC,urban,2023-04-04 22:00:00+00:00,1,8.03185,8.962842017162252
AT,AKC,urban,2023-04-04 23:00:00+00:00,1,8.071249,7.976304585369036
AT,AKC,urban,2023-04-05 00:00:00+00:00,1,8.09435,8.035702126784411
AT,AKC,urban,2023-04-05 01:00:00+00:00,1,7.95545,8.003204290133958
AT,AKC,urban,2023-04-05 02:00:00+00:00,1,7.888999,7.900881827444884
AT,AKC,urban,2023-04-05 03:00:00+00:00,1,7.4242,7.893950653129508
AT,AKC,urban,2023-04-05 04:00:00+00:00,1,7.67945,7.81774833006612
AT,AKC,urban,2023-04-05 05:00:00+00:00,1,6.8754,8.134970898846088
AT,AKC,urban,2023-04-05 06:00:00+00:00,1,6.643099,7.053429385918054
AT,AKC,urban,2023-04-05 07:00:00+00:00,1,6.459349,6.690558675070161
AT,AKC,urban,2023-04-05 08:00:00+00:00,1,6.7876,6.423045075971402
AT,AKC,urban,2023-04-05 09:00:00+00:00,1,6.2301,6.755075787234951
AT,AKC,urban,2023-04-05 10:00:00+00:00,1,6.143949,6.280667852630756
AT,AKC,urban,2023-04-05 11:00:00+00:00,1,5.856649,6.4036744634123615
AT,AKC,urban,2023-04-05 12:00:00+00:00,1,5.899649,6.132180281362764
AT,AKC,urban,2023-04-05 13:00:00+00:00,1,5.80175,6.314298546536719
AT,AKC,urban,2023-04-05 14:00:00+00:00,1,5.69255,6.176708867259425
AT,AKC,urban,2023-04-05 15:00:00+00:00,1,5.567549,6.132637032772532
AT,AKC,urban,2023-04-05 16:00:00+00:00,1,6.3172,6.006857591076891
AT,AKC,urban,2023-04-05 17:00:00+00:00,1,6.91975,6.73165252825622
AT,AKC,urban,2023-04-05 18:00:00+00:00,1,7.648799,7.355253891014691
AT,AKC,urban,2023-04-05 19:00:00+00:00,1,7.494649,7.981703928380689
AT,AKC,urban,2023-04-05 20:00:00+00:00,1,7.339449,7.769852567423246
AT,AKC,urban,2023-04-05 21:00:00+00:00,1,7.720449,7.799010134462215
AT,AKC,urban,2023-04-05 22:00:00+00:00,1,8.598999,8.015492742482781
AT,AKC,urban,2023-04-05 23:00:00+00:00,1,9.461,9.022280377456397
AT,AKC,urban,2023-04-06 00:00:00+00:00,1,10.09135,9.464704927821447
AT,AKC,urban,2023-04-06 01:00:00+00:00,1,10.28,10.17156486810148
AT,AKC,urban,2023-04-06 02:00:00+00:00,1,10.601,9.876143629707517
AT,AKC,urban,2023-04-06 03:00:00+00:00,1,11.6475,10.470061975390454
AT,AKC,urban,2023-04-06 04:00:00+00:00,1,12.691,11.10379768725009
AT,AKC,urban,2023-04-06 05:00:00+00:00,1,12.683,11.873608841044227
AT,AKC,urban,2023-04-06 06:00:00+00:00,1,11.9135,11.965576812362901
AT,AKC,urban,2023-04-06 07:00:00+00:00,1,8.9441,11.6937950626678
AT,AKC,urban,2023-04-06 08:00:00+00:00,1,9.475399,8.665510527934483
AT,AKC,urban,2023-04-06 09:00:00+00:00,1,6.66645,9.011164302409199
AT,AKC,urban,2023-04-06 10:00:00+00:00,1,7.347249,6.36166863108668
AT,AKC,urban,2023-04-06 11:00:00+00:00,1,7.4173,7.157911552958662
AT,AKC,urban,2023-04-06 12:00:00+00:00,1,5.98175,7.248355105109571
AT,AKC,urban,2023-04-06 13:00:00+00:00,1,6.8234,6.160338370520531
AT,AKC,urban,2023-04-06 14:00:00+00:00,1,8.665599,6.7375918252406315
AT,AKC,urban,2023-04-06 15:00:00+00:00,1,8.537099,8.45936032258329
AT,AKC,urban,2023-04-06 16:00:00+00:00,1,9.644599,8.535010112855172
AT,AKC,urban,2023-04-06 17:00:00+00:00,1,12.166,9.646628655828511
AT,AKC,urban,2023-04-06 18:00:00+00:00,1,11.178,11.454021853765553
AT,AKC,urban,2023-04-06 19:00:00+00:00,1,9.975099,10.749811001931146
AT,AKC,urban,2023-04-06 20:00:00+00:00,1,11.2495,9.964225005980776
AT,AKC,urban,2023-04-06 21:00:00+00:00,1,13.2485,11.370701231855104
AT,AKC,urban,2023-04-06 22:00:00+00:00,1,14.6245,12.704227061498887
AT,AKC,urban,2023-04-06 23:00:00+00:00,1,15.6175,13.778139366838605
AT,AKC,urban,2023-04-07 00:00:00+00:00,1,15.015,14.54727906205736
AT,AKC,urban,2023-04-07 01:00:00+00:00,1,15.3415,14.186331358539501
AT,AKC,urban,2023-04-07 02:00:00+00:00,1,15.6635,14.381294254113119
AT,AKC,urban,2023-04-07 03:00:00+00:00,1,15.708,14.648975657599081
AT,AKC,urban,2023-04-07 04:00:00+00:00,1,16.148,14.898308617776856
AT,AKC,urban,2023-04-07 05:00:00+00:00,1,15.633,15.616174818822607
AT,AKC,urban,2023-04-07 06:00:00+00:00,1,15.868,14.63109636034488
AT,AKC,urban,2023-04-07 07:00:00+00:00,1,16.3595,15.01523720299354
AT,AKC,urban,2023-04-07 08:00:00+00:00,1,16.3145,15.514821900677877
AT,AKC,urban,2023-04-07 09:00:00+00:00,1,16.323,15.439808891141947
AT,AKC,urban,2023-04-07 10:00:00+00:00,1,16.413,15.578654378200333
AT,AKC,urban,2023-04-07 11:00:00+00:00,1,14.4905,15.515066360768646
AT,AKC,urban,2023-04-07 12:00:00+00:00,1,15.996,13.73607047801707
AT,AKC,urban,2023-04-07 13:00:00+00:00,1,16.3185,15.377113714795822
AT,AKC,urban,2023-04-07 14:00:00+00:00,1,14.1445,15.793347435603874
AT,AKC,urban,2023-04-07 15:00:00+00:00,1,15.526,14.214781535848093
AT,AKC,urban,2023-04-07 16:00:00+00:00,1,15.667,15.821707976116176
AT,AKC,urban,2023-04-07 17:00:00+00:00,1,15.075,15.884095812883515
AT,AKC,urban,2023-04-07 18:00:00+00:00,1,16.873,15.419633669263419
AT,AKC,urban,2023-04-07 19:00:00+00:00,1,20.2525,17.127039620386647
AT,AKC,urban,2023-04-07 20:00:00+00:00,1,20.3945,19.477458986701247
AT,AKC,urban,2023-04-07 21:00:00+00:00,1,24.817,19.498519547658866
AT,AKC,urban,2023-04-07 22:00:00+00:00,1,26.879,23.15996603206078
AT,AKC,urban,2023-04-07 23:00:00+00:00,1,12.81595,24.65456156509929
AT,AKC,urban,2023-04-08 00:00:00+00:00,1,5.94,12.91749550725934
AT,AKC,urban,2023-04-08 01:00:00+00:00,1,4.30485,6.865043560964111
AT,AKC,urban,2023-04-08 02:00:00+00:00,1,3.357349,5.466301670111843
AT,AKC,urban,2023-04-08 03:00:00+00:00,1,3.67785,4.543490011797644
AT,AKC,urban,2023-04-08 04:00:00+00:00,1,4.555199,4.922491742866452
AT,AKC,urban,2023-04-08 05:00:00+00:00,1,4.070199,5.77837538080383
AT,AKC,urban,2023-04-08 06:00:00+00:00,1,4.87395,5.216140241127061
AT,AKC,urban,2023-04-08 07:00:00+00:00,1,7.1802,5.676029750559575
AT,AKC,urban,2023-04-08 08:00:00+00:00,1,8.343299,7.507806223435676
AT,AKC,urban,2023-04-08 09:00:00+00:00,1,9.2812,8.537330516776418
AT,AKC,urban,2023-04-08 10:00:00+00:00,1,10.99,9.32118003417352
AT,AKC,urban,2023-04-08 11:00:00+00:00,1,11.0135,10.92970079688546
AT,AKC,urban,2023-04-08 12:00:00+00:00,1,9.4052,11.055482648977506
AT,AKC,urban,2023-04-08 13:00:00+00:00,1,7.84165,10.144954954042895
AT,AKC,urban,2023-04-08 14:00:00+00:00,1,7.91685,8.590975102232399
AT,AKC,urban,2023-04-08 15:00:00+00:00,1,8.095049,8.945756897039875
AT,AKC,urban,2023-04-08 16:00:00+00:00,1,8.834249,9.134422816702763
AT,AKC,urban,2023-04-08 17:00:00+00:00,1,9.73105,9.54188356508961
AT,AKC,urban,2023-04-08 18:00:00+00:00,1,11.2995,10.199076219175076
AT,AKC,urban,2023-04-08 19:00:00+00:00,1,12.311,11.540427956266068
AT,AKC,urban,2023-04-08 20:00:00+00:00,1,12.995,12.102806681012197
AT,AKC,urban,2023-04-08 21:00:00+00:00,1,13.3595,12.649330831736858
AT,AKC,urban,2023-04-08 22:00:00+00:00,1,13.9585,12.717152443811333
AT,AKC,urban,2023-04-08 23:00:00+00:00,1,13.2845,13.091123370474861
AT,AKC,urban,2023-04-09 00:00:00+00:00,1,10.9035,12.702634172703963
AT,AKC,urban,2023-04-09 01:00:00+00:00,1,10.7975,10.770989797212206
AT,AKC,urban,2023-04-09 02:00:00+00:00,1,12.336,10.921984960859998
AT,AKC,urban,2023-04-09 03:00:00+00:00,1,12.805,12.226466017415348
AT,AKC,urban,2023-04-09 04:00:00+00:00,1,14.4505,12.828840176007766
AT,AKC,urban,2023-04-09 05:00:00+00:00,1,16.3815,14.230987885074637
AT,AKC,urban,2023-04-09 06:00:00+00:00,1,17.3515,15.537387805819364
AT,AKC,urban,2023-04-09 07:00:00+00:00,1,18.294,16.24950772623493
AT,AKC,urban,2023-04-09 08:00:00+00:00,1,14.0175,17.276524777148097
AT,AKC,urban,2023-04-09 09:00:00+00:00,1,15.739,13.592492501231
AT,AKC,urban,2023-04-09 10:00:00+00:00,1,16.34,15.006691831758058
AT,AKC,urban,2023-04-09 11:00:00+00:00,1,15.3445,15.44130010419229
AT,AKC,urban,2023-04-09 12:00:00+00:00,1,16.145,14.899313232981758
AT,AKC,urban,2023-04-09 13:00:00+00:00,1,16.4195,15.675554126965736
AT,AKC,urban,2023-04-09 14:00:00+00:00,1,14.7375,15.953350759136939
AT,AKC,urban,2023-04-09 15:00:00+00:00,1,12.373,14.797484830720705
AT,AKC,urban,2023-04-09 16:00:00+00:00,1,13.3585,12.782574493863208
AT,AKC,urban,2023-04-09 17:00:00+00:00,1,12.1185,13.920030214364733
AT,AKC,urban,2023-04-09 18:00:00+00:00,1,12.4065,12.711374912856638
AT,AKC,urban,2023-04-09 19:00:00+00:00,1,13.5375,13.07068702725795
AT,AKC,urban,2023-04-09 20:00:00+00:00,1,12.836,13.970550778884665
AT,AKC,urban,2023-04-09 21:00:00+00:00,1,13.1115,13.23255643643936
AT,AKC,urban,2023-04-09 22:00:00+00:00,1,13.052,13.54826031609468
AT,AKC,urban,2023-04-09 23:00:00+00:00,1,12.2645,13.392935982570805
AT,AKC,urban,2023-04-10 00:00:00+00:00,1,11.686,12.615762979689041
AT,AKC,urban,2023-04-10 01:00:00+00:00,1,11.3895,12.133660222540815
AT,AKC,urban,2023-04-10 02:00:00+00:00,1,11.3695,11.854661553689546
AT,AKC,urban,2023-04-10 03:00:00+00:00,1,10.8945,11.869009314923268
AT,AKC,urban,2023-04-10 04:00:00+00:00,1,11.1095,11.609570164454208
AT,AKC,urban,2023-04-10 05:00:00+00:00,1,13.268,11.647508535428425
AT,AKC,urban,2023-04-10 06:00:00+00:00,1,14.508,13.03452773172377
AT,AKC,urban,2023-04-10 07:00:00+00:00,1,16.743,13.99121379434877
AT,AKC,urban,2023-04-10 08:00:00+00:00,1,18.5985,15.733853245996304
AT,AKC,urban,2023-04-10 09:00:00+00:00,1,18.466,17.30461566642645
AT,AKC,urban,2023-04-10 10:00:00+00:00,1,18.633,17.354618644097034
AT,AKC,urban,2023-04-10 11:00:00+00:00,1,18.078,17.73392021177002
AT,AKC,urban,2023-04-10 12:00:00+00:00,1,17.441,17.354873075657288
AT,AKC,urban,2023-04-10 13:00:00+00:00,1,16.5965,16.81059728102062
AT,AKC,urban,2023-04-10 14:00:00+00:00,1,15.0245,16.14195694897713
AT,AKC,urban,2023-04-10 15:00:00+00:00,1,15.902,14.69009928864531
AT,AKC,urban,2023-04-10 16:00:00+00:00,1,16.659,15.584895391409912
AT,AKC,urban,2023-04-10 17:00:00+00:00,1,18.8955,16.455929665278276
AT,AKC,urban,2023-04-10 18:00:00+00:00,1,19.6645,19.33443955987555
AT,AKC,urban,2023-04-10 19:00:00+00:00,1,18.496,19.615148582436557
AT,AKC,urban,2023-04-10 20:00:00+00:00,1,17.773,18.18819865718905
AT,AKC,urban,2023-04-10 21:00:00+00:00,1,16.1755,17.3835191037171
AT,AKC,urban,2023-04-10 22:00:00+00:00,1,16.855,15.681118076922441
AT,AKC,urban,2023-04-10 23:00:00+00:00,1,17.1345,16.979518479413173
AT,AKC,urban,2023-04-11 00:00:00+00:00,1,17.9125,17.458638790657574
AT,AKC,urban,2023-04-11 01:00:00+00:00,1,17.3145,18.431884458128785
AT,AKC,urban,2023-04-11 02:00:00+00:00,1,19.3995,17.231535702448465
AT,AKC,urban,2023-04-11 03:00:00+00:00,1,19.8555,20.101218489986927
AT,AKC,urban,2023-04-11 04:00:00+00:00,1,24.0965,19.912814320006667
AT,AKC,urban,2023-04-11 05:00:00+00:00,1,27.085,23.449717608605397
AT,AKC,urban,2023-04-11 06:00:00+00:00,1,27.944,25.544997146285546
AT,AKC,urban,2023-04-11 07:00:00+00:00,1,27.781,27.227936591469074
AT,AKC,urban,2023-04-11 08:00:00+00:00,1,22.103,27.26617847427065
AT,AKC,urban,2023-04-11 09:00:00+00:00,1,12.91785,22.08908568255482
AT,AKC,urban,2023-04-11 10:00:00+00:00,1,23.484,11.824457596209733
AT,AKC,urban,2023-04-11 11:00:00+00:00,1,9.93875,23.5459253688177
AT,AKC,urban,2023-04-11 12:00:00+00:00,1,3.886399,6.943856489776714
AT,AKC,urban,2023-04-11 13:00:00+00:00,1,3.492099,4.061188200879695
AT,AKC,urban,2023-04-11 14:00:00+00:00,1,3.623499,4.204056823190339
AT,AKC,urban,2023-04-11 15:00:00+00:00,1,2.49,4.6324729676628955
AT,AKC,urban,2023-04-11 16:00:00+00:00,1,2.31815,3.4889344007255154
AT,AKC,urban,2023-04-11 17:00:00+00:00,1,2.3459,3.20899817568878
AT,AKC,urban,2023-04-11 18:00:00+00:00,1,2.2466,3.1668645092644248
AT,AKC,urban,2023-04-11 19:00:00+00:00,1,2.034849,3.2371650018687355
AT,AKC,urban,2023-04-11 20:00:00+00:00,1,2.09845,2.977047498105847
AT,AKC,urban,2023-04-11 21:00:00+00:00,1,2.361449,3.157541854643732
AT,AKC,urban,2023-04-11 22:00:00+00:00,1,3.062,3.366828016719179
AT,AKC,urban,2023-04-11 23:00:00+00:00,1,3.320499,3.689420284733778
AT,AKC,urban,2023-04-12 00:00:00+00:00,1,3.29295,4.096248972911912
AT,AKC,urban,2023-04-12 01:00:00+00:00,1,3.829999,4.227973332801749
AT,AKC,urban,2023-04-12 02:00:00+00:00,1,4.74685,4.692580775769038
AT,AKC,urban,2023-04-12 03:00:00+00:00,1,4.019149,5.480448585917134
AT,AKC,urban,2023-04-12 04:00:00+00:00,1,4.867899,5.3520176916486975
AT,AKC,urban,2023-04-12 05:00:00+00:00,1,3.774899,6.164777251088633
AT,AKC,urban,2023-04-12 06:00:00+00:00,1,5.1043,3.4816796206858243
AT,AKC,urban,2023-04-12 07:00:00+00:00,1,5.7417,6.227534388665227
AT,AKC,urban,2023-04-12 08:00:00+00:00,1,6.2951,4.867320638628627
AT,AKC,urban,2023-04-12 09:00:00+00:00,1,8.961,5.99008641182413
AT,AKC,urban,2023-04-12 10:00:00+00:00,1,10.66505,8.158797352975828
AT,AKC,urban,2023-04-12 11:00:00+00:00,1,5.392549,9.338430221367677
AT,AKC,urban,2023-04-12 12:00:00+00:00,1,8.024049,4.95932664257176
AT,AKC,urban,2023-04-12 13:00:00+00:00,1,6.90625,7.57787808397708
AT,AKC,urban,2023-04-12 14:00:00+00:00,1,5.451749,6.145582169335043
AT,AKC,urban,2023-04-12 15:00:00+00:00,1,4.925,4.962694143221082
AT,AKC,urban,2023-04-12 16:00:00+00:00,1,4.710149,4.718780516288415
AT,AKC,urban,2023-04-12 17:00:00+00:00,1,6.57445,5.3049164873671835
AT,AKC,urban,2023-04-12 18:00:00+00:00,1,7.136899,6.989888244654434
AT,AKC,urban,2023-04-12 19:00:00+00:00,1,9.781949,7.483444676761966
AT,AKC,urban,2023-04-12 20:00:00+00:00,1,9.919899,10.977319056092394
AT,AKC,urban,2023-04-12 21:00:00+00:00,1,10.8725,10.197868497558698
AT,AKC,urban,2023-04-12 22:00:00+00:00,1,10.1381,11.308560152882773
AT,AKC,urban,2023-04-12 23:00:00+00:00,1,10.16595,9.95381470840847
AT,AKC,urban,2023-04-13 00:00:00+00:00,1,8.717049,10.084379996562294
AT,AKC,urban,2023-04-13 01:00:00+00:00,1,5.271699,7.632913440239349
AT,AKC,urban,2023-04-13 02:00:00+00:00,1,8.3225,3.956364686812446
AT,AKC,urban,2023-04-13 03:00:00+00:00,1,6.11075,7.712451873526231
AT,AKC,urban,2023-04-13 04:00:00+00:00,1,2.964449,6.1129582864479595
AT,AKC,urban,2023-04-13 05:00:00+00:00,1,3.13205,3.3709276591713007
AT,AKC,urban,2023-04-13 06:00:00+00:00,1,2.5815,3.4753872263261663
AT,AKC,urban,2023-04-13 07:00:00+00:00,1,2.80865,3.1535250779381627
AT,AKC,urban,2023-04-13 08:00:00+00:00,1,2.125599,3.275505674294319
AT,AKC,urban,2023-04-13 09:00:00+00:00,1,2.067299,2.325064895255437
AT,AKC,urban,2023-04-13 10:00:00+00:00,1,2.509099,2.011648551378773
AT,AKC,urban,2023-04-13 11:00:00+00:00,1,2.2266,2.515260350401178
AT,AKC,urban,2023-04-13 12:00:00+00:00,1,1.89355,2.449200350242098
AT,AKC,urban,2023-04-13 13:00:00+00:00,1,2.2297,2.1782902043641634
AT,AKC,urban,2023-04-13 14:00:00+00:00,1,2.246449,2.6906980719683524
AT,AKC,urban,2023-04-13 15:00:00+00:00,1,2.53705,2.7990467709014304
AT,AKC,urban,2023-04-13 16:00:00+00:00,1,3.06615,3.2289357141029065
AT,AKC,urban,2023-04-13 17:00:00+00:00,1,3.15485,3.780911227697878
AT,AKC,urban,2023-04-13 18:00:00+00:00,1,3.15755,3.930109364865981
AT,AKC,urban,2023-04-13 19:00:00+00:00,1,3.84455,3.8680976188165523
AT,AKC,urban,2023-04-13 20:00:00+00:00,1,4.674349,4.541358958193257
AT,AKC,urban,2023-04-13 21:00:00+00:00,1,5.83755,4.915061989324155
AT,AKC,urban,2023-04-13 22:00:00+00:00,1,6.278049,5.912934123312748
AT,AKC,urban,2023-04-13 23:00:00+00:00,1,4.835899,6.203742482200003
AT,AKC,urban,2023-04-14 00:00:00+00:00,1,2.675549,4.70917999084655
AT,AKC,urban,2023-04-14 01:00:00+00:00,1,1.547549,2.3973137398531392
AT,AKC,urban,2023-04-14 02:00:00+00:00,1,1.600899,1.108376902565329
AT,AKC,urban,2023-04-14 03:00:00+00:00,1,1.444849,1.2012088186403496
AT,AKC,urban,2023-04-14 04:00:00+00:00,1,1.818099,1.3878832578373483
AT,AKC,urban,2023-04-14 05:00:00+00:00,1,1.44595,1.946051569123867
AT,AKC,urban,2023-04-14 06:00:00+00:00,1,1.667599,1.7845632884606566
AT,AKC,urban,2023-04-14 07:00:00+00:00,1,1.7093,1.8219075288546733
AT,AKC,urban,2023-04-14 08:00:00+00:00,1,1.937799,1.8495620975172535
AT,AKC,urban,2023-04-14 09:00:00+00:00,1,1.65575,1.8457496089687382
AT,AKC,urban,2023-04-14 10:00:00+00:00,1,1.689049,1.5563874270483424
AT,AKC,urban,2023-04-14 11:00:00+00:00,1,1.622499,1.5917887125340258
AT,AKC,urban,2023-04-14 12:00:00+00:00,1,1.55865,1.570984537096109
AT,AKC,urban,2023-04-14 13:00:00+00:00,1,1.406949,1.691468499255901
AT,AKC,urban,2023-04-14 14:00:00+00:00,1,1.363049,1.2609712561744395
AT,AKC,urban,2023-04-14 15:00:00+00:00,1,1.422299,1.5152430656844835
AT,AKC,urban,2023-04-14 16:00:00+00:00,1,1.5329,1.7546165102582165
AT,AKC,urban,2023-04-14 17:00:00+00:00,1,1.60175,1.7565960403215115
AT,AKC,urban,2023-04-14 18:00:00+00:00,1,1.5805,1.7151335545401558
AT,AKC,urban,2023-04-14 19:00:00+00:00,1,1.5139,1.8431656385356838
AT,AKC,urban,2023-04-14 20:00:00+00:00,1,1.50255,1.461348380670838
AT,AKC,urban,2023-04-14 21:00:00+00:00,1,1.48175,1.042722812030231
AT,AKC,urban,2023-04-14 22:00:00+00:00,1,1.351599,1.3663940483141737
AT,AKC,urban,2023-04-14 23:00:00+00:00,1,1.142199,1.664111228794951
AT,AKC,urban,2023-04-15 00:00:00+00:00,1,1.059999,1.4613286279031676
AT,AKC,urban,2023-04-15 01:00:00+00:00,1,1.159549,1.4855799468757702
AT,AKC,urban,2023-04-15 02:00:00+00:00,1,1.22405,1.5631494762191345
AT,AKC,urban,2023-04-15 03:00:00+00:00,1,6.15625,1.711986169468311
AT,AKC,urban,2023-04-15 04:00:00+00:00,1,4.837349,6.1483608230504565
AT,AKC,urban,2023-04-15 05:00:00+00:00,1,5.248,4.772005979691251
AT,AKC,urban,2023-04-15 06:00:00+00:00,1,2.768199,5.6808231858119385
AT,AKC,urban,2023-04-15 07:00:00+00:00,1,3.921099,3.1549342841979886
AT,AKC,urban,2023-04-15 08:00:00+00:00,1,2.35885,3.5115901813304653
AT,AKC,urban,2023-04-15 09:00:00+00:00,1,1.54305,2.235551708033558
AT,AKC,urban,2023-04-15 10:00:00+00:00,1,1.52005,1.8490500990013494
AT,AKC,urban,2023-04-15 11:00:00+00:00,1,1.282099,1.8087907371334673
AT,AKC,urban,2023-04-15 12:00:00+00:00,1,1.24775,1.5007606542784053
AT,AKC,urban,2023-04-15 13:00:00+00:00,1,1.364249,1.560025169142591
AT,AKC,urban,2023-04-15 14:00:00+00:00,1,1.5917,1.708689916585712
AT,AKC,urban,2023-04-15 15:00:00+00:00,1,1.645449,1.957581916587955
AT,AKC,urban,2023-04-15 16:00:00+00:00,1,1.8801,2.0457280982497466
AT,AKC,urban,2023-04-15 17:00:00+00:00,1,2.54045,2.4715470740826575
AT,AKC,urban,2023-04-15 18:00:00+00:00,1,2.78415,3.029666969695448
AT,AKC,urban,2023-04-15 19:00:00+00:00,1,3.024049,3.570065813288842
AT,AKC,urban,2023-04-15 20:00:00+00:00,1,2.88875,3.869380756048656
AT,AKC,urban,2023-04-15 21:00:00+00:00,1,2.8615,3.726276948788275
AT,AKC,urban,2023-04-15 22:00:00+00:00,1,2.7802,3.470534623249538
AT,AKC,urban,2023-04-15 23:00:00+00:00,1,2.9955,3.338459312628917
AT,AKC,urban,2023-04-16 00:00:00+00:00,1,3.7498,3.620581719091472
AT,AKC,urban,2023-04-16 01:00:00+00:00,1,4.9989,4.18788157219991
AT,AKC,urban,2023-04-16 02:00:00+00:00,1,5.9446,5.476450637929503
AT,AKC,urban,2023-04-16 03:00:00+00:00,1,8.757049,6.444925641367817
AT,AKC,urban,2023-04-16 04:00:00+00:00,1,10.878,9.283571875093955
AT,AKC,urban,2023-04-16 05:00:00+00:00,1,11.746,10.091131844854594
AT,AKC,urban,2023-04-16 06:00:00+00:00,1,8.374799,11.021115994014888
AT,AKC,urban,2023-04-16 07:00:00+00:00,1,7.717649,7.486232966595541
AT,AKC,urban,2023-04-16 08:00:00+00:00,1,5.020249,7.2780909951616835
AT,AKC,urban,2023-04-16 09:00:00+00:00,1,5.377249,4.571427206174828
AT,AKC,urban,2023-04-16 10:00:00+00:00,1,4.515999,5.307528626833573
AT,AKC,urban,2023-04-16 11:00:00+00:00,1,3.60125,4.64527086826083
AT,AKC,urban,2023-04-16 12:00:00+00:00,1,3.406849,3.8264617395521014
AT,AKC,urban,2023-04-16 13:00:00+00:00,1,3.426449,3.646719932511516
AT,AKC,urban,2023-04-16 14:00:00+00:00,1,4.0151,3.800365014764285
AT,AKC,urban,2023-04-16 15:00:00+00:00,1,4.978349,4.2130114788604764
AT,AKC,urban,2023-04-16 16:00:00+00:00,1,7.13175,5.209401852707657
AT,AKC,urban,2023-04-16 17:00:00+00:00,1,7.144,6.968262569726342
AT,AKC,urban,2023-04-16 18:00:00+00:00,1,6.390399,6.803528883310939
AT,AKC,urban,2023-04-16 19:00:00+00:00,1,5.763549,6.590301557156824
AT,AKC,urban,2023-04-16 20:00:00+00:00,1,5.98035,6.037731796501248
AT,AKC,urban,2023-04-16 21:00:00+00:00,1,5.70655,6.338301956265607
AT,AKC,urban,2023-04-16 22:00:00+00:00,1,6.04575,5.99529159995879
AT,AKC,urban,2023-04-16 23:00:00+00:00,1,6.46825,6.345783206426354
AT,AKC,urban,2023-04-17 00:00:00+00:00,1,6.853799,6.61470449521029
AT,AKC,urban,2023-04-17 01:00:00+00:00,1,6.753749,6.9523484837351965
AT,AKC,urban,2023-04-17 02:00:00+00:00,1,7.249449,7.082127241477195
AT,AKC,urban,2023-04-17 03:00:00+00:00,1,8.101599,7.297807881962719
AT,AKC,urban,2023-04-17 04:00:00+00:00,1,9.043849,8.332718737488655
AT,AKC,urban,2023-04-17 05:00:00+00:00,1,9.5634,9.18192399420732
AT,AKC,urban,2023-04-17 06:00:00+00:00,1,9.8306,9.226113015456011
AT,AKC,urban,2023-04-17 07:00:00+00:00,1,10.548,8.280863231972141
AT,AKC,urban,2023-04-17 08:00:00+00:00,1,11.1075,10.275644451923544
AT,AKC,urban,2023-04-17 09:00:00+00:00,1,11.4755,10.347509014714024
AT,AKC,urban,2023-04-17 10:00:00+00:00,1,11.895,10.884039460794497
AT,AKC,urban,2023-04-17 11:00:00+00:00,1,11.503,11.131939533978578
AT,AKC,urban,2023-04-17 12:00:00+00:00,1,11.5695,10.897067998162303
AT,AKC,urban,2023-04-17 13:00:00+00:00,1,12.143,11.106454155875753
AT,AKC,urban,2023-04-17 14:00:00+00:00,1,10.545,11.755207736142108
AT,AKC,urban,2023-04-17 15:00:00+00:00,1,10.7585,10.295372736658592
AT,AKC,urban,2023-04-17 16:00:00+00:00,1,11.5665,10.815386422274688
AT,AKC,urban,2023-04-17 17:00:00+00:00,1,11.76155,11.511769952385983
AT,AKC,urban,2023-04-17 18:00:00+00:00,1,9.77165,11.562804004827964
AT,AKC,urban,2023-04-17 19:00:00+00:00,1,11.7165,9.760466356712339
AT,AKC,urban,2023-04-17 20:00:00+00:00,1,13.2295,11.509077933431424
AT,AKC,urban,2023-04-17 21:00:00+00:00,1,11.966,12.548015887362496
AT,AKC,urban,2023-04-17 22:00:00+00:00,1,11.049,11.762639377075178
AT,AKC,urban,2023-04-17 23:00:00+00:00,1,9.193399,11.093966377769075
AT,AKC,urban,2023-04-18 00:00:00+00:00,1,6.8114,9.32269215537454
AT,AKC,urban,2023-04-18 01:00:00+00:00,1,5.445549,7.177657703247835
AT,AKC,urban,2023-04-18 02:00:00+00:00,1,4.772799,5.994745403247659
AT,AKC,urban,2023-04-18 03:00:00+00:00,1,4.24545,5.629459288616882
AT,AKC,urban,2023-04-18 04:00:00+00:00,1,4.69705,5.199750388261091
AT,AKC,urban,2023-04-18 05:00:00+00:00,1,4.38555,5.687264018504013
AT,AKC,urban,2023-04-18 06:00:00+00:00,1,5.44525,5.238607866558212
AT,AKC,urban,2023-04-18 07:00:00+00:00,1,8.0186,6.030698286828102
AT,AKC,urban,2023-04-18 08:00:00+00:00,1,9.2413,7.7941320861283465
AT,AKC,urban,2023-04-18 09:00:00+00:00,1,10.02185,8.54787408779466
AT,AKC,urban,2023-04-18 10:00:00+00:00,1,10.0045,9.46467811745788
AT,AKC,urban,2023-04-18 11:00:00+00:00,1,8.720549,9.773009875897241
AT,AKC,urban,2023-04-18 12:00:00+00:00,1,8.6247,8.984182894790585
AT,AKC,urban,2023-04-18 13:00:00+00:00,1,8.80465,8.78767535589035
AT,AKC,urban,2023-04-18 14:00:00+00:00,1,11.1725,8.902217082847653
AT,AKC,urban,2023-04-18 15:00:00+00:00,1,12.097,10.76218783813016
AT,AKC,urban,2023-04-18 16:00:00+00:00,1,12.401,11.63609641755722
AT,AKC,urban,2023-04-18 17:00:00+00:00,1,11.403,11.735832342942405
AT,AKC,urban,2023-04-18 18:00:00+00:00,1,10.142,11.27235808188069
AT,AKC,urban,2023-04-18 19:00:00+00:00,1,10.186,10.224993438590477
AT,AKC,urban,2023-04-18 20:00:00+00:00,1,11.081,10.267049163689713
AT,AKC,urban,2023-04-18 21:00:00+00:00,1,11.97,10.79142597816174
AT,AKC,urban,2023-04-18 22:00:00+00:00,1,12.5415,11.392525109122609
AT,AKC,urban,2023-04-18 23:00:00+00:00,1,14.1065,12.080281526253092
AT,AKC,urban,2023-04-19 00:00:00+00:00,1,15.404,13.144976489209814
AT,AKC,urban,2023-04-19 01:00:00+00:00,1,16.7435,14.214998776376035
AT,AKC,urban,2023-04-19 02:00:00+00:00,1,18.8335,15.588770663376916
AT,AKC,urban,2023-04-19 03:00:00+00:00,1,19.9245,17.127000222137212
AT,AKC,urban,2023-04-19 04:00:00+00:00,1,19.8435,18.85269648145249
AT,AKC,urban,2023-04-19 05:00:00+00:00,1,19.644,18.94149693237963
AT,AKC,urban,2023-04-19 06:00:00+00:00,1,15.0415,18.71375655492438
AT,AKC,urban,2023-04-19 07:00:00+00:00,1,11.7765,14.471518786638857
AT,AKC,urban,2023-04-19 08:00:00+00:00,1,7.850399,11.499203144708847
AT,AKC,urban,2023-04-19 09:00:00+00:00,1,8.524349,8.29945603676197
AT,AKC,urban,2023-04-19 10:00:00+00:00,1,9.01305,8.611234574172343
AT,AKC,urban,2023-04-19 11:00:00+00:00,1,7.563049,8.982229320849608
AT,AKC,urban,2023-04-19 12:00:00+00:00,1,7.485699,8.011753939700483
AT,AKC,urban,2023-04-19 13:00:00+00:00,1,6.49495,7.994354696548363
AT,AKC,urban,2023-04-19 14:00:00+00:00,1,6.204999,6.6951621489047355
AT,AKC,urban,2023-04-19 15:00:00+00:00,1,5.746649,6.779743487801419
AT,AKC,urban,2023-04-19 16:00:00+00:00,1,6.990349,6.2774686239674224
AT,AKC,urban,2023-04-19 17:00:00+00:00,1,7.670499,7.555511297172185
AT,AKC,urban,2023-04-19 18:00:00+00:00,1,7.856999,8.117766778563801
AT,AKC,urban,2023-04-19 19:00:00+00:00,1,7.816299,8.421229934440106
AT,AKC,urban,2023-04-19 20:00:00+00:00,1,7.95005,8.588460543281602
AT,AKC,urban,2023-04-19 21:00:00+00:00,1,8.725599,8.884558534040636
AT,AKC,urban,2023-04-19 22:00:00+00:00,1,9.88595,9.228771666642746
AT,AKC,urban,2023-04-19 23:00:00+00:00,1,10.09015,9.929381998022254
AT,AKC,urban,2023-04-20 00:00:00+00:00,1,9.5895,10.185777275631231
AT,AKC,urban,2023-04-20 01:00:00+00:00,1,11.0825,9.930130566408366
AT,AKC,urban,2023-04-20 02:00:00+00:00,1,13.046,11.089025673224079
AT,AKC,urban,2023-04-20 03:00:00+00:00,1,14.9905,12.561350011522372
AT,AKC,urban,2023-04-20 04:00:00+00:00,1,15.9605,14.582286204616608
AT,AKC,urban,2023-04-20 05:00:00+00:00,1,15.89,15.239977917074231
AT,AKC,urban,2023-04-20 06:00:00+00:00,1,16.8145,15.140076323106147
AT,AKC,urban,2023-04-20 07:00:00+00:00,1,17.2105,15.920102353262497
AT,AKC,urban,2023-04-20 08:00:00+00:00,1,17.6835,16.205053631325967
AT,AKC,urban,2023-04-20 09:00:00+00:00,1,16.574,16.772081902982812
AT,AKC,urban,2023-04-20 10:00:00+00:00,1,15.293,15.714230860068358
AT,AKC,urban,2023-04-20 11:00:00+00:00,1,14.216,14.846860096559329
AT,AKC,urban,2023-04-20 12:00:00+00:00,1,13.8795,13.904063967589213
AT,AKC,urban,2023-04-20 13:00:00+00:00,1,12.9175,13.721549787533231
AT,AKC,urban,2023-04-20 14:00:00+00:00,1,12.8825,12.658339461037027
AT,AKC,urban,2023-04-20 15:00:00+00:00,1,12.7155,12.53147219664562
AT,AKC,urban,2023-04-20 16:00:00+00:00,1,15.207,12.672719197415834
AT,AKC,urban,2023-04-20 17:00:00+00:00,1,17.055,15.131397588127868
AT,AKC,urban,2023-04-20 18:00:00+00:00,1,18.676,16.75556270013374
AT,AKC,urban,2023-04-20 19:00:00+00:00,1,20.055,19.28508905277634
AT,AKC,urban,2023-04-20 20:00:00+00:00,1,18.751,21.39707667126439
AT,AKC,urban,2023-04-20 21:00:00+00:00,1,18.7735,18.597497470855977
AT,AKC,urban,2023-04-20 22:00:00+00:00,1,18.0105,18.929072227976985
AT,AKC,urban,2023-04-20 23:00:00+00:00,1,18.1505,16.888157876439838
AT,AKC,urban,2023-04-21 00:00:00+00:00,1,18.7315,17.761788251031398
AT,AKC,urban,2023-04-21 01:00:00+00:00,1,19.3975,17.963815547156113
AT,AKC,urban,2023-04-21 02:00:00+00:00,1,19.9415,18.939096684203783
AT,AKC,urban,2023-04-21 03:00:00+00:00,1,21.1385,19.596280130434835
AT,AKC,urban,2023-04-21 04:00:00+00:00,1,23.3085,22.030379144953354
AT,AKC,urban,2023-04-21 05:00:00+00:00,1,24.0385,22.882945380533478
AT,AKC,urban,2023-04-21 06:00:00+00:00,1,17.903,23.413647434345187
AT,AKC,urban,2023-04-21 07:00:00+00:00,1,15.082,17.75514271121592
AT,AKC,urban,2023-04-21 08:00:00+00:00,1,12.8365,14.633606273201394
AT,AKC,urban,2023-04-21 09:00:00+00:00,1,11.2735,12.119519236191842
AT,AKC,urban,2023-04-21 10:00:00+00:00,1,9.79465,11.177098104533055
AT,AKC,urban,2023-04-21 11:00:00+00:00,1,9.687649,10.191555419207102
AT,AKC,urban,2023-04-21 12:00:00+00:00,1,9.04775,9.79143725098196
AT,AKC,urban,2023-04-21 13:00:00+00:00,1,9.45825,9.47223122980277
AT,AKC,urban,2023-04-21 14:00:00+00:00,1,9.99385,9.810580819157032
AT,AKC,urban,2023-04-21 15:00:00+00:00,1,10.352,10.322695867694204
AT,AKC,urban,2023-04-21 16:00:00+00:00,1,11.0545,10.944264002588248
AT,AKC,urban,2023-04-21 17:00:00+00:00,1,12.784,11.812665788566978
AT,AKC,urban,2023-04-21 18:00:00+00:00,1,15.808,13.810037828555611
AT,AKC,urban,2023-04-21 19:00:00+00:00,1,16.626,16.2009712844808
AT,AKC,urban,2023-04-21 20:00:00+00:00,1,18.0685,18.131962563671422
AT,AKC,urban,2023-04-21 21:00:00+00:00,1,15.3035,19.14481945999497
AT,AKC,urban,2023-04-21 22:00:00+00:00,1,13.6755,16.101973224311575
AT,AKC,urban,2023-04-21 23:00:00+00:00,1,13.3775,12.899893807421417
AT,AKC,urban,2023-04-22 00:00:00+00:00,1,14.471,13.108450793221728
AT,AKC,urban,2023-04-22 01:00:00+00:00,1,16.477,14.679865193900163
AT,AKC,urban,2023-04-22 02:00:00+00:00,1,17.5555,16.321099645054886
AT,AKC,urban,2023-04-22 03:00:00+00:00,1,17.382,16.41547295369742
AT,AKC,urban,2023-04-22 04:00:00+00:00,1,20.592,17.447455346972962
AT,AKC,urban,2023-04-22 05:00:00+00:00,1,20.8755,19.28054259719486
AT,AKC,urban,2023-04-22 06:00:00+00:00,1,18.59,19.739970222121748
AT,AKC,urban,2023-04-22 07:00:00+00:00,1,17.234,17.887690997428212
AT,AKC,urban,2023-04-22 08:00:00+00:00,1,11.472,16.004458276260223
AT,AKC,urban,2023-04-22 09:00:00+00:00,1,9.59625,10.264105389841756
AT,AKC,urban,2023-04-22 10:00:00+00:00,1,8.476299,9.214185584221578
AT,AKC,urban,2023-04-22 11:00:00+00:00,1,7.816599,8.520667014594231
AT,AKC,urban,2023-04-22 12:00:00+00:00,1,7.240799,8.072044255492226
AT,AKC,urban,2023-04-22 13:00:00+00:00,1,7.6416,7.589740161936831
AT,AKC,urban,2023-04-22 14:00:00+00:00,1,7.774549,7.978830612256477
AT,AKC,urban,2023-04-22 15:00:00+00:00,1,8.014599,8.156352917536413
AT,AKC,urban,2023-04-22 16:00:00+00:00,1,8.666399,8.565150149361834
AT,AKC,urban,2023-04-22 17:00:00+00:00,1,9.7145,9.287060140474125
AT,AKC,urban,2023-04-22 18:00:00+00:00,1,10.2385,10.141781205322975
AT,AKC,urban,2023-04-22 19:00:00+00:00,1,10.4165,10.602289418692425
AT,AKC,urban,2023-04-22 20:00:00+00:00,1,10.7925,10.854528910865536
AT,AKC,urban,2023-04-22 21:00:00+00:00,1,11.085,11.240212315090726
AT,AKC,urban,2023-04-22 22:00:00+00:00,1,10.7075,11.4818307862136
AT,AKC,urban,2023-04-22 23:00:00+00:00,1,10.519,11.04991531750716
AT,AKC,urban,2023-04-23 00:00:00+00:00,1,10.887,10.80653515834975
AT,AKC,urban,2023-04-23 01:00:00+00:00,1,11.788,11.610445002146083
AT,AKC,urban,2023-04-23 02:00:00+00:00,1,11.714,12.692186066716282
AT,AKC,urban,2023-04-23 03:00:00+00:00,1,12.603,12.144543464468342
AT,AKC,urban,2023-04-23 04:00:00+00:00,1,15.442,12.900661837683863
AT,AKC,urban,2023-04-23 05:00:00+00:00,1,16.414,14.75206281143976
AT,AKC,urban,2023-04-23 06:00:00+00:00,1,15.58,15.133657310431868
AT,AKC,urban,2023-04-23 07:00:00+00:00,1,13.471,14.697972343555929
AT,AKC,urban,2023-04-23 08:00:00+00:00,1,11.4805,12.355240620994348
AT,AKC,urban,2023-04-23 09:00:00+00:00,1,8.68885,10.684468172825145
AT,AKC,urban,2023-04-23 10:00:00+00:00,1,7.84025,8.267181757039733
AT,AKC,urban,2023-04-23 11:00:00+00:00,1,7.566349,7.745885720274114
AT,AKC,urban,2023-04-23 12:00:00+00:00,1,6.90665,7.549586313076297
AT,AKC,urban,2023-04-23 13:00:00+00:00,1,7.545499,7.091475822826876
AT,AKC,urban,2023-04-23 14:00:00+00:00,1,7.742599,7.782595628954791
AT,AKC,urban,2023-04-23 15:00:00+00:00,1,8.138099,7.932387976146138
AT,AKC,urban,2023-04-23 16:00:00+00:00,1,5.92885,8.429793958549084
AT,AKC,urban,2023-04-23 17:00:00+00:00,1,4.16975,6.474760040189636
AT,AKC,urban,2023-04-23 18:00:00+00:00,1,5.138949,4.6421243214516
AT,AKC,urban,2023-04-23 19:00:00+00:00,1,5.646149,6.3530590030619685
AT,AKC,urban,2023-04-23 20:00:00+00:00,1,7.372949,6.901753270156615
AT,AKC,urban,2023-04-23 21:00:00+00:00,1,7.765249,6.823761704126127
AT,AKC,urban,2023-04-23 22:00:00+00:00,1,8.404199,7.586173639265663
AT,AKC,urban,2023-04-23 23:00:00+00:00,1,8.284349,8.338337398710596
AT,AKC,urban,2023-04-24 00:00:00+00:00,1,9.1552,8.638204635906426
AT,AKC,urban,2023-04-24 01:00:00+00:00,1,7.11985,9.427429371530312
AT,AKC,urban,2023-04-24 02:00:00+00:00,1,5.7255,7.369617029480736
AT,AKC,urban,2023-04-24 03:00:00+00:00,1,5.63975,6.2019659025642895
AT,AKC,urban,2023-04-24 04:00:00+00:00,1,5.5836,6.339434231934703
AT,AKC,urban,2023-04-24 05:00:00+00:00,1,6.279,6.175367267145216
AT,AKC,urban,2023-04-24 06:00:00+00:00,1,4.811749,6.673605715096578
AT,AKC,urban,2023-04-24 07:00:00+00:00,1,4.4071,4.979018703095459
AT,AKC,urban,2023-04-24 08:00:00+00:00,1,2.66345,4.665720969183159
AT,AKC,urban,2023-04-24 09:00:00+00:00,1,2.47965,2.6239810010997218
AT,AKC,urban,2023-04-24 10:00:00+00:00,1,2.761149,2.491155787463299
AT,AKC,urban,2023-04-24 11:00:00+00:00,1,3.415699,2.6305429156021347
AT,AKC,urban,2023-04-24 12:00:00+00:00,1,3.3652,3.29652826232239
AT,AKC,urban,2023-04-24 13:00:00+00:00,1,3.1092,3.5256751580716816
AT,AKC,urban,2023-04-24 14:00:00+00:00,1,2.7044,3.746071368558205
AT,AKC,urban,2023-04-24 15:00:00+00:00,1,2.202099,2.953288350884506
AT,AKC,urban,2023-04-24 16:00:00+00:00,1,3.061399,2.601342817426435
AT,AKC,urban,2023-04-24 17:00:00+00:00,1,3.014349,3.549543343820254
AT,AKC,urban,2023-04-24 18:00:00+00:00,1,3.26095,3.237330175225882
AT,AKC,urban,2023-04-24 19:00:00+00:00,1,3.4602,3.783263385570347
AT,AKC,urban,2023-04-24 20:00:00+00:00,1,3.7424,3.9082735426262687
AT,AKC,urban,2023-04-24 21:00:00+00:00,1,3.658699,3.9394808975728743
AT,AKC,urban,2023-04-24 22:00:00+00:00,1,3.8391,3.8059538449900217
AT,AKC,urban,2023-04-24 23:00:00+00:00,1,3.886349,3.879486724429384
AT,AKC,urban,2023-04-25 00:00:00+00:00,1,4.287849,3.81280288088675
AT,AKC,urban,2023-04-25 01:00:00+00:00,1,4.707949,4.082193332874294
AT,AKC,urban,2023-04-25 02:00:00+00:00,1,5.3171,4.450413768392256
AT,AKC,urban,2023-04-25 03:00:00+00:00,1,5.528949,5.062039863220569
AT,AKC,urban,2023-04-25 04:00:00+00:00,1,6.38545,5.847423789625537
AT,AKC,urban,2023-04-25 05:00:00+00:00,1,6.123849,7.059397268237483
AT,AKC,urban,2023-04-25 06:00:00+00:00,1,6.302499,5.639884166382835
AT,AKC,urban,2023-04-25 07:00:00+00:00,1,7.5453,5.401218102032043
AT,AKC,urban,2023-04-25 08:00:00+00:00,1,6.477799,6.98767958267835
AT,AKC,urban,2023-04-25 09:00:00+00:00,1,4.31785,6.848611597290642
AT,AKC,urban,2023-04-25 10:00:00+00:00,1,5.65015,3.574010720478114
AT,AKC,urban,2023-04-25 11:00:00+00:00,1,4.17005,5.51175261181233
AT,AKC,urban,2023-04-25 12:00:00+00:00,1,4.2959,3.9890177985185353
AT,AKC,urban,2023-04-25 13:00:00+00:00,1,3.8245,4.35455638727289
AT,AKC,urban,2023-04-25 14:00:00+00:00,1,3.286399,4.1517448434970134
AT,AKC,urban,2023-04-25 15:00:00+00:00,1,2.431449,3.0828089345165743
AT,AKC,urban,2023-04-25 16:00:00+00:00,1,2.663849,2.5710766573451593
AT,AKC,urban,2023-04-25 17:00:00+00:00,1,2.403699,3.0160550331793097
AT,AKC,urban,2023-04-25 18:00:00+00:00,1,2.382599,3.04299279028022
AT,AKC,urban,2023-04-25 19:00:00+00:00,1,2.858299,3.003477490862174
AT,AKC,urban,2023-04-25 20:00:00+00:00,1,3.305249,3.428612726954473
AT,AKC,urban,2023-04-25 21:00:00+00:00,1,5.18865,3.7096524860092934
AT,AKC,urban,2023-04-25 22:00:00+00:00,1,7.5081,5.119171719472838
AT,AKC,urban,2023-04-25 23:00:00+00:00,1,9.512,6.881155143956551
AT,AKC,urban,2023-04-26 00:00:00+00:00,1,8.74085,8.731545444313781
AT,AKC,urban,2023-04-26 01:00:00+00:00,1,7.8044,8.261230385985517
AT,AKC,urban,2023-04-26 02:00:00+00:00,1,7.12515,7.647375050338734
AT,AKC,urban,2023-04-26 03:00:00+00:00,1,7.69375,7.1895119555524865
AT,AKC,urban,2023-04-26 04:00:00+00:00,1,7.673399,8.109799585845
AT,AKC,urban,2023-04-26 05:00:00+00:00,1,7.578299,7.932862783130126
AT,AKC,urban,2023-04-26 06:00:00+00:00,1,7.430999,7.582009347118163
AT,AKC,urban,2023-04-26 07:00:00+00:00,1,7.20565,7.220245143078255
AT,AKC,urban,2023-04-26 08:00:00+00:00,1,6.572299,7.015429879908229
AT,AKC,urban,2023-04-26 09:00:00+00:00,1,7.0454,6.041097054850894
AT,AKC,urban,2023-04-26 10:00:00+00:00,1,6.736,6.662439350015113
AT,AKC,urban,2023-04-26 11:00:00+00:00,1,5.23325,6.219491313775585
AT,AKC,urban,2023-04-26 12:00:00+00:00,1,4.862199,4.931412860253502
AT,AKC,urban,2023-04-26 13:00:00+00:00,1,4.65285,4.785698597251439
AT,AKC,urban,2023-04-26 14:00:00+00:00,1,4.747799,4.69492408531859
AT,AKC,urban,2023-04-26 15:00:00+00:00,1,4.8315,4.967583000011992
AT,AKC,urban,2023-04-26 16:00:00+00:00,1,5.650349,5.090577403937058
AT,AKC,urban,2023-04-26 17:00:00+00:00,1,6.807399,6.034350778497505
AT,AKC,urban,2023-04-26 18:00:00+00:00,1,7.656849,6.982125800723882
AT,AKC,urban,2023-04-26 19:00:00+00:00,1,7.802949,7.8423982848947205
AT,AKC,urban,2023-04-26 20:00:00+00:00,1,7.2603,7.838237372413072
AT,AKC,urban,2023-04-26 21:00:00+00:00,1,7.10245,7.754046453922182
AT,AKC,urban,2023-04-26 22:00:00+00:00,1,7.2167,7.556910703950827
AT,AKC,urban,2023-04-26 23:00:00+00:00,1,6.65365,7.5676928874293985
AT,AKC,urban,2023-04-27 00:00:00+00:00,1,6.500199,6.929492205595675
AT,AKC,urban,2023-04-27 01:00:00+00:00,1,6.406,6.593126515390878
AT,AKC,urban,2023-04-27 02:00:00+00:00,1,7.360849,6.716481593721042
AT,AKC,urban,2023-04-27 03:00:00+00:00,1,8.569399,7.966680591897745
AT,AKC,urban,2023-04-27 04:00:00+00:00,1,9.347999,10.515355873838686
AT,AKC,urban,2023-04-27 05:00:00+00:00,1,9.931299,9.682422023392771
AT,AKC,urban,2023-04-27 06:00:00+00:00,1,9.76555,10.583648324370383
AT,AKC,urban,2023-04-27 07:00:00+00:00,1,10.201,9.550673602866961
AT,AKC,urban,2023-04-27 08:00:00+00:00,1,10.23425,9.608463661330855
AT,AKC,urban,2023-04-27 09:00:00+00:00,1,9.76835,9.401765110789785
AT,AKC,urban,2023-04-27 10:00:00+00:00,1,10.5965,9.515228670199289
AT,AKC,urban,2023-04-27 11:00:00+00:00,1,10.73,10.145002637639163
AT,AKC,urban,2023-04-27 12:00:00+00:00,1,8.502949,10.393452589136114
AT,AKC,urban,2023-04-27 13:00:00+00:00,1,6.892299,8.34288019428011
AT,AKC,urban,2023-04-27 14:00:00+00:00,1,6.5945,6.863100214362078
AT,AKC,urban,2023-04-27 15:00:00+00:00,1,6.375699,6.7813900758943255
AT,AKC,urban,2023-04-27 16:00:00+00:00,1,6.876599,6.592080242315845
AT,AKC,urban,2023-04-27 17:00:00+00:00,1,8.571399,7.713728436320377
AT,AKC,urban,2023-04-27 18:00:00+00:00,1,9.543149,9.028420999280712
AT,AKC,urban,2023-04-27 19:00:00+00:00,1,9.55055,10.372463305464844
AT,AKC,urban,2023-04-27 20:00:00+00:00,1,11.328,10.776305288331734
AT,AKC,urban,2023-04-27 21:00:00+00:00,1,10.7595,12.584155644584872
AT,AKC,urban,2023-04-27 22:00:00+00:00,1,11.548,10.97487932393538
AT,AKC,urban,2023-04-27 23:00:00+00:00,1,11.407,12.090333026487865
AT,AKC,urban,2023-04-28 00:00:00+00:00,1,10.765,11.79016125568413
AT,AKC,urban,2023-04-28 01:00:00+00:00,1,11.6755,10.349645747766129
AT,AKC,urban,2023-04-28 02:00:00+00:00,1,12.904,12.087899356783286
AT,AKC,urban,2023-04-28 03:00:00+00:00,1,13.5005,12.655933453389942
AT,AKC,urban,2023-04-28 04:00:00+00:00,1,14.4195,13.859808605953607
AT,AKC,urban,2023-04-28 05:00:00+00:00,1,13.588,14.919660833795906
AT,AKC,urban,2023-04-28 06:00:00+00:00,1,12.301,13.131481515829798
AT,AKC,urban,2023-04-28 07:00:00+00:00,1,10.32805,12.024728924358683
AT,AKC,urban,2023-04-28 08:00:00+00:00,1,9.772999,10.222677623254821
AT,AKC,urban,2023-04-28 09:00:00+00:00,1,9.5297,9.642872493983695
AT,AKC,urban,2023-04-28 10:00:00+00:00,1,7.636699,9.50483388590586
AT,AKC,urban,2023-04-28 11:00:00+00:00,1,8.455299,7.823900345172266
AT,AKC,urban,2023-04-28 12:00:00+00:00,1,8.007949,8.922469821939611
AT,AKC,urban,2023-04-28 13:00:00+00:00,1,8.339449,8.10580232770948
AT,AKC,urban,2023-04-28 14:00:00+00:00,1,9.354249,8.60191393061999
AT,AKC,urban,2023-04-28 15:00:00+00:00,1,10.593,9.336810596273242
AT,AKC,urban,2023-04-28 16:00:00+00:00,1,11.5605,10.691536303574125
AT,AKC,urban,2023-04-28 17:00:00+00:00,1,12.1045,11.95995725307699
AT,AKC,urban,2023-04-28 18:00:00+00:00,1,14.42,12.440660666048455
AT,AKC,urban,2023-04-28 19:00:00+00:00,1,14.4195,14.829364527055379
AT,AKC,urban,2023-04-28 20:00:00+00:00,1,15.2775,14.369310054048718
AT,AKC,urban,2023-04-28 21:00:00+00:00,1,15.8805,15.48527581502503
AT,AKC,urban,2023-04-28 22:00:00+00:00,1,15.844,15.838666661239126
AT,AKC,urban,2023-04-28 23:00:00+00:00,1,17.223,15.86666012712833
AT,AKC,urban,2023-04-29 00:00:00+00:00,1,15.9685,17.05987993413527
AT,AKC,urban,2023-04-29 01:00:00+00:00,1,18.609,15.281620346449412
AT,AKC,urban,2023-04-29 02:00:00+00:00,1,17.1,17.997207376979965
AT,AKC,urban,2023-04-29 03:00:00+00:00,1,16.4695,16.440032578856947
AT,AKC,urban,2023-04-29 04:00:00+00:00,1,16.991,15.949460914241842
AT,AKC,urban,2023-04-29 05:00:00+00:00,1,15.3615,16.41208114709542
AT,AKC,urban,2023-04-29 06:00:00+00:00,1,13.1255,14.880759555677141
AT,AKC,urban,2023-04-29 07:00:00+00:00,1,9.42595,12.480432302771455
AT,AKC,urban,2023-04-29 08:00:00+00:00,1,6.011799,8.958765799118137
AT,AKC,urban,2023-04-29 09:00:00+00:00,1,6.3895,5.896949810400752
AT,AKC,urban,2023-04-29 10:00:00+00:00,1,12.968,6.229876323639026
AT,AKC,urban,2023-04-29 11:00:00+00:00,1,10.4085,11.884458115527078
AT,AKC,urban,2023-04-29 12:00:00+00:00,1,7.07105,9.977598623003587
AT,AKC,urban,2023-04-29 13:00:00+00:00,1,4.51585,7.355974772290239
AT,AKC,urban,2023-04-29 14:00:00+00:00,1,3.52555,3.1589444657270356
AT,AKC,urban,2023-04-29 15:00:00+00:00,1,4.06955,4.618081748449214
AT,AKC,urban,2023-04-29 16:00:00+00:00,1,6.0339,5.615277253091296
AT,AKC,urban,2023-04-29 17:00:00+00:00,1,5.621049,6.633762868699279
AT,AKC,urban,2023-04-29 18:00:00+00:00,1,7.0071,6.598641466099682
AT,AKC,urban,2023-04-29 19:00:00+00:00,1,6.52785,8.520676602618806
AT,AKC,urban,2023-04-29 20:00:00+00:00,1,5.745049,6.520992369418533
AT,AKC,urban,2023-04-29 21:00:00+00:00,1,6.958849,6.416748894813114
AT,AKC,urban,2023-04-29 22:00:00+00:00,1,8.110699,7.417071068533911
AT,AKC,urban,2023-04-29 23:00:00+00:00,1,7.760299,8.182768448263015
AT,AKC,urban,2023-04-30 00:00:00+00:00,1,9.022199,7.839994976318323
AT,AKC,urban,2023-04-30 01:00:00+00:00,1,11.68,8.826494937500012
AT,AKC,urban,2023-04-30 02:00:00+00:00,1,12.5125,10.782259214972392
AT,AKC,urban,2023-04-30 03:00:00+00:00,1,11.659,11.610732309562849
AT,AKC,urban,2023-04-30 04:00:00+00:00,1,11.878,11.184068756264907
AT,AKC,urban,2023-04-30 05:00:00+00:00,1,11.4135,11.373611275631355
AT,AKC,urban,2023-04-30 06:00:00+00:00,1,10.652,10.960657539591917
AT,AKC,urban,2023-04-30 07:00:00+00:00,1,10.355,10.280239621314344
AT,AKC,urban,2023-04-30 08:00:00+00:00,1,10.468,10.023805143631009
AT,AKC,urban,2023-04-30 09:00:00+00:00,1,10.6215,10.152303124212267
AT,AKC,urban,2023-04-30 10:00:00+00:00,1,11.6525,10.158069465695657
AT,AKC,urban,2023-04-30 11:00:00+00:00,1,11.047,10.884233328730378
AT,AKC,urban,2023-04-30 12:00:00+00:00,1,9.9398,10.39405801564952
AT,AKC,urban,2023-04-30 13:00:00+00:00,1,9.055099,9.579829681471558
AT,AKC,urban,2023-04-30 14:00:00+00:00,1,8.36655,8.883947212547906
AT,AKC,urban,2023-04-30 15:00:00+00:00,1,8.6968,8.404646395491532
AT,AKC,urban,2023-04-30 16:00:00+00:00,1,8.7739,8.944388159557317
AT,AKC,urban,2023-04-30 17:00:00+00:00,1,8.975649,9.207788492264235
AT,AKC,urban,2023-04-30 18:00:00+00:00,1,10.598,9.35984117459558
AT,AKC,urban,2023-04-30 19:00:00+00:00,1,11.419,11.623397141312676
AT,AKC,urban,2023-04-30 20:00:00+00:00,1,8.5557,12.374275307910612
AT,AKC,urban,2023-04-30 21:00:00+00:00,1,8.429599,8.822176706721265
AT,AKC,urban,2023-04-30 22:00:00+00:00,1,8.4771,8.451431796873365
AT,AKC,urban,2023-04-30 23:00:00+00:00,1,8.00715,9.00631503864826
AT,AKC,urban,2023-05-01 00:00:00+00:00,1,7.88825,8.682492590791433
AT,AKC,urban,2023-05-01 01:00:00+00:00,1,7.899399,8.671372898346007
AT,AKC,urban,2023-05-01 02:00:00+00:00,1,8.579899,8.358490518519375
AT,AKC,urban,2023-05-01 03:00:00+00:00,1,8.308199,9.208860195742304
AT,AKC,urban,2023-05-01 04:00:00+00:00,1,9.038749,8.754484637833322
AT,AKC,urban,2023-05-01 05:00:00+00:00,1,9.885399,9.062223968404446
AT,AKC,urban,2023-05-01 06:00:00+00:00,1,11.107,9.95991477252479
AT,AKC,urban,2023-05-01 07:00:00+00:00,1,12.0815,10.94817052246043
AT,AKC,urban,2023-05-01 08:00:00+00:00,1,9.850599,11.375707228444746
AT,AKC,urban,2023-05-01 09:00:00+00:00,1,9.165349,9.581660825431651
AT,AKC,urban,2023-05-01 10:00:00+00:00,1,7.738949,9.154735402967535
AT,AKC,urban,2023-05-01 11:00:00+00:00,1,6.297149,7.889440652236807
AT,AKC,urban,2023-05-01 12:00:00+00:00,1,5.9944,6.606959562367788
AT,AKC,urban,2023-05-01 13:00:00+00:00,1,5.735599,6.392973686857239
AT,AKC,urban,2023-05-01 14:00:00+00:00,1,5.625599,6.172390654036551
AT,AKC,urban,2023-05-01 15:00:00+00:00,1,5.847849,6.112044829755938
AT,AKC,urban,2023-05-01 16:00:00+00:00,1,6.227999,6.4169217763792545
AT,AKC,urban,2023-05-01 17:00:00+00:00,1,6.67745,6.787043892290193
AT,AKC,urban,2023-05-01 18:00:00+00:00,1,6.88265,7.173193867674929
AT,AKC,urban,2023-05-01 19:00:00+00:00,1,7.5651,7.363401046206363
AT,AKC,urban,2023-05-01 20:00:00+00:00,1,7.7529,8.365097256336028
AT,AKC,urban,2023-05-01 21:00:00+00:00,1,7.509349,8.318451943405009
AT,AKC,urban,2023-05-01 22:00:00+00:00,1,8.13895,8.001508637491256
AT,AKC,urban,2023-05-01 23:00:00+00:00,1,8.884599,8.567796090570251
AT,AKC,urban,2023-05-02 00:00:00+00:00,1,11.5725,8.595148216614025
AT,AKC,urban,2023-05-02 01:00:00+00:00,1,9.621049,10.554853416600746
AT,AKC,urban,2023-05-02 02:00:00+00:00,1,10.8435,9.232999259521417
AT,AKC,urban,2023-05-02 03:00:00+00:00,1,12.122,10.460852556922148
AT,AKC,urban,2023-05-02 04:00:00+00:00,1,12.6525,12.14509822774339
AT,AKC,urban,2023-05-02 05:00:00+00:00,1,12.6535,12.892413655063411
AT,AKC,urban,2023-05-02 06:00:00+00:00,1,11.6005,12.458231035919479
AT,AKC,urban,2023-05-02 07:00:00+00:00,1,11.4275,11.380748821128023
AT,AKC,urban,2023-05-02 08:00:00+00:00,1,9.615449,11.501126245071088
AT,AKC,urban,2023-05-02 09:00:00+00:00,1,10.13775,9.692119822935858
AT,AKC,urban,2023-05-02 10:00:00+00:00,1,11.1855,9.565144645731344
AT,AKC,urban,2023-05-02 11:00:00+00:00,1,12.039,10.424991643772316
AT,AKC,urban,2023-05-02 12:00:00+00:00,1,13.511,10.962899528756477
AT,AKC,urban,2023-05-02 13:00:00+00:00,1,14.292,12.64025383505751
AT,AKC,urban,2023-05-02 14:00:00+00:00,1,13.757,13.834482342286528
AT,AKC,urban,2023-05-02 15:00:00+00:00,1,14.25,13.017665908770073
AT,AKC,urban,2023-05-02 16:00:00+00:00,1,14.486,13.694649933338539
AT,AKC,urban,2023-05-02 17:00:00+00:00,1,10.9665,13.96718389656166
AT,AKC,urban,2023-05-02 18:00:00+00:00,1,12.4975,11.033141020040102
AT,AKC,urban,2023-05-02 19:00:00+00:00,1,12.629,12.517651251134104
AT,AKC,urban,2023-05-02 20:00:00+00:00,1,13.1225,12.477086112690166
AT,AKC,urban,2023-05-02 21:00:00+00:00,1,11.418,13.170248660198734
AT,AKC,urban,2023-05-02 22:00:00+00:00,1,11.578,11.705307008526486
AT,AKC,urban,2023-05-02 23:00:00+00:00,1,11.832,11.801008847108108
AT,AKC,urban,2023-05-03 00:00:00+00:00,1,12.614,11.975142861314847
AT,AKC,urban,2023-05-03 01:00:00+00:00,1,12.437,12.44700277177379
AT,AKC,urban,2023-05-03 02:00:00+00:00,1,12.1995,12.331773518864157
AT,AKC,urban,2023-05-03 03:00:00+00:00,1,14.0015,12.278211868893198
AT,AKC,urban,2023-05-03 04:00:00+00:00,1,13.7675,14.01826678999102
AT,AKC,urban,2023-05-03 05:00:00+00:00,1,12.9155,13.91748280537832
AT,AKC,urban,2023-05-03 06:00:00+00:00,1,13.38,12.906016265170184
AT,AKC,urban,2023-05-03 07:00:00+00:00,1,12.7675,13.373995645807003
AT,AKC,urban,2023-05-03 08:00:00+00:00,1,11.9135,12.70532024130425
AT,AKC,urban,2023-05-03 09:00:00+00:00,1,10.856,12.039321647048375
AT,AKC,urban,2023-05-03 10:00:00+00:00,1,9.3971,11.07878640558312
AT,AKC,urban,2023-05-03 11:00:00+00:00,1,10.1835,9.85331636777418
AT,AKC,urban,2023-05-03 12:00:00+00:00,1,9.258449,10.628212540183764
AT,AKC,urban,2023-05-03 13:00:00+00:00,1,9.0025,9.971195095873508
AT,AKC,urban,2023-05-03 14:00:00+00:00,1,9.64875,9.480699657899024
AT,AKC,urban,2023-05-03 15:00:00+00:00,1,10.067,10.037563175361328
AT,AKC,urban,2023-05-03 16:00:00+00:00,1,9.825149,10.37064794572078
AT,AKC,urban,2023-05-03 17:00:00+00:00,1,10.844,10.418767170950662
AT,AKC,urban,2023-05-03 18:00:00+00:00,1,11.911,11.726820557738986
AT,AKC,urban,2023-05-03 19:00:00+00:00,1,13.491,12.403940293586366
AT,AKC,urban,2023-05-03 20:00:00+00:00,1,15.668,13.308532680520091
AT,AKC,urban,2023-05-03 21:00:00+00:00,1,14.408,14.968045219667648
AT,AKC,urban,2023-05-03 22:00:00+00:00,1,12.594,13.925438496361394
AT,AKC,urban,2023-05-03 23:00:00+00:00,1,10.8475,12.748050560892807
AT,AKC,urban,2023-05-04 00:00:00+00:00,1,10.3305,11.155391733107557
AT,AKC,urban,2023-05-04 01:00:00+00:00,1,9.965999,10.790535457402004
AT,AKC,urban,2023-05-04 02:00:00+00:00,1,9.45475,10.3317936805744
AT,AKC,urban,2023-05-04 03:00:00+00:00,1,9.866049,9.88934559091128
AT,AKC,urban,2023-05-04 04:00:00+00:00,1,10.0236,10.672355497181009
AT,AKC,urban,2023-05-04 05:00:00+00:00,1,10.449,10.416520009726021
AT,AKC,urban,2023-05-04 06:00:00+00:00,1,9.84035,10.454425855944052
AT,AKC,urban,2023-05-04 07:00:00+00:00,1,10.561,9.782030274705502
AT,AKC,urban,2023-05-04 08:00:00+00:00,1,9.3231,10.320638069945502
AT,AKC,urban,2023-05-04 09:00:00+00:00,1,7.8873,9.096759145617785
AT,AKC,urban,2023-05-04 10:00:00+00:00,1,6.644749,8.059717194663783
AT,AKC,urban,2023-05-04 11:00:00+00:00,1,5.852999,7.228430784273506
AT,AKC,urban,2023-05-04 12:00:00+00:00,1,5.883099,6.040976907194771
AT,AKC,urban,2023-05-04 13:00:00+00:00,1,6.26655,6.414708276246067
AT,AKC,urban,2023-05-04 14:00:00+00:00,1,6.151649,6.7093711529155655
AT,AKC,urban,2023-05-04 15:00:00+00:00,1,6.1538,6.692302312586058
AT,AKC,urban,2023-05-04 16:00:00+00:00,1,6.0527,6.986932276101779
AT,AKC,urban,2023-05-04 17:00:00+00:00,1,6.60435,7.054352899001202
AT,AKC,urban,2023-05-04 18:00:00+00:00,1,7.832399,7.568142854141335
AT,AKC,urban,2023-05-04 19:00:00+00:00,1,7.2193,9.53664025913212
AT,AKC,urban,2023-05-04 20:00:00+00:00,1,7.12615,7.421508126194894
AT,AKC,urban,2023-05-04 21:00:00+00:00,1,7.16855,7.83430661406484
AT,AKC,urban,2023-05-04 22:00:00+00:00,1,7.3894,7.2201231118558375
AT,AKC,urban,2023-05-04 23:00:00+00:00,1,8.2206,7.611066886372402
AT,AKC,urban,2023-05-05 00:00:00+00:00,1,7.9327,8.469532711353406
AT,AKC,urban,2023-05-05 01:00:00+00:00,1,8.763349,8.043501578802868
AT,AKC,urban,2023-05-05 02:00:00+00:00,1,10.034,9.727544667912202
AT,AKC,urban,2023-05-05 03:00:00+00:00,1,11.6925,10.401392078456528
AT,AKC,urban,2023-05-05 04:00:00+00:00,1,13.2975,11.794158410915745
AT,AKC,urban,2023-05-05 05:00:00+00:00,1,14.2225,13.421660945916667
AT,AKC,urban,2023-05-05 06:00:00+00:00,1,15.25,13.067724085584615
AT,AKC,urban,2023-05-05 07:00:00+00:00,1,16.025,14.460480116800927
AT,AKC,urban,2023-05-05 08:00:00+00:00,1,15.736,15.26762119212681
AT,AKC,urban,2023-05-05 09:00:00+00:00,1,15.9595,14.652794217040515
AT,AKC,urban,2023-05-05 10:00:00+00:00,1,10.31725,15.041682495460993
AT,AKC,urban,2023-05-05 11:00:00+00:00,1,7.5521,9.604205087360675
AT,AKC,urban,2023-05-05 12:00:00+00:00,1,6.257849,7.308278221860004
AT,AKC,urban,2023-05-05 13:00:00+00:00,1,6.3371,6.393591041555876
AT,AKC,urban,2023-05-05 14:00:00+00:00,1,6.376249,6.615385018705666
AT,AKC,urban,2023-05-05 15:00:00+00:00,1,5.662549,6.696238093043267
AT,AKC,urban,2023-05-05 16:00:00+00:00,1,6.286499,6.274445002403375
AT,AKC,urban,2023-05-05 17:00:00+00:00,1,7.94315,7.014785183354789
AT,AKC,urban,2023-05-05 18:00:00+00:00,1,9.1338,8.704106618238605
AT,AKC,urban,2023-05-05 19:00:00+00:00,1,10.0662,9.864038195030027
AT,AKC,urban,2023-05-05 20:00:00+00:00,1,10.18865,11.223329666046709
AT,AKC,urban,2023-05-05 21:00:00+00:00,1,12.1505,9.46333868060579
AT,AKC,urban,2023-05-05 22:00:00+00:00,1,12.5945,12.049560824899288
AT,AKC,urban,2023-05-05 23:00:00+00:00,1,12.2745,13.217479074382474
AT,AKC,urban,2023-05-06 00:00:00+00:00,1,8.883399,12.59827481122463
AT,AKC,urban,2023-05-06 01:00:00+00:00,1,2.758949,9.464725174468509
AT,AKC,urban,2023-05-06 02:00:00+00:00,1,2.3436,3.371334993054205
AT,AKC,urban,2023-05-06 03:00:00+00:00,1,2.492799,3.208880345812183
AT,AKC,urban,2023-05-06 04:00:00+00:00,1,2.734899,3.4712246851127304
AT,AKC,urban,2023-05-06 05:00:00+00:00,1,3.214799,4.157999034889393
AT,AKC,urban,2023-05-06 06:00:00+00:00,1,3.19635,4.16584869737132
AT,AKC,urban,2023-05-06 07:00:00+00:00,1,3.975049,3.2405135638414286
AT,AKC,urban,2023-05-06 08:00:00+00:00,1,3.720649,4.108482398038046
AT,AKC,urban,2023-05-06 09:00:00+00:00,1,3.8686,3.553943065868399
AT,AKC,urban,2023-05-06 10:00:00+00:00,1,3.98705,3.339417594575753
AT,AKC,urban,2023-05-06 11:00:00+00:00,1,3.888549,3.8376811466829146
AT,AKC,urban,2023-05-06 12:00:00+00:00,1,3.645199,4.2430559170075135
AT,AKC,urban,2023-05-06 13:00:00+00:00,1,3.05905,4.077234055997259
AT,AKC,urban,2023-05-06 14:00:00+00:00,1,2.379199,3.563539203857367
AT,AKC,urban,2023-05-06 15:00:00+00:00,1,3.015049,2.921260296158973
AT,AKC,urban,2023-05-06 16:00:00+00:00,1,4.5169,3.9108460743455957
AT,AKC,urban,2023-05-06 17:00:00+00:00,1,4.85545,5.823713276779795
AT,AKC,urban,2023-05-06 18:00:00+00:00,1,4.687749,5.456177075944023
AT,AKC,urban,2023-05-06 19:00:00+00:00,1,3.7589,5.362614385097363
AT,AKC,urban,2023-05-06 20:00:00+00:00,1,4.131299,4.1987180286222205
AT,AKC,urban,2023-05-06 21:00:00+00:00,1,4.951999,4.720646294521089
AT,AKC,urban,2023-05-06 22:00:00+00:00,1,5.6111,5.8557467515767705
AT,AKC,urban,2023-05-06 23:00:00+00:00,1,5.500699,6.160697726026715
AT,AKC,urban,2023-05-07 00:00:00+00:00,1,3.82905,5.9817355887691335
AT,AKC,urban,2023-05-07 01:00:00+00:00,1,4.6918,3.8316009664012967
AT,AKC,urban,2023-05-07 02:00:00+00:00,1,8.113149,5.057681236285916
AT,AKC,urban,2023-05-07 03:00:00+00:00,1,13.616,7.238887005422914
AT,AKC,urban,2023-05-07 04:00:00+00:00,1,17.7075,11.769854881699835
AT,AKC,urban,2023-05-07 05:00:00+00:00,1,18.699,15.150766142593898
AT,AKC,urban,2023-05-07 06:00:00+00:00,1,18.297,16.56128001310752
AT,AKC,urban,2023-05-07 07:00:00+00:00,1,15.682,16.658343328821843
AT,AKC,urban,2023-05-07 08:00:00+00:00,1,12.825,14.436057615084753
AT,AKC,urban,2023-05-07 09:00:00+00:00,1,12.847,11.945263502262556
AT,AKC,urban,2023-05-07 10:00:00+00:00,1,11.0505,12.099171849380735
AT,AKC,urban,2023-05-07 11:00:00+00:00,1,10.156,10.58760676774763
AT,AKC,urban,2023-05-07 12:00:00+00:00,1,8.672249,9.924624583531582
AT,AKC,urban,2023-05-07 13:00:00+00:00,1,7.876399,8.657017713671344
AT,AKC,urban,2023-05-07 14:00:00+00:00,1,6.759949,8.034659531216548
AT,AKC,urban,2023-05-07 15:00:00+00:00,1,7.380299,7.0371672549275885
AT,AKC,urban,2023-05-07 16:00:00+00:00,1,8.600149,7.629612362762419
AT,AKC,urban,2023-05-07 17:00:00+00:00,1,8.541349,8.681792245969369
AT,AKC,urban,2023-05-07 18:00:00+00:00,1,10.25455,8.709533618328127
AT,AKC,urban,2023-05-07 19:00:00+00:00,1,14.4,10.17926035027785
AT,AKC,urban,2023-05-07 20:00:00+00:00,1,16.6765,13.349636312827176
AT,AKC,urban,2023-05-07 21:00:00+00:00,1,15.9925,15.366709573493392
AT,AKC,urban,2023-05-07 22:00:00+00:00,1,14.0355,15.251054705764261
AT,AKC,urban,2023-05-07 23:00:00+00:00,1,12.19,13.816627634674447
AT,AKC,urban,2023-05-08 00:00:00+00:00,1,12.274,12.225658867338144
AT,AKC,urban,2023-05-08 01:00:00+00:00,1,12.437,12.476250457331684
AT,AKC,urban,2023-05-08 02:00:00+00:00,1,11.1095,12.7683801165376
AT,AKC,urban,2023-05-08 03:00:00+00:00,1,11.473,11.650392912922737
AT,AKC,urban,2023-05-08 04:00:00+00:00,1,9.9052,12.027156202583662
AT,AKC,urban,2023-05-08 05:00:00+00:00,1,9.339149,10.465692199967076
AT,AKC,urban,2023-05-08 06:00:00+00:00,1,8.893449,9.646451253748548
AT,AKC,urban,2023-05-08 07:00:00+00:00,1,8.784,9.175791598366839
AT,AKC,urban,2023-05-08 08:00:00+00:00,1,8.7221,8.922776873496108
AT,AKC,urban,2023-05-08 09:00:00+00:00,1,8.406999,8.627797088114583
AT,AKC,urban,2023-05-08 10:00:00+00:00,1,8.28025,8.46238208592942
AT,AKC,urban,2023-05-08 11:00:00+00:00,1,7.8161,8.455398854958887
AT,AKC,urban,2023-05-08 12:00:00+00:00,1,7.761199,8.076627308108456
AT,AKC,urban,2023-05-08 13:00:00+00:00,1,6.997799,8.286392353192934
AT,AKC,urban,2023-05-08 14:00:00+00:00,1,5.85465,7.471571453679285
AT,AKC,urban,2023-05-08 15:00:00+00:00,1,5.724699,6.7608992831323285
AT,AKC,urban,2023-05-08 16:00:00+00:00,1,6.658949,6.417760841942549
AT,AKC,urban,2023-05-08 17:00:00+00:00,1,7.430799,7.457046624998426
AT,AKC,urban,2023-05-08 18:00:00+00:00,1,8.0564,8.185766652370507
AT,AKC,urban,2023-05-08 19:00:00+00:00,1,8.0009,8.615549835952454
AT,AKC,urban,2023-05-08 20:00:00+00:00,1,7.897999,8.54165801030354
AT,AKC,urban,2023-05-08 21:00:00+00:00,1,8.147899,8.336376056542921
AT,AKC,urban,2023-05-08 22:00:00+00:00,1,8.4475,8.615347078285765
AT,AKC,urban,2023-05-08 23:00:00+00:00,1,8.62045,9.048812840745061
AT,AKC,urban,2023-05-09 00:00:00+00:00,1,8.784799,9.092701240901349
AT,AKC,urban,2023-05-09 01:00:00+00:00,1,8.930899,9.261181846786332
AT,AKC,urban,2023-05-09 02:00:00+00:00,1,9.189899,9.457327329981805
AT,AKC,urban,2023-05-09 03:00:00+00:00,1,9.603899,9.971492222408177
AT,AKC,urban,2023-05-09 04:00:00+00:00,1,9.7297,10.48805769762981
AT,AKC,urban,2023-05-09 05:00:00+00:00,1,8.588399,10.541599864946058
AT,AKC,urban,2023-05-09 06:00:00+00:00,1,8.497799,7.570554909948097
AT,AKC,urban,2023-05-09 07:00:00+00:00,1,8.9083,9.70545238755243
AT,AKC,urban,2023-05-09 08:00:00+00:00,1,8.93165,9.084182817668992
AT,AKC,urban,2023-05-09 09:00:00+00:00,1,9.124449,9.139745388741307
AT,AKC,urban,2023-05-09 10:00:00+00:00,1,9.073799,9.290131972344696
AT,AKC,urban,2023-05-09 11:00:00+00:00,1,7.8003,9.227512729042846
AT,AKC,urban,2023-05-09 12:00:00+00:00,1,7.259699,8.098867302828321
AT,AKC,urban,2023-05-09 13:00:00+00:00,1,6.364199,7.729448230117061
AT,AKC,urban,2023-05-09 14:00:00+00:00,1,6.531599,6.773272376014948
AT,AKC,urban,2023-05-09 15:00:00+00:00,1,6.0232,7.116359621659761
AT,AKC,urban,2023-05-09 16:00:00+00:00,1,5.682849,6.728011869584371
AT,AKC,urban,2023-05-09 17:00:00+00:00,1,5.89925,6.3883006499374275
AT,AKC,urban,2023-05-09 18:00:00+00:00,1,6.337299,6.709062676790747
AT,AKC,urban,2023-05-09 19:00:00+00:00,1,6.4194,7.014388563029922
AT,AKC,urban,2023-05-09 20:00:00+00:00,1,6.340199,7.32336843371958
AT,AKC,urban,2023-05-09 21:00:00+00:00,1,6.561249,6.994832609383344
AT,AKC,urban,2023-05-09 22:00:00+00:00,1,6.07665,7.044570882629483
AT,AKC,urban,2023-05-09 23:00:00+00:00,1,5.862549,6.537050157568846
AT,AKC,urban,2023-05-10 00:00:00+00:00,1,6.0107,6.572524730340348
AT,AKC,urban,2023-05-10 01:00:00+00:00,1,6.37915,6.802078940899211
AT,AKC,urban,2023-05-10 02:00:00+00:00,1,6.6132,7.053784494961153
AT,AKC,urban,2023-05-10 03:00:00+00:00,1,7.1202,7.350802087732596
AT,AKC,urban,2023-05-10 04:00:00+00:00,1,8.7016,8.29836060514797
AT,AKC,urban,2023-05-10 05:00:00+00:00,1,8.2318,9.329564329333476
AT,AKC,urban,2023-05-10 06:00:00+00:00,1,8.732199,8.482945376675424
AT,AKC,urban,2023-05-10 07:00:00+00:00,1,9.16265,9.028116692544764
AT,AKC,urban,2023-05-10 08:00:00+00:00,1,6.088,9.006534876454996
AT,AKC,urban,2023-05-10 09:00:00+00:00,1,4.623799,6.1330139881021175
AT,AKC,urban,2023-05-10 10:00:00+00:00,1,5.47335,4.793371439315113
AT,AKC,urban,2023-05-10 11:00:00+00:00,1,5.010099,5.722937050450895
AT,AKC,urban,2023-05-10 12:00:00+00:00,1,6.601799,5.397240975889087
AT,AKC,urban,2023-05-10 13:00:00+00:00,1,5.89725,6.881876896077522
AT,AKC,urban,2023-05-10 14:00:00+00:00,1,4.869199,6.177875890799527
AT,AKC,urban,2023-05-10 15:00:00+00:00,1,5.35785,5.3182220746900875
AT,AKC,urban,2023-05-10 16:00:00+00:00,1,5.70195,5.821581364524217
AT,AKC,urban,2023-05-10 17:00:00+00:00,1,5.8084,6.180818668169085
AT,AKC,urban,2023-05-10 18:00:00+00:00,1,5.682199,6.395830712358293
AT,AKC,urban,2023-05-10 19:00:00+00:00,1,5.922399,6.381072026473564
AT,AKC,urban,2023-05-10 20:00:00+00:00,1,6.0253,6.552331634506139
AT,AKC,urban,2023-05-10 21:00:00+00:00,1,6.208749,6.744249401053782
AT,AKC,urban,2023-05-10 22:00:00+00:00,1,5.808099,7.2629140795974685
AT,AKC,urban,2023-05-10 23:00:00+00:00,1,5.519149,6.524355058257623
AT,AKC,urban,2023-05-11 00:00:00+00:00,1,5.67105,5.8275672359043575
AT,AKC,urban,2023-05-11 01:00:00+00:00,1,6.131649,5.9878647418327375
AT,AKC,urban,2023-05-11 02:00:00+00:00,1,6.7769,6.625576994685801
AT,AKC,urban,2023-05-11 03:00:00+00:00,1,6.881649,7.328230572598539
AT,AKC,urban,2023-05-11 04:00:00+00:00,1,7.882849,7.5554529511557895
AT,AKC,urban,2023-05-11 05:00:00+00:00,1,8.5079,8.158876637650394
AT,AKC,urban,2023-05-11 06:00:00+00:00,1,8.4202,8.786144652740568
AT,AKC,urban,2023-05-11 07:00:00+00:00,1,8.855699,8.823471684924822
AT,AKC,urban,2023-05-11 08:00:00+00:00,1,8.232049,8.516390042116363
AT,AKC,urban,2023-05-11 09:00:00+00:00,1,6.94425,7.932482424893525
AT,AKC,urban,2023-05-11 10:00:00+00:00,1,6.7186,6.901146407823138
AT,AKC,urban,2023-05-11 11:00:00+00:00,1,6.1921,6.7683225322292735
AT,AKC,urban,2023-05-11 12:00:00+00:00,1,6.222399,6.395194045617409
AT,AKC,urban,2023-05-11 13:00:00+00:00,1,6.15705,6.642248038979776
AT,AKC,urban,2023-05-11 14:00:00+00:00,1,6.0836,6.608034135615142
AT,AKC,urban,2023-05-11 15:00:00+00:00,1,5.7883,6.631773708881816
AT,AKC,urban,2023-05-11 16:00:00+00:00,1,5.4735,6.456680470633351
AT,AKC,urban,2023-05-11 17:00:00+00:00,1,7.5128,5.941744131510308
AT,AKC,urban,2023-05-11 18:00:00+00:00,1,7.3744,7.4797241840809505
AT,AKC,urban,2023-05-11 19:00:00+00:00,1,6.96395,7.306778410980154
AT,AKC,urban,2023-05-11 20:00:00+00:00,1,6.81075,7.165875124973844
AT,AKC,urban,2023-05-11 21:00:00+00:00,1,6.67885,7.174111901347647
AT,AKC,urban,2023-05-11 22:00:00+00:00,1,5.929949,7.256304169361059
AT,AKC,urban,2023-05-11 23:00:00+00:00,1,5.939749,6.5739839170537415
AT,AKC,urban,2023-05-12 00:00:00+00:00,1,6.466799,6.517085092107919
AT,AKC,urban,2023-05-12 01:00:00+00:00,1,8.2107,6.944945870781954
AT,AKC,urban,2023-05-12 02:00:00+00:00,1,9.932899,8.236499321286193
AT,AKC,urban,2023-05-12 03:00:00+00:00,1,6.966449,11.001282455552772
AT,AKC,urban,2023-05-12 04:00:00+00:00,1,6.186249,7.039941761990487
AT,AKC,urban,2023-05-12 05:00:00+00:00,1,5.246549,6.8386978085708385
AT,AKC,urban,2023-05-12 06:00:00+00:00,1,4.897999,5.9023247614754055
AT,AKC,urban,2023-05-12 07:00:00+00:00,1,5.2333,5.4970563404966875
AT,AKC,urban,2023-05-12 08:00:00+00:00,1,5.661849,5.665825696199182
AT,AKC,urban,2023-05-12 09:00:00+00:00,1,6.46405,6.156527468562825
AT,AKC,urban,2023-05-12 10:00:00+00:00,1,5.566249,6.753693957725595
AT,AKC,urban,2023-05-12 11:00:00+00:00,1,5.329799,5.999702613859512
AT,AKC,urban,2023-05-12 12:00:00+00:00,1,5.1716,5.798994172918672
AT,AKC,urban,2023-05-12 13:00:00+00:00,1,5.59465,5.877310095018025
AT,AKC,urban,2023-05-12 14:00:00+00:00,1,6.059999,6.533106529916715
AT,AKC,urban,2023-05-12 15:00:00+00:00,1,6.374799,6.805951505230727
AT,AKC,urban,2023-05-12 16:00:00+00:00,1,6.22455,6.961801955363235
AT,AKC,urban,2023-05-12 17:00:00+00:00,1,7.3035,6.97786470814064
AT,AKC,urban,2023-05-12 18:00:00+00:00,1,7.3618,8.104270946887645
AT,AKC,urban,2023-05-12 19:00:00+00:00,1,8.033899,7.922656875183879
AT,AKC,urban,2023-05-12 20:00:00+00:00,1,7.778249,8.736215462414862
AT,AKC,urban,2023-05-12 21:00:00+00:00,1,6.430449,8.415064038195034
AT,AKC,urban,2023-05-12 22:00:00+00:00,1,6.341199,6.966312606344395
AT,AKC,urban,2023-05-12 23:00:00+00:00,1,6.783699,6.94476344702797
AT,AKC,urban,2023-05-13 00:00:00+00:00,1,7.724849,7.396388307910016
AT,AKC,urban,2023-05-13 01:00:00+00:00,1,7.880499,8.051491173882944
AT,AKC,urban,2023-05-13 02:00:00+00:00,1,8.293649,8.149986552167189
AT,AKC,urban,2023-05-13 03:00:00+00:00,1,9.321499,8.698623704513476
AT,AKC,urban,2023-05-13 04:00:00+00:00,1,9.246,9.66819149324153
AT,AKC,urban,2023-05-13 05:00:00+00:00,1,10.07405,9.471414322012599
AT,AKC,urban,2023-05-13 06:00:00+00:00,1,11.128,10.20612313605572
AT,AKC,urban,2023-05-13 07:00:00+00:00,1,12.9875,10.948419127499278
AT,AKC,urban,2023-05-13 08:00:00+00:00,1,11.928,12.694387737993903
AT,AKC,urban,2023-05-13 09:00:00+00:00,1,10.445,11.764970053393682
AT,AKC,urban,2023-05-13 10:00:00+00:00,1,11.371,10.415247302095857
AT,AKC,urban,2023-05-13 11:00:00+00:00,1,10.7755,11.605162996007934
AT,AKC,urban,2023-05-13 12:00:00+00:00,1,9.933799,10.807358287178396
AT,AKC,urban,2023-05-13 13:00:00+00:00,1,11.6055,10.08172716004529
AT,AKC,urban,2023-05-13 14:00:00+00:00,1,13.107,11.699926671608377
AT,AKC,urban,2023-05-13 15:00:00+00:00,1,13.345,12.944342212027891
AT,AKC,urban,2023-05-13 16:00:00+00:00,1,14.103,13.213827855789443
AT,AKC,urban,2023-05-13 17:00:00+00:00,1,13.5015,13.941347757196091
AT,AKC,urban,2023-05-13 18:00:00+00:00,1,14.6635,13.539298484750123
AT,AKC,urban,2023-05-13 19:00:00+00:00,1,15.412,14.51291081760608
AT,AKC,urban,2023-05-13 20:00:00+00:00,1,15.889,15.080907012659694
AT,AKC,urban,2023-05-13 21:00:00+00:00,1,16.58,15.915576443551075
AT,AKC,urban,2023-05-13 22:00:00+00:00,1,15.2805,16.61109066645772
AT,AKC,urban,2023-05-13 23:00:00+00:00,1,13.51,15.370860297840775
AT,AKC,urban,2023-05-14 00:00:00+00:00,1,13.847,13.84299629243327
AT,AKC,urban,2023-05-14 01:00:00+00:00,1,13.502,14.203033075468024
AT,AKC,urban,2023-05-14 02:00:00+00:00,1,13.083,13.510032767649218
AT,AKC,urban,2023-05-14 03:00:00+00:00,1,12.3605,13.370733654630726
AT,AKC,urban,2023-05-14 04:00:00+00:00,1,10.3625,12.91197201719254
AT,AKC,urban,2023-05-14 05:00:00+00:00,1,9.796699,10.936814269313686
AT,AKC,urban,2023-05-14 06:00:00+00:00,1,8.665499,10.406694230291745
AT,AKC,urban,2023-05-14 07:00:00+00:00,1,7.126349,9.387659174598301
AT,AKC,urban,2023-05-14 08:00:00+00:00,1,7.47875,7.829747132367487
AT,AKC,urban,2023-05-14 09:00:00+00:00,1,7.60685,8.20837356054503
AT,AKC,urban,2023-05-14 10:00:00+00:00,1,9.0929,8.38421923870295
AT,AKC,urban,2023-05-14 11:00:00+00:00,1,8.555349,9.51401109887604
AT,AKC,urban,2023-05-14 12:00:00+00:00,1,8.6308,8.794651650722784
AT,AKC,urban,2023-05-14 13:00:00+00:00,1,8.431499,9.268230507209342
AT,AKC,urban,2023-05-14 14:00:00+00:00,1,8.0318,9.243196916895318
AT,AKC,urban,2023-05-14 15:00:00+00:00,1,7.51885,8.954925732517633
AT,AKC,urban,2023-05-14 16:00:00+00:00,1,7.22065,8.70372309826071
AT,AKC,urban,2023-05-14 17:00:00+00:00,1,6.947299,8.412018918569714
AT,AKC,urban,2023-05-14 18:00:00+00:00,1,6.60885,7.971797756697782
AT,AKC,urban,2023-05-14 19:00:00+00:00,1,5.866899,7.679984334957293
AT,AKC,urban,2023-05-14 20:00:00+00:00,1,7.06715,6.939854464334385
AT,AKC,urban,2023-05-14 21:00:00+00:00,1,7.8638,7.716974693222252
AT,AKC,urban,2023-05-14 22:00:00+00:00,1,5.6391,8.303061194829635
AT,AKC,urban,2023-05-14 23:00:00+00:00,1,4.44105,6.163752402554923
AT,AKC,urban,2023-05-15 00:00:00+00:00,1,3.262949,5.2933007367055005
AT,AKC,urban,2023-05-15 01:00:00+00:00,1,4.232049,4.1085677552735085
AT,AKC,urban,2023-05-15 02:00:00+00:00,1,3.365499,4.916950088485553
AT,AKC,urban,2023-05-15 03:00:00+00:00,1,2.3264,4.050909841836702
AT,AKC,urban,2023-05-15 04:00:00+00:00,1,2.217149,4.136340540945984
AT,AKC,urban,2023-05-15 05:00:00+00:00,1,1.7374,3.3581020830721044
AT,AKC,urban,2023-05-15 06:00:00+00:00,1,1.785749,2.1822950608179603
AT,AKC,urban,2023-05-15 07:00:00+00:00,1,2.110949,2.2692855491905313
AT,AKC,urban,2023-05-15 08:00:00+00:00,1,2.4051,2.3553013890764554
AT,AKC,urban,2023-05-15 09:00:00+00:00,1,2.43845,2.6107342665180937
AT,AKC,urban,2023-05-15 10:00:00+00:00,1,3.0746,2.556482584697026
AT,AKC,urban,2023-05-15 11:00:00+00:00,1,2.44425,3.3062959325612447
AT,AKC,urban,2023-05-15 12:00:00+00:00,1,2.911399,2.7791024538089033
AT,AKC,urban,2023-05-15 13:00:00+00:00,1,2.3719,2.919966846194537
AT,AKC,urban,2023-05-15 14:00:00+00:00,1,2.7156,2.507973152061723
AT,AKC,urban,2023-05-15 15:00:00+00:00,1,2.913599,2.756072143201198
AT,AKC,urban,2023-05-15 16:00:00+00:00,1,3.2532,2.9922123790337842
AT,AKC,urban,2023-05-15 17:00:00+00:00,1,3.820799,3.471987046797249
AT,AKC,urban,2023-05-15 18:00:00+00:00,1,4.2181,4.120073951190825
AT,AKC,urban,2023-05-15 19:00:00+00:00,1,4.62425,4.480295293886211
AT,AKC,urban,2023-05-15 20:00:00+00:00,1,5.880599,4.860761034695528
AT,AKC,urban,2023-05-15 21:00:00+00:00,1,4.63625,6.309508531126042
AT,AKC,urban,2023-05-15 22:00:00+00:00,1,3.748099,4.19619664569143
AT,AKC,urban,2023-05-15 23:00:00+00:00,1,3.53345,3.760775453179594
AT,AKC,urban,2023-05-16 00:00:00+00:00,1,3.7747,3.4941304941140174
AT,AKC,urban,2023-05-16 01:00:00+00:00,1,3.98155,3.7782006906465213
AT,AKC,urban,2023-05-16 02:00:00+00:00,1,4.335949,3.944424075625541
AT,AKC,urban,2023-05-16 03:00:00+00:00,1,4.961899,4.280241791389784
AT,AKC,urban,2023-05-16 04:00:00+00:00,1,5.955599,5.569090230220123
AT,AKC,urban,2023-05-16 05:00:00+00:00,1,6.289,5.980334712253466
AT,AKC,urban,2023-05-16 06:00:00+00:00,1,6.7404,7.134172454532266
AT,AKC,urban,2023-05-16 07:00:00+00:00,1,9.642499,6.218634782365026
AT,AKC,urban,2023-05-16 08:00:00+00:00,1,9.057849,10.28352946824969
AT,AKC,urban,2023-05-16 09:00:00+00:00,1,10.14585,7.330803840055221
AT,AKC,urban,2023-05-16 10:00:00+00:00,1,10.433,10.035117048332957
AT,AKC,urban,2023-05-16 11:00:00+00:00,1,10.1465,9.24972242403302
AT,AKC,urban,2023-05-16 12:00:00+00:00,1,10.1473,8.220807577288408
AT,AKC,urban,2023-05-16 13:00:00+00:00,1,10.8915,9.408059893486381
AT,AKC,urban,2023-05-16 14:00:00+00:00,1,11.0015,10.439892054791535
AT,AKC,urban,2023-05-16 15:00:00+00:00,1,12.035,10.748871463230788
AT,AKC,urban,2023-05-16 16:00:00+00:00,1,12.74,11.667955860971237
AT,AKC,urban,2023-05-16 17:00:00+00:00,1,11.895,12.081220241531799
AT,AKC,urban,2023-05-16 18:00:00+00:00,1,9.997499,11.540932029322974
AT,AKC,urban,2023-05-16 19:00:00+00:00,1,7.73775,9.295164545988865
AT,AKC,urban,2023-05-16 20:00:00+00:00,1,6.8256,6.973843609107181
AT,AKC,urban,2023-05-16 21:00:00+00:00,1,6.50555,6.906034285409298
AT,AKC,urban,2023-05-16 22:00:00+00:00,1,4.4411,6.7191789485177615
AT,AKC,urban,2023-05-16 23:00:00+00:00,1,3.110599,4.816228155750004
AT,AKC,urban,2023-05-17 00:00:00+00:00,1,2.552549,3.5815196034923353
AT,AKC,urban,2023-05-17 01:00:00+00:00,1,2.4342,2.869186342476027
AT,AKC,urban,2023-05-17 02:00:00+00:00,1,2.9822,2.833690062062999
AT,AKC,urban,2023-05-17 03:00:00+00:00,1,2.966499,3.070723186641043
AT,AKC,urban,2023-05-17 04:00:00+00:00,1,2.849249,3.097210328654814
AT,AKC,urban,2023-05-17 05:00:00+00:00,1,3.734349,3.4422954858117407
AT,AKC,urban,2023-05-17 06:00:00+00:00,1,4.3605,4.129004408941579
AT,AKC,urban,2023-05-17 07:00:00+00:00,1,4.485549,4.474313647200159
AT,AKC,urban,2023-05-17 08:00:00+00:00,1,4.58345,4.589366302074541
AT,AKC,urban,2023-05-17 09:00:00+00:00,1,4.395949,4.641727764893872
AT,AKC,urban,2023-05-17 10:00:00+00:00,1,4.4428,4.744010634458757
AT,AKC,urban,2023-05-17 11:00:00+00:00,1,4.397049,4.926464997768818
AT,AKC,urban,2023-05-17 12:00:00+00:00,1,4.019999,4.535864928153032
AT,AKC,urban,2023-05-17 13:00:00+00:00,1,4.8745,4.5552330472381435
AT,AKC,urban,2023-05-17 14:00:00+00:00,1,6.159399,5.240504809740848
AT,AKC,urban,2023-05-17 15:00:00+00:00,1,6.24765,6.1624534744218415
AT,AKC,urban,2023-05-17 16:00:00+00:00,1,6.80165,6.2080959502998105
AT,AKC,urban,2023-05-17 17:00:00+00:00,1,6.31165,6.411297517367611
AT,AKC,urban,2023-05-17 18:00:00+00:00,1,5.5798,6.329938274845794
AT,AKC,urban,2023-05-17 19:00:00+00:00,1,6.51235,5.863760057333099
AT,AKC,urban,2023-05-17 20:00:00+00:00,1,6.8828,6.786917600777542
AT,AKC,urban,2023-05-17 21:00:00+00:00,1,6.8199,6.913620110849266
AT,AKC,urban,2023-05-17 22:00:00+00:00,1,6.312099,6.890730221258128
AT,AKC,urban,2023-05-17 23:00:00+00:00,1,6.131799,6.444333832862746
AT,AKC,urban,2023-05-18 00:00:00+00:00,1,6.185349,6.316117192133227
AT,AKC,urban,2023-05-18 01:00:00+00:00,1,6.240249,6.361566069962052
AT,AKC,urban,2023-05-18 02:00:00+00:00,1,6.3323,6.347162321924866
AT,AKC,urban,2023-05-18 03:00:00+00:00,1,6.1519,6.405287619497226
AT,AKC,urban,2023-05-18 04:00:00+00:00,1,6.09425,6.282377382771799
AT,AKC,urban,2023-05-18 05:00:00+00:00,1,6.382499,6.346147963338179
AT,AKC,urban,2023-05-18 06:00:00+00:00,1,6.633199,6.6592171364656565
AT,AKC,urban,2023-05-18 07:00:00+00:00,1,6.775499,6.821940648017726
AT,AKC,urban,2023-05-18 08:00:00+00:00,1,7.423449,7.125999410974739
AT,AKC,urban,2023-05-18 09:00:00+00:00,1,7.73145,7.4918840991590585
AT,AKC,urban,2023-05-18 10:00:00+00:00,1,7.65245,7.857860639566898
AT,AKC,urban,2023-05-18 11:00:00+00:00,1,7.6967,7.964522513664608
AT,AKC,urban,2023-05-18 12:00:00+00:00,1,7.683,8.001076335354373
AT,AKC,urban,2023-05-18 13:00:00+00:00,1,7.674149,8.042580971967439
AT,AKC,urban,2023-05-18 14:00:00+00:00,1,7.737649,8.15744652246089
AT,AKC,urban,2023-05-18 15:00:00+00:00,1,8.065649,8.17591215561967
AT,AKC,urban,2023-05-18 16:00:00+00:00,1,8.2427,8.44615052912227
AT,AKC,urban,2023-05-18 17:00:00+00:00,1,8.833099,8.62316777942226
AT,AKC,urban,2023-05-18 18:00:00+00:00,1,9.23155,9.069099017381905
AT,AKC,urban,2023-05-18 19:00:00+00:00,1,8.209249,9.50775840323367
AT,AKC,urban,2023-05-18 20:00:00+00:00,1,7.54335,8.566387751116096
AT,AKC,urban,2023-05-18 21:00:00+00:00,1,8.2012,8.24792944031655
AT,AKC,urban,2023-05-18 22:00:00+00:00,1,9.531,8.362081729745881
AT,AKC,urban,2023-05-18 23:00:00+00:00,1,11.4475,9.358986807169181
AT,AKC,urban,2023-05-19 00:00:00+00:00,1,12.331,11.069938321010888
AT,AKC,urban,2023-05-19 01:00:00+00:00,1,12.4335,11.771135156918316
AT,AKC,urban,2023-05-19 02:00:00+00:00,1,9.74435,12.089393058260697
AT,AKC,urban,2023-05-19 03:00:00+00:00,1,7.39105,9.960621107624686
AT,AKC,urban,2023-05-19 04:00:00+00:00,1,7.435799,7.8660120868518995
AT,AKC,urban,2023-05-19 05:00:00+00:00,1,7.562849,7.824560900068807
AT,AKC,urban,2023-05-19 06:00:00+00:00,1,7.483799,8.242022384931374
AT,AKC,urban,2023-05-19 07:00:00+00:00,1,8.361749,7.753333475718023
AT,AKC,urban,2023-05-19 08:00:00+00:00,1,8.523599,8.649391470426256
AT,AKC,urban,2023-05-19 09:00:00+00:00,1,7.178349,8.681575241024834
AT,AKC,urban,2023-05-19 10:00:00+00:00,1,6.699649,7.409769783554019
AT,AKC,urban,2023-05-19 11:00:00+00:00,1,5.4411,7.223313878257979
AT,AKC,urban,2023-05-19 12:00:00+00:00,1,5.172349,5.905990525087116
AT,AKC,urban,2023-05-19 13:00:00+00:00,1,6.338399,5.759961734365369
AT,AKC,urban,2023-05-19 14:00:00+00:00,1,9.71255,6.803083652980845
AT,AKC,urban,2023-05-19 15:00:00+00:00,1,8.23435,9.319236216609934
AT,AKC,urban,2023-05-19 16:00:00+00:00,1,6.45695,8.312440547650926
AT,AKC,urban,2023-05-19 17:00:00+00:00,1,5.914999,7.322968637371783
AT,AKC,urban,2023-05-19 18:00:00+00:00,1,7.5719,7.024593360409408
AT,AKC,urban,2023-05-19 19:00:00+00:00,1,9.8702,9.041863592742313
AT,AKC,urban,2023-05-19 20:00:00+00:00,1,10.6445,11.856677502478373
AT,AKC,urban,2023-05-19 21:00:00+00:00,1,12.37,11.025765243404685
AT,AKC,urban,2023-05-19 22:00:00+00:00,1,14.2035,12.9028328669419
AT,AKC,urban,2023-05-19 23:00:00+00:00,1,14.7805,13.302595176449735
AT,AKC,urban,2023-05-20 00:00:00+00:00,1,16.024,14.757256318933585
AT,AKC,urban,2023-05-20 01:00:00+00:00,1,19.2285,15.34760905605702
AT,AKC,urban,2023-05-20 02:00:00+00:00,1,19.309,17.07457512143234
AT,AKC,urban,2023-05-20 03:00:00+00:00,1,17.965,17.72746807279662
AT,AKC,urban,2023-05-20 04:00:00+00:00,1,17.0405,17.354679473382415
AT,AKC,urban,2023-05-20 05:00:00+00:00,1,16.061,16.397086692264665
AT,AKC,urban,2023-05-20 06:00:00+00:00,1,16.22,15.417967857670057
AT,AKC,urban,2023-05-20 07:00:00+00:00,1,14.156,15.582617570677446
AT,AKC,urban,2023-05-20 08:00:00+00:00,1,12.601,13.509773923069233
AT,AKC,urban,2023-05-20 09:00:00+00:00,1,10.16175,12.419741317724167
AT,AKC,urban,2023-05-20 10:00:00+00:00,1,10.122,10.202756137755504
AT,AKC,urban,2023-05-20 11:00:00+00:00,1,9.5081,10.110949841905661
AT,AKC,urban,2023-05-20 12:00:00+00:00,1,8.683549,9.678455039665515
AT,AKC,urban,2023-05-20 13:00:00+00:00,1,9.411499,8.912942174864707
AT,AKC,urban,2023-05-20 14:00:00+00:00,1,9.44775,9.539944341823738
AT,AKC,urban,2023-05-20 15:00:00+00:00,1,9.52915,9.581712441585235
AT,AKC,urban,2023-05-20 16:00:00+00:00,1,10.653,9.926258945899082
AT,AKC,urban,2023-05-20 17:00:00+00:00,1,11.625,11.155087003652586
AT,AKC,urban,2023-05-20 18:00:00+00:00,1,14.2545,12.762322588400373
AT,AKC,urban,2023-05-20 19:00:00+00:00,1,16.9255,14.325562833273356
AT,AKC,urban,2023-05-20 20:00:00+00:00,1,17.1865,15.996126055740763
AT,AKC,urban,2023-05-20 21:00:00+00:00,1,17.625,16.717685699272515
AT,AKC,urban,2023-05-20 22:00:00+00:00,1,17.484,18.52612141967736
AT,AKC,urban,2023-05-20 23:00:00+00:00,1,17.3725,17.655563451549313
AT,AKC,urban,2023-05-21 00:00:00+00:00,1,16.874,17.853064345170214
AT,AKC,urban,2023-05-21 01:00:00+00:00,1,15.449,16.886998961089766
AT,AKC,urban,2023-05-21 02:00:00+00:00,1,15.73,15.385734792035993
AT,AKC,urban,2023-05-21 03:00:00+00:00,1,15.8005,15.566020971698066
AT,AKC,urban,2023-05-21 04:00:00+00:00,1,15.503,15.83323466332103
AT,AKC,urban,2023-05-21 05:00:00+00:00,1,12.7635,14.594302557640333
AT,AKC,urban,2023-05-21 06:00:00+00:00,1,11.4365,12.549626107548274
AT,AKC,urban,2023-05-21 07:00:00+00:00,1,10.5515,11.248959043084984
AT,AKC,urban,2023-05-21 08:00:00+00:00,1,9.52215,10.542272052879298
AT,AKC,urban,2023-05-21 09:00:00+00:00,1,9.142349,9.660268518020906
AT,AKC,urban,2023-05-21 10:00:00+00:00,1,8.7895,9.371945099846027
AT,AKC,urban,2023-05-21 11:00:00+00:00,1,8.282649,9.064592699369605
AT,AKC,urban,2023-05-21 12:00:00+00:00,1,7.842949,8.503022637991801
AT,AKC,urban,2023-05-21 13:00:00+00:00,1,8.00955,8.204365038340569
AT,AKC,urban,2023-05-21 14:00:00+00:00,1,8.128399,8.437289610513211
AT,AKC,urban,2023-05-21 15:00:00+00:00,1,7.822949,8.598014673218604
AT,AKC,urban,2023-05-21 16:00:00+00:00,1,8.12725,8.428892185938505
AT,AKC,urban,2023-05-21 17:00:00+00:00,1,8.83835,8.747135379184446
AT,AKC,urban,2023-05-21 18:00:00+00:00,1,10.502,9.843598677874745
AT,AKC,urban,2023-05-21 19:00:00+00:00,1,10.11915,12.258471200220875
AT,AKC,urban,2023-05-21 20:00:00+00:00,1,10.2295,10.981423287841448
AT,AKC,urban,2023-05-21 21:00:00+00:00,1,11.6835,10.109511247162903
AT,AKC,urban,2023-05-21 22:00:00+00:00,1,11.5005,11.822401561556699
AT,AKC,urban,2023-05-21 23:00:00+00:00,1,11.7835,10.962594202198563
AT,AKC,urban,2023-05-22 00:00:00+00:00,1,11.911,11.85609698775744
AT,AKC,urban,2023-05-22 01:00:00+00:00,1,11.843,11.87714178896973
AT,AKC,urban,2023-05-22 02:00:00+00:00,1,12.741,11.772370540272487
AT,AKC,urban,2023-05-22 03:00:00+00:00,1,14.1435,13.240490055725783
AT,AKC,urban,2023-05-22 04:00:00+00:00,1,12.0055,13.60956289127034
AT,AKC,urban,2023-05-22 05:00:00+00:00,1,11.1575,12.304318540115176
AT,AKC,urban,2023-05-22 06:00:00+00:00,1,10.5517,11.741406459491945
AT,AKC,urban,2023-05-22 07:00:00+00:00,1,11.7825,10.601036344198796
AT,AKC,urban,2023-05-22 08:00:00+00:00,1,10.0937,11.601064536769496
AT,AKC,urban,2023-05-22 09:00:00+00:00,1,9.188349,9.24776420604827
AT,AKC,urban,2023-05-22 10:00:00+00:00,1,8.225149,9.04775309415463
AT,AKC,urban,2023-05-22 11:00:00+00:00,1,7.79435,8.326916864128862
AT,AKC,urban,2023-05-22 12:00:00+00:00,1,7.8678,7.692557014150751
AT,AKC,urban,2023-05-22 13:00:00+00:00,1,7.750299,7.99139195206341
AT,AKC,urban,2023-05-22 14:00:00+00:00,1,8.060299,7.875651995840098
AT,AKC,urban,2023-05-22 15:00:00+00:00,1,8.292699,8.42268739508026
AT,AKC,urban,2023-05-22 16:00:00+00:00,1,8.259149,8.520489013673402
AT,AKC,urban,2023-05-22 17:00:00+00:00,1,9.714849,8.631703975158796
AT,AKC,urban,2023-05-22 18:00:00+00:00,1,10.1025,10.493547370587457
AT,AKC,urban,2023-05-22 19:00:00+00:00,1,9.791649,11.123413098767085
AT,AKC,urban,2023-05-22 20:00:00+00:00,1,10.6685,10.12393538836709
AT,AKC,urban,2023-05-22 21:00:00+00:00,1,13.404,11.131039186308403
AT,AKC,urban,2023-05-22 22:00:00+00:00,1,14.447,13.558230811726897
AT,AKC,urban,2023-05-22 23:00:00+00:00,1,14.091,14.488863402052697
AT,AKC,urban,2023-05-23 00:00:00+00:00,1,14.5125,14.73098439539558
AT,AKC,urban,2023-05-23 01:00:00+00:00,1,14.5485,13.762587435306987
AT,AKC,urban,2023-05-23 02:00:00+00:00,1,15.839,14.167286879528739
AT,AKC,urban,2023-05-23 03:00:00+00:00,1,16.057,15.059181830978922
AT,AKC,urban,2023-05-23 04:00:00+00:00,1,17.991,15.873400827744614
AT,AKC,urban,2023-05-23 05:00:00+00:00,1,16.6975,17.214473849104692
AT,AKC,urban,2023-05-23 06:00:00+00:00,1,12.8115,16.495418692523444
AT,AKC,urban,2023-05-23 07:00:00+00:00,1,11.4565,12.173252219249864
AT,AKC,urban,2023-05-23 08:00:00+00:00,1,10.809,10.639125312444804
AT,AKC,urban,2023-05-23 09:00:00+00:00,1,10.867,10.541258282729938
AT,AKC,urban,2023-05-23 10:00:00+00:00,1,11.3135,9.88528497700591
AT,AKC,urban,2023-05-23 11:00:00+00:00,1,12.315,10.926216060245242
AT,AKC,urban,2023-05-23 12:00:00+00:00,1,13.672,12.276597779010682
AT,AKC,urban,2023-05-23 13:00:00+00:00,1,10.76605,12.483742790378002
AT,AKC,urban,2023-05-23 14:00:00+00:00,1,9.770849,10.303755119187421
AT,AKC,urban,2023-05-23 15:00:00+00:00,1,8.6777,9.328318559288999
AT,AKC,urban,2023-05-23 16:00:00+00:00,1,8.644949,8.558325964606354
AT,AKC,urban,2023-05-23 17:00:00+00:00,1,8.89385,8.869690412706674
AT,AKC,urban,2023-05-23 18:00:00+00:00,1,9.171199,9.044557814527632
AT,AKC,urban,2023-05-23 19:00:00+00:00,1,9.3297,9.672557930164796
AT,AKC,urban,2023-05-23 20:00:00+00:00,1,9.5977,9.759217588338998
AT,AKC,urban,2023-05-23 21:00:00+00:00,1,9.19495,9.990452564637149
AT,AKC,urban,2023-05-23 22:00:00+00:00,1,7.71715,9.57284432842361
AT,AKC,urban,2023-05-23 23:00:00+00:00,1,5.81955,8.112629973073386
AT,AKC,urban,2023-05-24 00:00:00+00:00,1,5.084949,6.385912370859103
AT,AKC,urban,2023-05-24 01:00:00+00:00,1,5.202349,5.543768361495982
AT,AKC,urban,2023-05-24 02:00:00+00:00,1,5.425799,5.680234122564084
AT,AKC,urban,2023-05-24 03:00:00+00:00,1,5.649899,5.8502562342277145
AT,AKC,urban,2023-05-24 04:00:00+00:00,1,6.55175,6.173963013916289
AT,AKC,urban,2023-05-24 05:00:00+00:00,1,5.579299,7.2783685305625845
AT,AKC,urban,2023-05-24 06:00:00+00:00,1,4.389249,5.907930862645493
AT,AKC,urban,2023-05-24 07:00:00+00:00,1,4.10645,4.823643306735811
AT,AKC,urban,2023-05-24 08:00:00+00:00,1,4.509099,4.474486682256661
AT,AKC,urban,2023-05-24 09:00:00+00:00,1,4.37405,4.968161245304529
AT,AKC,urban,2023-05-24 10:00:00+00:00,1,4.65215,4.216174718056497
AT,AKC,urban,2023-05-24 11:00:00+00:00,1,5.4937,4.912879293354617
AT,AKC,urban,2023-05-24 12:00:00+00:00,1,6.49135,5.480759038855769
AT,AKC,urban,2023-05-24 13:00:00+00:00,1,6.38675,6.177243433423701
AT,AKC,urban,2023-05-24 14:00:00+00:00,1,6.7179,6.295124426069773
AT,AKC,urban,2023-05-24 15:00:00+00:00,1,7.361,6.742428645758164
AT,AKC,urban,2023-05-24 16:00:00+00:00,1,6.8365,7.550065385475904
AT,AKC,urban,2023-05-24 17:00:00+00:00,1,7.342649,7.272035711666113
AT,AKC,urban,2023-05-24 18:00:00+00:00,1,7.9834,7.97047737183772
AT,AKC,urban,2023-05-24 19:00:00+00:00,1,8.803899,8.458051717110148
AT,AKC,urban,2023-05-24 20:00:00+00:00,1,9.741149,9.02814774986869
AT,AKC,urban,2023-05-24 21:00:00+00:00,1,10.143,9.670716792145608
AT,AKC,urban,2023-05-24 22:00:00+00:00,1,10.12025,10.21125231582582
AT,AKC,urban,2023-05-24 23:00:00+00:00,1,9.940449,9.881494738951574
AT,AKC,urban,2023-05-25 00:00:00+00:00,1,10.0629,9.834294497260029
AT,AKC,urban,2023-05-25 01:00:00+00:00,1,10.9555,9.975854250414823
AT,AKC,urban,2023-05-25 02:00:00+00:00,1,11.929,10.716580547799435
AT,AKC,urban,2023-05-25 03:00:00+00:00,1,11.6015,11.487552233023237
AT,AKC,urban,2023-05-25 04:00:00+00:00,1,11.11,11.526125329300662
AT,AKC,urban,2023-05-25 05:00:00+00:00,1,11.053,10.966661198092112
AT,AKC,urban,2023-05-25 06:00:00+00:00,1,10.859,10.831828721071442
AT,AKC,urban,2023-05-25 07:00:00+00:00,1,10.49485,10.702356000899485
AT,AKC,urban,2023-05-25 08:00:00+00:00,1,10.6665,10.164156825304968
AT,AKC,urban,2023-05-25 09:00:00+00:00,1,10.304,10.290841983725581
AT,AKC,urban,2023-05-25 10:00:00+00:00,1,9.492899,10.412788519695855
AT,AKC,urban,2023-05-25 11:00:00+00:00,1,8.964349,9.234399809889549
AT,AKC,urban,2023-05-25 12:00:00+00:00,1,8.8666,9.014100517065742
AT,AKC,urban,2023-05-25 13:00:00+00:00,1,9.17745,8.896059032176048
AT,AKC,urban,2023-05-25 14:00:00+00:00,1,9.31175,9.321433434145614
AT,AKC,urban,2023-05-25 15:00:00+00:00,1,8.455699,9.494654734902927
AT,AKC,urban,2023-05-25 16:00:00+00:00,1,8.54255,8.810102152052877
AT,AKC,urban,2023-05-25 17:00:00+00:00,1,9.16415,9.07773315260835
AT,AKC,urban,2023-05-25 18:00:00+00:00,1,10.5083,9.814987808383155
AT,AKC,urban,2023-05-25 19:00:00+00:00,1,12.06,10.955420908257473
AT,AKC,urban,2023-05-25 20:00:00+00:00,1,12.005,12.879698700306193
AT,AKC,urban,2023-05-25 21:00:00+00:00,1,11.762,11.714033330504062
AT,AKC,urban,2023-05-25 22:00:00+00:00,1,12.203,11.973329150508317
AT,AKC,urban,2023-05-25 23:00:00+00:00,1,13.4795,12.046430349846094
AT,AKC,urban,2023-05-26 00:00:00+00:00,1,13.968,13.09301630661269
AT,AKC,urban,2023-05-26 01:00:00+00:00,1,14.256,13.60447963562591
AT,AKC,urban,2023-05-26 02:00:00+00:00,1,15.1025,13.965475793835907
AT,AKC,urban,2023-05-26 03:00:00+00:00,1,14.573,14.592782217806388
AT,AKC,urban,2023-05-26 04:00:00+00:00,1,13.5665,14.26294936202056
AT,AKC,urban,2023-05-26 05:00:00+00:00,1,14.1855,13.488152348544538
AT,AKC,urban,2023-05-26 06:00:00+00:00,1,12.8525,13.724557228246283
AT,AKC,urban,2023-05-26 07:00:00+00:00,1,16.78495,12.769925004400676
AT,AKC,urban,2023-05-26 08:00:00+00:00,1,10.57,16.149433718818386
AT,AKC,urban,2023-05-26 09:00:00+00:00,1,10.10855,9.810528113603862
AT,AKC,urban,2023-05-26 10:00:00+00:00,1,10.706,9.240420704780675
AT,AKC,urban,2023-05-26 11:00:00+00:00,1,8.775449,10.000979315087843
AT,AKC,urban,2023-05-26 12:00:00+00:00,1,8.844799,8.4093725905993
AT,AKC,urban,2023-05-26 13:00:00+00:00,1,7.5878,8.765178189049525
AT,AKC,urban,2023-05-26 14:00:00+00:00,1,7.441849,7.861234425719616
AT,AKC,urban,2023-05-26 15:00:00+00:00,1,7.7448,7.828597594841657
AT,AKC,urban,2023-05-26 16:00:00+00:00,1,8.64805,8.320671080796995
AT,AKC,urban,2023-05-26 17:00:00+00:00,1,9.083149,9.158499221774136
AT,AKC,urban,2023-05-26 18:00:00+00:00,1,9.463699,9.596747791821834
AT,AKC,urban,2023-05-26 19:00:00+00:00,1,9.321149,9.772902155052925
AT,AKC,urban,2023-05-26 20:00:00+00:00,1,9.846951,9.931432422893145
AT,AKC,urban,2023-05-26 21:00:00+00:00,1,8.9036,10.3065088749009
AT,AKC,urban,2023-05-26 22:00:00+00:00,1,8.284199,9.386078454439986
AT,AKC,urban,2023-05-26 23:00:00+00:00,1,7.7122,8.621129146632494
AT,AKC,urban,2023-05-27 00:00:00+00:00,1,7.762849,8.055810943931206
AT,AKC,urban,2023-05-27 01:00:00+00:00,1,7.7051,8.108476256797623
AT,AKC,urban,2023-05-27 02:00:00+00:00,1,7.941599,8.099222469186081
AT,AKC,urban,2023-05-27 03:00:00+00:00,1,8.102699,8.258061519641913
AT,AKC,urban,2023-05-27 04:00:00+00:00,1,8.3185,8.358602215389837
AT,AKC,urban,2023-05-27 05:00:00+00:00,1,8.653499,8.52998602838462
AT,AKC,urban,2023-05-27 06:00:00+00:00,1,9.468349,8.617494199191249
AT,AKC,urban,2023-05-27 07:00:00+00:00,1,9.222249,9.23237392947776
AT,AKC,urban,2023-05-27 08:00:00+00:00,1,8.53785,8.890300778507271
AT,AKC,urban,2023-05-27 09:00:00+00:00,1,7.855949,8.517198318681146
AT,AKC,urban,2023-05-27 10:00:00+00:00,1,7.455349,7.923882404141828
AT,AKC,urban,2023-05-27 11:00:00+00:00,1,7.49485,7.539910202243597
AT,AKC,urban,2023-05-27 12:00:00+00:00,1,7.32705,7.6888149312069025
AT,AKC,urban,2023-05-27 13:00:00+00:00,1,7.537699,7.580797653388601
AT,AKC,urban,2023-05-27 14:00:00+00:00,1,7.31795,7.8468511532934215
AT,AKC,urban,2023-05-27 15:00:00+00:00,1,6.604599,7.6766319241598815
AT,AKC,urban,2023-05-27 16:00:00+00:00,1,6.997799,7.052990235933105
AT,AKC,urban,2023-05-27 17:00:00+00:00,1,7.7294,7.526761640988049
AT,AKC,urban,2023-05-27 18:00:00+00:00,1,8.6602,8.100425233985408
AT,AKC,urban,2023-05-27 19:00:00+00:00,1,8.11725,9.01304087791522
AT,AKC,urban,2023-05-27 20:00:00+00:00,1,6.591099,8.564953963147186
AT,AKC,urban,2023-05-27 21:00:00+00:00,1,5.951999,7.1088305641197
AT,AKC,urban,2023-05-27 22:00:00+00:00,1,5.469049,6.658005531903765
AT,AKC,urban,2023-05-27 23:00:00+00:00,1,5.492099,5.684591945241788
AT,AKC,urban,2023-05-28 00:00:00+00:00,1,5.367199,5.997320803137413
AT,AKC,urban,2023-05-28 01:00:00+00:00,1,5.829199,5.705583136025169
AT,AKC,urban,2023-05-28 02:00:00+00:00,1,6.232299,6.19010197321969
AT,AKC,urban,2023-05-28 03:00:00+00:00,1,5.936299,6.470014659220045
AT,AKC,urban,2023-05-28 04:00:00+00:00,1,6.002399,6.216753828319508
AT,AKC,urban,2023-05-28 05:00:00+00:00,1,6.348549,6.156535665045823
AT,AKC,urban,2023-05-28 06:00:00+00:00,1,6.666299,6.530183461827054
AT,AKC,urban,2023-05-28 07:00:00+00:00,1,6.5937,6.796252946782705
AT,AKC,urban,2023-05-28 08:00:00+00:00,1,7.3565,6.557727796093673
AT,AKC,urban,2023-05-28 09:00:00+00:00,1,7.5401,7.275884277980669
AT,AKC,urban,2023-05-28 10:00:00+00:00,1,7.237649,7.387943295421142
AT,AKC,urban,2023-05-28 11:00:00+00:00,1,7.0016,7.287587416027993
AT,AKC,urban,2023-05-28 12:00:00+00:00,1,7.57275,7.1020719097724125
AT,AKC,urban,2023-05-28 13:00:00+00:00,1,7.529049,7.584778578600215
AT,AKC,urban,2023-05-28 14:00:00+00:00,1,7.3261,7.524204085012233
AT,AKC,urban,2023-05-28 15:00:00+00:00,1,7.359549,7.413200981159868
AT,AKC,urban,2023-05-28 16:00:00+00:00,1,7.705649,7.568666012966471
AT,AKC,urban,2023-05-28 17:00:00+00:00,1,8.44725,7.857639517923573
AT,AKC,urban,2023-05-28 18:00:00+00:00,1,9.092499,8.81073713459557
AT,AKC,urban,2023-05-28 19:00:00+00:00,1,7.92005,9.477759201017168
AT,AKC,urban,2023-05-28 20:00:00+00:00,1,9.031749,8.261973593464553
AT,AKC,urban,2023-05-28 21:00:00+00:00,1,7.953949,10.241874203096774
AT,AKC,urban,2023-05-28 22:00:00+00:00,1,7.097549,7.990584659922305
AT,AKC,urban,2023-05-28 23:00:00+00:00,1,6.4895,7.2261678024904406
AT,AKC,urban,2023-05-29 00:00:00+00:00,1,6.1237,6.6449981640850275
AT,AKC,urban,2023-05-29 01:00:00+00:00,1,5.987899,6.30546417554104
AT,AKC,urban,2023-05-29 02:00:00+00:00,1,6.415499,6.109827269224205
AT,AKC,urban,2023-05-29 03:00:00+00:00,1,6.012399,6.609400431739047
AT,AKC,urban,2023-05-29 04:00:00+00:00,1,5.820899,6.31047806155361
AT,AKC,urban,2023-05-29 05:00:00+00:00,1,5.505049,5.873177017670788
AT,AKC,urban,2023-05-29 06:00:00+00:00,1,6.0534,5.535787219832738
AT,AKC,urban,2023-05-29 07:00:00+00:00,1,5.07445,6.001457004864157
AT,AKC,urban,2023-05-29 08:00:00+00:00,1,4.63245,5.0870269484625155
AT,AKC,urban,2023-05-29 09:00:00+00:00,1,4.273349,4.6970060498530195
AT,AKC,urban,2023-05-29 10:00:00+00:00,1,4.128399,4.464618107647443
AT,AKC,urban,2023-05-29 11:00:00+00:00,1,4.1857,4.401132634550191
AT,AKC,urban,2023-05-29 12:00:00+00:00,1,4.36785,4.4799444042192285
AT,AKC,urban,2023-05-29 13:00:00+00:00,1,4.471699,4.59254796077229
AT,AKC,urban,2023-05-29 14:00:00+00:00,1,4.70515,4.722046271826773
AT,AKC,urban,2023-05-29 15:00:00+00:00,1,4.89335,4.999325770020295
AT,AKC,urban,2023-05-29 16:00:00+00:00,1,5.113049,5.3189256847009965
AT,AKC,urban,2023-05-29 17:00:00+00:00,1,5.7741,5.663774257518742
AT,AKC,urban,2023-05-29 18:00:00+00:00,1,6.930549,6.580917372564606
AT,AKC,urban,2023-05-29 19:00:00+00:00,1,7.745349,7.556981155334775
AT,AKC,urban,2023-05-29 20:00:00+00:00,1,7.398149,8.617152915624313
AT,AKC,urban,2023-05-29 21:00:00+00:00,1,6.59815,7.867052641684548
AT,AKC,urban,2023-05-29 22:00:00+00:00,1,5.899,6.102593243577942
AT,AKC,urban,2023-05-29 23:00:00+00:00,1,5.62125,5.717984297858241
AT,AKC,urban,2023-05-30 00:00:00+00:00,1,5.955999,5.565405283884562
AT,AKC,urban,2023-05-30 01:00:00+00:00,1,6.221549,6.065981780681021
AT,AKC,urban,2023-05-30 02:00:00+00:00,1,6.819499,6.350038648685455
AT,AKC,urban,2023-05-30 03:00:00+00:00,1,7.347399,6.86007461331176
AT,AKC,urban,2023-05-30 04:00:00+00:00,1,8.74895,7.666225683298702
AT,AKC,urban,2023-05-30 05:00:00+00:00,1,8.286749,8.994344649848077
AT,AKC,urban,2023-05-30 06:00:00+00:00,1,7.773349,7.921192059531673
AT,AKC,urban,2023-05-30 07:00:00+00:00,1,7.559249,7.193923213692091
AT,AKC,urban,2023-05-30 08:00:00+00:00,1,7.669,7.131964676252373
AT,AKC,urban,2023-05-30 09:00:00+00:00,1,7.431149,7.314027127138573
AT,AKC,urban,2023-05-30 10:00:00+00:00,1,6.6475,7.297068092536666
AT,AKC,urban,2023-05-30 11:00:00+00:00,1,5.73,6.674498913891853
AT,AKC,urban,2023-05-30 12:00:00+00:00,1,6.549149,5.70614158073457
AT,AKC,urban,2023-05-30 13:00:00+00:00,1,5.8105,6.668051030454556
AT,AKC,urban,2023-05-30 14:00:00+00:00,1,5.779,6.032813759823885
AT,AKC,urban,2023-05-30 15:00:00+00:00,1,5.79685,6.1109516574933345
AT,AKC,urban,2023-05-30 16:00:00+00:00,1,5.72545,6.341000504041794
AT,AKC,urban,2023-05-30 17:00:00+00:00,1,5.9334,6.17625719465952
AT,AKC,urban,2023-05-30 18:00:00+00:00,1,6.157449,6.6186668701639455
AT,AKC,urban,2023-05-30 19:00:00+00:00,1,6.359,6.586457460717401
AT,AKC,urban,2023-05-30 20:00:00+00:00,1,6.378749,6.5466193630417955
AT,AKC,urban,2023-05-30 21:00:00+00:00,1,6.0313,6.499945300519574
AT,AKC,urban,2023-05-30 22:00:00+00:00,1,5.9295,6.146088535737427
AT,AKC,urban,2023-05-30 23:00:00+00:00,1,6.065299,6.168255479255446
AT,AKC,urban,2023-05-31 00:00:00+00:00,1,6.224649,6.251129798805096
AT,AKC,urban,2023-05-31 01:00:00+00:00,1,6.2016,6.359555919266519
AT,AKC,urban,2023-05-31 02:00:00+00:00,1,6.57845,6.288230896846969
AT,AKC,urban,2023-05-31 03:00:00+00:00,1,6.75265,6.756947209852882
AT,AKC,urban,2023-05-31 04:00:00+00:00,1,7.336449,7.766600283741031
AT,AKC,urban,2023-05-31 05:00:00+00:00,1,7.704899,7.231302698528921
AT,AKC,urban,2023-05-31 06:00:00+00:00,1,8.3421,8.002156438054488
AT,AKC,urban,2023-05-31 07:00:00+00:00,1,7.255249,8.14638990279662
AT,AKC,urban,2023-05-31 08:00:00+00:00,1,7.16355,7.024955585425893
AT,AKC,urban,2023-05-31 09:00:00+00:00,1,7.041,6.734421008044343
AT,AKC,urban,2023-05-31 10:00:00+00:00,1,6.792699,6.96358510750558
AT,AKC,urban,2023-05-31 11:00:00+00:00,1,7.732049,6.766181089693461
AT,AKC,urban,2023-05-31 12:00:00+00:00,1,7.0171,7.611624506010383
AT,AKC,urban,2023-05-31 13:00:00+00:00,1,6.571149,7.153605155063062
AT,AKC,urban,2023-05-31 14:00:00+00:00,1,6.304599,6.727276913345644
AT,AKC,urban,2023-05-31 15:00:00+00:00,1,5.777199,6.544280891719602
AT,AKC,urban,2023-05-31 16:00:00+00:00,1,5.873549,6.1576112490216985
AT,AKC,urban,2023-05-31 17:00:00+00:00,1,4.854399,6.416838667417551
AT,AKC,urban,2023-05-31 18:00:00+00:00,1,5.03485,5.992123982485193
AT,AKC,urban,2023-05-31 19:00:00+00:00,1,5.61415,5.746963964307579
AT,AKC,urban,2023-05-31 20:00:00+00:00,1,6.494949,6.365887666811432
AT,AKC,urban,2023-05-31 21:00:00+00:00,1,6.405099,7.035432300980855
AT,AKC,urban,2023-05-31 22:00:00+00:00,1,5.927599,6.5994009087949195
AT,AKC,urban,2023-05-31 23:00:00+00:00,1,5.97655,5.828324925227793
AT,AKC,urban,2023-06-01 00:00:00+00:00,1,6.30815,6.080136638526373
AT,AKC,urban,2023-06-01 01:00:00+00:00,1,7.010399,6.557719071551027
AT,AKC,urban,2023-06-01 02:00:00+00:00,1,6.53595,7.51985102812732
AT,AKC,urban,2023-06-01 03:00:00+00:00,1,7.4651,6.860587024473649
AT,AKC,urban,2023-06-01 04:00:00+00:00,1,8.397449,8.951062589594962
AT,AKC,urban,2023-06-01 05:00:00+00:00,1,6.899649,9.424302435114733
AT,AKC,urban,2023-06-01 06:00:00+00:00,1,6.874199,6.466057444401702
AT,AKC,urban,2023-06-01 07:00:00+00:00,1,7.862249,7.070772494845404
AT,AKC,urban,2023-06-01 08:00:00+00:00,1,5.000599,7.791608939701469
AT,AKC,urban,2023-06-01 09:00:00+00:00,1,5.038399,4.535133853486194
AT,AKC,urban,2023-06-01 10:00:00+00:00,1,5.4896,5.017752347618551
AT,AKC,urban,2023-06-01 11:00:00+00:00,1,5.814049,5.523898729045431
AT,AKC,urban,2023-06-01 12:00:00+00:00,1,6.30255,5.88918451281868
AT,AKC,urban,2023-06-01 13:00:00+00:00,1,6.920849,6.358107242252341
AT,AKC,urban,2023-06-01 14:00:00+00:00,1,6.912349,6.94279896477434
AT,AKC,urban,2023-06-01 15:00:00+00:00,1,6.92315,7.010483028421099
AT,AKC,urban,2023-06-01 16:00:00+00:00,1,6.57725,7.3145506138321785
AT,AKC,urban,2023-06-01 17:00:00+00:00,1,5.38065,6.7533726477834115
AT,AKC,urban,2023-06-01 18:00:00+00:00,1,5.95765,6.297804379370202
AT,AKC,urban,2023-06-01 19:00:00+00:00,1,7.220399,7.1203973931128495
AT,AKC,urban,2023-06-01 20:00:00+00:00,1,6.31815,8.196957947196946
AT,AKC,urban,2023-06-01 21:00:00+00:00,1,5.72265,6.361325985540198
AT,AKC,urban,2023-06-01 22:00:00+00:00,1,5.754049,5.706355843507584
AT,AKC,urban,2023-06-01 23:00:00+00:00,1,6.0914,5.882228830886813
AT,AKC,urban,2023-06-02 00:00:00+00:00,1,6.3456,6.663904731343628
AT,AKC,urban,2023-06-02 01:00:00+00:00,1,6.961249,6.887553058919288
AT,AKC,urban,2023-06-02 02:00:00+00:00,1,7.1771,7.0102219529560585
AT,AKC,urban,2023-06-02 03:00:00+00:00,1,9.494249,7.66874164963156
AT,AKC,urban,2023-06-02 04:00:00+00:00,1,11.423,10.251520921597436
AT,AKC,urban,2023-06-02 05:00:00+00:00,1,8.355449,10.10292993665768
AT,AKC,urban,2023-06-02 06:00:00+00:00,1,7.53135,7.58268196414371
AT,AKC,urban,2023-06-02 07:00:00+00:00,1,6.840399,7.13983463155483
AT,AKC,urban,2023-06-02 08:00:00+00:00,1,7.09635,6.999400382949805
AT,AKC,urban,2023-06-02 09:00:00+00:00,1,6.106599,6.927984988921828
AT,AKC,urban,2023-06-02 10:00:00+00:00,1,6.2088,5.4241792367869905
AT,AKC,urban,2023-06-02 11:00:00+00:00,1,5.892499,5.936412957870548
AT,AKC,urban,2023-06-02 12:00:00+00:00,1,5.959899,5.978385006130605
AT,AKC,urban,2023-06-02 13:00:00+00:00,1,5.844999,6.110015385676011
AT,AKC,urban,2023-06-02 14:00:00+00:00,1,6.10305,6.028532066847664
AT,AKC,urban,2023-06-02 15:00:00+00:00,1,7.301449,6.335285084948627
AT,AKC,urban,2023-06-02 16:00:00+00:00,1,9.0995,7.4074382965847185
AT,AKC,urban,2023-06-02 17:00:00+00:00,1,9.660799,8.64573598878934
AT,AKC,urban,2023-06-02 18:00:00+00:00,1,8.9207,9.388628281908638
AT,AKC,urban,2023-06-02 19:00:00+00:00,1,9.20235,9.001839316485732
AT,AKC,urban,2023-06-02 20:00:00+00:00,1,9.0894,9.428277980486392
AT,AKC,urban,2023-06-02 21:00:00+00:00,1,8.0697,9.22303344521572
AT,AKC,urban,2023-06-02 22:00:00+00:00,1,6.7768,8.27664134943361
AT,AKC,urban,2023-06-02 23:00:00+00:00,1,6.891149,6.9602316903926
AT,AKC,urban,2023-06-03 00:00:00+00:00,1,7.16975,6.989543356416046
AT,AKC,urban,2023-06-03 01:00:00+00:00,1,7.49565,7.295413943511392
AT,AKC,urban,2023-06-03 02:00:00+00:00,1,7.270999,7.456747500977709
AT,AKC,urban,2023-06-03 03:00:00+00:00,1,6.8522,7.416617383449395
AT,AKC,urban,2023-06-03 04:00:00+00:00,1,6.44645,7.054233200327584
AT,AKC,urban,2023-06-03 05:00:00+00:00,1,5.728499,6.455655174821317
AT,AKC,urban,2023-06-03 06:00:00+00:00,1,5.2258,5.789250631619932
AT,AKC,urban,2023-06-03 07:00:00+00:00,1,4.125349,5.349025652311202
AT,AKC,urban,2023-06-03 08:00:00+00:00,1,3.929399,4.405552430362086
AT,AKC,urban,2023-06-03 09:00:00+00:00,1,4.178699,4.277457684332692
AT,AKC,urban,2023-06-03 10:00:00+00:00,1,3.895649,4.570785639836316
AT,AKC,urban,2023-06-03 11:00:00+00:00,1,3.67,4.327945784529717
AT,AKC,urban,2023-06-03 12:00:00+00:00,1,3.573899,4.218442157445711
AT,AKC,urban,2023-06-03 13:00:00+00:00,1,3.9636,4.084610848504319
AT,AKC,urban,2023-06-03 14:00:00+00:00,1,4.06335,4.5231337938204845
AT,AKC,urban,2023-06-03 15:00:00+00:00,1,3.970449,4.58995792509635
AT,AKC,urban,2023-06-03 16:00:00+00:00,1,4.539,4.615444195530003
AT,AKC,urban,2023-06-03 17:00:00+00:00,1,4.998149,4.936200338424204
AT,AKC,urban,2023-06-03 18:00:00+00:00,1,5.2227,5.394641593871761
AT,AKC,urban,2023-06-03 19:00:00+00:00,1,5.40235,6.284786054919216
AT,AKC,urban,2023-06-03 20:00:00+00:00,1,5.764749,5.7350314442993096
AT,AKC,urban,2023-06-03 21:00:00+00:00,1,5.935899,6.173202149406261
AT,AKC,urban,2023-06-03 22:00:00+00:00,1,5.9478,6.400279858124989
AT,AKC,urban,2023-06-03 23:00:00+00:00,1,5.884599,6.047381944903634
AT,AKC,urban,2023-06-04 00:00:00+00:00,1,5.90575,6.192060147386865
AT,AKC,urban,2023-06-04 01:00:00+00:00,1,6.235,6.213469584507642
AT,AKC,urban,2023-06-04 02:00:00+00:00,1,6.616749,6.584018440547762
AT,AKC,urban,2023-06-04 03:00:00+00:00,1,6.3696,6.81200854367486
AT,AKC,urban,2023-06-04 04:00:00+00:00,1,6.817049,6.533065502975749
AT,AKC,urban,2023-06-04 05:00:00+00:00,1,7.093899,6.960765794908649
AT,AKC,urban,2023-06-04 06:00:00+00:00,1,7.2593,7.000208701888223
AT,AKC,urban,2023-06-04 07:00:00+00:00,1,7.255,7.266662014581122
AT,AKC,urban,2023-06-04 08:00:00+00:00,1,7.1879,7.307684471635035
AT,AKC,urban,2023-06-04 09:00:00+00:00,1,6.31585,7.3361459062682
AT,AKC,urban,2023-06-04 10:00:00+00:00,1,5.819149,6.194539528038089
AT,AKC,urban,2023-06-04 11:00:00+00:00,1,5.9847,5.977210492078495
AT,AKC,urban,2023-06-04 12:00:00+00:00,1,6.513,6.183000086009411
AT,AKC,urban,2023-06-04 13:00:00+00:00,1,6.53725,6.67794820154424
AT,AKC,urban,2023-06-04 14:00:00+00:00,1,6.441349,6.980886434514584
AT,AKC,urban,2023-06-04 15:00:00+00:00,1,6.81655,6.5826296965477695
AT,AKC,urban,2023-06-04 16:00:00+00:00,1,7.217,7.22951601834092
AT,AKC,urban,2023-06-04 17:00:00+00:00,1,7.28215,7.809278878936556
AT,AKC,urban,2023-06-04 18:00:00+00:00,1,7.314849,7.766057421754407
AT,AKC,urban,2023-06-04 19:00:00+00:00,1,7.40065,7.84369932495299
AT,AKC,urban,2023-06-04 20:00:00+00:00,1,7.975349,8.075943322460823
AT,AKC,urban,2023-06-04 21:00:00+00:00,1,8.442449,8.621222272855018
AT,AKC,urban,2023-06-04 22:00:00+00:00,1,10.417,8.764327494582275
AT,AKC,urban,2023-06-04 23:00:00+00:00,1,11.176,10.168995028444147
AT,AKC,urban,2023-06-05 00:00:00+00:00,1,13.655,11.00661890446204
AT,AKC,urban,2023-06-05 01:00:00+00:00,1,18.4915,13.336124362425512
AT,AKC,urban,2023-06-05 02:00:00+00:00,1,15.586,17.059291808667147
AT,AKC,urban,2023-06-05 03:00:00+00:00,1,17.683,14.374645609641583
AT,AKC,urban,2023-06-05 04:00:00+00:00,1,18.9435,17.428224449922965
AT,AKC,urban,2023-06-05 05:00:00+00:00,1,17.146,18.494358249855676
AT,AKC,urban,2023-06-05 06:00:00+00:00,1,13.034,17.086484248434054
AT,AKC,urban,2023-06-05 07:00:00+00:00,1,12.2995,12.28363292165107
AT,AKC,urban,2023-06-05 08:00:00+00:00,1,11.207,12.028564736468418
AT,AKC,urban,2023-06-05 09:00:00+00:00,1,11.91,10.745669429259951
AT,AKC,urban,2023-06-05 10:00:00+00:00,1,10.66245,11.736609920114407
AT,AKC,urban,2023-06-05 11:00:00+00:00,1,7.878449,9.634896524773119
AT,AKC,urban,2023-06-05 12:00:00+00:00,1,8.7073,8.940547444355357
AT,AKC,urban,2023-06-05 13:00:00+00:00,1,9.3667,9.080749762403247
AT,AKC,urban,2023-06-05 14:00:00+00:00,1,10.55945,9.35438600725216
AT,AKC,urban,2023-06-05 15:00:00+00:00,1,9.545499,10.171844483451224
AT,AKC,urban,2023-06-05 16:00:00+00:00,1,10.0223,9.701010091073691
AT,AKC,urban,2023-06-05 17:00:00+00:00,1,10.2642,10.450601111677884
AT,AKC,urban,2023-06-05 18:00:00+00:00,1,11.86,10.901983700555572
AT,AKC,urban,2023-06-05 19:00:00+00:00,1,9.540051,11.565329830402003
AT,AKC,urban,2023-06-05 20:00:00+00:00,1,9.417749,9.76906813066692
AT,AKC,urban,2023-06-05 21:00:00+00:00,1,10.5665,9.839634399120627
AT,AKC,urban,2023-06-05 22:00:00+00:00,1,11.647,10.821091461816362
AT,AKC,urban,2023-06-05 23:00:00+00:00,1,11.793,11.825771681619386
AT,AKC,urban,2023-06-06 00:00:00+00:00,1,11.5505,12.019089640477958
AT,AKC,urban,2023-06-06 01:00:00+00:00,1,11.694,11.768895265713358
AT,AKC,urban,2023-06-06 02:00:00+00:00,1,12.1485,11.77235350911489
AT,AKC,urban,2023-06-06 03:00:00+00:00,1,12.5495,12.214224061972338
AT,AKC,urban,2023-06-06 04:00:00+00:00,1,13.4615,12.835380849700694
AT,AKC,urban,2023-06-06 05:00:00+00:00,1,12.871,13.989222076132389
AT,AKC,urban,2023-06-06 06:00:00+00:00,1,12.9305,13.138058655284318
AT,AKC,urban,2023-06-06 07:00:00+00:00,1,13.6535,13.218786115240412
AT,AKC,urban,2023-06-06 08:00:00+00:00,1,11.85,13.205317153905558
AT,AKC,urban,2023-06-06 09:00:00+00:00,1,10.10595,11.719343648688639
AT,AKC,urban,2023-06-06 10:00:00+00:00,1,9.807749,9.621175328594784
AT,AKC,urban,2023-06-06 11:00:00+00:00,1,11.7315,9.72016638011322
AT,AKC,urban,2023-06-06 12:00:00+00:00,1,12.136,11.55416934254772
AT,AKC,urban,2023-06-06 13:00:00+00:00,1,10.06805,11.77907517567246
AT,AKC,urban,2023-06-06 14:00:00+00:00,1,15.0175,10.156750155300308
AT,AKC,urban,2023-06-06 15:00:00+00:00,1,9.6834,14.212225691999482
AT,AKC,urban,2023-06-06 16:00:00+00:00,1,8.03235,9.284692042435594
AT,AKC,urban,2023-06-06 17:00:00+00:00,1,9.09485,8.719477164413846
AT,AKC,urban,2023-06-06 18:00:00+00:00,1,10.169,10.196600086664684
AT,AKC,urban,2023-06-06 19:00:00+00:00,1,11.1375,10.65425816192505
AT,AKC,urban,2023-06-06 20:00:00+00:00,1,10.402,11.543881601686913
AT,AKC,urban,2023-06-06 21:00:00+00:00,1,7.8365,10.951146991182647
AT,AKC,urban,2023-06-06 22:00:00+00:00,1,7.9534,8.261948654854741
AT,AKC,urban,2023-06-06 23:00:00+00:00,1,8.35555,8.38143487077712
AT,AKC,urban,2023-06-07 00:00:00+00:00,1,7.084549,8.898689871137396
AT,AKC,urban,2023-06-07 01:00:00+00:00,1,6.88485,7.542529559521203
AT,AKC,urban,2023-06-07 02:00:00+00:00,1,9.737299,7.441498728771489
AT,AKC,urban,2023-06-07 03:00:00+00:00,1,8.54215,9.580403415060154
AT,AKC,urban,2023-06-07 04:00:00+00:00,1,8.133799,8.974501176192977
AT,AKC,urban,2023-06-07 05:00:00+00:00,1,9.773099,9.430875579808493
AT,AKC,urban,2023-06-07 06:00:00+00:00,1,11.278,9.718353371873256
AT,AKC,urban,2023-06-07 07:00:00+00:00,1,11.2135,10.665736227293387
AT,AKC,urban,2023-06-07 08:00:00+00:00,1,10.5103,10.690345728576077
AT,AKC,urban,2023-06-07 09:00:00+00:00,1,9.636549,10.377730439991385
AT,AKC,urban,2023-06-07 10:00:00+00:00,1,9.81175,9.530800425303706
AT,AKC,urban,2023-06-07 11:00:00+00:00,1,9.25065,9.816674769514616
AT,AKC,urban,2023-06-07 12:00:00+00:00,1,8.810499,9.1753899259513
AT,AKC,urban,2023-06-07 13:00:00+00:00,1,11.18065,7.929827720263496
AT,AKC,urban,2023-06-07 14:00:00+00:00,1,6.124449,11.475870040861157
AT,AKC,urban,2023-06-07 15:00:00+00:00,1,7.550849,6.5808855174444965
AT,AKC,urban,2023-06-07 16:00:00+00:00,1,9.283349,7.9606766201053
AT,AKC,urban,2023-06-07 17:00:00+00:00,1,8.6119,9.677575508320821
AT,AKC,urban,2023-06-07 18:00:00+00:00,1,10.867,9.194685693698869
AT,AKC,urban,2023-06-07 19:00:00+00:00,1,8.978599,11.393386653953073
AT,AKC,urban,2023-06-07 20:00:00+00:00,1,8.64225,8.738222184296582
AT,AKC,urban,2023-06-07 21:00:00+00:00,1,9.573949,9.104628484262982
AT,AKC,urban,2023-06-07 22:00:00+00:00,1,10.02165,10.12230637944738
AT,AKC,urban,2023-06-07 23:00:00+00:00,1,9.8687,10.212156837313653
AT,AKC,urban,2023-06-08 00:00:00+00:00,1,9.5451,10.046460496573829
AT,AKC,urban,2023-06-08 01:00:00+00:00,1,9.887049,9.658879333048386
AT,AKC,urban,2023-06-08 02:00:00+00:00,1,10.724,10.03579537581767
AT,AKC,urban,2023-06-08 03:00:00+00:00,1,11.078,10.890942341137293
AT,AKC,urban,2023-06-08 04:00:00+00:00,1,12.298,11.120074620663072
AT,AKC,urban,2023-06-08 05:00:00+00:00,1,13.3535,12.170316950824418
AT,AKC,urban,2023-06-08 06:00:00+00:00,1,12.596,13.523796246798742
AT,AKC,urban,2023-06-08 07:00:00+00:00,1,14.7385,11.703306666744322
AT,AKC,urban,2023-06-08 08:00:00+00:00,1,11.469,13.784417837257102
AT,AKC,urban,2023-06-08 09:00:00+00:00,1,9.7353,10.827270478302758
AT,AKC,urban,2023-06-08 10:00:00+00:00,1,8.6687,9.587182123440233
AT,AKC,urban,2023-06-08 11:00:00+00:00,1,9.114299,8.721483119261208
AT,AKC,urban,2023-06-08 12:00:00+00:00,1,8.948749,9.004713561469899
AT,AKC,urban,2023-06-08 13:00:00+00:00,1,6.455849,8.640467423066283
AT,AKC,urban,2023-06-08 14:00:00+00:00,1,6.7184,7.027399620377501
AT,AKC,urban,2023-06-08 15:00:00+00:00,1,5.87465,7.516963837368241
AT,AKC,urban,2023-06-08 16:00:00+00:00,1,5.4635,6.237538860297175
AT,AKC,urban,2023-06-08 17:00:00+00:00,1,5.740449,6.0628337870298346
AT,AKC,urban,2023-06-08 18:00:00+00:00,1,6.814199,6.586754588109535
AT,AKC,urban,2023-06-08 19:00:00+00:00,1,7.308599,7.716826499968974
AT,AKC,urban,2023-06-08 20:00:00+00:00,1,7.3898,8.000496018802608
AT,AKC,urban,2023-06-08 21:00:00+00:00,1,6.486599,8.174493733310275
AT,AKC,urban,2023-06-08 22:00:00+00:00,1,7.468649,6.697362266503099
AT,AKC,urban,2023-06-08 23:00:00+00:00,1,8.188949,7.918451062176487
AT,AKC,urban,2023-06-09 00:00:00+00:00,1,9.3663,8.264038480980211
AT,AKC,urban,2023-06-09 01:00:00+00:00,1,9.762849,9.195081960126672
AT,AKC,urban,2023-06-09 02:00:00+00:00,1,10.4935,9.612075619329765
AT,AKC,urban,2023-06-09 03:00:00+00:00,1,10.4385,10.209471353674928
AT,AKC,urban,2023-06-09 04:00:00+00:00,1,9.828449,10.410771852419778
AT,AKC,urban,2023-06-09 05:00:00+00:00,1,9.08785,9.977034120270787
AT,AKC,urban,2023-06-09 06:00:00+00:00,1,9.376449,9.085446848754266
AT,AKC,urban,2023-06-09 07:00:00+00:00,1,8.8374,9.359705237277108
AT,AKC,urban,2023-06-09 08:00:00+00:00,1,9.48785,8.621419164699201
AT,AKC,urban,2023-06-09 09:00:00+00:00,1,9.488599,9.180532560628077
AT,AKC,urban,2023-06-09 10:00:00+00:00,1,9.3192,9.146523247184895
AT,AKC,urban,2023-06-09 11:00:00+00:00,1,8.592,9.16944083356255
AT,AKC,urban,2023-06-09 12:00:00+00:00,1,7.917449,8.420613382759289
AT,AKC,urban,2023-06-09 13:00:00+00:00,1,7.08695,7.8333036896948585
AT,AKC,urban,2023-06-09 14:00:00+00:00,1,8.239999,7.233055350669677
AT,AKC,urban,2023-06-09 15:00:00+00:00,1,6.538749,7.979818781957963
AT,AKC,urban,2023-06-09 16:00:00+00:00,1,6.24055,6.735052664015374
AT,AKC,urban,2023-06-09 17:00:00+00:00,1,5.277449,6.848999176383927
AT,AKC,urban,2023-06-09 18:00:00+00:00,1,5.647099,6.019360479031025
AT,AKC,urban,2023-06-09 19:00:00+00:00,1,5.8963,6.503547981600953
AT,AKC,urban,2023-06-09 20:00:00+00:00,1,4.583849,6.678965160953393
AT,AKC,urban,2023-06-09 21:00:00+00:00,1,5.061749,5.4128314539497495
AT,AKC,urban,2023-06-09 22:00:00+00:00,1,5.730549,5.878535383312244
AT,AKC,urban,2023-06-09 23:00:00+00:00,1,6.469599,6.286947467991638
AT,AKC,urban,2023-06-10 00:00:00+00:00,1,7.647999,6.816664501632026
AT,AKC,urban,2023-06-10 01:00:00+00:00,1,9.8,7.4730972799634365
AT,AKC,urban,2023-06-10 02:00:00+00:00,1,9.89115,9.41216253535282
AT,AKC,urban,2023-06-10 03:00:00+00:00,1,11.6065,9.58029295253704
AT,AKC,urban,2023-06-10 04:00:00+00:00,1,13.362,11.083603387709868
AT,AKC,urban,2023-06-10 05:00:00+00:00,1,15.678,12.430953686557881
AT,AKC,urban,2023-06-10 06:00:00+00:00,1,15.253,14.379535182549354
AT,AKC,urban,2023-06-10 07:00:00+00:00,1,14.2675,14.279458384873553
AT,AKC,urban,2023-06-10 08:00:00+00:00,1,13.013,13.537067626864228
AT,AKC,urban,2023-06-10 09:00:00+00:00,1,10.649,12.233897633272129
AT,AKC,urban,2023-06-10 10:00:00+00:00,1,9.5911,10.118400660604749
AT,AKC,urban,2023-06-10 11:00:00+00:00,1,9.003299,9.215071623630926
AT,AKC,urban,2023-06-10 12:00:00+00:00,1,9.19535,8.886937150222256
AT,AKC,urban,2023-06-10 13:00:00+00:00,1,9.000949,9.080763785793405
AT,AKC,urban,2023-06-10 14:00:00+00:00,1,8.20615,7.903937857040411
AT,AKC,urban,2023-06-10 15:00:00+00:00,1,8.0591,8.25395776449686
AT,AKC,urban,2023-06-10 16:00:00+00:00,1,8.992799,8.603609488784876
AT,AKC,urban,2023-06-10 17:00:00+00:00,1,11.188,8.576220711138475
AT,AKC,urban,2023-06-10 18:00:00+00:00,1,12.112,10.59385604297681
AT,AKC,urban,2023-06-10 19:00:00+00:00,1,11.715,11.694929319753339
AT,AKC,urban,2023-06-10 20:00:00+00:00,1,11.6035,11.531209301105399
AT,AKC,urban,2023-06-10 21:00:00+00:00,1,11.4635,9.478155155661145
AT,AKC,urban,2023-06-10 22:00:00+00:00,1,9.891349,10.161625528088674
AT,AKC,urban,2023-06-10 23:00:00+00:00,1,9.378,10.223384983854341
AT,AKC,urban,2023-06-11 00:00:00+00:00,1,9.5412,9.741017043647226
AT,AKC,urban,2023-06-11 01:00:00+00:00,1,9.365949,9.634585701828659
AT,AKC,urban,2023-06-11 02:00:00+00:00,1,9.4594,9.65557986713253
AT,AKC,urban,2023-06-11 03:00:00+00:00,1,9.55755,9.751470135573356
AT,AKC,urban,2023-06-11 04:00:00+00:00,1,10.9395,9.764754110121352
AT,AKC,urban,2023-06-11 05:00:00+00:00,1,11.3105,10.765929800328667
AT,AKC,urban,2023-06-11 06:00:00+00:00,1,11.7435,10.911268932561477
AT,AKC,urban,2023-06-11 07:00:00+00:00,1,11.5145,11.315668951574978
AT,AKC,urban,2023-06-11 08:00:00+00:00,1,11.091,11.212321153769249
AT,AKC,urban,2023-06-11 09:00:00+00:00,1,10.6365,10.994356227943086
AT,AKC,urban,2023-06-11 10:00:00+00:00,1,10.7895,10.493055338917959
AT,AKC,urban,2023-06-11 11:00:00+00:00,1,10.465,10.71706444370325
AT,AKC,urban,2023-06-11 12:00:00+00:00,1,9.4785,10.430022102694807
AT,AKC,urban,2023-06-11 13:00:00+00:00,1,9.450849,9.500592048232981
AT,AKC,urban,2023-06-11 14:00:00+00:00,1,8.933199,9.637350195934339
AT,AKC,urban,2023-06-11 15:00:00+00:00,1,8.56825,9.27347189352766
AT,AKC,urban,2023-06-11 16:00:00+00:00,1,8.35375,9.017509988370072
AT,AKC,urban,2023-06-11 17:00:00+00:00,1,8.036399,9.054933394573691
AT,AKC,urban,2023-06-11 18:00:00+00:00,1,8.39735,8.767527634879233
AT,AKC,urban,2023-06-11 19:00:00+00:00,1,8.8631,8.797469570070607
AT,AKC,urban,2023-06-11 20:00:00+00:00,1,8.9523,9.195619302561266
AT,AKC,urban,2023-06-11 21:00:00+00:00,1,9.20895,9.234839991316921
AT,AKC,urban,2023-06-11 22:00:00+00:00,1,9.11395,9.642000478940883
AT,AKC,urban,2023-06-11 23:00:00+00:00,1,9.000949,9.45836821042609
AT,AKC,urban,2023-06-12 00:00:00+00:00,1,8.5445,9.225170409565273
AT,AKC,urban,2023-06-12 01:00:00+00:00,1,8.326749,8.836924913418294
AT,AKC,urban,2023-06-12 02:00:00+00:00,1,8.479149,8.737661918135352
AT,AKC,urban,2023-06-12 03:00:00+00:00,1,8.041649,9.006527471944537
AT,AKC,urban,2023-06-12 04:00:00+00:00,1,7.9418,8.783323522539629
AT,AKC,urban,2023-06-12 05:00:00+00:00,1,8.37325,8.698815519437538
AT,AKC,urban,2023-06-12 06:00:00+00:00,1,7.8189,8.514930809622914
AT,AKC,urban,2023-06-12 07:00:00+00:00,1,7.884349,7.980040281985076
AT,AKC,urban,2023-06-12 08:00:00+00:00,1,6.993299,8.092517149795096
AT,AKC,urban,2023-06-12 09:00:00+00:00,1,6.22205,7.225559669829927
AT,AKC,urban,2023-06-12 10:00:00+00:00,1,6.598599,6.831326796443403
AT,AKC,urban,2023-06-12 11:00:00+00:00,1,5.030849,6.5733971761001015
AT,AKC,urban,2023-06-12 12:00:00+00:00,1,5.14035,5.388742321973059
AT,AKC,urban,2023-06-12 13:00:00+00:00,1,5.529299,5.640914171862605
AT,AKC,urban,2023-06-12 14:00:00+00:00,1,5.711799,6.03838793630208
AT,AKC,urban,2023-06-12 15:00:00+00:00,1,5.830399,6.1339246142781185
AT,AKC,urban,2023-06-12 16:00:00+00:00,1,5.878899,6.451934060355931
AT,AKC,urban,2023-06-12 17:00:00+00:00,1,6.222399,6.402807857333041
AT,AKC,urban,2023-06-12 18:00:00+00:00,1,6.23365,6.691379347518449
AT,AKC,urban,2023-06-12 19:00:00+00:00,1,6.208849,6.714821203731457
AT,AKC,urban,2023-06-12 20:00:00+00:00,1,6.06235,6.69238385701178
AT,AKC,urban,2023-06-12 21:00:00+00:00,1,5.80105,6.459904942466952
AT,AKC,urban,2023-06-12 22:00:00+00:00,1,5.878749,6.522256279871378
AT,AKC,urban,2023-06-12 23:00:00+00:00,1,5.88905,6.220275282223714
AT,AKC,urban,2023-06-13 00:00:00+00:00,1,5.85195,6.354439146234718
AT,AKC,urban,2023-06-13 01:00:00+00:00,1,5.7761,6.329046311680859
AT,AKC,urban,2023-06-13 02:00:00+00:00,1,6.084449,6.225077075626462
AT,AKC,urban,2023-06-13 03:00:00+00:00,1,6.7184,6.938418177029408
AT,AKC,urban,2023-06-13 04:00:00+00:00,1,6.3233,7.584777141294875
AT,AKC,urban,2023-06-13 05:00:00+00:00,1,6.5116,6.430632664366566
AT,AKC,urban,2023-06-13 06:00:00+00:00,1,6.16135,7.017637219159244
AT,AKC,urban,2023-06-13 07:00:00+00:00,1,5.1876,6.249251013728145
AT,AKC,urban,2023-06-13 08:00:00+00:00,1,4.96255,5.076073030331312
AT,AKC,urban,2023-06-13 09:00:00+00:00,1,4.79685,4.9593579703867015
AT,AKC,urban,2023-06-13 10:00:00+00:00,1,4.803299,4.9782683809477675
AT,AKC,urban,2023-06-13 11:00:00+00:00,1,4.777349,5.003405286704261
AT,AKC,urban,2023-06-13 12:00:00+00:00,1,4.671999,5.13203429605489
AT,AKC,urban,2023-06-13 13:00:00+00:00,1,5.1627,5.072244647861698
AT,AKC,urban,2023-06-13 14:00:00+00:00,1,4.971249,5.475508073659604
AT,AKC,urban,2023-06-13 15:00:00+00:00,1,5.0353,5.286420530755379
AT,AKC,urban,2023-06-13 16:00:00+00:00,1,4.8891,5.499691239991861
AT,AKC,urban,2023-06-13 17:00:00+00:00,1,5.736999,5.16292986710371
AT,AKC,urban,2023-06-13 18:00:00+00:00,1,6.697899,6.093422317394289
AT,AKC,urban,2023-06-13 19:00:00+00:00,1,7.600649,7.657701983911256
AT,AKC,urban,2023-06-13 20:00:00+00:00,1,7.649049,7.856562550310471
AT,AKC,urban,2023-06-13 21:00:00+00:00,1,7.701499,7.790131211617876
AT,AKC,urban,2023-06-13 22:00:00+00:00,1,7.7781,7.942706843929596
AT,AKC,urban,2023-06-13 23:00:00+00:00,1,7.852,7.970653687536142
AT,AKC,urban,2023-06-14 00:00:00+00:00,1,8.027099,7.888025607024218
AT,AKC,urban,2023-06-14 01:00:00+00:00,1,8.219099,8.221855079304444
AT,AKC,urban,2023-06-14 02:00:00+00:00,1,8.214,8.356632326242394
AT,AKC,urban,2023-06-14 03:00:00+00:00,1,8.405099,8.209041227473008
AT,AKC,urban,2023-06-14 04:00:00+00:00,1,8.281099,8.97791037962724
AT,AKC,urban,2023-06-14 05:00:00+00:00,1,8.19445,8.742915387713406
AT,AKC,urban,2023-06-14 06:00:00+00:00,1,7.6961,8.222357717440865
AT,AKC,urban,2023-06-14 07:00:00+00:00,1,7.39365,7.69332660339683
AT,AKC,urban,2023-06-14 08:00:00+00:00,1,6.5823,7.357572111403876
AT,AKC,urban,2023-06-14 09:00:00+00:00,1,7.0261,6.610870137195853
AT,AKC,urban,2023-06-14 10:00:00+00:00,1,6.4207,7.019613836986288
AT,AKC,urban,2023-06-14 11:00:00+00:00,1,6.972,6.5756887865639015
AT,AKC,urban,2023-06-14 12:00:00+00:00,1,7.007249,6.949589056924317
AT,AKC,urban,2023-06-14 13:00:00+00:00,1,6.80875,7.139674548511582
AT,AKC,urban,2023-06-14 14:00:00+00:00,1,6.640749,7.133226274340078
AT,AKC,urban,2023-06-14 15:00:00+00:00,1,7.03985,6.902799282855362
AT,AKC,urban,2023-06-14 16:00:00+00:00,1,7.25955,7.314653032391664
AT,AKC,urban,2023-06-14 17:00:00+00:00,1,7.9017,7.45809081347133
AT,AKC,urban,2023-06-14 18:00:00+00:00,1,8.269599,8.011237875206998
AT,AKC,urban,2023-06-14 19:00:00+00:00,1,8.6874,8.678163256573558
AT,AKC,urban,2023-06-14 20:00:00+00:00,1,8.5986,9.603496471341309
AT,AKC,urban,2023-06-14 21:00:00+00:00,1,7.984649,9.220286645391216
AT,AKC,urban,2023-06-14 22:00:00+00:00,1,7.850399,8.14868685669034
AT,AKC,urban,2023-06-14 23:00:00+00:00,1,7.918549,8.22270107667729
AT,AKC,urban,2023-06-15 00:00:00+00:00,1,7.752049,8.146554823275764
AT,AKC,urban,2023-06-15 01:00:00+00:00,1,8.08385,8.085227007083557
AT,AKC,urban,2023-06-15 02:00:00+00:00,1,8.7061,8.454345788326336
AT,AKC,urban,2023-06-15 03:00:00+00:00,1,9.6982,9.104120246971174
AT,AKC,urban,2023-06-15 04:00:00+00:00,1,10.6005,10.66656293410988
AT,AKC,urban,2023-06-15 05:00:00+00:00,1,10.25795,10.97033318769547
AT,AKC,urban,2023-06-15 06:00:00+00:00,1,8.908649,9.997619427194252
AT,AKC,urban,2023-06-15 07:00:00+00:00,1,8.090149,8.338632041461292
AT,AKC,urban,2023-06-15 08:00:00+00:00,1,7.265399,7.844862003619337
AT,AKC,urban,2023-06-15 09:00:00+00:00,1,7.3709,7.179052692256615
AT,AKC,urban,2023-06-15 10:00:00+00:00,1,6.436049,7.1468558124326265
AT,AKC,urban,2023-06-15 11:00:00+00:00,1,5.890649,6.478378350344624
AT,AKC,urban,2023-06-15 12:00:00+00:00,1,5.490449,6.23309949426886
AT,AKC,urban,2023-06-15 13:00:00+00:00,1,5.085049,5.569381246290789
AT,AKC,urban,2023-06-15 14:00:00+00:00,1,5.6934,5.3596964389539785
AT,AKC,urban,2023-06-15 15:00:00+00:00,1,5.851799,6.011856569743916
AT,AKC,urban,2023-06-15 16:00:00+00:00,1,6.52815,6.0946257613423604
AT,AKC,urban,2023-06-15 17:00:00+00:00,1,7.17255,6.83645408913177
AT,AKC,urban,2023-06-15 18:00:00+00:00,1,7.798699,7.223455059203204
AT,AKC,urban,2023-06-15 19:00:00+00:00,1,6.74905,8.222622781873525
AT,AKC,urban,2023-06-15 20:00:00+00:00,1,6.731349,6.98870264414964
AT,AKC,urban,2023-06-15 21:00:00+00:00,1,6.4112,7.050821595407687
AT,AKC,urban,2023-06-15 22:00:00+00:00,1,6.809249,6.916962401665803
AT,AKC,urban,2023-06-15 23:00:00+00:00,1,5.834849,7.22076234882493
AT,AKC,urban,2023-06-16 00:00:00+00:00,1,5.391499,5.924543548475306
AT,AKC,urban,2023-06-16 01:00:00+00:00,1,5.111249,5.715035403913664
AT,AKC,urban,2023-06-16 02:00:00+00:00,1,5.745049,5.425102157104899
AT,AKC,urban,2023-06-16 03:00:00+00:00,1,6.6556,6.125411221116519
AT,AKC,urban,2023-06-16 04:00:00+00:00,1,6.6926,6.907522577870459
AT,AKC,urban,2023-06-16 05:00:00+00:00,1,7.04475,6.784596731156547
AT,AKC,urban,2023-06-16 06:00:00+00:00,1,7.11595,6.876328560625499
AT,AKC,urban,2023-06-16 07:00:00+00:00,1,6.985349,6.919963342154027
AT,AKC,urban,2023-06-16 08:00:00+00:00,1,6.892749,7.4047659393973895
AT,AKC,urban,2023-06-16 09:00:00+00:00,1,5.81645,6.639617463863992
AT,AKC,urban,2023-06-16 10:00:00+00:00,1,6.738699,5.5039762837694255
AT,AKC,urban,2023-06-16 11:00:00+00:00,1,7.42215,6.652881888641421
AT,AKC,urban,2023-06-16 12:00:00+00:00,1,7.786049,7.290357747798929
AT,AKC,urban,2023-06-16 13:00:00+00:00,1,8.525949,8.131187622845104
AT,AKC,urban,2023-06-16 14:00:00+00:00,1,8.554149,8.110194007258954
AT,AKC,urban,2023-06-16 15:00:00+00:00,1,6.9972,8.512563122718287
AT,AKC,urban,2023-06-16 16:00:00+00:00,1,5.9579,6.859719551509539
AT,AKC,urban,2023-06-16 17:00:00+00:00,1,6.8498,5.948528013994753
AT,AKC,urban,2023-06-16 18:00:00+00:00,1,7.3144,6.917328727073166
AT,AKC,urban,2023-06-16 19:00:00+00:00,1,5.7747,7.356209886120073
AT,AKC,urban,2023-06-16 20:00:00+00:00,1,5.658499,6.0498305306218185
AT,AKC,urban,2023-06-16 21:00:00+00:00,1,6.75775,5.9585485077170794
AT,AKC,urban,2023-06-16 22:00:00+00:00,1,6.74985,6.747615900708656
AT,AKC,urban,2023-06-16 23:00:00+00:00,1,6.815799,6.57018998582247
AT,AKC,urban,2023-06-17 00:00:00+00:00,1,7.390199,6.850680227646755
AT,AKC,urban,2023-06-17 01:00:00+00:00,1,7.456199,7.326636218035471
AT,AKC,urban,2023-06-17 02:00:00+00:00,1,7.2951,7.415480180268808
AT,AKC,urban,2023-06-17 03:00:00+00:00,1,6.343349,7.321108897166507
AT,AKC,urban,2023-06-17 04:00:00+00:00,1,7.851799,6.43950702056139
AT,AKC,urban,2023-06-17 05:00:00+00:00,1,6.0719,7.833706375689339
AT,AKC,urban,2023-06-17 06:00:00+00:00,1,5.65155,5.829649507221223
AT,AKC,urban,2023-06-17 07:00:00+00:00,1,5.713899,5.5859173146670855
AT,AKC,urban,2023-06-17 08:00:00+00:00,1,5.8329,5.638887749276318
AT,AKC,urban,2023-06-17 09:00:00+00:00,1,6.0115,5.694827439439827
AT,AKC,urban,2023-06-17 10:00:00+00:00,1,5.364749,5.881825710223843
AT,AKC,urban,2023-06-17 11:00:00+00:00,1,7.417599,5.272367543752811
AT,AKC,urban,2023-06-17 12:00:00+00:00,1,8.220749,7.610987896053874
AT,AKC,urban,2023-06-17 13:00:00+00:00,1,4.2328,7.534573237982006
AT,AKC,urban,2023-06-17 14:00:00+00:00,1,4.702199,3.774512624724764
AT,AKC,urban,2023-06-17 15:00:00+00:00,1,4.376949,4.290114851175666
AT,AKC,urban,2023-06-17 16:00:00+00:00,1,5.2413,4.394495658669928
AT,AKC,urban,2023-06-17 17:00:00+00:00,1,5.66615,5.2911050765527
AT,AKC,urban,2023-06-17 18:00:00+00:00,1,5.786,5.719822889343288
AT,AKC,urban,2023-06-17 19:00:00+00:00,1,6.166649,6.104321372463886
AT,AKC,urban,2023-06-17 20:00:00+00:00,1,6.502249,6.605604764676276
AT,AKC,urban,2023-06-17 21:00:00+00:00,1,6.6822,7.1580069819293115
AT,AKC,urban,2023-06-17 22:00:00+00:00,1,7.798399,7.016266796828685
AT,AKC,urban,2023-06-17 23:00:00+00:00,1,9.040699,8.051217289732861
AT,AKC,urban,2023-06-18 00:00:00+00:00,1,8.901649,9.744634679684463
AT,AKC,urban,2023-06-18 01:00:00+00:00,1,8.192449,8.696879216929712
AT,AKC,urban,2023-06-18 02:00:00+00:00,1,9.43655,8.103211178959892
AT,AKC,urban,2023-06-18 03:00:00+00:00,1,10.1303,9.71151358930354
AT,AKC,urban,2023-06-18 04:00:00+00:00,1,10.5345,9.940292332750708
AT,AKC,urban,2023-06-18 05:00:00+00:00,1,8.838199,10.447998323252698
AT,AKC,urban,2023-06-18 06:00:00+00:00,1,7.2053,8.829276363651122
AT,AKC,urban,2023-06-18 07:00:00+00:00,1,7.02075,7.386967427524674
AT,AKC,urban,2023-06-18 08:00:00+00:00,1,7.441499,6.87842194469474
AT,AKC,urban,2023-06-18 09:00:00+00:00,1,7.4506,7.170281075852792
AT,AKC,urban,2023-06-18 10:00:00+00:00,1,7.02565,7.03825902027868
AT,AKC,urban,2023-06-18 11:00:00+00:00,1,6.116399,6.671194350971632
AT,AKC,urban,2023-06-18 12:00:00+00:00,1,6.4363,5.856402283598026
AT,AKC,urban,2023-06-18 13:00:00+00:00,1,6.529549,6.1894358334742705
AT,AKC,urban,2023-06-18 14:00:00+00:00,1,6.878149,6.6278355737234165
AT,AKC,urban,2023-06-18 15:00:00+00:00,1,7.4918,6.966969771417055
AT,AKC,urban,2023-06-18 16:00:00+00:00,1,7.997849,7.656777249017136
AT,AKC,urban,2023-06-18 17:00:00+00:00,1,8.47865,8.110309956065418
AT,AKC,urban,2023-06-18 18:00:00+00:00,1,9.410699,8.728681751361627
AT,AKC,urban,2023-06-18 19:00:00+00:00,1,11.103,9.990398443385846
AT,AKC,urban,2023-06-18 20:00:00+00:00,1,11.1905,11.555292708881332
AT,AKC,urban,2023-06-18 21:00:00+00:00,1,11.997,10.927586738119654
AT,AKC,urban,2023-06-18 22:00:00+00:00,1,12.7455,11.946579508780793
AT,AKC,urban,2023-06-18 23:00:00+00:00,1,11.766,12.337449294022818
AT,AKC,urban,2023-06-19 00:00:00+00:00,1,12.654,11.105149321389483
AT,AKC,urban,2023-06-19 01:00:00+00:00,1,15.2315,12.069767067074263
AT,AKC,urban,2023-06-19 02:00:00+00:00,1,15.8295,14.825186699318394
AT,AKC,urban,2023-06-19 03:00:00+00:00,1,16.5285,15.13438708624738
AT,AKC,urban,2023-06-19 04:00:00+00:00,1,17.0085,16.484401693696157
AT,AKC,urban,2023-06-19 05:00:00+00:00,1,14.1665,16.940326255251428
AT,AKC,urban,2023-06-19 06:00:00+00:00,1,13.992,14.436242269885518
AT,AKC,urban,2023-06-19 07:00:00+00:00,1,12.375,13.987562156475636
AT,AKC,urban,2023-06-19 08:00:00+00:00,1,10.433,11.84208442764276
AT,AKC,urban,2023-06-19 09:00:00+00:00,1,9.77655,9.308431684636293
AT,AKC,urban,2023-06-19 10:00:00+00:00,1,8.60515,9.178597317176983
AT,AKC,urban,2023-06-19 11:00:00+00:00,1,7.3399,8.394122084600532
AT,AKC,urban,2023-06-19 12:00:00+00:00,1,7.53505,7.576614853985792
AT,AKC,urban,2023-06-19 13:00:00+00:00,1,7.674799,7.584470928647583
AT,AKC,urban,2023-06-19 14:00:00+00:00,1,7.59765,8.017407846538326
AT,AKC,urban,2023-06-19 15:00:00+00:00,1,7.808249,7.88046470349407
AT,AKC,urban,2023-06-19 16:00:00+00:00,1,8.4166,8.291153204439869
AT,AKC,urban,2023-06-19 17:00:00+00:00,1,8.712349,8.816075739480976
AT,AKC,urban,2023-06-19 18:00:00+00:00,1,10.3441,9.284281405208425
AT,AKC,urban,2023-06-19 19:00:00+00:00,1,10.9535,12.073822153151902
AT,AKC,urban,2023-06-19 20:00:00+00:00,1,13.144,10.758525424601554
AT,AKC,urban,2023-06-19 21:00:00+00:00,1,12.8765,13.866084677470742
AT,AKC,urban,2023-06-19 22:00:00+00:00,1,13.36,11.626326933056134
AT,AKC,urban,2023-06-19 23:00:00+00:00,1,14.783,12.991870136151384
AT,AKC,urban,2023-06-20 00:00:00+00:00,1,15.651,14.194153926632545
AT,AKC,urban,2023-06-20 01:00:00+00:00,1,16.902,15.057098351400118
AT,AKC,urban,2023-06-20 02:00:00+00:00,1,18.7615,16.221248854098796
AT,AKC,urban,2023-06-20 03:00:00+00:00,1,18.257,17.968144367012854
AT,AKC,urban,2023-06-20 04:00:00+00:00,1,14.9235,18.231854495268607
AT,AKC,urban,2023-06-20 05:00:00+00:00,1,12.959,14.817029382107666
AT,AKC,urban,2023-06-20 06:00:00+00:00,1,13.459,12.620228417405716
AT,AKC,urban,2023-06-20 07:00:00+00:00,1,12.03,13.515376526474867
AT,AKC,urban,2023-06-20 08:00:00+00:00,1,11.355,11.09886819230928
AT,AKC,urban,2023-06-20 09:00:00+00:00,1,10.547,10.665643546033909
AT,AKC,urban,2023-06-20 10:00:00+00:00,1,11.3435,10.184115327849721
AT,AKC,urban,2023-06-20 11:00:00+00:00,1,10.574,11.705755241019776
AT,AKC,urban,2023-06-20 12:00:00+00:00,1,10.999,9.865858494097605
AT,AKC,urban,2023-06-20 13:00:00+00:00,1,10.672,10.907453111245992
AT,AKC,urban,2023-06-20 14:00:00+00:00,1,9.933599,10.549472142504822
AT,AKC,urban,2023-06-20 15:00:00+00:00,1,9.7357,10.032683411791016
AT,AKC,urban,2023-06-20 16:00:00+00:00,1,10.691,9.996179001474015
AT,AKC,urban,2023-06-20 17:00:00+00:00,1,11.2365,10.831634409680554
AT,AKC,urban,2023-06-20 18:00:00+00:00,1,11.265,11.28113223289986
AT,AKC,urban,2023-06-20 19:00:00+00:00,1,11.664,11.628369626176955
AT,AKC,urban,2023-06-20 20:00:00+00:00,1,12.6395,11.966685143354482
AT,AKC,urban,2023-06-20 21:00:00+00:00,1,13.022,13.008476878027878
AT,AKC,urban,2023-06-20 22:00:00+00:00,1,14.057,12.787635325633762
AT,AKC,urban,2023-06-20 23:00:00+00:00,1,15.101,13.919456407996805
AT,AKC,urban,2023-06-21 00:00:00+00:00,1,15.428,14.81501661901942
AT,AKC,urban,2023-06-21 01:00:00+00:00,1,16.854,15.066176261435395
AT,AKC,urban,2023-06-21 02:00:00+00:00,1,17.76,16.288429921661496
AT,AKC,urban,2023-06-21 03:00:00+00:00,1,17.7895,17.052021124700964
AT,AKC,urban,2023-06-21 04:00:00+00:00,1,17.723,17.595938960904284
AT,AKC,urban,2023-06-21 05:00:00+00:00,1,16.5485,17.921615103419263
AT,AKC,urban,2023-06-21 06:00:00+00:00,1,17.168,16.11664165714633
AT,AKC,urban,2023-06-21 07:00:00+00:00,1,15.8255,18.089353141964686
AT,AKC,urban,2023-06-21 08:00:00+00:00,1,10.5775,14.711029540751888
AT,AKC,urban,2023-06-21 09:00:00+00:00,1,10.3745,9.128878526418571
AT,AKC,urban,2023-06-21 10:00:00+00:00,1,8.62055,9.486863224846001
AT,AKC,urban,2023-06-21 11:00:00+00:00,1,9.87265,8.2883373484181
AT,AKC,urban,2023-06-21 12:00:00+00:00,1,8.7548,9.748593513839932
AT,AKC,urban,2023-06-21 13:00:00+00:00,1,9.199649,8.7736233912394
AT,AKC,urban,2023-06-21 14:00:00+00:00,1,9.671699,9.59544593430967
AT,AKC,urban,2023-06-21 15:00:00+00:00,1,9.974199,9.887425562811305
AT,AKC,urban,2023-06-21 16:00:00+00:00,1,7.781949,10.455627399460774
AT,AKC,urban,2023-06-21 17:00:00+00:00,1,6.879899,7.864728989931859
AT,AKC,urban,2023-06-21 18:00:00+00:00,1,9.875401,7.396011861664899
AT,AKC,urban,2023-06-21 19:00:00+00:00,1,7.945899,9.971004794370266
AT,AKC,urban,2023-06-21 20:00:00+00:00,1,8.601449,8.268943095374226
AT,AKC,urban,2023-06-21 21:00:00+00:00,1,9.10535,8.856856694883682
AT,AKC,urban,2023-06-21 22:00:00+00:00,1,8.944901,9.20592466848402
AT,AKC,urban,2023-06-21 23:00:00+00:00,1,9.1716,9.201919355485522
AT,AKC,urban,2023-06-22 00:00:00+00:00,1,9.075,9.614530755832636
AT,AKC,urban,2023-06-22 01:00:00+00:00,1,9.06175,9.489689299275728
AT,AKC,urban,2023-06-22 02:00:00+00:00,1,9.57545,9.49107604018462
AT,AKC,urban,2023-06-22 03:00:00+00:00,1,9.35,10.171338632239607
AT,AKC,urban,2023-06-22 04:00:00+00:00,1,9.413049,10.339027601145062
AT,AKC,urban,2023-06-22 05:00:00+00:00,1,11.82,9.920230836883533
AT,AKC,urban,2023-06-22 06:00:00+00:00,1,14.8555,11.495876871888125
AT,AKC,urban,2023-06-22 07:00:00+00:00,1,13.098,13.884660183059747
AT,AKC,urban,2023-06-22 08:00:00+00:00,1,11.5,11.803200738593468
AT,AKC,urban,2023-06-22 09:00:00+00:00,1,10.34415,10.755182852185122
AT,AKC,urban,2023-06-22 10:00:00+00:00,1,9.8927,10.061415904121922
AT,AKC,urban,2023-06-22 11:00:00+00:00,1,9.28375,9.843606902008194
AT,AKC,urban,2023-06-22 12:00:00+00:00,1,9.40295,9.325056907707335
AT,AKC,urban,2023-06-22 13:00:00+00:00,1,10.19855,9.470477473163367
AT,AKC,urban,2023-06-22 14:00:00+00:00,1,10.812,10.04968092662715
AT,AKC,urban,2023-06-22 15:00:00+00:00,1,11.8025,10.621593492607094
AT,AKC,urban,2023-06-22 16:00:00+00:00,1,12.0645,11.68042146598615
AT,AKC,urban,2023-06-22 17:00:00+00:00,1,11.796,11.816579279821113
AT,AKC,urban,2023-06-22 18:00:00+00:00,1,12.076,12.089102855295845
AT,AKC,urban,2023-06-22 19:00:00+00:00,1,12.163,13.781554311906806
AT,AKC,urban,2023-06-22 20:00:00+00:00,1,13.3445,12.859283550177615
AT,AKC,urban,2023-06-22 21:00:00+00:00,1,14.535,12.42802144732476
AT,AKC,urban,2023-06-22 22:00:00+00:00,1,14.477,13.728891355322354
AT,AKC,urban,2023-06-22 23:00:00+00:00,1,14.6005,13.968098590790156
AT,AKC,urban,2023-06-23 00:00:00+00:00,1,16.9285,14.377468839374522
AT,AKC,urban,2023-06-23 01:00:00+00:00,1,11.8365,16.26416120196367
AT,AKC,urban,2023-06-23 02:00:00+00:00,1,9.75255,11.031199112448881
AT,AKC,urban,2023-06-23 03:00:00+00:00,1,10.798,9.501022943129339
AT,AKC,urban,2023-06-23 04:00:00+00:00,1,12.0585,10.561779408571748
AT,AKC,urban,2023-06-23 05:00:00+00:00,1,12.6125,12.00505693535808
AT,AKC,urban,2023-06-23 06:00:00+00:00,1,10.491,12.438064233014732
AT,AKC,urban,2023-06-23 07:00:00+00:00,1,10.69505,10.758907163442448
AT,AKC,urban,2023-06-23 08:00:00+00:00,1,6.184599,11.538411961585407
AT,AKC,urban,2023-06-23 09:00:00+00:00,1,5.4063,6.34330878022174
AT,AKC,urban,2023-06-23 10:00:00+00:00,1,6.66435,4.668436835608087
AT,AKC,urban,2023-06-23 11:00:00+00:00,1,5.209349,6.396123648059746
AT,AKC,urban,2023-06-23 12:00:00+00:00,1,4.25635,5.478479139964126
AT,AKC,urban,2023-06-23 13:00:00+00:00,1,6.173049,3.936422864301832
AT,AKC,urban,2023-06-23 14:00:00+00:00,1,6.69495,5.726353740016208
AT,AKC,urban,2023-06-23 15:00:00+00:00,1,8.33135,6.597344052440292
AT,AKC,urban,2023-06-23 16:00:00+00:00,1,8.5402,7.97204268161461
AT,AKC,urban,2023-06-23 17:00:00+00:00,1,9.14195,8.364133162752523
AT,AKC,urban,2023-06-23 18:00:00+00:00,1,8.828449,8.850299982887886
AT,AKC,urban,2023-06-23 19:00:00+00:00,1,8.457799,8.722631008455444
AT,AKC,urban,2023-06-23 20:00:00+00:00,1,8.007499,8.428401437491633
AT,AKC,urban,2023-06-23 21:00:00+00:00,1,4.49375,7.922883046105451
AT,AKC,urban,2023-06-23 22:00:00+00:00,1,2.870899,4.49138702088003
AT,AKC,urban,2023-06-23 23:00:00+00:00,1,2.450049,2.9835735096379707
AT,AKC,urban,2023-06-24 00:00:00+00:00,1,2.908349,2.720288664770983
AT,AKC,urban,2023-06-24 01:00:00+00:00,1,3.12295,2.908701243029263
AT,AKC,urban,2023-06-24 02:00:00+00:00,1,2.865849,3.1109222645428325
AT,AKC,urban,2023-06-24 03:00:00+00:00,1,1.439249,2.9441324284704855
AT,AKC,urban,2023-06-24 04:00:00+00:00,1,1.202199,1.4698465910426535
AT,AKC,urban,2023-06-24 05:00:00+00:00,1,0.967164,1.2731056370174905
AT,AKC,urban,2023-06-24 06:00:00+00:00,1,1.901499,0.9934324035069331
AT,AKC,urban,2023-06-24 07:00:00+00:00,1,2.86975,1.708862352947321
AT,AKC,urban,2023-06-24 08:00:00+00:00,1,3.10645,2.4455138291667424
AT,AKC,urban,2023-06-24 09:00:00+00:00,1,4.086949,2.9486187802664325
AT,AKC,urban,2023-06-24 10:00:00+00:00,1,6.18125,3.994831126727888
AT,AKC,urban,2023-06-24 11:00:00+00:00,1,6.78945,5.513539853619687
AT,AKC,urban,2023-06-24 12:00:00+00:00,1,7.6632,6.293504283792355
AT,AKC,urban,2023-06-24 13:00:00+00:00,1,7.7971,7.338034466637403
AT,AKC,urban,2023-06-24 14:00:00+00:00,1,7.76395,7.420765084354397
AT,AKC,urban,2023-06-24 15:00:00+00:00,1,7.200799,7.489603612549374
AT,AKC,urban,2023-06-24 16:00:00+00:00,1,6.943799,6.94717332124085
AT,AKC,urban,2023-06-24 17:00:00+00:00,1,6.8646,6.783678856293967
AT,AKC,urban,2023-06-24 18:00:00+00:00,1,6.6886,6.744905053485422
AT,AKC,urban,2023-06-24 19:00:00+00:00,1,6.731849,6.704946472316195
AT,AKC,urban,2023-06-24 20:00:00+00:00,1,6.83955,6.772984196705934
AT,AKC,urban,2023-06-24 21:00:00+00:00,1,6.81505,6.927931957094703
AT,AKC,urban,2023-06-24 22:00:00+00:00,1,7.214499,6.813218419025564
AT,AKC,urban,2023-06-24 23:00:00+00:00,1,7.8951,7.125466622629553
AT,AKC,urban,2023-06-25 00:00:00+00:00,1,8.669099,7.486381415054982
AT,AKC,urban,2023-06-25 01:00:00+00:00,1,9.639749,8.30020799631312
AT,AKC,urban,2023-06-25 02:00:00+00:00,1,10.1585,8.97583749069798
AT,AKC,urban,2023-06-25 03:00:00+00:00,1,10.181,9.57188957149943
AT,AKC,urban,2023-06-25 04:00:00+00:00,1,10.0876,9.626998194811968
AT,AKC,urban,2023-06-25 05:00:00+00:00,1,8.58675,9.663444234036096
AT,AKC,urban,2023-06-25 06:00:00+00:00,1,8.07385,8.258355574191182
AT,AKC,urban,2023-06-25 07:00:00+00:00,1,8.118499,7.844761096395587
AT,AKC,urban,2023-06-25 08:00:00+00:00,1,7.459799,7.9256397699432455
AT,AKC,urban,2023-06-25 09:00:00+00:00,1,8.0536,7.391327766920938
AT,AKC,urban,2023-06-25 10:00:00+00:00,1,7.8822,7.918856692882638
AT,AKC,urban,2023-06-25 11:00:00+00:00,1,7.284549,7.754972073408904
AT,AKC,urban,2023-06-25 12:00:00+00:00,1,6.76045,7.267378255524211
AT,AKC,urban,2023-06-25 13:00:00+00:00,1,6.741049,6.8723592838625684
AT,AKC,urban,2023-06-25 14:00:00+00:00,1,6.45975,6.878214136281525
AT,AKC,urban,2023-06-25 15:00:00+00:00,1,6.02925,6.694232513402074
AT,AKC,urban,2023-06-25 16:00:00+00:00,1,5.680649,6.325180809091933
AT,AKC,urban,2023-06-25 17:00:00+00:00,1,5.5479,6.175079370218665
AT,AKC,urban,2023-06-25 18:00:00+00:00,1,7.2325,6.405753445467685
AT,AKC,urban,2023-06-25 19:00:00+00:00,1,8.130899,8.06021314961372
AT,AKC,urban,2023-06-25 20:00:00+00:00,1,8.013099,8.824436271823405
AT,AKC,urban,2023-06-25 21:00:00+00:00,1,7.747,8.4329311002395
AT,AKC,urban,2023-06-25 22:00:00+00:00,1,7.56325,7.793307428332334
AT,AKC,urban,2023-06-25 23:00:00+00:00,1,6.971549,7.573932810014892
AT,AKC,urban,2023-06-26 00:00:00+00:00,1,6.770249,6.917683774842889
AT,AKC,urban,2023-06-26 01:00:00+00:00,1,6.442049,7.040774400749779
AT,AKC,urban,2023-06-26 02:00:00+00:00,1,6.6542,6.725953981904954
AT,AKC,urban,2023-06-26 03:00:00+00:00,1,7.665249,7.13122477608918
AT,AKC,urban,2023-06-26 04:00:00+00:00,1,8.14125,8.734721627150627
AT,AKC,urban,2023-06-26 05:00:00+00:00,1,5.23075,9.226358828107454
AT,AKC,urban,2023-06-26 06:00:00+00:00,1,4.936149,4.417785950245854
AT,AKC,urban,2023-06-26 07:00:00+00:00,1,5.02295,4.834628929176343
AT,AKC,urban,2023-06-26 08:00:00+00:00,1,5.1386,4.796975490997241
AT,AKC,urban,2023-06-26 09:00:00+00:00,1,4.760649,5.182817451650578
AT,AKC,urban,2023-06-26 10:00:00+00:00,1,4.270699,4.807355232733162
AT,AKC,urban,2023-06-26 11:00:00+00:00,1,4.44575,4.436632732915566
AT,AKC,urban,2023-06-26 12:00:00+00:00,1,5.09745,4.463914403682164
AT,AKC,urban,2023-06-26 13:00:00+00:00,1,6.25635,5.017448956786698
AT,AKC,urban,2023-06-26 14:00:00+00:00,1,6.3968,6.1043999270677
AT,AKC,urban,2023-06-26 15:00:00+00:00,1,6.3007,6.204957620039362
AT,AKC,urban,2023-06-26 16:00:00+00:00,1,6.401299,6.398080489898327
AT,AKC,urban,2023-06-26 17:00:00+00:00,1,6.677,6.504033549092089
AT,AKC,urban,2023-06-26 18:00:00+00:00,1,6.26585,7.07120439141303
AT,AKC,urban,2023-06-26 19:00:00+00:00,1,6.54395,6.605581729671872
AT,AKC,urban,2023-06-26 20:00:00+00:00,1,6.645,7.15354692524885
AT,AKC,urban,2023-06-26 21:00:00+00:00,1,7.767749,6.907396394394997
AT,AKC,urban,2023-06-26 22:00:00+00:00,1,8.72195,8.053153627235801
AT,AKC,urban,2023-06-26 23:00:00+00:00,1,9.61565,8.013429998466052
AT,AKC,urban,2023-06-27 00:00:00+00:00,1,8.6925,8.41955118423904
AT,AKC,urban,2023-06-27 01:00:00+00:00,1,8.0668,8.044715963903837
AT,AKC,urban,2023-06-27 02:00:00+00:00,1,8.725199,7.146573322188818
AT,AKC,urban,2023-06-27 03:00:00+00:00,1,10.09355,8.141521373790884
AT,AKC,urban,2023-06-27 04:00:00+00:00,1,11.8,9.621504200107978
AT,AKC,urban,2023-06-27 05:00:00+00:00,1,9.191049,11.705689421673526
AT,AKC,urban,2023-06-27 06:00:00+00:00,1,9.402,8.973367149468633
AT,AKC,urban,2023-06-27 07:00:00+00:00,1,9.9393,8.849220529287695
AT,AKC,urban,2023-06-27 08:00:00+00:00,1,8.893099,9.761364503845865
AT,AKC,urban,2023-06-27 09:00:00+00:00,1,10.35275,8.072409253342382
AT,AKC,urban,2023-06-27 10:00:00+00:00,1,10.6945,9.945161103085347
AT,AKC,urban,2023-06-27 11:00:00+00:00,1,6.058599,10.196905919353103
AT,AKC,urban,2023-06-27 12:00:00+00:00,1,5.102,6.180266251445026
AT,AKC,urban,2023-06-27 13:00:00+00:00,1,5.41195,4.706277730122849
AT,AKC,urban,2023-06-27 14:00:00+00:00,1,4.572999,5.52413131345639
AT,AKC,urban,2023-06-27 15:00:00+00:00,1,3.828749,5.093780901815979
AT,AKC,urban,2023-06-27 16:00:00+00:00,1,3.670199,4.077919574436137
AT,AKC,urban,2023-06-27 17:00:00+00:00,1,4.370749,4.141282910325607
AT,AKC,urban,2023-06-27 18:00:00+00:00,1,4.2181,4.903779318149262
AT,AKC,urban,2023-06-27 19:00:00+00:00,1,4.202199,4.57479513393902
AT,AKC,urban,2023-06-27 20:00:00+00:00,1,4.10375,4.681534570213319
AT,AKC,urban,2023-06-27 21:00:00+00:00,1,3.519249,4.64506179209371
AT,AKC,urban,2023-06-27 22:00:00+00:00,1,2.95035,3.686318098545282
AT,AKC,urban,2023-06-27 23:00:00+00:00,1,2.8645,3.268111615347202
AT,AKC,urban,2023-06-28 00:00:00+00:00,1,2.74635,3.182291828278345
AT,AKC,urban,2023-06-28 01:00:00+00:00,1,2.966249,3.121687658921882
AT,AKC,urban,2023-06-28 02:00:00+00:00,1,3.89555,3.2515943852935756
AT,AKC,urban,2023-06-28 03:00:00+00:00,1,3.9254,4.007268786613359
AT,AKC,urban,2023-06-28 04:00:00+00:00,1,3.501299,4.369133107108105
AT,AKC,urban,2023-06-28 05:00:00+00:00,1,3.495049,4.002081710078098
AT,AKC,urban,2023-06-28 06:00:00+00:00,1,4.97945,3.6391265573998233
AT,AKC,urban,2023-06-28 07:00:00+00:00,1,4.1496,4.5823920887552205
AT,AKC,urban,2023-06-28 08:00:00+00:00,1,5.217549,4.0566482989971355
AT,AKC,urban,2023-06-28 09:00:00+00:00,1,4.45925,5.226794942012226
AT,AKC,urban,2023-06-28 10:00:00+00:00,1,5.424599,4.1340941062975425
AT,AKC,urban,2023-06-28 11:00:00+00:00,1,4.990499,5.195803368190347
AT,AKC,urban,2023-06-28 12:00:00+00:00,1,4.181099,4.753021430385903
AT,AKC,urban,2023-06-28 13:00:00+00:00,1,3.87825,3.9414782697654758
AT,AKC,urban,2023-06-28 14:00:00+00:00,1,4.074599,3.872141736078021
AT,AKC,urban,2023-06-28 15:00:00+00:00,1,3.676799,4.234512102430877
AT,AKC,urban,2023-06-28 16:00:00+00:00,1,3.768449,3.8859169080737495
AT,AKC,urban,2023-06-28 17:00:00+00:00,1,3.98565,4.056494870700682
AT,AKC,urban,2023-06-28 18:00:00+00:00,1,4.34025,4.425690783396654
AT,AKC,urban,2023-06-28 19:00:00+00:00,1,4.1981,4.666732912633744
AT,AKC,urban,2023-06-28 20:00:00+00:00,1,5.001099,4.58350697296844
AT,AKC,urban,2023-06-28 21:00:00+00:00,1,5.509149,5.069938158328309
AT,AKC,urban,2023-06-28 22:00:00+00:00,1,5.08365,5.804598411046339
AT,AKC,urban,2023-06-28 23:00:00+00:00,1,4.9203,5.158120623300935
AT,AKC,urban,2023-06-29 00:00:00+00:00,1,4.619899,5.0395555561423215
AT,AKC,urban,2023-06-29 01:00:00+00:00,1,4.864099,4.701342659320858
AT,AKC,urban,2023-06-29 02:00:00+00:00,1,5.286999,5.094819750428602
AT,AKC,urban,2023-06-29 03:00:00+00:00,1,5.504399,5.336128505336497
AT,AKC,urban,2023-06-29 04:00:00+00:00,1,5.8905,5.915681723796219
AT,AKC,urban,2023-06-29 05:00:00+00:00,1,5.04125,5.9530498758138
AT,AKC,urban,2023-06-29 06:00:00+00:00,1,4.647399,4.836290286801194
AT,AKC,urban,2023-06-29 07:00:00+00:00,1,4.179749,4.426405638787212
AT,AKC,urban,2023-06-29 08:00:00+00:00,1,4.35375,3.8892590897048684
AT,AKC,urban,2023-06-29 09:00:00+00:00,1,4.2297,4.2008282988797205
AT,AKC,urban,2023-06-29 10:00:00+00:00,1,4.117899,4.224807202505605
AT,AKC,urban,2023-06-29 11:00:00+00:00,1,4.48985,4.110754820934048
AT,AKC,urban,2023-06-29 12:00:00+00:00,1,4.1526,4.846398818664568
AT,AKC,urban,2023-06-29 13:00:00+00:00,1,3.800849,4.548340834981332
AT,AKC,urban,2023-06-29 14:00:00+00:00,1,4.044549,3.857287355495398
AT,AKC,urban,2023-06-29 15:00:00+00:00,1,4.927949,4.445451918014882
AT,AKC,urban,2023-06-29 16:00:00+00:00,1,4.743149,5.327517432594796
AT,AKC,urban,2023-06-29 17:00:00+00:00,1,4.8284,5.2394075803746745
AT,AKC,urban,2023-06-29 18:00:00+00:00,1,5.65575,5.3369672357937645
AT,AKC,urban,2023-06-29 19:00:00+00:00,1,6.267,6.600933686014496
AT,AKC,urban,2023-06-29 20:00:00+00:00,1,6.34885,7.293882967772365
AT,AKC,urban,2023-06-29 21:00:00+00:00,1,6.0303,6.701249344885962
AT,AKC,urban,2023-06-29 22:00:00+00:00,1,6.845499,5.887124306559603
AT,AKC,urban,2023-06-29 23:00:00+00:00,1,7.10265,7.4049136288251525
AT,AKC,urban,2023-06-30 00:00:00+00:00,1,8.17745,7.201609708847268
AT,AKC,urban,2023-06-30 01:00:00+00:00,1,9.5747,8.269667585036803
AT,AKC,urban,2023-06-30 02:00:00+00:00,1,9.017749,9.38542621568508
AT,AKC,urban,2023-06-30 03:00:00+00:00,1,9.393199,8.580823916599208
AT,AKC,urban,2023-06-30 04:00:00+00:00,1,9.9397,9.531392893539717
AT,AKC,urban,2023-06-30 05:00:00+00:00,1,9.01035,10.196034981906855
AT,AKC,urban,2023-06-30 06:00:00+00:00,1,9.931699,8.967388365697857
AT,AKC,urban,2023-06-30 07:00:00+00:00,1,10.366,9.442330964286551
AT,AKC,urban,2023-06-30 08:00:00+00:00,1,10.1179,9.741084375467292
AT,AKC,urban,2023-06-30 09:00:00+00:00,1,8.54215,9.555560948995844
AT,AKC,urban,2023-06-30 10:00:00+00:00,1,7.65415,7.8914352180470715
AT,AKC,urban,2023-06-30 11:00:00+00:00,1,6.646399,7.035856743197716
AT,AKC,urban,2023-06-30 12:00:00+00:00,1,5.987999,6.477520260438705
AT,AKC,urban,2023-06-30 13:00:00+00:00,1,5.5767,5.877405700900411
AT,AKC,urban,2023-06-30 14:00:00+00:00,1,6.137249,5.65028498833038
AT,AKC,urban,2023-06-30 15:00:00+00:00,1,6.3611,6.302560482225839
AT,AKC,urban,2023-06-30 16:00:00+00:00,1,8.9521,6.547736600417238
AT,AKC,urban,2023-06-30 17:00:00+00:00,1,6.13475,8.629392972676179
AT,AKC,urban,2023-06-30 18:00:00+00:00,1,7.52155,4.8248984159336885
AT,AKC,urban,2023-06-30 19:00:00+00:00,1,9.54355,7.552089628270281
AT,AKC,urban,2023-06-30 20:00:00+00:00,1,10.186,9.220778919158594
AT,AKC,urban,2023-07-01 02:00:00+00:00,1,13.664,11.540403480207669
AT,AKC,urban,2023-07-01 05:00:00+00:00,1,13.853,14.670339339978849
AT,AKC,urban,2023-07-01 06:00:00+00:00,1,13.109,13.027807275067133
AT,AKC,urban,2023-07-01 07:00:00+00:00,1,14.9575,12.347210676268809
AT,AKC,urban,2023-07-01 08:00:00+00:00,1,13.4395,13.666268127730671
AT,AKC,urban,2023-07-01 11:00:00+00:00,1,12.7135,11.307090502791251
AT,AKC,urban,2023-07-01 12:00:00+00:00,1,12.584,11.992708841461248
AT,AKC,urban,2023-07-01 13:00:00+00:00,1,9.600299,11.950457583211598
AT,AKC,urban,2023-07-01 14:00:00+00:00,1,7.674349,9.355295945264938
AT,AKC,urban,2023-07-01 15:00:00+00:00,1,6.88905,7.62580375235385
AT,AKC,urban,2023-07-01 16:00:00+00:00,1,6.4482,6.967811100962599
AT,AKC,urban,2023-07-01 17:00:00+00:00,1,6.024149,6.665213920910716
AT,AKC,urban,2023-07-01 18:00:00+00:00,1,5.740499,6.349665147845627
AT,AKC,urban,2023-07-01 19:00:00+00:00,1,5.41755,6.11837065842041
AT,AKC,urban,2023-07-01 20:00:00+00:00,1,4.8478,5.734795188959531
AT,AKC,urban,2023-07-01 23:00:00+00:00,1,4.274449,4.728927351054963
AT,AKC,urban,2023-07-02 00:00:00+00:00,1,4.157249,4.41778126987527
AT,AKC,urban,2023-07-02 01:00:00+00:00,1,4.607399,4.357795963015217
AT,AKC,urban,2023-07-02 02:00:00+00:00,1,5.482549,4.760951116304902
AT,AKC,urban,2023-07-02 03:00:00+00:00,1,5.22765,5.366779250051433
AT,AKC,urban,2023-07-02 04:00:00+00:00,1,4.6975,5.207763625699236
AT,AKC,urban,2023-07-02 05:00:00+00:00,1,4.876699,4.670286587091123
AT,AKC,urban,2023-07-02 06:00:00+00:00,1,3.995999,4.805384038999197
AT,AKC,urban,2023-07-02 07:00:00+00:00,1,4.3178,3.913708305470699
AT,AKC,urban,2023-07-02 08:00:00+00:00,1,4.557849,4.10929189850679
AT,AKC,urban,2023-07-02 09:00:00+00:00,1,4.0887,4.3307646109682025
AT,AKC,urban,2023-07-02 10:00:00+00:00,1,4.266599,3.9439484543946115
AT,AKC,urban,2023-07-02 11:00:00+00:00,1,4.03765,3.9951611531079365
AT,AKC,urban,2023-07-02 12:00:00+00:00,1,3.928699,3.8657852545557603
AT,AKC,urban,2023-07-02 13:00:00+00:00,1,3.482599,3.832388177861805
AT,AKC,urban,2023-07-02 14:00:00+00:00,1,3.661049,3.4466613513584683
AT,AKC,urban,2023-07-02 15:00:00+00:00,1,4.39965,3.6043010636419055
AT,AKC,urban,2023-07-02 16:00:00+00:00,1,5.152,4.275490312340434
AT,AKC,urban,2023-07-02 17:00:00+00:00,1,5.66335,4.9112221695761455
AT,AKC,urban,2023-07-02 18:00:00+00:00,1,5.776849,5.501413485832174
AT,AKC,urban,2023-07-02 19:00:00+00:00,1,6.116399,5.867001595537044
AT,AKC,urban,2023-07-02 20:00:00+00:00,1,6.899549,6.091498796989583
AT,AKC,urban,2023-07-02 21:00:00+00:00,1,7.532649,6.638694849145093
AT,AKC,urban,2023-07-02 22:00:00+00:00,1,8.048749,6.930276622029453
AT,AKC,urban,2023-07-02 23:00:00+00:00,1,8.784,7.378917912632797
AT,AKC,urban,2023-07-03 00:00:00+00:00,1,9.299699,8.320886355723832
AT,AKC,urban,2023-07-03 01:00:00+00:00,1,9.792799,8.70109610574864
AT,AKC,urban,2023-07-03 02:00:00+00:00,1,10.2935,9.6776675186928
AT,AKC,urban,2023-07-03 03:00:00+00:00,1,10.878,10.100779473317498
AT,AKC,urban,2023-07-03 04:00:00+00:00,1,11.1528,10.73047354037374
AT,AKC,urban,2023-07-03 05:00:00+00:00,1,8.57295,11.349180834361146
AT,AKC,urban,2023-07-03 06:00:00+00:00,1,9.0625,7.371723269091664
AT,AKC,urban,2023-07-03 07:00:00+00:00,1,15.328,8.281395494392882
AT,AKC,urban,2023-07-03 08:00:00+00:00,1,12.375,13.279976147970729
AT,AKC,urban,2023-07-03 09:00:00+00:00,1,9.997499,10.852231948654893
AT,AKC,urban,2023-07-03 10:00:00+00:00,1,11.2125,9.15603099105402
AT,AKC,urban,2023-07-03 11:00:00+00:00,1,11.3655,11.054894568224096
AT,AKC,urban,2023-07-03 12:00:00+00:00,1,11.4205,10.134340634398566
AT,AKC,urban,2023-07-03 13:00:00+00:00,1,9.709899,11.152467981445302
AT,AKC,urban,2023-07-03 14:00:00+00:00,1,9.5081,9.386260969661123
AT,AKC,urban,2023-07-03 15:00:00+00:00,1,9.3075,8.876137190740245
AT,AKC,urban,2023-07-03 16:00:00+00:00,1,9.61445,8.935549610960717
AT,AKC,urban,2023-07-03 17:00:00+00:00,1,9.8723,9.467944917801002
AT,AKC,urban,2023-07-03 18:00:00+00:00,1,10.5405,9.942620327953449
AT,AKC,urban,2023-07-03 19:00:00+00:00,1,10.897,10.922031687304148
AT,AKC,urban,2023-07-03 20:00:00+00:00,1,10.0945,11.127063314321468
AT,AKC,urban,2023-07-03 21:00:00+00:00,1,9.7126,10.136156550646547
AT,AKC,urban,2023-07-03 22:00:00+00:00,1,9.0333,9.724118120076657
AT,AKC,urban,2023-07-03 23:00:00+00:00,1,8.7357,9.003885344125255
AT,AKC,urban,2023-07-04 00:00:00+00:00,1,8.769199,8.572933840923199
AT,AKC,urban,2023-07-04 01:00:00+00:00,1,9.154449,8.679030786657556
AT,AKC,urban,2023-07-04 02:00:00+00:00,1,10.287,9.055665589742969
AT,AKC,urban,2023-07-04 03:00:00+00:00,1,11.0405,10.166193067047011
AT,AKC,urban,2023-07-04 04:00:00+00:00,1,9.153249,11.817993331243358
AT,AKC,urban,2023-07-04 05:00:00+00:00,1,6.027099,9.70520343417504
AT,AKC,urban,2023-07-04 06:00:00+00:00,1,5.997799,5.902182910604335
AT,AKC,urban,2023-07-04 07:00:00+00:00,1,7.2444,6.499978248260213
AT,AKC,urban,2023-07-04 08:00:00+00:00,1,9.7802,7.106227324511991
AT,AKC,urban,2023-07-04 09:00:00+00:00,1,8.6259,9.783232599116978
AT,AKC,urban,2023-07-04 10:00:00+00:00,1,7.955249,7.349945792754582
AT,AKC,urban,2023-07-04 11:00:00+00:00,1,7.270649,8.381113580854542
AT,AKC,urban,2023-07-04 12:00:00+00:00,1,6.40235,7.487618478684251
AT,AKC,urban,2023-07-04 13:00:00+00:00,1,4.358649,7.184095433096434
AT,AKC,urban,2023-07-04 14:00:00+00:00,1,3.335,4.6510317101881675
AT,AKC,urban,2023-07-04 15:00:00+00:00,1,2.9347,3.040194496982725
AT,AKC,urban,2023-07-04 16:00:00+00:00,1,5.36455,2.948222307992829
AT,AKC,urban,2023-07-04 17:00:00+00:00,1,7.442999,5.336923467200872
AT,AKC,urban,2023-07-04 18:00:00+00:00,1,7.959699,7.168808588035418
AT,AKC,urban,2023-07-04 19:00:00+00:00,1,8.68,8.391490374515666
AT,AKC,urban,2023-07-04 20:00:00+00:00,1,8.68745,9.744241153990615
AT,AKC,urban,2023-07-04 21:00:00+00:00,1,8.538099,9.086211128058075
AT,AKC,urban,2023-07-04 22:00:00+00:00,1,8.44165,8.846825822439513
AT,AKC,urban,2023-07-04 23:00:00+00:00,1,8.8343,8.500694562325307
AT,AKC,urban,2023-07-05 00:00:00+00:00,1,9.443849,9.217832409895635
AT,AKC,urban,2023-07-05 01:00:00+00:00,1,9.3605,9.883111441300361
AT,AKC,urban,2023-07-05 02:00:00+00:00,1,9.903699,9.712664235799373
AT,AKC,urban,2023-07-05 03:00:00+00:00,1,9.3091,10.287873805284605
AT,AKC,urban,2023-07-05 04:00:00+00:00,1,8.42365,9.13293169412312
AT,AKC,urban,2023-07-05 05:00:00+00:00,1,7.988349,8.632151899604096
AT,AKC,urban,2023-07-05 06:00:00+00:00,1,7.80745,7.526134517988073
AT,AKC,urban,2023-07-05 07:00:00+00:00,1,8.342249,7.959779214873382
AT,AKC,urban,2023-07-05 08:00:00+00:00,1,6.8951,7.804292148484741
AT,AKC,urban,2023-07-05 09:00:00+00:00,1,5.554949,6.431188614474994
AT,AKC,urban,2023-07-05 10:00:00+00:00,1,5.6489,5.212326906688382
AT,AKC,urban,2023-07-05 11:00:00+00:00,1,13.1074,5.562221753518987
AT,AKC,urban,2023-07-05 12:00:00+00:00,1,7.184599,11.754537461074687
AT,AKC,urban,2023-07-05 13:00:00+00:00,1,4.9012,6.632178376729573
AT,AKC,urban,2023-07-05 14:00:00+00:00,1,4.6173,4.751715806283574
AT,AKC,urban,2023-07-05 15:00:00+00:00,1,3.53875,4.6592442838322405
AT,AKC,urban,2023-07-05 16:00:00+00:00,1,2.824599,3.549290798639589
AT,AKC,urban,2023-07-05 17:00:00+00:00,1,3.1335,2.622839811544175
AT,AKC,urban,2023-07-05 18:00:00+00:00,1,3.47845,3.665324917881417
AT,AKC,urban,2023-07-05 19:00:00+00:00,1,3.20105,4.132590492182899
AT,AKC,urban,2023-07-05 20:00:00+00:00,1,2.944849,3.726462836507185
AT,AKC,urban,2023-07-05 21:00:00+00:00,1,2.798799,3.3015359180827986
AT,AKC,urban,2023-07-05 22:00:00+00:00,1,2.812749,2.9618759725390653
AT,AKC,urban,2023-07-05 23:00:00+00:00,1,2.711649,2.910437714166985
AT,AKC,urban,2023-07-06 00:00:00+00:00,1,2.758549,2.864344372191937
AT,AKC,urban,2023-07-06 01:00:00+00:00,1,2.8719,3.1456271443864736
AT,AKC,urban,2023-07-06 02:00:00+00:00,1,3.302999,3.1378145279923118
AT,AKC,urban,2023-07-06 03:00:00+00:00,1,3.712699,3.309608808425569
AT,AKC,urban,2023-07-06 04:00:00+00:00,1,4.623149,4.162199402362596
AT,AKC,urban,2023-07-06 05:00:00+00:00,1,4.3817,5.545782076842709
AT,AKC,urban,2023-07-06 06:00:00+00:00,1,4.4729,4.339862582542899
AT,AKC,urban,2023-07-06 07:00:00+00:00,1,4.804699,4.42357739313595
AT,AKC,urban,2023-07-06 08:00:00+00:00,1,5.2009,4.67203933160064
AT,AKC,urban,2023-07-06 09:00:00+00:00,1,4.15775,4.865492934532639
AT,AKC,urban,2023-07-06 10:00:00+00:00,1,4.451049,4.216605294262489
AT,AKC,urban,2023-07-06 11:00:00+00:00,1,4.1282,4.435061493124611
AT,AKC,urban,2023-07-06 12:00:00+00:00,1,4.163849,3.6652003825500614
AT,AKC,urban,2023-07-06 13:00:00+00:00,1,3.96285,4.191286853504927
AT,AKC,urban,2023-07-06 14:00:00+00:00,1,4.224999,4.2562214248871975
AT,AKC,urban,2023-07-06 15:00:00+00:00,1,4.204799,4.505514134445164
AT,AKC,urban,2023-07-06 16:00:00+00:00,1,4.425299,4.357669225120706
AT,AKC,urban,2023-07-06 17:00:00+00:00,1,4.99425,4.823260819831496
AT,AKC,urban,2023-07-06 18:00:00+00:00,1,5.3184,5.741562140434134
AT,AKC,urban,2023-07-06 19:00:00+00:00,1,6.12975,5.346705119768778
AT,AKC,urban,2023-07-06 20:00:00+00:00,1,6.660699,6.888540951843041
AT,AKC,urban,2023-07-06 21:00:00+00:00,1,6.432499,7.970965558271164
AT,AKC,urban,2023-07-06 22:00:00+00:00,1,6.2783,5.776355281966808
AT,AKC,urban,2023-07-06 23:00:00+00:00,1,6.1331,5.928238506117278
AT,AKC,urban,2023-07-07 00:00:00+00:00,1,6.148699,5.892863064448921
AT,AKC,urban,2023-07-07 01:00:00+00:00,1,6.222149,6.255115217241425
AT,AKC,urban,2023-07-07 02:00:00+00:00,1,6.776149,6.371596793949955
AT,AKC,urban,2023-07-07 03:00:00+00:00,1,8.471199,7.269148043910317
AT,AKC,urban,2023-07-07 04:00:00+00:00,1,7.663399,9.539270151774843
AT,AKC,urban,2023-07-07 05:00:00+00:00,1,6.442199,7.261696197220232
AT,AKC,urban,2023-07-07 06:00:00+00:00,1,5.978,5.8368991926291365
AT,AKC,urban,2023-07-07 07:00:00+00:00,1,5.9397,5.662825669501245
AT,AKC,urban,2023-07-07 08:00:00+00:00,1,5.0037,5.859722027759965
AT,AKC,urban,2023-07-07 09:00:00+00:00,1,4.182899,4.9471688328383046
AT,AKC,urban,2023-07-07 10:00:00+00:00,1,3.81515,4.2565770174734325
AT,AKC,urban,2023-07-07 11:00:00+00:00,1,4.0601,3.959190784623175
AT,AKC,urban,2023-07-07 12:00:00+00:00,1,3.783499,4.353785794339281
AT,AKC,urban,2023-07-07 13:00:00+00:00,1,3.61985,4.158506476662119
AT,AKC,urban,2023-07-07 14:00:00+00:00,1,3.675899,4.074972464868463
AT,AKC,urban,2023-07-07 15:00:00+00:00,1,3.859649,4.257725794233124
AT,AKC,urban,2023-07-07 16:00:00+00:00,1,4.163649,4.454774980910688
AT,AKC,urban,2023-07-07 17:00:00+00:00,1,4.549099,4.673839541210473
AT,AKC,urban,2023-07-07 18:00:00+00:00,1,5.76865,5.107045349242842
AT,AKC,urban,2023-07-07 19:00:00+00:00,1,6.70055,6.714429257405829
AT,AKC,urban,2023-07-07 20:00:00+00:00,1,6.81305,7.045215455094759
AT,AKC,urban,2023-07-07 23:00:00+00:00,1,7.247099,8.001101166105084
AT,AKC,urban,2023-07-08 00:00:00+00:00,1,7.39715,7.21742640165505
AT,AKC,urban,2023-07-08 01:00:00+00:00,1,7.0847,7.69504650257651
AT,AKC,urban,2023-07-08 02:00:00+00:00,1,7.59665,6.696967824424593
AT,AKC,urban,2023-07-08 03:00:00+00:00,1,8.68085,7.624036493829845
AT,AKC,urban,2023-07-08 04:00:00+00:00,1,9.102649,9.014155025688463
AT,AKC,urban,2023-07-08 05:00:00+00:00,1,8.300699,9.506756678976636
AT,AKC,urban,2023-07-08 06:00:00+00:00,1,7.846149,8.235546220514674
AT,AKC,urban,2023-07-08 07:00:00+00:00,1,6.942649,7.160886326987601
AT,AKC,urban,2023-07-08 08:00:00+00:00,1,5.963049,6.446976404001653
AT,AKC,urban,2023-07-08 09:00:00+00:00,1,5.54955,5.793087257261849
AT,AKC,urban,2023-07-08 10:00:00+00:00,1,5.2466,5.713707803194403
AT,AKC,urban,2023-07-08 11:00:00+00:00,1,4.654799,5.45140890708327
AT,AKC,urban,2023-07-08 12:00:00+00:00,1,4.581749,5.070006276568908
AT,AKC,urban,2023-07-08 13:00:00+00:00,1,4.528149,4.943512130000421
AT,AKC,urban,2023-07-08 14:00:00+00:00,1,4.7342,5.040072123115468
AT,AKC,urban,2023-07-08 15:00:00+00:00,1,4.8522,5.247043893954604
AT,AKC,urban,2023-07-08 16:00:00+00:00,1,4.8231,5.375032956229688
AT,AKC,urban,2023-07-08 17:00:00+00:00,1,5.13135,5.387880566635925
AT,AKC,urban,2023-07-08 18:00:00+00:00,1,6.07205,5.706107199388288
AT,AKC,urban,2023-07-08 19:00:00+00:00,1,7.18605,6.9293819798474665
AT,AKC,urban,2023-07-08 20:00:00+00:00,1,8.3523,8.309941775921835
AT,AKC,urban,2023-07-08 21:00:00+00:00,1,8.567449,9.93693874643225
AT,AKC,urban,2023-07-08 22:00:00+00:00,1,8.412799,9.175821816453645
AT,AKC,urban,2023-07-08 23:00:00+00:00,1,8.3118,8.44395740411662
AT,AKC,urban,2023-07-09 00:00:00+00:00,1,7.967149,8.370161477280863
AT,AKC,urban,2023-07-09 01:00:00+00:00,1,8.39295,7.472438426118622
AT,AKC,urban,2023-07-09 02:00:00+00:00,1,8.8604,8.281520746347507
AT,AKC,urban,2023-07-09 03:00:00+00:00,1,9.03445,8.754789656181028
AT,AKC,urban,2023-07-09 04:00:00+00:00,1,9.04655,9.184815157435963
AT,AKC,urban,2023-07-09 05:00:00+00:00,1,8.151,8.942005298632996
AT,AKC,urban,2023-07-09 06:00:00+00:00,1,7.96765,7.955218527842014
AT,AKC,urban,2023-07-09 07:00:00+00:00,1,7.43805,7.772507769808193
AT,AKC,urban,2023-07-09 08:00:00+00:00,1,6.1891,6.825925148774122
AT,AKC,urban,2023-07-09 09:00:00+00:00,1,6.331749,5.905193378298083
AT,AKC,urban,2023-07-09 10:00:00+00:00,1,5.98985,6.261899862294577
AT,AKC,urban,2023-07-09 11:00:00+00:00,1,4.33605,5.983488519866366
AT,AKC,urban,2023-07-09 12:00:00+00:00,1,4.311699,4.426055872817898
AT,AKC,urban,2023-07-09 13:00:00+00:00,1,4.8338,4.558656974957671
AT,AKC,urban,2023-07-09 14:00:00+00:00,1,5.297749,4.981645821920665
AT,AKC,urban,2023-07-09 15:00:00+00:00,1,5.5542,5.448658298168418
AT,AKC,urban,2023-07-09 16:00:00+00:00,1,5.8246,5.911450535187381
AT,AKC,urban,2023-07-09 17:00:00+00:00,1,6.6104,6.212853616365489
AT,AKC,urban,2023-07-09 18:00:00+00:00,1,9.359749,7.320875199294118
AT,AKC,urban,2023-07-09 19:00:00+00:00,1,9.605449,10.251400930877725
AT,AKC,urban,2023-07-09 20:00:00+00:00,1,9.983249,9.334556239642776
AT,AKC,urban,2023-07-09 21:00:00+00:00,1,9.70285,10.006901347738449
AT,AKC,urban,2023-07-09 22:00:00+00:00,1,10.0985,8.978041088032992
AT,AKC,urban,2023-07-09 23:00:00+00:00,1,10.234,9.670203748929925
AT,AKC,urban,2023-07-10 00:00:00+00:00,1,11.8215,10.006765703443968
AT,AKC,urban,2023-07-10 01:00:00+00:00,1,12.2315,11.928802009954428
AT,AKC,urban,2023-07-10 02:00:00+00:00,1,12.2005,11.914688976258152
AT,AKC,urban,2023-07-10 03:00:00+00:00,1,11.908,11.878541159033176
AT,AKC,urban,2023-07-10 04:00:00+00:00,1,12.092,11.665800982851735
AT,AKC,urban,2023-07-10 05:00:00+00:00,1,11.657,11.798749150534078
AT,AKC,urban,2023-07-10 06:00:00+00:00,1,10.3679,11.966978865925572
AT,AKC,urban,2023-07-10 07:00:00+00:00,1,7.830149,10.589382099124549
AT,AKC,urban,2023-07-10 08:00:00+00:00,1,6.95485,6.804667089152662
AT,AKC,urban,2023-07-10 09:00:00+00:00,1,7.640549,5.992537302752517
AT,AKC,urban,2023-07-10 10:00:00+00:00,1,8.788249,8.078126697274513
AT,AKC,urban,2023-07-10 11:00:00+00:00,1,8.52435,8.3317791264184
AT,AKC,urban,2023-07-10 12:00:00+00:00,1,11.07285,8.767776841657408
AT,AKC,urban,2023-07-10 13:00:00+00:00,1,12.954,10.943738499706445
AT,AKC,urban,2023-07-10 14:00:00+00:00,1,10.433,12.535626765103313
AT,AKC,urban,2023-07-10 15:00:00+00:00,1,9.975649,9.563428691996279
AT,AKC,urban,2023-07-10 16:00:00+00:00,1,10.07775,9.132906855797483
AT,AKC,urban,2023-07-10 17:00:00+00:00,1,11.401,9.565370202534886
AT,AKC,urban,2023-07-10 18:00:00+00:00,1,12.6185,12.132803901076407
AT,AKC,urban,2023-07-10 19:00:00+00:00,1,13.091,12.296114575015903
AT,AKC,urban,2023-07-10 20:00:00+00:00,1,11.7285,13.582407096737956
AT,AKC,urban,2023-07-10 21:00:00+00:00,1,9.43295,11.86308387885742
AT,AKC,urban,2023-07-10 22:00:00+00:00,1,9.717249,8.854914910589084
AT,AKC,urban,2023-07-10 23:00:00+00:00,1,10.874,9.169209047520813
AT,AKC,urban,2023-07-11 00:00:00+00:00,1,11.8265,10.323659497027762
AT,AKC,urban,2023-07-11 01:00:00+00:00,1,12.233,10.958334492842418
AT,AKC,urban,2023-07-11 02:00:00+00:00,1,12.173,11.583104636938415
AT,AKC,urban,2023-07-11 03:00:00+00:00,1,11.4515,11.836042194075127
AT,AKC,urban,2023-07-11 04:00:00+00:00,1,9.95285,11.554586721753832
AT,AKC,urban,2023-07-11 05:00:00+00:00,1,7.87335,9.931252969019159
AT,AKC,urban,2023-07-11 06:00:00+00:00,1,7.85225,7.834046524840847
AT,AKC,urban,2023-07-11 07:00:00+00:00,1,7.219999,7.786289453123288
AT,AKC,urban,2023-07-11 08:00:00+00:00,1,7.21745,7.214901825754673
AT,AKC,urban,2023-07-11 09:00:00+00:00,1,7.188899,7.233050050298935
AT,AKC,urban,2023-07-11 10:00:00+00:00,1,7.88245,7.3767812005425135
AT,AKC,urban,2023-07-11 11:00:00+00:00,1,7.61645,8.094723748425736
AT,AKC,urban,2023-07-11 12:00:00+00:00,1,8.2931,7.583625916304047
AT,AKC,urban,2023-07-11 13:00:00+00:00,1,9.313749,8.115835913611672
AT,AKC,urban,2023-07-11 14:00:00+00:00,1,9.30865,9.057609729240014
AT,AKC,urban,2023-07-11 15:00:00+00:00,1,9.75695,9.287260309262255
AT,AKC,urban,2023-07-11 16:00:00+00:00,1,10.228,9.678374645383155
AT,AKC,urban,2023-07-11 17:00:00+00:00,1,10.6165,10.251394605885945
AT,AKC,urban,2023-07-11 18:00:00+00:00,1,10.8645,10.77463401898149
AT,AKC,urban,2023-07-11 19:00:00+00:00,1,11.3825,11.109217437118861
AT,AKC,urban,2023-07-11 20:00:00+00:00,1,11.023,11.390407403762296
AT,AKC,urban,2023-07-11 21:00:00+00:00,1,11.277,10.772898159991229
AT,AKC,urban,2023-07-11 22:00:00+00:00,1,11.643,11.292062437978679
AT,AKC,urban,2023-07-11 23:00:00+00:00,1,12.3155,11.37820452324451
AT,AKC,urban,2023-07-12 00:00:00+00:00,1,15.6955,12.099600411364612
AT,AKC,urban,2023-07-12 01:00:00+00:00,1,11.70325,14.71171718581357
AT,AKC,urban,2023-07-12 02:00:00+00:00,1,4.8333,11.342851038477086
AT,AKC,urban,2023-07-12 03:00:00+00:00,1,3.71085,4.966349795044671
AT,AKC,urban,2023-07-12 04:00:00+00:00,1,4.29425,3.2422231589474357
AT,AKC,urban,2023-07-12 05:00:00+00:00,1,4.829349,4.86155950352833
AT,AKC,urban,2023-07-12 06:00:00+00:00,1,5.3893,4.704385282537611
AT,AKC,urban,2023-07-12 07:00:00+00:00,1,6.032599,5.763681630671286
AT,AKC,urban,2023-07-12 08:00:00+00:00,1,6.77015,6.151159850653958
AT,AKC,urban,2023-07-12 09:00:00+00:00,1,5.6717,6.978562182156502
AT,AKC,urban,2023-07-12 10:00:00+00:00,1,4.734899,5.730006794620046
AT,AKC,urban,2023-07-12 11:00:00+00:00,1,6.0191,4.91967923918752
AT,AKC,urban,2023-07-12 12:00:00+00:00,1,6.163399,5.907062770856616
AT,AKC,urban,2023-07-12 13:00:00+00:00,1,7.1135,5.793279370278373
AT,AKC,urban,2023-07-12 14:00:00+00:00,1,6.0355,6.726661559478014
AT,AKC,urban,2023-07-12 15:00:00+00:00,1,5.3696,6.0683278861151315
AT,AKC,urban,2023-07-12 16:00:00+00:00,1,3.7453,5.680920813008001
AT,AKC,urban,2023-07-12 17:00:00+00:00,1,4.24765,3.8660155523930975
AT,AKC,urban,2023-07-12 18:00:00+00:00,1,5.710649,4.45717619264434
AT,AKC,urban,2023-07-12 19:00:00+00:00,1,6.929499,5.5261955763805375
AT,AKC,urban,2023-07-12 20:00:00+00:00,1,3.50215,6.51386847261103
AT,AKC,urban,2023-07-12 21:00:00+00:00,1,3.207649,3.570597385613624
AT,AKC,urban,2023-07-12 22:00:00+00:00,1,3.726249,3.068263427117003
AT,AKC,urban,2023-07-12 23:00:00+00:00,1,3.344949,3.658844907873096
AT,AKC,urban,2023-07-13 00:00:00+00:00,1,2.822499,3.32272345885195
AT,AKC,urban,2023-07-13 01:00:00+00:00,1,3.387149,2.9086312822692904
AT,AKC,urban,2023-07-13 02:00:00+00:00,1,3.811049,2.9003382218608813
AT,AKC,urban,2023-07-13 03:00:00+00:00,1,3.822949,3.34545514349249
AT,AKC,urban,2023-07-13 04:00:00+00:00,1,3.025799,3.67010337908048
AT,AKC,urban,2023-07-13 05:00:00+00:00,1,3.670499,2.824368861323695
AT,AKC,urban,2023-07-13 06:00:00+00:00,1,2.99725,3.8405928218934093
AT,AKC,urban,2023-07-13 07:00:00+00:00,1,4.0292,2.900847566229718
AT,AKC,urban,2023-07-13 08:00:00+00:00,1,5.938849,3.687456643874409
AT,AKC,urban,2023-07-13 09:00:00+00:00,1,5.986599,5.261847419596371
AT,AKC,urban,2023-07-13 10:00:00+00:00,1,6.38835,4.852273914561913
AT,AKC,urban,2023-07-13 11:00:00+00:00,1,5.856699,7.123439739165672
AT,AKC,urban,2023-07-13 12:00:00+00:00,1,6.9172,5.235913759116784
AT,AKC,urban,2023-07-13 13:00:00+00:00,1,6.617249,6.655200388169877
AT,AKC,urban,2023-07-13 14:00:00+00:00,1,6.183449,6.499361278883331
AT,AKC,urban,2023-07-13 15:00:00+00:00,1,5.788499,5.6848810198619475
AT,AKC,urban,2023-07-13 16:00:00+00:00,1,5.228199,5.366091153173638
AT,AKC,urban,2023-07-13 17:00:00+00:00,1,4.475399,5.149740394785418
AT,AKC,urban,2023-07-13 18:00:00+00:00,1,4.6047,4.357563664100805
AT,AKC,urban,2023-07-13 19:00:00+00:00,1,4.6089,4.620235984739995
AT,AKC,urban,2023-07-13 20:00:00+00:00,1,4.33885,4.389444584282295
AT,AKC,urban,2023-07-13 21:00:00+00:00,1,4.21075,4.239065230355511
AT,AKC,urban,2023-07-13 22:00:00+00:00,1,5.73315,4.069665622745809
AT,AKC,urban,2023-07-13 23:00:00+00:00,1,4.125949,5.353116813988919
AT,AKC,urban,2023-07-14 00:00:00+00:00,1,4.542449,3.908150901008966
AT,AKC,urban,2023-07-14 01:00:00+00:00,1,4.665749,4.4227009252598215
AT,AKC,urban,2023-07-14 02:00:00+00:00,1,5.13,4.531196483162301
AT,AKC,urban,2023-07-14 03:00:00+00:00,1,6.110699,5.079050377455491
AT,AKC,urban,2023-07-14 04:00:00+00:00,1,5.3694,5.993086107320355
AT,AKC,urban,2023-07-14 05:00:00+00:00,1,4.89235,5.497135838296387
AT,AKC,urban,2023-07-14 06:00:00+00:00,1,4.594449,5.090928957477882
AT,AKC,urban,2023-07-14 07:00:00+00:00,1,4.521249,4.365200433160378
AT,AKC,urban,2023-07-14 08:00:00+00:00,1,4.462049,4.546858254849692
AT,AKC,urban,2023-07-14 09:00:00+00:00,1,3.80415,4.385839328120074
AT,AKC,urban,2023-07-14 10:00:00+00:00,1,3.416049,3.7753369691000387
AT,AKC,urban,2023-07-14 11:00:00+00:00,1,3.480649,3.603869792264131
AT,AKC,urban,2023-07-14 12:00:00+00:00,1,3.994849,3.8347624182145275
AT,AKC,urban,2023-07-14 13:00:00+00:00,1,4.165299,4.277696351418335
AT,AKC,urban,2023-07-14 14:00:00+00:00,1,4.107549,4.33256052864499
AT,AKC,urban,2023-07-14 15:00:00+00:00,1,4.36555,4.337454671380446
AT,AKC,urban,2023-07-14 16:00:00+00:00,1,4.620349,4.829667306429354
AT,AKC,urban,2023-07-14 17:00:00+00:00,1,5.127699,5.368249332452695
AT,AKC,urban,2023-07-14 18:00:00+00:00,1,5.026999,5.29131612297661
AT,AKC,urban,2023-07-14 19:00:00+00:00,1,5.285099,5.198899154421472
AT,AKC,urban,2023-07-14 20:00:00+00:00,1,5.3787,5.5612432222256345
AT,AKC,urban,2023-07-14 21:00:00+00:00,1,5.320499,5.499196467026785
AT,AKC,urban,2023-07-14 22:00:00+00:00,1,5.6048,5.600699269574182
AT,AKC,urban,2023-07-14 23:00:00+00:00,1,6.0802,5.755506332676262
AT,AKC,urban,2023-07-15 00:00:00+00:00,1,6.7993,6.315290041650314
AT,AKC,urban,2023-07-15 01:00:00+00:00,1,7.6308,7.1901362568214715
AT,AKC,urban,2023-07-15 02:00:00+00:00,1,8.6939,7.8825863419269915
AT,AKC,urban,2023-07-15 03:00:00+00:00,1,7.9544,9.035399546227403
AT,AKC,urban,2023-07-15 04:00:00+00:00,1,8.265749,7.98592873687079
AT,AKC,urban,2023-07-15 05:00:00+00:00,1,6.926549,8.053021870092419
AT,AKC,urban,2023-07-15 06:00:00+00:00,1,6.4953,6.935657777759214
AT,AKC,urban,2023-07-15 07:00:00+00:00,1,6.770899,6.502254585805662
AT,AKC,urban,2023-07-15 08:00:00+00:00,1,6.77255,6.5795903339659425
AT,AKC,urban,2023-07-15 09:00:00+00:00,1,5.8308,6.553029883169906
AT,AKC,urban,2023-07-15 10:00:00+00:00,1,5.0838,5.615865559797566
AT,AKC,urban,2023-07-15 11:00:00+00:00,1,4.522649,4.842101027159298
AT,AKC,urban,2023-07-15 12:00:00+00:00,1,4.6946,4.663433761905825
AT,AKC,urban,2023-07-15 13:00:00+00:00,1,4.822549,4.842771982248657
AT,AKC,urban,2023-07-15 14:00:00+00:00,1,4.7754,5.064145083092672
AT,AKC,urban,2023-07-15 15:00:00+00:00,1,5.178649,5.086137643694045
AT,AKC,urban,2023-07-15 16:00:00+00:00,1,5.1953,5.478855350217017
AT,AKC,urban,2023-07-15 17:00:00+00:00,1,5.868949,5.492989110227487
AT,AKC,urban,2023-07-15 18:00:00+00:00,1,6.630499,6.0972698503990905
AT,AKC,urban,2023-07-15 19:00:00+00:00,1,6.87135,6.733242019139734
AT,AKC,urban,2023-07-15 20:00:00+00:00,1,7.1258,6.854684345570163
AT,AKC,urban,2023-07-15 21:00:00+00:00,1,7.208399,7.141382117083797
AT,AKC,urban,2023-07-15 22:00:00+00:00,1,7.3969,7.252858811198507
AT,AKC,urban,2023-07-15 23:00:00+00:00,1,7.56215,7.470024804065947
AT,AKC,urban,2023-07-16 00:00:00+00:00,1,7.943799,7.608292839786511
AT,AKC,urban,2023-07-16 01:00:00+00:00,1,8.232149,8.081959107994514
AT,AKC,urban,2023-07-16 02:00:00+00:00,1,9.582249,8.21216252015768
AT,AKC,urban,2023-07-16 03:00:00+00:00,1,9.881999,9.263268510507022
AT,AKC,urban,2023-07-16 04:00:00+00:00,1,8.883699,9.464136387395332
AT,AKC,urban,2023-07-16 05:00:00+00:00,1,8.61775,8.541357952979432
AT,AKC,urban,2023-07-16 06:00:00+00:00,1,6.861249,8.107542237980802
AT,AKC,urban,2023-07-16 07:00:00+00:00,1,4.925499,6.257332969233943
AT,AKC,urban,2023-07-16 08:00:00+00:00,1,4.677749,4.581016748652196
AT,AKC,urban,2023-07-16 09:00:00+00:00,1,4.33685,4.336224735480485
AT,AKC,urban,2023-07-16 10:00:00+00:00,1,4.16855,4.140322149933208
AT,AKC,urban,2023-07-16 11:00:00+00:00,1,4.065199,3.9886960995357796
AT,AKC,urban,2023-07-16 12:00:00+00:00,1,3.855299,4.036234035285158
AT,AKC,urban,2023-07-16 13:00:00+00:00,1,3.3821,3.934306914526097
AT,AKC,urban,2023-07-16 14:00:00+00:00,1,3.2539,3.579518365621041
AT,AKC,urban,2023-07-16 15:00:00+00:00,1,3.270599,3.570760232853285
AT,AKC,urban,2023-07-16 16:00:00+00:00,1,3.36765,3.5374410841958976
AT,AKC,urban,2023-07-16 17:00:00+00:00,1,3.751749,3.720701268720642
AT,AKC,urban,2023-07-16 18:00:00+00:00,1,4.63735,4.51201726787421
AT,AKC,urban,2023-07-16 19:00:00+00:00,1,4.8113,5.600129207763885
AT,AKC,urban,2023-07-16 20:00:00+00:00,1,5.151499,5.396334483429786
AT,AKC,urban,2023-07-16 21:00:00+00:00,1,5.158149,6.508248713949474
AT,AKC,urban,2023-07-16 22:00:00+00:00,1,5.519849,5.529303995067309
AT,AKC,urban,2023-07-16 23:00:00+00:00,1,5.497499,5.70362666262249
AT,AKC,urban,2023-07-17 00:00:00+00:00,1,5.646249,4.9429466975864536
AT,AKC,urban,2023-07-17 01:00:00+00:00,1,5.449349,4.998263416595741
AT,AKC,urban,2023-07-17 02:00:00+00:00,1,6.1261,5.270177113271082
AT,AKC,urban,2023-07-17 03:00:00+00:00,1,5.584599,5.8917378030586995
AT,AKC,urban,2023-07-17 04:00:00+00:00,1,6.371899,5.627331674010296
AT,AKC,urban,2023-07-17 05:00:00+00:00,1,5.6324,6.196908354502423
AT,AKC,urban,2023-07-17 06:00:00+00:00,1,6.3478,4.983053648301922
AT,AKC,urban,2023-07-17 07:00:00+00:00,1,6.758299,6.013668230082541
AT,AKC,urban,2023-07-17 08:00:00+00:00,1,7.49485,6.200005903843593
AT,AKC,urban,2023-07-17 09:00:00+00:00,1,7.28625,6.91273318581819
AT,AKC,urban,2023-07-17 10:00:00+00:00,1,8.46735,6.513064607557606
AT,AKC,urban,2023-07-17 11:00:00+00:00,1,9.045949,7.659147115339639
AT,AKC,urban,2023-07-17 12:00:00+00:00,1,7.76885,8.718098440710794
AT,AKC,urban,2023-07-17 13:00:00+00:00,1,6.408249,7.36600194603874
AT,AKC,urban,2023-07-17 14:00:00+00:00,1,5.50745,5.9395944464141515
AT,AKC,urban,2023-07-17 15:00:00+00:00,1,4.299349,5.627739468703016
AT,AKC,urban,2023-07-17 16:00:00+00:00,1,4.138099,4.466085526366658
AT,AKC,urban,2023-07-17 17:00:00+00:00,1,3.81895,3.82975412194552
AT,AKC,urban,2023-07-17 18:00:00+00:00,1,3.21915,3.9803338209494292
AT,AKC,urban,2023-07-17 19:00:00+00:00,1,4.1057,3.456024211617734
AT,AKC,urban,2023-07-17 20:00:00+00:00,1,4.8653,4.095802582565305
AT,AKC,urban,2023-07-17 21:00:00+00:00,1,5.223449,4.774818533352779
AT,AKC,urban,2023-07-17 22:00:00+00:00,1,5.0054,5.101222221206619
AT,AKC,urban,2023-07-17 23:00:00+00:00,1,4.72825,4.982473474447001
AT,AKC,urban,2023-07-18 00:00:00+00:00,1,5.3484,4.625170073352162
AT,AKC,urban,2023-07-18 01:00:00+00:00,1,6.096099,4.932666245795719
AT,AKC,urban,2023-07-18 02:00:00+00:00,1,6.80555,5.6974760439637535
AT,AKC,urban,2023-07-18 03:00:00+00:00,1,6.2382,6.5102158334702125
AT,AKC,urban,2023-07-18 04:00:00+00:00,1,6.7143,6.330294333540525
AT,AKC,urban,2023-07-18 05:00:00+00:00,1,6.215149,6.8558643699452055
AT,AKC,urban,2023-07-18 06:00:00+00:00,1,6.006,5.88405796674305
AT,AKC,urban,2023-07-18 07:00:00+00:00,1,5.33975,6.610326933398397
AT,AKC,urban,2023-07-18 08:00:00+00:00,1,4.900899,4.8741357472705396
AT,AKC,urban,2023-07-18 09:00:00+00:00,1,4.731649,4.967476039378614
AT,AKC,urban,2023-07-18 10:00:00+00:00,1,5.16165,4.633125977945266
AT,AKC,urban,2023-07-18 11:00:00+00:00,1,5.90005,5.295265953729807
AT,AKC,urban,2023-07-18 12:00:00+00:00,1,6.212249,6.047973457832466
AT,AKC,urban,2023-07-18 13:00:00+00:00,1,6.63835,6.394778753818091
AT,AKC,urban,2023-07-18 14:00:00+00:00,1,6.470499,6.782599750101195
AT,AKC,urban,2023-07-18 15:00:00+00:00,1,6.641949,6.7244686693684415
AT,AKC,urban,2023-07-18 16:00:00+00:00,1,7.30455,6.919329942311045
AT,AKC,urban,2023-07-18 17:00:00+00:00,1,8.480249,7.3391969563362665
AT,AKC,urban,2023-07-18 18:00:00+00:00,1,9.3675,8.494217388321431
AT,AKC,urban,2023-07-18 19:00:00+00:00,1,8.433549,9.81206240056487
AT,AKC,urban,2023-07-18 20:00:00+00:00,1,7.360699,8.878680269951122
AT,AKC,urban,2023-07-18 21:00:00+00:00,1,6.842,7.2206875451098895
AT,AKC,urban,2023-07-18 22:00:00+00:00,1,6.348199,6.591018120364254
AT,AKC,urban,2023-07-18 23:00:00+00:00,1,5.933699,6.222112332892838
AT,AKC,urban,2023-07-19 00:00:00+00:00,1,5.79535,5.59378028063086
AT,AKC,urban,2023-07-19 01:00:00+00:00,1,6.194499,5.600782879924413
AT,AKC,urban,2023-07-19 02:00:00+00:00,1,7.670849,5.819825978556079
AT,AKC,urban,2023-07-19 03:00:00+00:00,1,7.58255,7.201278412984951
AT,AKC,urban,2023-07-19 04:00:00+00:00,1,8.094249,7.644698796821142
AT,AKC,urban,2023-07-19 05:00:00+00:00,1,9.435449,8.39311159660052
AT,AKC,urban,2023-07-19 06:00:00+00:00,1,8.07925,8.568445819009195
AT,AKC,urban,2023-07-19 07:00:00+00:00,1,8.0232,7.366625249317668
AT,AKC,urban,2023-07-19 08:00:00+00:00,1,6.577699,7.79528331217838
AT,AKC,urban,2023-07-19 09:00:00+00:00,1,7.209449,6.134185599949319
AT,AKC,urban,2023-07-19 10:00:00+00:00,1,11.6235,6.9027932062424675
AT,AKC,urban,2023-07-19 11:00:00+00:00,1,10.3691,10.027099974622647
AT,AKC,urban,2023-07-19 12:00:00+00:00,1,9.872249,9.4105188888324
AT,AKC,urban,2023-07-19 13:00:00+00:00,1,9.17035,10.078730864908088
AT,AKC,urban,2023-07-19 14:00:00+00:00,1,6.8502,9.384531948071928
AT,AKC,urban,2023-07-19 15:00:00+00:00,1,5.7733,6.775137619971726
AT,AKC,urban,2023-07-19 16:00:00+00:00,1,5.35365,5.2395235087814065
AT,AKC,urban,2023-07-19 17:00:00+00:00,1,3.714499,4.94331018278524
AT,AKC,urban,2023-07-19 18:00:00+00:00,1,4.407649,3.8127327787003296
AT,AKC,urban,2023-07-19 19:00:00+00:00,1,4.53005,4.583864773360638
AT,AKC,urban,2023-07-19 20:00:00+00:00,1,4.509799,4.582798082684096
AT,AKC,urban,2023-07-19 21:00:00+00:00,1,4.9673,4.7712428192174166
AT,AKC,urban,2023-07-19 22:00:00+00:00,1,5.0592,5.195898441460333
AT,AKC,urban,2023-07-19 23:00:00+00:00,1,5.4144,4.918763631992178
AT,AKC,urban,2023-07-20 00:00:00+00:00,1,5.879949,5.079228213948724
AT,AKC,urban,2023-07-20 01:00:00+00:00,1,5.663899,5.405345048639845
AT,AKC,urban,2023-07-20 02:00:00+00:00,1,6.13115,5.293258811722232
AT,AKC,urban,2023-07-20 03:00:00+00:00,1,5.6492,5.885257154077841
AT,AKC,urban,2023-07-20 04:00:00+00:00,1,6.374199,5.557032756449853
AT,AKC,urban,2023-07-20 05:00:00+00:00,1,5.679249,6.514446550215439
AT,AKC,urban,2023-07-20 06:00:00+00:00,1,5.713099,5.2913514167328835
AT,AKC,urban,2023-07-20 07:00:00+00:00,1,6.045399,5.38191407319799
AT,AKC,urban,2023-07-20 08:00:00+00:00,1,5.8948,5.624616143526726
AT,AKC,urban,2023-07-20 09:00:00+00:00,1,7.22515,5.545231199927553
AT,AKC,urban,2023-07-20 10:00:00+00:00,1,8.12775,6.58170463361289
AT,AKC,urban,2023-07-20 11:00:00+00:00,1,8.361849,7.267714659691034
AT,AKC,urban,2023-07-20 12:00:00+00:00,1,7.057549,9.258861105759888
AT,AKC,urban,2023-07-20 13:00:00+00:00,1,4.342649,7.088686308674514
AT,AKC,urban,2023-07-20 14:00:00+00:00,1,5.0002,3.449736448203872
AT,AKC,urban,2023-07-20 15:00:00+00:00,1,3.7279,4.204901756981311
AT,AKC,urban,2023-07-20 16:00:00+00:00,1,3.491899,3.260278988579259
AT,AKC,urban,2023-07-20 17:00:00+00:00,1,3.47985,3.442133434194332
AT,AKC,urban,2023-07-20 18:00:00+00:00,1,3.664299,3.761261167362072
AT,AKC,urban,2023-07-20 19:00:00+00:00,1,3.561749,4.126385012100563
AT,AKC,urban,2023-07-20 20:00:00+00:00,1,3.767299,4.017534612477149
AT,AKC,urban,2023-07-20 21:00:00+00:00,1,4.058249,4.13943088497096
AT,AKC,urban,2023-07-20 22:00:00+00:00,1,4.67315,4.3974184238226215
AT,AKC,urban,2023-07-20 23:00:00+00:00,1,4.99455,5.383387074477184
AT,AKC,urban,2023-07-21 00:00:00+00:00,1,4.437299,5.28279168984902
AT,AKC,urban,2023-07-21 01:00:00+00:00,1,4.66635,4.396500491827332
AT,AKC,urban,2023-07-21 02:00:00+00:00,1,5.471949,4.857128814467661
AT,AKC,urban,2023-07-21 03:00:00+00:00,1,5.9386,5.3876012445734816
AT,AKC,urban,2023-07-21 04:00:00+00:00,1,6.766449,6.816406004693015
AT,AKC,urban,2023-07-21 05:00:00+00:00,1,7.177499,7.017655350774131
AT,AKC,urban,2023-07-21 06:00:00+00:00,1,8.433849,7.720393406153818
AT,AKC,urban,2023-07-21 07:00:00+00:00,1,9.923099,9.345772037764132
AT,AKC,urban,2023-07-21 08:00:00+00:00,1,9.920799,9.656139467414452
AT,AKC,urban,2023-07-21 09:00:00+00:00,1,6.938599,8.965754922260992
AT,AKC,urban,2023-07-21 10:00:00+00:00,1,5.797049,6.1996694293528165
AT,AKC,urban,2023-07-21 11:00:00+00:00,1,4.24165,4.9730738043899585
AT,AKC,urban,2023-07-21 12:00:00+00:00,1,4.15435,3.6540144888707466
AT,AKC,urban,2023-07-21 13:00:00+00:00,1,4.240699,3.9392782325366333
AT,AKC,urban,2023-07-21 14:00:00+00:00,1,4.547249,4.3402842395392085
AT,AKC,urban,2023-07-21 15:00:00+00:00,1,6.423399,4.636112349558285
AT,AKC,urban,2023-07-21 16:00:00+00:00,1,5.587949,6.213668862809989
AT,AKC,urban,2023-07-21 17:00:00+00:00,1,5.8632,5.736593943581685
AT,AKC,urban,2023-07-21 18:00:00+00:00,1,6.6568,6.328364981779323
AT,AKC,urban,2023-07-21 19:00:00+00:00,1,7.608149,6.952859463425089
AT,AKC,urban,2023-07-21 20:00:00+00:00,1,8.173899,7.889221213940235
AT,AKC,urban,2023-07-21 21:00:00+00:00,1,5.93015,8.609529135419649
AT,AKC,urban,2023-07-21 22:00:00+00:00,1,3.977649,6.4513526220685975
AT,AKC,urban,2023-07-21 23:00:00+00:00,1,4.101999,4.106640393710741
AT,AKC,urban,2023-07-22 00:00:00+00:00,1,4.381899,4.059146748243865
AT,AKC,urban,2023-07-22 01:00:00+00:00,1,4.86855,4.303164955188706
AT,AKC,urban,2023-07-22 02:00:00+00:00,1,5.699199,4.833728584117978
AT,AKC,urban,2023-07-22 03:00:00+00:00,1,4.7135,5.5782173158389305
AT,AKC,urban,2023-07-22 04:00:00+00:00,1,4.901,4.742055520731345
AT,AKC,urban,2023-07-22 05:00:00+00:00,1,4.49365,4.864325190970803
AT,AKC,urban,2023-07-22 06:00:00+00:00,1,3.71315,4.274660682589019
AT,AKC,urban,2023-07-22 07:00:00+00:00,1,3.54955,3.5054198617668852
AT,AKC,urban,2023-07-22 08:00:00+00:00,1,3.1177,3.3362104374513706
AT,AKC,urban,2023-07-22 09:00:00+00:00,1,2.960999,2.994076284030058
AT,AKC,urban,2023-07-22 10:00:00+00:00,1,3.24105,3.023224950366192
AT,AKC,urban,2023-07-22 11:00:00+00:00,1,2.97265,3.328536865257849
AT,AKC,urban,2023-07-22 12:00:00+00:00,1,2.68335,3.099488315878066
AT,AKC,urban,2023-07-22 13:00:00+00:00,1,2.67285,2.873659872674345
AT,AKC,urban,2023-07-22 14:00:00+00:00,1,3.01745,2.9391312029706853
AT,AKC,urban,2023-07-22 15:00:00+00:00,1,3.2609,3.187162959234211
AT,AKC,urban,2023-07-22 16:00:00+00:00,1,3.479549,3.413244816861745
AT,AKC,urban,2023-07-22 17:00:00+00:00,1,3.8329,3.7625651976775245
AT,AKC,urban,2023-07-22 18:00:00+00:00,1,4.709599,4.360480059714497
AT,AKC,urban,2023-07-22 19:00:00+00:00,1,4.5654,5.294847820505613
AT,AKC,urban,2023-07-22 20:00:00+00:00,1,4.921449,4.921112522669205
AT,AKC,urban,2023-07-22 21:00:00+00:00,1,4.459799,5.611498556079702
AT,AKC,urban,2023-07-22 22:00:00+00:00,1,4.104049,4.393219547624174
AT,AKC,urban,2023-07-22 23:00:00+00:00,1,4.521299,4.089127477670527
AT,AKC,urban,2023-07-23 00:00:00+00:00,1,4.9418,4.485420023608622
AT,AKC,urban,2023-07-23 01:00:00+00:00,1,5.08435,5.052445972306511
AT,AKC,urban,2023-07-23 02:00:00+00:00,1,5.551199,5.139156957525003
AT,AKC,urban,2023-07-23 03:00:00+00:00,1,5.308,5.5852454081970535
AT,AKC,urban,2023-07-23 04:00:00+00:00,1,4.89095,5.4654777836178745
AT,AKC,urban,2023-07-23 05:00:00+00:00,1,4.292599,4.803457921233161
AT,AKC,urban,2023-07-23 06:00:00+00:00,1,3.809749,4.144142747190287
AT,AKC,urban,2023-07-23 07:00:00+00:00,1,3.8754,3.885454528727216
AT,AKC,urban,2023-07-23 08:00:00+00:00,1,3.328999,3.568432251445607
AT,AKC,urban,2023-07-23 09:00:00+00:00,1,3.227449,3.382124442960265
AT,AKC,urban,2023-07-23 10:00:00+00:00,1,3.227849,3.4032298394582163
AT,AKC,urban,2023-07-23 11:00:00+00:00,1,3.22375,3.4443383603139957
AT,AKC,urban,2023-07-23 12:00:00+00:00,1,3.1612,3.509106927979367
AT,AKC,urban,2023-07-23 13:00:00+00:00,1,3.4194,3.529694571005294
AT,AKC,urban,2023-07-23 14:00:00+00:00,1,3.644949,3.782595679843425
AT,AKC,urban,2023-07-23 15:00:00+00:00,1,4.14675,3.8547494452753917
AT,AKC,urban,2023-07-23 16:00:00+00:00,1,5.111649,4.226302871494777
AT,AKC,urban,2023-07-23 17:00:00+00:00,1,5.5108,5.132400341957759
AT,AKC,urban,2023-07-23 18:00:00+00:00,1,5.751399,5.60469421000613
AT,AKC,urban,2023-07-23 19:00:00+00:00,1,5.809549,5.959132381124476
AT,AKC,urban,2023-07-23 20:00:00+00:00,1,6.6394,6.033121255262962
AT,AKC,urban,2023-07-23 21:00:00+00:00,1,6.5815,7.490695560606653
AT,AKC,urban,2023-07-23 22:00:00+00:00,1,5.667099,6.78062715941677
AT,AKC,urban,2023-07-23 23:00:00+00:00,1,5.6939,5.3908733130514115
AT,AKC,urban,2023-07-24 00:00:00+00:00,1,6.456299,5.783269740599241
AT,AKC,urban,2023-07-24 01:00:00+00:00,1,8.21845,6.488729266493042
AT,AKC,urban,2023-07-24 02:00:00+00:00,1,8.94915,8.40970990387768
AT,AKC,urban,2023-07-24 03:00:00+00:00,1,8.8822,8.931300170774353
AT,AKC,urban,2023-07-24 04:00:00+00:00,1,9.846199,9.118645714936267
AT,AKC,urban,2023-07-24 05:00:00+00:00,1,8.716249,10.372587409012755
AT,AKC,urban,2023-07-24 06:00:00+00:00,1,8.365299,7.665001628043999
AT,AKC,urban,2023-07-24 07:00:00+00:00,1,8.87985,8.243389192225251
AT,AKC,urban,2023-07-24 08:00:00+00:00,1,8.1606,7.985566504259257
AT,AKC,urban,2023-07-24 09:00:00+00:00,1,6.289649,7.27685566010868
AT,AKC,urban,2023-07-24 10:00:00+00:00,1,6.917349,6.030278411735569
AT,AKC,urban,2023-07-24 11:00:00+00:00,1,8.178649,6.9674076626781805
AT,AKC,urban,2023-07-24 12:00:00+00:00,1,9.600299,7.873082981549029
AT,AKC,urban,2023-07-24 13:00:00+00:00,1,10.966,9.538573429363694
AT,AKC,urban,2023-07-24 14:00:00+00:00,1,9.044549,10.31717999231217
AT,AKC,urban,2023-07-24 15:00:00+00:00,1,7.05375,8.714412029749074
AT,AKC,urban,2023-07-24 16:00:00+00:00,1,6.9053,6.7142510829964195
AT,AKC,urban,2023-07-24 17:00:00+00:00,1,3.684149,6.625489990509102
AT,AKC,urban,2023-07-24 18:00:00+00:00,1,5.116499,3.4950481799132866
AT,AKC,urban,2023-07-24 19:00:00+00:00,1,3.858449,4.796645881235598
AT,AKC,urban,2023-07-24 20:00:00+00:00,1,3.784349,3.598055460106931
AT,AKC,urban,2023-07-24 21:00:00+00:00,1,4.441599,3.808992360104508
AT,AKC,urban,2023-07-24 22:00:00+00:00,1,4.689299,4.5122400651087595
AT,AKC,urban,2023-07-24 23:00:00+00:00,1,3.73755,4.632641713005004
AT,AKC,urban,2023-07-25 00:00:00+00:00,1,3.138599,3.598103976848556
AT,AKC,urban,2023-07-25 01:00:00+00:00,1,3.4275,3.0367591354523356
AT,AKC,urban,2023-07-25 02:00:00+00:00,1,4.6805,3.4541078708610513
AT,AKC,urban,2023-07-25 03:00:00+00:00,1,4.068799,4.55373658979072
AT,AKC,urban,2023-07-25 04:00:00+00:00,1,4.9664,4.350545012529114
AT,AKC,urban,2023-07-25 05:00:00+00:00,1,6.627249,6.196036177720941
AT,AKC,urban,2023-07-25 06:00:00+00:00,1,6.804249,6.206406200598106
AT,AKC,urban,2023-07-25 07:00:00+00:00,1,7.189849,6.742677428108468
AT,AKC,urban,2023-07-25 08:00:00+00:00,1,6.51675,6.674478183076378
AT,AKC,urban,2023-07-25 09:00:00+00:00,1,3.81645,5.54925401709745
AT,AKC,urban,2023-07-25 10:00:00+00:00,1,3.832049,2.5615667087888987
AT,AKC,urban,2023-07-25 11:00:00+00:00,1,2.967849,3.8063502867811714
AT,AKC,urban,2023-07-25 12:00:00+00:00,1,3.713049,2.982051191185249
AT,AKC,urban,2023-07-25 13:00:00+00:00,1,4.899399,3.6435961673199415
AT,AKC,urban,2023-07-25 14:00:00+00:00,1,3.775249,4.748129456843376
AT,AKC,urban,2023-07-25 15:00:00+00:00,1,2.974599,3.480736420739145
AT,AKC,urban,2023-07-25 16:00:00+00:00,1,3.1953,2.999496664943454
AT,AKC,urban,2023-07-25 17:00:00+00:00,1,3.520849,3.063508358230976
AT,AKC,urban,2023-07-25 18:00:00+00:00,1,3.70025,3.41273778702368
AT,AKC,urban,2023-07-25 19:00:00+00:00,1,3.60905,3.6018758790814864
AT,AKC,urban,2023-07-25 20:00:00+00:00,1,3.30375,3.5718129231825735
AT,AKC,urban,2023-07-25 21:00:00+00:00,1,3.467299,3.3328795969397724
AT,AKC,urban,2023-07-25 22:00:00+00:00,1,2.1598,3.468511648379664
AT,AKC,urban,2023-07-25 23:00:00+00:00,1,2.134799,2.07920828006057
AT,AKC,urban,2023-07-26 00:00:00+00:00,1,2.4835,2.0949429894342053
AT,AKC,urban,2023-07-26 01:00:00+00:00,1,2.46665,2.472337149594143
AT,AKC,urban,2023-07-26 02:00:00+00:00,1,3.59,2.5004802107622233
AT,AKC,urban,2023-07-26 03:00:00+00:00,1,2.71355,3.32557908265397
AT,AKC,urban,2023-07-26 04:00:00+00:00,1,2.815899,2.7828654887019937
AT,AKC,urban,2023-07-26 05:00:00+00:00,1,3.1136,2.876156352317416
AT,AKC,urban,2023-07-26 06:00:00+00:00,1,3.6991,3.1072055079833163
AT,AKC,urban,2023-07-26 07:00:00+00:00,1,6.275349,3.244936509749035
AT,AKC,urban,2023-07-26 08:00:00+00:00,1,6.441049,5.391753605675682
AT,AKC,urban,2023-07-26 09:00:00+00:00,1,7.144299,5.534161756316816
AT,AKC,urban,2023-07-26 10:00:00+00:00,1,7.1215,6.516773444165445
AT,AKC,urban,2023-07-26 11:00:00+00:00,1,3.9804,6.703706623575471
AT,AKC,urban,2023-07-26 12:00:00+00:00,1,2.026999,3.939334573080778
AT,AKC,urban,2023-07-26 13:00:00+00:00,1,5.210399,1.5211758629352872
AT,AKC,urban,2023-07-26 14:00:00+00:00,1,3.8245,4.676827527769458
AT,AKC,urban,2023-07-26 15:00:00+00:00,1,3.337949,3.1444275580876244
AT,AKC,urban,2023-07-26 16:00:00+00:00,1,3.34635,3.352068293517565
AT,AKC,urban,2023-07-26 17:00:00+00:00,1,3.2177,3.417148502575831
AT,AKC,urban,2023-07-26 18:00:00+00:00,1,2.41135,3.2836418772630864
AT,AKC,urban,2023-07-26 19:00:00+00:00,1,2.85575,2.6011432954118625
AT,AKC,urban,2023-07-26 20:00:00+00:00,1,2.99305,2.8929265032997513
AT,AKC,urban,2023-07-26 21:00:00+00:00,1,3.3062,3.1294251932020245
AT,AKC,urban,2023-07-26 22:00:00+00:00,1,3.37655,3.154305128163845
AT,AKC,urban,2023-07-26 23:00:00+00:00,1,3.681349,3.30253396256154
AT,AKC,urban,2023-07-27 00:00:00+00:00,1,3.573999,3.644025112087757
AT,AKC,urban,2023-07-27 01:00:00+00:00,1,3.407949,3.638588027660287
AT,AKC,urban,2023-07-27 02:00:00+00:00,1,3.91155,3.4649100992503286
AT,AKC,urban,2023-07-27 03:00:00+00:00,1,3.619299,3.9934948528886096
AT,AKC,urban,2023-07-27 04:00:00+00:00,1,5.2944,4.21228339987163
AT,AKC,urban,2023-07-27 05:00:00+00:00,1,5.13815,5.680741076172648
AT,AKC,urban,2023-07-27 06:00:00+00:00,1,5.570199,4.766422503545069
AT,AKC,urban,2023-07-27 07:00:00+00:00,1,4.0738,5.619417435587174
AT,AKC,urban,2023-07-27 08:00:00+00:00,1,4.561399,3.8319266320742322
AT,AKC,urban,2023-07-27 09:00:00+00:00,1,5.27425,4.1436708816384
AT,AKC,urban,2023-07-27 10:00:00+00:00,1,4.677399,4.540494413908881
AT,AKC,urban,2023-07-27 11:00:00+00:00,1,5.2087,4.677688997022951
AT,AKC,urban,2023-07-27 12:00:00+00:00,1,5.882999,5.389759828038844
AT,AKC,urban,2023-07-27 13:00:00+00:00,1,4.881449,6.366654295576783
AT,AKC,urban,2023-07-27 14:00:00+00:00,1,4.02985,5.148701678811722
AT,AKC,urban,2023-07-27 15:00:00+00:00,1,3.57065,3.9549842769501886
AT,AKC,urban,2023-07-27 16:00:00+00:00,1,3.703599,3.575472639513425
AT,AKC,urban,2023-07-27 17:00:00+00:00,1,3.731499,3.8172925011445393
AT,AKC,urban,2023-07-27 18:00:00+00:00,1,3.7761,4.0554857657305945
AT,AKC,urban,2023-07-27 19:00:00+00:00,1,4.117799,4.24826300431728
AT,AKC,urban,2023-07-27 20:00:00+00:00,1,3.91415,4.829565475441473
AT,AKC,urban,2023-07-27 21:00:00+00:00,1,3.197899,4.130079733414522
AT,AKC,urban,2023-07-27 22:00:00+00:00,1,3.5974,3.1565853672177404
AT,AKC,urban,2023-07-27 23:00:00+00:00,1,3.307499,3.809066340566318
AT,AKC,urban,2023-07-28 00:00:00+00:00,1,3.13215,3.16326214257489
AT,AKC,urban,2023-07-28 01:00:00+00:00,1,3.269949,2.9385939798567335
AT,AKC,urban,2023-07-28 02:00:00+00:00,1,4.722899,3.266795344469095
AT,AKC,urban,2023-07-28 03:00:00+00:00,1,4.894399,4.930894047396588
AT,AKC,urban,2023-07-28 04:00:00+00:00,1,6.04195,6.515813414794852
AT,AKC,urban,2023-07-28 05:00:00+00:00,1,15.508,6.900049496867354
AT,AKC,urban,2023-07-28 06:00:00+00:00,1,5.493249,13.729828402106293
AT,AKC,urban,2023-07-28 07:00:00+00:00,1,7.9017,3.2305175498367262
AT,AKC,urban,2023-07-28 08:00:00+00:00,1,8.024499,6.47806879928153
AT,AKC,urban,2023-07-28 09:00:00+00:00,1,9.6149,6.153255773728816
AT,AKC,urban,2023-07-28 10:00:00+00:00,1,7.892299,8.947276038336472
AT,AKC,urban,2023-07-28 11:00:00+00:00,1,5.89055,7.076585201888381
AT,AKC,urban,2023-07-28 12:00:00+00:00,1,5.443149,5.22334556511797
AT,AKC,urban,2023-07-28 13:00:00+00:00,1,4.063199,4.412900677975809
AT,AKC,urban,2023-07-28 14:00:00+00:00,1,3.5771,3.076244845700014
AT,AKC,urban,2023-07-28 15:00:00+00:00,1,3.704699,3.08366785930658
AT,AKC,urban,2023-07-28 16:00:00+00:00,1,3.88415,3.67065133313654
AT,AKC,urban,2023-07-28 17:00:00+00:00,1,4.1538,4.324569496098594
AT,AKC,urban,2023-07-28 18:00:00+00:00,1,3.7932,4.502041986103748
AT,AKC,urban,2023-07-28 19:00:00+00:00,1,3.428149,4.346874329942107
AT,AKC,urban,2023-07-28 20:00:00+00:00,1,3.169749,3.7225932943429427
AT,AKC,urban,2023-07-28 21:00:00+00:00,1,3.09945,3.1970799127819767
AT,AKC,urban,2023-07-28 22:00:00+00:00,1,3.30285,2.9757870502258683
AT,AKC,urban,2023-07-28 23:00:00+00:00,1,3.5673,3.2511519849400834
AT,AKC,urban,2023-07-29 00:00:00+00:00,1,3.7431,3.4838416974783293
AT,AKC,urban,2023-07-29 01:00:00+00:00,1,3.333549,3.819861676112243
AT,AKC,urban,2023-07-29 02:00:00+00:00,1,3.104949,3.639651037348841
AT,AKC,urban,2023-07-29 03:00:00+00:00,1,2.6711,3.495545041576648
AT,AKC,urban,2023-07-29 04:00:00+00:00,1,2.7452,3.150372772907623
AT,AKC,urban,2023-07-29 05:00:00+00:00,1,2.23055,3.362178764033043
AT,AKC,urban,2023-07-29 06:00:00+00:00,1,2.12325,1.8174179267247865
AT,AKC,urban,2023-07-29 07:00:00+00:00,1,2.395999,1.9429408722943684
AT,AKC,urban,2023-07-29 08:00:00+00:00,1,1.8681,2.10798066133567
AT,AKC,urban,2023-07-29 09:00:00+00:00,1,1.78645,1.5317363231411463
AT,AKC,urban,2023-07-29 10:00:00+00:00,1,1.727349,1.4130877676716196
AT,AKC,urban,2023-07-29 11:00:00+00:00,1,2.460249,1.4860930993401276
AT,AKC,urban,2023-07-29 12:00:00+00:00,1,2.629849,2.2437519043659933
AT,AKC,urban,2023-07-29 13:00:00+00:00,1,2.08335,2.3552859669154493
AT,AKC,urban,2023-07-29 14:00:00+00:00,1,2.5201,2.0993767377549695
AT,AKC,urban,2023-07-29 15:00:00+00:00,1,3.07955,2.474860815102879
AT,AKC,urban,2023-07-29 16:00:00+00:00,1,2.44385,2.9322832877993434
AT,AKC,urban,2023-07-29 17:00:00+00:00,1,2.201149,2.5065182703383435
AT,AKC,urban,2023-07-29 18:00:00+00:00,1,2.4358,2.351488415905422
AT,AKC,urban,2023-07-29 19:00:00+00:00,1,2.558199,2.5200037800267943
AT,AKC,urban,2023-07-29 20:00:00+00:00,1,2.646049,2.5495736129487625
AT,AKC,urban,2023-07-29 21:00:00+00:00,1,2.6444,2.662565428931515
AT,AKC,urban,2023-07-29 22:00:00+00:00,1,2.838699,2.6400415986906545
AT,AKC,urban,2023-07-29 23:00:00+00:00,1,2.656599,2.7109734393871605
AT,AKC,urban,2023-07-30 00:00:00+00:00,1,2.6589,2.631086524740862
AT,AKC,urban,2023-07-30 01:00:00+00:00,1,2.7309,2.6748827588200257
AT,AKC,urban,2023-07-30 02:00:00+00:00,1,3.448149,2.6846188682682275
AT,AKC,urban,2023-07-30 03:00:00+00:00,1,2.86465,3.269144451380324
AT,AKC,urban,2023-07-30 04:00:00+00:00,1,2.84885,2.766962002834596
AT,AKC,urban,2023-07-30 05:00:00+00:00,1,2.8354,2.70018820706753
AT,AKC,urban,2023-07-30 06:00:00+00:00,1,2.306399,2.4420777414218016
AT,AKC,urban,2023-07-30 07:00:00+00:00,1,2.495949,2.013298804882009
AT,AKC,urban,2023-07-30 08:00:00+00:00,1,2.539249,2.4657324020225424
AT,AKC,urban,2023-07-30 09:00:00+00:00,1,3.12085,2.354659555184128
AT,AKC,urban,2023-07-30 10:00:00+00:00,1,2.91805,2.488454126933018
AT,AKC,urban,2023-07-30 11:00:00+00:00,1,2.381999,2.0588241252575727
AT,AKC,urban,2023-07-30 12:00:00+00:00,1,1.81185,2.5083427640407017
AT,AKC,urban,2023-07-30 13:00:00+00:00,1,3.04005,1.807711807536844
AT,AKC,urban,2023-07-30 14:00:00+00:00,1,3.236,2.9482814033419054
AT,AKC,urban,2023-07-30 15:00:00+00:00,1,4.03275,3.1730865541125937
AT,AKC,urban,2023-07-30 16:00:00+00:00,1,3.0774,4.399603575567177
AT,AKC,urban,2023-07-30 17:00:00+00:00,1,2.68725,3.3507304152741746
AT,AKC,urban,2023-07-30 18:00:00+00:00,1,2.689249,2.9817571826094174
AT,AKC,urban,2023-07-30 19:00:00+00:00,1,2.83345,2.9667099566342614
AT,AKC,urban,2023-07-30 20:00:00+00:00,1,2.83395,2.9470437391331927
AT,AKC,urban,2023-07-30 21:00:00+00:00,1,3.1314,2.8670210390918776
AT,AKC,urban,2023-07-30 22:00:00+00:00,1,3.05535,3.09234563749796
AT,AKC,urban,2023-07-30 23:00:00+00:00,1,3.046599,2.977922050830607
AT,AKC,urban,2023-07-31 00:00:00+00:00,1,3.177899,3.2381057411026433
AT,AKC,urban,2023-07-31 01:00:00+00:00,1,3.38835,3.3640436793339994
AT,AKC,urban,2023-07-31 02:00:00+00:00,1,4.4218,3.540957200373228
AT,AKC,urban,2023-07-31 03:00:00+00:00,1,4.453299,4.576288717797144
AT,AKC,urban,2023-07-31 04:00:00+00:00,1,4.690949,4.755738727117372
AT,AKC,urban,2023-07-31 05:00:00+00:00,1,4.619549,5.008887666717332
AT,AKC,urban,2023-07-31 06:00:00+00:00,1,3.94455,4.327984375402881
AT,AKC,urban,2023-07-31 07:00:00+00:00,1,4.062649,3.604804240258108
AT,AKC,urban,2023-07-31 08:00:00+00:00,1,4.159249,3.890383254731116
AT,AKC,urban,2023-07-31 09:00:00+00:00,1,3.812849,3.940849596457479
AT,AKC,urban,2023-07-31 10:00:00+00:00,1,4.031,3.537150993280207
AT,AKC,urban,2023-07-31 11:00:00+00:00,1,3.93365,4.013444903832475
AT,AKC,urban,2023-07-31 12:00:00+00:00,1,4.3997,3.85978460760397
AT,AKC,urban,2023-07-31 13:00:00+00:00,1,3.656099,4.465202191082081
AT,AKC,urban,2023-07-31 14:00:00+00:00,1,3.551899,3.6489755163461233
AT,AKC,urban,2023-07-31 15:00:00+00:00,1,3.226449,3.6460538753771914
AT,AKC,urban,2023-07-31 16:00:00+00:00,1,3.90775,3.0937202339106236
AT,AKC,urban,2023-07-31 17:00:00+00:00,1,4.561699,3.9652742442295406
AT,AKC,urban,2023-07-31 18:00:00+00:00,1,5.0229,4.658394075117837
AT,AKC,urban,2023-07-31 19:00:00+00:00,1,5.3077,5.375478299709176
AT,AKC,urban,2023-07-31 20:00:00+00:00,1,5.485499,6.221285318174122
AT,AKC,urban,2023-07-31 21:00:00+00:00,1,5.508,5.934184554876495
AT,AKC,urban,2023-07-31 22:00:00+00:00,1,6.175,5.391867267500036
AT,AKC,urban,2023-07-31 23:00:00+00:00,1,5.67135,6.4315680021935435
AT,AKC,urban,2023-08-01 00:00:00+00:00,1,5.51675,5.344839910093189
AT,AKC,urban,2023-08-01 01:00:00+00:00,1,5.500849,5.480256134204879
AT,AKC,urban,2023-08-01 02:00:00+00:00,1,5.96065,5.606146377354396
AT,AKC,urban,2023-08-01 03:00:00+00:00,1,7.609649,6.120255852632756
AT,AKC,urban,2023-08-01 04:00:00+00:00,1,8.030449,8.529373299759932
AT,AKC,urban,2023-08-01 05:00:00+00:00,1,8.623149,8.172158248340558
AT,AKC,urban,2023-08-01 06:00:00+00:00,1,8.486849,8.934521786743428
AT,AKC,urban,2023-08-01 07:00:00+00:00,1,8.463749,8.702009645744816
AT,AKC,urban,2023-08-01 08:00:00+00:00,1,6.797249,8.189265715417854
AT,AKC,urban,2023-08-01 09:00:00+00:00,1,5.9467,6.098279875478596
AT,AKC,urban,2023-08-01 10:00:00+00:00,1,7.952349,4.906145880201127
AT,AKC,urban,2023-08-01 11:00:00+00:00,1,8.0106,7.440515131690745
AT,AKC,urban,2023-08-01 12:00:00+00:00,1,10.19085,7.402658086013307
AT,AKC,urban,2023-08-01 13:00:00+00:00,1,6.658299,8.256156283959598
AT,AKC,urban,2023-08-01 14:00:00+00:00,1,6.003199,5.694808762495523
AT,AKC,urban,2023-08-01 15:00:00+00:00,1,6.460499,5.545623870145267
AT,AKC,urban,2023-08-01 16:00:00+00:00,1,5.985449,6.274914227223498
AT,AKC,urban,2023-08-01 17:00:00+00:00,1,5.8087,5.683696118640757
AT,AKC,urban,2023-08-01 18:00:00+00:00,1,5.572999,6.1090071386947145
AT,AKC,urban,2023-08-01 19:00:00+00:00,1,6.289899,6.249081556480398
AT,AKC,urban,2023-08-01 20:00:00+00:00,1,4.562349,6.696146905383099
AT,AKC,urban,2023-08-01 21:00:00+00:00,1,3.108999,4.580243606656712
AT,AKC,urban,2023-08-01 22:00:00+00:00,1,3.15205,2.962727333960821
AT,AKC,urban,2023-08-01 23:00:00+00:00,1,2.817699,3.282227362561983
AT,AKC,urban,2023-08-02 00:00:00+00:00,1,2.596049,3.0631749732225266
AT,AKC,urban,2023-08-02 01:00:00+00:00,1,2.239399,2.9139955091604115
AT,AKC,urban,2023-08-02 02:00:00+00:00,1,2.61365,2.538027474371237
AT,AKC,urban,2023-08-02 03:00:00+00:00,1,2.866149,2.9065448788187673
AT,AKC,urban,2023-08-02 04:00:00+00:00,1,6.0143,3.6406186525923125
AT,AKC,urban,2023-08-02 05:00:00+00:00,1,5.163399,6.191796572505975
AT,AKC,urban,2023-08-02 06:00:00+00:00,1,4.7206,4.899863617384408
AT,AKC,urban,2023-08-02 07:00:00+00:00,1,4.7486,4.793525512581557
AT,AKC,urban,2023-08-02 08:00:00+00:00,1,3.9031,4.766062199025672
AT,AKC,urban,2023-08-02 09:00:00+00:00,1,3.4077,3.6550862397223085
AT,AKC,urban,2023-08-02 10:00:00+00:00,1,3.295199,3.043651746409463
AT,AKC,urban,2023-08-02 11:00:00+00:00,1,3.288599,3.2818345174172734
AT,AKC,urban,2023-08-02 12:00:00+00:00,1,4.72685,3.4381610527899795
AT,AKC,urban,2023-08-02 13:00:00+00:00,1,5.732749,4.599252869520043
AT,AKC,urban,2023-08-02 14:00:00+00:00,1,2.790999,5.821978085754122
AT,AKC,urban,2023-08-02 15:00:00+00:00,1,2.80425,2.9307352380668696
AT,AKC,urban,2023-08-02 16:00:00+00:00,1,2.779299,2.7142290456962073
AT,AKC,urban,2023-08-02 17:00:00+00:00,1,2.53415,2.766713365139683
AT,AKC,urban,2023-08-02 18:00:00+00:00,1,2.717499,2.743744318141694
AT,AKC,urban,2023-08-02 19:00:00+00:00,1,2.938499,2.972303478409419
AT,AKC,urban,2023-08-02 20:00:00+00:00,1,3.3175,3.1640937141184615
AT,AKC,urban,2023-08-02 21:00:00+00:00,1,3.6542,3.6439993993327597
AT,AKC,urban,2023-08-02 22:00:00+00:00,1,3.89055,3.770575837148794
AT,AKC,urban,2023-08-02 23:00:00+00:00,1,4.142899,3.963171115357895
AT,AKC,urban,2023-08-03 00:00:00+00:00,1,4.2763,4.48234791164213
AT,AKC,urban,2023-08-03 01:00:00+00:00,1,4.10255,4.249272184988168
AT,AKC,urban,2023-08-03 02:00:00+00:00,1,4.350049,3.9899109900315786
AT,AKC,urban,2023-08-03 03:00:00+00:00,1,4.122499,4.349710230940758
AT,AKC,urban,2023-08-03 04:00:00+00:00,1,4.4797,4.456282525546094
AT,AKC,urban,2023-08-03 05:00:00+00:00,1,4.411699,4.613810845828983
AT,AKC,urban,2023-08-03 06:00:00+00:00,1,3.749149,4.352718496611999
AT,AKC,urban,2023-08-03 07:00:00+00:00,1,5.85585,3.732591699203123
AT,AKC,urban,2023-08-03 08:00:00+00:00,1,4.510649,6.222736290998725
AT,AKC,urban,2023-08-03 09:00:00+00:00,1,3.45825,4.05872228070378
AT,AKC,urban,2023-08-03 10:00:00+00:00,1,6.24015,3.0266163210661574
AT,AKC,urban,2023-08-03 11:00:00+00:00,1,4.569749,5.974197332254025
AT,AKC,urban,2023-08-03 12:00:00+00:00,1,4.367899,4.535336639443106
AT,AKC,urban,2023-08-03 13:00:00+00:00,1,3.506999,4.448356008873759
AT,AKC,urban,2023-08-03 14:00:00+00:00,1,3.673249,3.35978461417071
AT,AKC,urban,2023-08-03 15:00:00+00:00,1,3.23285,3.9924562367377447
AT,AKC,urban,2023-08-03 16:00:00+00:00,1,3.4391,3.8696186130399575
AT,AKC,urban,2023-08-03 17:00:00+00:00,1,3.71075,3.3042494037256276
AT,AKC,urban,2023-08-03 18:00:00+00:00,1,4.263549,4.110665679233119
AT,AKC,urban,2023-08-03 19:00:00+00:00,1,3.995199,4.825298280565551
AT,AKC,urban,2023-08-03 20:00:00+00:00,1,4.313099,4.164228848832693
AT,AKC,urban,2023-08-03 21:00:00+00:00,1,4.096449,4.65090843644608
AT,AKC,urban,2023-08-03 22:00:00+00:00,1,4.065549,4.228645815108663
AT,AKC,urban,2023-08-03 23:00:00+00:00,1,3.665999,3.8097884303739704
AT,AKC,urban,2023-08-04 00:00:00+00:00,1,3.0128,3.862594527126344
AT,AKC,urban,2023-08-04 01:00:00+00:00,1,3.000949,3.0782227620069023
AT,AKC,urban,2023-08-04 02:00:00+00:00,1,3.583549,3.4155033153564425
AT,AKC,urban,2023-08-04 03:00:00+00:00,1,3.57885,4.081405604210495
AT,AKC,urban,2023-08-04 04:00:00+00:00,1,4.6849,4.38202232087578
AT,AKC,urban,2023-08-04 05:00:00+00:00,1,4.5817,5.748340117797021
AT,AKC,urban,2023-08-04 06:00:00+00:00,1,3.493599,4.767802465677949
AT,AKC,urban,2023-08-04 07:00:00+00:00,1,3.61805,3.5147963162697984
AT,AKC,urban,2023-08-04 08:00:00+00:00,1,4.875499,3.8585937314774874
AT,AKC,urban,2023-08-04 09:00:00+00:00,1,4.752349,5.189313538189513
AT,AKC,urban,2023-08-04 10:00:00+00:00,1,4.577099,4.929689395486395
AT,AKC,urban,2023-08-04 11:00:00+00:00,1,5.689849,4.74249335395378
AT,AKC,urban,2023-08-04 12:00:00+00:00,1,3.4906,6.573862435346662
AT,AKC,urban,2023-08-04 13:00:00+00:00,1,3.29365,2.3163142799487595
AT,AKC,urban,2023-08-04 14:00:00+00:00,1,3.226999,2.959365976029897
AT,AKC,urban,2023-08-04 15:00:00+00:00,1,2.5721,3.681924907972416
AT,AKC,urban,2023-08-04 16:00:00+00:00,1,2.851049,2.934890348039694
AT,AKC,urban,2023-08-04 17:00:00+00:00,1,3.42425,3.685544880897936
AT,AKC,urban,2023-08-04 18:00:00+00:00,1,3.206449,4.293811069120839
AT,AKC,urban,2023-08-04 19:00:00+00:00,1,2.671649,3.7827540701542617
AT,AKC,urban,2023-08-04 20:00:00+00:00,1,2.9678,3.224863575179171
AT,AKC,urban,2023-08-04 21:00:00+00:00,1,2.94395,3.410826788541158
AT,AKC,urban,2023-08-04 22:00:00+00:00,1,2.840749,3.2761494696042597
AT,AKC,urban,2023-08-04 23:00:00+00:00,1,3.03305,3.1415442266730658
AT,AKC,urban,2023-08-05 00:00:00+00:00,1,3.84705,3.3765693165478154
AT,AKC,urban,2023-08-05 01:00:00+00:00,1,3.316649,3.6770652355355047
AT,AKC,urban,2023-08-05 02:00:00+00:00,1,3.764899,3.241706020844312
AT,AKC,urban,2023-08-05 03:00:00+00:00,1,4.623149,3.7664645213219927
AT,AKC,urban,2023-08-05 04:00:00+00:00,1,5.084199,4.4632428726346625
AT,AKC,urban,2023-08-05 05:00:00+00:00,1,4.9777,4.911267858107227
AT,AKC,urban,2023-08-05 06:00:00+00:00,1,4.731699,4.724303991221131
AT,AKC,urban,2023-08-05 07:00:00+00:00,1,6.229499,4.304148960086849
AT,AKC,urban,2023-08-05 08:00:00+00:00,1,5.927999,5.7111529229291875
AT,AKC,urban,2023-08-05 09:00:00+00:00,1,3.7982,5.522514178351692
AT,AKC,urban,2023-08-05 10:00:00+00:00,1,3.732699,3.724109536063004
AT,AKC,urban,2023-08-05 11:00:00+00:00,1,2.55275,3.60011242117627
AT,AKC,urban,2023-08-05 12:00:00+00:00,1,2.162699,2.8204970200900448
AT,AKC,urban,2023-08-05 13:00:00+00:00,1,2.62435,2.1600068816027616
AT,AKC,urban,2023-08-05 14:00:00+00:00,1,2.451349,2.6680064268097716
AT,AKC,urban,2023-08-05 15:00:00+00:00,1,2.06155,2.6983605497880383
AT,AKC,urban,2023-08-05 16:00:00+00:00,1,1.695549,2.4513037679648946
AT,AKC,urban,2023-08-05 17:00:00+00:00,1,1.82555,2.146833026866375
AT,AKC,urban,2023-08-05 18:00:00+00:00,1,2.2244,2.2129794628162145
AT,AKC,urban,2023-08-05 19:00:00+00:00,1,1.74355,2.470159897599199
AT,AKC,urban,2023-08-05 20:00:00+00:00,1,1.2941,2.1158646043823097
AT,AKC,urban,2023-08-05 21:00:00+00:00,1,0.956239,1.6648139763469025
AT,AKC,urban,2023-08-05 22:00:00+00:00,1,0.9311391,1.2477047626672473
AT,AKC,urban,2023-08-05 23:00:00+00:00,1,0.929625,1.2114915026607136
AT,AKC,urban,2023-08-06 00:00:00+00:00,1,1.02093,1.298536805063641
AT,AKC,urban,2023-08-06 01:00:00+00:00,1,1.301149,1.1601786804796355
AT,AKC,urban,2023-08-06 02:00:00+00:00,1,2.0798,1.3713018250810691
AT,AKC,urban,2023-08-06 03:00:00+00:00,1,2.60275,1.9408115230473406
AT,AKC,urban,2023-08-06 04:00:00+00:00,1,2.497849,2.36207023809904
AT,AKC,urban,2023-08-06 05:00:00+00:00,1,2.5569,2.270710570363491
AT,AKC,urban,2023-08-06 06:00:00+00:00,1,2.6248,2.2832217792537186
AT,AKC,urban,2023-08-06 07:00:00+00:00,1,3.037099,2.4135319600647946
AT,AKC,urban,2023-08-06 08:00:00+00:00,1,3.603749,2.741517663805574
AT,AKC,urban,2023-08-06 09:00:00+00:00,1,3.5553,3.1490022126735475
AT,AKC,urban,2023-08-06 10:00:00+00:00,1,4.256599,3.1213645270858663
AT,AKC,urban,2023-08-06 11:00:00+00:00,1,4.0046,3.8332000413798646
AT,AKC,urban,2023-08-06 12:00:00+00:00,1,4.194649,3.607383241823147
AT,AKC,urban,2023-08-06 13:00:00+00:00,1,2.5625,3.774901349254982
AT,AKC,urban,2023-08-06 14:00:00+00:00,1,1.6728,2.536982413524246
AT,AKC,urban,2023-08-06 15:00:00+00:00,1,1.430649,1.9061218542174672
AT,AKC,urban,2023-08-06 16:00:00+00:00,1,1.404299,1.6027604314710402
AT,AKC,urban,2023-08-06 17:00:00+00:00,1,1.2302,1.6146818317138525
AT,AKC,urban,2023-08-06 18:00:00+00:00,1,1.2608,1.2961387277099163
AT,AKC,urban,2023-08-06 19:00:00+00:00,1,1.195799,1.2900808512171658
AT,AKC,urban,2023-08-06 20:00:00+00:00,1,1.134649,1.2394019035625092
AT,AKC,urban,2023-08-06 21:00:00+00:00,1,1.223249,1.1242060866086838
AT,AKC,urban,2023-08-06 22:00:00+00:00,1,1.429749,1.1249082902940373
AT,AKC,urban,2023-08-06 23:00:00+00:00,1,1.598799,1.2715736019726656
AT,AKC,urban,2023-08-07 00:00:00+00:00,1,1.75235,1.4340823197091268
AT,AKC,urban,2023-08-07 01:00:00+00:00,1,2.02285,1.4091210871985318
AT,AKC,urban,2023-08-07 02:00:00+00:00,1,2.08785,1.766348272987841
AT,AKC,urban,2023-08-07 03:00:00+00:00,1,1.8981,1.8824212322515415
AT,AKC,urban,2023-08-07 04:00:00+00:00,1,2.088399,1.928575833257181
AT,AKC,urban,2023-08-07 05:00:00+00:00,1,2.39695,2.0675429170645323
AT,AKC,urban,2023-08-07 06:00:00+00:00,1,2.329649,2.2737046355824226
AT,AKC,urban,2023-08-07 07:00:00+00:00,1,2.2589,2.0127191631671195
AT,AKC,urban,2023-08-07 08:00:00+00:00,1,2.425849,2.0154863701750507
AT,AKC,urban,2023-08-07 09:00:00+00:00,1,1.92715,2.004405118546913
AT,AKC,urban,2023-08-07 10:00:00+00:00,1,2.3894,1.4781099365910926
AT,AKC,urban,2023-08-07 11:00:00+00:00,1,3.2109,2.027981392627183
AT,AKC,urban,2023-08-07 12:00:00+00:00,1,3.534349,2.871050743510871
AT,AKC,urban,2023-08-07 13:00:00+00:00,1,4.204649,2.8485739884877006
AT,AKC,urban,2023-08-07 14:00:00+00:00,1,4.0457,3.853900092837236
AT,AKC,urban,2023-08-07 15:00:00+00:00,1,2.58995,3.8340587963792707
AT,AKC,urban,2023-08-07 16:00:00+00:00,1,1.803599,2.53358138227615
AT,AKC,urban,2023-08-07 17:00:00+00:00,1,1.6682,1.6810519063412563
AT,AKC,urban,2023-08-07 18:00:00+00:00,1,2.2406,1.581604816254874
AT,AKC,urban,2023-08-07 19:00:00+00:00,1,2.33605,2.20997509999356
AT,AKC,urban,2023-08-07 20:00:00+00:00,1,1.9091,2.2897146241971527
AT,AKC,urban,2023-08-07 21:00:00+00:00,1,2.076449,1.9158038489294569
AT,AKC,urban,2023-08-07 22:00:00+00:00,1,2.410249,2.0224799947905368
AT,AKC,urban,2023-08-07 23:00:00+00:00,1,2.420199,2.3075670064032323
AT,AKC,urban,2023-08-08 00:00:00+00:00,1,2.4155,2.3900857121135246
AT,AKC,urban,2023-08-08 01:00:00+00:00,1,2.453199,2.4243174974007786
AT,AKC,urban,2023-08-08 02:00:00+00:00,1,2.965,2.48228748555929
AT,AKC,urban,2023-08-08 03:00:00+00:00,1,2.865149,3.1084759966434454
AT,AKC,urban,2023-08-08 04:00:00+00:00,1,4.0506,3.3571112588184953
AT,AKC,urban,2023-08-08 05:00:00+00:00,1,5.86665,4.2474076506380385
AT,AKC,urban,2023-08-08 06:00:00+00:00,1,5.090549,5.691346035036236
AT,AKC,urban,2023-08-08 07:00:00+00:00,1,6.21685,5.115724577106352
AT,AKC,urban,2023-08-08 08:00:00+00:00,1,5.87985,6.2902364062879705
AT,AKC,urban,2023-08-08 09:00:00+00:00,1,4.51455,5.483443688883348
AT,AKC,urban,2023-08-08 10:00:00+00:00,1,5.65625,3.5621844339255446
AT,AKC,urban,2023-08-08 11:00:00+00:00,1,4.310599,5.177911438475256
AT,AKC,urban,2023-08-08 12:00:00+00:00,1,4.334199,3.9731846492663507
AT,AKC,urban,2023-08-08 13:00:00+00:00,1,3.795199,4.124621975572762
AT,AKC,urban,2023-08-08 14:00:00+00:00,1,3.140349,3.9237579102828875
AT,AKC,urban,2023-08-08 15:00:00+00:00,1,6.718899,3.5302483815690486
AT,AKC,urban,2023-08-08 16:00:00+00:00,1,3.018449,5.918791849747006
AT,AKC,urban,2023-08-08 17:00:00+00:00,1,3.5829,3.0075361548899977
AT,AKC,urban,2023-08-08 18:00:00+00:00,1,4.051349,4.477002401401041
AT,AKC,urban,2023-08-08 19:00:00+00:00,1,4.39085,4.363988285323828
AT,AKC,urban,2023-08-08 20:00:00+00:00,1,4.173049,5.165334509308845
AT,AKC,urban,2023-08-08 21:00:00+00:00,1,4.6967,4.637408576478673
AT,AKC,urban,2023-08-08 22:00:00+00:00,1,4.040599,5.361724634949525
AT,AKC,urban,2023-08-08 23:00:00+00:00,1,4.3866,3.825336094014517
AT,AKC,urban,2023-08-09 00:00:00+00:00,1,4.244449,4.940598567584619
AT,AKC,urban,2023-08-09 01:00:00+00:00,1,3.97415,4.367264766417669
AT,AKC,urban,2023-08-09 02:00:00+00:00,1,5.023399,4.159567062225914
AT,AKC,urban,2023-08-09 03:00:00+00:00,1,4.8923,5.479193620895213
AT,AKC,urban,2023-08-09 04:00:00+00:00,1,5.84345,5.880881438182744
AT,AKC,urban,2023-08-09 05:00:00+00:00,1,5.808249,7.013794634888853
AT,AKC,urban,2023-08-09 06:00:00+00:00,1,8.201749,6.334846620169955
AT,AKC,urban,2023-08-09 07:00:00+00:00,1,7.6764,8.73360151648782
AT,AKC,urban,2023-08-09 08:00:00+00:00,1,5.451499,7.424269445118178
AT,AKC,urban,2023-08-09 09:00:00+00:00,1,5.917799,3.996797652088002
AT,AKC,urban,2023-08-09 10:00:00+00:00,1,7.9658,4.840121332089566
AT,AKC,urban,2023-08-09 11:00:00+00:00,1,4.424799,7.022059969645412
AT,AKC,urban,2023-08-09 12:00:00+00:00,1,4.35255,4.327126126584577
AT,AKC,urban,2023-08-09 13:00:00+00:00,1,3.2065,4.464524541628492
AT,AKC,urban,2023-08-09 14:00:00+00:00,1,2.919849,3.267097827777935
AT,AKC,urban,2023-08-09 15:00:00+00:00,1,2.64785,2.926664651503671
AT,AKC,urban,2023-08-09 16:00:00+00:00,1,2.66225,2.909586681894485
AT,AKC,urban,2023-08-09 17:00:00+00:00,1,2.868549,3.1490038465501513
AT,AKC,urban,2023-08-09 18:00:00+00:00,1,3.1294,3.448476119337119
AT,AKC,urban,2023-08-09 19:00:00+00:00,1,2.253149,3.506168270917563
AT,AKC,urban,2023-08-09 20:00:00+00:00,1,1.842999,2.6425345781422145
AT,AKC,urban,2023-08-09 21:00:00+00:00,1,1.94615,2.3243259890500063
AT,AKC,urban,2023-08-09 22:00:00+00:00,1,1.921249,2.4445704709158775
AT,AKC,urban,2023-08-09 23:00:00+00:00,1,1.9971,2.4617854518596225
AT,AKC,urban,2023-08-10 00:00:00+00:00,1,1.945699,2.5401923360320495
AT,AKC,urban,2023-08-10 01:00:00+00:00,1,2.046599,2.4860464803081292
AT,AKC,urban,2023-08-10 02:00:00+00:00,1,2.86575,2.602752724093662
AT,AKC,urban,2023-08-10 03:00:00+00:00,1,2.34135,3.4154143648270683
AT,AKC,urban,2023-08-10 04:00:00+00:00,1,3.1791,3.7438657070945034
AT,AKC,urban,2023-08-10 05:00:00+00:00,1,4.1139,3.953354934058293
AT,AKC,urban,2023-08-10 06:00:00+00:00,1,3.561349,4.07826477774374
AT,AKC,urban,2023-08-10 07:00:00+00:00,1,3.714449,3.7371093443929944
AT,AKC,urban,2023-08-10 08:00:00+00:00,1,4.072649,3.707943149025489
AT,AKC,urban,2023-08-10 09:00:00+00:00,1,3.433,3.9495424046854417
AT,AKC,urban,2023-08-10 10:00:00+00:00,1,4.054049,3.262583551571719
AT,AKC,urban,2023-08-10 11:00:00+00:00,1,6.7451,3.955532247315041
AT,AKC,urban,2023-08-10 12:00:00+00:00,1,3.563199,6.760445241460019
AT,AKC,urban,2023-08-10 13:00:00+00:00,1,3.28245,2.8078423290124093
AT,AKC,urban,2023-08-10 14:00:00+00:00,1,2.413949,3.7439562736125467
AT,AKC,urban,2023-08-10 15:00:00+00:00,1,2.277949,2.5631591977946115
AT,AKC,urban,2023-08-10 16:00:00+00:00,1,3.0339,2.419081966458311
AT,AKC,urban,2023-08-10 17:00:00+00:00,1,3.7469,3.326439036495703
AT,AKC,urban,2023-08-10 18:00:00+00:00,1,4.1044,4.168596020097009
AT,AKC,urban,2023-08-10 19:00:00+00:00,1,3.87695,4.643988542664609
AT,AKC,urban,2023-08-10 20:00:00+00:00,1,3.93545,4.544610250000435
AT,AKC,urban,2023-08-10 21:00:00+00:00,1,3.844799,4.7149496255148335
AT,AKC,urban,2023-08-10 22:00:00+00:00,1,3.696,4.345273695531439
AT,AKC,urban,2023-08-10 23:00:00+00:00,1,5.089699,4.179218425607544
AT,AKC,urban,2023-08-11 00:00:00+00:00,1,5.3969,5.838994857677424
AT,AKC,urban,2023-08-11 01:00:00+00:00,1,5.1659,6.167764095410373
AT,AKC,urban,2023-08-11 02:00:00+00:00,1,5.526199,7.561828872909679
AT,AKC,urban,2023-08-11 03:00:00+00:00,1,5.143199,5.301708446442124
AT,AKC,urban,2023-08-11 04:00:00+00:00,1,6.64445,5.3867422885012175
AT,AKC,urban,2023-08-11 05:00:00+00:00,1,6.632649,7.053008184976228
AT,AKC,urban,2023-08-11 06:00:00+00:00,1,5.2567,6.9079210404700255
AT,AKC,urban,2023-08-11 07:00:00+00:00,1,4.237549,5.497953872360714
AT,AKC,urban,2023-08-11 08:00:00+00:00,1,3.09275,3.888751264171322
AT,AKC,urban,2023-08-11 09:00:00+00:00,1,3.02995,2.2449125038974103
AT,AKC,urban,2023-08-11 10:00:00+00:00,1,2.6679,2.927934400909546
AT,AKC,urban,2023-08-11 11:00:00+00:00,1,2.9443,2.779871838019478
AT,AKC,urban,2023-08-11 12:00:00+00:00,1,2.61,2.960650004299378
AT,AKC,urban,2023-08-11 13:00:00+00:00,1,2.89895,2.7664535585966767
AT,AKC,urban,2023-08-11 14:00:00+00:00,1,2.99735,3.154337005856842
AT,AKC,urban,2023-08-11 15:00:00+00:00,1,3.1834,3.136427058522866
AT,AKC,urban,2023-08-11 16:00:00+00:00,1,3.247849,3.4357259311789186
AT,AKC,urban,2023-08-11 17:00:00+00:00,1,4.119649,3.651493885301292
AT,AKC,urban,2023-08-11 18:00:00+00:00,1,5.27655,4.923133308530609
AT,AKC,urban,2023-08-11 19:00:00+00:00,1,6.3941,6.249737803067344
AT,AKC,urban,2023-08-11 20:00:00+00:00,1,5.791899,6.854369801306095
AT,AKC,urban,2023-08-11 21:00:00+00:00,1,5.633399,5.717303246673655
AT,AKC,urban,2023-08-11 22:00:00+00:00,1,6.791299,5.756070378376556
AT,AKC,urban,2023-08-11 23:00:00+00:00,1,5.74935,7.244195386602513
AT,AKC,urban,2023-08-12 00:00:00+00:00,1,6.049949,5.534063162501383
AT,AKC,urban,2023-08-12 01:00:00+00:00,1,7.4519,6.806472765631199
AT,AKC,urban,2023-08-12 02:00:00+00:00,1,6.9656,9.146620951857514
AT,AKC,urban,2023-08-12 03:00:00+00:00,1,7.767499,7.19462645012818
AT,AKC,urban,2023-08-12 04:00:00+00:00,1,9.032899,7.09801032426018
AT,AKC,urban,2023-08-12 05:00:00+00:00,1,8.47705,8.79695733937551
AT,AKC,urban,2023-08-12 06:00:00+00:00,1,8.742,8.386754888910929
AT,AKC,urban,2023-08-12 07:00:00+00:00,1,6.0618,9.173913176439111
AT,AKC,urban,2023-08-12 08:00:00+00:00,1,6.8878,5.255388561345509
AT,AKC,urban,2023-08-12 09:00:00+00:00,1,5.0634,6.842475645237062
AT,AKC,urban,2023-08-12 10:00:00+00:00,1,3.98335,4.526599113988912
AT,AKC,urban,2023-08-12 11:00:00+00:00,1,3.558549,3.8034712405000484
AT,AKC,urban,2023-08-12 12:00:00+00:00,1,3.378399,3.6924974643775386
AT,AKC,urban,2023-08-12 13:00:00+00:00,1,3.47595,3.694250772593037
AT,AKC,urban,2023-08-12 14:00:00+00:00,1,3.8221,3.881409448130679
AT,AKC,urban,2023-08-12 15:00:00+00:00,1,4.5514,4.192354645056049
AT,AKC,urban,2023-08-12 16:00:00+00:00,1,4.94355,4.830661681313924
AT,AKC,urban,2023-08-12 17:00:00+00:00,1,5.258199,5.174440539478724
AT,AKC,urban,2023-08-12 18:00:00+00:00,1,5.607549,5.690405168802862
AT,AKC,urban,2023-08-12 19:00:00+00:00,1,5.91435,6.243331716179284
AT,AKC,urban,2023-08-12 20:00:00+00:00,1,6.263099,6.348283419277966
AT,AKC,urban,2023-08-12 21:00:00+00:00,1,6.860949,6.707055057025794
AT,AKC,urban,2023-08-12 22:00:00+00:00,1,8.22495,7.16619523359104
AT,AKC,urban,2023-08-12 23:00:00+00:00,1,8.225999,8.830156110069069
AT,AKC,urban,2023-08-13 00:00:00+00:00,1,8.2746,8.394102710312517
AT,AKC,urban,2023-08-13 01:00:00+00:00,1,9.0925,8.431751194694005
AT,AKC,urban,2023-08-13 02:00:00+00:00,1,9.921199,9.55267954756956
AT,AKC,urban,2023-08-13 03:00:00+00:00,1,9.0493,9.981794202441517
AT,AKC,urban,2023-08-13 04:00:00+00:00,1,8.952699,8.808947790302582
AT,AKC,urban,2023-08-13 05:00:00+00:00,1,8.2121,8.692740310710604
AT,AKC,urban,2023-08-13 06:00:00+00:00,1,7.65705,7.973777025837858
AT,AKC,urban,2023-08-13 07:00:00+00:00,1,7.3477,7.64929617853754
AT,AKC,urban,2023-08-13 08:00:00+00:00,1,7.818249,7.203979093234359
AT,AKC,urban,2023-08-13 09:00:00+00:00,1,7.69485,7.32371039747542
AT,AKC,urban,2023-08-13 10:00:00+00:00,1,7.118599,7.617528694843834
AT,AKC,urban,2023-08-13 11:00:00+00:00,1,6.108099,7.22113620966244
AT,AKC,urban,2023-08-13 12:00:00+00:00,1,5.82855,5.79370365044748
AT,AKC,urban,2023-08-13 13:00:00+00:00,1,6.11695,5.819012443427159
AT,AKC,urban,2023-08-13 14:00:00+00:00,1,5.664649,6.039450999290246
AT,AKC,urban,2023-08-13 15:00:00+00:00,1,6.4784,5.872169548834563
AT,AKC,urban,2023-08-13 16:00:00+00:00,1,6.20975,6.589870715402618
AT,AKC,urban,2023-08-13 17:00:00+00:00,1,5.92175,6.506652655195001
AT,AKC,urban,2023-08-13 18:00:00+00:00,1,6.1658,6.50677617158841
AT,AKC,urban,2023-08-13 19:00:00+00:00,1,6.6953,6.746380607221248
AT,AKC,urban,2023-08-13 20:00:00+00:00,1,7.308,7.1628628685632485
AT,AKC,urban,2023-08-13 21:00:00+00:00,1,8.0911,7.635061739079919
AT,AKC,urban,2023-08-13 22:00:00+00:00,1,8.66835,8.286906494522974
AT,AKC,urban,2023-08-13 23:00:00+00:00,1,9.3414,8.461297355594752
AT,AKC,urban,2023-08-14 00:00:00+00:00,1,9.81735,9.456906885990481
AT,AKC,urban,2023-08-14 01:00:00+00:00,1,9.305599,9.937852870355126
AT,AKC,urban,2023-08-14 02:00:00+00:00,1,10.2247,9.281130757641982
AT,AKC,urban,2023-08-14 03:00:00+00:00,1,10.602,10.019539737839814
AT,AKC,urban,2023-08-14 04:00:00+00:00,1,11.593,10.684940203723414
AT,AKC,urban,2023-08-14 05:00:00+00:00,1,9.7362,11.998080654061432
AT,AKC,urban,2023-08-14 06:00:00+00:00,1,7.933699,9.589390250052677
AT,AKC,urban,2023-08-14 07:00:00+00:00,1,7.8881,7.4259849942701734
AT,AKC,urban,2023-08-14 08:00:00+00:00,1,6.70275,7.579803309839388
AT,AKC,urban,2023-08-14 09:00:00+00:00,1,5.11985,6.724214684618037
AT,AKC,urban,2023-08-14 10:00:00+00:00,1,5.501199,5.229169291620693
AT,AKC,urban,2023-08-14 11:00:00+00:00,1,5.667399,5.806704756236414
AT,AKC,urban,2023-08-14 12:00:00+00:00,1,5.90005,5.368712868440259
AT,AKC,urban,2023-08-14 13:00:00+00:00,1,5.765999,6.474466198457673
AT,AKC,urban,2023-08-14 14:00:00+00:00,1,5.93175,5.983135840632777
AT,AKC,urban,2023-08-14 15:00:00+00:00,1,6.156199,6.23226378775788
AT,AKC,urban,2023-08-14 16:00:00+00:00,1,6.66425,6.4239226781163445
AT,AKC,urban,2023-08-14 17:00:00+00:00,1,7.289299,6.885129472785451
AT,AKC,urban,2023-08-14 18:00:00+00:00,1,7.29145,7.518763016143851
AT,AKC,urban,2023-08-14 19:00:00+00:00,1,7.6042,7.483755831954678
AT,AKC,urban,2023-08-14 20:00:00+00:00,1,7.03015,7.834748507840754
AT,AKC,urban,2023-08-14 21:00:00+00:00,1,7.224499,7.249158465864603
AT,AKC,urban,2023-08-14 22:00:00+00:00,1,7.386549,7.489083266829027
AT,AKC,urban,2023-08-14 23:00:00+00:00,1,7.882649,7.388106595925063
AT,AKC,urban,2023-08-15 00:00:00+00:00,1,8.7735,7.577322574228081
AT,AKC,urban,2023-08-15 01:00:00+00:00,1,10.68155,8.62175992226846
AT,AKC,urban,2023-08-15 02:00:00+00:00,1,10.4295,10.774640981176173
AT,AKC,urban,2023-08-15 03:00:00+00:00,1,10.8365,9.713257628527739
AT,AKC,urban,2023-08-15 04:00:00+00:00,1,10.7975,10.530771259064025
AT,AKC,urban,2023-08-15 05:00:00+00:00,1,9.73495,10.544330447494541
AT,AKC,urban,2023-08-15 06:00:00+00:00,1,9.664699,9.601815466032654
AT,AKC,urban,2023-08-15 07:00:00+00:00,1,8.64455,9.2290216976535
AT,AKC,urban,2023-08-15 08:00:00+00:00,1,8.35715,7.869574239449946
AT,AKC,urban,2023-08-15 09:00:00+00:00,1,8.22935,7.937784875767452
AT,AKC,urban,2023-08-15 10:00:00+00:00,1,7.63245,7.93026595918532
AT,AKC,urban,2023-08-15 11:00:00+00:00,1,7.735899,7.554697439773186
AT,AKC,urban,2023-08-15 12:00:00+00:00,1,8.0703,7.692996022662204
AT,AKC,urban,2023-08-15 13:00:00+00:00,1,8.394899,8.061797844691537
AT,AKC,urban,2023-08-15 14:00:00+00:00,1,8.353699,8.28044196324407
AT,AKC,urban,2023-08-15 15:00:00+00:00,1,8.117349,8.356021711271318
AT,AKC,urban,2023-08-15 16:00:00+00:00,1,8.0275,8.170338450089865
AT,AKC,urban,2023-08-15 17:00:00+00:00,1,8.759501,8.313786879083942
AT,AKC,urban,2023-08-15 18:00:00+00:00,1,9.23505,9.02211054044944
AT,AKC,urban,2023-08-15 19:00:00+00:00,1,9.224149,9.285707139576353
AT,AKC,urban,2023-08-15 20:00:00+00:00,1,9.0839,9.277702164390572
AT,AKC,urban,2023-08-15 21:00:00+00:00,1,7.970849,9.486010912348423
AT,AKC,urban,2023-08-15 22:00:00+00:00,1,5.451299,8.105538143407294
AT,AKC,urban,2023-08-15 23:00:00+00:00,1,4.773799,5.68246981552797
AT,AKC,urban,2023-08-16 00:00:00+00:00,1,5.2986,4.92036209317547
AT,AKC,urban,2023-08-16 01:00:00+00:00,1,6.2024,5.576545777582403
AT,AKC,urban,2023-08-16 02:00:00+00:00,1,6.150099,6.313869652452883
AT,AKC,urban,2023-08-16 03:00:00+00:00,1,6.781949,6.421530113233214
AT,AKC,urban,2023-08-16 04:00:00+00:00,1,10.072,7.794399998330647
AT,AKC,urban,2023-08-16 05:00:00+00:00,1,9.614049,11.339835232122173
AT,AKC,urban,2023-08-16 06:00:00+00:00,1,7.334799,9.7572630201113
AT,AKC,urban,2023-08-16 07:00:00+00:00,1,8.078399,6.369276955210601
AT,AKC,urban,2023-08-16 08:00:00+00:00,1,8.51625,7.076942723786132
AT,AKC,urban,2023-08-16 09:00:00+00:00,1,8.37695,7.971454327787836
AT,AKC,urban,2023-08-16 10:00:00+00:00,1,8.45125,7.760379297563837
AT,AKC,urban,2023-08-16 11:00:00+00:00,1,7.7382,8.305880635829805
AT,AKC,urban,2023-08-16 12:00:00+00:00,1,7.596699,7.784398658114352
AT,AKC,urban,2023-08-16 13:00:00+00:00,1,9.524049,7.5638172184404375
AT,AKC,urban,2023-08-16 14:00:00+00:00,1,9.506149,9.016214079374656
AT,AKC,urban,2023-08-16 15:00:00+00:00,1,8.6851,10.39266787041758
AT,AKC,urban,2023-08-16 16:00:00+00:00,1,8.842849,8.44116827743959
AT,AKC,urban,2023-08-16 17:00:00+00:00,1,9.326999,9.126321410870528
AT,AKC,urban,2023-08-16 18:00:00+00:00,1,10.1786,9.318486702296276
AT,AKC,urban,2023-08-16 19:00:00+00:00,1,10.7065,10.35334851757121
AT,AKC,urban,2023-08-16 20:00:00+00:00,1,10.0274,10.816237251125283
AT,AKC,urban,2023-08-16 21:00:00+00:00,1,11.195,9.526563079361772
AT,AKC,urban,2023-08-16 22:00:00+00:00,1,11.433,11.377476247863555
AT,AKC,urban,2023-08-16 23:00:00+00:00,1,12.868,11.030042924140684
AT,AKC,urban,2023-08-17 00:00:00+00:00,1,12.833,13.072295430862084
AT,AKC,urban,2023-08-17 01:00:00+00:00,1,15.2375,12.530209156921956
AT,AKC,urban,2023-08-17 02:00:00+00:00,1,19.0175,14.461189467219683
AT,AKC,urban,2023-08-17 03:00:00+00:00,1,15.405,17.323878710069014
AT,AKC,urban,2023-08-17 04:00:00+00:00,1,15.8945,15.028763294304692
AT,AKC,urban,2023-08-17 05:00:00+00:00,1,13.715,15.970705883752544
AT,AKC,urban,2023-08-17 06:00:00+00:00,1,9.4302,14.00313631629642
AT,AKC,urban,2023-08-17 07:00:00+00:00,1,11.481,8.985752171842886
AT,AKC,urban,2023-08-17 08:00:00+00:00,1,11.0865,11.77555473504723
AT,AKC,urban,2023-08-17 09:00:00+00:00,1,8.497749,10.377939457005802
AT,AKC,urban,2023-08-17 10:00:00+00:00,1,8.0352,7.751664760596675
AT,AKC,urban,2023-08-17 11:00:00+00:00,1,8.891899,7.928408628858797
AT,AKC,urban,2023-08-17 12:00:00+00:00,1,8.645549,8.668423929593175
AT,AKC,urban,2023-08-17 13:00:00+00:00,1,9.7718,8.59144171877509
AT,AKC,urban,2023-08-17 14:00:00+00:00,1,9.1813,9.826871432487636
AT,AKC,urban,2023-08-17 15:00:00+00:00,1,8.31475,9.156140053934784
AT,AKC,urban,2023-08-17 16:00:00+00:00,1,8.4771,8.656010253599117
AT,AKC,urban,2023-08-17 17:00:00+00:00,1,9.2051,8.864393242146026
AT,AKC,urban,2023-08-17 18:00:00+00:00,1,10.6825,9.783533509035195
AT,AKC,urban,2023-08-17 19:00:00+00:00,1,11.4095,11.35993480912089
AT,AKC,urban,2023-08-17 20:00:00+00:00,1,12.3825,12.212676927834579
AT,AKC,urban,2023-08-17 21:00:00+00:00,1,12.634,12.741556509539631
AT,AKC,urban,2023-08-17 22:00:00+00:00,1,12.48,12.760245451711118
AT,AKC,urban,2023-08-17 23:00:00+00:00,1,12.09,12.514939298006539
AT,AKC,urban,2023-08-18 00:00:00+00:00,1,11.7675,12.040071624172253
AT,AKC,urban,2023-08-18 01:00:00+00:00,1,11.8455,11.764484614559759
AT,AKC,urban,2023-08-18 02:00:00+00:00,1,12.11,12.293427642594565
AT,AKC,urban,2023-08-18 03:00:00+00:00,1,12.066,11.877652344501623
AT,AKC,urban,2023-08-18 04:00:00+00:00,1,12.302,12.939167653627774
AT,AKC,urban,2023-08-18 05:00:00+00:00,1,11.029,12.477061842264884
AT,AKC,urban,2023-08-18 06:00:00+00:00,1,10.6505,10.777346540729436
AT,AKC,urban,2023-08-18 07:00:00+00:00,1,10.4305,10.866825555957295
AT,AKC,urban,2023-08-18 08:00:00+00:00,1,9.350349,9.92591768335209
AT,AKC,urban,2023-08-18 09:00:00+00:00,1,9.936649,8.83760162621439
AT,AKC,urban,2023-08-18 10:00:00+00:00,1,10.396,9.511300641128003
AT,AKC,urban,2023-08-18 11:00:00+00:00,1,10.4099,10.231083936524026
AT,AKC,urban,2023-08-18 12:00:00+00:00,1,10.0665,10.671049700566265
AT,AKC,urban,2023-08-18 13:00:00+00:00,1,10.499,9.55843854405342
AT,AKC,urban,2023-08-18 14:00:00+00:00,1,10.19295,10.26129129285722
AT,AKC,urban,2023-08-18 15:00:00+00:00,1,9.3336,10.164387752098484
AT,AKC,urban,2023-08-18 16:00:00+00:00,1,9.202749,9.44978508905718
AT,AKC,urban,2023-08-18 17:00:00+00:00,1,9.049699,9.526182489009738
AT,AKC,urban,2023-08-18 18:00:00+00:00,1,8.797649,10.119786748284422
AT,AKC,urban,2023-08-18 19:00:00+00:00,1,8.798049,9.676051889291454
AT,AKC,urban,2023-08-18 20:00:00+00:00,1,10.7621,9.262977799598065
AT,AKC,urban,2023-08-18 21:00:00+00:00,1,12.523,11.847352226397984
AT,AKC,urban,2023-08-18 22:00:00+00:00,1,12.4785,13.019673040551112
AT,AKC,urban,2023-08-18 23:00:00+00:00,1,13.375,12.674940088408725
AT,AKC,urban,2023-08-19 00:00:00+00:00,1,14.755,12.967630473238057
AT,AKC,urban,2023-08-19 01:00:00+00:00,1,14.3875,14.391044099832232
AT,AKC,urban,2023-08-19 02:00:00+00:00,1,15.3755,13.380138317878586
AT,AKC,urban,2023-08-19 03:00:00+00:00,1,15.0715,15.09367167400691
AT,AKC,urban,2023-08-19 04:00:00+00:00,1,15.4455,14.63770288247219
AT,AKC,urban,2023-08-19 05:00:00+00:00,1,14.1545,15.002168502111338
AT,AKC,urban,2023-08-19 06:00:00+00:00,1,12.0475,13.623572933437128
AT,AKC,urban,2023-08-19 07:00:00+00:00,1,9.731849,12.037686616555742
AT,AKC,urban,2023-08-19 08:00:00+00:00,1,9.64755,9.030350239747467
AT,AKC,urban,2023-08-19 09:00:00+00:00,1,10.2745,9.127703223378898
AT,AKC,urban,2023-08-19 10:00:00+00:00,1,10.204,9.88281166206275
AT,AKC,urban,2023-08-19 11:00:00+00:00,1,8.919549,9.93130240406257
AT,AKC,urban,2023-08-19 12:00:00+00:00,1,8.626649,8.694360544230815
AT,AKC,urban,2023-08-19 13:00:00+00:00,1,9.060949,8.529244949022843
AT,AKC,urban,2023-08-19 14:00:00+00:00,1,9.75345,8.94451240360604
AT,AKC,urban,2023-08-19 15:00:00+00:00,1,10.0025,9.588407563324942
AT,AKC,urban,2023-08-19 16:00:00+00:00,1,11.2955,9.885463535277555
AT,AKC,urban,2023-08-19 17:00:00+00:00,1,11.0105,11.140335249869391
AT,AKC,urban,2023-08-19 18:00:00+00:00,1,10.918,11.242027348812186
AT,AKC,urban,2023-08-19 19:00:00+00:00,1,11.181,11.719288232156362
AT,AKC,urban,2023-08-19 20:00:00+00:00,1,11.7705,11.328151387554094
AT,AKC,urban,2023-08-19 21:00:00+00:00,1,11.96,12.084513011721999
AT,AKC,urban,2023-08-19 22:00:00+00:00,1,12.134,11.988350257124608
AT,AKC,urban,2023-08-19 23:00:00+00:00,1,13.296,12.090754840805655
AT,AKC,urban,2023-08-20 00:00:00+00:00,1,13.3065,13.573318722029768
AT,AKC,urban,2023-08-20 01:00:00+00:00,1,12.8725,12.989677644498478
AT,AKC,urban,2023-08-20 02:00:00+00:00,1,13.1335,12.359624913899676
AT,AKC,urban,2023-08-20 03:00:00+00:00,1,14.7115,12.63720095018289
AT,AKC,urban,2023-08-20 04:00:00+00:00,1,14.8455,14.844860491517828
AT,AKC,urban,2023-08-20 05:00:00+00:00,1,13.1025,14.459427288477123
AT,AKC,urban,2023-08-20 06:00:00+00:00,1,11.328,12.394246449726825
AT,AKC,urban,2023-08-20 07:00:00+00:00,1,11.073,11.116054609962394
AT,AKC,urban,2023-08-20 08:00:00+00:00,1,11.2585,11.07214213006781
AT,AKC,urban,2023-08-20 09:00:00+00:00,1,9.461899,10.386131878420905
AT,AKC,urban,2023-08-20 10:00:00+00:00,1,7.2444,8.9993050267345
AT,AKC,urban,2023-08-20 11:00:00+00:00,1,6.364649,7.147109229840037
AT,AKC,urban,2023-08-20 12:00:00+00:00,1,6.6609,6.5507801373887595
AT,AKC,urban,2023-08-20 13:00:00+00:00,1,6.095299,6.936794722905482
AT,AKC,urban,2023-08-20 14:00:00+00:00,1,7.06005,6.46716392133251
AT,AKC,urban,2023-08-20 15:00:00+00:00,1,7.7755,7.500330820582953
AT,AKC,urban,2023-08-20 16:00:00+00:00,1,8.071849,7.7938889250402
AT,AKC,urban,2023-08-20 17:00:00+00:00,1,8.766149,8.311050722157585
AT,AKC,urban,2023-08-20 18:00:00+00:00,1,8.9102,9.86222031983953
AT,AKC,urban,2023-08-20 19:00:00+00:00,1,8.57175,9.405294845801656
AT,AKC,urban,2023-08-20 20:00:00+00:00,1,8.276249,8.72860769765661
AT,AKC,urban,2023-08-20 21:00:00+00:00,1,8.866199,8.454877940553711
AT,AKC,urban,2023-08-20 22:00:00+00:00,1,9.214,8.86041785013619
AT,AKC,urban,2023-08-20 23:00:00+00:00,1,9.38895,9.03471440702484
AT,AKC,urban,2023-08-21 00:00:00+00:00,1,9.6721,9.611943552659678
AT,AKC,urban,2023-08-21 01:00:00+00:00,1,9.453149,9.470871459217822
AT,AKC,urban,2023-08-21 02:00:00+00:00,1,10.5615,9.226436438017291
AT,AKC,urban,2023-08-21 03:00:00+00:00,1,14.7435,10.406903400722946
AT,AKC,urban,2023-08-21 04:00:00+00:00,1,13.051,15.575854208000958
AT,AKC,urban,2023-08-21 05:00:00+00:00,1,14.579,13.542836646342554
AT,AKC,urban,2023-08-21 06:00:00+00:00,1,14.342,15.057880577460303
AT,AKC,urban,2023-08-21 07:00:00+00:00,1,13.0105,14.703211337250028
AT,AKC,urban,2023-08-21 08:00:00+00:00,1,9.257249,12.644414651684436
AT,AKC,urban,2023-08-21 09:00:00+00:00,1,7.9312,8.21772354797017
AT,AKC,urban,2023-08-21 10:00:00+00:00,1,7.85095,6.162086730158848
AT,AKC,urban,2023-08-21 11:00:00+00:00,1,6.680399,7.150263001029927
AT,AKC,urban,2023-08-21 12:00:00+00:00,1,7.6317,6.837516485102821
AT,AKC,urban,2023-08-21 13:00:00+00:00,1,6.38465,8.010746430194029
AT,AKC,urban,2023-08-21 14:00:00+00:00,1,5.3267,6.750885545095397
AT,AKC,urban,2023-08-21 15:00:00+00:00,1,6.312299,5.641397603853168
AT,AKC,urban,2023-08-21 16:00:00+00:00,1,6.0816,6.508566760580507
AT,AKC,urban,2023-08-21 17:00:00+00:00,1,6.201049,6.351205921196044
AT,AKC,urban,2023-08-21 18:00:00+00:00,1,7.887099,7.261383759555613
AT,AKC,urban,2023-08-21 19:00:00+00:00,1,7.830549,9.603039460659598
AT,AKC,urban,2023-08-21 20:00:00+00:00,1,7.16715,8.350285262303846
AT,AKC,urban,2023-08-21 21:00:00+00:00,1,7.321249,6.777549202564341
AT,AKC,urban,2023-08-21 22:00:00+00:00,1,7.949999,7.307568376033494
AT,AKC,urban,2023-08-21 23:00:00+00:00,1,9.3309,8.026748634771817
AT,AKC,urban,2023-08-22 00:00:00+00:00,1,8.847149,9.524551253489843
AT,AKC,urban,2023-08-22 01:00:00+00:00,1,8.9881,8.52587408426361
AT,AKC,urban,2023-08-22 02:00:00+00:00,1,9.998399,8.627842558694432
AT,AKC,urban,2023-08-22 03:00:00+00:00,1,11.4145,9.960895986589925
AT,AKC,urban,2023-08-22 04:00:00+00:00,1,15.954,12.492791931950336
AT,AKC,urban,2023-08-22 05:00:00+00:00,1,13.525,14.222528249143231
AT,AKC,urban,2023-08-22 06:00:00+00:00,1,10.1165,12.090600298143588
AT,AKC,urban,2023-08-22 07:00:00+00:00,1,10.2565,9.189401297372413
AT,AKC,urban,2023-08-22 08:00:00+00:00,1,10.813,9.267541081029822
AT,AKC,urban,2023-08-22 09:00:00+00:00,1,10.702,10.707806093693165
AT,AKC,urban,2023-08-22 10:00:00+00:00,1,9.7784,9.864572709212421
AT,AKC,urban,2023-08-22 11:00:00+00:00,1,8.30055,9.252233307542891
AT,AKC,urban,2023-08-22 12:00:00+00:00,1,7.699649,7.999455354723292
AT,AKC,urban,2023-08-22 13:00:00+00:00,1,8.01185,7.84909607127484
AT,AKC,urban,2023-08-22 14:00:00+00:00,1,7.82135,8.080557409617864
AT,AKC,urban,2023-08-22 15:00:00+00:00,1,8.461099,8.030921937389973
AT,AKC,urban,2023-08-22 16:00:00+00:00,1,6.68245,8.43862283674201
AT,AKC,urban,2023-08-22 17:00:00+00:00,1,7.127749,6.833471694941675
AT,AKC,urban,2023-08-22 18:00:00+00:00,1,8.807,8.228341699858095
AT,AKC,urban,2023-08-22 19:00:00+00:00,1,8.29555,9.540213447289275
AT,AKC,urban,2023-08-22 20:00:00+00:00,1,8.0867,7.789375436558867
AT,AKC,urban,2023-08-22 21:00:00+00:00,1,8.542099,7.854537228046041
AT,AKC,urban,2023-08-22 22:00:00+00:00,1,8.732599,8.247459299804763
AT,AKC,urban,2023-08-22 23:00:00+00:00,1,8.58145,8.39124528432803
AT,AKC,urban,2023-08-23 00:00:00+00:00,1,8.808199,8.358086817930069
AT,AKC,urban,2023-08-23 01:00:00+00:00,1,9.36905,8.66016071779731
AT,AKC,urban,2023-08-23 02:00:00+00:00,1,10.19425,8.781989448263097
AT,AKC,urban,2023-08-23 03:00:00+00:00,1,10.5445,9.943466962799118
AT,AKC,urban,2023-08-23 04:00:00+00:00,1,9.99775,10.301194501190565
AT,AKC,urban,2023-08-23 05:00:00+00:00,1,10.3259,9.80537877843905
AT,AKC,urban,2023-08-23 06:00:00+00:00,1,10.12105,10.098672369420555
AT,AKC,urban,2023-08-23 07:00:00+00:00,1,10.413,9.971961533717053
AT,AKC,urban,2023-08-23 08:00:00+00:00,1,8.475149,10.270296198093835
AT,AKC,urban,2023-08-23 09:00:00+00:00,1,8.34305,8.16205605951816
AT,AKC,urban,2023-08-23 10:00:00+00:00,1,8.825349,7.44885728224536
AT,AKC,urban,2023-08-23 11:00:00+00:00,1,9.060549,8.397361456826186
AT,AKC,urban,2023-08-23 12:00:00+00:00,1,9.98455,8.6188581803817
AT,AKC,urban,2023-08-23 13:00:00+00:00,1,8.648849,9.648134531436142
AT,AKC,urban,2023-08-23 14:00:00+00:00,1,7.696549,8.243299864949545
AT,AKC,urban,2023-08-23 15:00:00+00:00,1,6.890999,7.626912476813697
AT,AKC,urban,2023-08-23 16:00:00+00:00,1,5.7224,6.479665666300008
AT,AKC,urban,2023-08-23 17:00:00+00:00,1,6.10925,5.9463709392752335
AT,AKC,urban,2023-08-23 18:00:00+00:00,1,5.94845,6.708126853308421
AT,AKC,urban,2023-08-23 19:00:00+00:00,1,7.2486,6.17986288651656
AT,AKC,urban,2023-08-23 20:00:00+00:00,1,8.108749,7.7767011697770165
AT,AKC,urban,2023-08-23 21:00:00+00:00,1,8.299799,8.046819504930017
AT,AKC,urban,2023-08-23 22:00:00+00:00,1,8.629749,8.520486107885088
AT,AKC,urban,2023-08-23 23:00:00+00:00,1,8.51175,8.52248042525813
AT,AKC,urban,2023-08-24 00:00:00+00:00,1,8.57015,8.563646208848862
AT,AKC,urban,2023-08-24 01:00:00+00:00,1,8.9305,8.205197051439686
AT,AKC,urban,2023-08-24 02:00:00+00:00,1,10.397,8.901930236912705
AT,AKC,urban,2023-08-24 03:00:00+00:00,1,11.214,10.765957918816408
AT,AKC,urban,2023-08-24 04:00:00+00:00,1,11.747,10.960451674980469
AT,AKC,urban,2023-08-24 05:00:00+00:00,1,11.4265,11.555274487940835
AT,AKC,urban,2023-08-24 06:00:00+00:00,1,9.9699,11.708231470962833
AT,AKC,urban,2023-08-24 07:00:00+00:00,1,10.1236,9.802761130222954
AT,AKC,urban,2023-08-24 08:00:00+00:00,1,10.3406,9.647639658477363
AT,AKC,urban,2023-08-24 09:00:00+00:00,1,9.294649,9.791979679517613
AT,AKC,urban,2023-08-24 10:00:00+00:00,1,9.493299,8.822991908517618
AT,AKC,urban,2023-08-24 11:00:00+00:00,1,9.0746,9.442831142420975
AT,AKC,urban,2023-08-24 12:00:00+00:00,1,8.94725,8.957916724803635
AT,AKC,urban,2023-08-24 13:00:00+00:00,1,8.697149,8.785496703411312
AT,AKC,urban,2023-08-24 14:00:00+00:00,1,8.5729,8.736371249287114
AT,AKC,urban,2023-08-24 15:00:00+00:00,1,9.6752,8.52018543352185
AT,AKC,urban,2023-08-24 16:00:00+00:00,1,10.531,9.485441042251502
AT,AKC,urban,2023-08-24 17:00:00+00:00,1,10.8995,10.284654722956382
AT,AKC,urban,2023-08-24 18:00:00+00:00,1,9.52795,10.831132697732937
AT,AKC,urban,2023-08-24 19:00:00+00:00,1,8.461899,9.71896678547899
AT,AKC,urban,2023-08-24 20:00:00+00:00,1,8.475549,8.780247562989228
AT,AKC,urban,2023-08-24 21:00:00+00:00,1,8.996649,8.656004406276026
AT,AKC,urban,2023-08-24 22:00:00+00:00,1,9.7336,9.264624638145122
AT,AKC,urban,2023-08-24 23:00:00+00:00,1,16.4935,9.654755140086504
AT,AKC,urban,2023-08-25 00:00:00+00:00,1,9.692899,14.791427266355026
AT,AKC,urban,2023-08-25 01:00:00+00:00,1,4.653999,9.238349824813572
AT,AKC,urban,2023-08-25 02:00:00+00:00,1,2.765599,4.61815933942874
AT,AKC,urban,2023-08-25 03:00:00+00:00,1,2.6482,2.110854771609649
AT,AKC,urban,2023-08-25 04:00:00+00:00,1,3.800799,2.6259303725489787
AT,AKC,urban,2023-08-25 05:00:00+00:00,1,5.857299,4.797684202690579
AT,AKC,urban,2023-08-25 06:00:00+00:00,1,7.6373,6.053958007271099
AT,AKC,urban,2023-08-25 07:00:00+00:00,1,6.483049,6.599251583029314
AT,AKC,urban,2023-08-25 08:00:00+00:00,1,7.260499,6.480057770748147
AT,AKC,urban,2023-08-25 09:00:00+00:00,1,6.6632,7.122571781175235
AT,AKC,urban,2023-08-25 10:00:00+00:00,1,5.26185,6.3842730217306
AT,AKC,urban,2023-08-25 11:00:00+00:00,1,4.813149,5.420512845222046
AT,AKC,urban,2023-08-25 12:00:00+00:00,1,5.371799,4.507180992994794
AT,AKC,urban,2023-08-25 13:00:00+00:00,1,3.381999,5.3528684107909115
AT,AKC,urban,2023-08-25 14:00:00+00:00,1,3.0956,3.765779038434239
AT,AKC,urban,2023-08-25 15:00:00+00:00,1,3.10645,3.564111274846944
AT,AKC,urban,2023-08-25 16:00:00+00:00,1,3.556799,3.6456817765885035
AT,AKC,urban,2023-08-25 17:00:00+00:00,1,4.569499,4.096484811587665
AT,AKC,urban,2023-08-25 18:00:00+00:00,1,7.89545,4.8576833351165725
AT,AKC,urban,2023-08-25 19:00:00+00:00,1,5.02715,6.961379480036449
AT,AKC,urban,2023-08-25 20:00:00+00:00,1,4.901949,4.690719501064564
AT,AKC,urban,2023-08-25 21:00:00+00:00,1,4.7876,4.717696616983442
AT,AKC,urban,2023-08-25 22:00:00+00:00,1,5.1426,4.768932231005721
AT,AKC,urban,2023-08-25 23:00:00+00:00,1,5.255899,5.122261868447762
AT,AKC,urban,2023-08-26 00:00:00+00:00,1,5.2206,5.0210172356727405
AT,AKC,urban,2023-08-26 01:00:00+00:00,1,5.5621,4.90083834513597
AT,AKC,urban,2023-08-26 02:00:00+00:00,1,6.0627,5.583108808624306
AT,AKC,urban,2023-08-26 03:00:00+00:00,1,5.7002,6.048873735653842
AT,AKC,urban,2023-08-26 04:00:00+00:00,1,6.10035,5.743705531707743
AT,AKC,urban,2023-08-26 05:00:00+00:00,1,5.997699,6.720437469666127
AT,AKC,urban,2023-08-26 06:00:00+00:00,1,5.758049,6.222321724478899
AT,AKC,urban,2023-08-26 07:00:00+00:00,1,6.3399,5.375467408168639
AT,AKC,urban,2023-08-26 08:00:00+00:00,1,5.342899,5.601927040264044
AT,AKC,urban,2023-08-26 09:00:00+00:00,1,3.986999,4.775625638318697
AT,AKC,urban,2023-08-26 10:00:00+00:00,1,4.44575,3.432467083879601
AT,AKC,urban,2023-08-26 11:00:00+00:00,1,4.402349,4.266469427405411
AT,AKC,urban,2023-08-26 12:00:00+00:00,1,3.58255,4.411289316486517
AT,AKC,urban,2023-08-26 13:00:00+00:00,1,3.6054,3.588016961868874
AT,AKC,urban,2023-08-26 14:00:00+00:00,1,3.49545,3.7949905846637364
AT,AKC,urban,2023-08-26 15:00:00+00:00,1,3.1476,3.8589582074451876
AT,AKC,urban,2023-08-26 16:00:00+00:00,1,4.051799,3.653575807475132
AT,AKC,urban,2023-08-26 17:00:00+00:00,1,5.123799,4.782908718003171
AT,AKC,urban,2023-08-26 18:00:00+00:00,1,5.658699,5.750425834157529
AT,AKC,urban,2023-08-26 19:00:00+00:00,1,5.21615,5.932727692175053
AT,AKC,urban,2023-08-26 20:00:00+00:00,1,2.324199,4.713040315423761
AT,AKC,urban,2023-08-26 21:00:00+00:00,1,2.814249,2.696377707170921
AT,AKC,urban,2023-08-26 22:00:00+00:00,1,3.551299,2.861008308391213
AT,AKC,urban,2023-08-26 23:00:00+00:00,1,3.23965,3.4581802278274765
AT,AKC,urban,2023-08-27 00:00:00+00:00,1,4.078299,3.215433750243502
AT,AKC,urban,2023-08-27 01:00:00+00:00,1,4.275449,3.9559285207412067
AT,AKC,urban,2023-08-27 02:00:00+00:00,1,4.82495,4.155140845462636
AT,AKC,urban,2023-08-27 03:00:00+00:00,1,4.579599,4.695586364585747
AT,AKC,urban,2023-08-27 04:00:00+00:00,1,5.13595,4.628007532556506
AT,AKC,urban,2023-08-27 05:00:00+00:00,1,4.7623,5.1266791623172345
AT,AKC,urban,2023-08-27 06:00:00+00:00,1,4.51795,4.933431352918543
AT,AKC,urban,2023-08-27 07:00:00+00:00,1,3.65245,4.7917538244422495
AT,AKC,urban,2023-08-27 08:00:00+00:00,1,3.6303,3.6291172768320443
AT,AKC,urban,2023-08-27 09:00:00+00:00,1,4.038549,3.786142559578682
AT,AKC,urban,2023-08-27 10:00:00+00:00,1,4.910949,3.978482592084479
AT,AKC,urban,2023-08-27 11:00:00+00:00,1,4.92765,4.539540819739912
AT,AKC,urban,2023-08-27 12:00:00+00:00,1,6.165249,4.63576300320333
AT,AKC,urban,2023-08-27 13:00:00+00:00,1,6.638249,5.560171964000542
AT,AKC,urban,2023-08-27 14:00:00+00:00,1,6.4995,5.91123074233159
AT,AKC,urban,2023-08-27 15:00:00+00:00,1,5.5692,5.8913668884028425
AT,AKC,urban,2023-08-27 16:00:00+00:00,1,3.912099,5.297717179368341
AT,AKC,urban,2023-08-27 17:00:00+00:00,1,3.150449,3.996354164148727
AT,AKC,urban,2023-08-27 18:00:00+00:00,1,3.191249,3.290936909904488
AT,AKC,urban,2023-08-27 19:00:00+00:00,1,2.48885,3.279457866321124
AT,AKC,urban,2023-08-27 20:00:00+00:00,1,2.49615,2.6086181603897316
AT,AKC,urban,2023-08-27 21:00:00+00:00,1,2.781799,2.5814559741828766
AT,AKC,urban,2023-08-27 22:00:00+00:00,1,3.087899,2.828611917125464
AT,AKC,urban,2023-08-27 23:00:00+00:00,1,3.178949,2.971890073988586
AT,AKC,urban,2023-08-28 00:00:00+00:00,1,3.132349,3.2810563556288876
AT,AKC,urban,2023-08-28 01:00:00+00:00,1,2.825299,3.072912368737981
AT,AKC,urban,2023-08-28 02:00:00+00:00,1,2.6933,2.7929315555046195
AT,AKC,urban,2023-08-28 03:00:00+00:00,1,2.609149,2.7171113569687186
AT,AKC,urban,2023-08-28 04:00:00+00:00,1,3.959399,2.926663532580662
AT,AKC,urban,2023-08-28 05:00:00+00:00,1,4.6778,4.1036121407248665
AT,AKC,urban,2023-08-28 06:00:00+00:00,1,4.573699,4.36190569116982
AT,AKC,urban,2023-08-28 07:00:00+00:00,1,4.5734,4.5244228376792535
AT,AKC,urban,2023-08-28 08:00:00+00:00,1,4.87895,4.293676030492225
AT,AKC,urban,2023-08-28 09:00:00+00:00,1,5.4005,4.693271027292042
AT,AKC,urban,2023-08-28 10:00:00+00:00,1,4.542449,5.08827584549552
AT,AKC,urban,2023-08-28 11:00:00+00:00,1,4.380499,4.398396137012018
AT,AKC,urban,2023-08-28 12:00:00+00:00,1,4.94375,4.406571478343505
AT,AKC,urban,2023-08-28 13:00:00+00:00,1,5.140899,4.930880218716112
AT,AKC,urban,2023-08-28 14:00:00+00:00,1,6.811849,4.957363827243427
AT,AKC,urban,2023-08-28 15:00:00+00:00,1,8.184,6.494053311856291
AT,AKC,urban,2023-08-28 16:00:00+00:00,1,9.05395,7.535825269160394
AT,AKC,urban,2023-08-28 17:00:00+00:00,1,9.75625,8.275285597162462
AT,AKC,urban,2023-08-28 18:00:00+00:00,1,9.36905,8.707833804788798
AT,AKC,urban,2023-08-28 19:00:00+00:00,1,3.628849,8.355641558925011
AT,AKC,urban,2023-08-28 20:00:00+00:00,1,3.0562,3.436857611926335
AT,AKC,urban,2023-08-28 21:00:00+00:00,1,2.039499,3.3036181295757565
AT,AKC,urban,2023-08-28 22:00:00+00:00,1,2.732699,2.361980455949819
AT,AKC,urban,2023-08-28 23:00:00+00:00,1,4.174449,2.847420826825129
AT,AKC,urban,2023-08-29 00:00:00+00:00,1,4.7026,4.032387190976486
AT,AKC,urban,2023-08-29 01:00:00+00:00,1,4.051599,4.525519523571834
AT,AKC,urban,2023-08-29 02:00:00+00:00,1,3.905499,4.198116591117671
AT,AKC,urban,2023-08-29 03:00:00+00:00,1,3.974349,4.028137855218997
AT,AKC,urban,2023-08-29 04:00:00+00:00,1,4.05115,4.39460335761358
AT,AKC,urban,2023-08-29 05:00:00+00:00,1,4.02855,4.286386875117284
AT,AKC,urban,2023-08-29 06:00:00+00:00,1,3.0218,4.022377957509498
AT,AKC,urban,2023-08-29 07:00:00+00:00,1,2.60395,3.2109262309044446
AT,AKC,urban,2023-08-29 08:00:00+00:00,1,2.212349,3.1205202603189264
AT,AKC,urban,2023-08-29 09:00:00+00:00,1,2.30205,1.1673483228685235
AT,AKC,urban,2023-08-29 10:00:00+00:00,1,2.8382,2.601776963167172
AT,AKC,urban,2023-08-29 11:00:00+00:00,1,3.42315,2.973129277604805
AT,AKC,urban,2023-08-29 12:00:00+00:00,1,3.9151,3.83158148798271
AT,AKC,urban,2023-08-29 13:00:00+00:00,1,3.82315,4.105437982843519
AT,AKC,urban,2023-08-29 14:00:00+00:00,1,2.729,3.7217951016084143
AT,AKC,urban,2023-08-29 15:00:00+00:00,1,2.713,2.4961467148165326
AT,AKC,urban,2023-08-29 16:00:00+00:00,1,2.089849,2.5706734648964478
AT,AKC,urban,2023-08-29 17:00:00+00:00,1,1.939499,1.9733187964203367
AT,AKC,urban,2023-08-29 18:00:00+00:00,1,1.8906,1.9864545110668068
AT,AKC,urban,2023-08-29 19:00:00+00:00,1,1.930099,2.0206478886535066
AT,AKC,urban,2023-08-29 20:00:00+00:00,1,2.3049,2.190940776710221
AT,AKC,urban,2023-08-29 21:00:00+00:00,1,2.654649,2.4971162131100826
AT,AKC,urban,2023-08-29 22:00:00+00:00,1,2.740799,2.8477233284590895
AT,AKC,urban,2023-08-29 23:00:00+00:00,1,2.91555,2.8983854849439403
AT,AKC,urban,2023-08-30 00:00:00+00:00,1,2.964349,2.9601038660477386
AT,AKC,urban,2023-08-30 01:00:00+00:00,1,3.310349,2.953695272746078
AT,AKC,urban,2023-08-30 02:00:00+00:00,1,3.0668,3.223097477472873
AT,AKC,urban,2023-08-30 03:00:00+00:00,1,3.63115,2.92764438091271
AT,AKC,urban,2023-08-30 04:00:00+00:00,1,4.705399,3.710501082993865
AT,AKC,urban,2023-08-30 05:00:00+00:00,1,4.948349,4.905139633429663
AT,AKC,urban,2023-08-30 06:00:00+00:00,1,4.1173,4.775244391650634
AT,AKC,urban,2023-08-30 07:00:00+00:00,1,3.994699,3.8135771116535153
AT,AKC,urban,2023-08-30 08:00:00+00:00,1,3.73235,3.8440438721541206
AT,AKC,urban,2023-08-30 09:00:00+00:00,1,2.535449,3.573318510652605
AT,AKC,urban,2023-08-30 10:00:00+00:00,1,2.928849,2.4034711639594057
AT,AKC,urban,2023-08-30 11:00:00+00:00,1,3.698949,2.7558593557207516
AT,AKC,urban,2023-08-30 12:00:00+00:00,1,2.881249,3.6922253415604622
AT,AKC,urban,2023-08-30 13:00:00+00:00,1,2.5707,2.498159156143153
AT,AKC,urban,2023-08-30 14:00:00+00:00,1,2.930999,2.684137792795152
AT,AKC,urban,2023-08-30 15:00:00+00:00,1,3.1124,2.8894799400203546
AT,AKC,urban,2023-08-30 16:00:00+00:00,1,2.8256,3.3055659974589275
AT,AKC,urban,2023-08-30 17:00:00+00:00,1,3.1356,3.113675819022184
AT,AKC,urban,2023-08-30 18:00:00+00:00,1,3.55525,3.5324610183821115
AT,AKC,urban,2023-08-30 19:00:00+00:00,1,3.6988,3.603920307106346
AT,AKC,urban,2023-08-30 20:00:00+00:00,1,3.598599,3.8543477376340576
AT,AKC,urban,2023-08-30 21:00:00+00:00,1,3.730549,3.7406625711636003
AT,AKC,urban,2023-08-30 22:00:00+00:00,1,3.9293,3.8088667080924523
AT,AKC,urban,2023-08-30 23:00:00+00:00,1,3.8741,3.9247372494650747
AT,AKC,urban,2023-08-31 00:00:00+00:00,1,4.3337,3.9978692466530283
AT,AKC,urban,2023-08-31 01:00:00+00:00,1,4.780949,4.209973026258673
AT,AKC,urban,2023-08-31 02:00:00+00:00,1,4.470299,4.64765054537358
AT,AKC,urban,2023-08-31 03:00:00+00:00,1,4.0487,4.5115915831986655
AT,AKC,urban,2023-08-31 04:00:00+00:00,1,4.408749,5.059799672620784
AT,AKC,urban,2023-08-31 05:00:00+00:00,1,4.4321,4.9286908591333685
AT,AKC,urban,2023-08-31 06:00:00+00:00,1,4.979249,4.412616251841229
AT,AKC,urban,2023-08-31 07:00:00+00:00,1,5.64365,4.435578099445589
AT,AKC,urban,2023-08-31 08:00:00+00:00,1,4.3879,5.285795335908581
AT,AKC,urban,2023-08-31 09:00:00+00:00,1,4.094099,4.189985463807023
AT,AKC,urban,2023-08-31 10:00:00+00:00,1,5.1828,4.210676892859436
AT,AKC,urban,2023-08-31 11:00:00+00:00,1,4.43595,5.718481188930792
AT,AKC,urban,2023-08-31 12:00:00+00:00,1,4.652999,3.7325342167077267
AT,AKC,urban,2023-08-31 13:00:00+00:00,1,3.7406,4.585638254649272
AT,AKC,urban,2023-08-31 14:00:00+00:00,1,3.67125,3.8173706373200034
AT,AKC,urban,2023-08-31 15:00:00+00:00,1,3.483,3.1980476203152044
AT,AKC,urban,2023-08-31 16:00:00+00:00,1,3.860399,3.474644179500647
AT,AKC,urban,2023-08-31 17:00:00+00:00,1,4.161649,4.256242570698255
AT,AKC,urban,2023-08-31 18:00:00+00:00,1,4.79465,4.662617747199512
AT,AKC,urban,2023-08-31 19:00:00+00:00,1,5.09035,5.3008023461161855
AT,AKC,urban,2023-08-31 20:00:00+00:00,1,5.687,5.633022660964194
AT,AKC,urban,2023-08-31 21:00:00+00:00,1,3.8828,6.500993107378463
AT,AKC,urban,2023-08-31 22:00:00+00:00,1,3.720699,3.1085579584963767
AT,AKC,urban,2023-08-31 23:00:00+00:00,1,3.8024,3.5061331008759318
AT,AKC,urban,2023-09-01 00:00:00+00:00,1,3.926849,3.527203404798911
AT,AKC,urban,2023-09-01 01:00:00+00:00,1,3.898149,3.894146130402479
AT,AKC,urban,2023-09-01 02:00:00+00:00,1,4.334699,3.9005492095428735
AT,AKC,urban,2023-09-01 03:00:00+00:00,1,5.4146,4.312499704512071
AT,AKC,urban,2023-09-01 04:00:00+00:00,1,6.775449,6.5855929904543125
AT,AKC,urban,2023-09-01 05:00:00+00:00,1,6.6096,7.893664501261306
AT,AKC,urban,2023-09-01 06:00:00+00:00,1,5.44775,6.834680344542996
AT,AKC,urban,2023-09-01 07:00:00+00:00,1,6.1366,5.172005260101791
AT,AKC,urban,2023-09-01 08:00:00+00:00,1,5.1976,6.093085371193052
AT,AKC,urban,2023-09-01 09:00:00+00:00,1,4.3592,4.927468267266985
AT,AKC,urban,2023-09-01 10:00:00+00:00,1,3.82625,4.2655258145123405
AT,AKC,urban,2023-09-01 11:00:00+00:00,1,3.38205,3.9748245745953064
AT,AKC,urban,2023-09-01 12:00:00+00:00,1,2.67065,3.7088066409182368
AT,AKC,urban,2023-09-01 13:00:00+00:00,1,2.134999,2.772494338842556
AT,AKC,urban,2023-09-01 14:00:00+00:00,1,1.93945,2.202586917242069
AT,AKC,urban,2023-09-01 15:00:00+00:00,1,2.676849,2.0520081740422924
AT,AKC,urban,2023-09-01 16:00:00+00:00,1,3.54185,3.0288976012407254
AT,AKC,urban,2023-09-01 17:00:00+00:00,1,4.91355,3.794661975432593
AT,AKC,urban,2023-09-01 18:00:00+00:00,1,5.297149,5.679351484990271
AT,AKC,urban,2023-09-01 19:00:00+00:00,1,5.01245,6.725149077085987
AT,AKC,urban,2023-09-01 20:00:00+00:00,1,5.80455,5.3799608262668706
AT,AKC,urban,2023-09-01 21:00:00+00:00,1,5.389649,6.368005484712143
AT,AKC,urban,2023-09-01 22:00:00+00:00,1,4.89645,5.31528076473769
AT,AKC,urban,2023-09-01 23:00:00+00:00,1,4.83045,5.233080373266841
AT,AKC,urban,2023-09-02 00:00:00+00:00,1,5.0696,5.267141698097269
AT,AKC,urban,2023-09-02 01:00:00+00:00,1,4.4769,5.535737568953856
AT,AKC,urban,2023-09-02 02:00:00+00:00,1,5.6082,4.724176659559937
AT,AKC,urban,2023-09-02 03:00:00+00:00,1,5.624949,6.320377870201153
AT,AKC,urban,2023-09-02 04:00:00+00:00,1,5.885999,6.172251592359448
AT,AKC,urban,2023-09-02 05:00:00+00:00,1,6.066499,6.188727508053741
AT,AKC,urban,2023-09-02 06:00:00+00:00,1,4.520599,6.117047021574905
AT,AKC,urban,2023-09-02 07:00:00+00:00,1,3.616,4.918725638940057
AT,AKC,urban,2023-09-02 08:00:00+00:00,1,2.895949,2.9172079039104872
AT,AKC,urban,2023-09-02 09:00:00+00:00,1,2.6605,2.5027234317491285
AT,AKC,urban,2023-09-02 10:00:00+00:00,1,2.820199,2.4270878155785276
AT,AKC,urban,2023-09-02 11:00:00+00:00,1,3.03765,2.7812250924604633
AT,AKC,urban,2023-09-02 12:00:00+00:00,1,3.094049,3.3118705976242744
AT,AKC,urban,2023-09-02 13:00:00+00:00,1,3.100899,2.1709228412940007
AT,AKC,urban,2023-09-02 14:00:00+00:00,1,3.3115,3.3596922709087274
AT,AKC,urban,2023-09-02 15:00:00+00:00,1,3.407449,3.666926956505222
AT,AKC,urban,2023-09-02 16:00:00+00:00,1,4.420749,4.08284578264913
AT,AKC,urban,2023-09-02 17:00:00+00:00,1,3.875649,5.174999698536098
AT,AKC,urban,2023-09-02 18:00:00+00:00,1,5.127449,4.203441368597666
AT,AKC,urban,2023-09-02 19:00:00+00:00,1,5.8898,6.194457168970214
AT,AKC,urban,2023-09-02 20:00:00+00:00,1,5.70795,7.025397415519421
AT,AKC,urban,2023-09-02 21:00:00+00:00,1,5.857999,6.383614028660315
AT,AKC,urban,2023-09-02 22:00:00+00:00,1,6.742149,6.6405380368394304
AT,AKC,urban,2023-09-02 23:00:00+00:00,1,5.123499,7.429706743464639
AT,AKC,urban,2023-09-03 00:00:00+00:00,1,4.1758,4.764177473483656
AT,AKC,urban,2023-09-03 01:00:00+00:00,1,4.08115,3.593276303083787
AT,AKC,urban,2023-09-03 02:00:00+00:00,1,4.150899,4.275369977761937
AT,AKC,urban,2023-09-03 03:00:00+00:00,1,4.267849,4.450841874620462
AT,AKC,urban,2023-09-03 04:00:00+00:00,1,4.2087,4.571979902514862
AT,AKC,urban,2023-09-03 05:00:00+00:00,1,3.7715,4.426092956636285
AT,AKC,urban,2023-09-03 06:00:00+00:00,1,3.624399,3.716394298516775
AT,AKC,urban,2023-09-03 07:00:00+00:00,1,3.51795,3.5406435912508165
AT,AKC,urban,2023-09-03 08:00:00+00:00,1,4.032549,3.4378137643305458
AT,AKC,urban,2023-09-03 09:00:00+00:00,1,3.289999,3.8062469144056834
AT,AKC,urban,2023-09-03 10:00:00+00:00,1,3.590749,3.2164057483764736
AT,AKC,urban,2023-09-03 11:00:00+00:00,1,3.23515,3.4919165016052425
AT,AKC,urban,2023-09-03 12:00:00+00:00,1,2.915549,3.3378222985422994
AT,AKC,urban,2023-09-03 13:00:00+00:00,1,3.197999,3.1607154186498967
AT,AKC,urban,2023-09-03 14:00:00+00:00,1,3.666699,3.4951001679802935
AT,AKC,urban,2023-09-03 15:00:00+00:00,1,3.88175,3.9825386763143946
AT,AKC,urban,2023-09-03 16:00:00+00:00,1,4.30605,4.168020193515208
AT,AKC,urban,2023-09-03 17:00:00+00:00,1,4.6103,4.437961925502229
AT,AKC,urban,2023-09-03 18:00:00+00:00,1,4.55895,4.590484049219047
AT,AKC,urban,2023-09-03 19:00:00+00:00,1,5.11415,4.9079508409439505
AT,AKC,urban,2023-09-03 20:00:00+00:00,1,5.563899,5.195832648176225
AT,AKC,urban,2023-09-03 21:00:00+00:00,1,6.2802,5.579575372741466
AT,AKC,urban,2023-09-03 22:00:00+00:00,1,6.675799,6.0393921029916235
AT,AKC,urban,2023-09-03 23:00:00+00:00,1,7.035349,6.472751408611032
AT,AKC,urban,2023-09-04 00:00:00+00:00,1,7.065649,6.8772650950796965
AT,AKC,urban,2023-09-04 01:00:00+00:00,1,7.082449,6.8571509026515685
AT,AKC,urban,2023-09-04 02:00:00+00:00,1,7.27165,6.937911039504357
AT,AKC,urban,2023-09-04 03:00:00+00:00,1,7.0837,7.164523361484502
AT,AKC,urban,2023-09-04 04:00:00+00:00,1,6.74905,7.100822559005703
AT,AKC,urban,2023-09-04 05:00:00+00:00,1,6.259399,7.035762971778709
AT,AKC,urban,2023-09-04 06:00:00+00:00,1,5.1574,6.170100245568662
AT,AKC,urban,2023-09-04 07:00:00+00:00,1,4.76875,5.008520248313726
AT,AKC,urban,2023-09-04 08:00:00+00:00,1,4.93,4.592410589305228
AT,AKC,urban,2023-09-04 09:00:00+00:00,1,4.473549,4.854628100583941
AT,AKC,urban,2023-09-04 10:00:00+00:00,1,4.2114,4.473253075373247
AT,AKC,urban,2023-09-04 11:00:00+00:00,1,4.1047,4.331929063535959
AT,AKC,urban,2023-09-04 12:00:00+00:00,1,4.020349,4.319987308988225
AT,AKC,urban,2023-09-04 13:00:00+00:00,1,3.9622,4.182437487295346
AT,AKC,urban,2023-09-04 14:00:00+00:00,1,4.134249,4.35336590439416
AT,AKC,urban,2023-09-04 15:00:00+00:00,1,4.300499,4.515807026098532
AT,AKC,urban,2023-09-04 16:00:00+00:00,1,4.756449,4.775482986637456
AT,AKC,urban,2023-09-04 17:00:00+00:00,1,4.70225,5.379783688034166
AT,AKC,urban,2023-09-04 18:00:00+00:00,1,5.360199,5.2576702653421705
AT,AKC,urban,2023-09-04 19:00:00+00:00,1,5.7908,5.98364259516703
AT,AKC,urban,2023-09-04 20:00:00+00:00,1,5.968899,5.875393768850234
AT,AKC,urban,2023-09-04 21:00:00+00:00,1,5.721899,5.9770067107145834
AT,AKC,urban,2023-09-04 22:00:00+00:00,1,5.892399,5.76879997654509
AT,AKC,urban,2023-09-04 23:00:00+00:00,1,6.193799,6.056923287792387
AT,AKC,urban,2023-09-05 00:00:00+00:00,1,6.1637,6.329054328333047
AT,AKC,urban,2023-09-05 01:00:00+00:00,1,6.125699,6.315350435467874
AT,AKC,urban,2023-09-05 02:00:00+00:00,1,6.544249,6.43105894748847
AT,AKC,urban,2023-09-05 03:00:00+00:00,1,7.43955,6.736556548186151
AT,AKC,urban,2023-09-05 04:00:00+00:00,1,10.2936,8.611004798986468
AT,AKC,urban,2023-09-05 05:00:00+00:00,1,8.690549,11.119241198613647
AT,AKC,urban,2023-09-05 06:00:00+00:00,1,7.9656,7.634086973637178
AT,AKC,urban,2023-09-05 07:00:00+00:00,1,7.814499,7.952663023506844
AT,AKC,urban,2023-09-05 08:00:00+00:00,1,6.33275,7.712163865211309
AT,AKC,urban,2023-09-05 09:00:00+00:00,1,5.409549,5.790374969437316
AT,AKC,urban,2023-09-05 10:00:00+00:00,1,5.633699,4.905274560628435
AT,AKC,urban,2023-09-05 11:00:00+00:00,1,5.557199,5.804805480016107
AT,AKC,urban,2023-09-05 12:00:00+00:00,1,5.2827,5.279185228232556
AT,AKC,urban,2023-09-05 13:00:00+00:00,1,5.605799,5.435301714702348
AT,AKC,urban,2023-09-05 14:00:00+00:00,1,5.770899,5.887858221420089
AT,AKC,urban,2023-09-05 15:00:00+00:00,1,6.12055,6.022450142347555
AT,AKC,urban,2023-09-05 16:00:00+00:00,1,7.30045,6.462872525497193
AT,AKC,urban,2023-09-05 17:00:00+00:00,1,8.4801,7.652352221160349
AT,AKC,urban,2023-09-05 18:00:00+00:00,1,9.1303,9.222941372996107
AT,AKC,urban,2023-09-05 19:00:00+00:00,1,9.322299,10.35411911343813
AT,AKC,urban,2023-09-05 20:00:00+00:00,1,9.061349,9.075586748001896
AT,AKC,urban,2023-09-05 21:00:00+00:00,1,8.7077,8.992491027396923
AT,AKC,urban,2023-09-05 22:00:00+00:00,1,8.73365,8.257662372563168
AT,AKC,urban,2023-09-05 23:00:00+00:00,1,9.123649,8.47573194387433
AT,AKC,urban,2023-09-06 00:00:00+00:00,1,9.13265,9.397418293709602
AT,AKC,urban,2023-09-06 01:00:00+00:00,1,11.1575,9.129115510425663
AT,AKC,urban,2023-09-06 02:00:00+00:00,1,11.339,10.890426257441138
AT,AKC,urban,2023-09-06 03:00:00+00:00,1,12.224,10.890732523446957
AT,AKC,urban,2023-09-06 04:00:00+00:00,1,14.558,12.628498225077902
AT,AKC,urban,2023-09-06 05:00:00+00:00,1,15.996,14.67700538588129
AT,AKC,urban,2023-09-06 06:00:00+00:00,1,12.3015,15.24312405668557
AT,AKC,urban,2023-09-06 07:00:00+00:00,1,10.0525,11.678562765529211
AT,AKC,urban,2023-09-06 08:00:00+00:00,1,8.03055,9.321157775626723
AT,AKC,urban,2023-09-06 09:00:00+00:00,1,6.777299,7.783235577379269
AT,AKC,urban,2023-09-06 10:00:00+00:00,1,6.3837,5.353829851549136
AT,AKC,urban,2023-09-06 11:00:00+00:00,1,5.7704,6.315656621084578
AT,AKC,urban,2023-09-06 12:00:00+00:00,1,5.9004,6.501376722120515
AT,AKC,urban,2023-09-06 13:00:00+00:00,1,6.066849,6.403449637222526
AT,AKC,urban,2023-09-06 14:00:00+00:00,1,5.8372,6.5895653430170285
AT,AKC,urban,2023-09-06 15:00:00+00:00,1,5.41645,6.162632045883605
AT,AKC,urban,2023-09-06 16:00:00+00:00,1,6.517,5.900440858350073
AT,AKC,urban,2023-09-06 17:00:00+00:00,1,7.36705,7.039550670765397
AT,AKC,urban,2023-09-06 18:00:00+00:00,1,8.163849,7.7947287699806544
AT,AKC,urban,2023-09-06 19:00:00+00:00,1,8.60445,9.237270891217651
AT,AKC,urban,2023-09-06 20:00:00+00:00,1,9.18485,9.737942088966971
AT,AKC,urban,2023-09-06 21:00:00+00:00,1,10.9755,9.722978840822758
AT,AKC,urban,2023-09-06 22:00:00+00:00,1,10.9415,11.364258108925775
AT,AKC,urban,2023-09-06 23:00:00+00:00,1,10.2745,10.389646152074743
AT,AKC,urban,2023-09-07 00:00:00+00:00,1,10.2785,9.921203218154272
AT,AKC,urban,2023-09-07 01:00:00+00:00,1,10.761,10.17634347446953
AT,AKC,urban,2023-09-07 02:00:00+00:00,1,11.622,10.728126999432646
AT,AKC,urban,2023-09-07 03:00:00+00:00,1,11.7795,11.5488684489669
AT,AKC,urban,2023-09-07 04:00:00+00:00,1,12.4265,12.366905299892082
AT,AKC,urban,2023-09-07 05:00:00+00:00,1,13.25,12.93274656676142
AT,AKC,urban,2023-09-07 06:00:00+00:00,1,11.285,13.288505274362514
AT,AKC,urban,2023-09-07 07:00:00+00:00,1,13.154,11.058646704485195
AT,AKC,urban,2023-09-07 08:00:00+00:00,1,9.985,12.878504733622009
AT,AKC,urban,2023-09-07 09:00:00+00:00,1,5.98535,8.983040364254908
AT,AKC,urban,2023-09-07 10:00:00+00:00,1,5.969299,5.034977313927932
AT,AKC,urban,2023-09-07 11:00:00+00:00,1,5.1861,5.659409420996635
AT,AKC,urban,2023-09-07 12:00:00+00:00,1,5.675,5.272703162725563
AT,AKC,urban,2023-09-07 13:00:00+00:00,1,5.845099,5.949592146962033
AT,AKC,urban,2023-09-07 14:00:00+00:00,1,5.8224,5.850280968945718
AT,AKC,urban,2023-09-07 15:00:00+00:00,1,5.8886,6.24059510724992
AT,AKC,urban,2023-09-07 16:00:00+00:00,1,6.456649,6.497607393669419
AT,AKC,urban,2023-09-07 17:00:00+00:00,1,8.69995,7.248620787147988
AT,AKC,urban,2023-09-07 18:00:00+00:00,1,10.121,9.810888573568072
AT,AKC,urban,2023-09-07 19:00:00+00:00,1,10.4675,11.497908907771865
AT,AKC,urban,2023-09-07 20:00:00+00:00,1,9.954099,11.865643968934545
AT,AKC,urban,2023-09-07 21:00:00+00:00,1,11.6315,10.399887019164566
AT,AKC,urban,2023-09-07 22:00:00+00:00,1,12.847,11.2196313862683
AT,AKC,urban,2023-09-07 23:00:00+00:00,1,12.0625,12.131261302298316
AT,AKC,urban,2023-09-08 00:00:00+00:00,1,11.6725,11.646397647993442
AT,AKC,urban,2023-09-08 01:00:00+00:00,1,11.685,11.165161090073969
AT,AKC,urban,2023-09-08 02:00:00+00:00,1,11.429,11.259666708396121
AT,AKC,urban,2023-09-08 03:00:00+00:00,1,11.901,11.398636748360744
AT,AKC,urban,2023-09-08 04:00:00+00:00,1,13.8725,12.450010296945308
AT,AKC,urban,2023-09-08 05:00:00+00:00,1,13.9765,14.470228696469931
AT,AKC,urban,2023-09-08 06:00:00+00:00,1,12.777,13.643351190525166
AT,AKC,urban,2023-09-08 07:00:00+00:00,1,10.4218,13.07330867472227
AT,AKC,urban,2023-09-08 08:00:00+00:00,1,6.882249,9.379407166571976
AT,AKC,urban,2023-09-08 09:00:00+00:00,1,6.094049,5.795688152341924
AT,AKC,urban,2023-09-08 10:00:00+00:00,1,5.76655,6.006838585126392
AT,AKC,urban,2023-09-08 11:00:00+00:00,1,6.20685,5.543593051688475
AT,AKC,urban,2023-09-08 12:00:00+00:00,1,5.991849,6.423949008786977
AT,AKC,urban,2023-09-08 13:00:00+00:00,1,5.4538,6.214640507359942
AT,AKC,urban,2023-09-08 14:00:00+00:00,1,5.599749,5.796916384169272
AT,AKC,urban,2023-09-08 15:00:00+00:00,1,6.026849,5.990424418305711
AT,AKC,urban,2023-09-08 16:00:00+00:00,1,7.04495,6.828478340531593
AT,AKC,urban,2023-09-08 17:00:00+00:00,1,8.268799,7.658618610594775
AT,AKC,urban,2023-09-08 18:00:00+00:00,1,9.482399,8.599359390862507
AT,AKC,urban,2023-09-08 19:00:00+00:00,1,10.2099,10.382474131005633
AT,AKC,urban,2023-09-08 20:00:00+00:00,1,11.367,10.988915778374228
AT,AKC,urban,2023-09-08 21:00:00+00:00,1,12.416,12.029649607436994
AT,AKC,urban,2023-09-08 22:00:00+00:00,1,12.1675,12.883384445564147
AT,AKC,urban,2023-09-08 23:00:00+00:00,1,13.066,11.731015018831112
AT,AKC,urban,2023-09-09 00:00:00+00:00,1,12.5185,13.425147904237445
AT,AKC,urban,2023-09-09 01:00:00+00:00,1,12.436,11.484011819321655
AT,AKC,urban,2023-09-09 02:00:00+00:00,1,12.42,11.727634018909253
AT,AKC,urban,2023-09-09 03:00:00+00:00,1,12.295,11.895535196814027
AT,AKC,urban,2023-09-09 04:00:00+00:00,1,13.0105,12.188503834476027
AT,AKC,urban,2023-09-09 05:00:00+00:00,1,14.2935,13.261761961454074
AT,AKC,urban,2023-09-09 06:00:00+00:00,1,13.318,13.919520184040142
AT,AKC,urban,2023-09-09 07:00:00+00:00,1,12.391,13.086492869625328
AT,AKC,urban,2023-09-09 08:00:00+00:00,1,8.4558,11.704472094375898
AT,AKC,urban,2023-09-09 09:00:00+00:00,1,6.5564,7.484902522921729
AT,AKC,urban,2023-09-09 10:00:00+00:00,1,6.1061,6.0300219661755605
AT,AKC,urban,2023-09-09 11:00:00+00:00,1,6.155499,6.1087256437020585
AT,AKC,urban,2023-09-09 12:00:00+00:00,1,6.21685,6.289823131458025
AT,AKC,urban,2023-09-09 13:00:00+00:00,1,6.3027,6.490635325713942
AT,AKC,urban,2023-09-09 14:00:00+00:00,1,6.49765,6.668726972426832
AT,AKC,urban,2023-09-09 15:00:00+00:00,1,6.654649,6.9775440474351775
AT,AKC,urban,2023-09-09 16:00:00+00:00,1,7.487499,7.461103457169557
AT,AKC,urban,2023-09-09 17:00:00+00:00,1,9.46095,8.524822000098716
AT,AKC,urban,2023-09-09 18:00:00+00:00,1,10.54055,9.414441239738434
AT,AKC,urban,2023-09-09 19:00:00+00:00,1,11.916,11.117837928870106
AT,AKC,urban,2023-09-09 20:00:00+00:00,1,11.7135,13.317815032034126
AT,AKC,urban,2023-09-09 21:00:00+00:00,1,12.6245,12.052032374012907
AT,AKC,urban,2023-09-09 22:00:00+00:00,1,14.172,13.276581830041795
AT,AKC,urban,2023-09-09 23:00:00+00:00,1,14.011,15.026245067734624
AT,AKC,urban,2023-09-10 00:00:00+00:00,1,13.8965,13.050112760772354
AT,AKC,urban,2023-09-10 01:00:00+00:00,1,13.94,13.659993114535666
AT,AKC,urban,2023-09-10 02:00:00+00:00,1,14.1645,13.57631359333567
AT,AKC,urban,2023-09-10 03:00:00+00:00,1,13.6115,13.158881885962483
AT,AKC,urban,2023-09-10 04:00:00+00:00,1,14.172,12.900163579409082
AT,AKC,urban,2023-09-10 05:00:00+00:00,1,15.81,13.613903424575422
AT,AKC,urban,2023-09-10 06:00:00+00:00,1,13.3075,14.841015695092235
AT,AKC,urban,2023-09-10 07:00:00+00:00,1,12.0195,12.439155043383032
AT,AKC,urban,2023-09-10 08:00:00+00:00,1,11.794,11.54123121163919
AT,AKC,urban,2023-09-10 09:00:00+00:00,1,10.8095,10.881907030317812
AT,AKC,urban,2023-09-10 10:00:00+00:00,1,10.2675,10.233604721741624
AT,AKC,urban,2023-09-10 11:00:00+00:00,1,9.3422,9.844213425467377
AT,AKC,urban,2023-09-10 12:00:00+00:00,1,8.797249,9.116972597590198
AT,AKC,urban,2023-09-10 13:00:00+00:00,1,8.2593,8.6669324542389
AT,AKC,urban,2023-09-10 14:00:00+00:00,1,7.81035,8.344470390446144
AT,AKC,urban,2023-09-10 15:00:00+00:00,1,7.76585,8.054929071776641
AT,AKC,urban,2023-09-10 16:00:00+00:00,1,8.6665,8.369585895318366
AT,AKC,urban,2023-09-10 17:00:00+00:00,1,11.4555,9.725270854978245
AT,AKC,urban,2023-09-10 18:00:00+00:00,1,12.4715,13.327312961556562
AT,AKC,urban,2023-09-10 19:00:00+00:00,1,11.164,13.223285500702769
AT,AKC,urban,2023-09-10 20:00:00+00:00,1,13.214,10.285643991356931
AT,AKC,urban,2023-09-10 21:00:00+00:00,1,13.6725,13.68016285158178
AT,AKC,urban,2023-09-10 22:00:00+00:00,1,13.6375,12.905145127083685
AT,AKC,urban,2023-09-10 23:00:00+00:00,1,14.029,13.16741666657789
AT,AKC,urban,2023-09-11 00:00:00+00:00,1,14.425,13.561949735768732
AT,AKC,urban,2023-09-11 01:00:00+00:00,1,14.0515,13.968517594675028
AT,AKC,urban,2023-09-11 02:00:00+00:00,1,14.934,13.819801723874154
AT,AKC,urban,2023-09-11 03:00:00+00:00,1,15.364,14.833547696669342
AT,AKC,urban,2023-09-11 04:00:00+00:00,1,17.1875,15.730799925560216
AT,AKC,urban,2023-09-11 05:00:00+00:00,1,16.754,17.27678345084285
AT,AKC,urban,2023-09-11 06:00:00+00:00,1,15.245,16.26391060058883
AT,AKC,urban,2023-09-11 07:00:00+00:00,1,14.5045,15.378021608327302
AT,AKC,urban,2023-09-11 08:00:00+00:00,1,14.9145,14.217913114869031
AT,AKC,urban,2023-09-11 09:00:00+00:00,1,14.895,14.280994199921373
AT,AKC,urban,2023-09-11 10:00:00+00:00,1,13.6775,14.08706524204057
AT,AKC,urban,2023-09-11 11:00:00+00:00,1,12.1415,12.677701369392857
AT,AKC,urban,2023-09-11 12:00:00+00:00,1,10.6965,11.486660487112196
AT,AKC,urban,2023-09-11 13:00:00+00:00,1,10.6485,10.411209167094821
AT,AKC,urban,2023-09-11 14:00:00+00:00,1,9.931349,10.745413960036512
AT,AKC,urban,2023-09-11 15:00:00+00:00,1,9.1634,9.925998189917461
AT,AKC,urban,2023-09-11 16:00:00+00:00,1,9.005649,9.556884531689448
AT,AKC,urban,2023-09-11 17:00:00+00:00,1,10.8718,9.996567088912343
AT,AKC,urban,2023-09-11 18:00:00+00:00,1,12.3625,13.273772337284633
AT,AKC,urban,2023-09-11 19:00:00+00:00,1,13.32,12.582361456553603
AT,AKC,urban,2023-09-11 20:00:00+00:00,1,13.8725,13.674792633905408
AT,AKC,urban,2023-09-11 21:00:00+00:00,1,14.6225,13.467934812991942
AT,AKC,urban,2023-09-11 22:00:00+00:00,1,15.7405,13.82922835757719
AT,AKC,urban,2023-09-11 23:00:00+00:00,1,14.8505,15.078813277441423
AT,AKC,urban,2023-09-12 00:00:00+00:00,1,13.825,14.440936075488903
AT,AKC,urban,2023-09-12 01:00:00+00:00,1,14.783,13.323873682353604
AT,AKC,urban,2023-09-12 02:00:00+00:00,1,15.8195,14.567357866839114
AT,AKC,urban,2023-09-12 03:00:00+00:00,1,16.425,15.368134274153562
AT,AKC,urban,2023-09-12 04:00:00+00:00,1,18.3695,16.57662058479564
AT,AKC,urban,2023-09-12 05:00:00+00:00,1,19.7345,18.796618232737643
AT,AKC,urban,2023-09-12 06:00:00+00:00,1,19.4645,19.279475976525184
AT,AKC,urban,2023-09-12 07:00:00+00:00,1,19.423,19.455809276360092
AT,AKC,urban,2023-09-12 08:00:00+00:00,1,18.0755,19.6603092912795
AT,AKC,urban,2023-09-12 09:00:00+00:00,1,15.4385,16.799423368366973
AT,AKC,urban,2023-09-12 10:00:00+00:00,1,15.33,13.771038977780481
AT,AKC,urban,2023-09-12 11:00:00+00:00,1,13.0425,14.669708668081448
AT,AKC,urban,2023-09-12 12:00:00+00:00,1,12.3535,12.058341310209489
AT,AKC,urban,2023-09-12 13:00:00+00:00,1,12.726,11.924208146356396
AT,AKC,urban,2023-09-12 14:00:00+00:00,1,12.406,12.48182372558794
AT,AKC,urban,2023-09-12 15:00:00+00:00,1,13.0515,12.536041877136977
AT,AKC,urban,2023-09-12 16:00:00+00:00,1,14.566,13.2601996110923
AT,AKC,urban,2023-09-12 17:00:00+00:00,1,14.8855,14.729558829563832
AT,AKC,urban,2023-09-12 18:00:00+00:00,1,17.103,15.059167818862747
AT,AKC,urban,2023-09-12 19:00:00+00:00,1,16.6315,19.165443647824688
AT,AKC,urban,2023-09-12 20:00:00+00:00,1,17.0395,15.831385314309642
AT,AKC,urban,2023-09-12 21:00:00+00:00,1,17.774,16.22657654168606
AT,AKC,urban,2023-09-12 22:00:00+00:00,1,20.1495,17.628530864533438
AT,AKC,urban,2023-09-12 23:00:00+00:00,1,20.2335,19.38312622672676
AT,AKC,urban,2023-09-13 00:00:00+00:00,1,19.0465,18.96590714484974
AT,AKC,urban,2023-09-13 01:00:00+00:00,1,20.811,18.339368924912
AT,AKC,urban,2023-09-13 02:00:00+00:00,1,21.359,20.10686598741752
AT,AKC,urban,2023-09-13 03:00:00+00:00,1,22.5155,20.21077701896078
AT,AKC,urban,2023-09-13 04:00:00+00:00,1,26.257,22.655968616217706
AT,AKC,urban,2023-09-13 05:00:00+00:00,1,22.456,25.53888437769165
AT,AKC,urban,2023-09-13 06:00:00+00:00,1,18.435,21.997172679202198
AT,AKC,urban,2023-09-13 07:00:00+00:00,1,14.8905,18.126863836142665
AT,AKC,urban,2023-09-13 08:00:00+00:00,1,10.346,14.703656450023843
AT,AKC,urban,2023-09-13 09:00:00+00:00,1,11.0325,9.806825728809063
AT,AKC,urban,2023-09-13 10:00:00+00:00,1,9.909999,10.485210471318336
AT,AKC,urban,2023-09-13 11:00:00+00:00,1,8.333399,9.551269720071662
AT,AKC,urban,2023-09-13 12:00:00+00:00,1,11.0365,7.71514094012452
AT,AKC,urban,2023-09-13 13:00:00+00:00,1,9.199999,11.01760512212563
AT,AKC,urban,2023-09-13 14:00:00+00:00,1,10.896,8.450712419916865
AT,AKC,urban,2023-09-13 15:00:00+00:00,1,9.2894,10.560237005605469
AT,AKC,urban,2023-09-13 16:00:00+00:00,1,8.25345,9.395322163358994
AT,AKC,urban,2023-09-13 17:00:00+00:00,1,4.60045,8.416717995875743
AT,AKC,urban,2023-09-13 18:00:00+00:00,1,5.494799,4.60004058826625
AT,AKC,urban,2023-09-13 19:00:00+00:00,1,5.510049,6.115616745651629
AT,AKC,urban,2023-09-13 20:00:00+00:00,1,5.498549,5.84502288778301
AT,AKC,urban,2023-09-13 21:00:00+00:00,1,5.725749,5.796389904610024
AT,AKC,urban,2023-09-13 22:00:00+00:00,1,5.5513,5.3564048967806706
AT,AKC,urban,2023-09-13 23:00:00+00:00,1,5.572249,5.436001591947811
AT,AKC,urban,2023-09-14 00:00:00+00:00,1,6.189899,5.460594242581639
AT,AKC,urban,2023-09-14 01:00:00+00:00,1,6.09735,5.971538692397296
AT,AKC,urban,2023-09-14 02:00:00+00:00,1,6.4701,6.000516342962602
AT,AKC,urban,2023-09-14 03:00:00+00:00,1,6.426899,6.2600130665953735
AT,AKC,urban,2023-09-14 04:00:00+00:00,1,7.5734,6.658328538671245
AT,AKC,urban,2023-09-14 05:00:00+00:00,1,7.894399,7.304468496014845
AT,AKC,urban,2023-09-14 06:00:00+00:00,1,8.286149,7.546688149924325
AT,AKC,urban,2023-09-14 07:00:00+00:00,1,10.84895,7.896652892819322
AT,AKC,urban,2023-09-14 08:00:00+00:00,1,8.661699,8.93421734002759
AT,AKC,urban,2023-09-14 09:00:00+00:00,1,6.868999,8.584146433531185
AT,AKC,urban,2023-09-14 10:00:00+00:00,1,6.235699,6.398977615021845
AT,AKC,urban,2023-09-14 11:00:00+00:00,1,5.036149,6.151563935155394
AT,AKC,urban,2023-09-14 12:00:00+00:00,1,3.851249,5.117342533900537
AT,AKC,urban,2023-09-14 13:00:00+00:00,1,3.70455,3.902802340044076
AT,AKC,urban,2023-09-14 14:00:00+00:00,1,3.808549,3.8826667879890344
AT,AKC,urban,2023-09-14 15:00:00+00:00,1,3.960449,4.0470949672230745
AT,AKC,urban,2023-09-14 16:00:00+00:00,1,4.25345,4.424479474035163
AT,AKC,urban,2023-09-14 17:00:00+00:00,1,4.73235,4.952951329809629
AT,AKC,urban,2023-09-14 18:00:00+00:00,1,4.9749,5.349979826769676
AT,AKC,urban,2023-09-14 19:00:00+00:00,1,4.586449,5.558394580630559
AT,AKC,urban,2023-09-14 20:00:00+00:00,1,4.92135,5.082401332551651
AT,AKC,urban,2023-09-14 21:00:00+00:00,1,5.227,5.403705943730415
AT,AKC,urban,2023-09-14 22:00:00+00:00,1,5.580999,5.509539105974184
AT,AKC,urban,2023-09-14 23:00:00+00:00,1,5.974949,5.687874702866399
AT,AKC,urban,2023-09-15 00:00:00+00:00,1,6.727999,6.099920595545644
AT,AKC,urban,2023-09-15 01:00:00+00:00,1,8.087249,6.9047720602012745
AT,AKC,urban,2023-09-15 02:00:00+00:00,1,8.57875,8.01740498916736
AT,AKC,urban,2023-09-15 03:00:00+00:00,1,9.752,8.560203709286284
AT,AKC,urban,2023-09-15 04:00:00+00:00,1,8.72915,10.273296934202666
AT,AKC,urban,2023-09-15 05:00:00+00:00,1,8.149649,9.173767160429676
AT,AKC,urban,2023-09-15 06:00:00+00:00,1,7.983349,8.015849606810193
AT,AKC,urban,2023-09-15 07:00:00+00:00,1,7.773449,7.985691011044608
AT,AKC,urban,2023-09-15 08:00:00+00:00,1,7.846699,7.345806970947617
AT,AKC,urban,2023-09-15 09:00:00+00:00,1,7.1138,7.5526985739900425
AT,AKC,urban,2023-09-15 10:00:00+00:00,1,5.697549,6.7696806429412355
AT,AKC,urban,2023-09-15 11:00:00+00:00,1,5.9503,5.676703153770678
AT,AKC,urban,2023-09-15 12:00:00+00:00,1,5.55595,6.091221312889157
AT,AKC,urban,2023-09-15 13:00:00+00:00,1,6.197199,5.5950072354500655
AT,AKC,urban,2023-09-15 14:00:00+00:00,1,6.156,6.162546990092487
AT,AKC,urban,2023-09-15 15:00:00+00:00,1,6.062449,6.206655752872219
AT,AKC,urban,2023-09-15 16:00:00+00:00,1,6.635,6.327165358512421
AT,AKC,urban,2023-09-15 17:00:00+00:00,1,7.605549,7.1891356999071405
AT,AKC,urban,2023-09-15 18:00:00+00:00,1,8.7665,8.237368359134809
AT,AKC,urban,2023-09-15 19:00:00+00:00,1,9.059,9.008834340214257
AT,AKC,urban,2023-09-15 20:00:00+00:00,1,8.808149,9.446353984549475
AT,AKC,urban,2023-09-15 21:00:00+00:00,1,8.894249,9.687739732952185
AT,AKC,urban,2023-09-15 22:00:00+00:00,1,8.391799,9.10203212010937
AT,AKC,urban,2023-09-15 23:00:00+00:00,1,8.87985,8.058429228481735
AT,AKC,urban,2023-09-16 00:00:00+00:00,1,9.307149,9.270624526679217
AT,AKC,urban,2023-09-16 01:00:00+00:00,1,9.95865,9.719993113227297
AT,AKC,urban,2023-09-16 02:00:00+00:00,1,11.002,10.24356207564756
AT,AKC,urban,2023-09-16 03:00:00+00:00,1,12.3485,10.985224868930036
AT,AKC,urban,2023-09-16 04:00:00+00:00,1,10.86395,12.298433414469827
AT,AKC,urban,2023-09-16 05:00:00+00:00,1,8.45785,10.983309151116586
AT,AKC,urban,2023-09-16 06:00:00+00:00,1,6.83715,7.935835993678559
AT,AKC,urban,2023-09-16 07:00:00+00:00,1,5.890299,6.964800428116401
AT,AKC,urban,2023-09-16 08:00:00+00:00,1,5.439149,6.035307736806228
AT,AKC,urban,2023-09-16 09:00:00+00:00,1,5.372449,5.648788558738833
AT,AKC,urban,2023-09-16 10:00:00+00:00,1,4.9706,5.601596976062542
AT,AKC,urban,2023-09-16 11:00:00+00:00,1,4.323249,5.249561813835271
AT,AKC,urban,2023-09-16 12:00:00+00:00,1,4.321949,4.650078063963473
AT,AKC,urban,2023-09-16 13:00:00+00:00,1,4.486949,4.64173219483402
AT,AKC,urban,2023-09-16 14:00:00+00:00,1,4.557399,4.904328398421718
AT,AKC,urban,2023-09-16 15:00:00+00:00,1,4.578599,5.0814426432426
AT,AKC,urban,2023-09-16 16:00:00+00:00,1,4.9038,5.206548902861623
AT,AKC,urban,2023-09-16 17:00:00+00:00,1,5.1015,5.658860465523418
AT,AKC,urban,2023-09-16 18:00:00+00:00,1,5.3522,5.6374702998112625
AT,AKC,urban,2023-09-16 19:00:00+00:00,1,5.643549,5.9372555483059415
AT,AKC,urban,2023-09-16 20:00:00+00:00,1,6.364799,6.177642719233656
AT,AKC,urban,2023-09-16 21:00:00+00:00,1,6.6647,6.749393863852465
AT,AKC,urban,2023-09-16 22:00:00+00:00,1,6.750849,7.171043649707546
AT,AKC,urban,2023-09-16 23:00:00+00:00,1,6.621049,7.200013225333006
AT,AKC,urban,2023-09-17 00:00:00+00:00,1,6.78985,6.814279706223733
AT,AKC,urban,2023-09-17 01:00:00+00:00,1,7.4004,7.007031312945344
AT,AKC,urban,2023-09-17 02:00:00+00:00,1,7.741049,7.643861341307712
AT,AKC,urban,2023-09-17 03:00:00+00:00,1,7.911749,7.854667662652982
AT,AKC,urban,2023-09-17 04:00:00+00:00,1,8.2877,8.480881504110926
AT,AKC,urban,2023-09-17 05:00:00+00:00,1,9.07735,8.648010588722208
AT,AKC,urban,2023-09-17 06:00:00+00:00,1,8.637949,8.998003856696876
AT,AKC,urban,2023-09-17 07:00:00+00:00,1,8.23525,8.591558564054118
AT,AKC,urban,2023-09-17 08:00:00+00:00,1,7.53515,7.9513149653956425
AT,AKC,urban,2023-09-17 09:00:00+00:00,1,7.30065,7.301999421387432
AT,AKC,urban,2023-09-17 10:00:00+00:00,1,6.5361,6.8667467564066165
AT,AKC,urban,2023-09-17 11:00:00+00:00,1,5.809,6.135311202557325
AT,AKC,urban,2023-09-17 12:00:00+00:00,1,5.15415,5.624477848229496
AT,AKC,urban,2023-09-17 13:00:00+00:00,1,5.020899,5.181043514776167
AT,AKC,urban,2023-09-17 14:00:00+00:00,1,5.129149,5.20837551920393
AT,AKC,urban,2023-09-17 15:00:00+00:00,1,5.7588,5.533523492216144
AT,AKC,urban,2023-09-17 16:00:00+00:00,1,6.42465,5.999701282785061
AT,AKC,urban,2023-09-17 17:00:00+00:00,1,6.70145,6.731532952356272
AT,AKC,urban,2023-09-17 18:00:00+00:00,1,6.71455,7.279650138745193
AT,AKC,urban,2023-09-17 19:00:00+00:00,1,7.43805,7.056986006630879
AT,AKC,urban,2023-09-17 20:00:00+00:00,1,9.64405,7.859122062229805
AT,AKC,urban,2023-09-17 21:00:00+00:00,1,10.186,11.343523324691652
AT,AKC,urban,2023-09-17 22:00:00+00:00,1,10.4605,10.925891438947033
AT,AKC,urban,2023-09-17 23:00:00+00:00,1,10.677,10.499240686893323
AT,AKC,urban,2023-09-18 00:00:00+00:00,1,10.341,10.30664583352365
AT,AKC,urban,2023-09-18 01:00:00+00:00,1,11.569,10.085689557568532
AT,AKC,urban,2023-09-18 02:00:00+00:00,1,12.7055,11.679114789219891
AT,AKC,urban,2023-09-18 03:00:00+00:00,1,13.291,12.011013191143743
AT,AKC,urban,2023-09-18 04:00:00+00:00,1,14.3435,13.071422445662972
AT,AKC,urban,2023-09-18 05:00:00+00:00,1,13.97,14.585862343646685
AT,AKC,urban,2023-09-18 06:00:00+00:00,1,10.3,13.30948929652342
AT,AKC,urban,2023-09-18 07:00:00+00:00,1,8.888,9.317224715109422
AT,AKC,urban,2023-09-18 08:00:00+00:00,1,8.202799,8.531592031983976
AT,AKC,urban,2023-09-18 09:00:00+00:00,1,7.844099,8.11529471104183
AT,AKC,urban,2023-09-18 10:00:00+00:00,1,8.496149,7.709082720531303
AT,AKC,urban,2023-09-18 11:00:00+00:00,1,8.61775,8.308297408797387
AT,AKC,urban,2023-09-18 12:00:00+00:00,1,10.136,8.451128782506672
AT,AKC,urban,2023-09-18 13:00:00+00:00,1,11.1805,9.713269434584674
AT,AKC,urban,2023-09-18 14:00:00+00:00,1,9.84345,10.621863264947251
AT,AKC,urban,2023-09-18 15:00:00+00:00,1,11.1955,9.618400914301585
AT,AKC,urban,2023-09-18 16:00:00+00:00,1,12.229,11.081679547650381
AT,AKC,urban,2023-09-18 17:00:00+00:00,1,10.14725,11.826049941902678
AT,AKC,urban,2023-09-18 18:00:00+00:00,1,10.10415,10.182968676173829
AT,AKC,urban,2023-09-18 19:00:00+00:00,1,4.9882,9.965420020106688
AT,AKC,urban,2023-09-18 20:00:00+00:00,1,4.958099,5.089216880696291
AT,AKC,urban,2023-09-18 21:00:00+00:00,1,3.51385,5.1535602884436145
AT,AKC,urban,2023-09-18 22:00:00+00:00,1,2.4663,3.720710848003673
AT,AKC,urban,2023-09-18 23:00:00+00:00,1,1.92945,2.6355193049852232
AT,AKC,urban,2023-09-19 00:00:00+00:00,1,1.53995,2.175822875138259
AT,AKC,urban,2023-09-19 01:00:00+00:00,1,1.730849,1.201946416696348
AT,AKC,urban,2023-09-19 02:00:00+00:00,1,2.020949,1.763947438188307
AT,AKC,urban,2023-09-19 03:00:00+00:00,1,2.35905,2.193786676161565
AT,AKC,urban,2023-09-19 04:00:00+00:00,1,3.392149,2.991360238371314
AT,AKC,urban,2023-09-19 05:00:00+00:00,1,3.6508,3.8901456035012814
AT,AKC,urban,2023-09-19 06:00:00+00:00,1,5.3845,3.630025180918391
AT,AKC,urban,2023-09-19 07:00:00+00:00,1,6.84265,5.124334947162659
AT,AKC,urban,2023-09-19 08:00:00+00:00,1,5.238249,6.417031936776336
AT,AKC,urban,2023-09-19 09:00:00+00:00,1,4.3453,4.823780437704727
AT,AKC,urban,2023-09-19 10:00:00+00:00,1,4.4439,3.620058900945338
AT,AKC,urban,2023-09-19 11:00:00+00:00,1,5.03355,4.294054031512687
AT,AKC,urban,2023-09-19 12:00:00+00:00,1,4.775199,4.672905955230359
AT,AKC,urban,2023-09-19 13:00:00+00:00,1,4.14765,4.733507387397513
AT,AKC,urban,2023-09-19 14:00:00+00:00,1,3.3772,4.283582867013202
AT,AKC,urban,2023-09-19 15:00:00+00:00,1,2.7953,3.3756641739972117
AT,AKC,urban,2023-09-19 16:00:00+00:00,1,2.52565,2.5256534298975204
AT,AKC,urban,2023-09-19 17:00:00+00:00,1,2.68155,2.4544282838061946
AT,AKC,urban,2023-09-19 18:00:00+00:00,1,2.26985,2.980688470125102
AT,AKC,urban,2023-09-19 19:00:00+00:00,1,2.36785,2.0784746970120977
AT,AKC,urban,2023-09-19 20:00:00+00:00,1,2.06325,2.5451744993448635
AT,AKC,urban,2023-09-19 21:00:00+00:00,1,2.12395,2.153621780048482
AT,AKC,urban,2023-09-19 22:00:00+00:00,1,2.24055,2.3098201156787788
AT,AKC,urban,2023-09-19 23:00:00+00:00,1,2.3667,2.4022147790449644
AT,AKC,urban,2023-09-20 00:00:00+00:00,1,2.575249,2.796031334974007
AT,AKC,urban,2023-09-20 01:00:00+00:00,1,3.293699,3.0734204923758632
AT,AKC,urban,2023-09-20 02:00:00+00:00,1,3.576349,4.302499757797847
AT,AKC,urban,2023-09-20 03:00:00+00:00,1,4.17385,5.169462356488058
AT,AKC,urban,2023-09-20 04:00:00+00:00,1,7.0106,5.383371032554834
AT,AKC,urban,2023-09-20 05:00:00+00:00,1,7.47675,8.063933447951836
AT,AKC,urban,2023-09-20 06:00:00+00:00,1,6.751999,7.368733796010833
AT,AKC,urban,2023-09-20 07:00:00+00:00,1,4.69185,7.378650773140578
AT,AKC,urban,2023-09-20 08:00:00+00:00,1,4.307749,3.865859989256606
AT,AKC,urban,2023-09-20 09:00:00+00:00,1,3.354799,3.7795854254448322
AT,AKC,urban,2023-09-20 10:00:00+00:00,1,3.642149,2.4712267432863086
AT,AKC,urban,2023-09-20 11:00:00+00:00,1,4.359499,3.277952227260762
AT,AKC,urban,2023-09-20 12:00:00+00:00,1,4.2423,3.8917664666430305
AT,AKC,urban,2023-09-20 13:00:00+00:00,1,5.541649,4.048803590201288
AT,AKC,urban,2023-09-20 14:00:00+00:00,1,6.129349,5.375000709960435
AT,AKC,urban,2023-09-20 15:00:00+00:00,1,6.305649,5.8926466116865654
AT,AKC,urban,2023-09-20 16:00:00+00:00,1,6.550849,6.136280547228971
AT,AKC,urban,2023-09-20 17:00:00+00:00,1,6.904199,6.774513214837366
AT,AKC,urban,2023-09-20 18:00:00+00:00,1,7.527899,6.67422259320146
AT,AKC,urban,2023-09-20 19:00:00+00:00,1,8.016349,7.31149327941684
AT,AKC,urban,2023-09-20 20:00:00+00:00,1,8.489549,7.894472407548086
AT,AKC,urban,2023-09-20 21:00:00+00:00,1,8.662899,8.36108678843755
AT,AKC,urban,2023-09-20 22:00:00+00:00,1,8.8027,8.4206444620662
AT,AKC,urban,2023-09-20 23:00:00+00:00,1,8.29335,8.58870545094372
AT,AKC,urban,2023-09-21 00:00:00+00:00,1,9.2814,8.250837252063487
AT,AKC,urban,2023-09-21 01:00:00+00:00,1,10.45145,9.29710817203446
AT,AKC,urban,2023-09-21 02:00:00+00:00,1,11.283,10.002156897498356
AT,AKC,urban,2023-09-21 03:00:00+00:00,1,12.4875,10.942998513653965
AT,AKC,urban,2023-09-21 04:00:00+00:00,1,12.2955,12.250453436489774
AT,AKC,urban,2023-09-21 05:00:00+00:00,1,11.0565,12.166355072015321
AT,AKC,urban,2023-09-21 06:00:00+00:00,1,9.180549,10.955422778020498
AT,AKC,urban,2023-09-21 07:00:00+00:00,1,8.09095,8.979451878829245
AT,AKC,urban,2023-09-21 08:00:00+00:00,1,6.6625,8.17183176950289
AT,AKC,urban,2023-09-21 09:00:00+00:00,1,5.782799,6.544140458122456
AT,AKC,urban,2023-09-21 10:00:00+00:00,1,5.462699,5.874070053641397
AT,AKC,urban,2023-09-21 11:00:00+00:00,1,5.60095,5.508840053924235
AT,AKC,urban,2023-09-21 12:00:00+00:00,1,6.725049,5.832349691393652
AT,AKC,urban,2023-09-21 13:00:00+00:00,1,6.963449,6.809962665862855
AT,AKC,urban,2023-09-21 14:00:00+00:00,1,8.9041,6.835471301139883
AT,AKC,urban,2023-09-21 15:00:00+00:00,1,8.002149,8.586379111202614
AT,AKC,urban,2023-09-21 16:00:00+00:00,1,7.489799,7.607765649492226
AT,AKC,urban,2023-09-21 17:00:00+00:00,1,6.725299,7.2541232223211765
AT,AKC,urban,2023-09-21 18:00:00+00:00,1,5.8912,6.716658195211043
AT,AKC,urban,2023-09-21 19:00:00+00:00,1,5.769249,6.0369564581270225
AT,AKC,urban,2023-09-21 20:00:00+00:00,1,6.1328,6.188684703992433
AT,AKC,urban,2023-09-21 21:00:00+00:00,1,6.253549,6.495379836941094
AT,AKC,urban,2023-09-21 22:00:00+00:00,1,6.626049,6.646453950873148
AT,AKC,urban,2023-09-21 23:00:00+00:00,1,7.016849,6.879187365243887
AT,AKC,urban,2023-09-22 00:00:00+00:00,1,6.573349,7.090317098639069
AT,AKC,urban,2023-09-22 01:00:00+00:00,1,6.579799,6.702379441850383
AT,AKC,urban,2023-09-22 02:00:00+00:00,1,7.246449,6.678301221635113
AT,AKC,urban,2023-09-22 03:00:00+00:00,1,7.3934,7.759462386689425
AT,AKC,urban,2023-09-22 04:00:00+00:00,1,8.263199,7.757063689170543
AT,AKC,urban,2023-09-22 05:00:00+00:00,1,6.1514,8.488037976567185
AT,AKC,urban,2023-09-22 06:00:00+00:00,1,5.424849,5.944098159518951
AT,AKC,urban,2023-09-22 07:00:00+00:00,1,4.66905,5.360748734833425
AT,AKC,urban,2023-09-22 08:00:00+00:00,1,4.001699,4.605694628454003
AT,AKC,urban,2023-09-22 09:00:00+00:00,1,4.077549,3.368395223734492
AT,AKC,urban,2023-09-22 10:00:00+00:00,1,5.116399,3.7803820472871372
AT,AKC,urban,2023-09-22 11:00:00+00:00,1,5.186299,4.844161864048683
AT,AKC,urban,2023-09-22 12:00:00+00:00,1,5.800499,5.107580831005521
AT,AKC,urban,2023-09-22 13:00:00+00:00,1,6.236399,5.969646166160388
AT,AKC,urban,2023-09-22 14:00:00+00:00,1,5.23005,6.2553205356629995
AT,AKC,urban,2023-09-22 15:00:00+00:00,1,3.150199,5.488458394929282
AT,AKC,urban,2023-09-22 16:00:00+00:00,1,2.884049,3.0645658537828275
AT,AKC,urban,2023-09-22 17:00:00+00:00,1,3.000999,2.834531031664781
AT,AKC,urban,2023-09-22 18:00:00+00:00,1,2.520699,3.0305435379757775
AT,AKC,urban,2023-09-22 19:00:00+00:00,1,3.815,2.7310754450958754
AT,AKC,urban,2023-09-22 20:00:00+00:00,1,3.761499,3.939260338972275
AT,AKC,urban,2023-09-22 21:00:00+00:00,1,3.240049,3.7796586983873546
AT,AKC,urban,2023-09-22 22:00:00+00:00,1,2.254449,3.2874866859475915
AT,AKC,urban,2023-09-22 23:00:00+00:00,1,1.994149,2.3426184903035825
AT,AKC,urban,2023-09-23 00:00:00+00:00,1,2.582799,2.1437389760499386
AT,AKC,urban,2023-09-23 01:00:00+00:00,1,2.6026,2.598786419098534
AT,AKC,urban,2023-09-23 02:00:00+00:00,1,3.2073,2.5918414938511027
AT,AKC,urban,2023-09-23 03:00:00+00:00,1,3.370599,3.2507904409038524
AT,AKC,urban,2023-09-23 04:00:00+00:00,1,3.691649,3.548238055368845
AT,AKC,urban,2023-09-23 05:00:00+00:00,1,2.89835,3.817997286968051
AT,AKC,urban,2023-09-23 06:00:00+00:00,1,2.76355,2.9185802690023763
AT,AKC,urban,2023-09-23 07:00:00+00:00,1,3.7957,2.733677804523637
AT,AKC,urban,2023-09-23 08:00:00+00:00,1,4.349849,3.5506530635439972
AT,AKC,urban,2023-09-23 09:00:00+00:00,1,4.1311,4.0895086063958
AT,AKC,urban,2023-09-23 10:00:00+00:00,1,4.1229,4.0326056806870625
AT,AKC,urban,2023-09-23 11:00:00+00:00,1,3.8691,4.081446106458671
AT,AKC,urban,2023-09-23 12:00:00+00:00,1,4.019099,3.9129560151784695
AT,AKC,urban,2023-09-23 13:00:00+00:00,1,4.971899,3.994597080446045
AT,AKC,urban,2023-09-23 14:00:00+00:00,1,4.309499,4.815273125330631
AT,AKC,urban,2023-09-23 15:00:00+00:00,1,3.5683,4.244347690733772
AT,AKC,urban,2023-09-23 16:00:00+00:00,1,2.914249,3.6919623182402965
AT,AKC,urban,2023-09-23 17:00:00+00:00,1,2.701849,3.072673196926676
AT,AKC,urban,2023-09-23 18:00:00+00:00,1,2.075299,2.893775353982729
AT,AKC,urban,2023-09-23 19:00:00+00:00,1,1.8768,2.2090939068497555
AT,AKC,urban,2023-09-23 20:00:00+00:00,1,2.2072,2.06168243975085
AT,AKC,urban,2023-09-23 21:00:00+00:00,1,2.4439,2.3787294890887445
AT,AKC,urban,2023-09-23 22:00:00+00:00,1,2.583199,2.4847519468429695
AT,AKC,urban,2023-09-23 23:00:00+00:00,1,2.577499,2.5609203286276845
AT,AKC,urban,2023-09-24 00:00:00+00:00,1,2.55395,2.54612888706642
AT,AKC,urban,2023-09-24 01:00:00+00:00,1,2.671999,2.4903606283333843
AT,AKC,urban,2023-09-24 02:00:00+00:00,1,2.9506,2.628079930680631
AT,AKC,urban,2023-09-24 03:00:00+00:00,1,2.94075,2.9018231588915135
AT,AKC,urban,2023-09-24 04:00:00+00:00,1,2.8831,2.92866246529746
AT,AKC,urban,2023-09-24 05:00:00+00:00,1,3.024849,2.910322815792849
AT,AKC,urban,2023-09-24 06:00:00+00:00,1,2.992599,3.0100083574251286
AT,AKC,urban,2023-09-24 07:00:00+00:00,1,3.190099,3.0424343453149305
AT,AKC,urban,2023-09-24 08:00:00+00:00,1,3.15595,3.2167583452682678
AT,AKC,urban,2023-09-24 09:00:00+00:00,1,3.26165,3.2257290590107495
AT,AKC,urban,2023-09-24 10:00:00+00:00,1,3.338599,3.3180505733188923
AT,AKC,urban,2023-09-24 11:00:00+00:00,1,3.34115,3.1673541322012895
AT,AKC,urban,2023-09-24 12:00:00+00:00,1,3.3206,3.578645624894687
AT,AKC,urban,2023-09-24 13:00:00+00:00,1,3.564049,3.513140884655879
AT,AKC,urban,2023-09-24 14:00:00+00:00,1,3.8227,3.81115573398602
AT,AKC,urban,2023-09-24 15:00:00+00:00,1,3.83475,3.5370402224554667
AT,AKC,urban,2023-09-24 16:00:00+00:00,1,3.680699,3.5566425750999464
AT,AKC,urban,2023-09-24 17:00:00+00:00,1,3.643799,4.186599669473271
AT,AKC,urban,2023-09-24 18:00:00+00:00,1,3.829249,4.047110352169245
AT,AKC,urban,2023-09-24 19:00:00+00:00,1,3.97445,4.147367743953108
AT,AKC,urban,2023-09-24 20:00:00+00:00,1,4.042599,4.274445249483847
AT,AKC,urban,2023-09-24 21:00:00+00:00,1,4.37305,4.270473764168891
AT,AKC,urban,2023-09-24 22:00:00+00:00,1,4.32445,4.4576454225841395
AT,AKC,urban,2023-09-24 23:00:00+00:00,1,4.40775,4.378994041938633
AT,AKC,urban,2023-09-25 00:00:00+00:00,1,4.54405,4.481317878752137
AT,AKC,urban,2023-09-25 01:00:00+00:00,1,4.63455,4.569583265951266
AT,AKC,urban,2023-09-25 02:00:00+00:00,1,5.16305,4.695471245539828
AT,AKC,urban,2023-09-25 03:00:00+00:00,1,5.58995,5.200829939284699
AT,AKC,urban,2023-09-25 04:00:00+00:00,1,7.526249,6.221700587506206
AT,AKC,urban,2023-09-25 05:00:00+00:00,1,6.453949,8.49640678801305
AT,AKC,urban,2023-09-25 06:00:00+00:00,1,6.201399,6.061941791327957
AT,AKC,urban,2023-09-25 07:00:00+00:00,1,6.901299,5.705034133008812
AT,AKC,urban,2023-09-25 08:00:00+00:00,1,6.73915,6.567558104424222
AT,AKC,urban,2023-09-25 09:00:00+00:00,1,6.032899,6.469355943071779
AT,AKC,urban,2023-09-25 10:00:00+00:00,1,5.693949,5.8676835443043664
AT,AKC,urban,2023-09-25 11:00:00+00:00,1,5.192299,5.687155015219744
AT,AKC,urban,2023-09-25 12:00:00+00:00,1,5.504849,5.70534070839555
AT,AKC,urban,2023-09-25 13:00:00+00:00,1,6.320549,5.316073517923577
AT,AKC,urban,2023-09-25 14:00:00+00:00,1,6.854249,6.32510079334428
AT,AKC,urban,2023-09-25 15:00:00+00:00,1,7.727299,6.966886701798241
AT,AKC,urban,2023-09-25 16:00:00+00:00,1,9.115099,8.293905270200703
AT,AKC,urban,2023-09-25 17:00:00+00:00,1,10.5065,9.429508863517317
AT,AKC,urban,2023-09-25 18:00:00+00:00,1,10.25145,11.441153725519044
AT,AKC,urban,2023-09-25 19:00:00+00:00,1,9.073049,10.83694283490745
AT,AKC,urban,2023-09-25 20:00:00+00:00,1,8.798799,8.963160158014471
AT,AKC,urban,2023-09-25 21:00:00+00:00,1,9.036399,8.685866982843844
AT,AKC,urban,2023-09-25 22:00:00+00:00,1,9.90985,9.152305598828594
AT,AKC,urban,2023-09-25 23:00:00+00:00,1,9.3087,10.29535356692493
AT,AKC,urban,2023-09-26 00:00:00+00:00,1,9.84165,9.266170271028443
AT,AKC,urban,2023-09-26 01:00:00+00:00,1,11.3145,9.467814960350267
AT,AKC,urban,2023-09-26 02:00:00+00:00,1,12.3405,11.138823518313423
AT,AKC,urban,2023-09-26 03:00:00+00:00,1,15.4945,12.027427890754382
AT,AKC,urban,2023-09-26 04:00:00+00:00,1,18.6895,15.061175317329976
AT,AKC,urban,2023-09-26 05:00:00+00:00,1,17.849,17.279388172951947
AT,AKC,urban,2023-09-26 06:00:00+00:00,1,16.3475,17.320670104899058
AT,AKC,urban,2023-09-26 07:00:00+00:00,1,13.5275,16.677217025763476
AT,AKC,urban,2023-09-26 08:00:00+00:00,1,13.283,13.27823488038192
AT,AKC,urban,2023-09-26 09:00:00+00:00,1,12.147,13.053211597564708
AT,AKC,urban,2023-09-26 10:00:00+00:00,1,9.98735,11.635468463465681
AT,AKC,urban,2023-09-26 11:00:00+00:00,1,9.575449,9.212180115912744
AT,AKC,urban,2023-09-26 12:00:00+00:00,1,9.4489,9.012887209360994
AT,AKC,urban,2023-09-26 13:00:00+00:00,1,9.50925,9.489696976702493
AT,AKC,urban,2023-09-26 14:00:00+00:00,1,9.83955,9.641865840667268
AT,AKC,urban,2023-09-26 15:00:00+00:00,1,10.5315,10.204674043094624
AT,AKC,urban,2023-09-26 16:00:00+00:00,1,11.7255,11.062655350457813
AT,AKC,urban,2023-09-26 17:00:00+00:00,1,13.71,11.955308540996182
AT,AKC,urban,2023-09-26 18:00:00+00:00,1,14.029,13.66833484053117
AT,AKC,urban,2023-09-26 19:00:00+00:00,1,13.8965,15.172682737151092
AT,AKC,urban,2023-09-26 20:00:00+00:00,1,15.2965,14.127568703312566
AT,AKC,urban,2023-09-26 21:00:00+00:00,1,16.9335,15.865696900970171
AT,AKC,urban,2023-09-26 22:00:00+00:00,1,17.434,16.946685073124332
AT,AKC,urban,2023-09-26 23:00:00+00:00,1,17.848,16.719267174965267
AT,AKC,urban,2023-09-27 00:00:00+00:00,1,18.2965,17.60853937444496
AT,AKC,urban,2023-09-27 01:00:00+00:00,1,17.893,17.662462289040022
AT,AKC,urban,2023-09-27 02:00:00+00:00,1,17.6795,17.891500350154875
AT,AKC,urban,2023-09-27 03:00:00+00:00,1,18.287,17.7665237230561
AT,AKC,urban,2023-09-27 04:00:00+00:00,1,19.354,18.748967788064476
AT,AKC,urban,2023-09-27 05:00:00+00:00,1,20.018,19.814058609327226
AT,AKC,urban,2023-09-27 06:00:00+00:00,1,16.704,19.79496090370768
AT,AKC,urban,2023-09-27 07:00:00+00:00,1,14.8885,15.549576052979095
AT,AKC,urban,2023-09-27 08:00:00+00:00,1,13.6955,14.819848360970681
AT,AKC,urban,2023-09-27 09:00:00+00:00,1,12.013,13.186637539057571
AT,AKC,urban,2023-09-27 10:00:00+00:00,1,10.964,11.803699742613567
AT,AKC,urban,2023-09-27 11:00:00+00:00,1,9.900099,10.996283012751157
AT,AKC,urban,2023-09-27 12:00:00+00:00,1,10.265,9.930545134409055
AT,AKC,urban,2023-09-27 13:00:00+00:00,1,9.822449,10.613172161485128
AT,AKC,urban,2023-09-27 14:00:00+00:00,1,10.3306,10.384208274444592
AT,AKC,urban,2023-09-27 15:00:00+00:00,1,10.792,10.967262017531542
AT,AKC,urban,2023-09-27 16:00:00+00:00,1,10.5085,11.739852220209738
AT,AKC,urban,2023-09-27 17:00:00+00:00,1,10.502,11.647348504949736
AT,AKC,urban,2023-09-27 18:00:00+00:00,1,11.478,11.009098799720281
AT,AKC,urban,2023-09-27 19:00:00+00:00,1,11.197,12.347473875698814
AT,AKC,urban,2023-09-27 20:00:00+00:00,1,11.541,11.90105286018089
AT,AKC,urban,2023-09-27 21:00:00+00:00,1,11.7285,12.354063653771536
AT,AKC,urban,2023-09-27 22:00:00+00:00,1,12.9995,11.940732585611944
AT,AKC,urban,2023-09-27 23:00:00+00:00,1,12.934,13.981429294553223
AT,AKC,urban,2023-09-28 00:00:00+00:00,1,13.197,13.346961580331822
AT,AKC,urban,2023-09-28 01:00:00+00:00,1,13.616,13.53733551470803
AT,AKC,urban,2023-09-28 02:00:00+00:00,1,14.2985,13.837536792655513
AT,AKC,urban,2023-09-28 03:00:00+00:00,1,15.1165,14.194609140885593
AT,AKC,urban,2023-09-28 04:00:00+00:00,1,16.985,15.619563650148589
AT,AKC,urban,2023-09-28 05:00:00+00:00,1,17.07,16.89560843946439
AT,AKC,urban,2023-09-28 06:00:00+00:00,1,16.0205,16.788499930848374
AT,AKC,urban,2023-09-28 07:00:00+00:00,1,17.6555,15.948251581144678
AT,AKC,urban,2023-09-28 08:00:00+00:00,1,12.43,17.020215241023738
AT,AKC,urban,2023-09-28 09:00:00+00:00,1,10.46235,11.59434067662804
AT,AKC,urban,2023-09-28 10:00:00+00:00,1,13.1235,9.314005892615931
AT,AKC,urban,2023-09-28 11:00:00+00:00,1,11.0396,12.204401533480759
AT,AKC,urban,2023-09-28 12:00:00+00:00,1,9.094449,9.99642244994596
AT,AKC,urban,2023-09-28 13:00:00+00:00,1,8.8222,8.79424493017736
AT,AKC,urban,2023-09-28 14:00:00+00:00,1,9.3309,8.677102134268868
AT,AKC,urban,2023-09-28 15:00:00+00:00,1,10.09245,9.614325664874961
AT,AKC,urban,2023-09-28 16:00:00+00:00,1,11.3085,10.610242596337493
AT,AKC,urban,2023-09-28 17:00:00+00:00,1,11.886,11.427115896616861
AT,AKC,urban,2023-09-28 18:00:00+00:00,1,12.238,12.001504022112005
AT,AKC,urban,2023-09-28 19:00:00+00:00,1,12.85,12.164041031055934
AT,AKC,urban,2023-09-28 20:00:00+00:00,1,12.7745,12.873441525824628
AT,AKC,urban,2023-09-28 21:00:00+00:00,1,13.866,12.94994865959697
AT,AKC,urban,2023-09-28 22:00:00+00:00,1,14.758,14.127908353468055
AT,AKC,urban,2023-09-28 23:00:00+00:00,1,14.5085,14.715984779175901
AT,AKC,urban,2023-09-29 00:00:00+00:00,1,14.5615,14.641400854892215
AT,AKC,urban,2023-09-29 01:00:00+00:00,1,14.8185,14.624679673598308
AT,AKC,urban,2023-09-29 02:00:00+00:00,1,14.542,15.761473863766795
AT,AKC,urban,2023-09-29 03:00:00+00:00,1,15.0585,14.382772182212467
AT,AKC,urban,2023-09-29 04:00:00+00:00,1,16.246,16.052768816019505
AT,AKC,urban,2023-09-29 05:00:00+00:00,1,18.1515,16.6687762403738
AT,AKC,urban,2023-09-29 06:00:00+00:00,1,13.502,18.079093245634937
AT,AKC,urban,2023-09-29 07:00:00+00:00,1,11.1975,12.767791731920653
AT,AKC,urban,2023-09-29 08:00:00+00:00,1,10.236,10.035343957827546
AT,AKC,urban,2023-09-29 09:00:00+00:00,1,14.4717,9.911941784110876
AT,AKC,urban,2023-09-29 10:00:00+00:00,1,11.3185,13.330686657273343
AT,AKC,urban,2023-09-29 11:00:00+00:00,1,8.8865,10.699480123605227
AT,AKC,urban,2023-09-29 12:00:00+00:00,1,8.7353,8.343664551190276
AT,AKC,urban,2023-09-29 13:00:00+00:00,1,7.41835,8.16553266537186
AT,AKC,urban,2023-09-29 14:00:00+00:00,1,7.40595,7.186784498799682
AT,AKC,urban,2023-09-29 15:00:00+00:00,1,9.259599,7.683635888849317
AT,AKC,urban,2023-09-29 16:00:00+00:00,1,12.084,9.828993223685192
AT,AKC,urban,2023-09-29 17:00:00+00:00,1,10.659,13.767773229315662
AT,AKC,urban,2023-09-29 18:00:00+00:00,1,9.708349,10.490095797716666
AT,AKC,urban,2023-09-29 19:00:00+00:00,1,10.3536,10.009325736024685
AT,AKC,urban,2023-09-29 20:00:00+00:00,1,13.4925,11.073206747805852
AT,AKC,urban,2023-09-29 21:00:00+00:00,1,13.148,15.271440820862445
AT,AKC,urban,2023-09-29 22:00:00+00:00,1,11.9245,13.288027345406054
AT,AKC,urban,2023-09-29 23:00:00+00:00,1,10.01445,12.82548348448952
AT,AKC,urban,2023-09-30 00:00:00+00:00,1,12.326,8.92620742894703
AT,AKC,urban,2023-09-30 01:00:00+00:00,1,11.6215,13.795783686905637
AT,AKC,urban,2023-09-30 02:00:00+00:00,1,11.1357,11.00907882873291
AT,AKC,urban,2023-09-30 03:00:00+00:00,1,10.2955,9.51069987466899
AT,AKC,urban,2023-09-30 04:00:00+00:00,1,11.36,9.609291950775606
AT,AKC,urban,2023-09-30 05:00:00+00:00,1,11.4715,10.593872457416413
AT,AKC,urban,2023-09-30 06:00:00+00:00,1,10.5645,10.704025931933675
AT,AKC,urban,2023-09-30 07:00:00+00:00,1,10.0827,9.994864053628866
AT,AKC,urban,2023-09-30 08:00:00+00:00,1,8.2826,9.494357253014215
AT,AKC,urban,2023-09-30 09:00:00+00:00,1,7.630049,7.669681179475646
AT,AKC,urban,2023-09-30 10:00:00+00:00,1,7.104399,6.80770671404299
AT,AKC,urban,2023-09-30 11:00:00+00:00,1,6.4429,6.679232238844882
AT,AKC,urban,2023-09-30 12:00:00+00:00,1,6.0522,6.361523230387476
AT,AKC,urban,2023-09-30 13:00:00+00:00,1,7.276849,6.10173609740399
AT,AKC,urban,2023-09-30 14:00:00+00:00,1,4.94015,7.151038606377281
AT,AKC,urban,2023-09-30 15:00:00+00:00,1,3.210899,5.25267459707776
AT,AKC,urban,2023-09-30 16:00:00+00:00,1,2.76515,4.135182740102479
AT,AKC,urban,2023-09-30 17:00:00+00:00,1,3.698349,3.6818098256676848
AT,AKC,urban,2023-09-30 18:00:00+00:00,1,4.4235,4.3272885931983005
AT,AKC,urban,2023-09-30 19:00:00+00:00,1,4.8919,4.676395361765607
AT,AKC,urban,2023-09-30 20:00:00+00:00,1,4.7712,5.490772768913843
AT,AKC,urban,2023-09-30 21:00:00+00:00,1,4.716199,5.392622014870479
AT,AKC,urban,2023-09-30 22:00:00+00:00,1,5.09415,5.069448440602681
AT,AKC,urban,2023-09-30 23:00:00+00:00,1,5.235099,5.9778970680279
AT,AKC,urban,2023-10-01 00:00:00+00:00,1,5.163599,5.353709800259956
AT,AKC,urban,2023-10-01 01:00:00+00:00,1,5.21565,5.48127554895245
AT,AKC,urban,2023-10-01 02:00:00+00:00,1,5.766049,5.2999856691110026
AT,AKC,urban,2023-10-01 03:00:00+00:00,1,5.504449,5.471366346320632
AT,AKC,urban,2023-10-01 04:00:00+00:00,1,5.862649,5.805995668058667
AT,AKC,urban,2023-10-01 05:00:00+00:00,1,5.98865,6.9179903403657015
AT,AKC,urban,2023-10-01 06:00:00+00:00,1,6.681349,5.766237682856936
AT,AKC,urban,2023-10-01 07:00:00+00:00,1,7.36295,7.295829852941065
AT,AKC,urban,2023-10-01 08:00:00+00:00,1,6.934649,6.467253409316669
AT,AKC,urban,2023-10-01 09:00:00+00:00,1,5.661299,6.148186682723907
AT,AKC,urban,2023-10-01 10:00:00+00:00,1,5.929349,5.050090965591121
AT,AKC,urban,2023-10-01 11:00:00+00:00,1,5.850549,5.486715535196556
AT,AKC,urban,2023-10-01 12:00:00+00:00,1,6.010299,5.474067064744581
AT,AKC,urban,2023-10-01 13:00:00+00:00,1,6.170399,5.711487485563094
AT,AKC,urban,2023-10-01 14:00:00+00:00,1,6.375699,5.951698516496968
AT,AKC,urban,2023-10-01 15:00:00+00:00,1,6.4679,6.231331330598188
AT,AKC,urban,2023-10-01 16:00:00+00:00,1,7.115449,6.601005498780406
AT,AKC,urban,2023-10-01 17:00:00+00:00,1,7.68595,7.725190674847337
AT,AKC,urban,2023-10-01 18:00:00+00:00,1,7.683899,7.621940566184044
AT,AKC,urban,2023-10-01 19:00:00+00:00,1,7.8057,7.224691517085567
AT,AKC,urban,2023-10-01 20:00:00+00:00,1,8.14575,7.478817504076524
AT,AKC,urban,2023-10-01 21:00:00+00:00,1,8.236049,7.967298754035326
AT,AKC,urban,2023-10-01 22:00:00+00:00,1,7.93335,8.118528360841655
AT,AKC,urban,2023-10-01 23:00:00+00:00,1,8.062099,7.669968866670825
AT,AKC,urban,2023-10-02 00:00:00+00:00,1,7.941599,7.805707159404246
AT,AKC,urban,2023-10-02 01:00:00+00:00,1,8.345749,7.759389989863436
AT,AKC,urban,2023-10-02 02:00:00+00:00,1,9.37215,8.311844418491923
AT,AKC,urban,2023-10-02 03:00:00+00:00,1,10.1549,9.295209509809897
AT,AKC,urban,2023-10-02 04:00:00+00:00,1,11.473,11.474572795464681
AT,AKC,urban,2023-10-02 05:00:00+00:00,1,14.107,12.949096184977932
AT,AKC,urban,2023-10-02 06:00:00+00:00,1,11.8345,14.12776787141263
AT,AKC,urban,2023-10-02 07:00:00+00:00,1,12.3745,11.755180605603908
AT,AKC,urban,2023-10-02 08:00:00+00:00,1,9.080299,13.251332203919564
AT,AKC,urban,2023-10-02 09:00:00+00:00,1,7.644949,6.983821197271702
AT,AKC,urban,2023-10-02 10:00:00+00:00,1,6.983249,7.061901021529444
AT,AKC,urban,2023-10-02 11:00:00+00:00,1,6.54005,6.469271469218672
AT,AKC,urban,2023-10-02 12:00:00+00:00,1,6.52085,6.326101213284716
AT,AKC,urban,2023-10-02 13:00:00+00:00,1,6.942099,6.665509909958267
AT,AKC,urban,2023-10-02 14:00:00+00:00,1,8.159749,7.3265301589153715
AT,AKC,urban,2023-10-02 15:00:00+00:00,1,9.520549,8.61181047230938
AT,AKC,urban,2023-10-02 16:00:00+00:00,1,10.8355,9.585278049118457
AT,AKC,urban,2023-10-02 17:00:00+00:00,1,12.2155,11.962961150514985
AT,AKC,urban,2023-10-02 18:00:00+00:00,1,12.8255,11.970753559599945
AT,AKC,urban,2023-10-02 19:00:00+00:00,1,14.652,13.059483659080488
AT,AKC,urban,2023-10-02 20:00:00+00:00,1,14.722,15.95218412281061
AT,AKC,urban,2023-10-02 21:00:00+00:00,1,14.325,14.047364289109666
AT,AKC,urban,2023-10-02 22:00:00+00:00,1,15.077,13.947227161542145
AT,AKC,urban,2023-10-02 23:00:00+00:00,1,14.99,15.139725145243403
AT,AKC,urban,2023-10-03 00:00:00+00:00,1,12.807,14.694602619951493
AT,AKC,urban,2023-10-03 01:00:00+00:00,1,12.6145,11.866500425097957
AT,AKC,urban,2023-10-03 02:00:00+00:00,1,13.607,12.465970330198179
AT,AKC,urban,2023-10-03 03:00:00+00:00,1,12.537,14.140025672836238
AT,AKC,urban,2023-10-03 04:00:00+00:00,1,13.346,12.748027631764383
AT,AKC,urban,2023-10-03 05:00:00+00:00,1,14.2135,14.375013494666565
AT,AKC,urban,2023-10-03 06:00:00+00:00,1,14.7515,14.857808811676716
AT,AKC,urban,2023-10-03 07:00:00+00:00,1,13.856,13.91012000268384
AT,AKC,urban,2023-10-03 08:00:00+00:00,1,12.936,12.900011238035049
AT,AKC,urban,2023-10-03 09:00:00+00:00,1,13.5045,12.188279062989672
AT,AKC,urban,2023-10-03 10:00:00+00:00,1,12.4575,12.837553421475576
AT,AKC,urban,2023-10-03 11:00:00+00:00,1,11.358,12.235658413436504
AT,AKC,urban,2023-10-03 12:00:00+00:00,1,12.161,11.18261925003403
AT,AKC,urban,2023-10-03 13:00:00+00:00,1,12.161,12.085032995058665
AT,AKC,urban,2023-10-03 14:00:00+00:00,1,12.2735,11.994969683006921
AT,AKC,urban,2023-10-03 15:00:00+00:00,1,12.346,12.253770484680214
AT,AKC,urban,2023-10-03 16:00:00+00:00,1,13.1235,12.650299636806942
AT,AKC,urban,2023-10-03 17:00:00+00:00,1,14.188,13.083942890551455
AT,AKC,urban,2023-10-03 18:00:00+00:00,1,17.03,14.316579873094852
AT,AKC,urban,2023-10-03 19:00:00+00:00,1,15.901,18.527554697185234
AT,AKC,urban,2023-10-03 20:00:00+00:00,1,10.6118,15.51317249932766
AT,AKC,urban,2023-10-03 21:00:00+00:00,1,15.4715,9.285132428599411
AT,AKC,urban,2023-10-03 22:00:00+00:00,1,6.23145,14.45099309275988
AT,AKC,urban,2023-10-03 23:00:00+00:00,1,3.023099,5.939121189408283
AT,AKC,urban,2023-10-04 00:00:00+00:00,1,3.812549,2.5245026427243964
AT,AKC,urban,2023-10-04 01:00:00+00:00,1,2.84835,3.2518784802922376
AT,AKC,urban,2023-10-04 02:00:00+00:00,1,2.782299,2.4595904328937905
AT,AKC,urban,2023-10-04 03:00:00+00:00,1,3.4573,2.7222005467085033
AT,AKC,urban,2023-10-04 04:00:00+00:00,1,4.40355,3.8619981494549585
AT,AKC,urban,2023-10-04 05:00:00+00:00,1,5.3113,4.76936513616662
AT,AKC,urban,2023-10-04 06:00:00+00:00,1,5.590899,6.006580975984253
AT,AKC,urban,2023-10-04 07:00:00+00:00,1,5.2592,5.870033356856641
AT,AKC,urban,2023-10-04 08:00:00+00:00,1,7.80385,5.535526770137984
AT,AKC,urban,2023-10-04 09:00:00+00:00,1,5.339099,7.53883241234962
AT,AKC,urban,2023-10-04 10:00:00+00:00,1,4.4587,4.8260984845524035
AT,AKC,urban,2023-10-04 11:00:00+00:00,1,3.35685,4.507386101356158
AT,AKC,urban,2023-10-04 12:00:00+00:00,1,4.604199,2.9781579991080385
AT,AKC,urban,2023-10-04 13:00:00+00:00,1,5.598249,4.349270332937039
AT,AKC,urban,2023-10-04 14:00:00+00:00,1,8.740349,5.502327662257489
AT,AKC,urban,2023-10-04 15:00:00+00:00,1,5.352049,9.138526322007312
AT,AKC,urban,2023-10-04 16:00:00+00:00,1,6.026149,6.116657829566236
AT,AKC,urban,2023-10-04 17:00:00+00:00,1,4.000499,6.835303856581913
AT,AKC,urban,2023-10-04 18:00:00+00:00,1,3.671499,3.010357427154567
AT,AKC,urban,2023-10-04 19:00:00+00:00,1,3.829249,3.6040121154761984
AT,AKC,urban,2023-10-04 20:00:00+00:00,1,4.021699,4.033011264147568
AT,AKC,urban,2023-10-04 21:00:00+00:00,1,5.86915,4.379232397580328
AT,AKC,urban,2023-10-04 22:00:00+00:00,1,3.951449,5.878297999640612
AT,AKC,urban,2023-10-04 23:00:00+00:00,1,3.681799,3.5215431849130816
AT,AKC,urban,2023-10-05 00:00:00+00:00,1,3.829999,4.004239687019854
AT,AKC,urban,2023-10-05 01:00:00+00:00,1,3.453899,4.3508176933005025
AT,AKC,urban,2023-10-05 02:00:00+00:00,1,3.81325,3.7255870608899038
AT,AKC,urban,2023-10-05 03:00:00+00:00,1,5.49835,4.80033104441808
AT,AKC,urban,2023-10-05 04:00:00+00:00,1,8.104499,7.242232135715859
AT,AKC,urban,2023-10-05 05:00:00+00:00,1,9.61095,9.389340383632788
AT,AKC,urban,2023-10-05 06:00:00+00:00,1,11.5125,9.553200077478945
AT,AKC,urban,2023-10-05 07:00:00+00:00,1,11.8645,11.496176431328454
AT,AKC,urban,2023-10-05 08:00:00+00:00,1,11.7765,11.645857250852664
AT,AKC,urban,2023-10-05 09:00:00+00:00,1,10.1046,11.64052449063956
AT,AKC,urban,2023-10-05 10:00:00+00:00,1,8.920049,9.520778234946022
AT,AKC,urban,2023-10-05 11:00:00+00:00,1,7.068349,6.66203126407979
AT,AKC,urban,2023-10-05 12:00:00+00:00,1,13.8795,6.32622757789736
AT,AKC,urban,2023-10-05 13:00:00+00:00,1,7.233249,12.993728093487832
AT,AKC,urban,2023-10-05 14:00:00+00:00,1,5.377599,5.9880442803232405
AT,AKC,urban,2023-10-05 15:00:00+00:00,1,5.597749,4.384378635216596
AT,AKC,urban,2023-10-05 16:00:00+00:00,1,6.14795,4.174544873552151
AT,AKC,urban,2023-10-05 17:00:00+00:00,1,5.418399,5.248723339815744
AT,AKC,urban,2023-10-05 18:00:00+00:00,1,4.8333,5.0051073204966805
AT,AKC,urban,2023-10-05 19:00:00+00:00,1,4.77745,4.7566288997830455
AT,AKC,urban,2023-10-05 20:00:00+00:00,1,5.03485,4.870419992494696
AT,AKC,urban,2023-10-05 21:00:00+00:00,1,5.263449,5.414789331320112
AT,AKC,urban,2023-10-05 22:00:00+00:00,1,5.289549,5.510616662259423
AT,AKC,urban,2023-10-05 23:00:00+00:00,1,5.194849,5.2519575870013995
AT,AKC,urban,2023-10-06 00:00:00+00:00,1,5.409549,5.207191597061826
AT,AKC,urban,2023-10-06 01:00:00+00:00,1,5.966449,5.234117890682718
AT,AKC,urban,2023-10-06 02:00:00+00:00,1,6.446849,5.929627504294238
AT,AKC,urban,2023-10-06 03:00:00+00:00,1,9.905849,6.623572641952233
AT,AKC,urban,2023-10-06 04:00:00+00:00,1,12.401,9.903458950547396
AT,AKC,urban,2023-10-06 05:00:00+00:00,1,10.25875,12.744032330973184
AT,AKC,urban,2023-10-06 06:00:00+00:00,1,7.820449,10.801475874688023
AT,AKC,urban,2023-10-06 07:00:00+00:00,1,7.000749,7.249075987687782
AT,AKC,urban,2023-10-06 08:00:00+00:00,1,6.10575,5.966600814777042
AT,AKC,urban,2023-10-06 09:00:00+00:00,1,5.2142,5.301403325044319
AT,AKC,urban,2023-10-06 10:00:00+00:00,1,6.5295,4.492140100268042
AT,AKC,urban,2023-10-06 11:00:00+00:00,1,6.000699,5.92827386312684
AT,AKC,urban,2023-10-06 12:00:00+00:00,1,6.04615,5.540280119624882
AT,AKC,urban,2023-10-06 13:00:00+00:00,1,6.2529,5.6051607682155264
AT,AKC,urban,2023-10-06 14:00:00+00:00,1,6.619999,6.8428389543338
AT,AKC,urban,2023-10-06 15:00:00+00:00,1,7.484,7.007639450120674
AT,AKC,urban,2023-10-06 16:00:00+00:00,1,8.94565,8.064243985297825
AT,AKC,urban,2023-10-06 17:00:00+00:00,1,9.42905,9.475932354332524
AT,AKC,urban,2023-10-06 18:00:00+00:00,1,8.833049,10.627104870080107
AT,AKC,urban,2023-10-06 19:00:00+00:00,1,8.83855,8.821635084672241
AT,AKC,urban,2023-10-06 20:00:00+00:00,1,8.93555,9.338540012724756
AT,AKC,urban,2023-10-06 21:00:00+00:00,1,9.145449,8.703405152834549
AT,AKC,urban,2023-10-06 22:00:00+00:00,1,8.1695,9.29350309292657
AT,AKC,urban,2023-10-06 23:00:00+00:00,1,9.251049,7.8136245735060434
AT,AKC,urban,2023-10-07 00:00:00+00:00,1,10.0364,8.942363407096366
AT,AKC,urban,2023-10-07 01:00:00+00:00,1,10.33,9.756863422645463
AT,AKC,urban,2023-10-07 02:00:00+00:00,1,9.3231,9.720871888341584
AT,AKC,urban,2023-10-07 03:00:00+00:00,1,11.77465,8.821336738828983
AT,AKC,urban,2023-10-07 04:00:00+00:00,1,10.2757,10.58059602571397
AT,AKC,urban,2023-10-07 05:00:00+00:00,1,12.293,9.265201756107427
AT,AKC,urban,2023-10-07 06:00:00+00:00,1,16.295,12.349216601699865
AT,AKC,urban,2023-10-07 07:00:00+00:00,1,21.6375,14.920749519281575
AT,AKC,urban,2023-10-07 08:00:00+00:00,1,9.95585,19.577450775594073
AT,AKC,urban,2023-10-07 09:00:00+00:00,1,10.79375,8.023021118238212
AT,AKC,urban,2023-10-07 10:00:00+00:00,1,8.1714,8.769875749383452
AT,AKC,urban,2023-10-07 11:00:00+00:00,1,9.730249,6.48422874350042
AT,AKC,urban,2023-10-07 12:00:00+00:00,1,11.42015,8.988040851538859
AT,AKC,urban,2023-10-07 13:00:00+00:00,1,7.92465,10.732266948575948
AT,AKC,urban,2023-10-07 14:00:00+00:00,1,5.601449,8.192651649352861
AT,AKC,urban,2023-10-07 15:00:00+00:00,1,6.473699,5.501562669033053
AT,AKC,urban,2023-10-07 16:00:00+00:00,1,6.388,6.5780235782589
AT,AKC,urban,2023-10-07 17:00:00+00:00,1,7.30535,6.695399792267448
AT,AKC,urban,2023-10-07 18:00:00+00:00,1,9.492899,7.632583589598852
AT,AKC,urban,2023-10-07 19:00:00+00:00,1,8.944099,9.10753027470254
AT,AKC,urban,2023-10-07 20:00:00+00:00,1,13.997,9.004863663255207
AT,AKC,urban,2023-10-07 21:00:00+00:00,1,11.5095,13.895754793913405
AT,AKC,urban,2023-10-07 22:00:00+00:00,1,8.158399,11.445865647933278
AT,AKC,urban,2023-10-07 23:00:00+00:00,1,5.74655,8.174976757450303
AT,AKC,urban,2023-10-08 00:00:00+00:00,1,5.571249,4.125209158111954
AT,AKC,urban,2023-10-08 01:00:00+00:00,1,5.372499,3.687275142766701
AT,AKC,urban,2023-10-08 02:00:00+00:00,1,5.877949,4.172555501798509
AT,AKC,urban,2023-10-08 03:00:00+00:00,1,6.052299,5.150141479349745
AT,AKC,urban,2023-10-08 04:00:00+00:00,1,6.25355,5.298070860195335
AT,AKC,urban,2023-10-08 05:00:00+00:00,1,6.266949,5.761056520031101
AT,AKC,urban,2023-10-08 06:00:00+00:00,1,6.25205,5.62537898904133
AT,AKC,urban,2023-10-08 07:00:00+00:00,1,6.71285,5.304382983992891
AT,AKC,urban,2023-10-08 08:00:00+00:00,1,4.178349,5.289947796868315
AT,AKC,urban,2023-10-08 09:00:00+00:00,1,1.37835,3.619062825584038
AT,AKC,urban,2023-10-08 10:00:00+00:00,1,1.390799,1.124168858820692
AT,AKC,urban,2023-10-08 11:00:00+00:00,1,1.53565,1.5308193021179086
AT,AKC,urban,2023-10-08 12:00:00+00:00,1,2.4384,1.4764527849227846
AT,AKC,urban,2023-10-08 13:00:00+00:00,1,3.12835,2.414865550011683
AT,AKC,urban,2023-10-08 14:00:00+00:00,1,3.2968,3.3371529440120966
AT,AKC,urban,2023-10-08 15:00:00+00:00,1,2.98955,3.6108785917658928
AT,AKC,urban,2023-10-08 16:00:00+00:00,1,2.923349,3.4996719408814165
AT,AKC,urban,2023-10-08 17:00:00+00:00,1,3.21245,3.3942993662865923
AT,AKC,urban,2023-10-08 18:00:00+00:00,1,3.07835,3.636813048988362
AT,AKC,urban,2023-10-08 19:00:00+00:00,1,3.14645,3.3789488517841235
AT,AKC,urban,2023-10-08 20:00:00+00:00,1,3.364749,3.5411463890900343
AT,AKC,urban,2023-10-08 21:00:00+00:00,1,3.9251,3.4686629977917995
AT,AKC,urban,2023-10-08 22:00:00+00:00,1,4.058199,3.986467345286105
AT,AKC,urban,2023-10-08 23:00:00+00:00,1,4.248899,4.231433930920861
AT,AKC,urban,2023-10-09 00:00:00+00:00,1,4.382149,4.9991193902442355
AT,AKC,urban,2023-10-09 01:00:00+00:00,1,4.0296,4.663166946740212
AT,AKC,urban,2023-10-09 02:00:00+00:00,1,4.408699,4.115553569429462
AT,AKC,urban,2023-10-09 03:00:00+00:00,1,5.1886,4.829589101629754
AT,AKC,urban,2023-10-09 04:00:00+00:00,1,12.76515,5.935783552194401
AT,AKC,urban,2023-10-09 05:00:00+00:00,1,6.6549,12.119574618225801
AT,AKC,urban,2023-10-09 06:00:00+00:00,1,5.583149,6.42632747309548
AT,AKC,urban,2023-10-09 07:00:00+00:00,1,7.27145,5.550276542451886
AT,AKC,urban,2023-10-09 08:00:00+00:00,1,9.09525,7.162989636876816
AT,AKC,urban,2023-10-09 09:00:00+00:00,1,7.815,8.39053381407081
AT,AKC,urban,2023-10-09 10:00:00+00:00,1,9.1813,7.56634892141782
AT,AKC,urban,2023-10-09 11:00:00+00:00,1,8.089599,7.891597268027077
AT,AKC,urban,2023-10-09 12:00:00+00:00,1,9.09095,7.53046779943088
AT,AKC,urban,2023-10-09 13:00:00+00:00,1,9.95935,8.186252142954633
AT,AKC,urban,2023-10-09 14:00:00+00:00,1,9.145099,9.353438013377819
AT,AKC,urban,2023-10-09 15:00:00+00:00,1,8.42015,8.360914329417724
AT,AKC,urban,2023-10-09 16:00:00+00:00,1,7.546249,7.614724414488112
AT,AKC,urban,2023-10-09 17:00:00+00:00,1,9.340999,6.89450008554379
AT,AKC,urban,2023-10-09 18:00:00+00:00,1,9.21675,9.053578235081343
AT,AKC,urban,2023-10-09 19:00:00+00:00,1,8.470749,8.494976311247342
AT,AKC,urban,2023-10-09 20:00:00+00:00,1,8.6173,7.900326262279943
AT,AKC,urban,2023-10-09 21:00:00+00:00,1,8.55775,8.197864050326121
AT,AKC,urban,2023-10-09 22:00:00+00:00,1,9.0808,8.28550322576303
AT,AKC,urban,2023-10-09 23:00:00+00:00,1,9.758549,8.682911498118973
AT,AKC,urban,2023-10-10 00:00:00+00:00,1,10.1327,9.454807408735036
AT,AKC,urban,2023-10-10 01:00:00+00:00,1,10.779,9.946436021273193
AT,AKC,urban,2023-10-10 02:00:00+00:00,1,11.1855,10.509287106914837
AT,AKC,urban,2023-10-10 03:00:00+00:00,1,12.0795,11.212635577002832
AT,AKC,urban,2023-10-10 04:00:00+00:00,1,13.3995,13.377175615749014
AT,AKC,urban,2023-10-10 05:00:00+00:00,1,11.308,13.805348226081747
AT,AKC,urban,2023-10-10 06:00:00+00:00,1,10.419,10.221919056154793
AT,AKC,urban,2023-10-10 07:00:00+00:00,1,10.24745,10.068476206555054
AT,AKC,urban,2023-10-10 08:00:00+00:00,1,11.841,10.858835585762193
AT,AKC,urban,2023-10-10 09:00:00+00:00,1,12.6895,10.709475327481911
AT,AKC,urban,2023-10-10 10:00:00+00:00,1,12.687,11.648535129078095
AT,AKC,urban,2023-10-10 11:00:00+00:00,1,13.918,11.593619879165377
AT,AKC,urban,2023-10-10 12:00:00+00:00,1,13.1085,13.547735281885888
AT,AKC,urban,2023-10-10 13:00:00+00:00,1,12.5305,13.090596964283439
AT,AKC,urban,2023-10-10 14:00:00+00:00,1,12.1925,12.891227772283216
AT,AKC,urban,2023-10-10 15:00:00+00:00,1,13.4255,11.975470084110842
AT,AKC,urban,2023-10-10 16:00:00+00:00,1,14.242,13.318015961412609
AT,AKC,urban,2023-10-10 17:00:00+00:00,1,16.704,14.006736599012243
AT,AKC,urban,2023-10-10 18:00:00+00:00,1,16.786,16.74985636654671
AT,AKC,urban,2023-10-10 19:00:00+00:00,1,16.5035,16.210123457652735
AT,AKC,urban,2023-10-10 20:00:00+00:00,1,16.62,16.54018794822445
AT,AKC,urban,2023-10-10 21:00:00+00:00,1,16.3305,17.032430262106963
AT,AKC,urban,2023-10-10 22:00:00+00:00,1,15.0735,16.4866530294751
AT,AKC,urban,2023-10-10 23:00:00+00:00,1,13.877,14.929929536672358
AT,AKC,urban,2023-10-11 00:00:00+00:00,1,13.496,13.449250504185208
AT,AKC,urban,2023-10-11 01:00:00+00:00,1,12.126,13.481881845554572
AT,AKC,urban,2023-10-11 02:00:00+00:00,1,11.954,12.183624061994102
AT,AKC,urban,2023-10-11 03:00:00+00:00,1,12.2895,12.360701937313404
AT,AKC,urban,2023-10-11 04:00:00+00:00,1,13.4385,12.7604150098527
AT,AKC,urban,2023-10-11 05:00:00+00:00,1,14.3495,13.652943917066331
AT,AKC,urban,2023-10-11 06:00:00+00:00,1,14.346,14.118339176726678
AT,AKC,urban,2023-10-11 07:00:00+00:00,1,14.4475,14.182429334881366
AT,AKC,urban,2023-10-11 08:00:00+00:00,1,13.061,14.552559089905127
AT,AKC,urban,2023-10-11 09:00:00+00:00,1,12.9365,13.021538790861204
AT,AKC,urban,2023-10-11 10:00:00+00:00,1,12.2645,12.387440435692216
AT,AKC,urban,2023-10-11 11:00:00+00:00,1,11.392,11.971981267353318
AT,AKC,urban,2023-10-11 12:00:00+00:00,1,10.8665,11.361265835572333
AT,AKC,urban,2023-10-11 13:00:00+00:00,1,11.4205,11.281054708338917
AT,AKC,urban,2023-10-11 14:00:00+00:00,1,11.455,11.797225686771892
AT,AKC,urban,2023-10-11 15:00:00+00:00,1,15.2995,11.818555607549289
AT,AKC,urban,2023-10-11 16:00:00+00:00,1,16.187,17.329532830834978
AT,AKC,urban,2023-10-11 17:00:00+00:00,1,15.0785,17.226842914605182
AT,AKC,urban,2023-10-11 18:00:00+00:00,1,15.9325,14.617182899143014
AT,AKC,urban,2023-10-11 19:00:00+00:00,1,13.7315,16.13827164328385
AT,AKC,urban,2023-10-11 20:00:00+00:00,1,11.7815,13.39309399762664
AT,AKC,urban,2023-10-11 21:00:00+00:00,1,11.1845,11.493591197976261
AT,AKC,urban,2023-10-11 22:00:00+00:00,1,11.752,11.418545735846322
AT,AKC,urban,2023-10-11 23:00:00+00:00,1,11.859,12.671369562171517
AT,AKC,urban,2023-10-12 00:00:00+00:00,1,13.9795,12.251142508312402
AT,AKC,urban,2023-10-12 01:00:00+00:00,1,15.041,13.9253259416908
AT,AKC,urban,2023-10-12 02:00:00+00:00,1,15.196,14.344513740192752
AT,AKC,urban,2023-10-12 03:00:00+00:00,1,13.097,14.822547742914356
AT,AKC,urban,2023-10-12 04:00:00+00:00,1,16.79,13.677989779792984
AT,AKC,urban,2023-10-12 05:00:00+00:00,1,15.8435,16.29760441754036
AT,AKC,urban,2023-10-12 06:00:00+00:00,1,15.691,15.254328063697226
AT,AKC,urban,2023-10-12 07:00:00+00:00,1,16.6155,15.720631927729606
AT,AKC,urban,2023-10-12 08:00:00+00:00,1,13.6165,16.423170322659992
AT,AKC,urban,2023-10-12 09:00:00+00:00,1,11.952,13.753425134999187
AT,AKC,urban,2023-10-12 10:00:00+00:00,1,11.38375,10.607177746502998
AT,AKC,urban,2023-10-12 11:00:00+00:00,1,11.3745,10.793850868450978
AT,AKC,urban,2023-10-12 12:00:00+00:00,1,11.26565,12.087235308164157
AT,AKC,urban,2023-10-12 13:00:00+00:00,1,8.8789,11.102577393015142
AT,AKC,urban,2023-10-12 14:00:00+00:00,1,8.64405,9.149881696342668
AT,AKC,urban,2023-10-12 15:00:00+00:00,1,9.555999,8.124113376294638
AT,AKC,urban,2023-10-12 16:00:00+00:00,1,9.323849,9.844528843088437
AT,AKC,urban,2023-10-12 17:00:00+00:00,1,10.4825,10.283038473319731
AT,AKC,urban,2023-10-12 18:00:00+00:00,1,10.9035,11.327127793122052
AT,AKC,urban,2023-10-12 19:00:00+00:00,1,12.239,11.420115777399161
AT,AKC,urban,2023-10-12 20:00:00+00:00,1,11.016,13.024764875112083
AT,AKC,urban,2023-10-12 21:00:00+00:00,1,11.058,10.99592886604496
AT,AKC,urban,2023-10-12 22:00:00+00:00,1,12.503,11.79706499442025
AT,AKC,urban,2023-10-12 23:00:00+00:00,1,12.202,12.720330134933437
AT,AKC,urban,2023-10-13 00:00:00+00:00,1,12.012,11.94372170461726
AT,AKC,urban,2023-10-13 01:00:00+00:00,1,10.9825,11.47117582114846
AT,AKC,urban,2023-10-13 02:00:00+00:00,1,11.248,10.321494398661407
AT,AKC,urban,2023-10-13 03:00:00+00:00,1,12.003,11.36598446432097
AT,AKC,urban,2023-10-13 04:00:00+00:00,1,12.0335,12.680145861311338
AT,AKC,urban,2023-10-13 05:00:00+00:00,1,13.123,12.958943858115518
AT,AKC,urban,2023-10-13 06:00:00+00:00,1,13.645,12.864888216191055
AT,AKC,urban,2023-10-13 07:00:00+00:00,1,12.573,14.082425418610999
AT,AKC,urban,2023-10-13 08:00:00+00:00,1,9.4799,12.248669476954852
AT,AKC,urban,2023-10-13 09:00:00+00:00,1,8.250699,9.073603452323798
AT,AKC,urban,2023-10-13 10:00:00+00:00,1,8.436599,7.028013487801331
AT,AKC,urban,2023-10-13 11:00:00+00:00,1,8.3456,7.8392972435625445
AT,AKC,urban,2023-10-13 12:00:00+00:00,1,8.683149,7.8408798174668775
AT,AKC,urban,2023-10-13 13:00:00+00:00,1,8.58145,8.481450807767615
AT,AKC,urban,2023-10-13 14:00:00+00:00,1,8.924599,8.652648581666693
AT,AKC,urban,2023-10-13 15:00:00+00:00,1,10.1182,9.24867593654406
AT,AKC,urban,2023-10-13 16:00:00+00:00,1,11.0885,10.518361800866654
AT,AKC,urban,2023-10-13 17:00:00+00:00,1,12.2285,11.638202147920303
AT,AKC,urban,2023-10-13 18:00:00+00:00,1,13.962,12.225099159250185
AT,AKC,urban,2023-10-13 19:00:00+00:00,1,14.082,14.352595601303605
AT,AKC,urban,2023-10-13 20:00:00+00:00,1,15.566,14.246727609629879
AT,AKC,urban,2023-10-13 21:00:00+00:00,1,16.2065,16.790437013443082
AT,AKC,urban,2023-10-13 22:00:00+00:00,1,18.1945,13.64722310482733
AT,AKC,urban,2023-10-13 23:00:00+00:00,1,19.732,16.98184466347994
AT,AKC,urban,2023-10-14 00:00:00+00:00,1,20.608,18.306335178866245
AT,AKC,urban,2023-10-14 01:00:00+00:00,1,17.4615,19.66470853106136
AT,AKC,urban,2023-10-14 02:00:00+00:00,1,20.116,17.456693373897053
AT,AKC,urban,2023-10-14 03:00:00+00:00,1,22.6425,19.011215073253126
AT,AKC,urban,2023-10-14 04:00:00+00:00,1,24.864,20.576181773537833
AT,AKC,urban,2023-10-14 05:00:00+00:00,1,25.4645,22.74631956875568
AT,AKC,urban,2023-10-14 06:00:00+00:00,1,24.4885,23.662616336631636
AT,AKC,urban,2023-10-14 07:00:00+00:00,1,20.902,22.846777957167355
AT,AKC,urban,2023-10-14 08:00:00+00:00,1,16.9125,19.25287207497599
AT,AKC,urban,2023-10-14 09:00:00+00:00,1,9.984199,15.90261519674012
AT,AKC,urban,2023-10-14 10:00:00+00:00,1,7.55945,9.096173858244445
AT,AKC,urban,2023-10-14 11:00:00+00:00,1,7.28215,6.795448002003262
AT,AKC,urban,2023-10-14 12:00:00+00:00,1,6.945349,6.963370945013686
AT,AKC,urban,2023-10-14 13:00:00+00:00,1,6.630949,6.497103814372782
AT,AKC,urban,2023-10-14 14:00:00+00:00,1,6.238399,6.455125963583871
AT,AKC,urban,2023-10-14 15:00:00+00:00,1,6.48,6.3688157019177325
AT,AKC,urban,2023-10-14 16:00:00+00:00,1,6.518149,6.686206896576881
AT,AKC,urban,2023-10-14 17:00:00+00:00,1,6.491049,6.697755187798382
AT,AKC,urban,2023-10-14 18:00:00+00:00,1,2.3447,6.57722217295667
AT,AKC,urban,2023-10-14 19:00:00+00:00,1,1.665849,2.8259936178640572
AT,AKC,urban,2023-10-14 20:00:00+00:00,1,1.6899,2.378012874827782
AT,AKC,urban,2023-10-14 21:00:00+00:00,1,1.908249,2.2627014482887127
AT,AKC,urban,2023-10-14 22:00:00+00:00,1,2.4175,2.5583309749027734
AT,AKC,urban,2023-10-14 23:00:00+00:00,1,3.314749,2.914645963567807
AT,AKC,urban,2023-10-15 00:00:00+00:00,1,3.701449,3.744231923980429
AT,AKC,urban,2023-10-15 01:00:00+00:00,1,3.85545,3.9021250294729874
AT,AKC,urban,2023-10-15 02:00:00+00:00,1,3.969349,3.9801056135510002
AT,AKC,urban,2023-10-15 03:00:00+00:00,1,3.858399,4.018640265873358
AT,AKC,urban,2023-10-15 04:00:00+00:00,1,3.737349,3.8238275051947355
AT,AKC,urban,2023-10-15 05:00:00+00:00,1,3.597599,3.6621835388938067
AT,AKC,urban,2023-10-15 06:00:00+00:00,1,3.79155,3.43462032977612
AT,AKC,urban,2023-10-15 07:00:00+00:00,1,4.0162,3.6672625886056984
AT,AKC,urban,2023-10-15 08:00:00+00:00,1,4.253449,3.759880750518249
AT,AKC,urban,2023-10-15 09:00:00+00:00,1,3.868099,3.905050531637329
AT,AKC,urban,2023-10-15 10:00:00+00:00,1,3.648799,3.4829676928068167
AT,AKC,urban,2023-10-15 11:00:00+00:00,1,3.420449,3.3977209695187227
AT,AKC,urban,2023-10-15 12:00:00+00:00,1,2.820549,3.348992200717742
AT,AKC,urban,2023-10-15 13:00:00+00:00,1,2.82445,2.683724577508684
AT,AKC,urban,2023-10-15 14:00:00+00:00,1,2.474349,2.8017947899257756
AT,AKC,urban,2023-10-15 15:00:00+00:00,1,3.037349,2.515909779632299
AT,AKC,urban,2023-10-15 16:00:00+00:00,1,2.762849,3.3176935809209986
AT,AKC,urban,2023-10-15 17:00:00+00:00,1,2.0992,2.906021296688575
AT,AKC,urban,2023-10-15 18:00:00+00:00,1,2.1241,2.3738793411618104
AT,AKC,urban,2023-10-15 19:00:00+00:00,1,2.000599,2.600041260081589
AT,AKC,urban,2023-10-15 20:00:00+00:00,1,2.5137,2.3854872317863993
AT,AKC,urban,2023-10-15 21:00:00+00:00,1,2.5823,2.8025425131731723
AT,AKC,urban,2023-10-15 22:00:00+00:00,1,2.3938,2.7527749141483433
AT,AKC,urban,2023-10-15 23:00:00+00:00,1,3.93265,2.6275784241228344
AT,AKC,urban,2023-10-16 00:00:00+00:00,1,4.296299,3.9471607477546087
AT,AKC,urban,2023-10-16 01:00:00+00:00,1,4.579999,4.224687273251423
AT,AKC,urban,2023-10-16 02:00:00+00:00,1,2.99615,4.641278042719772
AT,AKC,urban,2023-10-16 03:00:00+00:00,1,4.355599,3.2985621471945983
AT,AKC,urban,2023-10-16 04:00:00+00:00,1,6.405349,5.936789375896858
AT,AKC,urban,2023-10-16 05:00:00+00:00,1,9.045,6.67966493412197
AT,AKC,urban,2023-10-16 06:00:00+00:00,1,6.6153,9.360193475249606
AT,AKC,urban,2023-10-16 07:00:00+00:00,1,5.7087,5.21937239015049
AT,AKC,urban,2023-10-16 08:00:00+00:00,1,4.4358,5.715829354609788
AT,AKC,urban,2023-10-16 09:00:00+00:00,1,4.322899,3.5693358726070414
AT,AKC,urban,2023-10-16 10:00:00+00:00,1,4.15985,4.211972194839472
AT,AKC,urban,2023-10-16 11:00:00+00:00,1,3.548699,3.7351471640552596
AT,AKC,urban,2023-10-16 12:00:00+00:00,1,2.564949,3.6028681037976042
AT,AKC,urban,2023-10-16 13:00:00+00:00,1,2.451149,2.6116209019355097
AT,AKC,urban,2023-10-16 14:00:00+00:00,1,2.3393,2.9598906856947558
AT,AKC,urban,2023-10-16 15:00:00+00:00,1,2.7279,2.835372719537304
AT,AKC,urban,2023-10-16 16:00:00+00:00,1,5.7333,3.8836143026107734
AT,AKC,urban,2023-10-16 17:00:00+00:00,1,6.841549,8.28347534730661
AT,AKC,urban,2023-10-16 18:00:00+00:00,1,7.354749,7.567828146557627
AT,AKC,urban,2023-10-16 19:00:00+00:00,1,6.83955,8.011762638208584
AT,AKC,urban,2023-10-16 20:00:00+00:00,1,6.04215,6.6208254579452515
AT,AKC,urban,2023-10-16 21:00:00+00:00,1,6.160599,5.785218837593266
AT,AKC,urban,2023-10-16 22:00:00+00:00,1,4.8898,6.587626793921498
AT,AKC,urban,2023-10-16 23:00:00+00:00,1,5.567349,4.63651843009745
AT,AKC,urban,2023-10-17 00:00:00+00:00,1,6.5135,5.743518795619959
AT,AKC,urban,2023-10-17 01:00:00+00:00,1,7.2241,6.763035113961298
AT,AKC,urban,2023-10-17 02:00:00+00:00,1,7.786549,7.397877411795026
AT,AKC,urban,2023-10-17 03:00:00+00:00,1,8.335899,8.394477600797284
AT,AKC,urban,2023-10-17 04:00:00+00:00,1,9.711999,9.21211887756979
AT,AKC,urban,2023-10-17 05:00:00+00:00,1,11.242,10.815494270448621
AT,AKC,urban,2023-10-17 06:00:00+00:00,1,12.236,11.312015125158663
AT,AKC,urban,2023-10-17 07:00:00+00:00,1,11.577,11.872295602818419
AT,AKC,urban,2023-10-17 08:00:00+00:00,1,8.22755,11.16936313702044
AT,AKC,urban,2023-10-17 09:00:00+00:00,1,8.42825,7.057654610816893
AT,AKC,urban,2023-10-17 10:00:00+00:00,1,7.1427,7.997710251368314
AT,AKC,urban,2023-10-17 11:00:00+00:00,1,5.99835,7.010525702168806
AT,AKC,urban,2023-10-17 12:00:00+00:00,1,4.861949,6.0458345917811265
AT,AKC,urban,2023-10-17 13:00:00+00:00,1,4.288949,5.429425279516337
AT,AKC,urban,2023-10-17 14:00:00+00:00,1,4.723099,4.7512491696020795
AT,AKC,urban,2023-10-17 15:00:00+00:00,1,5.144849,5.4051119056378205
AT,AKC,urban,2023-10-17 16:00:00+00:00,1,6.357399,5.775178599061842
AT,AKC,urban,2023-10-17 17:00:00+00:00,1,6.809999,7.246606852175351
AT,AKC,urban,2023-10-17 18:00:00+00:00,1,6.508049,7.476957472860786
AT,AKC,urban,2023-10-17 19:00:00+00:00,1,6.849499,7.0958671722302356
AT,AKC,urban,2023-10-17 20:00:00+00:00,1,7.204299,7.615965007741469
AT,AKC,urban,2023-10-17 21:00:00+00:00,1,8.1107,7.437971890584667
AT,AKC,urban,2023-10-17 22:00:00+00:00,1,8.8639,8.355236974444903
AT,AKC,urban,2023-10-17 23:00:00+00:00,1,10.37895,8.876215562926454
AT,AKC,urban,2023-10-18 00:00:00+00:00,1,11.8045,10.470072332905424
AT,AKC,urban,2023-10-18 01:00:00+00:00,1,13.52,11.74668460309157
AT,AKC,urban,2023-10-18 02:00:00+00:00,1,14.101,13.105619866687682
AT,AKC,urban,2023-10-18 03:00:00+00:00,1,14.507,13.822400941283657
AT,AKC,urban,2023-10-18 04:00:00+00:00,1,15.554,14.87169926655642
AT,AKC,urban,2023-10-18 05:00:00+00:00,1,15.7395,16.304750000816252
AT,AKC,urban,2023-10-18 06:00:00+00:00,1,16.6715,15.727661477388867
AT,AKC,urban,2023-10-18 07:00:00+00:00,1,15.9235,16.26576405185685
AT,AKC,urban,2023-10-18 08:00:00+00:00,1,14.656,14.677726692455902
AT,AKC,urban,2023-10-18 09:00:00+00:00,1,14.5925,13.504745493558506
AT,AKC,urban,2023-10-18 10:00:00+00:00,1,14.8715,13.793849230939571
AT,AKC,urban,2023-10-18 11:00:00+00:00,1,14.0,14.097871907661258
AT,AKC,urban,2023-10-18 12:00:00+00:00,1,14.471,13.542696747939495
AT,AKC,urban,2023-10-18 13:00:00+00:00,1,13.7855,13.94153326060669
AT,AKC,urban,2023-10-18 14:00:00+00:00,1,12.635,13.38304348562108
AT,AKC,urban,2023-10-18 15:00:00+00:00,1,13.6265,12.417675310359478
AT,AKC,urban,2023-10-18 16:00:00+00:00,1,15.3255,13.60240497842916
AT,AKC,urban,2023-10-18 17:00:00+00:00,1,13.874,14.730594961298237
AT,AKC,urban,2023-10-18 18:00:00+00:00,1,11.924,13.754798068368942
AT,AKC,urban,2023-10-18 19:00:00+00:00,1,14.4835,12.064567674146971
AT,AKC,urban,2023-10-18 20:00:00+00:00,1,13.3455,14.32528288773274
AT,AKC,urban,2023-10-18 21:00:00+00:00,1,15.183,13.409896404203785
AT,AKC,urban,2023-10-18 22:00:00+00:00,1,16.533,15.058442259391128
AT,AKC,urban,2023-10-18 23:00:00+00:00,1,17.15,16.032525513717022
AT,AKC,urban,2023-10-19 00:00:00+00:00,1,17.9245,16.694981324987438
AT,AKC,urban,2023-10-19 01:00:00+00:00,1,19.002,17.371618767501673
AT,AKC,urban,2023-10-19 02:00:00+00:00,1,20.0895,18.292481825149476
AT,AKC,urban,2023-10-19 03:00:00+00:00,1,20.5655,19.389935166104337
AT,AKC,urban,2023-10-19 04:00:00+00:00,1,20.962,20.93077747567593
AT,AKC,urban,2023-10-19 05:00:00+00:00,1,21.449,21.68494563043948
AT,AKC,urban,2023-10-19 06:00:00+00:00,1,21.5575,21.27828829001956
AT,AKC,urban,2023-10-19 07:00:00+00:00,1,22.987,20.352404276491256
AT,AKC,urban,2023-10-19 08:00:00+00:00,1,22.062,21.593442626903737
AT,AKC,urban,2023-10-19 09:00:00+00:00,1,20.005,20.77047574212314
AT,AKC,urban,2023-10-19 10:00:00+00:00,1,18.9715,18.775586667132757
AT,AKC,urban,2023-10-19 11:00:00+00:00,1,19.722,17.826374391733843
AT,AKC,urban,2023-10-19 12:00:00+00:00,1,27.0175,18.8868148008225
AT,AKC,urban,2023-10-19 13:00:00+00:00,1,23.032,24.642798979011616
AT,AKC,urban,2023-10-19 14:00:00+00:00,1,21.9985,21.074886933226725
AT,AKC,urban,2023-10-19 15:00:00+00:00,1,22.249,22.246244205063935
AT,AKC,urban,2023-10-19 16:00:00+00:00,1,24.2645,22.661852709225307
AT,AKC,urban,2023-10-19 17:00:00+00:00,1,25.223,23.777968737801704
AT,AKC,urban,2023-10-19 18:00:00+00:00,1,24.8985,24.782026517364304
AT,AKC,urban,2023-10-19 19:00:00+00:00,1,24.1745,23.948275186225345
AT,AKC,urban,2023-10-19 20:00:00+00:00,1,23.1125,23.704409925511683
AT,AKC,urban,2023-10-19 21:00:00+00:00,1,21.907,22.078282758108955
AT,AKC,urban,2023-10-19 22:00:00+00:00,1,20.4865,22.221662314885272
AT,AKC,urban,2023-10-19 23:00:00+00:00,1,21.5275,19.959477920308416
AT,AKC,urban,2023-10-20 00:00:00+00:00,1,22.4705,21.38336754749653
AT,AKC,urban,2023-10-20 01:00:00+00:00,1,24.179,22.204724534933554
AT,AKC,urban,2023-10-20 02:00:00+00:00,1,23.2925,23.09192113133546
AT,AKC,urban,2023-10-20 03:00:00+00:00,1,20.909,22.322814349074992
AT,AKC,urban,2023-10-20 04:00:00+00:00,1,22.018,20.993583395552136
AT,AKC,urban,2023-10-20 05:00:00+00:00,1,28.039,22.028777386405533
AT,AKC,urban,2023-10-20 06:00:00+00:00,1,24.7885,26.17386861280423
AT,AKC,urban,2023-10-20 07:00:00+00:00,1,25.4115,24.122945783438638
AT,AKC,urban,2023-10-20 08:00:00+00:00,1,19.0165,25.238039967597153
AT,AKC,urban,2023-10-20 09:00:00+00:00,1,10.706,18.33696152218331
AT,AKC,urban,2023-10-20 10:00:00+00:00,1,9.2522,10.52088878848707
AT,AKC,urban,2023-10-20 11:00:00+00:00,1,10.61355,10.04731579371786
AT,AKC,urban,2023-10-20 12:00:00+00:00,1,13.2335,10.880282140411811
AT,AKC,urban,2023-10-20 13:00:00+00:00,1,21.657,12.711622572381689
AT,AKC,urban,2023-10-20 14:00:00+00:00,1,21.919,19.56563929079828
AT,AKC,urban,2023-10-20 15:00:00+00:00,1,13.2945,20.983799158999478
AT,AKC,urban,2023-10-20 16:00:00+00:00,1,14.6805,12.749756937994814
AT,AKC,urban,2023-10-20 17:00:00+00:00,1,16.255,12.61950818907945
AT,AKC,urban,2023-10-20 18:00:00+00:00,1,16.9995,14.659952701869539
AT,AKC,urban,2023-10-20 19:00:00+00:00,1,17.1205,16.028266954016143
AT,AKC,urban,2023-10-20 20:00:00+00:00,1,17.123,17.047170359835924
AT,AKC,urban,2023-10-20 21:00:00+00:00,1,17.093,17.19105713826891
AT,AKC,urban,2023-10-20 22:00:00+00:00,1,17.249,17.53465314944563
AT,AKC,urban,2023-10-20 23:00:00+00:00,1,16.773,17.408151063535257
AT,AKC,urban,2023-10-21 00:00:00+00:00,1,12.06305,16.971481649157923
AT,AKC,urban,2023-10-21 01:00:00+00:00,1,7.109999,12.011969971237846
AT,AKC,urban,2023-10-21 02:00:00+00:00,1,7.13765,7.026000149018053
AT,AKC,urban,2023-10-21 03:00:00+00:00,1,7.901999,7.276554739501055
AT,AKC,urban,2023-10-21 04:00:00+00:00,1,8.16215,8.891731313875447
AT,AKC,urban,2023-10-21 05:00:00+00:00,1,7.844699,9.316114866348688
AT,AKC,urban,2023-10-21 06:00:00+00:00,1,9.416999,8.623277806970798
AT,AKC,urban,2023-10-21 07:00:00+00:00,1,7.878399,10.52422481250644
AT,AKC,urban,2023-10-21 08:00:00+00:00,1,5.7553,7.8114076560428884
AT,AKC,urban,2023-10-21 09:00:00+00:00,1,5.34825,5.0628833709165875
AT,AKC,urban,2023-10-21 10:00:00+00:00,1,5.872149,5.428977068372063
AT,AKC,urban,2023-10-21 11:00:00+00:00,1,6.737699,5.849960827962594
AT,AKC,urban,2023-10-21 12:00:00+00:00,1,6.5753,6.775115468943557
AT,AKC,urban,2023-10-21 13:00:00+00:00,1,5.583399,6.636481751076861
AT,AKC,urban,2023-10-21 14:00:00+00:00,1,4.390549,5.36166124716134
AT,AKC,urban,2023-10-21 15:00:00+00:00,1,4.181499,4.647482627537116
AT,AKC,urban,2023-10-21 16:00:00+00:00,1,4.533699,4.725987551601829
AT,AKC,urban,2023-10-21 17:00:00+00:00,1,6.29465,4.984953778568077
AT,AKC,urban,2023-10-21 18:00:00+00:00,1,6.641449,6.161897467145348
AT,AKC,urban,2023-10-21 19:00:00+00:00,1,6.944849,6.41830164302602
AT,AKC,urban,2023-10-21 20:00:00+00:00,1,6.5247,7.135450990107778
AT,AKC,urban,2023-10-21 21:00:00+00:00,1,6.099049,6.877437933404096
AT,AKC,urban,2023-10-21 22:00:00+00:00,1,6.70935,6.272155485583021
AT,AKC,urban,2023-10-21 23:00:00+00:00,1,4.960399,6.933015874479157
AT,AKC,urban,2023-10-22 00:00:00+00:00,1,4.277549,4.980273485131384
AT,AKC,urban,2023-10-22 01:00:00+00:00,1,3.4169,4.16707479228138
AT,AKC,urban,2023-10-22 02:00:00+00:00,1,3.26285,3.4354121087216107
AT,AKC,urban,2023-10-22 03:00:00+00:00,1,2.360049,3.322335634867919
AT,AKC,urban,2023-10-22 04:00:00+00:00,1,2.078199,2.1601581279997575
AT,AKC,urban,2023-10-22 05:00:00+00:00,1,1.634949,1.7690209973700028
AT,AKC,urban,2023-10-22 06:00:00+00:00,1,1.934849,1.2491834937044395
AT,AKC,urban,2023-10-22 07:00:00+00:00,1,1.460949,1.6132292315823875
AT,AKC,urban,2023-10-22 08:00:00+00:00,1,1.397899,1.3359178611224678
AT,AKC,urban,2023-10-22 09:00:00+00:00,1,1.509199,1.4324758882853992
AT,AKC,urban,2023-10-22 10:00:00+00:00,1,1.58,1.658422149872635
AT,AKC,urban,2023-10-22 11:00:00+00:00,1,1.709599,1.5879535767191229
AT,AKC,urban,2023-10-22 12:00:00+00:00,1,1.862799,1.6680723197981244
AT,AKC,urban,2023-10-22 13:00:00+00:00,1,2.04725,1.745428019080471
AT,AKC,urban,2023-10-22 14:00:00+00:00,1,2.283149,2.083892123322908
AT,AKC,urban,2023-10-22 15:00:00+00:00,1,2.539999,2.45901621341649
AT,AKC,urban,2023-10-22 16:00:00+00:00,1,3.803699,2.8531213635671584
AT,AKC,urban,2023-10-22 17:00:00+00:00,1,3.9619,4.805510456819082
AT,AKC,urban,2023-10-22 18:00:00+00:00,1,4.60165,4.342770381727053
AT,AKC,urban,2023-10-22 19:00:00+00:00,1,5.582349,4.784761711535161
AT,AKC,urban,2023-10-22 20:00:00+00:00,1,6.466699,6.225137479111037
AT,AKC,urban,2023-10-22 21:00:00+00:00,1,6.7848,6.875048433179767
AT,AKC,urban,2023-10-22 22:00:00+00:00,1,5.682549,7.450386107607024
AT,AKC,urban,2023-10-22 23:00:00+00:00,1,7.331299,5.310226004172705
AT,AKC,urban,2023-10-23 00:00:00+00:00,1,4.355949,6.666330662847987
AT,AKC,urban,2023-10-23 01:00:00+00:00,1,3.8945,3.7771915995615792
AT,AKC,urban,2023-10-23 02:00:00+00:00,1,2.986199,4.283469158195224
AT,AKC,urban,2023-10-23 03:00:00+00:00,1,4.918299,3.0798004483362114
AT,AKC,urban,2023-10-23 04:00:00+00:00,1,7.28655,6.1006530330541615
AT,AKC,urban,2023-10-23 05:00:00+00:00,1,9.248049,7.383744995288232
AT,AKC,urban,2023-10-23 06:00:00+00:00,1,12.9385,8.959761626826083
AT,AKC,urban,2023-10-23 07:00:00+00:00,1,14.6185,11.823993993336508
AT,AKC,urban,2023-10-23 08:00:00+00:00,1,12.077,12.926013904310576
AT,AKC,urban,2023-10-23 09:00:00+00:00,1,9.583999,10.903925410331755
AT,AKC,urban,2023-10-23 10:00:00+00:00,1,6.841249,8.795339296309098
AT,AKC,urban,2023-10-23 11:00:00+00:00,1,5.841199,6.179688781047393
AT,AKC,urban,2023-10-23 12:00:00+00:00,1,6.369549,5.463806635911634
AT,AKC,urban,2023-10-23 13:00:00+00:00,1,8.315599,6.46524619757832
AT,AKC,urban,2023-10-23 14:00:00+00:00,1,8.7213,7.962854364687246
AT,AKC,urban,2023-10-23 15:00:00+00:00,1,8.013,8.616300725159256
AT,AKC,urban,2023-10-23 16:00:00+00:00,1,7.8343,8.839678270092477
AT,AKC,urban,2023-10-23 17:00:00+00:00,1,8.43185,8.356848943928789
AT,AKC,urban,2023-10-23 18:00:00+00:00,1,10.578,8.542233943152755
AT,AKC,urban,2023-10-23 19:00:00+00:00,1,12.0305,10.803912363473199
AT,AKC,urban,2023-10-23 20:00:00+00:00,1,12.984,12.760401942718364
AT,AKC,urban,2023-10-23 21:00:00+00:00,1,13.2555,12.547689107599322
AT,AKC,urban,2023-10-23 22:00:00+00:00,1,13.059,13.250073577251829
AT,AKC,urban,2023-10-23 23:00:00+00:00,1,12.598,12.966977464533052
AT,AKC,urban,2023-10-24 00:00:00+00:00,1,12.5525,12.374151888954273
AT,AKC,urban,2023-10-24 01:00:00+00:00,1,13.79,12.448920351753962
AT,AKC,urban,2023-10-24 02:00:00+00:00,1,16.1375,13.383697149213639
AT,AKC,urban,2023-10-24 03:00:00+00:00,1,16.925,15.031740055570516
AT,AKC,urban,2023-10-24 04:00:00+00:00,1,18.754,16.130647415977148
AT,AKC,urban,2023-10-24 05:00:00+00:00,1,16.6425,18.342632927300595
AT,AKC,urban,2023-10-24 06:00:00+00:00,1,17.1735,16.047452391947438
AT,AKC,urban,2023-10-24 07:00:00+00:00,1,18.1365,16.96868141636274
AT,AKC,urban,2023-10-24 08:00:00+00:00,1,15.5785,17.6447238951224
AT,AKC,urban,2023-10-24 09:00:00+00:00,1,11.257,15.509048686332815
AT,AKC,urban,2023-10-24 10:00:00+00:00,1,11.6165,10.494365629405674
AT,AKC,urban,2023-10-24 11:00:00+00:00,1,9.61445,11.860612727728736
AT,AKC,urban,2023-10-24 12:00:00+00:00,1,9.72315,9.600204170337616
AT,AKC,urban,2023-10-24 13:00:00+00:00,1,9.619499,10.084153285735095
AT,AKC,urban,2023-10-24 14:00:00+00:00,1,10.8695,9.873101085054895
AT,AKC,urban,2023-10-24 15:00:00+00:00,1,12.0085,11.226216365477988
AT,AKC,urban,2023-10-24 16:00:00+00:00,1,13.0395,12.243178118135493
AT,AKC,urban,2023-10-24 17:00:00+00:00,1,13.747,13.08329812067608
AT,AKC,urban,2023-10-24 18:00:00+00:00,1,13.533,13.812262260625147
AT,AKC,urban,2023-10-24 19:00:00+00:00,1,15.0015,13.309883066438488
AT,AKC,urban,2023-10-24 20:00:00+00:00,1,10.1685,14.111205151596064
AT,AKC,urban,2023-10-24 21:00:00+00:00,1,10.4495,10.084196770983628
AT,AKC,urban,2023-10-24 22:00:00+00:00,1,9.713399,10.384127448645721
AT,AKC,urban,2023-10-24 23:00:00+00:00,1,10.7029,9.361570624087374
AT,AKC,urban,2023-10-25 00:00:00+00:00,1,10.3624,10.198118258168368
AT,AKC,urban,2023-10-25 01:00:00+00:00,1,8.92735,9.886529294905149
AT,AKC,urban,2023-10-25 02:00:00+00:00,1,7.545299,8.813871788381988
AT,AKC,urban,2023-10-25 03:00:00+00:00,1,7.295,7.7197013109090165
AT,AKC,urban,2023-10-25 04:00:00+00:00,1,8.306499,7.736323185119737
AT,AKC,urban,2023-10-25 05:00:00+00:00,1,6.4825,8.866486369392401
AT,AKC,urban,2023-10-25 06:00:00+00:00,1,7.070199,7.261097362817569
AT,AKC,urban,2023-10-25 07:00:00+00:00,1,6.81395,7.259705878875671
AT,AKC,urban,2023-10-25 08:00:00+00:00,1,6.5684,6.801668627134838
AT,AKC,urban,2023-10-25 09:00:00+00:00,1,4.42195,6.7645788638723126
AT,AKC,urban,2023-10-25 10:00:00+00:00,1,4.651599,4.6272022913378414
AT,AKC,urban,2023-10-25 11:00:00+00:00,1,3.5988,4.872314145889881
AT,AKC,urban,2023-10-25 12:00:00+00:00,1,3.9994,3.7027200612331015
AT,AKC,urban,2023-10-25 13:00:00+00:00,1,2.79725,4.710790222965727
AT,AKC,urban,2023-10-25 14:00:00+00:00,1,2.6013,3.4152348831522303
AT,AKC,urban,2023-10-25 15:00:00+00:00,1,2.49475,3.208771623129106
AT,AKC,urban,2023-10-25 16:00:00+00:00,1,3.221899,3.47478152481548
AT,AKC,urban,2023-10-25 17:00:00+00:00,1,3.7322,4.223893258722182
AT,AKC,urban,2023-10-25 18:00:00+00:00,1,4.70345,4.507734519794877
AT,AKC,urban,2023-10-25 19:00:00+00:00,1,5.00355,5.195136586776858
AT,AKC,urban,2023-10-25 20:00:00+00:00,1,6.324299,5.871573877081527
AT,AKC,urban,2023-10-25 21:00:00+00:00,1,6.690449,6.154128763191316
AT,AKC,urban,2023-10-25 22:00:00+00:00,1,8.665249,6.86367744623422
AT,AKC,urban,2023-10-25 23:00:00+00:00,1,7.9098,8.598449119171615
AT,AKC,urban,2023-10-26 00:00:00+00:00,1,7.337249,7.618403871418703
AT,AKC,urban,2023-10-26 01:00:00+00:00,1,5.9953,7.185848185301435
AT,AKC,urban,2023-10-26 02:00:00+00:00,1,3.24415,5.909822542865154
AT,AKC,urban,2023-10-26 03:00:00+00:00,1,2.716849,3.2546671327177386
AT,AKC,urban,2023-10-26 04:00:00+00:00,1,2.4823,2.572450576946512
AT,AKC,urban,2023-10-26 05:00:00+00:00,1,1.54655,2.5048095147096134
AT,AKC,urban,2023-10-26 06:00:00+00:00,1,1.517099,1.3729497647295155
AT,AKC,urban,2023-10-26 07:00:00+00:00,1,1.788399,1.3732341278951097
AT,AKC,urban,2023-10-26 08:00:00+00:00,1,2.957499,1.7908189871896134
AT,AKC,urban,2023-10-26 09:00:00+00:00,1,1.760649,2.8225880783528936
AT,AKC,urban,2023-10-26 10:00:00+00:00,1,1.967949,1.114825847100004
AT,AKC,urban,2023-10-26 11:00:00+00:00,1,2.659749,1.705027456894868
AT,AKC,urban,2023-10-26 12:00:00+00:00,1,1.817149,2.540208646447333
AT,AKC,urban,2023-10-26 13:00:00+00:00,1,1.91375,1.6811195644685455
AT,AKC,urban,2023-10-26 14:00:00+00:00,1,2.391749,0.9916578508456197
AT,AKC,urban,2023-10-26 15:00:00+00:00,1,5.98015,3.032830219634871
AT,AKC,urban,2023-10-26 16:00:00+00:00,1,7.7058,7.568343915675552
AT,AKC,urban,2023-10-26 17:00:00+00:00,1,6.7802,7.921379121393617
AT,AKC,urban,2023-10-26 18:00:00+00:00,1,5.46535,7.179433410503801
AT,AKC,urban,2023-10-26 19:00:00+00:00,1,7.050049,5.450768321649061
AT,AKC,urban,2023-10-26 20:00:00+00:00,1,4.269,7.9967577471666225
AT,AKC,urban,2023-10-26 21:00:00+00:00,1,6.50195,4.118513289794802
AT,AKC,urban,2023-10-26 22:00:00+00:00,1,5.866849,7.330719459398015
AT,AKC,urban,2023-10-26 23:00:00+00:00,1,7.667849,5.4241408708387695
AT,AKC,urban,2023-10-27 00:00:00+00:00,1,6.49495,7.670007860544597
AT,AKC,urban,2023-10-27 01:00:00+00:00,1,7.99075,5.877292743699318
AT,AKC,urban,2023-10-27 02:00:00+00:00,1,11.088,7.919460579454931
AT,AKC,urban,2023-10-27 03:00:00+00:00,1,11.474,9.864503570935444
AT,AKC,urban,2023-10-27 04:00:00+00:00,1,9.489399,10.198516491115459
AT,AKC,urban,2023-10-27 05:00:00+00:00,1,4.93385,9.03428910049309
AT,AKC,urban,2023-10-27 06:00:00+00:00,1,2.6932,4.327906587752988
AT,AKC,urban,2023-10-27 07:00:00+00:00,1,1.5261,1.897261350033311
AT,AKC,urban,2023-10-27 08:00:00+00:00,1,2.009999,0.9357762831174199
AT,AKC,urban,2023-10-27 09:00:00+00:00,1,2.0174,1.2752997873951024
AT,AKC,urban,2023-10-27 10:00:00+00:00,1,1.771849,1.795756076840835
AT,AKC,urban,2023-10-27 11:00:00+00:00,1,1.922649,1.7198736662574596
AT,AKC,urban,2023-10-27 12:00:00+00:00,1,1.891549,1.8231642481991273
AT,AKC,urban,2023-10-27 13:00:00+00:00,1,1.525799,1.9965847316313514
AT,AKC,urban,2023-10-27 14:00:00+00:00,1,1.825799,1.5110060379755446
AT,AKC,urban,2023-10-27 15:00:00+00:00,1,1.921449,1.8224148547086223
AT,AKC,urban,2023-10-27 16:00:00+00:00,1,2.02045,2.226896510938932
AT,AKC,urban,2023-10-27 17:00:00+00:00,1,2.131,2.3210780871537224
AT,AKC,urban,2023-10-27 18:00:00+00:00,1,2.48285,2.436500079830072
AT,AKC,urban,2023-10-27 19:00:00+00:00,1,2.64545,2.862206259152604
AT,AKC,urban,2023-10-27 20:00:00+00:00,1,2.6887,3.224303731029316
AT,AKC,urban,2023-10-27 21:00:00+00:00,1,2.516099,3.0311921861296405
AT,AKC,urban,2023-10-27 22:00:00+00:00,1,3.0587,2.9483965091493225
AT,AKC,urban,2023-10-27 23:00:00+00:00,1,1.88475,3.524120700112377
AT,AKC,urban,2023-10-28 00:00:00+00:00,1,1.933099,1.5995709574864634
AT,AKC,urban,2023-10-28 01:00:00+00:00,1,1.975049,2.0411229091457663
AT,AKC,urban,2023-10-28 02:00:00+00:00,1,1.85855,2.1564257070601087
AT,AKC,urban,2023-10-28 03:00:00+00:00,1,2.4203,1.7786851187802952
AT,AKC,urban,2023-10-28 04:00:00+00:00,1,2.00575,3.5096554167362406
AT,AKC,urban,2023-10-28 05:00:00+00:00,1,1.778849,1.7208158258374766
AT,AKC,urban,2023-10-28 06:00:00+00:00,1,1.797549,1.6124136121579085
AT,AKC,urban,2023-10-28 07:00:00+00:00,1,1.99445,1.1508003191333387
AT,AKC,urban,2023-10-28 08:00:00+00:00,1,2.184,1.669931304290742
AT,AKC,urban,2023-10-28 09:00:00+00:00,1,2.2097,2.0335336351086433
AT,AKC,urban,2023-10-28 10:00:00+00:00,1,1.811149,1.9170643749729592
AT,AKC,urban,2023-10-28 11:00:00+00:00,1,1.672399,1.1937569985134324
AT,AKC,urban,2023-10-28 12:00:00+00:00,1,1.686749,1.363765677284448
AT,AKC,urban,2023-10-28 13:00:00+00:00,1,2.0831,1.5681076248106365
AT,AKC,urban,2023-10-28 14:00:00+00:00,1,3.089099,2.2484623424209076
AT,AKC,urban,2023-10-28 15:00:00+00:00,1,4.7381,3.7985934435467463
AT,AKC,urban,2023-10-28 16:00:00+00:00,1,7.6554,5.5434865070439585
AT,AKC,urban,2023-10-28 17:00:00+00:00,1,9.206199,9.333008413251722
AT,AKC,urban,2023-10-28 18:00:00+00:00,1,10.8985,9.31818284233599
AT,AKC,urban,2023-10-28 19:00:00+00:00,1,11.016,10.827094798147446
AT,AKC,urban,2023-10-28 20:00:00+00:00,1,9.25295,10.926109207729453
AT,AKC,urban,2023-10-28 21:00:00+00:00,1,8.298049,9.461207881384194
AT,AKC,urban,2023-10-28 22:00:00+00:00,1,7.829199,8.466644509459595
AT,AKC,urban,2023-10-28 23:00:00+00:00,1,7.674349,7.310220749950734
AT,AKC,urban,2023-10-29 00:00:00+00:00,1,7.51875,6.956346604223466
AT,AKC,urban,2023-10-29 01:00:00+00:00,1,8.928899,7.694290277540524
AT,AKC,urban,2023-10-29 02:00:00+00:00,1,9.504199,8.881954215375668
AT,AKC,urban,2023-10-29 03:00:00+00:00,1,10.61725,8.888136819382822
AT,AKC,urban,2023-10-29 04:00:00+00:00,1,12.032,9.47818184306752
AT,AKC,urban,2023-10-29 05:00:00+00:00,1,11.1435,10.887255265504347
AT,AKC,urban,2023-10-29 06:00:00+00:00,1,14.103,10.64469967509583
AT,AKC,urban,2023-10-29 07:00:00+00:00,1,12.7545,13.298062618351864
AT,AKC,urban,2023-10-29 08:00:00+00:00,1,12.3065,11.9194961773986
AT,AKC,urban,2023-10-29 09:00:00+00:00,1,12.9285,11.793181935388418
AT,AKC,urban,2023-10-29 10:00:00+00:00,1,9.83835,12.440773864427662
AT,AKC,urban,2023-10-29 11:00:00+00:00,1,9.652099,9.426811281229675
AT,AKC,urban,2023-10-29 12:00:00+00:00,1,9.458549,9.70478252022756
AT,AKC,urban,2023-10-29 13:00:00+00:00,1,5.918149,10.086150125128956
AT,AKC,urban,2023-10-29 14:00:00+00:00,1,7.2662,6.089538647691903
AT,AKC,urban,2023-10-29 15:00:00+00:00,1,9.97725,7.948483577103165
AT,AKC,urban,2023-10-29 16:00:00+00:00,1,11.9875,10.31575501057901
AT,AKC,urban,2023-10-29 17:00:00+00:00,1,13.052,11.742430819661024
AT,AKC,urban,2023-10-29 18:00:00+00:00,1,16.778,12.812908518290008
AT,AKC,urban,2023-10-29 19:00:00+00:00,1,15.4625,15.792707691980649
AT,AKC,urban,2023-10-29 20:00:00+00:00,1,15.2075,14.690697687155478
AT,AKC,urban,2023-10-29 21:00:00+00:00,1,14.0185,14.942085107429758
AT,AKC,urban,2023-10-29 22:00:00+00:00,1,13.238,13.695099675614294
AT,AKC,urban,2023-10-29 23:00:00+00:00,1,10.12375,13.163458947057524
AT,AKC,urban,2023-10-30 00:00:00+00:00,1,10.882,9.91778290012747
AT,AKC,urban,2023-10-30 01:00:00+00:00,1,12.1255,10.980305984356125
AT,AKC,urban,2023-10-30 02:00:00+00:00,1,12.605,11.709520061436642
AT,AKC,urban,2023-10-30 03:00:00+00:00,1,11.81,12.363915122351393
AT,AKC,urban,2023-10-30 04:00:00+00:00,1,12.2605,11.784012760867313
AT,AKC,urban,2023-10-30 05:00:00+00:00,1,13.733,12.24545332629328
AT,AKC,urban,2023-10-30 06:00:00+00:00,1,16.719,13.663867258933
AT,AKC,urban,2023-10-30 07:00:00+00:00,1,16.802,16.15035280952297
AT,AKC,urban,2023-10-30 08:00:00+00:00,1,13.154,16.291673896107213
AT,AKC,urban,2023-10-30 09:00:00+00:00,1,12.109,12.540558365466769
AT,AKC,urban,2023-10-30 10:00:00+00:00,1,13.4695,10.20004173235079
AT,AKC,urban,2023-10-30 11:00:00+00:00,1,13.8885,14.311634082875976
AT,AKC,urban,2023-10-30 12:00:00+00:00,1,12.7785,13.877096210369185
AT,AKC,urban,2023-10-30 13:00:00+00:00,1,12.6605,13.263958361625022
AT,AKC,urban,2023-10-30 14:00:00+00:00,1,14.659,13.611367584424482
AT,AKC,urban,2023-10-30 15:00:00+00:00,1,17.0175,15.637970990226599
AT,AKC,urban,2023-10-30 16:00:00+00:00,1,17.344,17.254065095383833
AT,AKC,urban,2023-10-30 17:00:00+00:00,1,10.1222,17.697615021950185
AT,AKC,urban,2023-10-30 18:00:00+00:00,1,7.040599,10.103272629793018
AT,AKC,urban,2023-10-30 19:00:00+00:00,1,6.098599,6.124950143975699
AT,AKC,urban,2023-10-30 20:00:00+00:00,1,5.833199,5.815087245152899
AT,AKC,urban,2023-10-30 21:00:00+00:00,1,5.741799,6.457713291674615
AT,AKC,urban,2023-10-30 22:00:00+00:00,1,5.6672,6.360197194662398
AT,AKC,urban,2023-10-30 23:00:00+00:00,1,5.6823,6.182407197102126
AT,AKC,urban,2023-10-31 00:00:00+00:00,1,5.769949,5.641762686245684
AT,AKC,urban,2023-10-31 01:00:00+00:00,1,5.802649,6.098573696717075
AT,AKC,urban,2023-10-31 02:00:00+00:00,1,3.942499,6.103118006649051
AT,AKC,urban,2023-10-31 03:00:00+00:00,1,1.943199,4.222562148169008
AT,AKC,urban,2023-10-31 04:00:00+00:00,1,2.41125,2.1708248412312123
AT,AKC,urban,2023-10-31 05:00:00+00:00,1,5.037099,2.7720065178425486
AT,AKC,urban,2023-10-31 06:00:00+00:00,1,5.9259,5.42649588191226
AT,AKC,urban,2023-10-31 07:00:00+00:00,1,3.8354,5.468752377626409
AT,AKC,urban,2023-10-31 08:00:00+00:00,1,5.988999,4.190888509522971
AT,AKC,urban,2023-10-31 09:00:00+00:00,1,2.75885,6.097689740858616
AT,AKC,urban,2023-10-31 10:00:00+00:00,1,2.0341,1.8258583444149785
AT,AKC,urban,2023-10-31 11:00:00+00:00,1,1.749449,0.6810619287979094
AT,AKC,urban,2023-10-31 12:00:00+00:00,1,1.80115,1.2084411277760054
AT,AKC,urban,2023-10-31 13:00:00+00:00,1,1.840849,0.7072427583227672
AT,AKC,urban,2023-10-31 14:00:00+00:00,1,1.945349,2.1660924387415115
AT,AKC,urban,2023-10-31 15:00:00+00:00,1,2.4853,2.163746492789805
AT,AKC,urban,2023-10-31 16:00:00+00:00,1,2.465849,2.8053143701897163
AT,AKC,urban,2023-10-31 17:00:00+00:00,1,2.793799,2.5218829046054765
AT,AKC,urban,2023-10-31 18:00:00+00:00,1,3.3403,3.015136765373832
AT,AKC,urban,2023-10-31 19:00:00+00:00,1,3.3572,3.3143340332106526
AT,AKC,urban,2023-10-31 20:00:00+00:00,1,4.51175,3.2036343690863482
AT,AKC,urban,2023-10-31 21:00:00+00:00,1,4.006,4.38239815744312
AT,AKC,urban,2023-10-31 22:00:00+00:00,1,4.07485,3.945972876713647
AT,AKC,urban,2023-10-31 23:00:00+00:00,1,4.005149,4.00830560346963
AT,AKC,urban,2023-11-01 00:00:00+00:00,1,3.226049,3.9611036141585103
AT,AKC,urban,2023-11-01 01:00:00+00:00,1,2.44745,3.1441958402316352
AT,AKC,urban,2023-11-01 02:00:00+00:00,1,1.632899,2.3155033679368913
AT,AKC,urban,2023-11-01 03:00:00+00:00,1,1.462699,1.566375488486095
AT,AKC,urban,2023-11-01 04:00:00+00:00,1,1.699749,1.732703519658525
AT,AKC,urban,2023-11-01 05:00:00+00:00,1,2.296999,2.172333780966042
AT,AKC,urban,2023-11-01 06:00:00+00:00,1,2.423949,2.6302333982493167
AT,AKC,urban,2023-11-01 07:00:00+00:00,1,2.262049,2.3105783701134186
AT,AKC,urban,2023-11-01 08:00:00+00:00,1,1.98985,2.1419920588047177
AT,AKC,urban,2023-11-01 09:00:00+00:00,1,1.640799,1.4695352532455281
AT,AKC,urban,2023-11-01 10:00:00+00:00,1,1.67295,1.4664964980998612
AT,AKC,urban,2023-11-01 11:00:00+00:00,1,1.35095,1.5452931931838627
AT,AKC,urban,2023-11-01 12:00:00+00:00,1,1.5819,1.4175243422314452
AT,AKC,urban,2023-11-01 13:00:00+00:00,1,2.04435,1.756948055521292
AT,AKC,urban,2023-11-01 14:00:00+00:00,1,2.5496,2.232989507747778
AT,AKC,urban,2023-11-01 15:00:00+00:00,1,2.661399,2.9138829493243747
AT,AKC,urban,2023-11-01 16:00:00+00:00,1,4.002399,3.159691502024831
AT,AKC,urban,2023-11-01 17:00:00+00:00,1,4.4734,4.57843582910451
AT,AKC,urban,2023-11-01 18:00:00+00:00,1,4.8062,4.5733338395502905
AT,AKC,urban,2023-11-01 19:00:00+00:00,1,5.31075,5.001162268315127
AT,AKC,urban,2023-11-01 20:00:00+00:00,1,5.312999,5.558740705605526
AT,AKC,urban,2023-11-01 21:00:00+00:00,1,6.57995,5.500516700898906
AT,AKC,urban,2023-11-01 22:00:00+00:00,1,7.22025,7.078555176060544
AT,AKC,urban,2023-11-01 23:00:00+00:00,1,6.342149,7.765600762785791
AT,AKC,urban,2023-11-02 00:00:00+00:00,1,6.521399,5.981233372422508
AT,AKC,urban,2023-11-02 01:00:00+00:00,1,5.92825,6.726709427751658
AT,AKC,urban,2023-11-02 02:00:00+00:00,1,6.259399,5.678322146518596
AT,AKC,urban,2023-11-02 03:00:00+00:00,1,7.1455,6.5930120095016065
AT,AKC,urban,2023-11-02 04:00:00+00:00,1,8.168399,7.045153421270861
AT,AKC,urban,2023-11-02 05:00:00+00:00,1,7.979749,8.286754615783988
AT,AKC,urban,2023-11-02 06:00:00+00:00,1,6.360249,8.203906987482007
AT,AKC,urban,2023-11-02 07:00:00+00:00,1,7.5735,5.9990335037884535
AT,AKC,urban,2023-11-02 08:00:00+00:00,1,4.67045,7.492621465529236
AT,AKC,urban,2023-11-02 09:00:00+00:00,1,5.1321,4.149188579524793
AT,AKC,urban,2023-11-02 10:00:00+00:00,1,4.423749,4.91983707403811
AT,AKC,urban,2023-11-02 11:00:00+00:00,1,4.297249,4.235508596992393
AT,AKC,urban,2023-11-02 12:00:00+00:00,1,4.4828,4.42635256889044
AT,AKC,urban,2023-11-02 13:00:00+00:00,1,4.7283,4.174621824848469
AT,AKC,urban,2023-11-02 14:00:00+00:00,1,4.02535,4.891962549708733
AT,AKC,urban,2023-11-02 15:00:00+00:00,1,3.26595,3.981905573729744
AT,AKC,urban,2023-11-02 16:00:00+00:00,1,3.1326,3.2586818494975773
AT,AKC,urban,2023-11-02 17:00:00+00:00,1,3.578749,3.167060634677359
AT,AKC,urban,2023-11-02 18:00:00+00:00,1,3.297499,3.5999438871268516
AT,AKC,urban,2023-11-02 19:00:00+00:00,1,3.311749,3.5631666820960604
AT,AKC,urban,2023-11-02 20:00:00+00:00,1,3.247699,3.7777490345368925
AT,AKC,urban,2023-11-02 21:00:00+00:00,1,3.29225,3.7250703679463655
AT,AKC,urban,2023-11-02 22:00:00+00:00,1,1.801249,3.56360608966472
AT,AKC,urban,2023-11-02 23:00:00+00:00,1,1.492199,1.9956628090821305
AT,AKC,urban,2023-11-03 00:00:00+00:00,1,1.421,1.6899125530259766
AT,AKC,urban,2023-11-03 01:00:00+00:00,1,1.10385,0.42478432694621304
AT,AKC,urban,2023-11-03 02:00:00+00:00,1,0.930595,0.771662177811919
AT,AKC,urban,2023-11-03 03:00:00+00:00,1,0.939904,0.37587176747615914
AT,AKC,urban,2023-11-03 04:00:00+00:00,1,1.43575,0.6258518167255787
AT,AKC,urban,2023-11-03 05:00:00+00:00,1,2.67635,1.94888983655472
AT,AKC,urban,2023-11-03 06:00:00+00:00,1,3.9993,3.952378361902788
AT,AKC,urban,2023-11-03 07:00:00+00:00,1,1.868099,4.566068536201925
AT,AKC,urban,2023-11-03 08:00:00+00:00,1,2.126149,0.4630750896012046
AT,AKC,urban,2023-11-03 09:00:00+00:00,1,1.69725,1.8617538490258134
AT,AKC,urban,2023-11-03 10:00:00+00:00,1,1.18985,0.7712838568638603
AT,AKC,urban,2023-11-03 11:00:00+00:00,1,1.49335,0.6891154098586334
AT,AKC,urban,2023-11-03 12:00:00+00:00,1,1.506199,1.2410727584718764
AT,AKC,urban,2023-11-03 13:00:00+00:00,1,1.750599,1.336508757636171
AT,AKC,urban,2023-11-03 14:00:00+00:00,1,1.738049,1.6330094508794843
AT,AKC,urban,2023-11-03 15:00:00+00:00,1,2.07165,1.5485299354645434
AT,AKC,urban,2023-11-03 16:00:00+00:00,1,2.68585,2.1572916442807006
AT,AKC,urban,2023-11-03 17:00:00+00:00,1,2.960449,2.794631012238984
AT,AKC,urban,2023-11-03 18:00:00+00:00,1,3.320499,2.9129624986740303
AT,AKC,urban,2023-11-03 19:00:00+00:00,1,2.9545,3.171019820696973
AT,AKC,urban,2023-11-03 20:00:00+00:00,1,2.529399,2.7978099360973268
AT,AKC,urban,2023-11-03 21:00:00+00:00,1,2.2681,2.40218215020057
AT,AKC,urban,2023-11-03 22:00:00+00:00,1,2.127449,2.1147084194117056
AT,AKC,urban,2023-11-03 23:00:00+00:00,1,2.1654,2.00617294076541
AT,AKC,urban,2023-11-04 00:00:00+00:00,1,1.558049,2.015980393322355
AT,AKC,urban,2023-11-04 01:00:00+00:00,1,1.77775,1.5148055913890381
AT,AKC,urban,2023-11-04 02:00:00+00:00,1,1.6094,1.7099000466196514
AT,AKC,urban,2023-11-04 03:00:00+00:00,1,1.738499,1.7283782295088166
AT,AKC,urban,2023-11-04 04:00:00+00:00,1,2.2272,2.0254146978483156
AT,AKC,urban,2023-11-04 05:00:00+00:00,1,2.69505,3.00083108594081
AT,AKC,urban,2023-11-04 06:00:00+00:00,1,3.652849,3.2262432187504793
AT,AKC,urban,2023-11-04 07:00:00+00:00,1,2.9107,4.014886468675357
AT,AKC,urban,2023-11-04 08:00:00+00:00,1,2.0857,2.6378004233822985
AT,AKC,urban,2023-11-04 09:00:00+00:00,1,1.89385,1.559601574323061
AT,AKC,urban,2023-11-04 10:00:00+00:00,1,2.22445,1.8068235893890687
AT,AKC,urban,2023-11-04 11:00:00+00:00,1,1.90155,2.1308391142538916
AT,AKC,urban,2023-11-04 12:00:00+00:00,1,1.822849,1.8575772971211109
AT,AKC,urban,2023-11-04 13:00:00+00:00,1,2.03125,1.8534408830005624
AT,AKC,urban,2023-11-04 14:00:00+00:00,1,2.61675,2.1174253344641123
AT,AKC,urban,2023-11-04 15:00:00+00:00,1,3.189499,2.9119687150133835
AT,AKC,urban,2023-11-04 16:00:00+00:00,1,4.750599,3.348438652234613
AT,AKC,urban,2023-11-04 17:00:00+00:00,1,6.222499,4.760701786905532
AT,AKC,urban,2023-11-04 18:00:00+00:00,1,7.8695,5.862746056258224
AT,AKC,urban,2023-11-04 19:00:00+00:00,1,8.1187,7.241936140945558
AT,AKC,urban,2023-11-04 20:00:00+00:00,1,7.90425,7.479811514087764
AT,AKC,urban,2023-11-04 21:00:00+00:00,1,8.20555,7.558613207667914
AT,AKC,urban,2023-11-04 22:00:00+00:00,1,8.383,8.324005215048281
AT,AKC,urban,2023-11-04 23:00:00+00:00,1,7.9951,8.381301436931711
AT,AKC,urban,2023-11-05 00:00:00+00:00,1,8.718199,7.771542807579774
AT,AKC,urban,2023-11-05 01:00:00+00:00,1,3.04675,8.62809126999548
AT,AKC,urban,2023-11-05 02:00:00+00:00,1,2.476649,1.895067754089947
AT,AKC,urban,2023-11-05 03:00:00+00:00,1,2.643599,1.9637474566605952
AT,AKC,urban,2023-11-05 04:00:00+00:00,1,3.04005,2.4414955035316375
AT,AKC,urban,2023-11-05 05:00:00+00:00,1,3.11015,2.6934516194127696
AT,AKC,urban,2023-11-05 06:00:00+00:00,1,3.16015,2.3412210656591874
AT,AKC,urban,2023-11-05 07:00:00+00:00,1,3.119299,2.561817488729975
AT,AKC,urban,2023-11-05 08:00:00+00:00,1,3.9229,3.018875206139011
AT,AKC,urban,2023-11-05 09:00:00+00:00,1,3.820149,3.8262775924529997
AT,AKC,urban,2023-11-05 10:00:00+00:00,1,3.224949,3.4090444535300684
AT,AKC,urban,2023-11-05 11:00:00+00:00,1,2.581349,3.0902348155726322
AT,AKC,urban,2023-11-05 12:00:00+00:00,1,2.317649,2.565086298946653
AT,AKC,urban,2023-11-05 13:00:00+00:00,1,2.898799,2.3877309864665115
AT,AKC,urban,2023-11-05 14:00:00+00:00,1,3.590649,3.516580799583579
AT,AKC,urban,2023-11-05 15:00:00+00:00,1,4.19105,4.34685781102219
AT,AKC,urban,2023-11-05 16:00:00+00:00,1,9.288849,4.81214567544993
AT,AKC,urban,2023-11-05 17:00:00+00:00,1,11.0075,10.506684827129508
AT,AKC,urban,2023-11-05 18:00:00+00:00,1,3.9814,10.438501218515793
AT,AKC,urban,2023-11-05 19:00:00+00:00,1,1.742249,2.5761488015483742
AT,AKC,urban,2023-11-05 20:00:00+00:00,1,1.632999,1.2633314714306785
AT,AKC,urban,2023-11-05 21:00:00+00:00,1,1.503299,1.1344021914379674
AT,AKC,urban,2023-11-05 22:00:00+00:00,1,1.548399,1.3175870870110309
AT,AKC,urban,2023-11-05 23:00:00+00:00,1,1.581449,1.2944831218391641
AT,AKC,urban,2023-11-06 00:00:00+00:00,1,1.628749,1.3347654413236434
AT,AKC,urban,2023-11-06 01:00:00+00:00,1,1.674749,1.383639596397611
AT,AKC,urban,2023-11-06 02:00:00+00:00,1,1.70525,1.4289324086008754
AT,AKC,urban,2023-11-06 03:00:00+00:00,1,1.8005,1.6960424895030393
AT,AKC,urban,2023-11-06 04:00:00+00:00,1,2.36775,2.137957875957806
AT,AKC,urban,2023-11-06 05:00:00+00:00,1,3.6595,3.2983167949503667
AT,AKC,urban,2023-11-06 06:00:00+00:00,1,3.521349,4.353933817296117
AT,AKC,urban,2023-11-06 07:00:00+00:00,1,3.8315,3.877888357788617
AT,AKC,urban,2023-11-06 08:00:00+00:00,1,4.456099,3.495965182648373
AT,AKC,urban,2023-11-06 09:00:00+00:00,1,4.55,3.9258330342327525
AT,AKC,urban,2023-11-06 10:00:00+00:00,1,3.207,3.816687195377824
AT,AKC,urban,2023-11-06 11:00:00+00:00,1,3.02815,2.606599176456264
AT,AKC,urban,2023-11-06 12:00:00+00:00,1,3.269199,2.6801306906661893
AT,AKC,urban,2023-11-06 13:00:00+00:00,1,3.616,2.892408880300117
AT,AKC,urban,2023-11-06 14:00:00+00:00,1,4.372149,3.4458292333245417
AT,AKC,urban,2023-11-06 15:00:00+00:00,1,4.54535,5.65847579396149
AT,AKC,urban,2023-11-06 16:00:00+00:00,1,7.973849,4.984619900673771
AT,AKC,urban,2023-11-06 17:00:00+00:00,1,7.90495,10.173558001355705
AT,AKC,urban,2023-11-06 18:00:00+00:00,1,5.869549,8.069811376408243
AT,AKC,urban,2023-11-06 19:00:00+00:00,1,7.713899,5.134348005670912
AT,AKC,urban,2023-11-06 20:00:00+00:00,1,9.279,8.463881435614756
AT,AKC,urban,2023-11-06 21:00:00+00:00,1,6.213649,8.728537457306118
AT,AKC,urban,2023-11-06 22:00:00+00:00,1,6.742699,6.211367174318436
AT,AKC,urban,2023-11-06 23:00:00+00:00,1,3.754349,7.369574211617575
AT,AKC,urban,2023-11-07 00:00:00+00:00,1,3.75955,3.154001566547766
AT,AKC,urban,2023-11-07 01:00:00+00:00,1,2.660599,3.860224617297906
AT,AKC,urban,2023-11-07 02:00:00+00:00,1,2.828299,1.9885233854811268
AT,AKC,urban,2023-11-07 03:00:00+00:00,1,2.52365,2.7127720980169343
AT,AKC,urban,2023-11-07 04:00:00+00:00,1,2.52565,2.526040601955053
AT,AKC,urban,2023-11-07 05:00:00+00:00,1,3.6925,2.745523758795372
AT,AKC,urban,2023-11-07 06:00:00+00:00,1,4.50295,5.81240526424736
AT,AKC,urban,2023-11-07 07:00:00+00:00,1,5.4025,5.187155252317922
AT,AKC,urban,2023-11-07 08:00:00+00:00,1,4.69315,5.197664820400856
AT,AKC,urban,2023-11-07 09:00:00+00:00,1,8.9582,4.697470269646313
AT,AKC,urban,2023-11-07 10:00:00+00:00,1,5.792949,9.526411415239384
AT,AKC,urban,2023-11-07 11:00:00+00:00,1,5.27075,6.1712644101545315
AT,AKC,urban,2023-11-07 12:00:00+00:00,1,7.124549,4.325392818922815
AT,AKC,urban,2023-11-07 13:00:00+00:00,1,6.5577,7.5592039643109
AT,AKC,urban,2023-11-07 14:00:00+00:00,1,6.373899,7.247641604987869
AT,AKC,urban,2023-11-07 15:00:00+00:00,1,7.3261,6.348100919585882
AT,AKC,urban,2023-11-07 16:00:00+00:00,1,6.83345,8.055265257158837
AT,AKC,urban,2023-11-07 17:00:00+00:00,1,5.769149,6.367171281555571
AT,AKC,urban,2023-11-07 18:00:00+00:00,1,5.20755,5.555719601733571
AT,AKC,urban,2023-11-07 19:00:00+00:00,1,6.10295,5.344139249217385
AT,AKC,urban,2023-11-07 20:00:00+00:00,1,4.08195,6.786473042098525
AT,AKC,urban,2023-11-07 21:00:00+00:00,1,2.762,4.043569904342842
AT,AKC,urban,2023-11-07 22:00:00+00:00,1,2.43735,2.974644883048736
AT,AKC,urban,2023-11-07 23:00:00+00:00,1,3.23915,2.6212721918889947
AT,AKC,urban,2023-11-08 00:00:00+00:00,1,4.946749,3.1439909569350313
AT,AKC,urban,2023-11-08 01:00:00+00:00,1,4.950799,4.347018574626361
AT,AKC,urban,2023-11-08 02:00:00+00:00,1,4.496799,4.438970440096192
AT,AKC,urban,2023-11-08 03:00:00+00:00,1,4.025499,4.216326177342371
AT,AKC,urban,2023-11-08 04:00:00+00:00,1,3.127399,3.896448195532898
AT,AKC,urban,2023-11-08 05:00:00+00:00,1,5.04615,3.5380987038435485
AT,AKC,urban,2023-11-08 06:00:00+00:00,1,4.420399,5.179896902514585
AT,AKC,urban,2023-11-08 07:00:00+00:00,1,3.291599,4.578144651349071
AT,AKC,urban,2023-11-08 08:00:00+00:00,1,3.084,3.4439098670916444
AT,AKC,urban,2023-11-08 09:00:00+00:00,1,3.485849,3.565980460194453
AT,AKC,urban,2023-11-08 10:00:00+00:00,1,3.2273,3.7713189365367867
AT,AKC,urban,2023-11-08 11:00:00+00:00,1,3.697199,2.9782111314563693
AT,AKC,urban,2023-11-08 12:00:00+00:00,1,3.148799,3.3559960477128037
AT,AKC,urban,2023-11-08 13:00:00+00:00,1,3.611999,3.369068595987841
AT,AKC,urban,2023-11-08 14:00:00+00:00,1,3.85545,3.942578956381233
AT,AKC,urban,2023-11-08 15:00:00+00:00,1,6.101099,4.018843145840528
AT,AKC,urban,2023-11-08 16:00:00+00:00,1,8.383299,8.207400722969862
AT,AKC,urban,2023-11-08 17:00:00+00:00,1,10.0975,9.624918534573236
AT,AKC,urban,2023-11-08 18:00:00+00:00,1,10.15135,9.928661330477219
AT,AKC,urban,2023-11-08 19:00:00+00:00,1,9.2795,10.105519617493542
AT,AKC,urban,2023-11-08 20:00:00+00:00,1,11.3175,9.00391507160116
AT,AKC,urban,2023-11-08 21:00:00+00:00,1,8.73845,11.781784519028285
AT,AKC,urban,2023-11-08 22:00:00+00:00,1,8.6925,8.214919557414749
AT,AKC,urban,2023-11-08 23:00:00+00:00,1,7.774999,9.24772881478961
AT,AKC,urban,2023-11-09 00:00:00+00:00,1,6.10295,7.884648470481707
AT,AKC,urban,2023-11-09 01:00:00+00:00,1,8.0409,5.801113985076146
AT,AKC,urban,2023-11-09 02:00:00+00:00,1,6.855199,8.276669444137276
AT,AKC,urban,2023-11-09 03:00:00+00:00,1,5.745299,6.5556337095416914
AT,AKC,urban,2023-11-09 04:00:00+00:00,1,5.9375,5.527747756505995
AT,AKC,urban,2023-11-09 05:00:00+00:00,1,8.100349,6.221234272948582
AT,AKC,urban,2023-11-09 06:00:00+00:00,1,9.254549,8.68669660109666
AT,AKC,urban,2023-11-09 07:00:00+00:00,1,10.6285,8.077067203331524
AT,AKC,urban,2023-11-09 08:00:00+00:00,1,13.257,9.727606132519277
AT,AKC,urban,2023-11-09 09:00:00+00:00,1,10.5745,12.074393675359538
AT,AKC,urban,2023-11-09 10:00:00+00:00,1,10.6365,9.137673653604118
AT,AKC,urban,2023-11-09 11:00:00+00:00,1,9.98505,9.814350878540317
AT,AKC,urban,2023-11-09 12:00:00+00:00,1,8.272199,9.621517418272813
AT,AKC,urban,2023-11-09 13:00:00+00:00,1,6.761499,8.496907660435287
AT,AKC,urban,2023-11-09 14:00:00+00:00,1,8.716549,7.5643166667562625
AT,AKC,urban,2023-11-09 15:00:00+00:00,1,11.469,10.749801294739573
AT,AKC,urban,2023-11-09 16:00:00+00:00,1,10.4,13.055610256230477
AT,AKC,urban,2023-11-09 17:00:00+00:00,1,14.799,10.099546626989753
AT,AKC,urban,2023-11-09 18:00:00+00:00,1,16.2975,14.953033242652758
AT,AKC,urban,2023-11-09 19:00:00+00:00,1,15.652,14.808945281692065
AT,AKC,urban,2023-11-09 20:00:00+00:00,1,16.205,14.729130376089856
AT,AKC,urban,2023-11-09 21:00:00+00:00,1,16.7865,16.067438386890327
AT,AKC,urban,2023-11-09 22:00:00+00:00,1,18.2505,16.354873861694614
AT,AKC,urban,2023-11-09 23:00:00+00:00,1,18.132,17.602150184125513
AT,AKC,urban,2023-11-10 00:00:00+00:00,1,15.535,17.12194639214334
AT,AKC,urban,2023-11-10 01:00:00+00:00,1,16.8695,15.633239095273268
AT,AKC,urban,2023-11-10 02:00:00+00:00,1,18.033,16.61103574781899
AT,AKC,urban,2023-11-10 03:00:00+00:00,1,15.7705,17.790989638694477
AT,AKC,urban,2023-11-10 04:00:00+00:00,1,13.425,15.436641640820227
AT,AKC,urban,2023-11-10 05:00:00+00:00,1,11.407,13.75621651180159
AT,AKC,urban,2023-11-10 06:00:00+00:00,1,11.0885,12.106631673389785
AT,AKC,urban,2023-11-10 07:00:00+00:00,1,15.1245,11.086155997853066
AT,AKC,urban,2023-11-10 08:00:00+00:00,1,14.304,14.278649591359574
AT,AKC,urban,2023-11-10 09:00:00+00:00,1,5.394149,13.770559235972694
AT,AKC,urban,2023-11-10 10:00:00+00:00,1,4.94385,4.889172523877782
AT,AKC,urban,2023-11-10 11:00:00+00:00,1,5.1028,4.890672502939122
AT,AKC,urban,2023-11-10 12:00:00+00:00,1,5.44455,5.366634515658937
AT,AKC,urban,2023-11-10 13:00:00+00:00,1,9.78775,5.962251132681541
AT,AKC,urban,2023-11-10 14:00:00+00:00,1,12.2435,9.955704251838377
AT,AKC,urban,2023-11-10 15:00:00+00:00,1,12.0415,11.926460510991443
AT,AKC,urban,2023-11-10 16:00:00+00:00,1,14.9795,12.213220301823913
AT,AKC,urban,2023-11-10 17:00:00+00:00,1,15.26,14.438961025344394
AT,AKC,urban,2023-11-10 18:00:00+00:00,1,14.3815,14.375909095126737
AT,AKC,urban,2023-11-10 19:00:00+00:00,1,14.298,13.804289740564805
AT,AKC,urban,2023-11-10 20:00:00+00:00,1,10.21325,13.70321719584841
AT,AKC,urban,2023-11-10 21:00:00+00:00,1,8.95265,9.978513403973196
AT,AKC,urban,2023-11-10 22:00:00+00:00,1,11.8315,9.070977662535139
AT,AKC,urban,2023-11-10 23:00:00+00:00,1,11.206,11.542286879549938
AT,AKC,urban,2023-11-11 00:00:00+00:00,1,8.022749,10.703941804719744
AT,AKC,urban,2023-11-11 01:00:00+00:00,1,6.17065,7.980673046192283
AT,AKC,urban,2023-11-11 02:00:00+00:00,1,4.986199,6.155650551750007
AT,AKC,urban,2023-11-11 03:00:00+00:00,1,4.67945,4.940130555520501
AT,AKC,urban,2023-11-11 04:00:00+00:00,1,4.69915,4.705954231750088
AT,AKC,urban,2023-11-11 05:00:00+00:00,1,4.752699,4.815647754318714
AT,AKC,urban,2023-11-11 06:00:00+00:00,1,5.24845,4.976616916006023
AT,AKC,urban,2023-11-11 07:00:00+00:00,1,2.857349,5.801158237608487
AT,AKC,urban,2023-11-11 08:00:00+00:00,1,2.09325,2.83338035838538
AT,AKC,urban,2023-11-11 09:00:00+00:00,1,1.951249,2.103174169472638
AT,AKC,urban,2023-11-11 10:00:00+00:00,1,1.982,1.9849069811752145
AT,AKC,urban,2023-11-11 11:00:00+00:00,1,1.600549,2.0608080528765917
AT,AKC,urban,2023-11-11 12:00:00+00:00,1,1.644449,1.7022407452220243
AT,AKC,urban,2023-11-11 13:00:00+00:00,1,1.2448,1.9247026848807565
AT,AKC,urban,2023-11-11 14:00:00+00:00,1,1.3768,1.4458379384647166
AT,AKC,urban,2023-11-11 15:00:00+00:00,1,2.01605,1.8340358523878564
AT,AKC,urban,2023-11-11 16:00:00+00:00,1,1.816449,2.5812811591133595
AT,AKC,urban,2023-11-11 17:00:00+00:00,1,2.075049,2.2025499488472065
AT,AKC,urban,2023-11-11 18:00:00+00:00,1,2.958849,2.4301043859305764
AT,AKC,urban,2023-11-11 19:00:00+00:00,1,3.71175,3.0964437585334466
AT,AKC,urban,2023-11-11 20:00:00+00:00,1,4.0764,3.570613090340089
AT,AKC,urban,2023-11-11 21:00:00+00:00,1,4.3213,3.972360917154411
AT,AKC,urban,2023-11-11 22:00:00+00:00,1,4.46675,4.161106177967582
AT,AKC,urban,2023-11-11 23:00:00+00:00,1,5.07005,4.2946464140755936
AT,AKC,urban,2023-11-12 00:00:00+00:00,1,5.01935,4.707540871039644
AT,AKC,urban,2023-11-12 01:00:00+00:00,1,5.243849,4.638316288445338
AT,AKC,urban,2023-11-12 02:00:00+00:00,1,6.130749,4.81757074569585
AT,AKC,urban,2023-11-12 03:00:00+00:00,1,6.707449,5.467401483479161
AT,AKC,urban,2023-11-12 04:00:00+00:00,1,6.064549,5.924678908360793
AT,AKC,urban,2023-11-12 05:00:00+00:00,1,5.5671,5.477789566882251
AT,AKC,urban,2023-11-12 06:00:00+00:00,1,6.4376,5.2164690724892
AT,AKC,urban,2023-11-12 07:00:00+00:00,1,5.785699,5.888811084619537
AT,AKC,urban,2023-11-12 08:00:00+00:00,1,4.351799,5.319861211302712
AT,AKC,urban,2023-11-12 09:00:00+00:00,1,3.307199,3.93083473010012
AT,AKC,urban,2023-11-12 10:00:00+00:00,1,2.385799,2.9707747020951523
AT,AKC,urban,2023-11-12 11:00:00+00:00,1,2.189249,2.219669440323262
AT,AKC,urban,2023-11-12 12:00:00+00:00,1,2.399549,2.103421420840373
AT,AKC,urban,2023-11-12 13:00:00+00:00,1,2.648099,2.5123053218855276
AT,AKC,urban,2023-11-12 14:00:00+00:00,1,3.051249,3.1003919431599236
AT,AKC,urban,2023-11-12 15:00:00+00:00,1,6.40295,3.9502508573691024
AT,AKC,urban,2023-11-12 16:00:00+00:00,1,10.1888,8.519614766438725
AT,AKC,urban,2023-11-12 17:00:00+00:00,1,12.138,11.335111539004245
AT,AKC,urban,2023-11-12 18:00:00+00:00,1,12.681,12.263161417389323
AT,AKC,urban,2023-11-12 19:00:00+00:00,1,11.498,12.255219519815302
AT,AKC,urban,2023-11-12 20:00:00+00:00,1,10.33635,10.456078837296182
AT,AKC,urban,2023-11-12 21:00:00+00:00,1,9.65455,10.252881973589023
AT,AKC,urban,2023-11-12 22:00:00+00:00,1,9.233499,10.182341265293378
AT,AKC,urban,2023-11-12 23:00:00+00:00,1,9.674799,9.585161143864145
AT,AKC,urban,2023-11-13 00:00:00+00:00,1,7.6494,9.836956052959508
AT,AKC,urban,2023-11-13 01:00:00+00:00,1,8.098649,7.1208547475934765
AT,AKC,urban,2023-11-13 02:00:00+00:00,1,7.26875,6.720727387450761
AT,AKC,urban,2023-11-13 03:00:00+00:00,1,7.46425,6.691476568772394
AT,AKC,urban,2023-11-13 04:00:00+00:00,1,6.993149,7.199749753286294
AT,AKC,urban,2023-11-13 05:00:00+00:00,1,6.1117,7.72920555216929
AT,AKC,urban,2023-11-13 06:00:00+00:00,1,7.271349,6.895341606162411
AT,AKC,urban,2023-11-13 07:00:00+00:00,1,10.909,7.383620808612118
AT,AKC,urban,2023-11-13 08:00:00+00:00,1,13.4085,11.537339688310006
AT,AKC,urban,2023-11-13 09:00:00+00:00,1,11.108,12.662832098484266
AT,AKC,urban,2023-11-13 10:00:00+00:00,1,7.8746,10.401198507025306
AT,AKC,urban,2023-11-13 11:00:00+00:00,1,7.354649,7.29675776362464
AT,AKC,urban,2023-11-13 12:00:00+00:00,1,8.342949,7.248963575340202
AT,AKC,urban,2023-11-13 13:00:00+00:00,1,7.625,8.765576008578183
AT,AKC,urban,2023-11-13 14:00:00+00:00,1,8.23825,8.93891833918753
AT,AKC,urban,2023-11-13 15:00:00+00:00,1,10.2519,8.925987149899065
AT,AKC,urban,2023-11-13 16:00:00+00:00,1,13.747,9.937081200450752
AT,AKC,urban,2023-11-13 17:00:00+00:00,1,13.287,13.258012437387766
AT,AKC,urban,2023-11-13 18:00:00+00:00,1,14.272,12.97188842747051
AT,AKC,urban,2023-11-13 19:00:00+00:00,1,15.5235,13.872905375551731
AT,AKC,urban,2023-11-13 20:00:00+00:00,1,17.1195,14.756775583333184
AT,AKC,urban,2023-11-13 21:00:00+00:00,1,15.003,15.99668484061469
AT,AKC,urban,2023-11-13 22:00:00+00:00,1,12.425,13.982451604381914
AT,AKC,urban,2023-11-13 23:00:00+00:00,1,12.1945,11.683580687715452
AT,AKC,urban,2023-11-14 00:00:00+00:00,1,9.494999,12.133950170861912
AT,AKC,urban,2023-11-14 01:00:00+00:00,1,1.43645,9.337410458055178
AT,AKC,urban,2023-11-14 02:00:00+00:00,1,1.458999,0.7868650164343549
AT,AKC,urban,2023-11-14 03:00:00+00:00,1,1.4104,1.4426326175889592
AT,AKC,urban,2023-11-14 04:00:00+00:00,1,2.0809,1.5008484933136685
AT,AKC,urban,2023-11-14 05:00:00+00:00,1,2.049749,2.3305406001855076
AT,AKC,urban,2023-11-14 06:00:00+00:00,1,2.732749,2.1338531543020096
AT,AKC,urban,2023-11-14 07:00:00+00:00,1,2.702399,2.767870707975039
AT,AKC,urban,2023-11-14 08:00:00+00:00,1,7.90625,2.2576013360346927
AT,AKC,urban,2023-11-14 09:00:00+00:00,1,7.664,6.571076644585638
AT,AKC,urban,2023-11-14 10:00:00+00:00,1,3.489399,6.212293074353759
AT,AKC,urban,2023-11-14 11:00:00+00:00,1,4.084249,3.463805778482701
AT,AKC,urban,2023-11-14 12:00:00+00:00,1,3.371449,3.8167091415390573
AT,AKC,urban,2023-11-14 13:00:00+00:00,1,3.310649,3.2131007807713345
AT,AKC,urban,2023-11-14 14:00:00+00:00,1,3.279799,3.632887596105082
AT,AKC,urban,2023-11-14 15:00:00+00:00,1,2.653699,3.6515443090745983
AT,AKC,urban,2023-11-14 16:00:00+00:00,1,2.39835,2.7993482038236763
AT,AKC,urban,2023-11-14 17:00:00+00:00,1,2.08235,2.4524613812363256
AT,AKC,urban,2023-11-14 18:00:00+00:00,1,2.183599,2.055329875746775
AT,AKC,urban,2023-11-14 19:00:00+00:00,1,1.881649,2.2014243138083884
AT,AKC,urban,2023-11-14 20:00:00+00:00,1,1.92265,1.9654971370097911
AT,AKC,urban,2023-11-14 21:00:00+00:00,1,1.711849,1.9957308383411103
AT,AKC,urban,2023-11-14 22:00:00+00:00,1,2.1075,1.4769494439301916
AT,AKC,urban,2023-11-14 23:00:00+00:00,1,2.176699,1.77618353474314
AT,AKC,urban,2023-11-15 00:00:00+00:00,1,1.077525,2.4321996291700394
AT,AKC,urban,2023-11-15 01:00:00+00:00,1,1.057924,0.9042706662526747
AT,AKC,urban,2023-11-15 02:00:00+00:00,1,1.14625,1.0571284729527832
AT,AKC,urban,2023-11-15 03:00:00+00:00,1,1.228899,0.9266690231147123
AT,AKC,urban,2023-11-15 04:00:00+00:00,1,1.76495,1.0539461153227805
AT,AKC,urban,2023-11-15 05:00:00+00:00,1,2.127399,1.486647123139317
AT,AKC,urban,2023-11-15 06:00:00+00:00,1,2.28565,2.0236922066344114
AT,AKC,urban,2023-11-15 07:00:00+00:00,1,1.769749,2.1678020914543232
AT,AKC,urban,2023-11-15 08:00:00+00:00,1,1.911599,1.5257830435712023
AT,AKC,urban,2023-11-15 09:00:00+00:00,1,1.738699,1.1037146436557919
AT,AKC,urban,2023-11-15 10:00:00+00:00,1,1.76935,1.159702164156954
AT,AKC,urban,2023-11-15 11:00:00+00:00,1,2.0236,1.3002948142294635
AT,AKC,urban,2023-11-15 12:00:00+00:00,1,2.010849,1.8835233730367626
AT,AKC,urban,2023-11-15 13:00:00+00:00,1,1.79565,1.7164841583130652
AT,AKC,urban,2023-11-15 14:00:00+00:00,1,2.247849,1.669908545985841
AT,AKC,urban,2023-11-15 15:00:00+00:00,1,2.5074,2.515984614753389
AT,AKC,urban,2023-11-15 16:00:00+00:00,1,2.49235,2.1870042497199016
AT,AKC,urban,2023-11-15 17:00:00+00:00,1,2.545249,2.339124752042494
AT,AKC,urban,2023-11-15 18:00:00+00:00,1,2.538899,2.6293012407328256
AT,AKC,urban,2023-11-15 19:00:00+00:00,1,2.499199,2.5769636146642902
AT,AKC,urban,2023-11-15 20:00:00+00:00,1,2.093549,2.6635254624617453
AT,AKC,urban,2023-11-15 21:00:00+00:00,1,1.614899,2.226161945169931
AT,AKC,urban,2023-11-15 22:00:00+00:00,1,1.901499,1.7181033387027078
AT,AKC,urban,2023-11-15 23:00:00+00:00,1,1.8083,1.8893701028135332
AT,AKC,urban,2023-11-16 00:00:00+00:00,1,1.862349,1.8205549691135268
AT,AKC,urban,2023-11-16 01:00:00+00:00,1,2.315,1.8811249266832597
AT,AKC,urban,2023-11-16 02:00:00+00:00,1,2.83575,2.288738319522068
AT,AKC,urban,2023-11-16 03:00:00+00:00,1,2.65645,2.6624115049893327
AT,AKC,urban,2023-11-16 04:00:00+00:00,1,3.062849,2.606678100722103
AT,AKC,urban,2023-11-16 05:00:00+00:00,1,5.4607,3.6521833686455025
AT,AKC,urban,2023-11-16 06:00:00+00:00,1,5.728699,6.630104593039086
AT,AKC,urban,2023-11-16 07:00:00+00:00,1,4.8625,6.869364312143716
AT,AKC,urban,2023-11-16 08:00:00+00:00,1,4.938349,4.289369996028768
AT,AKC,urban,2023-11-16 09:00:00+00:00,1,4.210599,5.229322741047792
AT,AKC,urban,2023-11-16 10:00:00+00:00,1,4.46355,3.1055418432402675
AT,AKC,urban,2023-11-16 11:00:00+00:00,1,4.7437,4.4059632994199625
AT,AKC,urban,2023-11-16 12:00:00+00:00,1,3.15915,4.77680451778086
AT,AKC,urban,2023-11-16 13:00:00+00:00,1,3.85335,3.0222639384039027
AT,AKC,urban,2023-11-16 14:00:00+00:00,1,4.708849,4.471856839011636
AT,AKC,urban,2023-11-16 15:00:00+00:00,1,6.046199,4.813228587812073
AT,AKC,urban,2023-11-16 16:00:00+00:00,1,7.797249,6.228315268492359
AT,AKC,urban,2023-11-16 17:00:00+00:00,1,9.307499,7.176576883851588
AT,AKC,urban,2023-11-16 18:00:00+00:00,1,9.5373,8.791787151498177
AT,AKC,urban,2023-11-16 19:00:00+00:00,1,10.18215,9.050920291178837
AT,AKC,urban,2023-11-16 20:00:00+00:00,1,11.7085,10.51506613901287
AT,AKC,urban,2023-11-16 21:00:00+00:00,1,10.2595,12.52595710319206
AT,AKC,urban,2023-11-16 22:00:00+00:00,1,9.065199,9.883360173141163
AT,AKC,urban,2023-11-16 23:00:00+00:00,1,7.524049,9.025994276180136
AT,AKC,urban,2023-11-17 00:00:00+00:00,1,8.017149,6.302092774572987
AT,AKC,urban,2023-11-17 01:00:00+00:00,1,10.2016,7.641471583007352
AT,AKC,urban,2023-11-17 02:00:00+00:00,1,10.0919,9.347067576555158
AT,AKC,urban,2023-11-17 03:00:00+00:00,1,9.56145,9.324924504935094
AT,AKC,urban,2023-11-17 04:00:00+00:00,1,8.73285,8.983701456700278
AT,AKC,urban,2023-11-17 05:00:00+00:00,1,4.52885,8.301837038173765
AT,AKC,urban,2023-11-17 06:00:00+00:00,1,5.675999,4.383166063889945
AT,AKC,urban,2023-11-17 07:00:00+00:00,1,7.44005,5.228535148686017
AT,AKC,urban,2023-11-17 08:00:00+00:00,1,5.2285,6.658917403031065
AT,AKC,urban,2023-11-17 09:00:00+00:00,1,5.7483,4.948255241031092
AT,AKC,urban,2023-11-17 10:00:00+00:00,1,6.500349,5.444669408041985
AT,AKC,urban,2023-11-17 11:00:00+00:00,1,4.643599,6.053265428390095
AT,AKC,urban,2023-11-17 12:00:00+00:00,1,4.4174,4.409475747761629
AT,AKC,urban,2023-11-17 13:00:00+00:00,1,4.2423,4.419577828454933
AT,AKC,urban,2023-11-17 14:00:00+00:00,1,4.4309,4.321615249403404
AT,AKC,urban,2023-11-17 15:00:00+00:00,1,4.9208,4.62606726401696
AT,AKC,urban,2023-11-17 16:00:00+00:00,1,5.03985,5.054897952233162
AT,AKC,urban,2023-11-17 17:00:00+00:00,1,4.826399,5.21453521262595
AT,AKC,urban,2023-11-17 18:00:00+00:00,1,4.547699,5.133243493086553
AT,AKC,urban,2023-11-17 19:00:00+00:00,1,3.752949,4.8469021272127115
AT,AKC,urban,2023-11-17 20:00:00+00:00,1,3.39475,4.10838811277981
AT,AKC,urban,2023-11-17 21:00:00+00:00,1,3.074249,3.841220952719773
AT,AKC,urban,2023-11-17 22:00:00+00:00,1,3.5618,3.5460690701150206
AT,AKC,urban,2023-11-17 23:00:00+00:00,1,3.992499,3.8923435285383725
AT,AKC,urban,2023-11-18 00:00:00+00:00,1,4.39995,4.223836661248715
AT,AKC,urban,2023-11-18 01:00:00+00:00,1,4.083199,4.406264898044427
AT,AKC,urban,2023-11-18 02:00:00+00:00,1,3.5685,4.068814136567056
AT,AKC,urban,2023-11-18 03:00:00+00:00,1,3.24585,3.6114454278658386
AT,AKC,urban,2023-11-18 04:00:00+00:00,1,4.9133,3.2686759331486925
AT,AKC,urban,2023-11-18 05:00:00+00:00,1,4.704999,4.717910618868835
AT,AKC,urban,2023-11-18 06:00:00+00:00,1,4.6568,4.404474535175105
AT,AKC,urban,2023-11-18 07:00:00+00:00,1,4.8077,4.471697913273868
AT,AKC,urban,2023-11-18 08:00:00+00:00,1,5.514349,4.568508924566018
AT,AKC,urban,2023-11-18 09:00:00+00:00,1,6.14045,5.179080455424604
AT,AKC,urban,2023-11-18 10:00:00+00:00,1,6.74215,5.648620087761888
AT,AKC,urban,2023-11-18 11:00:00+00:00,1,6.98215,6.18297016863815
AT,AKC,urban,2023-11-18 12:00:00+00:00,1,5.335499,6.495524808205854
AT,AKC,urban,2023-11-18 13:00:00+00:00,1,5.126099,5.080975787647148
AT,AKC,urban,2023-11-18 14:00:00+00:00,1,4.40215,5.0889476691642805
AT,AKC,urban,2023-11-18 15:00:00+00:00,1,4.9643,4.59222584453882
AT,AKC,urban,2023-11-18 16:00:00+00:00,1,5.50765,5.297211255910675
AT,AKC,urban,2023-11-18 17:00:00+00:00,1,7.4018,5.853209485678075
AT,AKC,urban,2023-11-18 18:00:00+00:00,1,12.065,7.623840486604671
AT,AKC,urban,2023-11-18 19:00:00+00:00,1,10.0719,12.47752527343006
AT,AKC,urban,2023-11-18 20:00:00+00:00,1,9.5899,9.566487535798093
AT,AKC,urban,2023-11-18 21:00:00+00:00,1,9.120149,9.950499795406454
AT,AKC,urban,2023-11-18 22:00:00+00:00,1,11.5725,9.368109315498973
AT,AKC,urban,2023-11-18 23:00:00+00:00,1,13.1035,12.219202056725521
AT,AKC,urban,2023-11-19 00:00:00+00:00,1,10.938,13.594290668906073
AT,AKC,urban,2023-11-19 01:00:00+00:00,1,9.209499,10.51129063517699
AT,AKC,urban,2023-11-19 02:00:00+00:00,1,7.010299,8.472417250094015
AT,AKC,urban,2023-11-19 03:00:00+00:00,1,6.9125,6.15544117087995
AT,AKC,urban,2023-11-19 04:00:00+00:00,1,7.486499,7.23264836265394
AT,AKC,urban,2023-11-19 05:00:00+00:00,1,9.1443,7.730865627850029
AT,AKC,urban,2023-11-19 06:00:00+00:00,1,8.892299,8.94944634122147
AT,AKC,urban,2023-11-19 07:00:00+00:00,1,9.127149,8.81254473718706
AT,AKC,urban,2023-11-19 08:00:00+00:00,1,8.752449,9.095770253608094
AT,AKC,urban,2023-11-19 09:00:00+00:00,1,10.38,8.743199760662193
AT,AKC,urban,2023-11-19 10:00:00+00:00,1,9.456299,10.501436805853213
AT,AKC,urban,2023-11-19 11:00:00+00:00,1,10.0594,9.529867389801048
AT,AKC,urban,2023-11-19 12:00:00+00:00,1,10.8665,10.211153892028598
AT,AKC,urban,2023-11-19 13:00:00+00:00,1,12.3775,11.291981751429994
AT,AKC,urban,2023-11-19 14:00:00+00:00,1,13.708,12.884115572186495
AT,AKC,urban,2023-11-19 15:00:00+00:00,1,13.7115,13.995839622789351
AT,AKC,urban,2023-11-19 16:00:00+00:00,1,17.9495,12.907721307471217
AT,AKC,urban,2023-11-19 17:00:00+00:00,1,21.252,17.394529004537816
AT,AKC,urban,2023-11-19 18:00:00+00:00,1,21.2565,19.626277129046805
AT,AKC,urban,2023-11-19 19:00:00+00:00,1,22.2225,19.775865208784687
AT,AKC,urban,2023-11-19 20:00:00+00:00,1,24.618,20.966831594568347
AT,AKC,urban,2023-11-19 21:00:00+00:00,1,17.494,22.685469979187555
AT,AKC,urban,2023-11-19 22:00:00+00:00,1,14.346,15.924668289082852
AT,AKC,urban,2023-11-19 23:00:00+00:00,1,4.3097,13.697870572633551
AT,AKC,urban,2023-11-20 00:00:00+00:00,1,2.09315,3.4432935940799894
AT,AKC,urban,2023-11-20 01:00:00+00:00,1,2.0318,1.782500584304664
AT,AKC,urban,2023-11-20 02:00:00+00:00,1,2.47755,2.191408173317253
AT,AKC,urban,2023-11-20 03:00:00+00:00,1,2.93035,2.7259813271210938
AT,AKC,urban,2023-11-20 04:00:00+00:00,1,2.85365,3.045329788077506
AT,AKC,urban,2023-11-20 05:00:00+00:00,1,3.34485,3.1533810620389993
AT,AKC,urban,2023-11-20 06:00:00+00:00,1,3.4871,3.350746113809528
AT,AKC,urban,2023-11-20 07:00:00+00:00,1,3.876349,4.046754962507915
AT,AKC,urban,2023-11-20 08:00:00+00:00,1,3.820149,3.6409745410349927
AT,AKC,urban,2023-11-20 09:00:00+00:00,1,3.405099,3.9688585485503616
AT,AKC,urban,2023-11-20 10:00:00+00:00,1,3.412899,3.5669782282722515
AT,AKC,urban,2023-11-20 11:00:00+00:00,1,3.933899,3.5578467500418576
AT,AKC,urban,2023-11-20 12:00:00+00:00,1,3.64205,4.021148946558476
AT,AKC,urban,2023-11-20 13:00:00+00:00,1,7.495599,4.048178228372439
AT,AKC,urban,2023-11-20 14:00:00+00:00,1,14.1388,7.217948867142429
AT,AKC,urban,2023-11-20 15:00:00+00:00,1,6.81655,13.05330717987798
AT,AKC,urban,2023-11-20 16:00:00+00:00,1,6.894599,8.512082869721038
AT,AKC,urban,2023-11-20 17:00:00+00:00,1,8.15455,6.657584567733728
AT,AKC,urban,2023-11-20 18:00:00+00:00,1,7.5626,8.763142538040459
AT,AKC,urban,2023-11-20 19:00:00+00:00,1,5.21525,6.516493533747706
AT,AKC,urban,2023-11-20 20:00:00+00:00,1,5.509949,4.39445387844621
AT,AKC,urban,2023-11-20 21:00:00+00:00,1,4.692749,5.18754302876539
AT,AKC,urban,2023-11-20 22:00:00+00:00,1,4.068049,4.618217222211506
AT,AKC,urban,2023-11-20 23:00:00+00:00,1,4.287899,3.9643042093170173
AT,AKC,urban,2023-11-21 00:00:00+00:00,1,5.070799,4.153829759947513
AT,AKC,urban,2023-11-21 01:00:00+00:00,1,4.1245,5.295644689055685
AT,AKC,urban,2023-11-21 02:00:00+00:00,1,4.145799,4.128399528483186
AT,AKC,urban,2023-11-21 03:00:00+00:00,1,4.052849,3.9083111625542664
AT,AKC,urban,2023-11-21 04:00:00+00:00,1,5.51265,4.379286566315091
AT,AKC,urban,2023-11-21 05:00:00+00:00,1,7.080599,6.326988527972748
AT,AKC,urban,2023-11-21 06:00:00+00:00,1,7.8652,8.170628683137181
AT,AKC,urban,2023-11-21 07:00:00+00:00,1,6.2644,7.865163707134791
AT,AKC,urban,2023-11-21 08:00:00+00:00,1,8.02165,5.450894488865998
AT,AKC,urban,2023-11-21 09:00:00+00:00,1,11.149,7.575561380214776
AT,AKC,urban,2023-11-21 10:00:00+00:00,1,3.18265,10.138866593543387
AT,AKC,urban,2023-11-21 11:00:00+00:00,1,4.93945,2.4222116758579695
AT,AKC,urban,2023-11-21 12:00:00+00:00,1,4.606249,4.231150535047934
AT,AKC,urban,2023-11-21 13:00:00+00:00,1,5.0564,4.942885824833635
AT,AKC,urban,2023-11-21 14:00:00+00:00,1,9.503349,5.134483918521159
AT,AKC,urban,2023-11-21 15:00:00+00:00,1,7.079999,8.594883214762739
AT,AKC,urban,2023-11-21 16:00:00+00:00,1,6.84245,7.435039812586041
AT,AKC,urban,2023-11-21 17:00:00+00:00,1,5.428649,7.3973694722704515
AT,AKC,urban,2023-11-21 18:00:00+00:00,1,4.615599,5.176475361721227
AT,AKC,urban,2023-11-21 19:00:00+00:00,1,6.0903,4.750986618849051
AT,AKC,urban,2023-11-21 20:00:00+00:00,1,7.143799,6.538962071532687
AT,AKC,urban,2023-11-21 21:00:00+00:00,1,6.79005,7.088144644194351
AT,AKC,urban,2023-11-21 22:00:00+00:00,1,7.472149,6.900856317794997
AT,AKC,urban,2023-11-21 23:00:00+00:00,1,11.159,7.284503945386433
AT,AKC,urban,2023-11-22 00:00:00+00:00,1,7.695099,10.254204443857184
AT,AKC,urban,2023-11-22 01:00:00+00:00,1,8.470899,7.304425287097619
AT,AKC,urban,2023-11-22 02:00:00+00:00,1,8.252099,8.390364691961196
AT,AKC,urban,2023-11-22 03:00:00+00:00,1,8.909049,8.117801220894144
AT,AKC,urban,2023-11-22 04:00:00+00:00,1,8.834699,8.88300931584741
AT,AKC,urban,2023-11-22 05:00:00+00:00,1,9.7704,8.860281877370554
AT,AKC,urban,2023-11-22 06:00:00+00:00,1,9.781,9.664568074162712
AT,AKC,urban,2023-11-22 07:00:00+00:00,1,10.2949,9.401649032267901
AT,AKC,urban,2023-11-22 08:00:00+00:00,1,10.5655,9.9025117181998
AT,AKC,urban,2023-11-22 09:00:00+00:00,1,11.319,9.968072747234942
AT,AKC,urban,2023-11-22 10:00:00+00:00,1,11.1505,10.656430802508574
AT,AKC,urban,2023-11-22 11:00:00+00:00,1,13.616,10.418104406698848
AT,AKC,urban,2023-11-22 12:00:00+00:00,1,16.0795,12.641270820056537
AT,AKC,urban,2023-11-22 13:00:00+00:00,1,17.3025,14.770876152191605
AT,AKC,urban,2023-11-22 14:00:00+00:00,1,15.197,16.224093128052665
AT,AKC,urban,2023-11-22 15:00:00+00:00,1,17.217,14.557721582120728
AT,AKC,urban,2023-11-22 16:00:00+00:00,1,19.164,15.96747882297377
AT,AKC,urban,2023-11-22 17:00:00+00:00,1,19.809,17.992598813121816
AT,AKC,urban,2023-11-22 18:00:00+00:00,1,19.86,19.04964812222332
AT,AKC,urban,2023-11-22 19:00:00+00:00,1,20.6665,19.040242629417676
AT,AKC,urban,2023-11-22 20:00:00+00:00,1,17.689,19.58832898000372
AT,AKC,urban,2023-11-22 21:00:00+00:00,1,14.231,16.4617384981511
AT,AKC,urban,2023-11-22 22:00:00+00:00,1,13.7165,14.022890950001642
AT,AKC,urban,2023-11-22 23:00:00+00:00,1,12.5955,13.823736365441807
AT,AKC,urban,2023-11-23 00:00:00+00:00,1,11.942,13.016777213549034
AT,AKC,urban,2023-11-23 01:00:00+00:00,1,11.3415,12.064454283118298
AT,AKC,urban,2023-11-23 02:00:00+00:00,1,11.3775,11.38238715242009
AT,AKC,urban,2023-11-23 03:00:00+00:00,1,11.083,11.538234900137393
AT,AKC,urban,2023-11-23 04:00:00+00:00,1,10.6395,10.931060711956622
AT,AKC,urban,2023-11-23 05:00:00+00:00,1,9.5295,10.934283775700056
AT,AKC,urban,2023-11-23 06:00:00+00:00,1,11.768,10.828527683637379
AT,AKC,urban,2023-11-23 07:00:00+00:00,1,12.1935,9.785363125473484
AT,AKC,urban,2023-11-23 08:00:00+00:00,1,11.4045,12.527410721446984
AT,AKC,urban,2023-11-23 09:00:00+00:00,1,10.5565,11.22902226214887
AT,AKC,urban,2023-11-23 10:00:00+00:00,1,10.259,10.712243141103261
AT,AKC,urban,2023-11-23 11:00:00+00:00,1,9.68065,10.085794614270668
AT,AKC,urban,2023-11-23 12:00:00+00:00,1,9.432149,10.08516569646682
AT,AKC,urban,2023-11-23 13:00:00+00:00,1,9.91205,9.712468763020766
AT,AKC,urban,2023-11-23 14:00:00+00:00,1,8.706899,10.363472853700522
AT,AKC,urban,2023-11-23 15:00:00+00:00,1,0.0,9.23124540019126
AT,AKC,urban,2023-11-23 16:00:00+00:00,1,7.79895,-0.6223785693813149
AT,AKC,urban,2023-11-23 17:00:00+00:00,1,6.501999,8.04153992450589
AT,AKC,urban,2023-11-23 18:00:00+00:00,1,4.971099,5.716766005673019
AT,AKC,urban,2023-11-23 19:00:00+00:00,1,6.17955,5.106592187242313
AT,AKC,urban,2023-11-23 20:00:00+00:00,1,3.903049,6.044760284591959
AT,AKC,urban,2023-11-23 21:00:00+00:00,1,4.3217,3.7648699545654907
AT,AKC,urban,2023-11-23 22:00:00+00:00,1,5.2589,4.196511501951306
AT,AKC,urban,2023-11-23 23:00:00+00:00,1,6.12835,4.875981444992764
AT,AKC,urban,2023-11-24 00:00:00+00:00,1,5.43795,5.696216330736096
AT,AKC,urban,2023-11-24 01:00:00+00:00,1,4.324549,5.167291962614144
AT,AKC,urban,2023-11-24 02:00:00+00:00,1,3.950399,4.036064562472177
AT,AKC,urban,2023-11-24 03:00:00+00:00,1,3.9828,3.731685376139545
AT,AKC,urban,2023-11-24 04:00:00+00:00,1,3.9158,3.8623269872021098
AT,AKC,urban,2023-11-24 05:00:00+00:00,1,2.414599,3.6965209823926806
AT,AKC,urban,2023-11-24 06:00:00+00:00,1,1.646049,2.6317234604900896
AT,AKC,urban,2023-11-24 07:00:00+00:00,1,1.952749,1.4969315575670556
AT,AKC,urban,2023-11-24 08:00:00+00:00,1,2.004699,1.5180818116545076
AT,AKC,urban,2023-11-24 09:00:00+00:00,1,1.8838,2.1147218251102124
AT,AKC,urban,2023-11-24 10:00:00+00:00,1,2.57875,1.9836315375389901
AT,AKC,urban,2023-11-24 11:00:00+00:00,1,3.2637,2.6784662556380816
AT,AKC,urban,2023-11-24 12:00:00+00:00,1,2.398499,3.346604077521526
AT,AKC,urban,2023-11-24 13:00:00+00:00,1,1.785749,2.387208796479211
AT,AKC,urban,2023-11-24 14:00:00+00:00,1,1.711349,1.9420407353041362
AT,AKC,urban,2023-11-24 15:00:00+00:00,1,1.81595,1.7879260525454796
AT,AKC,urban,2023-11-24 16:00:00+00:00,1,1.687,2.079994915327198
AT,AKC,urban,2023-11-24 17:00:00+00:00,1,1.957999,1.7809564346589646
AT,AKC,urban,2023-11-24 18:00:00+00:00,1,1.689049,2.127805473611833
AT,AKC,urban,2023-11-24 19:00:00+00:00,1,1.461099,1.920928610717631
AT,AKC,urban,2023-11-24 20:00:00+00:00,1,2.63565,1.5650922202397801
AT,AKC,urban,2023-11-24 21:00:00+00:00,1,2.681399,2.8795136106910597
AT,AKC,urban,2023-11-24 22:00:00+00:00,1,2.0381,2.8235939294699435
AT,AKC,urban,2023-11-24 23:00:00+00:00,1,2.118149,2.048902229175134
AT,AKC,urban,2023-11-25 00:00:00+00:00,1,1.9498,2.013744763762805
AT,AKC,urban,2023-11-25 01:00:00+00:00,1,2.743599,1.7955377629382987
AT,AKC,urban,2023-11-25 02:00:00+00:00,1,2.68895,2.4230897314013085
AT,AKC,urban,2023-11-25 03:00:00+00:00,1,2.360949,2.322163849704232
AT,AKC,urban,2023-11-25 04:00:00+00:00,1,1.69195,2.1636957104297956
AT,AKC,urban,2023-11-25 05:00:00+00:00,1,1.32395,1.5492573197558528
AT,AKC,urban,2023-11-25 06:00:00+00:00,1,1.580849,1.2046111448139172
AT,AKC,urban,2023-11-25 07:00:00+00:00,1,1.564949,1.4896280916736941
AT,AKC,urban,2023-11-25 08:00:00+00:00,1,1.78725,1.3343234765348093
AT,AKC,urban,2023-11-25 09:00:00+00:00,1,2.60395,1.54445694581446
AT,AKC,urban,2023-11-25 10:00:00+00:00,1,2.393249,2.2798683947665914
AT,AKC,urban,2023-11-25 11:00:00+00:00,1,2.156,1.972580304628213
AT,AKC,urban,2023-11-25 12:00:00+00:00,1,4.356349,2.021391902991322
AT,AKC,urban,2023-11-25 13:00:00+00:00,1,2.80035,3.629674775953326
AT,AKC,urban,2023-11-25 14:00:00+00:00,1,2.94285,2.578247988090265
AT,AKC,urban,2023-11-25 15:00:00+00:00,1,3.45445,3.1102302783176867
AT,AKC,urban,2023-11-25 16:00:00+00:00,1,3.489249,3.5504215749491514
AT,AKC,urban,2023-11-25 17:00:00+00:00,1,4.884249,3.8223537702216497
AT,AKC,urban,2023-11-25 18:00:00+00:00,1,4.59695,4.955062371583999
AT,AKC,urban,2023-11-25 19:00:00+00:00,1,5.255249,4.33870286066033
AT,AKC,urban,2023-11-25 20:00:00+00:00,1,5.333149,5.141295313179775
AT,AKC,urban,2023-11-25 21:00:00+00:00,1,3.49915,5.024804851345259
AT,AKC,urban,2023-11-25 22:00:00+00:00,1,3.9924,3.398335134457959
AT,AKC,urban,2023-11-25 23:00:00+00:00,1,3.509749,3.976585345481695
AT,AKC,urban,2023-11-26 00:00:00+00:00,1,3.70865,3.314536245297141
AT,AKC,urban,2023-11-26 01:00:00+00:00,1,2.723949,3.6047222231223763
AT,AKC,urban,2023-11-26 02:00:00+00:00,1,2.048699,2.7793691219358116
AT,AKC,urban,2023-11-26 03:00:00+00:00,1,2.2585,2.1358472175060363
AT,AKC,urban,2023-11-26 04:00:00+00:00,1,2.366899,2.3288038763861465
AT,AKC,urban,2023-11-26 05:00:00+00:00,1,2.219349,2.4029086541650564
AT,AKC,urban,2023-11-26 06:00:00+00:00,1,1.838799,2.274407032357466
AT,AKC,urban,2023-11-26 07:00:00+00:00,1,1.844049,1.9071119076095826
AT,AKC,urban,2023-11-26 08:00:00+00:00,1,2.190599,1.9062431172535739
AT,AKC,urban,2023-11-26 09:00:00+00:00,1,1.911499,2.0627577595743354
AT,AKC,urban,2023-11-26 10:00:00+00:00,1,1.79285,1.883200242731668
AT,AKC,urban,2023-11-26 11:00:00+00:00,1,1.508899,1.8962398719990006
AT,AKC,urban,2023-11-26 12:00:00+00:00,1,1.514199,1.5931972196612207
AT,AKC,urban,2023-11-26 13:00:00+00:00,1,1.732549,1.5962808677539932
AT,AKC,urban,2023-11-26 14:00:00+00:00,1,1.948999,2.000844461516916
AT,AKC,urban,2023-11-26 15:00:00+00:00,1,2.314899,2.243685413526304
AT,AKC,urban,2023-11-26 16:00:00+00:00,1,3.102349,2.7648640877559245
AT,AKC,urban,2023-11-26 17:00:00+00:00,1,4.192199,3.3167368691836288
AT,AKC,urban,2023-11-26 18:00:00+00:00,1,4.791399,4.307054714529489
AT,AKC,urban,2023-11-26 19:00:00+00:00,1,6.8155,4.798066920673854
AT,AKC,urban,2023-11-26 20:00:00+00:00,1,7.13945,6.555879397266221
AT,AKC,urban,2023-11-26 21:00:00+00:00,1,7.0176,6.740404518339897
AT,AKC,urban,2023-11-26 22:00:00+00:00,1,6.15365,6.789900807812305
AT,AKC,urban,2023-11-26 23:00:00+00:00,1,5.33065,5.738673559876236
AT,AKC,urban,2023-11-27 00:00:00+00:00,1,5.44935,5.0056626650501705
AT,AKC,urban,2023-11-27 01:00:00+00:00,1,5.50745,5.031241864653424
AT,AKC,urban,2023-11-27 02:00:00+00:00,1,5.385049,5.074148317089179
AT,AKC,urban,2023-11-27 03:00:00+00:00,1,4.713399,5.083878870814381
AT,AKC,urban,2023-11-27 04:00:00+00:00,1,3.890799,4.485663903048998
AT,AKC,urban,2023-11-27 05:00:00+00:00,1,4.9804,3.9977911387118006
AT,AKC,urban,2023-11-27 06:00:00+00:00,1,4.30375,5.218335703986611
AT,AKC,urban,2023-11-27 07:00:00+00:00,1,3.315849,4.984624825989197
AT,AKC,urban,2023-11-27 08:00:00+00:00,1,3.240399,3.242844421608666
AT,AKC,urban,2023-11-27 09:00:00+00:00,1,3.190549,3.4556669024485487
AT,AKC,urban,2023-11-27 10:00:00+00:00,1,3.54815,3.268954963407186
AT,AKC,urban,2023-11-27 11:00:00+00:00,1,3.91475,3.553472495748604
AT,AKC,urban,2023-11-27 12:00:00+00:00,1,3.511049,3.968796622607897
AT,AKC,urban,2023-11-27 13:00:00+00:00,1,3.9292,3.787876557677123
AT,AKC,urban,2023-11-27 14:00:00+00:00,1,6.786849,5.033667598288165
AT,AKC,urban,2023-11-27 15:00:00+00:00,1,6.4615,8.380182381725906
AT,AKC,urban,2023-11-27 16:00:00+00:00,1,9.2404,6.306184876861504
AT,AKC,urban,2023-11-27 17:00:00+00:00,1,11.006,8.719981079152486
AT,AKC,urban,2023-11-27 18:00:00+00:00,1,13.196,10.988833631219066
AT,AKC,urban,2023-11-27 19:00:00+00:00,1,15.9395,12.637609529360887
AT,AKC,urban,2023-11-27 20:00:00+00:00,1,17.0395,14.496721603766073
AT,AKC,urban,2023-11-27 21:00:00+00:00,1,18.3565,15.537120257641906
AT,AKC,urban,2023-11-27 22:00:00+00:00,1,19.0505,16.622627619368796
AT,AKC,urban,2023-11-27 23:00:00+00:00,1,17.995,17.615721566395358
AT,AKC,urban,2023-11-28 00:00:00+00:00,1,18.054,16.831634099874204
AT,AKC,urban,2023-11-28 01:00:00+00:00,1,18.597,16.9296299379945
AT,AKC,urban,2023-11-28 02:00:00+00:00,1,17.3685,17.545710740885518
AT,AKC,urban,2023-11-28 03:00:00+00:00,1,18.305,16.231836867851015
AT,AKC,urban,2023-11-28 04:00:00+00:00,1,17.133,17.55794150916612
AT,AKC,urban,2023-11-28 05:00:00+00:00,1,17.9455,16.772244543259934
AT,AKC,urban,2023-11-28 06:00:00+00:00,1,19.207,17.667580925019394
AT,AKC,urban,2023-11-28 07:00:00+00:00,1,16.2965,18.351616084807716
AT,AKC,urban,2023-11-28 08:00:00+00:00,1,6.7649,16.117406192064347
AT,AKC,urban,2023-11-28 09:00:00+00:00,1,5.6279,5.983575654316677
AT,AKC,urban,2023-11-28 10:00:00+00:00,1,6.975,5.2083370641893545
AT,AKC,urban,2023-11-28 11:00:00+00:00,1,5.708049,6.323960609405422
AT,AKC,urban,2023-11-28 12:00:00+00:00,1,4.51345,5.795891639371618
AT,AKC,urban,2023-11-28 13:00:00+00:00,1,5.836999,4.926697521064881
AT,AKC,urban,2023-11-28 14:00:00+00:00,1,5.47305,7.044553097653456
AT,AKC,urban,2023-11-28 15:00:00+00:00,1,7.238949,6.272100686354637
AT,AKC,urban,2023-11-28 16:00:00+00:00,1,3.698649,6.97729466865783
AT,AKC,urban,2023-11-28 17:00:00+00:00,1,3.046149,4.1933921705254065
AT,AKC,urban,2023-11-28 18:00:00+00:00,1,5.003399,3.5030207746762336
AT,AKC,urban,2023-11-28 19:00:00+00:00,1,6.7732,5.649752611287784
AT,AKC,urban,2023-11-28 20:00:00+00:00,1,7.33265,6.8069682747732365
AT,AKC,urban,2023-11-28 21:00:00+00:00,1,6.4804,7.127186438510833
AT,AKC,urban,2023-11-28 22:00:00+00:00,1,5.756199,6.526303415839035
AT,AKC,urban,2023-11-28 23:00:00+00:00,1,7.333199,5.803567805132332
AT,AKC,urban,2023-11-29 00:00:00+00:00,1,8.170849,7.308694338101244
AT,AKC,urban,2023-11-29 01:00:00+00:00,1,8.794899,7.943776857902616
AT,AKC,urban,2023-11-29 02:00:00+00:00,1,7.740249,8.540293288727131
AT,AKC,urban,2023-11-29 03:00:00+00:00,1,7.74835,7.651454337912849
AT,AKC,urban,2023-11-29 04:00:00+00:00,1,8.524,7.682452615163093
AT,AKC,urban,2023-11-29 05:00:00+00:00,1,10.35795,8.820451369322974
AT,AKC,urban,2023-11-29 06:00:00+00:00,1,10.39545,10.460393202986072
AT,AKC,urban,2023-11-29 07:00:00+00:00,1,10.7185,10.050888512313456
AT,AKC,urban,2023-11-29 08:00:00+00:00,1,9.437549,10.422119003566792
AT,AKC,urban,2023-11-29 09:00:00+00:00,1,8.9589,9.33273234695761
AT,AKC,urban,2023-11-29 10:00:00+00:00,1,10.04385,8.561015440946885
AT,AKC,urban,2023-11-29 11:00:00+00:00,1,11.62,9.95253500887511
AT,AKC,urban,2023-11-29 12:00:00+00:00,1,11.107,10.670248836319804
AT,AKC,urban,2023-11-29 13:00:00+00:00,1,12.098,10.535140529122618
AT,AKC,urban,2023-11-29 14:00:00+00:00,1,12.9155,12.13924886213082
AT,AKC,urban,2023-11-29 15:00:00+00:00,1,13.692,13.604939912585085
AT,AKC,urban,2023-11-29 16:00:00+00:00,1,13.9485,14.231756277193018
AT,AKC,urban,2023-11-29 17:00:00+00:00,1,14.5115,13.976227150287865
AT,AKC,urban,2023-11-29 18:00:00+00:00,1,15.4355,14.661776807130078
AT,AKC,urban,2023-11-29 19:00:00+00:00,1,18.1135,15.15831310767453
AT,AKC,urban,2023-11-29 20:00:00+00:00,1,17.8495,17.540234184106637
AT,AKC,urban,2023-11-29 21:00:00+00:00,1,18.66,17.1115188314443
AT,AKC,urban,2023-11-29 22:00:00+00:00,1,17.4965,18.2104364798615
AT,AKC,urban,2023-11-29 23:00:00+00:00,1,17.529,17.25968354833283
AT,AKC,urban,2023-11-30 00:00:00+00:00,1,15.554,17.11228137658996
AT,AKC,urban,2023-11-30 01:00:00+00:00,1,16.363,15.31089164473887
AT,AKC,urban,2023-11-30 02:00:00+00:00,1,15.953,16.1020631447167
AT,AKC,urban,2023-11-30 03:00:00+00:00,1,17.4285,14.842553354043055
AT,AKC,urban,2023-11-30 04:00:00+00:00,1,17.765,16.70017643350156
AT,AKC,urban,2023-11-30 05:00:00+00:00,1,17.933,17.46173386640849
AT,AKC,urban,2023-11-30 06:00:00+00:00,1,16.9055,18.141270862015123
AT,AKC,urban,2023-11-30 07:00:00+00:00,1,15.9345,17.214525597317987
AT,AKC,urban,2023-11-30 08:00:00+00:00,1,16.1745,15.859794831138249
AT,AKC,urban,2023-11-30 09:00:00+00:00,1,15.565,15.8912338461926
AT,AKC,urban,2023-11-30 10:00:00+00:00,1,16.6605,15.035599498391164
AT,AKC,urban,2023-11-30 11:00:00+00:00,1,17.412,16.563827711046958
AT,AKC,urban,2023-11-30 12:00:00+00:00,1,16.9175,16.970982233952597
AT,AKC,urban,2023-11-30 13:00:00+00:00,1,18.649,16.765264330991414
AT,AKC,urban,2023-11-30 14:00:00+00:00,1,23.432,18.43109195792689
AT,AKC,urban,2023-11-30 15:00:00+00:00,1,25.1295,22.395191291992923
AT,AKC,urban,2023-11-30 16:00:00+00:00,1,25.2715,23.969257928407025
AT,AKC,urban,2023-11-30 17:00:00+00:00,1,24.3215,24.567296189800356
AT,AKC,urban,2023-11-30 18:00:00+00:00,1,23.318,23.95193354434049
AT,AKC,urban,2023-11-30 19:00:00+00:00,1,21.346,23.10790730854787
AT,AKC,urban,2023-11-30 20:00:00+00:00,1,22.259,21.19410087655493
AT,AKC,urban,2023-11-30 21:00:00+00:00,1,20.738,21.89375239940206
AT,AKC,urban,2023-11-30 22:00:00+00:00,1,19.502,20.389881458657428
AT,AKC,urban,2023-11-30 23:00:00+00:00,1,18.3085,19.262866217928888
AT,AKC,urban,2023-12-01 00:00:00+00:00,1,17.7775,18.116401474760792
AT,AKC,urban,2023-12-01 01:00:00+00:00,1,17.638,17.702560349368156
AT,AKC,urban,2023-12-01 02:00:00+00:00,1,19.2325,17.54320798158161
AT,AKC,urban,2023-12-01 03:00:00+00:00,1,23.5645,18.990781164116306
AT,AKC,urban,2023-12-01 04:00:00+00:00,1,28.0135,22.296147762784994
AT,AKC,urban,2023-12-01 05:00:00+00:00,1,29.478,25.921545990515682
AT,AKC,urban,2023-12-01 06:00:00+00:00,1,30.0975,27.281392343921787
AT,AKC,urban,2023-12-01 07:00:00+00:00,1,25.563,28.450570410590224
AT,AKC,urban,2023-12-01 08:00:00+00:00,1,23.95,24.674744447818888
AT,AKC,urban,2023-12-01 09:00:00+00:00,1,20.584,23.464256426764543
AT,AKC,urban,2023-12-01 10:00:00+00:00,1,17.7895,20.395898262422996
AT,AKC,urban,2023-12-01 11:00:00+00:00,1,19.932,17.89655560526994
AT,AKC,urban,2023-12-01 12:00:00+00:00,1,20.7205,19.644842339159617
AT,AKC,urban,2023-12-01 13:00:00+00:00,1,21.111,20.265752003574324
AT,AKC,urban,2023-12-01 14:00:00+00:00,1,20.979,20.975634864440117
AT,AKC,urban,2023-12-01 15:00:00+00:00,1,19.1835,21.024644478430233
AT,AKC,urban,2023-12-01 16:00:00+00:00,1,16.2615,19.307259662822958
AT,AKC,urban,2023-12-01 17:00:00+00:00,1,13.6375,16.595133992167447
AT,AKC,urban,2023-12-01 18:00:00+00:00,1,11.636,14.590036856384355
AT,AKC,urban,2023-12-01 19:00:00+00:00,1,10.522,12.322246119045147
AT,AKC,urban,2023-12-01 20:00:00+00:00,1,10.46475,11.330538811290428
AT,AKC,urban,2023-12-01 21:00:00+00:00,1,9.4999,11.48039494905878
AT,AKC,urban,2023-12-01 22:00:00+00:00,1,8.25205,10.697988606928003
AT,AKC,urban,2023-12-01 23:00:00+00:00,1,10.3785,9.496981117167934
AT,AKC,urban,2023-12-02 00:00:00+00:00,1,14.71,11.238768673185977
AT,AKC,urban,2023-12-02 01:00:00+00:00,1,17.004,14.299003633639462
AT,AKC,urban,2023-12-02 02:00:00+00:00,1,19.0955,16.090551624612687
AT,AKC,urban,2023-12-02 03:00:00+00:00,1,16.774,17.948986631853703
AT,AKC,urban,2023-12-02 04:00:00+00:00,1,15.893,16.047265604345032
AT,AKC,urban,2023-12-02 05:00:00+00:00,1,18.2485,15.45059636719511
AT,AKC,urban,2023-12-02 06:00:00+00:00,1,18.144,17.335747931318558
AT,AKC,urban,2023-12-02 07:00:00+00:00,1,16.857,17.06469516128007
AT,AKC,urban,2023-12-02 08:00:00+00:00,1,14.879,16.24687324739072
AT,AKC,urban,2023-12-02 09:00:00+00:00,1,13.8915,14.599917337734968
AT,AKC,urban,2023-12-02 10:00:00+00:00,1,10.73415,13.666398017137471
AT,AKC,urban,2023-12-02 11:00:00+00:00,1,7.34805,10.740251466530541
AT,AKC,urban,2023-12-02 12:00:00+00:00,1,5.83505,7.345834934669252
AT,AKC,urban,2023-12-02 13:00:00+00:00,1,4.952149,5.750230192648225
AT,AKC,urban,2023-12-02 14:00:00+00:00,1,5.173999,5.040998486481467
AT,AKC,urban,2023-12-02 15:00:00+00:00,1,5.835599,5.619196491795318
AT,AKC,urban,2023-12-02 16:00:00+00:00,1,7.1803,6.051836129744419
AT,AKC,urban,2023-12-02 17:00:00+00:00,1,9.110399,7.225582682017304
AT,AKC,urban,2023-12-02 18:00:00+00:00,1,10.3155,8.86679401712766
AT,AKC,urban,2023-12-02 19:00:00+00:00,1,10.15435,9.894509422120638
AT,AKC,urban,2023-12-02 20:00:00+00:00,1,10.7115,9.967197128264576
AT,AKC,urban,2023-12-02 21:00:00+00:00,1,8.346199,10.68538087106581
AT,AKC,urban,2023-12-02 22:00:00+00:00,1,7.25195,8.630290272249791
AT,AKC,urban,2023-12-02 23:00:00+00:00,1,7.837949,7.749242143645791
AT,AKC,urban,2023-12-03 00:00:00+00:00,1,9.18715,8.253871962857687
AT,AKC,urban,2023-12-03 01:00:00+00:00,1,7.2242,9.360219761848253
AT,AKC,urban,2023-12-03 02:00:00+00:00,1,8.453649,7.447646868514347
AT,AKC,urban,2023-12-03 03:00:00+00:00,1,9.571199,8.619676227304964
AT,AKC,urban,2023-12-03 04:00:00+00:00,1,9.762849,9.277592897552235
AT,AKC,urban,2023-12-03 05:00:00+00:00,1,9.7009,9.613901543133736
AT,AKC,urban,2023-12-03 06:00:00+00:00,1,10.268,9.46139230305808
AT,AKC,urban,2023-12-03 07:00:00+00:00,1,11.2305,9.816297820485865
AT,AKC,urban,2023-12-03 08:00:00+00:00,1,9.487899,10.539813864163232
AT,AKC,urban,2023-12-03 09:00:00+00:00,1,8.85025,9.146161433917975
AT,AKC,urban,2023-12-03 10:00:00+00:00,1,9.758199,8.663602795574306
AT,AKC,urban,2023-12-03 11:00:00+00:00,1,10.2115,9.520290548682006
AT,AKC,urban,2023-12-03 12:00:00+00:00,1,10.0855,10.02309855876311
AT,AKC,urban,2023-12-03 13:00:00+00:00,1,10.871,10.146596521291649
AT,AKC,urban,2023-12-03 14:00:00+00:00,1,11.1775,11.06701470897583
AT,AKC,urban,2023-12-03 15:00:00+00:00,1,11.971,11.185588315971632
AT,AKC,urban,2023-12-03 16:00:00+00:00,1,12.033,12.152132235791314
AT,AKC,urban,2023-12-03 17:00:00+00:00,1,10.968,12.37420563617058
AT,AKC,urban,2023-12-03 18:00:00+00:00,1,11.1875,11.051300116285283
AT,AKC,urban,2023-12-03 19:00:00+00:00,1,12.9325,11.265392798343665
AT,AKC,urban,2023-12-03 20:00:00+00:00,1,13.1285,13.079664597346433
AT,AKC,urban,2023-12-03 21:00:00+00:00,1,13.4405,13.150190110405344
AT,AKC,urban,2023-12-03 22:00:00+00:00,1,14.59,13.581884392616672
AT,AKC,urban,2023-12-03 23:00:00+00:00,1,12.7415,15.023482456298762
AT,AKC,urban,2023-12-04 00:00:00+00:00,1,12.796,12.491381206289343
AT,AKC,urban,2023-12-04 01:00:00+00:00,1,13.7985,12.99182218473613
AT,AKC,urban,2023-12-04 02:00:00+00:00,1,18.415,14.357127655256473
AT,AKC,urban,2023-12-04 03:00:00+00:00,1,20.4725,17.148361340719426
AT,AKC,urban,2023-12-04 04:00:00+00:00,1,20.1415,18.97242043566538
AT,AKC,urban,2023-12-04 05:00:00+00:00,1,23.1715,20.8063438165955
AT,AKC,urban,2023-12-04 06:00:00+00:00,1,21.1695,22.649734443611322
AT,AKC,urban,2023-12-04 07:00:00+00:00,1,20.644,20.886997950264423
AT,AKC,urban,2023-12-04 08:00:00+00:00,1,22.758,20.266049141046352
AT,AKC,urban,2023-12-04 09:00:00+00:00,1,17.232,21.66028106914535
AT,AKC,urban,2023-12-04 10:00:00+00:00,1,14.972,15.870507541727573
AT,AKC,urban,2023-12-04 11:00:00+00:00,1,13.8955,14.715666112471656
AT,AKC,urban,2023-12-04 12:00:00+00:00,1,14.5065,13.595096749267721
AT,AKC,urban,2023-12-04 13:00:00+00:00,1,13.4985,14.759961509585406
AT,AKC,urban,2023-12-04 14:00:00+00:00,1,13.1865,13.826313805890884
AT,AKC,urban,2023-12-04 15:00:00+00:00,1,12.345,13.754210420645997
AT,AKC,urban,2023-12-04 16:00:00+00:00,1,11.475,12.715121194086489
AT,AKC,urban,2023-12-04 17:00:00+00:00,1,12.062,11.948540617008995
AT,AKC,urban,2023-12-04 18:00:00+00:00,1,12.244,12.489282596125065
AT,AKC,urban,2023-12-04 19:00:00+00:00,1,12.1325,12.803065113251684
AT,AKC,urban,2023-12-04 20:00:00+00:00,1,12.6585,12.844697766789487
AT,AKC,urban,2023-12-04 21:00:00+00:00,1,14.467,13.222505028363859
AT,AKC,urban,2023-12-04 22:00:00+00:00,1,16.367,14.652367504461548
AT,AKC,urban,2023-12-04 23:00:00+00:00,1,17.375,16.14399871484676
AT,AKC,urban,2023-12-05 00:00:00+00:00,1,18.3425,17.184355432434376
AT,AKC,urban,2023-12-05 01:00:00+00:00,1,19.1505,18.10720558994059
AT,AKC,urban,2023-12-05 02:00:00+00:00,1,20.291,18.86662119039078
AT,AKC,urban,2023-12-05 03:00:00+00:00,1,22.1905,19.788781608110167
AT,AKC,urban,2023-12-05 04:00:00+00:00,1,23.1095,21.29740031532961
AT,AKC,urban,2023-12-05 05:00:00+00:00,1,23.6035,22.679098286714027
AT,AKC,urban,2023-12-05 06:00:00+00:00,1,23.9735,23.426647882252603
AT,AKC,urban,2023-12-05 07:00:00+00:00,1,25.2385,23.35731166185105
AT,AKC,urban,2023-12-05 08:00:00+00:00,1,26.6635,24.216698602848396
AT,AKC,urban,2023-12-05 09:00:00+00:00,1,27.7575,24.936019527205584
AT,AKC,urban,2023-12-05 10:00:00+00:00,1,29.298,26.219175267000296
AT,AKC,urban,2023-12-05 11:00:00+00:00,1,30.3405,27.530498111142187
AT,AKC,urban,2023-12-05 12:00:00+00:00,1,29.685,28.617916910213918
AT,AKC,urban,2023-12-05 13:00:00+00:00,1,29.303,28.58115773747407
AT,AKC,urban,2023-12-05 14:00:00+00:00,1,29.3035,28.299907950176976
AT,AKC,urban,2023-12-05 15:00:00+00:00,1,28.96,28.20456875550413
AT,AKC,urban,2023-12-05 16:00:00+00:00,1,28.2975,27.974526277461408
AT,AKC,urban,2023-12-05 17:00:00+00:00,1,29.01,27.68323029216483
AT,AKC,urban,2023-12-05 18:00:00+00:00,1,30.5655,28.06196473446338
AT,AKC,urban,2023-12-05 19:00:00+00:00,1,30.958,29.60000108262366
AT,AKC,urban,2023-12-05 20:00:00+00:00,1,30.335,30.266883018286457
AT,AKC,urban,2023-12-05 21:00:00+00:00,1,30.0885,29.51091431011723
AT,AKC,urban,2023-12-05 22:00:00+00:00,1,30.8455,29.429456719797148
AT,AKC,urban,2023-12-05 23:00:00+00:00,1,31.4735,30.760211193904706
AT,AKC,urban,2023-12-06 00:00:00+00:00,1,30.4525,30.529910920371982
AT,AKC,urban,2023-12-06 01:00:00+00:00,1,30.8195,29.790427505194558
AT,AKC,urban,2023-12-06 02:00:00+00:00,1,30.5635,30.10747791939435
AT,AKC,urban,2023-12-06 03:00:00+00:00,1,30.494,30.1949399639888
AT,AKC,urban,2023-12-06 04:00:00+00:00,1,30.3315,30.082522597659374
AT,AKC,urban,2023-12-06 05:00:00+00:00,1,30.2635,30.058116277787416
AT,AKC,urban,2023-12-06 06:00:00+00:00,1,30.824,30.263078235225414
AT,AKC,urban,2023-12-06 07:00:00+00:00,1,29.1945,30.78201832785703
AT,AKC,urban,2023-12-06 08:00:00+00:00,1,28.3,29.393539089325706
AT,AKC,urban,2023-12-06 09:00:00+00:00,1,32.555,28.333077627418206
AT,AKC,urban,2023-12-06 10:00:00+00:00,1,36.471,31.731181024211082
AT,AKC,urban,2023-12-06 11:00:00+00:00,1,40.315,34.49994969137541
AT,AKC,urban,2023-12-06 12:00:00+00:00,1,43.7525,38.52017051148004
AT,AKC,urban,2023-12-06 13:00:00+00:00,1,42.2315,41.46844896143487
AT,AKC,urban,2023-12-06 14:00:00+00:00,1,43.016,40.540002919488046
AT,AKC,urban,2023-12-06 15:00:00+00:00,1,42.4725,41.67626954088754
AT,AKC,urban,2023-12-06 16:00:00+00:00,1,34.413,41.394360020662845
AT,AKC,urban,2023-12-06 17:00:00+00:00,1,20.193,34.16859120679188
AT,AKC,urban,2023-12-06 18:00:00+00:00,1,16.344,20.013071943109377
AT,AKC,urban,2023-12-06 19:00:00+00:00,1,14.4265,17.014566582001926
AT,AKC,urban,2023-12-06 20:00:00+00:00,1,14.973,15.428375773839974
AT,AKC,urban,2023-12-06 21:00:00+00:00,1,16.8545,16.111951671876376
AT,AKC,urban,2023-12-06 22:00:00+00:00,1,17.8145,17.536848654790543
AT,AKC,urban,2023-12-06 23:00:00+00:00,1,14.934,18.18976217327728
AT,AKC,urban,2023-12-07 00:00:00+00:00,1,13.139,14.889348167029503
AT,AKC,urban,2023-12-07 01:00:00+00:00,1,11.528,13.333464999095202
AT,AKC,urban,2023-12-07 02:00:00+00:00,1,10.9845,12.06953695160431
AT,AKC,urban,2023-12-07 03:00:00+00:00,1,10.442,11.587971591232684
AT,AKC,urban,2023-12-07 04:00:00+00:00,1,10.2185,11.35491179682261
AT,AKC,urban,2023-12-07 05:00:00+00:00,1,11.771,11.219674738510982
AT,AKC,urban,2023-12-07 06:00:00+00:00,1,10.972,12.908969622184227
AT,AKC,urban,2023-12-07 07:00:00+00:00,1,12.3065,11.845996403181797
AT,AKC,urban,2023-12-07 08:00:00+00:00,1,12.6755,13.146799248527472
AT,AKC,urban,2023-12-07 09:00:00+00:00,1,11.3355,13.19606370081554
AT,AKC,urban,2023-12-07 10:00:00+00:00,1,11.5,11.82479477000825
AT,AKC,urban,2023-12-07 11:00:00+00:00,1,11.6215,11.955124042135335
AT,AKC,urban,2023-12-07 12:00:00+00:00,1,12.5,12.34053828637596
AT,AKC,urban,2023-12-07 13:00:00+00:00,1,14.169,12.564206875863704
AT,AKC,urban,2023-12-07 14:00:00+00:00,1,16.4565,14.352103467590794
AT,AKC,urban,2023-12-07 15:00:00+00:00,1,15.9865,16.54268018155008
AT,AKC,urban,2023-12-07 16:00:00+00:00,1,14.173,15.942226372848094
AT,AKC,urban,2023-12-07 17:00:00+00:00,1,14.888,14.681663901066816
AT,AKC,urban,2023-12-07 18:00:00+00:00,1,13.4915,15.299465225114968
AT,AKC,urban,2023-12-07 19:00:00+00:00,1,16.2045,13.465745357693915
AT,AKC,urban,2023-12-07 20:00:00+00:00,1,18.6335,17.185647064634086
AT,AKC,urban,2023-12-07 21:00:00+00:00,1,17.9825,18.962610537064123
AT,AKC,urban,2023-12-07 22:00:00+00:00,1,16.9245,18.10066673930239
AT,AKC,urban,2023-12-07 23:00:00+00:00,1,17.713,16.823884455691775
AT,AKC,urban,2023-12-08 00:00:00+00:00,1,17.0025,17.971556309740386
AT,AKC,urban,2023-12-08 01:00:00+00:00,1,19.3995,17.426419020605337
AT,AKC,urban,2023-12-08 02:00:00+00:00,1,19.474,19.21852664779327
AT,AKC,urban,2023-12-08 03:00:00+00:00,1,18.118,19.124133731757283
AT,AKC,urban,2023-12-08 04:00:00+00:00,1,18.016,18.13425487167504
AT,AKC,urban,2023-12-08 05:00:00+00:00,1,19.748,18.323357149448686
AT,AKC,urban,2023-12-08 06:00:00+00:00,1,17.5265,19.096513626788003
AT,AKC,urban,2023-12-08 07:00:00+00:00,1,16.0265,17.088992302341982
AT,AKC,urban,2023-12-08 08:00:00+00:00,1,15.8945,15.935768238852583
AT,AKC,urban,2023-12-08 09:00:00+00:00,1,17.634,15.715787437449993
AT,AKC,urban,2023-12-08 10:00:00+00:00,1,19.938,17.220551384145388
AT,AKC,urban,2023-12-08 11:00:00+00:00,1,21.6775,19.289765951515253
AT,AKC,urban,2023-12-08 12:00:00+00:00,1,21.406,20.866971884500565
AT,AKC,urban,2023-12-08 13:00:00+00:00,1,21.439,21.205240448527476
AT,AKC,urban,2023-12-08 14:00:00+00:00,1,21.7305,21.54673339605172
AT,AKC,urban,2023-12-08 15:00:00+00:00,1,21.0245,22.01337347775418
AT,AKC,urban,2023-12-08 16:00:00+00:00,1,20.9225,21.353685135862115
AT,AKC,urban,2023-12-08 17:00:00+00:00,1,20.2265,21.393107711714194
AT,AKC,urban,2023-12-08 18:00:00+00:00,1,21.246,20.34593467214576
AT,AKC,urban,2023-12-08 19:00:00+00:00,1,21.8655,21.450512346707278
AT,AKC,urban,2023-12-08 20:00:00+00:00,1,22.9515,21.802216935513236
AT,AKC,urban,2023-12-08 21:00:00+00:00,1,22.4585,22.80610420804025
AT,AKC,urban,2023-12-08 22:00:00+00:00,1,21.2045,22.243076205155056
AT,AKC,urban,2023-12-08 23:00:00+00:00,1,20.916,21.055862910976636
AT,AKC,urban,2023-12-09 00:00:00+00:00,1,20.2825,20.816894305965434
AT,AKC,urban,2023-12-09 01:00:00+00:00,1,19.121,20.38702699710798
AT,AKC,urban,2023-12-09 02:00:00+00:00,1,19.017,19.290662716813493
AT,AKC,urban,2023-12-09 03:00:00+00:00,1,19.1655,19.318784207681453
AT,AKC,urban,2023-12-09 04:00:00+00:00,1,16.9795,19.490421334938787
AT,AKC,urban,2023-12-09 05:00:00+00:00,1,15.57,17.644022295488767
AT,AKC,urban,2023-12-09 06:00:00+00:00,1,14.5695,16.28628031226478
AT,AKC,urban,2023-12-09 07:00:00+00:00,1,15.782,15.479725010988307
AT,AKC,urban,2023-12-09 08:00:00+00:00,1,16.852,16.316921905290393
AT,AKC,urban,2023-12-09 09:00:00+00:00,1,15.171,17.34551791480336
AT,AKC,urban,2023-12-09 10:00:00+00:00,1,14.4835,15.899634961007466
AT,AKC,urban,2023-12-09 11:00:00+00:00,1,13.018,15.277474242334321
AT,AKC,urban,2023-12-09 12:00:00+00:00,1,14.3635,13.82032810039355
AT,AKC,urban,2023-12-09 13:00:00+00:00,1,16.055,15.187557748356202
AT,AKC,urban,2023-12-09 14:00:00+00:00,1,19.2265,16.280570472671116
AT,AKC,urban,2023-12-09 15:00:00+00:00,1,21.0885,19.027124510748845
AT,AKC,urban,2023-12-09 16:00:00+00:00,1,24.1805,20.72785655795781
AT,AKC,urban,2023-12-09 17:00:00+00:00,1,20.705,23.433657907652595
AT,AKC,urban,2023-12-09 18:00:00+00:00,1,20.623,20.648975691917485
AT,AKC,urban,2023-12-09 19:00:00+00:00,1,20.538,20.707801089458865
AT,AKC,urban,2023-12-09 20:00:00+00:00,1,18.765,20.50709596573139
AT,AKC,urban,2023-12-09 21:00:00+00:00,1,18.1195,19.092619162427596
AT,AKC,urban,2023-12-09 22:00:00+00:00,1,18.201,18.403875547932596
AT,AKC,urban,2023-12-09 23:00:00+00:00,1,19.5935,18.502472058652263
AT,AKC,urban,2023-12-10 00:00:00+00:00,1,18.349,19.375904691153497
AT,AKC,urban,2023-12-10 01:00:00+00:00,1,16.239,18.556853445674065
AT,AKC,urban,2023-12-10 02:00:00+00:00,1,14.302,16.486650438151834
AT,AKC,urban,2023-12-10 03:00:00+00:00,1,13.411,14.703723436913343
AT,AKC,urban,2023-12-10 04:00:00+00:00,1,12.0055,13.616714075964442
AT,AKC,urban,2023-12-10 05:00:00+00:00,1,15.412,12.385551011359773
AT,AKC,urban,2023-12-10 06:00:00+00:00,1,16.242,15.830819356886565
AT,AKC,urban,2023-12-10 07:00:00+00:00,1,16.3705,15.693052138386008
AT,AKC,urban,2023-12-10 08:00:00+00:00,1,13.985,16.28222936533004
AT,AKC,urban,2023-12-10 09:00:00+00:00,1,2.8252,14.001369898493266
AT,AKC,urban,2023-12-10 10:00:00+00:00,1,3.174999,2.816052807166937
AT,AKC,urban,2023-12-10 11:00:00+00:00,1,4.113749,3.753537265668971
AT,AKC,urban,2023-12-10 12:00:00+00:00,1,4.4349,4.718171081532262
AT,AKC,urban,2023-12-10 13:00:00+00:00,1,4.6293,5.2456594384530355
AT,AKC,urban,2023-12-10 14:00:00+00:00,1,5.035399,5.571154286102647
AT,AKC,urban,2023-12-10 15:00:00+00:00,1,7.830049,6.248635477103171
AT,AKC,urban,2023-12-10 16:00:00+00:00,1,7.340899,9.63252155962849
AT,AKC,urban,2023-12-10 17:00:00+00:00,1,13.2195,8.106211493843169
AT,AKC,urban,2023-12-10 18:00:00+00:00,1,20.3415,14.946661309023536
AT,AKC,urban,2023-12-10 19:00:00+00:00,1,16.706,19.667436558372124
AT,AKC,urban,2023-12-10 20:00:00+00:00,1,15.567,16.822695447699374
AT,AKC,urban,2023-12-10 21:00:00+00:00,1,14.834,15.23484602613495
AT,AKC,urban,2023-12-10 22:00:00+00:00,1,13.2445,14.915300098154415
AT,AKC,urban,2023-12-10 23:00:00+00:00,1,13.0435,13.298732322779912
AT,AKC,urban,2023-12-11 00:00:00+00:00,1,17.421,12.197655403306658
AT,AKC,urban,2023-12-11 01:00:00+00:00,1,18.9445,15.756557104528468
AT,AKC,urban,2023-12-11 02:00:00+00:00,1,17.885,17.059305382273124
AT,AKC,urban,2023-12-11 03:00:00+00:00,1,19.7325,17.425865245346856
AT,AKC,urban,2023-12-11 04:00:00+00:00,1,21.044,17.92514762860411
AT,AKC,urban,2023-12-11 05:00:00+00:00,1,19.9105,19.60569247930266
AT,AKC,urban,2023-12-11 06:00:00+00:00,1,19.9295,19.66385231887231
AT,AKC,urban,2023-12-11 07:00:00+00:00,1,22.7105,18.74932074765097
AT,AKC,urban,2023-12-11 08:00:00+00:00,1,23.677,22.055180781429257
AT,AKC,urban,2023-12-11 09:00:00+00:00,1,23.4345,22.408828687965002
AT,AKC,urban,2023-12-11 10:00:00+00:00,1,25.1225,22.457996953437362
AT,AKC,urban,2023-12-11 11:00:00+00:00,1,23.224,23.783939851520373
AT,AKC,urban,2023-12-11 12:00:00+00:00,1,22.4815,22.3857957604236
AT,AKC,urban,2023-12-11 13:00:00+00:00,1,23.327,21.223422028857605
AT,AKC,urban,2023-12-11 14:00:00+00:00,1,28.163,22.643438433987164
AT,AKC,urban,2023-12-11 15:00:00+00:00,1,23.351,26.723432180033413
AT,AKC,urban,2023-12-11 16:00:00+00:00,1,24.9725,22.61822683561431
AT,AKC,urban,2023-12-11 17:00:00+00:00,1,25.698,24.41245529767457
AT,AKC,urban,2023-12-11 18:00:00+00:00,1,23.905,25.095837418752925
AT,AKC,urban,2023-12-11 19:00:00+00:00,1,10.93255,24.168818421910476
AT,AKC,urban,2023-12-11 20:00:00+00:00,1,2.530449,10.998707070861073
AT,AKC,urban,2023-12-11 21:00:00+00:00,1,2.410749,2.2420886339725214
AT,AKC,urban,2023-12-11 22:00:00+00:00,1,2.6153,2.992938525927819
AT,AKC,urban,2023-12-11 23:00:00+00:00,1,2.847599,3.568755457631596
AT,AKC,urban,2023-12-12 00:00:00+00:00,1,3.06375,3.957149806025779
AT,AKC,urban,2023-12-12 01:00:00+00:00,1,3.173049,4.20057303347291
AT,AKC,urban,2023-12-12 02:00:00+00:00,1,3.17,4.188574201889033
AT,AKC,urban,2023-12-12 03:00:00+00:00,1,3.3073,3.7854817336161055
AT,AKC,urban,2023-12-12 04:00:00+00:00,1,4.6855,4.320672157703182
AT,AKC,urban,2023-12-12 05:00:00+00:00,1,6.845,6.798888913955761
AT,AKC,urban,2023-12-12 06:00:00+00:00,1,7.25375,10.886784919523553
AT,AKC,urban,2023-12-12 07:00:00+00:00,1,6.782599,7.69606254846293
AT,AKC,urban,2023-12-12 08:00:00+00:00,1,6.9484,7.965531956230649
AT,AKC,urban,2023-12-12 09:00:00+00:00,1,7.001699,8.011614029923788
AT,AKC,urban,2023-12-12 10:00:00+00:00,1,5.841099,7.517674224978304
AT,AKC,urban,2023-12-12 11:00:00+00:00,1,8.2574,5.073363409593565
AT,AKC,urban,2023-12-12 12:00:00+00:00,1,8.727749,9.353339076279816
AT,AKC,urban,2023-12-12 13:00:00+00:00,1,9.367899,9.045021016968416
AT,AKC,urban,2023-12-12 14:00:00+00:00,1,10.12995,10.71813303099496
AT,AKC,urban,2023-12-12 15:00:00+00:00,1,9.206649,10.9328099516082
AT,AKC,urban,2023-12-12 16:00:00+00:00,1,9.47735,9.503003983392432
AT,AKC,urban,2023-12-12 17:00:00+00:00,1,11.3955,8.609523454796506
AT,AKC,urban,2023-12-12 18:00:00+00:00,1,13.376,12.28445695574391
AT,AKC,urban,2023-12-12 19:00:00+00:00,1,16.223,12.807218791871154
AT,AKC,urban,2023-12-12 20:00:00+00:00,1,16.0255,13.959759443932931
AT,AKC,urban,2023-12-12 21:00:00+00:00,1,17.746,14.486215975050882
AT,AKC,urban,2023-12-12 22:00:00+00:00,1,19.5415,16.393863599895802
AT,AKC,urban,2023-12-12 23:00:00+00:00,1,19.989,18.34195887228121
AT,AKC,urban,2023-12-13 00:00:00+00:00,1,18.847,18.655204233623287
AT,AKC,urban,2023-12-13 01:00:00+00:00,1,19.5425,17.762723453939834
AT,AKC,urban,2023-12-13 02:00:00+00:00,1,20.4155,18.45928649043088
AT,AKC,urban,2023-12-13 03:00:00+00:00,1,21.383,19.34840885925496
AT,AKC,urban,2023-12-13 04:00:00+00:00,1,20.3855,20.87741691566251
AT,AKC,urban,2023-12-13 05:00:00+00:00,1,24.8025,19.966853551498787
AT,AKC,urban,2023-12-13 06:00:00+00:00,1,24.1655,23.043006024634163
AT,AKC,urban,2023-12-13 07:00:00+00:00,1,22.938,22.592003612414544
AT,AKC,urban,2023-12-13 08:00:00+00:00,1,17.483,22.471873366331966
AT,AKC,urban,2023-12-13 09:00:00+00:00,1,22.668,17.29660069300857
AT,AKC,urban,2023-12-13 10:00:00+00:00,1,25.251,21.29742763558296
AT,AKC,urban,2023-12-13 11:00:00+00:00,1,25.6855,22.409678001308308
AT,AKC,urban,2023-12-13 12:00:00+00:00,1,26.479,23.75588029735151
AT,AKC,urban,2023-12-13 13:00:00+00:00,1,24.387,25.45368100501681
AT,AKC,urban,2023-12-13 14:00:00+00:00,1,23.23,23.641659199151565
AT,AKC,urban,2023-12-13 15:00:00+00:00,1,22.16,23.09307957999107
AT,AKC,urban,2023-12-13 16:00:00+00:00,1,24.5575,22.348408182269278
AT,AKC,urban,2023-12-13 17:00:00+00:00,1,25.6605,24.27187330381633
AT,AKC,urban,2023-12-13 18:00:00+00:00,1,22.626,25.048975924265044
AT,AKC,urban,2023-12-13 19:00:00+00:00,1,23.7475,22.224898242641835
AT,AKC,urban,2023-12-13 20:00:00+00:00,1,23.4605,23.428840096199867
AT,AKC,urban,2023-12-13 21:00:00+00:00,1,16.207,23.365256702792742
AT,AKC,urban,2023-12-13 22:00:00+00:00,1,18.359,16.6700039511494
AT,AKC,urban,2023-12-13 23:00:00+00:00,1,19.417,18.33489629033085
AT,AKC,urban,2023-12-14 00:00:00+00:00,1,20.4765,19.01712798642265
AT,AKC,urban,2023-12-14 01:00:00+00:00,1,20.0435,19.856777334166363
AT,AKC,urban,2023-12-14 02:00:00+00:00,1,19.1405,19.771022959390674
AT,AKC,urban,2023-12-14 03:00:00+00:00,1,14.4875,19.210982506447035
AT,AKC,urban,2023-12-14 04:00:00+00:00,1,8.710299,14.680892941298882
AT,AKC,urban,2023-12-14 05:00:00+00:00,1,5.548799,9.61052044183495
AT,AKC,urban,2023-12-14 06:00:00+00:00,1,3.00005,6.852947439239092
AT,AKC,urban,2023-12-14 07:00:00+00:00,1,4.439199,4.242190582243005
AT,AKC,urban,2023-12-14 08:00:00+00:00,1,3.10435,5.608584529855133
AT,AKC,urban,2023-12-14 09:00:00+00:00,1,2.901249,4.876093739679323
AT,AKC,urban,2023-12-14 10:00:00+00:00,1,2.897399,4.032989925110712
AT,AKC,urban,2023-12-14 11:00:00+00:00,1,5.77025,3.5246344257716338
AT,AKC,urban,2023-12-14 12:00:00+00:00,1,4.8021,6.500131392317453
AT,AKC,urban,2023-12-14 13:00:00+00:00,1,4.5535,4.789190123529313
AT,AKC,urban,2023-12-14 14:00:00+00:00,1,5.55515,5.307122645109942
AT,AKC,urban,2023-12-14 15:00:00+00:00,1,7.036099,6.573735531911662
AT,AKC,urban,2023-12-14 16:00:00+00:00,1,9.392299,7.163854636710248
AT,AKC,urban,2023-12-14 17:00:00+00:00,1,8.83465,9.078252464911685
AT,AKC,urban,2023-12-14 18:00:00+00:00,1,7.926,8.694907095720058
AT,AKC,urban,2023-12-14 19:00:00+00:00,1,8.08435,8.23830002874444
AT,AKC,urban,2023-12-14 20:00:00+00:00,1,8.70495,8.383883219550501
AT,AKC,urban,2023-12-14 21:00:00+00:00,1,8.305549,9.015510948057322
AT,AKC,urban,2023-12-14 22:00:00+00:00,1,7.106849,8.535062419870016
AT,AKC,urban,2023-12-14 23:00:00+00:00,1,4.977299,7.371750381896202
AT,AKC,urban,2023-12-15 00:00:00+00:00,1,4.591499,5.536340023141264
AT,AKC,urban,2023-12-15 01:00:00+00:00,1,4.674699,5.017004659364428
AT,AKC,urban,2023-12-15 02:00:00+00:00,1,3.658499,5.0004743636286335
AT,AKC,urban,2023-12-15 03:00:00+00:00,1,3.76025,3.894360328025325
AT,AKC,urban,2023-12-15 04:00:00+00:00,1,4.04085,4.046598195649047
AT,AKC,urban,2023-12-15 05:00:00+00:00,1,5.02215,4.200653194474292
AT,AKC,urban,2023-12-15 06:00:00+00:00,1,5.760199,5.229791060191573
AT,AKC,urban,2023-12-15 07:00:00+00:00,1,4.620249,5.837637205652911
AT,AKC,urban,2023-12-15 08:00:00+00:00,1,5.2722,5.019704781129779
AT,AKC,urban,2023-12-15 09:00:00+00:00,1,6.4219,6.14286422619028
AT,AKC,urban,2023-12-15 10:00:00+00:00,1,8.569,6.704282820962796
AT,AKC,urban,2023-12-15 11:00:00+00:00,1,7.249449,8.526544911202055
AT,AKC,urban,2023-12-15 12:00:00+00:00,1,7.899549,7.747727927271956
AT,AKC,urban,2023-12-15 13:00:00+00:00,1,7.994649,8.702678044404156
AT,AKC,urban,2023-12-15 14:00:00+00:00,1,5.37555,8.899158088866667
AT,AKC,urban,2023-12-15 15:00:00+00:00,1,5.478899,5.482399163477766
AT,AKC,urban,2023-12-15 16:00:00+00:00,1,6.19525,6.0195503308316205
AT,AKC,urban,2023-12-15 17:00:00+00:00,1,6.3576,6.718330285288939
AT,AKC,urban,2023-12-15 18:00:00+00:00,1,8.37555,7.067855519827088
AT,AKC,urban,2023-12-15 19:00:00+00:00,1,9.382699,8.654435367435205
AT,AKC,urban,2023-12-15 20:00:00+00:00,1,9.52795,9.366525024628302
AT,AKC,urban,2023-12-15 21:00:00+00:00,1,8.658199,9.7199911787074
AT,AKC,urban,2023-12-15 22:00:00+00:00,1,8.5016,8.9071200858764
AT,AKC,urban,2023-12-15 23:00:00+00:00,1,8.312049,8.713956093737139
AT,AKC,urban,2023-12-16 00:00:00+00:00,1,9.5155,8.512780839603852
AT,AKC,urban,2023-12-16 01:00:00+00:00,1,9.344099,9.562803959160146
AT,AKC,urban,2023-12-16 02:00:00+00:00,1,10.653,9.350771803968605
AT,AKC,urban,2023-12-16 03:00:00+00:00,1,9.9874,10.599145367402183
AT,AKC,urban,2023-12-16 04:00:00+00:00,1,10.945,9.884966932102962
AT,AKC,urban,2023-12-16 05:00:00+00:00,1,11.1355,11.367425814447337
AT,AKC,urban,2023-12-16 06:00:00+00:00,1,10.7775,11.245004711206715
AT,AKC,urban,2023-12-16 07:00:00+00:00,1,8.622249,10.767070399146004
AT,AKC,urban,2023-12-16 08:00:00+00:00,1,7.144949,8.580638787976621
AT,AKC,urban,2023-12-16 09:00:00+00:00,1,6.86915,7.3003088842889134
AT,AKC,urban,2023-12-16 10:00:00+00:00,1,5.517149,7.030011445648739
AT,AKC,urban,2023-12-16 11:00:00+00:00,1,6.769199,5.808091416865274
AT,AKC,urban,2023-12-16 12:00:00+00:00,1,9.6756,7.006983940757291
AT,AKC,urban,2023-12-16 13:00:00+00:00,1,11.2775,9.3809808313916
AT,AKC,urban,2023-12-16 14:00:00+00:00,1,12.8395,10.894326433638096
AT,AKC,urban,2023-12-16 15:00:00+00:00,1,13.353,12.681674291200736
AT,AKC,urban,2023-12-16 16:00:00+00:00,1,13.3825,12.859744014850357
AT,AKC,urban,2023-12-16 17:00:00+00:00,1,13.713,13.228662019213896
AT,AKC,urban,2023-12-16 18:00:00+00:00,1,14.231,13.651366011736162
AT,AKC,urban,2023-12-16 19:00:00+00:00,1,13.5075,14.209423435278602
AT,AKC,urban,2023-12-16 20:00:00+00:00,1,12.9495,13.449358889204849
AT,AKC,urban,2023-12-16 21:00:00+00:00,1,13.366,12.955432286095146
AT,AKC,urban,2023-12-16 22:00:00+00:00,1,9.80405,13.640752332337176
AT,AKC,urban,2023-12-16 23:00:00+00:00,1,8.916099,9.869342236354147
AT,AKC,urban,2023-12-17 00:00:00+00:00,1,8.90285,9.258652653497311
AT,AKC,urban,2023-12-17 01:00:00+00:00,1,8.477899,8.843432788400001
AT,AKC,urban,2023-12-17 02:00:00+00:00,1,8.202099,8.642719604393982
AT,AKC,urban,2023-12-17 03:00:00+00:00,1,7.81395,8.192970270422972
AT,AKC,urban,2023-12-17 04:00:00+00:00,1,7.102749,7.847826458089987
AT,AKC,urban,2023-12-17 05:00:00+00:00,1,6.167949,7.258210351664918
AT,AKC,urban,2023-12-17 06:00:00+00:00,1,4.47695,6.338089322073383
AT,AKC,urban,2023-12-17 07:00:00+00:00,1,4.3906,4.664555346420965
AT,AKC,urban,2023-12-17 08:00:00+00:00,1,3.876699,4.675079065794478
AT,AKC,urban,2023-12-17 09:00:00+00:00,1,3.208849,4.171376142574189
AT,AKC,urban,2023-12-17 10:00:00+00:00,1,2.6693,3.6279326974724064
AT,AKC,urban,2023-12-17 11:00:00+00:00,1,2.574349,3.3035612576667575
AT,AKC,urban,2023-12-17 12:00:00+00:00,1,2.534349,3.279224488628042
AT,AKC,urban,2023-12-17 13:00:00+00:00,1,2.5861,3.5329107684528687
AT,AKC,urban,2023-12-17 14:00:00+00:00,1,3.361799,3.305301366623322
AT,AKC,urban,2023-12-17 15:00:00+00:00,1,5.0071,4.117655639477611
AT,AKC,urban,2023-12-17 16:00:00+00:00,1,9.5079,5.79869500971019
AT,AKC,urban,2023-12-17 17:00:00+00:00,1,17.5405,10.740185984610545
AT,AKC,urban,2023-12-17 18:00:00+00:00,1,19.225,17.711238600238893
AT,AKC,urban,2023-12-17 19:00:00+00:00,1,20.1005,17.874153274053818
AT,AKC,urban,2023-12-17 20:00:00+00:00,1,19.243,18.896645849782516
AT,AKC,urban,2023-12-17 21:00:00+00:00,1,19.671,17.93409519707518
AT,AKC,urban,2023-12-17 22:00:00+00:00,1,20.343,18.24106004093144
AT,AKC,urban,2023-12-17 23:00:00+00:00,1,16.9195,19.03494426204142
AT,AKC,urban,2023-12-18 00:00:00+00:00,1,15.706,15.836724816860688
AT,AKC,urban,2023-12-18 01:00:00+00:00,1,16.3415,14.781679373703842
AT,AKC,urban,2023-12-18 02:00:00+00:00,1,18.968,15.437179937131884
AT,AKC,urban,2023-12-18 03:00:00+00:00,1,18.9415,17.449086608448905
AT,AKC,urban,2023-12-18 04:00:00+00:00,1,20.214,17.424859451084398
AT,AKC,urban,2023-12-18 05:00:00+00:00,1,22.4115,18.818241149470502
AT,AKC,urban,2023-12-18 06:00:00+00:00,1,25.084,21.10870433994077
AT,AKC,urban,2023-12-18 07:00:00+00:00,1,27.8925,23.485751574224025
AT,AKC,urban,2023-12-18 08:00:00+00:00,1,25.7585,25.763415923147804
AT,AKC,urban,2023-12-18 09:00:00+00:00,1,7.44395,24.31789483671414
AT,AKC,urban,2023-12-18 10:00:00+00:00,1,11.4907,6.093380607203478
AT,AKC,urban,2023-12-18 11:00:00+00:00,1,5.941599,9.233855218186392
AT,AKC,urban,2023-12-18 12:00:00+00:00,1,5.8232,6.931363205608136
AT,AKC,urban,2023-12-18 13:00:00+00:00,1,4.772649,6.2871503061494955
AT,AKC,urban,2023-12-18 14:00:00+00:00,1,10.49635,6.592675956935704
AT,AKC,urban,2023-12-18 15:00:00+00:00,1,8.358749,12.124462222960666
AT,AKC,urban,2023-12-18 16:00:00+00:00,1,6.91655,10.422553049925678
AT,AKC,urban,2023-12-18 17:00:00+00:00,1,13.90135,8.144660047063415
AT,AKC,urban,2023-12-18 18:00:00+00:00,1,23.8985,14.690255761687823
AT,AKC,urban,2023-12-18 19:00:00+00:00,1,27.827,21.642921417744077
AT,AKC,urban,2023-12-18 20:00:00+00:00,1,27.9675,24.958319518966423
AT,AKC,urban,2023-12-18 21:00:00+00:00,1,27.982,26.00477779076648
AT,AKC,urban,2023-12-18 22:00:00+00:00,1,26.4535,26.630191097243383
AT,AKC,urban,2023-12-18 23:00:00+00:00,1,27.866,24.85449490281423
AT,AKC,urban,2023-12-19 00:00:00+00:00,1,25.6925,26.320554083545083
AT,AKC,urban,2023-12-19 01:00:00+00:00,1,24.9215,24.45726819625176
AT,AKC,urban,2023-12-19 02:00:00+00:00,1,23.4835,24.156150262156164
AT,AKC,urban,2023-12-19 03:00:00+00:00,1,4.888249,22.31846692451073
AT,AKC,urban,2023-12-19 04:00:00+00:00,1,14.6502,4.743591853479462
AT,AKC,urban,2023-12-19 05:00:00+00:00,1,26.1465,14.87425353432026
AT,AKC,urban,2023-12-19 06:00:00+00:00,1,29.6805,22.176655691028994
AT,AKC,urban,2023-12-19 07:00:00+00:00,1,25.5335,26.5245579996783
AT,AKC,urban,2023-12-19 08:00:00+00:00,1,28.627,23.58251939748643
AT,AKC,urban,2023-12-19 09:00:00+00:00,1,29.7125,26.418582797820342
AT,AKC,urban,2023-12-19 10:00:00+00:00,1,31.56,27.096861338858876
AT,AKC,urban,2023-12-19 11:00:00+00:00,1,33.2775,29.678342903946348
AT,AKC,urban,2023-12-19 12:00:00+00:00,1,25.985,31.29773686696191
AT,AKC,urban,2023-12-19 13:00:00+00:00,1,32.283,25.54018621796834
AT,AKC,urban,2023-12-19 14:00:00+00:00,1,28.1705,30.781101712264146
AT,AKC,urban,2023-12-19 15:00:00+00:00,1,30.879,26.63659142447914
AT,AKC,urban,2023-12-19 16:00:00+00:00,1,36.8,29.48749814450953
AT,AKC,urban,2023-12-19 17:00:00+00:00,1,39.527,34.57140151161305
AT,AKC,urban,2023-12-19 18:00:00+00:00,1,36.7065,36.79581093180292
AT,AKC,urban,2023-12-19 19:00:00+00:00,1,33.909,35.46763620082971
AT,AKC,urban,2023-12-19 20:00:00+00:00,1,36.689,32.94422319498687
AT,AKC,urban,2023-12-19 21:00:00+00:00,1,35.1745,35.446427216389665
AT,AKC,urban,2023-12-19 22:00:00+00:00,1,31.7065,33.981881984532656
AT,AKC,urban,2023-12-19 23:00:00+00:00,1,33.008,30.739043733107547
AT,AKC,urban,2023-12-20 00:00:00+00:00,1,28.667,31.46478681870309
AT,AKC,urban,2023-12-20 01:00:00+00:00,1,25.9415,27.729972302118732
AT,AKC,urban,2023-12-20 02:00:00+00:00,1,24.648,25.37542992584214
AT,AKC,urban,2023-12-20 03:00:00+00:00,1,26.472,24.04558849609783
AT,AKC,urban,2023-12-20 04:00:00+00:00,1,7.818099,25.644722313530306
AT,AKC,urban,2023-12-20 05:00:00+00:00,1,8.549799,8.901352902159786
AT,AKC,urban,2023-12-20 06:00:00+00:00,1,6.419699,9.437389918091359
AT,AKC,urban,2023-12-20 07:00:00+00:00,1,6.07145,7.226832059677793
AT,AKC,urban,2023-12-20 08:00:00+00:00,1,4.64935,6.258377241661854
AT,AKC,urban,2023-12-20 09:00:00+00:00,1,3.9017,5.194939286921283
AT,AKC,urban,2023-12-20 10:00:00+00:00,1,3.910049,4.876686860999495
AT,AKC,urban,2023-12-20 11:00:00+00:00,1,3.2978,4.746641448530802
AT,AKC,urban,2023-12-20 12:00:00+00:00,1,3.1435,4.105647629310525
AT,AKC,urban,2023-12-20 13:00:00+00:00,1,3.401649,4.71677975330331
AT,AKC,urban,2023-12-20 14:00:00+00:00,1,2.899799,4.715325280508647
AT,AKC,urban,2023-12-20 15:00:00+00:00,1,3.492549,4.545609052291471
AT,AKC,urban,2023-12-20 16:00:00+00:00,1,3.134399,5.011709504769346
AT,AKC,urban,2023-12-20 17:00:00+00:00,1,3.458449,4.401790644339378
AT,AKC,urban,2023-12-20 18:00:00+00:00,1,3.516149,4.289991271803011
AT,AKC,urban,2023-12-20 19:00:00+00:00,1,4.361549,4.032752483810139
AT,AKC,urban,2023-12-20 20:00:00+00:00,1,3.7477,4.880946647972461
AT,AKC,urban,2023-12-20 21:00:00+00:00,1,3.21925,4.109080232531998
AT,AKC,urban,2023-12-20 22:00:00+00:00,1,3.033999,3.46720676334861
AT,AKC,urban,2023-12-20 23:00:00+00:00,1,2.30445,3.1592353405867826
AT,AKC,urban,2023-12-21 00:00:00+00:00,1,2.18945,2.186168471018032
AT,AKC,urban,2023-12-21 01:00:00+00:00,1,1.944399,2.0789352821461833
AT,AKC,urban,2023-12-21 02:00:00+00:00,1,2.070199,1.852952506422053
AT,AKC,urban,2023-12-21 03:00:00+00:00,1,1.7836,1.891018097266997
AT,AKC,urban,2023-12-21 04:00:00+00:00,1,2.67645,1.5521434909086267
AT,AKC,urban,2023-12-21 05:00:00+00:00,1,4.0061,2.71310686143838
AT,AKC,urban,2023-12-21 06:00:00+00:00,1,3.79005,3.537807747894707
AT,AKC,urban,2023-12-21 07:00:00+00:00,1,2.5141,3.4720433229407206
AT,AKC,urban,2023-12-21 08:00:00+00:00,1,2.02705,2.3886232402277123
AT,AKC,urban,2023-12-21 09:00:00+00:00,1,2.20755,1.8925694262525035
AT,AKC,urban,2023-12-21 10:00:00+00:00,1,2.236799,1.7793607345061524
AT,AKC,urban,2023-12-21 11:00:00+00:00,1,2.636549,1.8914047107886987
AT,AKC,urban,2023-12-21 12:00:00+00:00,1,2.529399,2.9684743893677776
AT,AKC,urban,2023-12-21 13:00:00+00:00,1,1.380899,2.4914574768964
AT,AKC,urban,2023-12-21 14:00:00+00:00,1,1.48185,1.1047435151724656
AT,AKC,urban,2023-12-21 15:00:00+00:00,1,1.248899,1.2375418349968896
AT,AKC,urban,2023-12-21 16:00:00+00:00,1,1.1895,1.1122029714700048
AT,AKC,urban,2023-12-21 17:00:00+00:00,1,1.21775,1.0888092935998586
AT,AKC,urban,2023-12-21 18:00:00+00:00,1,1.30795,1.0415339603423135
AT,AKC,urban,2023-12-21 19:00:00+00:00,1,1.167999,1.0437850746036936
AT,AKC,urban,2023-12-21 20:00:00+00:00,1,1.328199,0.8227926155361196
AT,AKC,urban,2023-12-21 21:00:00+00:00,1,1.378749,0.942997538793783
AT,AKC,urban,2023-12-21 22:00:00+00:00,1,1.20885,0.8672632081674969
AT,AKC,urban,2023-12-21 23:00:00+00:00,1,1.365649,0.9121442721141584
AT,AKC,urban,2023-12-22 00:00:00+00:00,1,1.588649,1.0918145762733928
AT,AKC,urban,2023-12-22 01:00:00+00:00,1,1.734699,1.21298551067132
AT,AKC,urban,2023-12-22 02:00:00+00:00,1,2.575799,1.4157256332421433
AT,AKC,urban,2023-12-22 03:00:00+00:00,1,1.782099,2.2327031920671594
AT,AKC,urban,2023-12-22 04:00:00+00:00,1,2.3947,1.6595647261053905
AT,AKC,urban,2023-12-22 05:00:00+00:00,1,2.65065,2.2089193075845657
AT,AKC,urban,2023-12-22 06:00:00+00:00,1,2.241699,2.459636266496158
AT,AKC,urban,2023-12-22 07:00:00+00:00,1,2.06515,2.10306013667698
AT,AKC,urban,2023-12-22 08:00:00+00:00,1,2.47345,1.9341062213046634
AT,AKC,urban,2023-12-22 09:00:00+00:00,1,2.254449,2.1570530724305748
AT,AKC,urban,2023-12-22 10:00:00+00:00,1,2.1202,1.9596109791703604
AT,AKC,urban,2023-12-22 11:00:00+00:00,1,1.654399,1.6973445410998274
AT,AKC,urban,2023-12-22 12:00:00+00:00,1,1.9656,1.0764876664285907
AT,AKC,urban,2023-12-22 13:00:00+00:00,1,1.97335,1.5930519128097522
AT,AKC,urban,2023-12-22 14:00:00+00:00,1,1.5787,1.324286333637204
AT,AKC,urban,2023-12-22 15:00:00+00:00,1,1.315249,1.373365202085683
AT,AKC,urban,2023-12-22 16:00:00+00:00,1,1.378649,1.2386623026058352
AT,AKC,urban,2023-12-22 17:00:00+00:00,1,1.522199,1.6030027466940275
AT,AKC,urban,2023-12-22 18:00:00+00:00,1,2.0425,1.7676590393564382
AT,AKC,urban,2023-12-22 19:00:00+00:00,1,3.155849,2.4840670488996786
AT,AKC,urban,2023-12-22 20:00:00+00:00,1,2.9892,3.457653273640368
AT,AKC,urban,2023-12-22 21:00:00+00:00,1,1.013579,2.8388151791718528
AT,AKC,urban,2023-12-22 22:00:00+00:00,1,0.976999,-0.05287048929214677
AT,AKC,urban,2023-12-22 23:00:00+00:00,1,0.851289,0.7573550090776635
AT,AKC,urban,2023-12-23 00:00:00+00:00,1,0.728595,0.7263285454009214
AT,AKC,urban,2023-12-23 01:00:00+00:00,1,0.66227,0.9884901569443372
AT,AKC,urban,2023-12-23 02:00:00+00:00,1,0.728705,0.8038086253162575
AT,AKC,urban,2023-12-23 03:00:00+00:00,1,0.724815,0.8784915456607401
AT,AKC,urban,2023-12-23 04:00:00+00:00,1,0.808229,0.7115166532624748
AT,AKC,urban,2023-12-23 05:00:00+00:00,1,1.021699,0.6395993825182735
AT,AKC,urban,2023-12-23 06:00:00+00:00,1,1.096899,1.0516398456436242
AT,AKC,urban,2023-12-23 07:00:00+00:00,1,1.284049,0.9513948767464271
AT,AKC,urban,2023-12-23 08:00:00+00:00,1,1.54115,1.2523925262673075
AT,AKC,urban,2023-12-23 09:00:00+00:00,1,4.034199,1.5208684624355477
AT,AKC,urban,2023-12-23 10:00:00+00:00,1,5.3125,5.44022207461099
AT,AKC,urban,2023-12-23 11:00:00+00:00,1,3.312849,6.416242539563633
AT,AKC,urban,2023-12-23 12:00:00+00:00,1,2.6526,2.3673441785422114
AT,AKC,urban,2023-12-23 13:00:00+00:00,1,1.1798,2.578312629030851
AT,AKC,urban,2023-12-23 14:00:00+00:00,1,1.21235,0.27083919430871006
AT,AKC,urban,2023-12-23 15:00:00+00:00,1,2.467149,0.9563770709520405
AT,AKC,urban,2023-12-23 16:00:00+00:00,1,2.623399,2.2610316609007413
AT,AKC,urban,2023-12-23 17:00:00+00:00,1,1.826349,2.8246630799926145
AT,AKC,urban,2023-12-23 18:00:00+00:00,1,2.1475,1.6183021955949002
AT,AKC,urban,2023-12-23 19:00:00+00:00,1,2.563349,2.167646933582901
AT,AKC,urban,2023-12-23 20:00:00+00:00,1,1.36415,2.5052055569127525
AT,AKC,urban,2023-12-23 21:00:00+00:00,1,1.1059,0.8025672137351378
AT,AKC,urban,2023-12-23 22:00:00+00:00,1,1.09645,1.0066528362506268
AT,AKC,urban,2023-12-23 23:00:00+00:00,1,1.10415,0.8924855932460112
AT,AKC,urban,2023-12-24 00:00:00+00:00,1,1.187,0.9047117798048099
AT,AKC,urban,2023-12-24 01:00:00+00:00,1,1.235499,0.971481555800235
AT,AKC,urban,2023-12-24 02:00:00+00:00,1,1.156049,0.898172225251173
AT,AKC,urban,2023-12-24 03:00:00+00:00,1,1.136399,0.7762928989459823
AT,AKC,urban,2023-12-24 04:00:00+00:00,1,1.045199,0.6414809825793384
AT,AKC,urban,2023-12-24 05:00:00+00:00,1,1.163349,0.6183855444590947
AT,AKC,urban,2023-12-24 06:00:00+00:00,1,1.3054,0.6937759840224373
AT,AKC,urban,2023-12-24 07:00:00+00:00,1,1.43385,0.8530641394517602
AT,AKC,urban,2023-12-24 08:00:00+00:00,1,1.400799,0.8365670605314719
AT,AKC,urban,2023-12-24 09:00:00+00:00,1,1.43735,0.8240414618139162
AT,AKC,urban,2023-12-24 10:00:00+00:00,1,1.433799,0.9399213494924474
AT,AKC,urban,2023-12-24 11:00:00+00:00,1,1.29855,1.162144321589178
AT,AKC,urban,2023-12-24 12:00:00+00:00,1,1.2978,1.037026138341762
AT,AKC,urban,2023-12-24 13:00:00+00:00,1,1.7501,1.1993775007973113
AT,AKC,urban,2023-12-24 14:00:00+00:00,1,1.723999,1.565170702367812
AT,AKC,urban,2023-12-24 15:00:00+00:00,1,1.5089,1.702040213884409
AT,AKC,urban,2023-12-24 16:00:00+00:00,1,1.560299,1.452794877367463
AT,AKC,urban,2023-12-24 17:00:00+00:00,1,1.62265,1.4236279021725018
AT,AKC,urban,2023-12-24 18:00:00+00:00,1,1.654,1.4021829871464462
AT,AKC,urban,2023-12-24 19:00:00+00:00,1,1.59675,1.5563896086151985
AT,AKC,urban,2023-12-24 20:00:00+00:00,1,1.328649,1.530576215378133
AT,AKC,urban,2023-12-24 21:00:00+00:00,1,1.52465,1.1341759833284648
AT,AKC,urban,2023-12-24 22:00:00+00:00,1,1.53075,1.4247190587905685
AT,AKC,urban,2023-12-24 23:00:00+00:00,1,1.556149,1.2364007299680217
AT,AKC,urban,2023-12-25 00:00:00+00:00,1,1.516999,1.1923869417574053
AT,AKC,urban,2023-12-25 01:00:00+00:00,1,1.444949,1.0133083618408847
AT,AKC,urban,2023-12-25 02:00:00+00:00,1,1.36465,0.8394504710990951
AT,AKC,urban,2023-12-25 03:00:00+00:00,1,1.2867,0.802853289352857
AT,AKC,urban,2023-12-25 04:00:00+00:00,1,1.2193,0.7799524090159657
AT,AKC,urban,2023-12-25 05:00:00+00:00,1,1.35885,0.7217313075803098
AT,AKC,urban,2023-12-25 06:00:00+00:00,1,1.4544,0.9141339925160921
AT,AKC,urban,2023-12-25 07:00:00+00:00,1,1.560149,0.9481396526494308
AT,AKC,urban,2023-12-25 08:00:00+00:00,1,1.709949,1.03666010992891
AT,AKC,urban,2023-12-25 09:00:00+00:00,1,1.766099,1.139498798439952
AT,AKC,urban,2023-12-25 10:00:00+00:00,1,1.832849,1.1581330681311606
AT,AKC,urban,2023-12-25 11:00:00+00:00,1,1.91595,1.3755297620064653
AT,AKC,urban,2023-12-25 12:00:00+00:00,1,1.90455,1.4481493755566461
AT,AKC,urban,2023-12-25 13:00:00+00:00,1,1.959549,1.4391720657605696
AT,AKC,urban,2023-12-25 14:00:00+00:00,1,2.123149,1.551134563597131
AT,AKC,urban,2023-12-25 15:00:00+00:00,1,2.338349,1.6313584500046154
AT,AKC,urban,2023-12-25 16:00:00+00:00,1,2.4994,2.039210596239485
AT,AKC,urban,2023-12-25 17:00:00+00:00,1,2.220849,2.3355720445631896
AT,AKC,urban,2023-12-25 18:00:00+00:00,1,2.330049,1.8570156401532039
AT,AKC,urban,2023-12-25 19:00:00+00:00,1,1.98385,2.159263191716331
AT,AKC,urban,2023-12-25 20:00:00+00:00,1,2.014149,1.69284766156834
AT,AKC,urban,2023-12-25 21:00:00+00:00,1,2.071199,1.8401407478179692
AT,AKC,urban,2023-12-25 22:00:00+00:00,1,2.30955,1.8727630058025184
AT,AKC,urban,2023-12-25 23:00:00+00:00,1,2.25915,2.134604099543356
AT,AKC,urban,2023-12-26 00:00:00+00:00,1,2.157949,1.9509161569079474
AT,AKC,urban,2023-12-26 01:00:00+00:00,1,1.954299,1.8902200523983232
AT,AKC,urban,2023-12-26 02:00:00+00:00,1,1.841449,1.9219250725947035
AT,AKC,urban,2023-12-26 03:00:00+00:00,1,1.874699,1.500320250201959
AT,AKC,urban,2023-12-26 04:00:00+00:00,1,2.073699,1.5734346548702653
AT,AKC,urban,2023-12-26 05:00:00+00:00,1,2.3701,1.8325531141044493
AT,AKC,urban,2023-12-26 06:00:00+00:00,1,2.330999,1.8069634861133714
AT,AKC,urban,2023-12-26 07:00:00+00:00,1,2.64545,1.5601936981891278
AT,AKC,urban,2023-12-26 08:00:00+00:00,1,3.024149,1.9822691340941567
AT,AKC,urban,2023-12-26 09:00:00+00:00,1,3.00995,2.2307507086636456
AT,AKC,urban,2023-12-26 10:00:00+00:00,1,3.029649,2.442780019747463
AT,AKC,urban,2023-12-26 11:00:00+00:00,1,2.93825,2.565630877209749
AT,AKC,urban,2023-12-26 12:00:00+00:00,1,3.3036,2.5990505843638374
AT,AKC,urban,2023-12-26 13:00:00+00:00,1,3.3933,3.0042233134260456
AT,AKC,urban,2023-12-26 14:00:00+00:00,1,2.913899,3.1552183231970474
AT,AKC,urban,2023-12-26 15:00:00+00:00,1,2.802899,2.7625175745707296
AT,AKC,urban,2023-12-26 16:00:00+00:00,1,2.555249,2.8003053554417967
AT,AKC,urban,2023-12-26 17:00:00+00:00,1,2.4851,2.6089058900725277
AT,AKC,urban,2023-12-26 18:00:00+00:00,1,3.4828,2.680651226997032
AT,AKC,urban,2023-12-26 19:00:00+00:00,1,4.03805,3.5000854913574138
AT,AKC,urban,2023-12-26 20:00:00+00:00,1,3.787799,3.9654642428302616
AT,AKC,urban,2023-12-26 21:00:00+00:00,1,3.32165,3.810788768741066
AT,AKC,urban,2023-12-26 22:00:00+00:00,1,3.42175,3.4947270891598023
AT,AKC,urban,2023-12-26 23:00:00+00:00,1,3.29185,3.6384250632348802
AT,AKC,urban,2023-12-27 00:00:00+00:00,1,3.678999,3.3738394290112055
AT,AKC,urban,2023-12-27 01:00:00+00:00,1,3.850899,3.7172007514091305
AT,AKC,urban,2023-12-27 02:00:00+00:00,1,3.3431,3.7259593905274
AT,AKC,urban,2023-12-27 03:00:00+00:00,1,2.919749,3.394803058639166
AT,AKC,urban,2023-12-27 04:00:00+00:00,1,2.854199,3.19274380199424
AT,AKC,urban,2023-12-27 05:00:00+00:00,1,2.984899,3.1160912980402813
AT,AKC,urban,2023-12-27 06:00:00+00:00,1,3.79305,3.273418291720837
AT,AKC,urban,2023-12-27 07:00:00+00:00,1,4.563099,4.266962303924551
AT,AKC,urban,2023-12-27 08:00:00+00:00,1,5.729249,4.848404052879953
AT,AKC,urban,2023-12-27 09:00:00+00:00,1,5.72445,6.41949947268467
AT,AKC,urban,2023-12-27 10:00:00+00:00,1,4.224349,5.987902063319002
AT,AKC,urban,2023-12-27 11:00:00+00:00,1,4.1603,3.745432394422089
AT,AKC,urban,2023-12-27 12:00:00+00:00,1,3.4874,4.3296746646942665
AT,AKC,urban,2023-12-27 13:00:00+00:00,1,3.839,3.669924122494333
AT,AKC,urban,2023-12-27 14:00:00+00:00,1,5.64655,4.152053968060663
AT,AKC,urban,2023-12-27 15:00:00+00:00,1,12.9595,6.338803789180147
AT,AKC,urban,2023-12-27 16:00:00+00:00,1,9.3371,11.504722212384802
AT,AKC,urban,2023-12-27 17:00:00+00:00,1,11.646,8.610529596245645
AT,AKC,urban,2023-12-27 18:00:00+00:00,1,13.826,11.332512628682831
AT,AKC,urban,2023-12-27 19:00:00+00:00,1,14.6405,13.022301598492277
AT,AKC,urban,2023-12-27 20:00:00+00:00,1,14.4455,13.587243763852442
AT,AKC,urban,2023-12-27 21:00:00+00:00,1,14.5,14.00095932790111
AT,AKC,urban,2023-12-27 22:00:00+00:00,1,15.2145,14.137683648123097
AT,AKC,urban,2023-12-27 23:00:00+00:00,1,16.4665,14.526857392018183
AT,AKC,urban,2023-12-28 00:00:00+00:00,1,18.173,15.708723241718758
AT,AKC,urban,2023-12-28 01:00:00+00:00,1,20.5655,17.521181349841523
AT,AKC,urban,2023-12-28 02:00:00+00:00,1,21.429,18.03694110736609
AT,AKC,urban,2023-12-28 03:00:00+00:00,1,22.793,19.61264330836159
AT,AKC,urban,2023-12-28 04:00:00+00:00,1,24.394,21.03419202093004
AT,AKC,urban,2023-12-28 05:00:00+00:00,1,23.9975,22.794127573300674
AT,AKC,urban,2023-12-28 06:00:00+00:00,1,23.6535,22.850213104107198
AT,AKC,urban,2023-12-28 07:00:00+00:00,1,22.6255,23.017043518264916
AT,AKC,urban,2023-12-28 08:00:00+00:00,1,19.557,22.094091773765452
AT,AKC,urban,2023-12-28 09:00:00+00:00,1,18.2765,18.741942234968786
AT,AKC,urban,2023-12-28 10:00:00+00:00,1,17.387,17.110612568242573
AT,AKC,urban,2023-12-28 11:00:00+00:00,1,16.56,16.452650951578047
AT,AKC,urban,2023-12-28 12:00:00+00:00,1,15.554,15.955144977692965
AT,AKC,urban,2023-12-28 13:00:00+00:00,1,16.347,15.850950980698784
AT,AKC,urban,2023-12-28 14:00:00+00:00,1,19.3375,16.93316081544859
AT,AKC,urban,2023-12-28 15:00:00+00:00,1,21.821,19.239087214816305
AT,AKC,urban,2023-12-28 16:00:00+00:00,1,23.206,21.378210701081176
AT,AKC,urban,2023-12-28 17:00:00+00:00,1,26.489,22.746138625215906
AT,AKC,urban,2023-12-28 18:00:00+00:00,1,23.248,25.43246847850913
AT,AKC,urban,2023-12-28 19:00:00+00:00,1,24.1565,22.551128570720724
AT,AKC,urban,2023-12-28 20:00:00+00:00,1,24.596,23.61472923245992
AT,AKC,urban,2023-12-28 21:00:00+00:00,1,23.0555,24.02799154624615
AT,AKC,urban,2023-12-28 22:00:00+00:00,1,22.0865,22.658744199133515
AT,AKC,urban,2023-12-28 23:00:00+00:00,1,19.3075,21.627445950498377
AT,AKC,urban,2023-12-29 00:00:00+00:00,1,18.774,19.146974848733926
AT,AKC,urban,2023-12-29 01:00:00+00:00,1,20.5035,18.72486583913992
AT,AKC,urban,2023-12-29 02:00:00+00:00,1,19.4605,20.094298000142057
AT,AKC,urban,2023-12-29 03:00:00+00:00,1,7.919,18.86625296247872
AT,AKC,urban,2023-12-29 04:00:00+00:00,1,2.824199,7.879850406357669
AT,AKC,urban,2023-12-29 05:00:00+00:00,1,5.698049,3.0948729157176125
AT,AKC,urban,2023-12-29 06:00:00+00:00,1,11.8185,7.4127481364779015
AT,AKC,urban,2023-12-29 07:00:00+00:00,1,13.3615,11.798134399752993
AT,AKC,urban,2023-12-29 08:00:00+00:00,1,14.026,12.059168148945698
AT,AKC,urban,2023-12-29 09:00:00+00:00,1,13.5555,13.729597965253824
AT,AKC,urban,2023-12-29 10:00:00+00:00,1,3.215899,13.521353561530159
AT,AKC,urban,2023-12-29 11:00:00+00:00,1,3.308499,2.416763607281929
AT,AKC,urban,2023-12-29 12:00:00+00:00,1,3.796999,3.744897208437216
AT,AKC,urban,2023-12-29 13:00:00+00:00,1,3.827399,5.107680998410416
AT,AKC,urban,2023-12-29 14:00:00+00:00,1,3.666599,4.625401259758785
AT,AKC,urban,2023-12-29 15:00:00+00:00,1,5.49565,4.79555691732488
AT,AKC,urban,2023-12-29 16:00:00+00:00,1,10.80035,7.930120169384306
AT,AKC,urban,2023-12-29 17:00:00+00:00,1,4.285349,12.806677688258851
AT,AKC,urban,2023-12-29 18:00:00+00:00,1,4.704699,2.972497459456452
AT,AKC,urban,2023-12-29 19:00:00+00:00,1,11.1,5.058155647438721
AT,AKC,urban,2023-12-29 20:00:00+00:00,1,13.1755,11.906813026399298
AT,AKC,urban,2023-12-29 21:00:00+00:00,1,15.0265,13.702305305748848
AT,AKC,urban,2023-12-29 22:00:00+00:00,1,17.1135,14.421573454976112
AT,AKC,urban,2023-12-29 23:00:00+00:00,1,17.103,15.401912538995283
AT,AKC,urban,2023-12-30 00:00:00+00:00,1,15.5315,15.816964369102386
AT,AKC,urban,2023-12-30 01:00:00+00:00,1,4.188549,14.995560159604256
AT,AKC,urban,2023-12-30 02:00:00+00:00,1,2.15915,2.923177095560977
AT,AKC,urban,2023-12-30 03:00:00+00:00,1,2.13975,1.5109517045786482
AT,AKC,urban,2023-12-30 04:00:00+00:00,1,2.1124,2.0666329764705687
AT,AKC,urban,2023-12-30 05:00:00+00:00,1,2.294,2.365261675710247
AT,AKC,urban,2023-12-30 06:00:00+00:00,1,2.439849,2.532103341748172
AT,AKC,urban,2023-12-30 07:00:00+00:00,1,2.781599,2.347437597257148
AT,AKC,urban,2023-12-30 08:00:00+00:00,1,2.677449,2.521378810786185
AT,AKC,urban,2023-12-30 09:00:00+00:00,1,2.61135,2.172072792266299
AT,AKC,urban,2023-12-30 10:00:00+00:00,1,2.505549,2.1390450250866273
AT,AKC,urban,2023-12-30 11:00:00+00:00,1,2.35195,2.26101548054962
AT,AKC,urban,2023-12-30 12:00:00+00:00,1,2.46465,2.1863059428987803
AT,AKC,urban,2023-12-30 13:00:00+00:00,1,2.478049,2.657591423217731
AT,AKC,urban,2023-12-30 14:00:00+00:00,1,4.372799,2.7859515985025283
AT,AKC,urban,2023-12-30 15:00:00+00:00,1,5.155449,4.8861141287794965
AT,AKC,urban,2023-12-30 16:00:00+00:00,1,6.836299,5.971059268156207
AT,AKC,urban,2023-12-30 17:00:00+00:00,1,8.9402,7.977043991575531
AT,AKC,urban,2023-12-30 18:00:00+00:00,1,10.233,9.579251574704859
AT,AKC,urban,2023-12-30 19:00:00+00:00,1,13.1365,10.525988061838518
AT,AKC,urban,2023-12-30 20:00:00+00:00,1,12.821,13.63549994258107
AT,AKC,urban,2023-12-30 21:00:00+00:00,1,9.6335,12.465520458695323
AT,AKC,urban,2023-12-30 22:00:00+00:00,1,10.2266,9.502118728030826
AT,AKC,urban,2023-12-30 23:00:00+00:00,1,13.0055,10.452669389300823
AT,AKC,urban,2023-12-31 00:00:00+00:00,1,15.2385,12.456510618502193
AT,AKC,urban,2023-12-31 01:00:00+00:00,1,15.7235,13.980816327135077
AT,AKC,urban,2023-12-31 02:00:00+00:00,1,15.096,14.45537408344893
AT,AKC,urban,2023-12-31 03:00:00+00:00,1,15.4765,14.310482259145676
AT,AKC,urban,2023-12-31 04:00:00+00:00,1,23.6135,14.815730344208461
AT,AKC,urban,2023-12-31 05:00:00+00:00,1,28.1025,19.75771402708989
AT,AKC,urban,2023-12-31 06:00:00+00:00,1,28.232,24.092249685922756
AT,AKC,urban,2023-12-31 07:00:00+00:00,1,25.5025,24.882834562183675
AT,AKC,urban,2023-12-31 08:00:00+00:00,1,24.835,23.406742554074114
AT,AKC,urban,2023-12-31 09:00:00+00:00,1,25.217,23.187408915973972
AT,AKC,urban,2023-12-31 10:00:00+00:00,1,21.348,23.885184269953932
AT,AKC,urban,2023-12-31 11:00:00+00:00,1,19.787,19.841234303616417
AT,AKC,urban,2023-12-31 12:00:00+00:00,1,19.4085,18.67407481948705
AT,AKC,urban,2023-12-31 13:00:00+00:00,1,19.59,18.550214246122174
AT,AKC,urban,2023-12-31 14:00:00+00:00,1,16.1215,19.143454595414447
AT,AKC,urban,2023-12-31 15:00:00+00:00,1,16.4425,15.844703173784449
AT,AKC,urban,2023-12-31 16:00:00+00:00,1,17.905,16.428778245156145
AT,AKC,urban,2023-12-31 17:00:00+00:00,1,20.1645,17.799418379565733
AT,AKC,urban,2023-12-31 18:00:00+00:00,1,21.513,19.85247056867029
AT,AKC,urban,2023-12-31 19:00:00+00:00,1,22.779,20.70970572027245
AT,AKC,urban,2023-12-31 20:00:00+00:00,1,20.9065,21.997844533943592
AT,AKC,urban,2024-01-01 02:00:00+00:00,1,3.297425,4.717037854082388
AT,AKC,urban,2024-01-01 05:00:00+00:00,1,2.177375,3.168238512316073
AT,AKC,urban,2024-01-01 06:00:00+00:00,1,2.779575,2.7335560505729894
AT,AKC,urban,2024-01-01 07:00:00+00:00,1,4.5905245,3.1569756838862197
AT,AKC,urban,2024-01-01 08:00:00+00:00,1,5.9244495,4.561346878425763
AT,AKC,urban,2024-01-01 11:00:00+00:00,1,3.817875,3.9680748934780787
AT,AKC,urban,2024-01-01 12:00:00+00:00,1,4.0565245,3.9008843305923477
AT,AKC,urban,2024-01-01 13:00:00+00:00,1,3.9852,4.355153444815702
AT,AKC,urban,2024-01-01 14:00:00+00:00,1,3.733299,4.48085274155806
AT,AKC,urban,2024-01-01 15:00:00+00:00,1,4.405475,4.409340160014825
AT,AKC,urban,2024-01-01 16:00:00+00:00,1,3.2383995,5.0888794748217485
AT,AKC,urban,2024-01-01 17:00:00+00:00,1,3.5789245,3.5548663565622824
AT,AKC,urban,2024-01-01 18:00:00+00:00,1,3.6944495,4.006072137235208
AT,AKC,urban,2024-01-01 19:00:00+00:00,1,3.626325,3.861501632666968
AT,AKC,urban,2024-01-01 20:00:00+00:00,1,3.3901495,3.586121179437068
AT,AKC,urban,2024-01-01 23:00:00+00:00,1,3.460049,3.1875442324654593
AT,AKC,urban,2024-01-02 00:00:00+00:00,1,3.394025,3.2799607110335316
AT,AKC,urban,2024-01-02 01:00:00+00:00,1,3.5450495,3.3868722182862285
AT,AKC,urban,2024-01-02 02:00:00+00:00,1,3.8805495,3.852602716876479
AT,AKC,urban,2024-01-02 03:00:00+00:00,1,4.171799,4.665899504381997
AT,AKC,urban,2024-01-02 04:00:00+00:00,1,5.1064,5.13341054196896
AT,AKC,urban,2024-01-02 05:00:00+00:00,1,5.6620745,6.651803405358251
AT,AKC,urban,2024-01-02 06:00:00+00:00,1,6.0538245,7.197287391222705
AT,AKC,urban,2024-01-02 07:00:00+00:00,1,5.790324,6.6439326679555
AT,AKC,urban,2024-01-02 08:00:00+00:00,1,4.7078495,6.062375579701598
AT,AKC,urban,2024-01-02 09:00:00+00:00,1,4.549699,4.421079142087795
AT,AKC,urban,2024-01-02 10:00:00+00:00,1,5.2766245,4.533188910822631
AT,AKC,urban,2024-01-02 11:00:00+00:00,1,5.8317745,5.429889285650564
AT,AKC,urban,2024-01-02 12:00:00+00:00,1,7.1111,6.027804246185749
AT,AKC,urban,2024-01-02 13:00:00+00:00,1,7.3974745,7.482093042089861
AT,AKC,urban,2024-01-02 14:00:00+00:00,1,7.9178,7.323687707067727
AT,AKC,urban,2024-01-02 15:00:00+00:00,1,8.348324,8.541040309679374
AT,AKC,urban,2024-01-02 16:00:00+00:00,1,8.1353995,8.730037020555098
AT,AKC,urban,2024-01-02 17:00:00+00:00,1,9.1924495,7.413001191792713
AT,AKC,urban,2024-01-02 18:00:00+00:00,1,10.463425,9.32512069937015
AT,AKC,urban,2024-01-02 19:00:00+00:00,1,12.225,10.34724503221003
AT,AKC,urban,2024-01-02 20:00:00+00:00,1,11.4995,11.917660705376782
AT,AKC,urban,2024-01-02 21:00:00+00:00,1,11.40575,11.120423991661522
AT,AKC,urban,2024-01-02 22:00:00+00:00,1,10.162475,11.261143416459358
AT,AKC,urban,2024-01-02 23:00:00+00:00,1,9.2758995,9.410406136817173
AT,AKC,urban,2024-01-03 00:00:00+00:00,1,11.68,8.459613974056438
AT,AKC,urban,2024-01-03 01:00:00+00:00,1,11.432,11.231902518962187
AT,AKC,urban,2024-01-03 02:00:00+00:00,1,5.8953495,11.087462275054367
AT,AKC,urban,2024-01-03 03:00:00+00:00,1,1.372649,5.29886961499491
AT,AKC,urban,2024-01-03 04:00:00+00:00,1,1.8073245,0.44209454548912674
AT,AKC,urban,2024-01-03 05:00:00+00:00,1,2.0131995,1.6082824200325732
AT,AKC,urban,2024-01-03 06:00:00+00:00,1,1.7119995,1.8390955551421335
AT,AKC,urban,2024-01-03 07:00:00+00:00,1,1.5342995,1.6877834231803668
AT,AKC,urban,2024-01-03 08:00:00+00:00,1,1.6832495,1.307082694786235
AT,AKC,urban,2024-01-03 09:00:00+00:00,1,1.565949,1.4606716563794713
AT,AKC,urban,2024-01-03 10:00:00+00:00,1,1.583725,1.3443194724673795
AT,AKC,urban,2024-01-03 11:00:00+00:00,1,1.7076995,1.554301180850878
AT,AKC,urban,2024-01-03 12:00:00+00:00,1,1.9295995,1.6140467324231196
AT,AKC,urban,2024-01-03 13:00:00+00:00,1,1.8182745,1.7753789859590476
AT,AKC,urban,2024-01-03 14:00:00+00:00,1,1.7936245,1.7358857746940295
AT,AKC,urban,2024-01-03 15:00:00+00:00,1,3.8107495,1.924376335821222
AT,AKC,urban,2024-01-03 16:00:00+00:00,1,5.927224,4.658617342553466
AT,AKC,urban,2024-01-03 17:00:00+00:00,1,6.9616495,6.848327610347042
AT,AKC,urban,2024-01-03 18:00:00+00:00,1,9.440224,7.4307562711644835
AT,AKC,urban,2024-01-03 19:00:00+00:00,1,7.258075,10.982894350222416
AT,AKC,urban,2024-01-03 20:00:00+00:00,1,13.89775,6.323719548522494
AT,AKC,urban,2024-01-03 21:00:00+00:00,1,8.0862995,14.531557083755324
AT,AKC,urban,2024-01-03 22:00:00+00:00,1,3.2164745,6.524441587397131
AT,AKC,urban,2024-01-03 23:00:00+00:00,1,2.16585,1.682735930839005
AT,AKC,urban,2024-01-04 00:00:00+00:00,1,1.510625,1.062390308686222
AT,AKC,urban,2024-01-04 01:00:00+00:00,1,1.63845,0.6408033561487585
AT,AKC,urban,2024-01-04 02:00:00+00:00,1,1.0650195,0.990171831056184
AT,AKC,urban,2024-01-04 03:00:00+00:00,1,1.120469,0.4960949389810132
AT,AKC,urban,2024-01-04 04:00:00+00:00,1,1.2983745,0.5608853276985677
AT,AKC,urban,2024-01-04 05:00:00+00:00,1,1.680525,0.7074652784194839
AT,AKC,urban,2024-01-04 06:00:00+00:00,1,1.6002245,1.078353502554787
AT,AKC,urban,2024-01-04 07:00:00+00:00,1,1.7368995,0.9810165487208664
AT,AKC,urban,2024-01-04 08:00:00+00:00,1,1.6435995,1.3391564537535245
AT,AKC,urban,2024-01-04 09:00:00+00:00,1,1.5596745,1.075744385482345
AT,AKC,urban,2024-01-04 10:00:00+00:00,1,1.7436745,1.1765964016903716
AT,AKC,urban,2024-01-04 11:00:00+00:00,1,1.6979745,1.2259412750138523
AT,AKC,urban,2024-01-04 12:00:00+00:00,1,1.5990245,1.3047419707532022
AT,AKC,urban,2024-01-04 13:00:00+00:00,1,1.7110995,1.141282702544963
AT,AKC,urban,2024-01-04 14:00:00+00:00,1,1.805499,1.3674865537417453
AT,AKC,urban,2024-01-04 15:00:00+00:00,1,1.70325,1.6520999379340324
AT,AKC,urban,2024-01-04 16:00:00+00:00,1,2.0219495,1.6315183114681844
AT,AKC,urban,2024-01-04 17:00:00+00:00,1,2.158225,2.082749310389346
AT,AKC,urban,2024-01-04 18:00:00+00:00,1,1.796199,2.2100491687067496
AT,AKC,urban,2024-01-04 19:00:00+00:00,1,1.833749,1.7579363226488134
AT,AKC,urban,2024-01-04 20:00:00+00:00,1,1.9429995,1.830558198359327
AT,AKC,urban,2024-01-04 21:00:00+00:00,1,2.0590245,1.8821528210300897
AT,AKC,urban,2024-01-04 22:00:00+00:00,1,2.132649,2.103630086339777
AT,AKC,urban,2024-01-04 23:00:00+00:00,1,2.1587245,2.3403758699596118
AT,AKC,urban,2024-01-05 00:00:00+00:00,1,2.301149,2.4099242874643885
AT,AKC,urban,2024-01-05 01:00:00+00:00,1,2.6635245,2.5278671923686566
AT,AKC,urban,2024-01-05 02:00:00+00:00,1,2.9558995,2.9627385182133175
AT,AKC,urban,2024-01-05 03:00:00+00:00,1,3.141875,3.4146459675756162
AT,AKC,urban,2024-01-05 04:00:00+00:00,1,3.759049,4.083084350943281
AT,AKC,urban,2024-01-05 05:00:00+00:00,1,4.1828,5.401135101954871
AT,AKC,urban,2024-01-05 06:00:00+00:00,1,4.6057995,4.710764301503978
AT,AKC,urban,2024-01-05 07:00:00+00:00,1,4.289225,5.198609037008453
AT,AKC,urban,2024-01-05 08:00:00+00:00,1,4.9759495,4.089825301784806
AT,AKC,urban,2024-01-05 09:00:00+00:00,1,5.974749,4.813991790120653
AT,AKC,urban,2024-01-05 10:00:00+00:00,1,10.6484,5.4133150214914245
AT,AKC,urban,2024-01-05 11:00:00+00:00,1,13.563,8.985536023496842
AT,AKC,urban,2024-01-05 12:00:00+00:00,1,15.21,11.445292228907935
AT,AKC,urban,2024-01-05 13:00:00+00:00,1,15.0375,13.306038855139125
AT,AKC,urban,2024-01-05 14:00:00+00:00,1,12.92675,14.167925638303355
AT,AKC,urban,2024-01-05 15:00:00+00:00,1,13.4475,12.614168519930182
AT,AKC,urban,2024-01-05 16:00:00+00:00,1,16.1915,13.131112849677056
AT,AKC,urban,2024-01-05 17:00:00+00:00,1,17.99275,16.723794324414484
AT,AKC,urban,2024-01-05 18:00:00+00:00,1,19.95625,17.226697073657206
AT,AKC,urban,2024-01-05 19:00:00+00:00,1,22.63425,19.107032900356245
AT,AKC,urban,2024-01-05 20:00:00+00:00,1,21.74625,21.154432692395613
AT,AKC,urban,2024-01-05 21:00:00+00:00,1,19.9295,20.45760375498716
AT,AKC,urban,2024-01-05 22:00:00+00:00,1,19.617,19.02901913017383
AT,AKC,urban,2024-01-05 23:00:00+00:00,1,19.5185,18.605739382796045
AT,AKC,urban,2024-01-06 00:00:00+00:00,1,19.618,18.304332010423916
AT,AKC,urban,2024-01-06 01:00:00+00:00,1,21.5725,18.081558874506296
AT,AKC,urban,2024-01-06 02:00:00+00:00,1,21.53225,19.562702398185625
AT,AKC,urban,2024-01-06 03:00:00+00:00,1,20.41925,19.656177922816617
AT,AKC,urban,2024-01-06 04:00:00+00:00,1,19.10375,18.777225081429037
AT,AKC,urban,2024-01-06 05:00:00+00:00,1,18.01975,18.075625236398572
AT,AKC,urban,2024-01-06 06:00:00+00:00,1,16.72325,17.460599549759458
AT,AKC,urban,2024-01-06 07:00:00+00:00,1,14.8745,16.007546222428886
AT,AKC,urban,2024-01-06 08:00:00+00:00,1,9.8046495,14.436497859951569
AT,AKC,urban,2024-01-06 09:00:00+00:00,1,6.8411245,9.709214134392617
AT,AKC,urban,2024-01-06 10:00:00+00:00,1,9.053675,7.213572079867625
AT,AKC,urban,2024-01-06 11:00:00+00:00,1,9.5289745,8.945568127978333
AT,AKC,urban,2024-01-06 12:00:00+00:00,1,8.4610995,9.275230075042405
AT,AKC,urban,2024-01-06 13:00:00+00:00,1,8.519775,8.752871943448387
AT,AKC,urban,2024-01-06 14:00:00+00:00,1,7.7456245,9.06874745634072
AT,AKC,urban,2024-01-06 15:00:00+00:00,1,7.000499,8.529142562528207
AT,AKC,urban,2024-01-06 16:00:00+00:00,1,6.149575,7.675448836864721
AT,AKC,urban,2024-01-06 17:00:00+00:00,1,6.1059245,7.073496143622602
AT,AKC,urban,2024-01-06 18:00:00+00:00,1,7.965949,6.971350985908575
AT,AKC,urban,2024-01-06 19:00:00+00:00,1,11.32475,8.286738547848199
AT,AKC,urban,2024-01-06 20:00:00+00:00,1,9.336075,11.267775663072314
AT,AKC,urban,2024-01-06 21:00:00+00:00,1,8.44005,9.549051555659894
AT,AKC,urban,2024-01-06 22:00:00+00:00,1,8.1576495,8.79217776720353
AT,AKC,urban,2024-01-06 23:00:00+00:00,1,6.3624245,8.48219156286946
AT,AKC,urban,2024-01-07 00:00:00+00:00,1,5.654599,6.759791393585708
AT,AKC,urban,2024-01-07 01:00:00+00:00,1,6.287774,6.202970256472678
AT,AKC,urban,2024-01-07 02:00:00+00:00,1,7.1083,6.693415260072772
AT,AKC,urban,2024-01-07 03:00:00+00:00,1,8.0224995,7.0843714472131225
AT,AKC,urban,2024-01-07 04:00:00+00:00,1,8.099075,7.819897473413334
AT,AKC,urban,2024-01-07 05:00:00+00:00,1,8.827174,7.97332024245955
AT,AKC,urban,2024-01-07 06:00:00+00:00,1,8.8299495,8.526778248117768
AT,AKC,urban,2024-01-07 07:00:00+00:00,1,10.90525,8.522334701715984
AT,AKC,urban,2024-01-07 08:00:00+00:00,1,9.0217495,10.187838787190653
AT,AKC,urban,2024-01-07 09:00:00+00:00,1,7.7530995,8.767132853196415
AT,AKC,urban,2024-01-07 10:00:00+00:00,1,9.0262245,7.646505406170114
AT,AKC,urban,2024-01-07 11:00:00+00:00,1,9.4962745,8.776205990369867
AT,AKC,urban,2024-01-07 12:00:00+00:00,1,10.1423745,9.134871910721213
AT,AKC,urban,2024-01-07 13:00:00+00:00,1,10.0133,9.913111848194411
AT,AKC,urban,2024-01-07 14:00:00+00:00,1,10.51225,9.94703634204059
AT,AKC,urban,2024-01-07 15:00:00+00:00,1,12.26975,10.426098852400408
AT,AKC,urban,2024-01-07 16:00:00+00:00,1,13.02275,11.76454478611467
AT,AKC,urban,2024-01-07 17:00:00+00:00,1,11.22175,12.340060020860907
AT,AKC,urban,2024-01-07 18:00:00+00:00,1,8.9010245,10.954280715414583
AT,AKC,urban,2024-01-07 19:00:00+00:00,1,8.4186245,8.946301832028034
AT,AKC,urban,2024-01-07 20:00:00+00:00,1,9.2153745,8.481669621661265
AT,AKC,urban,2024-01-07 23:00:00+00:00,1,10.191975,9.660895346785711
AT,AKC,urban,2024-01-08 00:00:00+00:00,1,11.21975,9.87197174803957
AT,AKC,urban,2024-01-08 01:00:00+00:00,1,12.67625,10.659591613041268
AT,AKC,urban,2024-01-08 02:00:00+00:00,1,11.62225,11.75556810424678
AT,AKC,urban,2024-01-08 03:00:00+00:00,1,11.4455,10.938716227454805
AT,AKC,urban,2024-01-08 04:00:00+00:00,1,12.029,10.933156930506218
AT,AKC,urban,2024-01-08 05:00:00+00:00,1,12.39675,11.5150501202452
AT,AKC,urban,2024-01-08 06:00:00+00:00,1,12.7175,11.952390377076945
AT,AKC,urban,2024-01-08 07:00:00+00:00,1,13.8485,12.304078023531279
AT,AKC,urban,2024-01-08 08:00:00+00:00,1,17.1525,13.224525371187497
AT,AKC,urban,2024-01-08 09:00:00+00:00,1,18.75475,15.832272177754968
AT,AKC,urban,2024-01-08 10:00:00+00:00,1,17.79475,17.160145916841152
AT,AKC,urban,2024-01-08 11:00:00+00:00,1,17.851,16.689774567214634
AT,AKC,urban,2024-01-08 12:00:00+00:00,1,18.62775,16.699719554664412
AT,AKC,urban,2024-01-08 13:00:00+00:00,1,18.09375,17.7007460055097
AT,AKC,urban,2024-01-08 14:00:00+00:00,1,19.1325,17.198669431904197
AT,AKC,urban,2024-01-08 15:00:00+00:00,1,18.71,18.15228709868439
AT,AKC,urban,2024-01-08 16:00:00+00:00,1,18.42775,17.91316630947202
AT,AKC,urban,2024-01-08 17:00:00+00:00,1,20.34275,17.816215269334933
AT,AKC,urban,2024-01-08 18:00:00+00:00,1,21.294,19.436341607582193
AT,AKC,urban,2024-01-08 19:00:00+00:00,1,22.07625,20.204142189175403
AT,AKC,urban,2024-01-08 20:00:00+00:00,1,21.863,20.959111485236022
AT,AKC,urban,2024-01-08 21:00:00+00:00,1,22.65175,20.793200984583727
AT,AKC,urban,2024-01-08 22:00:00+00:00,1,20.904,21.515571706786588
AT,AKC,urban,2024-01-08 23:00:00+00:00,1,21.2445,19.975370467977587
AT,AKC,urban,2024-01-09 00:00:00+00:00,1,21.4285,20.430564774128317
AT,AKC,urban,2024-01-09 01:00:00+00:00,1,21.03975,20.53502025310146
AT,AKC,urban,2024-01-09 02:00:00+00:00,1,20.61775,20.259687275751347
AT,AKC,urban,2024-01-09 03:00:00+00:00,1,20.71175,19.891823869214413
AT,AKC,urban,2024-01-09 04:00:00+00:00,1,21.08075,20.100659422800415
AT,AKC,urban,2024-01-09 05:00:00+00:00,1,22.348,20.616154224945824
AT,AKC,urban,2024-01-09 06:00:00+00:00,1,23.971,22.301288225120693
AT,AKC,urban,2024-01-09 07:00:00+00:00,1,23.364,23.009829322293946
AT,AKC,urban,2024-01-09 08:00:00+00:00,1,23.35775,22.54489712461499
AT,AKC,urban,2024-01-09 09:00:00+00:00,1,23.26125,22.01475380869251
AT,AKC,urban,2024-01-09 10:00:00+00:00,1,24.6325,22.240861017797855
AT,AKC,urban,2024-01-09 11:00:00+00:00,1,24.70175,23.70522772159926
AT,AKC,urban,2024-01-09 12:00:00+00:00,1,24.64825,24.040275446870215
AT,AKC,urban,2024-01-09 13:00:00+00:00,1,24.60475,24.35110957754725
AT,AKC,urban,2024-01-09 14:00:00+00:00,1,25.37675,24.828494683419148
AT,AKC,urban,2024-01-09 15:00:00+00:00,1,25.27625,25.465825713375644
AT,AKC,urban,2024-01-09 16:00:00+00:00,1,28.496,25.438706728493713
AT,AKC,urban,2024-01-09 17:00:00+00:00,1,30.84075,28.847527033115362
AT,AKC,urban,2024-01-09 18:00:00+00:00,1,32.05175,29.996706800272698
AT,AKC,urban,2024-01-09 19:00:00+00:00,1,36.2825,30.4750619177939
AT,AKC,urban,2024-01-09 20:00:00+00:00,1,35.3045,34.253052361405786
AT,AKC,urban,2024-01-09 21:00:00+00:00,1,37.14725,33.34381751130072
AT,AKC,urban,2024-01-09 22:00:00+00:00,1,39.17225,35.463109380329016
AT,AKC,urban,2024-01-09 23:00:00+00:00,1,40.9925,36.796372735507234
AT,AKC,urban,2024-01-10 00:00:00+00:00,1,42.75375,38.0608818930128
AT,AKC,urban,2024-01-10 01:00:00+00:00,1,45.5235,40.44485127094252
AT,AKC,urban,2024-01-10 02:00:00+00:00,1,48.10075,42.74732645342247
AT,AKC,urban,2024-01-10 03:00:00+00:00,1,48.98575,44.931522059838024
AT,AKC,urban,2024-01-10 04:00:00+00:00,1,46.61225,46.244411180509886
AT,AKC,urban,2024-01-10 05:00:00+00:00,1,43.75625,44.45490083453607
AT,AKC,urban,2024-01-10 06:00:00+00:00,1,43.46825,41.872607233767496
AT,AKC,urban,2024-01-10 07:00:00+00:00,1,44.2365,41.50402035222676
AT,AKC,urban,2024-01-10 08:00:00+00:00,1,44.773,42.06572106905633
AT,AKC,urban,2024-01-10 09:00:00+00:00,1,38.2005,42.837742161303694
AT,AKC,urban,2024-01-10 10:00:00+00:00,1,32.56475,36.13782660404487
AT,AKC,urban,2024-01-10 11:00:00+00:00,1,26.42375,31.566392013426597
AT,AKC,urban,2024-01-10 12:00:00+00:00,1,30.89675,25.911779880090748
AT,AKC,urban,2024-01-10 13:00:00+00:00,1,25.014,30.510857717629644
AT,AKC,urban,2024-01-10 14:00:00+00:00,1,30.4375,25.958826147790596
AT,AKC,urban,2024-01-10 15:00:00+00:00,1,28.04025,30.592596591991178
AT,AKC,urban,2024-01-10 16:00:00+00:00,1,26.84425,29.16565017077879
AT,AKC,urban,2024-01-10 17:00:00+00:00,1,31.0625,28.03348931979295
AT,AKC,urban,2024-01-10 18:00:00+00:00,1,31.48625,31.373835227389534
AT,AKC,urban,2024-01-10 19:00:00+00:00,1,30.39175,31.499830962516874
AT,AKC,urban,2024-01-10 20:00:00+00:00,1,29.92525,30.68346356695547
AT,AKC,urban,2024-01-10 21:00:00+00:00,1,29.47125,30.56218244795059
AT,AKC,urban,2024-01-10 22:00:00+00:00,1,28.5625,30.549247611144168
AT,AKC,urban,2024-01-10 23:00:00+00:00,1,29.142,29.030994853825554
AT,AKC,urban,2024-01-11 00:00:00+00:00,1,29.7425,29.49713519103975
AT,AKC,urban,2024-01-11 01:00:00+00:00,1,29.841,30.09023981098069
AT,AKC,urban,2024-01-11 02:00:00+00:00,1,29.18325,30.33520661251091
AT,AKC,urban,2024-01-11 03:00:00+00:00,1,28.1165,29.699054212287088
AT,AKC,urban,2024-01-11 04:00:00+00:00,1,28.221,29.128520924589196
AT,AKC,urban,2024-01-11 05:00:00+00:00,1,30.221,28.900881078733093
AT,AKC,urban,2024-01-11 06:00:00+00:00,1,32.0805,30.663283303985775
AT,AKC,urban,2024-01-11 07:00:00+00:00,1,32.8455,31.109880743509812
AT,AKC,urban,2024-01-11 08:00:00+00:00,1,32.40875,31.313752874968706
AT,AKC,urban,2024-01-11 09:00:00+00:00,1,30.45475,31.09961909686727
AT,AKC,urban,2024-01-11 10:00:00+00:00,1,27.8215,29.266811643947243
AT,AKC,urban,2024-01-11 11:00:00+00:00,1,27.031,27.09505787710524
AT,AKC,urban,2024-01-11 12:00:00+00:00,1,28.254,26.33374247070686
AT,AKC,urban,2024-01-11 13:00:00+00:00,1,25.34025,27.91492720601028
AT,AKC,urban,2024-01-11 14:00:00+00:00,1,24.82425,25.567753919654372
AT,AKC,urban,2024-01-11 15:00:00+00:00,1,27.141,24.92085908749423
AT,AKC,urban,2024-01-11 16:00:00+00:00,1,25.929,26.634136133372387
AT,AKC,urban,2024-01-11 17:00:00+00:00,1,24.6905,25.809471840961677
AT,AKC,urban,2024-01-11 18:00:00+00:00,1,23.54325,24.502991075427886
AT,AKC,urban,2024-01-11 19:00:00+00:00,1,26.15725,23.399223998726985
AT,AKC,urban,2024-01-11 20:00:00+00:00,1,28.13525,25.50070694180572
AT,AKC,urban,2024-01-11 21:00:00+00:00,1,28.84925,26.998513240149194
AT,AKC,urban,2024-01-11 22:00:00+00:00,1,27.64875,28.155736250752554
AT,AKC,urban,2024-01-11 23:00:00+00:00,1,27.66125,26.978807641027053
AT,AKC,urban,2024-01-12 00:00:00+00:00,1,31.16025,26.980027526732563
AT,AKC,urban,2024-01-12 01:00:00+00:00,1,29.3815,29.926638613861382
AT,AKC,urban,2024-01-12 02:00:00+00:00,1,26.584,28.25578654279583
AT,AKC,urban,2024-01-12 03:00:00+00:00,1,29.42825,25.901716371605886
AT,AKC,urban,2024-01-12 04:00:00+00:00,1,30.15325,28.715621738403268
AT,AKC,urban,2024-01-12 05:00:00+00:00,1,31.74775,29.359054541137866
AT,AKC,urban,2024-01-12 06:00:00+00:00,1,30.79225,31.09065338090476
AT,AKC,urban,2024-01-12 07:00:00+00:00,1,29.146,29.934366003644527
AT,AKC,urban,2024-01-12 08:00:00+00:00,1,27.555,28.261070639372846
AT,AKC,urban,2024-01-12 09:00:00+00:00,1,25.24725,26.770102467353965
AT,AKC,urban,2024-01-12 10:00:00+00:00,1,24.76175,24.721371477791042
AT,AKC,urban,2024-01-12 11:00:00+00:00,1,24.7245,24.351333778256894
AT,AKC,urban,2024-01-12 12:00:00+00:00,1,24.28075,24.533314916024185
AT,AKC,urban,2024-01-12 13:00:00+00:00,1,24.36725,24.2212618207492
AT,AKC,urban,2024-01-12 14:00:00+00:00,1,27.795,24.779222428176155
AT,AKC,urban,2024-01-12 15:00:00+00:00,1,25.14075,27.70014083640208
AT,AKC,urban,2024-01-12 16:00:00+00:00,1,24.11425,25.075855032447883
AT,AKC,urban,2024-01-12 17:00:00+00:00,1,23.395,24.177976753209524
AT,AKC,urban,2024-01-12 18:00:00+00:00,1,21.40875,23.83438361592644
AT,AKC,urban,2024-01-12 19:00:00+00:00,1,26.4795,21.888859941943252
AT,AKC,urban,2024-01-12 20:00:00+00:00,1,28.37575,26.26762297236985
AT,AKC,urban,2024-01-12 21:00:00+00:00,1,28.4455,27.36378544976411
AT,AKC,urban,2024-01-12 22:00:00+00:00,1,26.41225,27.507286454012874
AT,AKC,urban,2024-01-12 23:00:00+00:00,1,26.8135,25.83001225779698
AT,AKC,urban,2024-01-13 00:00:00+00:00,1,24.0915,26.136900794423006
AT,AKC,urban,2024-01-13 01:00:00+00:00,1,21.0145,23.669571846833392
AT,AKC,urban,2024-01-13 02:00:00+00:00,1,22.75575,20.796777477682724
AT,AKC,urban,2024-01-13 03:00:00+00:00,1,23.09875,22.46745497241512
AT,AKC,urban,2024-01-13 04:00:00+00:00,1,20.584,22.572078589235396
AT,AKC,urban,2024-01-13 05:00:00+00:00,1,16.557,20.581512063514047
AT,AKC,urban,2024-01-13 06:00:00+00:00,1,13.9815,16.9814486571347
AT,AKC,urban,2024-01-13 07:00:00+00:00,1,15.4225,14.474479430545731
AT,AKC,urban,2024-01-13 08:00:00+00:00,1,16.7355,15.671646440313772
AT,AKC,urban,2024-01-13 09:00:00+00:00,1,17.57675,16.415050711117146
AT,AKC,urban,2024-01-13 10:00:00+00:00,1,17.5615,17.119391774450293
AT,AKC,urban,2024-01-13 11:00:00+00:00,1,17.7985,17.266881463849625
AT,AKC,urban,2024-01-13 12:00:00+00:00,1,16.085,17.516268678656033
AT,AKC,urban,2024-01-13 13:00:00+00:00,1,15.74425,16.17664750884066
AT,AKC,urban,2024-01-13 14:00:00+00:00,1,15.96425,16.172597946130306
AT,AKC,urban,2024-01-13 15:00:00+00:00,1,16.098,16.584868938506638
AT,AKC,urban,2024-01-13 16:00:00+00:00,1,15.763,16.667473009135662
AT,AKC,urban,2024-01-13 17:00:00+00:00,1,17.11325,15.89706810273606
AT,AKC,urban,2024-01-13 18:00:00+00:00,1,18.21125,16.83983972491007
AT,AKC,urban,2024-01-13 19:00:00+00:00,1,17.919,17.862294024300283
AT,AKC,urban,2024-01-13 20:00:00+00:00,1,19.2435,17.74597585506688
AT,AKC,urban,2024-01-13 21:00:00+00:00,1,20.0025,18.949535237227074
AT,AKC,urban,2024-01-13 22:00:00+00:00,1,21.54025,19.277990771512542
AT,AKC,urban,2024-01-13 23:00:00+00:00,1,21.52475,20.595711697840887
AT,AKC,urban,2024-01-14 00:00:00+00:00,1,19.97825,20.492237439527493
AT,AKC,urban,2024-01-14 01:00:00+00:00,1,19.5415,19.242730962744435
AT,AKC,urban,2024-01-14 02:00:00+00:00,1,15.666,18.855694791979708
AT,AKC,urban,2024-01-14 03:00:00+00:00,1,10.5582,14.97701934530173
AT,AKC,urban,2024-01-14 04:00:00+00:00,1,8.0655,10.276568744185642
AT,AKC,urban,2024-01-14 05:00:00+00:00,1,7.030274,8.183304193611459
AT,AKC,urban,2024-01-14 06:00:00+00:00,1,7.464575,7.279436652131334
AT,AKC,urban,2024-01-14 07:00:00+00:00,1,6.7695245,7.749140642486985
AT,AKC,urban,2024-01-14 08:00:00+00:00,1,6.011825,6.970188591045748
AT,AKC,urban,2024-01-14 09:00:00+00:00,1,6.191974,6.201505061410259
AT,AKC,urban,2024-01-14 10:00:00+00:00,1,6.53385,6.286601420695881
AT,AKC,urban,2024-01-14 11:00:00+00:00,1,7.6371995,6.479249620791688
AT,AKC,urban,2024-01-14 12:00:00+00:00,1,8.86345,7.479351894647117
AT,AKC,urban,2024-01-14 13:00:00+00:00,1,10.034675,8.576569799863037
AT,AKC,urban,2024-01-14 14:00:00+00:00,1,9.4522495,9.818901122535806
AT,AKC,urban,2024-01-14 15:00:00+00:00,1,9.892575,9.805775023067206
AT,AKC,urban,2024-01-14 16:00:00+00:00,1,9.4766745,10.70773385709629
AT,AKC,urban,2024-01-14 17:00:00+00:00,1,10.0805,9.806417094655618
AT,AKC,urban,2024-01-14 18:00:00+00:00,1,9.9641,10.782838603440918
AT,AKC,urban,2024-01-14 19:00:00+00:00,1,9.180025,10.538317560626208
AT,AKC,urban,2024-01-14 20:00:00+00:00,1,8.4156245,9.877549362244253
AT,AKC,urban,2024-01-14 21:00:00+00:00,1,6.870775,9.614720434301365
AT,AKC,urban,2024-01-14 22:00:00+00:00,1,7.4608745,7.750670632650454
AT,AKC,urban,2024-01-14 23:00:00+00:00,1,6.6949995,8.364841719335327
AT,AKC,urban,2024-01-15 00:00:00+00:00,1,8.06485,6.9160988506106165
AT,AKC,urban,2024-01-15 01:00:00+00:00,1,10.53775,8.03388410049229
AT,AKC,urban,2024-01-15 02:00:00+00:00,1,11.3915,8.532208493211403
AT,AKC,urban,2024-01-15 03:00:00+00:00,1,13.98,10.154268417415754
AT,AKC,urban,2024-01-15 04:00:00+00:00,1,14.636,12.220060755858182
AT,AKC,urban,2024-01-15 05:00:00+00:00,1,13.56875,13.184380575948186
AT,AKC,urban,2024-01-15 06:00:00+00:00,1,14.2225,13.645902216488142
AT,AKC,urban,2024-01-15 07:00:00+00:00,1,11.9615,13.456595471955236
AT,AKC,urban,2024-01-15 08:00:00+00:00,1,12.091,11.452053238711411
AT,AKC,urban,2024-01-15 09:00:00+00:00,1,10.893,11.613866739558919
AT,AKC,urban,2024-01-15 10:00:00+00:00,1,11.1544,10.571392237516868
AT,AKC,urban,2024-01-15 11:00:00+00:00,1,11.99025,10.679765592710613
AT,AKC,urban,2024-01-15 12:00:00+00:00,1,7.029,11.725235696603868
AT,AKC,urban,2024-01-15 13:00:00+00:00,1,5.890699,6.88172204286548
AT,AKC,urban,2024-01-15 14:00:00+00:00,1,5.1752745,5.406086800724651
AT,AKC,urban,2024-01-15 15:00:00+00:00,1,4.7344995,5.617728644012086
AT,AKC,urban,2024-01-15 16:00:00+00:00,1,4.6068245,4.833773576642027
AT,AKC,urban,2024-01-15 17:00:00+00:00,1,4.1362995,4.588826632412346
AT,AKC,urban,2024-01-15 18:00:00+00:00,1,3.421399,4.197585904537743
AT,AKC,urban,2024-01-15 19:00:00+00:00,1,3.9546245,3.7006589908789067
AT,AKC,urban,2024-01-15 20:00:00+00:00,1,5.1393,4.366538118376479
AT,AKC,urban,2024-01-15 21:00:00+00:00,1,5.3468495,5.307684818650895
AT,AKC,urban,2024-01-15 22:00:00+00:00,1,5.5502995,5.35285994800946
AT,AKC,urban,2024-01-15 23:00:00+00:00,1,6.5621495,5.406796293487513
AT,AKC,urban,2024-01-16 00:00:00+00:00,1,6.84105,6.241967149456009
AT,AKC,urban,2024-01-16 01:00:00+00:00,1,6.7040745,6.609421693674747
AT,AKC,urban,2024-01-16 02:00:00+00:00,1,6.7025245,6.495940386690084
AT,AKC,urban,2024-01-16 03:00:00+00:00,1,6.2183995,6.435742308375168
AT,AKC,urban,2024-01-16 04:00:00+00:00,1,5.6340245,5.936671517255874
AT,AKC,urban,2024-01-16 05:00:00+00:00,1,5.6683,5.556659238178405
AT,AKC,urban,2024-01-16 06:00:00+00:00,1,6.331425,6.546294854655034
AT,AKC,urban,2024-01-16 07:00:00+00:00,1,5.716874,6.294822626044677
AT,AKC,urban,2024-01-16 08:00:00+00:00,1,4.8639,5.7843033065723475
AT,AKC,urban,2024-01-16 09:00:00+00:00,1,5.5471745,4.784345745331599
AT,AKC,urban,2024-01-16 10:00:00+00:00,1,5.0781995,5.539461197384817
AT,AKC,urban,2024-01-16 11:00:00+00:00,1,5.2666245,4.583553823926074
AT,AKC,urban,2024-01-16 12:00:00+00:00,1,4.5847995,5.119815170126678
AT,AKC,urban,2024-01-16 13:00:00+00:00,1,4.175225,5.080284188217462
AT,AKC,urban,2024-01-16 14:00:00+00:00,1,4.242299,4.39036764107745
AT,AKC,urban,2024-01-16 15:00:00+00:00,1,5.0932495,4.852101864873415
AT,AKC,urban,2024-01-16 16:00:00+00:00,1,6.3549,5.477851018441754
AT,AKC,urban,2024-01-16 17:00:00+00:00,1,10.260525,7.01729921429547
AT,AKC,urban,2024-01-16 18:00:00+00:00,1,12.2105,12.914676519415703
AT,AKC,urban,2024-01-16 19:00:00+00:00,1,13.11875,12.33270700387277
AT,AKC,urban,2024-01-16 20:00:00+00:00,1,16.39375,13.161889231453547
AT,AKC,urban,2024-01-16 21:00:00+00:00,1,13.92525,16.33679377286533
AT,AKC,urban,2024-01-16 22:00:00+00:00,1,15.68925,12.150137260404165
AT,AKC,urban,2024-01-16 23:00:00+00:00,1,16.6375,14.57026675218383
AT,AKC,urban,2024-01-17 00:00:00+00:00,1,18.664,15.877398213285847
AT,AKC,urban,2024-01-17 01:00:00+00:00,1,21.27075,17.395564050955034
AT,AKC,urban,2024-01-17 02:00:00+00:00,1,22.62225,19.18796284456334
AT,AKC,urban,2024-01-17 03:00:00+00:00,1,21.18575,20.947197926838086
AT,AKC,urban,2024-01-17 04:00:00+00:00,1,20.27225,19.970888492888587
AT,AKC,urban,2024-01-17 05:00:00+00:00,1,18.15775,19.65627161009122
AT,AKC,urban,2024-01-17 06:00:00+00:00,1,18.23375,18.35506001131875
AT,AKC,urban,2024-01-17 07:00:00+00:00,1,16.83025,17.711376979799326
AT,AKC,urban,2024-01-17 08:00:00+00:00,1,17.74425,15.877302242785024
AT,AKC,urban,2024-01-17 09:00:00+00:00,1,19.89,17.132694257127532
AT,AKC,urban,2024-01-17 10:00:00+00:00,1,20.727,18.528003226845826
AT,AKC,urban,2024-01-17 11:00:00+00:00,1,20.2415,19.136104412749916
AT,AKC,urban,2024-01-17 12:00:00+00:00,1,19.772,18.93027924004832
AT,AKC,urban,2024-01-17 13:00:00+00:00,1,21.6665,19.454697000702158
AT,AKC,urban,2024-01-17 14:00:00+00:00,1,21.83725,21.293474028700093
AT,AKC,urban,2024-01-17 15:00:00+00:00,1,23.4695,21.071371271261164
AT,AKC,urban,2024-01-17 16:00:00+00:00,1,23.34375,23.34066958581275
AT,AKC,urban,2024-01-17 17:00:00+00:00,1,24.14525,23.4707400479674
AT,AKC,urban,2024-01-17 18:00:00+00:00,1,24.50225,24.114026626341445
AT,AKC,urban,2024-01-17 19:00:00+00:00,1,24.77475,24.26754905647237
AT,AKC,urban,2024-01-17 20:00:00+00:00,1,23.31425,24.984945493656287
AT,AKC,urban,2024-01-17 21:00:00+00:00,1,24.5225,23.180433150786236
AT,AKC,urban,2024-01-17 22:00:00+00:00,1,23.9425,24.50350226471296
AT,AKC,urban,2024-01-17 23:00:00+00:00,1,23.32375,23.745136992884788
AT,AKC,urban,2024-01-18 00:00:00+00:00,1,22.64725,22.936169575514917
AT,AKC,urban,2024-01-18 01:00:00+00:00,1,25.0115,22.0080734511141
AT,AKC,urban,2024-01-18 02:00:00+00:00,1,27.01675,23.99959949259125
AT,AKC,urban,2024-01-18 03:00:00+00:00,1,24.46375,25.46943248565392
AT,AKC,urban,2024-01-18 04:00:00+00:00,1,23.07875,24.108128315067226
AT,AKC,urban,2024-01-18 05:00:00+00:00,1,22.93125,23.04753439713891
AT,AKC,urban,2024-01-18 06:00:00+00:00,1,26.59625,22.962780740678326
AT,AKC,urban,2024-01-18 07:00:00+00:00,1,22.11275,25.701655055587857
AT,AKC,urban,2024-01-18 08:00:00+00:00,1,24.6125,21.731169239611148
AT,AKC,urban,2024-01-18 09:00:00+00:00,1,27.91225,24.227452066529878
AT,AKC,urban,2024-01-18 10:00:00+00:00,1,29.972,26.971549430217493
AT,AKC,urban,2024-01-18 11:00:00+00:00,1,29.22175,28.80189990068703
AT,AKC,urban,2024-01-18 12:00:00+00:00,1,18.60275,29.200361015070833
AT,AKC,urban,2024-01-18 13:00:00+00:00,1,17.05325,19.1272889743691
AT,AKC,urban,2024-01-18 14:00:00+00:00,1,16.9295,17.532197758265465
AT,AKC,urban,2024-01-18 15:00:00+00:00,1,25.285,17.948384129466305
AT,AKC,urban,2024-01-18 16:00:00+00:00,1,19.99375,24.62837636417065
AT,AKC,urban,2024-01-18 17:00:00+00:00,1,3.128,19.757677521260923
AT,AKC,urban,2024-01-18 18:00:00+00:00,1,9.1390495,2.1710493833445774
AT,AKC,urban,2024-01-18 19:00:00+00:00,1,9.1954245,8.542853874633494
AT,AKC,urban,2024-01-18 20:00:00+00:00,1,9.7771745,8.949486411712797
AT,AKC,urban,2024-01-18 21:00:00+00:00,1,10.35475,10.506361035475589
AT,AKC,urban,2024-01-18 22:00:00+00:00,1,11.03325,10.858374532996791
AT,AKC,urban,2024-01-18 23:00:00+00:00,1,10.24475,11.107042386245023
AT,AKC,urban,2024-01-19 00:00:00+00:00,1,8.321524,10.921009573139369
AT,AKC,urban,2024-01-19 01:00:00+00:00,1,5.373649,8.64682721736732
AT,AKC,urban,2024-01-19 02:00:00+00:00,1,5.16625,6.234781070634639
AT,AKC,urban,2024-01-19 03:00:00+00:00,1,4.8074245,5.849624489261643
AT,AKC,urban,2024-01-19 04:00:00+00:00,1,4.369499,5.558524222978949
AT,AKC,urban,2024-01-19 05:00:00+00:00,1,3.8476245,5.348646010606885
AT,AKC,urban,2024-01-19 06:00:00+00:00,1,4.9291495,5.090335973977851
AT,AKC,urban,2024-01-19 07:00:00+00:00,1,6.5972495,5.840727937017434
AT,AKC,urban,2024-01-19 08:00:00+00:00,1,8.024325,6.831798713435262
AT,AKC,urban,2024-01-19 09:00:00+00:00,1,7.610625,7.774466448856753
AT,AKC,urban,2024-01-19 10:00:00+00:00,1,7.0105995,7.563667980623681
AT,AKC,urban,2024-01-19 11:00:00+00:00,1,6.3987995,6.717805376016791
AT,AKC,urban,2024-01-19 12:00:00+00:00,1,6.9592495,6.283485722840787
AT,AKC,urban,2024-01-19 13:00:00+00:00,1,6.3376,7.012163431855004
AT,AKC,urban,2024-01-19 14:00:00+00:00,1,6.4741245,6.650285304644125
AT,AKC,urban,2024-01-19 15:00:00+00:00,1,9.2168745,7.051745523748462
AT,AKC,urban,2024-01-19 16:00:00+00:00,1,10.6106,9.30106793395731
AT,AKC,urban,2024-01-19 17:00:00+00:00,1,12.02575,9.73428111501444
AT,AKC,urban,2024-01-19 18:00:00+00:00,1,12.86975,11.714555696887224
AT,AKC,urban,2024-01-19 19:00:00+00:00,1,13.647,12.424878449204318
AT,AKC,urban,2024-01-19 20:00:00+00:00,1,13.76325,12.94423086800353
AT,AKC,urban,2024-01-19 21:00:00+00:00,1,14.22675,13.116547593269846
AT,AKC,urban,2024-01-19 22:00:00+00:00,1,14.4155,13.716959888643697
AT,AKC,urban,2024-01-19 23:00:00+00:00,1,15.13575,14.055190085975642
AT,AKC,urban,2024-01-20 00:00:00+00:00,1,15.0625,14.032210525893625
AT,AKC,urban,2024-01-20 01:00:00+00:00,1,16.209,14.099406290422777
AT,AKC,urban,2024-01-20 02:00:00+00:00,1,16.4575,15.247725352588926
AT,AKC,urban,2024-01-20 03:00:00+00:00,1,15.35825,15.498137583849612
AT,AKC,urban,2024-01-20 04:00:00+00:00,1,13.2025,14.507684571014469
AT,AKC,urban,2024-01-20 05:00:00+00:00,1,13.05375,12.522983423947416
AT,AKC,urban,2024-01-20 06:00:00+00:00,1,12.865,12.530866015485095
AT,AKC,urban,2024-01-20 07:00:00+00:00,1,11.2675,12.341108161883867
AT,AKC,urban,2024-01-20 08:00:00+00:00,1,10.3465,10.826894718651126
AT,AKC,urban,2024-01-20 09:00:00+00:00,1,10.1024495,9.93523776409711
AT,AKC,urban,2024-01-20 10:00:00+00:00,1,8.749875,9.796613385458052
AT,AKC,urban,2024-01-20 11:00:00+00:00,1,7.786074,8.524229050908161
AT,AKC,urban,2024-01-20 12:00:00+00:00,1,6.4652495,7.728375178005507
AT,AKC,urban,2024-01-20 13:00:00+00:00,1,6.131274,6.84589150926443
AT,AKC,urban,2024-01-20 14:00:00+00:00,1,6.4674245,6.912046450074914
AT,AKC,urban,2024-01-20 15:00:00+00:00,1,6.6139,7.285771523802627
AT,AKC,urban,2024-01-20 16:00:00+00:00,1,6.43975,7.231293442331836
AT,AKC,urban,2024-01-20 17:00:00+00:00,1,6.0296995,7.108998866182159
AT,AKC,urban,2024-01-20 18:00:00+00:00,1,5.9380745,6.61610090811968
AT,AKC,urban,2024-01-20 19:00:00+00:00,1,5.9305745,6.496084271599489
AT,AKC,urban,2024-01-20 20:00:00+00:00,1,5.695574,6.528762905483482
AT,AKC,urban,2024-01-20 21:00:00+00:00,1,5.8247495,6.245023626002123
AT,AKC,urban,2024-01-20 22:00:00+00:00,1,6.088375,6.520432946147153
AT,AKC,urban,2024-01-20 23:00:00+00:00,1,5.4880745,7.237927655026986
AT,AKC,urban,2024-01-21 00:00:00+00:00,1,5.0583495,6.211891426554409
AT,AKC,urban,2024-01-21 01:00:00+00:00,1,5.224324,5.738073707468782
AT,AKC,urban,2024-01-21 02:00:00+00:00,1,5.517074,5.817957216566665
AT,AKC,urban,2024-01-21 03:00:00+00:00,1,4.9466,6.669160521367097
AT,AKC,urban,2024-01-21 04:00:00+00:00,1,5.760875,5.415328213499915
AT,AKC,urban,2024-01-21 05:00:00+00:00,1,7.074124,6.520575475043611
AT,AKC,urban,2024-01-21 06:00:00+00:00,1,7.548825,7.907692727147889
AT,AKC,urban,2024-01-21 07:00:00+00:00,1,7.6664495,8.14401614517671
AT,AKC,urban,2024-01-21 08:00:00+00:00,1,7.4280745,7.216280143936679
AT,AKC,urban,2024-01-21 09:00:00+00:00,1,8.082099,6.996081337198689
AT,AKC,urban,2024-01-21 10:00:00+00:00,1,10.111325,7.943782957258858
AT,AKC,urban,2024-01-21 11:00:00+00:00,1,6.9138245,10.127291464117413
AT,AKC,urban,2024-01-21 12:00:00+00:00,1,8.7879495,5.979729977712353
AT,AKC,urban,2024-01-21 13:00:00+00:00,1,11.749,8.43518361954457
AT,AKC,urban,2024-01-21 14:00:00+00:00,1,13.7965,11.01657587363977
AT,AKC,urban,2024-01-21 15:00:00+00:00,1,16.14975,13.257607983402853
AT,AKC,urban,2024-01-21 16:00:00+00:00,1,17.66225,16.086739008450735
AT,AKC,urban,2024-01-21 17:00:00+00:00,1,19.87575,16.95331900388249
AT,AKC,urban,2024-01-21 18:00:00+00:00,1,19.809,20.0401167922385
AT,AKC,urban,2024-01-21 19:00:00+00:00,1,20.206,19.0212275508973
AT,AKC,urban,2024-01-21 20:00:00+00:00,1,21.77575,19.75862781830621
AT,AKC,urban,2024-01-21 21:00:00+00:00,1,23.0315,21.022140101667183
AT,AKC,urban,2024-01-21 22:00:00+00:00,1,26.465,22.133519333442457
AT,AKC,urban,2024-01-21 23:00:00+00:00,1,23.098,25.546619260443514
AT,AKC,urban,2024-01-22 00:00:00+00:00,1,22.269,21.411907092826425
AT,AKC,urban,2024-01-22 01:00:00+00:00,1,24.24025,19.91055599448235
AT,AKC,urban,2024-01-22 02:00:00+00:00,1,25.3055,22.375406658462275
AT,AKC,urban,2024-01-22 03:00:00+00:00,1,25.17325,23.59359118458694
AT,AKC,urban,2024-01-22 04:00:00+00:00,1,25.00725,24.350266057344484
AT,AKC,urban,2024-01-22 05:00:00+00:00,1,26.0405,24.676935686038043
AT,AKC,urban,2024-01-22 06:00:00+00:00,1,26.21175,26.177675530413786
AT,AKC,urban,2024-01-22 07:00:00+00:00,1,24.637,25.10078136672256
AT,AKC,urban,2024-01-22 08:00:00+00:00,1,24.32375,23.60549362828958
AT,AKC,urban,2024-01-22 09:00:00+00:00,1,20.862,23.29225274201743
AT,AKC,urban,2024-01-22 10:00:00+00:00,1,20.65225,19.85898127581426
AT,AKC,urban,2024-01-22 11:00:00+00:00,1,21.0275,20.78983553723119
AT,AKC,urban,2024-01-22 12:00:00+00:00,1,18.4495,20.99912937516773
AT,AKC,urban,2024-01-22 13:00:00+00:00,1,17.95375,18.24719689339399
AT,AKC,urban,2024-01-22 14:00:00+00:00,1,18.3385,18.46952193304539
AT,AKC,urban,2024-01-22 15:00:00+00:00,1,18.615,18.997281908212308
AT,AKC,urban,2024-01-22 16:00:00+00:00,1,23.073,18.540542175113863
AT,AKC,urban,2024-01-22 17:00:00+00:00,1,24.233,22.150077759959984
AT,AKC,urban,2024-01-22 18:00:00+00:00,1,25.11525,23.039225183949426
AT,AKC,urban,2024-01-22 19:00:00+00:00,1,26.23925,24.4158813403792
AT,AKC,urban,2024-01-22 20:00:00+00:00,1,27.11625,25.323253692958435
AT,AKC,urban,2024-01-22 21:00:00+00:00,1,27.977,26.379460602959092
AT,AKC,urban,2024-01-22 22:00:00+00:00,1,29.904,27.330991621284745
AT,AKC,urban,2024-01-22 23:00:00+00:00,1,30.1395,28.91124833881412
AT,AKC,urban,2024-01-23 00:00:00+00:00,1,31.123,28.52103518491165
AT,AKC,urban,2024-01-23 01:00:00+00:00,1,34.89275,30.166984392363464
AT,AKC,urban,2024-01-23 02:00:00+00:00,1,36.697,32.969667779281146
AT,AKC,urban,2024-01-23 03:00:00+00:00,1,37.66175,34.62883686038387
AT,AKC,urban,2024-01-23 04:00:00+00:00,1,38.928,36.09820420889206
AT,AKC,urban,2024-01-23 05:00:00+00:00,1,15.032025,38.0282803184404
AT,AKC,urban,2024-01-23 06:00:00+00:00,1,6.301274,15.349447948730834
AT,AKC,urban,2024-01-23 07:00:00+00:00,1,4.6737245,7.683342781831122
AT,AKC,urban,2024-01-23 08:00:00+00:00,1,3.813249,4.42317915685129
AT,AKC,urban,2024-01-23 09:00:00+00:00,1,3.3964245,5.182022266931227
AT,AKC,urban,2024-01-23 10:00:00+00:00,1,2.787274,1.7811855256288638
AT,AKC,urban,2024-01-23 11:00:00+00:00,1,3.009224,4.25321920893953
AT,AKC,urban,2024-01-23 12:00:00+00:00,1,3.0958245,4.746964763171292
AT,AKC,urban,2024-01-23 13:00:00+00:00,1,3.7405745,4.52820704670766
AT,AKC,urban,2024-01-23 14:00:00+00:00,1,4.095075,4.901528274388141
AT,AKC,urban,2024-01-23 15:00:00+00:00,1,3.3977245,5.567460050926453
AT,AKC,urban,2024-01-23 16:00:00+00:00,1,3.9140745,4.348713600336197
AT,AKC,urban,2024-01-23 17:00:00+00:00,1,4.3476245,4.281877696763374
AT,AKC,urban,2024-01-23 18:00:00+00:00,1,4.9155745,5.680155183484466
AT,AKC,urban,2024-01-23 19:00:00+00:00,1,4.3243245,6.595870364979646
AT,AKC,urban,2024-01-23 20:00:00+00:00,1,4.2716745,5.6645360853768985
AT,AKC,urban,2024-01-23 21:00:00+00:00,1,4.4116245,5.477240196814847
AT,AKC,urban,2024-01-23 22:00:00+00:00,1,5.9099745,5.649175393319599
AT,AKC,urban,2024-01-23 23:00:00+00:00,1,6.3445995,7.087674234623712
AT,AKC,urban,2024-01-24 00:00:00+00:00,1,5.802,7.164069426982191
AT,AKC,urban,2024-01-24 01:00:00+00:00,1,4.423424,6.533162876948634
AT,AKC,urban,2024-01-24 02:00:00+00:00,1,4.730275,4.580341420996142
AT,AKC,urban,2024-01-24 03:00:00+00:00,1,5.2310995,5.276853610002515
AT,AKC,urban,2024-01-24 04:00:00+00:00,1,4.5012995,5.739535374404689
AT,AKC,urban,2024-01-24 05:00:00+00:00,1,5.1354245,6.29733776816396
AT,AKC,urban,2024-01-24 06:00:00+00:00,1,6.4154745,7.1765581239448615
AT,AKC,urban,2024-01-24 07:00:00+00:00,1,5.772649,7.382153728364411
AT,AKC,urban,2024-01-24 08:00:00+00:00,1,3.170224,5.094118696193984
AT,AKC,urban,2024-01-24 09:00:00+00:00,1,3.1978495,2.2748248006755993
AT,AKC,urban,2024-01-24 10:00:00+00:00,1,2.9596745,2.6047195393248153
AT,AKC,urban,2024-01-24 11:00:00+00:00,1,4.045024,2.5126734090725087
AT,AKC,urban,2024-01-24 12:00:00+00:00,1,3.6635245,4.107119032761627
AT,AKC,urban,2024-01-24 13:00:00+00:00,1,4.994025,3.7073923083406974
AT,AKC,urban,2024-01-24 14:00:00+00:00,1,3.00205,5.988147509541609
AT,AKC,urban,2024-01-24 15:00:00+00:00,1,1.5837,2.3367931176223387
AT,AKC,urban,2024-01-24 16:00:00+00:00,1,1.7747245,0.9748921628411829
AT,AKC,urban,2024-01-24 17:00:00+00:00,1,2.1850245,1.749647457025862
AT,AKC,urban,2024-01-24 18:00:00+00:00,1,3.3019495,2.3526107903564153
AT,AKC,urban,2024-01-24 19:00:00+00:00,1,3.2411995,3.228540295033035
AT,AKC,urban,2024-01-24 20:00:00+00:00,1,3.5350495,3.3399965071509072
AT,AKC,urban,2024-01-24 21:00:00+00:00,1,4.543649,3.482179979922364
AT,AKC,urban,2024-01-24 22:00:00+00:00,1,4.9903,4.213799602539119
AT,AKC,urban,2024-01-24 23:00:00+00:00,1,4.921224,4.50528567439337
AT,AKC,urban,2024-01-25 00:00:00+00:00,1,4.8270495,4.566556025357791
AT,AKC,urban,2024-01-25 01:00:00+00:00,1,4.9644495,4.4489612608018625
AT,AKC,urban,2024-01-25 02:00:00+00:00,1,5.0153495,4.605538697239833
AT,AKC,urban,2024-01-25 03:00:00+00:00,1,5.1666495,4.673063052766096
AT,AKC,urban,2024-01-25 04:00:00+00:00,1,5.870349,4.80175066419347
AT,AKC,urban,2024-01-25 05:00:00+00:00,1,7.1359745,5.688335505399177
AT,AKC,urban,2024-01-25 06:00:00+00:00,1,7.4179995,7.568503423437402
AT,AKC,urban,2024-01-25 07:00:00+00:00,1,7.4850245,7.6563819398493855
AT,AKC,urban,2024-01-25 08:00:00+00:00,1,7.3427745,7.255290639648653
AT,AKC,urban,2024-01-25 09:00:00+00:00,1,7.4152245,7.078666114975434
AT,AKC,urban,2024-01-25 10:00:00+00:00,1,7.4208745,6.805739544099449
AT,AKC,urban,2024-01-25 11:00:00+00:00,1,8.998425,6.640914675867826
AT,AKC,urban,2024-01-25 12:00:00+00:00,1,8.3731245,8.07468287441073
AT,AKC,urban,2024-01-25 13:00:00+00:00,1,8.1469,7.8198446602686325
AT,AKC,urban,2024-01-25 14:00:00+00:00,1,6.6780745,7.824400969344673
AT,AKC,urban,2024-01-25 15:00:00+00:00,1,6.458775,5.977546509697596
AT,AKC,urban,2024-01-25 16:00:00+00:00,1,5.8260245,5.74484925372629
AT,AKC,urban,2024-01-25 17:00:00+00:00,1,6.0459745,5.42980913073826
AT,AKC,urban,2024-01-25 18:00:00+00:00,1,6.2965495,5.832137979156613
AT,AKC,urban,2024-01-25 19:00:00+00:00,1,6.21005,6.217610738120264
AT,AKC,urban,2024-01-25 20:00:00+00:00,1,5.976399,6.283772278636388
AT,AKC,urban,2024-01-25 21:00:00+00:00,1,5.8603,6.052916302430408
AT,AKC,urban,2024-01-25 22:00:00+00:00,1,6.2426495,5.961656371403617
AT,AKC,urban,2024-01-25 23:00:00+00:00,1,6.588874,6.3028794846426734
AT,AKC,urban,2024-01-26 00:00:00+00:00,1,6.797249,6.493024500589382
AT,AKC,urban,2024-01-26 01:00:00+00:00,1,6.838825,6.663000456542473
AT,AKC,urban,2024-01-26 02:00:00+00:00,1,6.794125,6.7144095810957225
AT,AKC,urban,2024-01-26 03:00:00+00:00,1,6.8600245,6.782534671203464
AT,AKC,urban,2024-01-26 04:00:00+00:00,1,6.8292245,6.99622713565342
AT,AKC,urban,2024-01-26 05:00:00+00:00,1,7.592625,7.4136491603981405
AT,AKC,urban,2024-01-26 06:00:00+00:00,1,9.25145,8.888023725317474
AT,AKC,urban,2024-01-26 07:00:00+00:00,1,9.725599,10.537363530631858
AT,AKC,urban,2024-01-26 08:00:00+00:00,1,11.28725,9.270957635078638
AT,AKC,urban,2024-01-26 09:00:00+00:00,1,11.6325,11.523483254049673
AT,AKC,urban,2024-01-26 10:00:00+00:00,1,10.901325,11.730161812293773
AT,AKC,urban,2024-01-26 11:00:00+00:00,1,11.1525,11.035936433538541
AT,AKC,urban,2024-01-26 12:00:00+00:00,1,11.055,11.402067075764677
AT,AKC,urban,2024-01-26 13:00:00+00:00,1,10.82475,11.033575283255782
AT,AKC,urban,2024-01-26 14:00:00+00:00,1,10.9275,11.449664497735693
AT,AKC,urban,2024-01-26 15:00:00+00:00,1,12.423,12.350361485354544
AT,AKC,urban,2024-01-26 16:00:00+00:00,1,5.9199745,13.324460893272708
AT,AKC,urban,2024-01-26 17:00:00+00:00,1,4.2461995,4.3069100811183105
AT,AKC,urban,2024-01-26 18:00:00+00:00,1,3.139449,3.5673262255554086
AT,AKC,urban,2024-01-26 19:00:00+00:00,1,2.171824,3.191951077204717
AT,AKC,urban,2024-01-26 20:00:00+00:00,1,1.901399,2.4851572321010806
AT,AKC,urban,2024-01-26 21:00:00+00:00,1,1.973699,2.049120816085342
AT,AKC,urban,2024-01-26 22:00:00+00:00,1,1.6500495,2.1655291007322646
AT,AKC,urban,2024-01-26 23:00:00+00:00,1,1.4541745,1.7811607800778084
AT,AKC,urban,2024-01-27 00:00:00+00:00,1,1.6883745,1.6338492239814784
AT,AKC,urban,2024-01-27 01:00:00+00:00,1,2.21725,1.869596498354344
AT,AKC,urban,2024-01-27 02:00:00+00:00,1,2.739724,2.4170080821648767
AT,AKC,urban,2024-01-27 03:00:00+00:00,1,3.3236495,2.942094039698194
AT,AKC,urban,2024-01-27 04:00:00+00:00,1,3.546849,3.5113527784080247
AT,AKC,urban,2024-01-27 05:00:00+00:00,1,3.9947995,3.6940261950441027
AT,AKC,urban,2024-01-27 06:00:00+00:00,1,4.2320995,4.123274962345807
AT,AKC,urban,2024-01-27 07:00:00+00:00,1,4.655399,4.28983858060916
AT,AKC,urban,2024-01-27 08:00:00+00:00,1,5.3112245,4.527948074529583
AT,AKC,urban,2024-01-27 09:00:00+00:00,1,5.7451495,5.017659420832356
AT,AKC,urban,2024-01-27 10:00:00+00:00,1,5.293625,5.281249816039402
AT,AKC,urban,2024-01-27 11:00:00+00:00,1,4.857,4.935749833128767
AT,AKC,urban,2024-01-27 12:00:00+00:00,1,5.1560995,4.559725168613131
AT,AKC,urban,2024-01-27 13:00:00+00:00,1,4.988475,4.980425227761195
AT,AKC,urban,2024-01-27 14:00:00+00:00,1,5.1887245,4.782135254472273
AT,AKC,urban,2024-01-27 15:00:00+00:00,1,5.6726995,5.173000643992403
AT,AKC,urban,2024-01-27 16:00:00+00:00,1,5.96065,5.658988923701166
AT,AKC,urban,2024-01-27 17:00:00+00:00,1,5.3193495,5.834233480681881
AT,AKC,urban,2024-01-27 18:00:00+00:00,1,5.1237495,5.262816531646564
AT,AKC,urban,2024-01-27 19:00:00+00:00,1,5.000075,5.048624978812555
AT,AKC,urban,2024-01-27 20:00:00+00:00,1,5.0479245,5.0179153014724704
AT,AKC,urban,2024-01-27 21:00:00+00:00,1,5.314174,5.149951591659153
AT,AKC,urban,2024-01-27 22:00:00+00:00,1,5.325949,5.455437187422977
AT,AKC,urban,2024-01-27 23:00:00+00:00,1,5.6208745,5.493236211698722
AT,AKC,urban,2024-01-28 00:00:00+00:00,1,6.001199,6.003553542470723
AT,AKC,urban,2024-01-28 01:00:00+00:00,1,6.12755,6.125673348554248
AT,AKC,urban,2024-01-28 02:00:00+00:00,1,6.143099,6.000071162408776
AT,AKC,urban,2024-01-28 03:00:00+00:00,1,5.6920495,6.099385949829806
AT,AKC,urban,2024-01-28 04:00:00+00:00,1,6.324124,6.229079388555384
AT,AKC,urban,2024-01-28 05:00:00+00:00,1,6.1028995,6.822013156459381
AT,AKC,urban,2024-01-28 06:00:00+00:00,1,6.1633745,5.948952386755639
AT,AKC,urban,2024-01-28 07:00:00+00:00,1,6.1533245,6.868422743384276
AT,AKC,urban,2024-01-28 08:00:00+00:00,1,7.4413495,6.124255638933025
AT,AKC,urban,2024-01-28 09:00:00+00:00,1,7.753124,7.628779630663363
AT,AKC,urban,2024-01-28 10:00:00+00:00,1,7.2968245,7.5271915572205295
AT,AKC,urban,2024-01-28 11:00:00+00:00,1,7.7812495,7.309134862422859
AT,AKC,urban,2024-01-28 12:00:00+00:00,1,6.2974495,7.86464052590274
AT,AKC,urban,2024-01-28 13:00:00+00:00,1,6.020224,6.49545619756908
AT,AKC,urban,2024-01-28 14:00:00+00:00,1,6.875625,6.31654817264215
AT,AKC,urban,2024-01-28 15:00:00+00:00,1,8.9822745,7.452920707747538
AT,AKC,urban,2024-01-28 16:00:00+00:00,1,9.979225,9.673288012914192
AT,AKC,urban,2024-01-28 17:00:00+00:00,1,13.59175,10.668737704384387
AT,AKC,urban,2024-01-28 18:00:00+00:00,1,16.16475,14.686410659061494
AT,AKC,urban,2024-01-28 19:00:00+00:00,1,15.70275,16.47387575433574
AT,AKC,urban,2024-01-28 20:00:00+00:00,1,16.92525,15.593328401776088
AT,AKC,urban,2024-01-28 21:00:00+00:00,1,14.59525,17.185853768011523
AT,AKC,urban,2024-01-28 22:00:00+00:00,1,13.21925,14.498575604169481
AT,AKC,urban,2024-01-28 23:00:00+00:00,1,15.57375,13.382438133782514
AT,AKC,urban,2024-01-29 00:00:00+00:00,1,22.2235,15.85501848285865
AT,AKC,urban,2024-01-29 01:00:00+00:00,1,21.9865,21.02931157243732
AT,AKC,urban,2024-01-29 02:00:00+00:00,1,18.30225,20.69664248860706
AT,AKC,urban,2024-01-29 03:00:00+00:00,1,16.359,18.234594423747524
AT,AKC,urban,2024-01-29 04:00:00+00:00,1,17.29175,16.438313186074037
AT,AKC,urban,2024-01-29 05:00:00+00:00,1,19.791,17.03825660023994
AT,AKC,urban,2024-01-29 06:00:00+00:00,1,21.638,18.955330335262236
AT,AKC,urban,2024-01-29 07:00:00+00:00,1,19.75025,20.393572518224644
AT,AKC,urban,2024-01-29 08:00:00+00:00,1,19.4555,18.629781319978633
AT,AKC,urban,2024-01-29 09:00:00+00:00,1,19.6395,18.23339921534796
AT,AKC,urban,2024-01-29 10:00:00+00:00,1,17.28525,19.1777102141443
AT,AKC,urban,2024-01-29 11:00:00+00:00,1,14.38275,16.81606699518938
AT,AKC,urban,2024-01-29 12:00:00+00:00,1,12.312,14.373898727182038
AT,AKC,urban,2024-01-29 13:00:00+00:00,1,13.62575,12.225478284496116
AT,AKC,urban,2024-01-29 14:00:00+00:00,1,13.11075,13.858708849992563
AT,AKC,urban,2024-01-29 15:00:00+00:00,1,14.24075,13.944489985742408
AT,AKC,urban,2024-01-29 16:00:00+00:00,1,14.5175,15.39778530620761
AT,AKC,urban,2024-01-29 17:00:00+00:00,1,15.64775,15.28119572297885
AT,AKC,urban,2024-01-29 18:00:00+00:00,1,17.38775,16.13999256963146
AT,AKC,urban,2024-01-29 19:00:00+00:00,1,18.541,17.507339876993015
AT,AKC,urban,2024-01-29 20:00:00+00:00,1,19.01825,18.559246251437067
AT,AKC,urban,2024-01-29 21:00:00+00:00,1,18.68475,19.181393059655953
AT,AKC,urban,2024-01-29 22:00:00+00:00,1,18.356,19.04118765217938
AT,AKC,urban,2024-01-29 23:00:00+00:00,1,18.56775,18.85566518427948
AT,AKC,urban,2024-01-30 00:00:00+00:00,1,18.36325,19.02599047333925
AT,AKC,urban,2024-01-30 01:00:00+00:00,1,17.673,18.916758533367663
AT,AKC,urban,2024-01-30 02:00:00+00:00,1,17.53575,18.19768460855739
AT,AKC,urban,2024-01-30 03:00:00+00:00,1,18.7,18.12780263236983
AT,AKC,urban,2024-01-30 04:00:00+00:00,1,19.0255,19.1781885091587
AT,AKC,urban,2024-01-30 05:00:00+00:00,1,19.20025,19.712543895485226
AT,AKC,urban,2024-01-30 06:00:00+00:00,1,19.646,20.738261846724235
AT,AKC,urban,2024-01-30 07:00:00+00:00,1,20.73975,20.070290628414114
AT,AKC,urban,2024-01-30 08:00:00+00:00,1,21.22675,20.042872289553124
AT,AKC,urban,2024-01-30 09:00:00+00:00,1,18.2805,20.78537749332298
AT,AKC,urban,2024-01-30 10:00:00+00:00,1,17.69175,17.941017543115453
AT,AKC,urban,2024-01-30 11:00:00+00:00,1,16.5965,17.30954959501849
AT,AKC,urban,2024-01-30 12:00:00+00:00,1,16.339,16.295096182254085
AT,AKC,urban,2024-01-30 13:00:00+00:00,1,16.249,16.760767738724503
AT,AKC,urban,2024-01-30 14:00:00+00:00,1,15.25375,16.808304871147406
AT,AKC,urban,2024-01-30 15:00:00+00:00,1,15.2215,15.972913330135732
AT,AKC,urban,2024-01-30 16:00:00+00:00,1,15.11875,16.390861909254607
AT,AKC,urban,2024-01-30 17:00:00+00:00,1,16.20975,16.123699138919953
AT,AKC,urban,2024-01-30 18:00:00+00:00,1,17.9645,16.897664558921683
AT,AKC,urban,2024-01-30 19:00:00+00:00,1,18.6505,18.179548133668877
AT,AKC,urban,2024-01-30 20:00:00+00:00,1,19.732,18.66775936440532
AT,AKC,urban,2024-01-30 21:00:00+00:00,1,20.93275,19.737190665317947
AT,AKC,urban,2024-01-30 22:00:00+00:00,1,24.60375,20.858246201893053
AT,AKC,urban,2024-01-30 23:00:00+00:00,1,25.86025,25.550887579845764
AT,AKC,urban,2024-01-31 00:00:00+00:00,1,28.702,25.15234493695784
AT,AKC,urban,2024-01-31 01:00:00+00:00,1,28.117,27.46378412462805
AT,AKC,urban,2024-01-31 02:00:00+00:00,1,27.79175,26.938045555316393
AT,AKC,urban,2024-01-31 03:00:00+00:00,1,26.5445,26.545143514309004
AT,AKC,urban,2024-01-31 04:00:00+00:00,1,25.97875,25.81642503335234
AT,AKC,urban,2024-01-31 05:00:00+00:00,1,27.787,25.605145985696
AT,AKC,urban,2024-01-31 06:00:00+00:00,1,28.91925,27.413365206723746
AT,AKC,urban,2024-01-31 07:00:00+00:00,1,29.2365,28.15512853473199
AT,AKC,urban,2024-01-31 08:00:00+00:00,1,31.43375,28.212850467135503
AT,AKC,urban,2024-01-31 09:00:00+00:00,1,34.08175,30.029795506540484
AT,AKC,urban,2024-01-31 10:00:00+00:00,1,34.80825,32.27470678360622
AT,AKC,urban,2024-01-31 11:00:00+00:00,1,32.665,33.098013742790286
AT,AKC,urban,2024-01-31 12:00:00+00:00,1,35.336,31.06015699947281
AT,AKC,urban,2024-01-31 13:00:00+00:00,1,36.637,33.81492328398873
AT,AKC,urban,2024-01-31 14:00:00+00:00,1,37.00625,35.175090536637875
AT,AKC,urban,2024-01-31 15:00:00+00:00,1,36.9885,36.426033270478854
AT,AKC,urban,2024-01-31 16:00:00+00:00,1,36.9265,36.58613694435756
AT,AKC,urban,2024-01-31 17:00:00+00:00,1,37.7395,36.354429996830135
AT,AKC,urban,2024-01-31 18:00:00+00:00,1,38.7455,37.01653716825513
AT,AKC,urban,2024-01-31 19:00:00+00:00,1,39.7485,37.77963317279752
AT,AKC,urban,2024-01-31 20:00:00+00:00,1,40.52825,38.77654811560758
AT,AKC,urban,2024-01-31 21:00:00+00:00,1,40.88025,38.83381183926021
AT,AKC,urban,2024-01-31 22:00:00+00:00,1,42.00325,39.665837963461044
AT,AKC,urban,2024-01-31 23:00:00+00:00,1,41.828,40.363599255175544
AT,AKC,urban,2024-02-01 00:00:00+00:00,1,38.855,41.081871126004984
AT,AKC,urban,2024-02-01 01:00:00+00:00,1,33.50775,38.547306090841936
AT,AKC,urban,2024-02-01 02:00:00+00:00,1,35.16975,33.372014803305454
AT,AKC,urban,2024-02-01 03:00:00+00:00,1,29.4625,34.740830687346644
AT,AKC,urban,2024-02-01 04:00:00+00:00,1,29.67475,29.411666427064958
AT,AKC,urban,2024-02-01 05:00:00+00:00,1,19.86275,29.725423982611144
AT,AKC,urban,2024-02-01 06:00:00+00:00,1,15.0195,19.658406865989743
AT,AKC,urban,2024-02-01 07:00:00+00:00,1,12.30575,15.868251336824196
AT,AKC,urban,2024-02-01 08:00:00+00:00,1,11.5165,13.370005476409816
AT,AKC,urban,2024-02-01 09:00:00+00:00,1,11.08625,12.438551731870106
AT,AKC,urban,2024-02-01 10:00:00+00:00,1,10.391,12.003622331381692
AT,AKC,urban,2024-02-01 11:00:00+00:00,1,9.212274,10.847086593457611
AT,AKC,urban,2024-02-01 12:00:00+00:00,1,6.6615,10.966598669747409
AT,AKC,urban,2024-02-01 13:00:00+00:00,1,5.7438,7.927941967771087
AT,AKC,urban,2024-02-01 14:00:00+00:00,1,5.083075,7.394121871408377
AT,AKC,urban,2024-02-01 15:00:00+00:00,1,4.94045,6.961472960391195
AT,AKC,urban,2024-02-01 16:00:00+00:00,1,5.675124,6.552809419276453
AT,AKC,urban,2024-02-01 17:00:00+00:00,1,4.467625,7.086539215431031
AT,AKC,urban,2024-02-01 18:00:00+00:00,1,3.6431745,5.938898508836459
AT,AKC,urban,2024-02-01 19:00:00+00:00,1,3.1050495,5.173278576992143
AT,AKC,urban,2024-02-01 20:00:00+00:00,1,3.160599,4.6002499796596865
AT,AKC,urban,2024-02-01 21:00:00+00:00,1,3.522049,4.572283192973224
AT,AKC,urban,2024-02-01 22:00:00+00:00,1,3.5153995,4.690983988895454
AT,AKC,urban,2024-02-01 23:00:00+00:00,1,3.693874,4.436952905950722
AT,AKC,urban,2024-02-02 00:00:00+00:00,1,3.978175,4.528857838476274
AT,AKC,urban,2024-02-02 01:00:00+00:00,1,3.9666,4.746071283817628
AT,AKC,urban,2024-02-02 02:00:00+00:00,1,4.1716,4.715528796193233
AT,AKC,urban,2024-02-02 03:00:00+00:00,1,4.375249,4.743072625801155
AT,AKC,urban,2024-02-02 04:00:00+00:00,1,4.9322745,4.860388745397621
AT,AKC,urban,2024-02-02 05:00:00+00:00,1,10.6364,5.402273274806209
AT,AKC,urban,2024-02-02 06:00:00+00:00,1,15.32975,10.12650194319465
AT,AKC,urban,2024-02-02 07:00:00+00:00,1,13.08075,13.460358161093296
AT,AKC,urban,2024-02-02 08:00:00+00:00,1,11.618,12.01554870789883
AT,AKC,urban,2024-02-02 09:00:00+00:00,1,9.1946995,11.434788484375797
AT,AKC,urban,2024-02-02 10:00:00+00:00,1,8.593824,8.83825583560914
AT,AKC,urban,2024-02-02 11:00:00+00:00,1,9.596675,8.389760577070358
AT,AKC,urban,2024-02-02 12:00:00+00:00,1,9.3612495,8.99910903344811
AT,AKC,urban,2024-02-02 13:00:00+00:00,1,7.777299,9.074367518183415
AT,AKC,urban,2024-02-02 14:00:00+00:00,1,7.11685,7.645696097396769
AT,AKC,urban,2024-02-02 15:00:00+00:00,1,5.71365,6.987122200701847
AT,AKC,urban,2024-02-02 16:00:00+00:00,1,3.683975,5.667701945567753
AT,AKC,urban,2024-02-02 17:00:00+00:00,1,2.467624,3.8034383583694655
AT,AKC,urban,2024-02-02 18:00:00+00:00,1,2.616349,2.6445881657744685
AT,AKC,urban,2024-02-02 19:00:00+00:00,1,2.457474,2.7325820487282364
AT,AKC,urban,2024-02-02 20:00:00+00:00,1,2.33045,2.5295064642961442
AT,AKC,urban,2024-02-02 21:00:00+00:00,1,2.201175,2.41739019587963
AT,AKC,urban,2024-02-02 22:00:00+00:00,1,2.022574,2.2514878610149047
AT,AKC,urban,2024-02-02 23:00:00+00:00,1,2.2991495,1.9877308116026349
AT,AKC,urban,2024-02-03 00:00:00+00:00,1,2.392525,2.1642616139189457
AT,AKC,urban,2024-02-03 01:00:00+00:00,1,2.3484495,2.417307255885987
AT,AKC,urban,2024-02-03 02:00:00+00:00,1,2.5505495,2.426072371350056
AT,AKC,urban,2024-02-03 03:00:00+00:00,1,2.8367245,2.5228991037289283
AT,AKC,urban,2024-02-03 04:00:00+00:00,1,3.1139,2.878431574918764
AT,AKC,urban,2024-02-03 05:00:00+00:00,1,3.4461495,3.1292588878972616
AT,AKC,urban,2024-02-03 06:00:00+00:00,1,3.5192745,3.5394283268073004
AT,AKC,urban,2024-02-03 07:00:00+00:00,1,4.2470495,3.34440219778568
AT,AKC,urban,2024-02-03 08:00:00+00:00,1,5.1239745,3.86708349836778
AT,AKC,urban,2024-02-03 09:00:00+00:00,1,4.655799,4.536539953297417
AT,AKC,urban,2024-02-03 10:00:00+00:00,1,4.211724,4.0983664661034105
AT,AKC,urban,2024-02-03 11:00:00+00:00,1,4.117624,3.8000967877564342
AT,AKC,urban,2024-02-03 12:00:00+00:00,1,3.896124,3.694152001731453
AT,AKC,urban,2024-02-03 13:00:00+00:00,1,3.2856245,3.5100649685101644
AT,AKC,urban,2024-02-03 14:00:00+00:00,1,3.128549,3.1531089912186445
AT,AKC,urban,2024-02-03 15:00:00+00:00,1,3.5315995,3.2036813310015084
AT,AKC,urban,2024-02-03 16:00:00+00:00,1,4.1595245,3.7194455361025796
AT,AKC,urban,2024-02-03 17:00:00+00:00,1,3.871025,4.12710407585147
AT,AKC,urban,2024-02-03 18:00:00+00:00,1,3.508574,3.960366065036599
AT,AKC,urban,2024-02-03 19:00:00+00:00,1,3.834924,3.6511225151082485
AT,AKC,urban,2024-02-03 20:00:00+00:00,1,4.577725,3.900839390868594
AT,AKC,urban,2024-02-03 21:00:00+00:00,1,6.3684245,4.370718192117952
AT,AKC,urban,2024-02-03 22:00:00+00:00,1,6.0026495,5.729275206129131
AT,AKC,urban,2024-02-03 23:00:00+00:00,1,5.59115,5.420664682351976
AT,AKC,urban,2024-02-04 00:00:00+00:00,1,4.320549,5.219341343412747
AT,AKC,urban,2024-02-04 01:00:00+00:00,1,4.678649,4.084093313054236
AT,AKC,urban,2024-02-04 02:00:00+00:00,1,4.270974,4.445212534843456
AT,AKC,urban,2024-02-04 03:00:00+00:00,1,4.661374,4.056573657810699
AT,AKC,urban,2024-02-04 04:00:00+00:00,1,3.722825,4.517838769512348
AT,AKC,urban,2024-02-04 05:00:00+00:00,1,3.9775995,3.6268789246361415
AT,AKC,urban,2024-02-04 06:00:00+00:00,1,3.7857245,3.832650494307021
AT,AKC,urban,2024-02-04 07:00:00+00:00,1,2.7196245,3.668813968488344
AT,AKC,urban,2024-02-04 08:00:00+00:00,1,2.0127,2.645479183903312
AT,AKC,urban,2024-02-04 09:00:00+00:00,1,1.956299,1.9899238012732638
AT,AKC,urban,2024-02-04 10:00:00+00:00,1,1.769074,1.872218015381467
AT,AKC,urban,2024-02-04 11:00:00+00:00,1,2.1254495,1.7014326899623349
AT,AKC,urban,2024-02-04 12:00:00+00:00,1,2.7666495,2.2057195879025073
AT,AKC,urban,2024-02-04 13:00:00+00:00,1,3.065425,2.668441800933781
AT,AKC,urban,2024-02-04 14:00:00+00:00,1,2.8048495,3.022232903855226
AT,AKC,urban,2024-02-04 15:00:00+00:00,1,2.5139995,2.821226252536764
AT,AKC,urban,2024-02-04 16:00:00+00:00,1,2.517974,2.651265605546545
AT,AKC,urban,2024-02-04 17:00:00+00:00,1,2.2553495,2.6174168907804116
AT,AKC,urban,2024-02-04 18:00:00+00:00,1,2.426549,2.4007699314930626
AT,AKC,urban,2024-02-04 19:00:00+00:00,1,2.8516245,2.467004102887376
AT,AKC,urban,2024-02-04 20:00:00+00:00,1,2.540925,2.865617993346202
AT,AKC,urban,2024-02-04 21:00:00+00:00,1,2.173774,2.5513975234485393
AT,AKC,urban,2024-02-04 22:00:00+00:00,1,1.9917745,2.0961262959459113
AT,AKC,urban,2024-02-04 23:00:00+00:00,1,2.096224,1.8370709422036846
AT,AKC,urban,2024-02-05 00:00:00+00:00,1,1.974799,1.9188293644236367
AT,AKC,urban,2024-02-05 01:00:00+00:00,1,2.4373495,1.7974755984714754
AT,AKC,urban,2024-02-05 02:00:00+00:00,1,2.2485,2.081366719818014
AT,AKC,urban,2024-02-05 03:00:00+00:00,1,2.429225,1.8517227390806816
AT,AKC,urban,2024-02-05 04:00:00+00:00,1,2.45175,1.9487094485058378
AT,AKC,urban,2024-02-05 05:00:00+00:00,1,2.4431,2.034660387336121
AT,AKC,urban,2024-02-05 06:00:00+00:00,1,2.4798245,2.1352847327122575
AT,AKC,urban,2024-02-05 07:00:00+00:00,1,2.98495,2.270508842627237
AT,AKC,urban,2024-02-05 08:00:00+00:00,1,2.6532245,2.4960565137123467
AT,AKC,urban,2024-02-05 09:00:00+00:00,1,2.7881745,2.4900455387425318
AT,AKC,urban,2024-02-05 10:00:00+00:00,1,2.892175,2.6980666666910125
AT,AKC,urban,2024-02-05 11:00:00+00:00,1,4.5092245,2.621450488789499
AT,AKC,urban,2024-02-05 12:00:00+00:00,1,5.305074,3.720553646826211
AT,AKC,urban,2024-02-05 13:00:00+00:00,1,5.4749995,4.553618129552447
AT,AKC,urban,2024-02-05 14:00:00+00:00,1,4.921349,5.250409757807198
AT,AKC,urban,2024-02-05 15:00:00+00:00,1,5.7207745,4.558497406959624
AT,AKC,urban,2024-02-05 16:00:00+00:00,1,5.6518245,5.1075071903685085
AT,AKC,urban,2024-02-05 17:00:00+00:00,1,5.8673745,4.892315247315125
AT,AKC,urban,2024-02-05 18:00:00+00:00,1,5.9130495,5.34371810275319
AT,AKC,urban,2024-02-05 19:00:00+00:00,1,6.3212995,5.404656171683641
AT,AKC,urban,2024-02-05 20:00:00+00:00,1,6.497474,5.84582964718151
AT,AKC,urban,2024-02-05 21:00:00+00:00,1,6.5456495,5.99962005221883
AT,AKC,urban,2024-02-05 22:00:00+00:00,1,6.514825,6.010585936855026
AT,AKC,urban,2024-02-05 23:00:00+00:00,1,6.6321245,5.8145469215885015
AT,AKC,urban,2024-02-06 00:00:00+00:00,1,6.3470745,5.838603889573626
AT,AKC,urban,2024-02-06 01:00:00+00:00,1,5.9239995,5.671088267982864
AT,AKC,urban,2024-02-06 02:00:00+00:00,1,5.60555,5.132584779028235
AT,AKC,urban,2024-02-06 03:00:00+00:00,1,5.3411245,4.865035334273141
AT,AKC,urban,2024-02-06 04:00:00+00:00,1,5.513424,4.679722423062081
AT,AKC,urban,2024-02-06 05:00:00+00:00,1,6.4708495,5.013602964200128
AT,AKC,urban,2024-02-06 06:00:00+00:00,1,6.1548245,5.863474528131892
AT,AKC,urban,2024-02-06 07:00:00+00:00,1,6.560599,5.6458747036871415
AT,AKC,urban,2024-02-06 08:00:00+00:00,1,6.9517245,6.225132056279513
AT,AKC,urban,2024-02-06 09:00:00+00:00,1,8.3005,6.476628612330117
AT,AKC,urban,2024-02-06 10:00:00+00:00,1,8.4317495,7.616685405267191
AT,AKC,urban,2024-02-06 11:00:00+00:00,1,8.3283745,7.616588824982152
AT,AKC,urban,2024-02-06 12:00:00+00:00,1,7.3226995,7.65750676604932
AT,AKC,urban,2024-02-06 13:00:00+00:00,1,7.267149,6.6601376803791155
AT,AKC,urban,2024-02-06 14:00:00+00:00,1,6.493724,6.889144369659331
AT,AKC,urban,2024-02-06 15:00:00+00:00,1,5.4128745,6.1975629880179355
AT,AKC,urban,2024-02-06 16:00:00+00:00,1,4.911474,5.247495629755662
AT,AKC,urban,2024-02-06 17:00:00+00:00,1,4.917375,4.877814672417944
AT,AKC,urban,2024-02-06 18:00:00+00:00,1,5.042124,4.88108818886089
AT,AKC,urban,2024-02-06 19:00:00+00:00,1,5.14475,5.089449898682382
AT,AKC,urban,2024-02-06 20:00:00+00:00,1,5.2362495,5.182833932306902
AT,AKC,urban,2024-02-06 21:00:00+00:00,1,5.0442995,5.286761643319238
AT,AKC,urban,2024-02-06 22:00:00+00:00,1,5.377674,5.04902009806397
AT,AKC,urban,2024-02-06 23:00:00+00:00,1,5.649825,5.306922749169971
AT,AKC,urban,2024-02-07 00:00:00+00:00,1,5.0458995,5.596630702434947
AT,AKC,urban,2024-02-07 01:00:00+00:00,1,5.6366245,4.8327484985835945
AT,AKC,urban,2024-02-07 02:00:00+00:00,1,5.1859745,5.3394140241764205
AT,AKC,urban,2024-02-07 03:00:00+00:00,1,5.0431995,4.84055605742283
AT,AKC,urban,2024-02-07 04:00:00+00:00,1,5.063049,4.8790732662012175
AT,AKC,urban,2024-02-07 05:00:00+00:00,1,6.084524,5.301347843263283
AT,AKC,urban,2024-02-07 06:00:00+00:00,1,6.246974,5.749516096551499
AT,AKC,urban,2024-02-07 07:00:00+00:00,1,5.351525,5.966765554868953
AT,AKC,urban,2024-02-07 08:00:00+00:00,1,5.6457495,5.243788958731013
AT,AKC,urban,2024-02-07 09:00:00+00:00,1,5.2321495,5.4885850737322315
AT,AKC,urban,2024-02-07 10:00:00+00:00,1,4.927525,4.9486725677907515
AT,AKC,urban,2024-02-07 11:00:00+00:00,1,5.923474,4.468928377296017
AT,AKC,urban,2024-02-07 12:00:00+00:00,1,5.779549,5.507814342702712
AT,AKC,urban,2024-02-07 13:00:00+00:00,1,4.3366245,5.50997685664645
AT,AKC,urban,2024-02-07 14:00:00+00:00,1,4.3435495,4.178155686625033
AT,AKC,urban,2024-02-07 15:00:00+00:00,1,3.34785,4.464408615090118
AT,AKC,urban,2024-02-07 16:00:00+00:00,1,3.5510245,3.6718841550072128
AT,AKC,urban,2024-02-07 17:00:00+00:00,1,2.8552995,3.5952499358725944
AT,AKC,urban,2024-02-07 18:00:00+00:00,1,3.2900995,2.496585040900186
AT,AKC,urban,2024-02-07 19:00:00+00:00,1,3.47885,3.2359532867924727
AT,AKC,urban,2024-02-07 20:00:00+00:00,1,3.444674,3.411764175730145
AT,AKC,urban,2024-02-07 21:00:00+00:00,1,3.4313245,3.4584652363560124
AT,AKC,urban,2024-02-07 22:00:00+00:00,1,3.5448495,3.5212248473459695
AT,AKC,urban,2024-02-07 23:00:00+00:00,1,3.341399,3.4082271268895106
AT,AKC,urban,2024-02-08 00:00:00+00:00,1,2.9315495,3.181935947562426
AT,AKC,urban,2024-02-08 01:00:00+00:00,1,2.5918,2.8085713207481042
AT,AKC,urban,2024-02-08 02:00:00+00:00,1,1.8553745,2.4644631145146505
AT,AKC,urban,2024-02-08 03:00:00+00:00,1,1.70565,1.7181964876397373
AT,AKC,urban,2024-02-08 04:00:00+00:00,1,2.447849,2.073160630764935
AT,AKC,urban,2024-02-08 05:00:00+00:00,1,3.2542745,4.04174755903502
AT,AKC,urban,2024-02-08 06:00:00+00:00,1,3.443124,3.241611349337539
AT,AKC,urban,2024-02-08 07:00:00+00:00,1,2.7293245,3.179561317894681
AT,AKC,urban,2024-02-08 08:00:00+00:00,1,3.009574,2.9767156557558856
AT,AKC,urban,2024-02-08 09:00:00+00:00,1,3.185449,2.9990103460390394
AT,AKC,urban,2024-02-08 10:00:00+00:00,1,2.3083495,2.8291332566418355
AT,AKC,urban,2024-02-08 11:00:00+00:00,1,4.0503745,1.7892231360963464
AT,AKC,urban,2024-02-08 12:00:00+00:00,1,4.471724,3.7446060697834547
AT,AKC,urban,2024-02-08 13:00:00+00:00,1,2.422349,4.534356804272722
AT,AKC,urban,2024-02-08 14:00:00+00:00,1,2.4679995,2.6021267997733517
AT,AKC,urban,2024-02-08 15:00:00+00:00,1,3.4956745,2.406694516843846
AT,AKC,urban,2024-02-08 16:00:00+00:00,1,7.6437495,4.8450080065427095
AT,AKC,urban,2024-02-08 17:00:00+00:00,1,13.7325,9.324529890092663
AT,AKC,urban,2024-02-08 18:00:00+00:00,1,8.388024,13.514538422821023
AT,AKC,urban,2024-02-08 19:00:00+00:00,1,4.8911495,7.048480479710346
AT,AKC,urban,2024-02-08 20:00:00+00:00,1,7.3339995,3.467792202488493
AT,AKC,urban,2024-02-08 21:00:00+00:00,1,9.036774,7.5555235858381025
AT,AKC,urban,2024-02-08 22:00:00+00:00,1,10.942625,8.738703688467663
AT,AKC,urban,2024-02-08 23:00:00+00:00,1,10.814125,10.85041150388285
AT,AKC,urban,2024-02-09 00:00:00+00:00,1,11.74375,10.504239646131278
AT,AKC,urban,2024-02-09 01:00:00+00:00,1,13.5955,10.862957142472212
AT,AKC,urban,2024-02-09 02:00:00+00:00,1,16.015,11.964429669579953
AT,AKC,urban,2024-02-09 03:00:00+00:00,1,17.13925,13.664814273878793
AT,AKC,urban,2024-02-09 04:00:00+00:00,1,17.722,15.360052835321461
AT,AKC,urban,2024-02-09 05:00:00+00:00,1,18.42675,16.665212561057267
AT,AKC,urban,2024-02-09 06:00:00+00:00,1,19.5645,17.8162288031671
AT,AKC,urban,2024-02-09 07:00:00+00:00,1,19.0645,18.329306295331833
AT,AKC,urban,2024-02-09 08:00:00+00:00,1,18.02675,18.08901976025673
AT,AKC,urban,2024-02-09 09:00:00+00:00,1,17.334,16.875933413552726
AT,AKC,urban,2024-02-09 10:00:00+00:00,1,15.78025,16.188315403306497
AT,AKC,urban,2024-02-09 11:00:00+00:00,1,15.68825,14.904083437838338
AT,AKC,urban,2024-02-09 12:00:00+00:00,1,14.09825,14.791253888787796
AT,AKC,urban,2024-02-09 13:00:00+00:00,1,13.9275,13.172645525863075
AT,AKC,urban,2024-02-09 14:00:00+00:00,1,12.95925,13.750140692980587
AT,AKC,urban,2024-02-09 15:00:00+00:00,1,13.694,12.779081754438668
AT,AKC,urban,2024-02-09 16:00:00+00:00,1,15.985,14.005683792068329
AT,AKC,urban,2024-02-09 17:00:00+00:00,1,20.125,16.620266339494933
AT,AKC,urban,2024-02-09 18:00:00+00:00,1,18.12675,19.85179670070169
AT,AKC,urban,2024-02-09 19:00:00+00:00,1,17.028,17.68740313213053
AT,AKC,urban,2024-02-09 20:00:00+00:00,1,14.754,16.91025195253412
AT,AKC,urban,2024-02-09 21:00:00+00:00,1,14.19,14.602829339362696
AT,AKC,urban,2024-02-09 22:00:00+00:00,1,16.795,13.453768582738434
AT,AKC,urban,2024-02-09 23:00:00+00:00,1,16.40475,16.56735063591423
AT,AKC,urban,2024-02-10 00:00:00+00:00,1,16.002,16.213583681280827
AT,AKC,urban,2024-02-10 01:00:00+00:00,1,15.648,16.574365486266107
AT,AKC,urban,2024-02-10 02:00:00+00:00,1,15.528,16.198205747822833
AT,AKC,urban,2024-02-10 03:00:00+00:00,1,14.93375,15.372621275753769
AT,AKC,urban,2024-02-10 04:00:00+00:00,1,15.60425,14.588327946098435
AT,AKC,urban,2024-02-10 05:00:00+00:00,1,15.51175,15.590652219192616
AT,AKC,urban,2024-02-10 06:00:00+00:00,1,14.4815,15.51043487181175
AT,AKC,urban,2024-02-10 07:00:00+00:00,1,12.62025,14.537361685426777
AT,AKC,urban,2024-02-10 08:00:00+00:00,1,13.943,12.260097214853161
AT,AKC,urban,2024-02-10 09:00:00+00:00,1,12.98075,13.503304841421642
AT,AKC,urban,2024-02-10 10:00:00+00:00,1,7.5838245,12.49751825132908
AT,AKC,urban,2024-02-10 11:00:00+00:00,1,8.2195245,7.693828427486228
AT,AKC,urban,2024-02-10 12:00:00+00:00,1,10.67795,8.47196645161154
AT,AKC,urban,2024-02-10 13:00:00+00:00,1,12.277,11.216138124953428
AT,AKC,urban,2024-02-10 14:00:00+00:00,1,12.19075,12.429525068349186
AT,AKC,urban,2024-02-10 15:00:00+00:00,1,13.01275,11.519665082250306
AT,AKC,urban,2024-02-10 16:00:00+00:00,1,11.81325,11.31487764709566
AT,AKC,urban,2024-02-10 17:00:00+00:00,1,13.4695,11.565409537062454
AT,AKC,urban,2024-02-10 18:00:00+00:00,1,14.088,13.112608542263178
AT,AKC,urban,2024-02-10 19:00:00+00:00,1,11.01125,13.625999420337784
AT,AKC,urban,2024-02-10 20:00:00+00:00,1,11.024,10.834149676952773
AT,AKC,urban,2024-02-10 21:00:00+00:00,1,8.7712495,11.022638702612834
AT,AKC,urban,2024-02-10 22:00:00+00:00,1,6.4105995,9.051600818298969
AT,AKC,urban,2024-02-10 23:00:00+00:00,1,4.831299,7.023004664894319
AT,AKC,urban,2024-02-11 00:00:00+00:00,1,5.3776245,5.5656320948837
AT,AKC,urban,2024-02-11 01:00:00+00:00,1,4.7656,6.024090192021603
AT,AKC,urban,2024-02-11 02:00:00+00:00,1,4.417174,5.448182531350209
AT,AKC,urban,2024-02-11 03:00:00+00:00,1,5.6909,5.049486506788103
AT,AKC,urban,2024-02-11 04:00:00+00:00,1,7.250949,5.83522875957085
AT,AKC,urban,2024-02-11 05:00:00+00:00,1,6.676525,7.03111615152854
AT,AKC,urban,2024-02-11 06:00:00+00:00,1,5.8544245,6.58246766913582
AT,AKC,urban,2024-02-11 07:00:00+00:00,1,4.996249,6.054592566318597
AT,AKC,urban,2024-02-11 08:00:00+00:00,1,4.192499,5.536566042474579
AT,AKC,urban,2024-02-11 09:00:00+00:00,1,4.0346245,4.4122313205711805
AT,AKC,urban,2024-02-11 10:00:00+00:00,1,4.828024,4.54619796590881
AT,AKC,urban,2024-02-11 11:00:00+00:00,1,2.579275,5.525777275448302
AT,AKC,urban,2024-02-11 12:00:00+00:00,1,1.5687745,2.427729089152841
AT,AKC,urban,2024-02-11 13:00:00+00:00,1,1.442474,1.5846605820082722
AT,AKC,urban,2024-02-11 14:00:00+00:00,1,1.8177745,1.7666616082777793
AT,AKC,urban,2024-02-11 15:00:00+00:00,1,2.398074,1.9741898182585054
AT,AKC,urban,2024-02-11 16:00:00+00:00,1,2.893024,2.36983215148911
AT,AKC,urban,2024-02-11 17:00:00+00:00,1,2.719324,2.7939357067501405
AT,AKC,urban,2024-02-11 18:00:00+00:00,1,2.9858745,2.644794738117458
AT,AKC,urban,2024-02-11 19:00:00+00:00,1,2.981474,2.914096534801182
AT,AKC,urban,2024-02-11 20:00:00+00:00,1,3.1061995,3.0131200700986405
AT,AKC,urban,2024-02-11 21:00:00+00:00,1,3.1365,3.0069863320596504
AT,AKC,urban,2024-02-11 22:00:00+00:00,1,3.053299,2.975173065417131
AT,AKC,urban,2024-02-11 23:00:00+00:00,1,2.867,2.8318726272020136
AT,AKC,urban,2024-02-12 00:00:00+00:00,1,3.060249,2.696853323142612
AT,AKC,urban,2024-02-12 01:00:00+00:00,1,3.1937,2.9538455074723835
AT,AKC,urban,2024-02-12 02:00:00+00:00,1,3.7987745,3.0414178696271144
AT,AKC,urban,2024-02-12 03:00:00+00:00,1,4.5171995,3.504446247791819
AT,AKC,urban,2024-02-12 04:00:00+00:00,1,4.7984995,4.086081836130553
AT,AKC,urban,2024-02-12 05:00:00+00:00,1,5.36615,4.616813289183675
AT,AKC,urban,2024-02-12 06:00:00+00:00,1,4.8856995,5.408996581780247
AT,AKC,urban,2024-02-12 07:00:00+00:00,1,3.809125,4.795567163052059
AT,AKC,urban,2024-02-12 08:00:00+00:00,1,3.7126995,3.2676206462945565
AT,AKC,urban,2024-02-12 09:00:00+00:00,1,3.1144495,3.17733885696169
AT,AKC,urban,2024-02-12 10:00:00+00:00,1,3.3363995,2.6932893077139397
AT,AKC,urban,2024-02-12 11:00:00+00:00,1,3.4677495,3.094984028168188
AT,AKC,urban,2024-02-12 12:00:00+00:00,1,3.3250995,3.093251395427277
AT,AKC,urban,2024-02-12 13:00:00+00:00,1,4.6786995,2.9877151121948877
AT,AKC,urban,2024-02-12 14:00:00+00:00,1,3.48625,4.559146741246469
AT,AKC,urban,2024-02-12 15:00:00+00:00,1,2.982324,3.4849574718349494
AT,AKC,urban,2024-02-12 16:00:00+00:00,1,2.6852745,3.1232904424914523
AT,AKC,urban,2024-02-12 17:00:00+00:00,1,2.705724,2.6485733398834235
AT,AKC,urban,2024-02-12 18:00:00+00:00,1,2.983775,2.710962756356153
AT,AKC,urban,2024-02-12 19:00:00+00:00,1,2.996724,3.110653448431542
AT,AKC,urban,2024-02-12 20:00:00+00:00,1,3.540774,3.1631368334205874
AT,AKC,urban,2024-02-12 21:00:00+00:00,1,4.241674,3.5505871132604483
AT,AKC,urban,2024-02-12 22:00:00+00:00,1,4.27645,4.11656361000027
AT,AKC,urban,2024-02-12 23:00:00+00:00,1,4.242649,4.184318285582165
AT,AKC,urban,2024-02-13 00:00:00+00:00,1,5.3060995,4.054606087017813
AT,AKC,urban,2024-02-13 01:00:00+00:00,1,5.8848995,4.994325553604906
AT,AKC,urban,2024-02-13 02:00:00+00:00,1,6.5402,5.440948729497357
AT,AKC,urban,2024-02-13 03:00:00+00:00,1,7.227749,6.06909888266032
AT,AKC,urban,2024-02-13 04:00:00+00:00,1,7.6328995,6.821914417491719
AT,AKC,urban,2024-02-13 05:00:00+00:00,1,6.377925,7.24430524099979
AT,AKC,urban,2024-02-13 06:00:00+00:00,1,5.3978995,6.033287896787883
AT,AKC,urban,2024-02-13 07:00:00+00:00,1,6.086724,5.419863718629085
AT,AKC,urban,2024-02-13 08:00:00+00:00,1,6.426899,5.588323937071557
AT,AKC,urban,2024-02-13 09:00:00+00:00,1,6.413749,6.142675919078659
AT,AKC,urban,2024-02-13 10:00:00+00:00,1,6.1851745,5.70051571977795
AT,AKC,urban,2024-02-13 11:00:00+00:00,1,4.394725,5.766782663685795
AT,AKC,urban,2024-02-13 12:00:00+00:00,1,4.130899,4.126411995971061
AT,AKC,urban,2024-02-13 13:00:00+00:00,1,3.3800245,4.93356246445844
AT,AKC,urban,2024-02-13 14:00:00+00:00,1,3.3396995,2.6396787279096863
AT,AKC,urban,2024-02-13 15:00:00+00:00,1,3.837824,3.4424855880878873
AT,AKC,urban,2024-02-13 16:00:00+00:00,1,4.2439995,4.467730233189499
AT,AKC,urban,2024-02-13 17:00:00+00:00,1,4.358599,4.329791041995094
AT,AKC,urban,2024-02-13 18:00:00+00:00,1,5.2661745,4.580724331053268
AT,AKC,urban,2024-02-13 19:00:00+00:00,1,8.01095,5.698711154186018
AT,AKC,urban,2024-02-13 20:00:00+00:00,1,10.63255,8.89610562679048
AT,AKC,urban,2024-02-13 21:00:00+00:00,1,6.6477,10.615064956186313
AT,AKC,urban,2024-02-13 22:00:00+00:00,1,6.7294995,6.187053953371656
AT,AKC,urban,2024-02-13 23:00:00+00:00,1,7.5007745,7.5444296519606056
AT,AKC,urban,2024-02-14 00:00:00+00:00,1,7.80825,8.098759502348585
AT,AKC,urban,2024-02-14 01:00:00+00:00,1,6.458199,8.042862778330626
AT,AKC,urban,2024-02-14 02:00:00+00:00,1,6.608599,5.99131451606927
AT,AKC,urban,2024-02-14 03:00:00+00:00,1,7.571499,6.919536257718079
AT,AKC,urban,2024-02-14 04:00:00+00:00,1,8.761875,7.971656401539978
AT,AKC,urban,2024-02-14 05:00:00+00:00,1,10.212,9.424606374566938
AT,AKC,urban,2024-02-14 06:00:00+00:00,1,11.57475,11.890989555985467
AT,AKC,urban,2024-02-14 07:00:00+00:00,1,9.4487995,12.031176474597217
AT,AKC,urban,2024-02-14 08:00:00+00:00,1,9.1792995,9.82149663214086
AT,AKC,urban,2024-02-14 09:00:00+00:00,1,9.4378495,9.455424138598946
AT,AKC,urban,2024-02-14 10:00:00+00:00,1,6.117324,9.62859440349968
AT,AKC,urban,2024-02-14 11:00:00+00:00,1,5.1471245,5.199644111022597
AT,AKC,urban,2024-02-14 12:00:00+00:00,1,5.461199,3.8574357055352024
AT,AKC,urban,2024-02-14 13:00:00+00:00,1,5.227125,5.043824164576478
AT,AKC,urban,2024-02-14 14:00:00+00:00,1,5.140225,5.5016009391757095
AT,AKC,urban,2024-02-14 15:00:00+00:00,1,5.1389995,5.386372058261326
AT,AKC,urban,2024-02-14 16:00:00+00:00,1,4.593075,5.788032981917112
AT,AKC,urban,2024-02-14 17:00:00+00:00,1,4.0016995,5.010197925039989
AT,AKC,urban,2024-02-14 18:00:00+00:00,1,4.5582995,4.121968517598479
AT,AKC,urban,2024-02-14 19:00:00+00:00,1,4.7422995,4.881549612501999
AT,AKC,urban,2024-02-14 20:00:00+00:00,1,4.1242,5.043077522764872
AT,AKC,urban,2024-02-14 21:00:00+00:00,1,3.8988,4.541894800980604
AT,AKC,urban,2024-02-14 22:00:00+00:00,1,3.6948495,4.164732361505855
AT,AKC,urban,2024-02-14 23:00:00+00:00,1,4.2868995,4.050663610164943
AT,AKC,urban,2024-02-15 00:00:00+00:00,1,4.195025,4.903564375547127
AT,AKC,urban,2024-02-15 01:00:00+00:00,1,4.7414745,4.455328594426504
AT,AKC,urban,2024-02-15 02:00:00+00:00,1,5.221075,5.167075348641099
AT,AKC,urban,2024-02-15 03:00:00+00:00,1,6.8105495,5.9265445104510555
AT,AKC,urban,2024-02-15 04:00:00+00:00,1,7.431924,7.4436914290745015
AT,AKC,urban,2024-02-15 05:00:00+00:00,1,9.1134995,8.890379132727144
AT,AKC,urban,2024-02-15 06:00:00+00:00,1,10.824375,10.011639785305963
AT,AKC,urban,2024-02-15 07:00:00+00:00,1,14.292,11.07861678806588
AT,AKC,urban,2024-02-15 08:00:00+00:00,1,12.23,13.94857335728031
AT,AKC,urban,2024-02-15 09:00:00+00:00,1,16.81475,12.648452779083879
AT,AKC,urban,2024-02-15 10:00:00+00:00,1,10.63535,15.842145391762703
AT,AKC,urban,2024-02-15 11:00:00+00:00,1,7.005199,8.238460013303325
AT,AKC,urban,2024-02-15 12:00:00+00:00,1,10.000075,6.067898105730642
AT,AKC,urban,2024-02-15 13:00:00+00:00,1,10.52975,9.51051276702961
AT,AKC,urban,2024-02-15 14:00:00+00:00,1,14.1075,10.037407622088722
AT,AKC,urban,2024-02-15 15:00:00+00:00,1,20.51675,13.267127248287174
AT,AKC,urban,2024-02-15 16:00:00+00:00,1,21.47975,18.49192456185073
AT,AKC,urban,2024-02-15 17:00:00+00:00,1,23.858,19.654209055242816
AT,AKC,urban,2024-02-15 18:00:00+00:00,1,23.164,22.407423775432
AT,AKC,urban,2024-02-15 19:00:00+00:00,1,23.64025,21.798891530820327
AT,AKC,urban,2024-02-15 20:00:00+00:00,1,23.54175,22.722878430191365
AT,AKC,urban,2024-02-15 21:00:00+00:00,1,21.1055,22.44334772911577
AT,AKC,urban,2024-02-15 22:00:00+00:00,1,18.77125,20.417976400095057
AT,AKC,urban,2024-02-15 23:00:00+00:00,1,18.4215,17.435752809701945
AT,AKC,urban,2024-02-16 00:00:00+00:00,1,18.212,17.76043273022576
AT,AKC,urban,2024-02-16 01:00:00+00:00,1,16.8575,17.845078492966383
AT,AKC,urban,2024-02-16 02:00:00+00:00,1,16.91075,16.625052933981756
AT,AKC,urban,2024-02-16 03:00:00+00:00,1,17.02225,16.871704288360363
AT,AKC,urban,2024-02-16 04:00:00+00:00,1,16.20225,17.02537436850797
AT,AKC,urban,2024-02-16 05:00:00+00:00,1,15.873,16.80008071119479
AT,AKC,urban,2024-02-16 06:00:00+00:00,1,14.80075,16.531730319398747
AT,AKC,urban,2024-02-16 07:00:00+00:00,1,13.548,15.139364324513206
AT,AKC,urban,2024-02-16 08:00:00+00:00,1,11.0043,14.194827134461093
AT,AKC,urban,2024-02-16 09:00:00+00:00,1,6.502099,11.377576631581096
AT,AKC,urban,2024-02-16 10:00:00+00:00,1,5.4425245,6.991876605849331
AT,AKC,urban,2024-02-16 11:00:00+00:00,1,4.691824,6.283801179427535
AT,AKC,urban,2024-02-16 12:00:00+00:00,1,5.4475245,5.719075137987989
AT,AKC,urban,2024-02-16 13:00:00+00:00,1,5.40515,6.517030055017205
AT,AKC,urban,2024-02-16 14:00:00+00:00,1,5.9999245,6.500412981175998
AT,AKC,urban,2024-02-16 15:00:00+00:00,1,7.617324,7.03572337071861
AT,AKC,urban,2024-02-16 16:00:00+00:00,1,10.347475,8.487074205854928
AT,AKC,urban,2024-02-16 17:00:00+00:00,1,12.51475,10.885234006332752
AT,AKC,urban,2024-02-16 18:00:00+00:00,1,13.7175,12.54018482685483
AT,AKC,urban,2024-02-16 19:00:00+00:00,1,14.2915,13.469285154977591
AT,AKC,urban,2024-02-16 20:00:00+00:00,1,14.378,14.302702457997587
AT,AKC,urban,2024-02-16 21:00:00+00:00,1,14.513,14.52449304192898
AT,AKC,urban,2024-02-16 22:00:00+00:00,1,15.1045,14.675447773837782
AT,AKC,urban,2024-02-16 23:00:00+00:00,1,17.00425,15.506567857713684
AT,AKC,urban,2024-02-17 00:00:00+00:00,1,16.64325,17.912742061426492
AT,AKC,urban,2024-02-17 01:00:00+00:00,1,16.96975,16.3462702820465
AT,AKC,urban,2024-02-17 02:00:00+00:00,1,17.3385,16.556716126311787
AT,AKC,urban,2024-02-17 03:00:00+00:00,1,17.3565,17.504332709689084
AT,AKC,urban,2024-02-17 04:00:00+00:00,1,18.44675,16.83892115322619
AT,AKC,urban,2024-02-17 05:00:00+00:00,1,19.75375,17.96316831786102
AT,AKC,urban,2024-02-17 06:00:00+00:00,1,20.531,19.175196792877323
AT,AKC,urban,2024-02-17 07:00:00+00:00,1,22.18425,19.753411227398146
AT,AKC,urban,2024-02-17 08:00:00+00:00,1,22.33375,20.977261239565188
AT,AKC,urban,2024-02-17 09:00:00+00:00,1,14.813975,20.89755221950484
AT,AKC,urban,2024-02-17 10:00:00+00:00,1,7.011774,13.412688665755272
AT,AKC,urban,2024-02-17 11:00:00+00:00,1,6.2182995,5.802597224515484
AT,AKC,urban,2024-02-17 12:00:00+00:00,1,5.9470745,6.142422109526677
AT,AKC,urban,2024-02-17 13:00:00+00:00,1,6.1762245,6.544245394377402
AT,AKC,urban,2024-02-17 14:00:00+00:00,1,6.6633745,7.063982387235079
AT,AKC,urban,2024-02-17 15:00:00+00:00,1,9.870025,7.752927635189415
AT,AKC,urban,2024-02-17 16:00:00+00:00,1,7.792924,11.322118651618297
AT,AKC,urban,2024-02-17 17:00:00+00:00,1,7.9579,7.760019946626109
AT,AKC,urban,2024-02-17 18:00:00+00:00,1,9.221025,8.59310863640901
AT,AKC,urban,2024-02-17 19:00:00+00:00,1,7.073374,9.52460271613596
AT,AKC,urban,2024-02-17 20:00:00+00:00,1,4.8919745,7.822539945027895
AT,AKC,urban,2024-02-17 21:00:00+00:00,1,3.7909245,5.766237818734641
AT,AKC,urban,2024-02-17 22:00:00+00:00,1,3.902074,4.991496948327239
AT,AKC,urban,2024-02-17 23:00:00+00:00,1,4.3384995,5.114815796197867
AT,AKC,urban,2024-02-18 00:00:00+00:00,1,5.3704495,5.383110652126572
AT,AKC,urban,2024-02-18 01:00:00+00:00,1,6.4069495,6.013860146018349
AT,AKC,urban,2024-02-18 02:00:00+00:00,1,6.403075,6.747011812639741
AT,AKC,urban,2024-02-18 03:00:00+00:00,1,6.3913995,6.786759249825128
AT,AKC,urban,2024-02-18 04:00:00+00:00,1,6.6213495,7.055102847326662
AT,AKC,urban,2024-02-18 05:00:00+00:00,1,7.066625,7.493143860931514
AT,AKC,urban,2024-02-18 06:00:00+00:00,1,5.948249,8.21862944537185
AT,AKC,urban,2024-02-18 07:00:00+00:00,1,5.217325,5.966773373507031
AT,AKC,urban,2024-02-18 08:00:00+00:00,1,6.64955,5.08922422678128
AT,AKC,urban,2024-02-18 09:00:00+00:00,1,7.560125,6.512057372324083
AT,AKC,urban,2024-02-18 10:00:00+00:00,1,8.0816745,7.250539847411908
AT,AKC,urban,2024-02-18 11:00:00+00:00,1,8.401324,7.982754044451575
AT,AKC,urban,2024-02-18 12:00:00+00:00,1,6.6337995,8.194486046419414
AT,AKC,urban,2024-02-18 13:00:00+00:00,1,5.6911745,6.619492028730296
AT,AKC,urban,2024-02-18 14:00:00+00:00,1,6.819,5.82583506064104
AT,AKC,urban,2024-02-18 15:00:00+00:00,1,9.391,7.171662318116891
AT,AKC,urban,2024-02-18 16:00:00+00:00,1,11.36875,9.702339342870115
AT,AKC,urban,2024-02-18 17:00:00+00:00,1,11.262,11.651875727118714
AT,AKC,urban,2024-02-18 18:00:00+00:00,1,11.544,11.308270238687523
AT,AKC,urban,2024-02-18 19:00:00+00:00,1,12.03625,11.740766776636455
AT,AKC,urban,2024-02-18 20:00:00+00:00,1,11.83,11.838974071292423
AT,AKC,urban,2024-02-18 21:00:00+00:00,1,10.4195,11.833266022498211
AT,AKC,urban,2024-02-18 22:00:00+00:00,1,11.27925,10.421683507856109
AT,AKC,urban,2024-02-18 23:00:00+00:00,1,11.5465,11.664182383171411
AT,AKC,urban,2024-02-19 00:00:00+00:00,1,13.37575,11.83173694007328
AT,AKC,urban,2024-02-19 01:00:00+00:00,1,13.91675,13.628406389779897
AT,AKC,urban,2024-02-19 02:00:00+00:00,1,13.55575,13.308932139468197
AT,AKC,urban,2024-02-19 03:00:00+00:00,1,10.71195,13.067719126968864
AT,AKC,urban,2024-02-19 04:00:00+00:00,1,4.5444995,10.590032383767415
AT,AKC,urban,2024-02-19 05:00:00+00:00,1,2.7183745,3.880686752557015
AT,AKC,urban,2024-02-19 06:00:00+00:00,1,3.93475,3.0130345673989716
AT,AKC,urban,2024-02-19 07:00:00+00:00,1,2.27115,4.220734279331715
AT,AKC,urban,2024-02-19 08:00:00+00:00,1,3.2804995,2.5510969641094903
AT,AKC,urban,2024-02-19 09:00:00+00:00,1,2.5824995,3.307300520308157
AT,AKC,urban,2024-02-19 10:00:00+00:00,1,3.6660995,2.7112235250350842
AT,AKC,urban,2024-02-19 11:00:00+00:00,1,3.828249,3.7005463647805996
AT,AKC,urban,2024-02-19 12:00:00+00:00,1,2.6703995,4.194636636086113
AT,AKC,urban,2024-02-19 13:00:00+00:00,1,3.4853,2.73346912226328
AT,AKC,urban,2024-02-19 14:00:00+00:00,1,3.855474,3.313616919773299
AT,AKC,urban,2024-02-19 15:00:00+00:00,1,3.026275,4.2547488097231465
AT,AKC,urban,2024-02-19 16:00:00+00:00,1,3.066074,3.4094422785265195
AT,AKC,urban,2024-02-19 17:00:00+00:00,1,2.808274,3.724832472119129
AT,AKC,urban,2024-02-19 18:00:00+00:00,1,2.7511745,3.3921428239440665
AT,AKC,urban,2024-02-19 19:00:00+00:00,1,3.0605495,3.2477021512233435
AT,AKC,urban,2024-02-19 20:00:00+00:00,1,2.9823495,3.5624743032292727
AT,AKC,urban,2024-02-19 21:00:00+00:00,1,3.166574,3.337211958443337
AT,AKC,urban,2024-02-19 22:00:00+00:00,1,3.911249,3.4381713821273543
AT,AKC,urban,2024-02-19 23:00:00+00:00,1,4.6139495,3.784272479508715
AT,AKC,urban,2024-02-20 00:00:00+00:00,1,4.416,4.3891974029309
AT,AKC,urban,2024-02-20 01:00:00+00:00,1,4.670099,4.369301664178977
AT,AKC,urban,2024-02-20 02:00:00+00:00,1,4.1656745,4.5542320039820545
AT,AKC,urban,2024-02-20 03:00:00+00:00,1,4.297674,4.046220401583398
AT,AKC,urban,2024-02-20 04:00:00+00:00,1,4.357849,4.378711354035936
AT,AKC,urban,2024-02-20 05:00:00+00:00,1,7.3548995,4.633071310472825
AT,AKC,urban,2024-02-20 06:00:00+00:00,1,6.2536,7.548755760479946
AT,AKC,urban,2024-02-20 07:00:00+00:00,1,5.0009245,5.8355841946146505
AT,AKC,urban,2024-02-20 08:00:00+00:00,1,4.8689995,4.580230981237971
AT,AKC,urban,2024-02-20 09:00:00+00:00,1,5.411575,4.849814020283713
AT,AKC,urban,2024-02-20 10:00:00+00:00,1,5.993524,5.052254163407248
AT,AKC,urban,2024-02-20 11:00:00+00:00,1,5.738725,5.4441184918510075
AT,AKC,urban,2024-02-20 12:00:00+00:00,1,4.9680495,5.4989015149380975
AT,AKC,urban,2024-02-20 13:00:00+00:00,1,4.0991495,5.235458526848632
AT,AKC,urban,2024-02-20 14:00:00+00:00,1,3.4775245,4.505233855962214
AT,AKC,urban,2024-02-20 15:00:00+00:00,1,3.5565745,3.75924504186165
AT,AKC,urban,2024-02-20 16:00:00+00:00,1,3.262774,3.8137981085355506
AT,AKC,urban,2024-02-20 17:00:00+00:00,1,3.266049,3.5147864730318794
AT,AKC,urban,2024-02-20 18:00:00+00:00,1,4.3735995,3.479831186415595
AT,AKC,urban,2024-02-20 19:00:00+00:00,1,4.9433995,4.59686619379351
AT,AKC,urban,2024-02-20 20:00:00+00:00,1,5.49715,4.859262881890665
AT,AKC,urban,2024-02-20 21:00:00+00:00,1,6.4334745,5.416281296252549
AT,AKC,urban,2024-02-20 22:00:00+00:00,1,6.2594745,6.262163399107365
AT,AKC,urban,2024-02-20 23:00:00+00:00,1,6.183325,5.903847692576896
AT,AKC,urban,2024-02-21 00:00:00+00:00,1,6.1815495,6.062119627264295
AT,AKC,urban,2024-02-21 01:00:00+00:00,1,6.4840245,5.938379087608961
AT,AKC,urban,2024-02-21 02:00:00+00:00,1,6.428999,6.139765128665108
AT,AKC,urban,2024-02-21 03:00:00+00:00,1,6.5193495,6.203827590195367
AT,AKC,urban,2024-02-21 04:00:00+00:00,1,6.8664,6.621811791145543
AT,AKC,urban,2024-02-21 05:00:00+00:00,1,7.2953495,7.474866854684311
AT,AKC,urban,2024-02-21 06:00:00+00:00,1,6.7379995,6.93892064259547
AT,AKC,urban,2024-02-21 07:00:00+00:00,1,5.7093495,7.132069256033738
AT,AKC,urban,2024-02-21 08:00:00+00:00,1,5.894975,5.574589382243598
AT,AKC,urban,2024-02-21 09:00:00+00:00,1,6.4826495,5.651583988475831
AT,AKC,urban,2024-02-21 10:00:00+00:00,1,5.9323745,5.695769084812802
AT,AKC,urban,2024-02-21 11:00:00+00:00,1,6.2905245,5.405652818407745
AT,AKC,urban,2024-02-21 12:00:00+00:00,1,4.8907995,6.18848238581991
AT,AKC,urban,2024-02-21 13:00:00+00:00,1,5.1392,4.339899145546077
AT,AKC,urban,2024-02-21 14:00:00+00:00,1,6.769574,5.3633934936897525
AT,AKC,urban,2024-02-21 15:00:00+00:00,1,6.874349,7.448597266433286
AT,AKC,urban,2024-02-21 16:00:00+00:00,1,8.2555,8.240794456155413
AT,AKC,urban,2024-02-21 17:00:00+00:00,1,10.346375,9.410911866381927
AT,AKC,urban,2024-02-21 18:00:00+00:00,1,11.60275,11.643992877642258
AT,AKC,urban,2024-02-21 19:00:00+00:00,1,10.93675,12.82469899795635
AT,AKC,urban,2024-02-21 20:00:00+00:00,1,13.65675,11.286116562788475
AT,AKC,urban,2024-02-21 21:00:00+00:00,1,15.46225,13.489109074072754
AT,AKC,urban,2024-02-21 22:00:00+00:00,1,13.91375,15.223651806413752
AT,AKC,urban,2024-02-21 23:00:00+00:00,1,11.738,13.625149800258352
AT,AKC,urban,2024-02-22 00:00:00+00:00,1,8.7953745,11.43183936246935
AT,AKC,urban,2024-02-22 01:00:00+00:00,1,9.8346995,7.629224072045787
AT,AKC,urban,2024-02-22 02:00:00+00:00,1,11.6035,9.359062371336176
AT,AKC,urban,2024-02-22 03:00:00+00:00,1,12.55075,10.516846135170265
AT,AKC,urban,2024-02-22 04:00:00+00:00,1,12.37925,11.461342290936464
AT,AKC,urban,2024-02-22 05:00:00+00:00,1,11.7635,12.310280131179201
AT,AKC,urban,2024-02-22 06:00:00+00:00,1,11.989,12.290953145392834
AT,AKC,urban,2024-02-22 07:00:00+00:00,1,12.3435,11.797998068769573
AT,AKC,urban,2024-02-22 08:00:00+00:00,1,13.3255,11.747685328956234
AT,AKC,urban,2024-02-22 09:00:00+00:00,1,14.04325,12.68587401150651
AT,AKC,urban,2024-02-22 10:00:00+00:00,1,15.46775,13.363048316941693
AT,AKC,urban,2024-02-22 11:00:00+00:00,1,15.78375,15.106877149903958
AT,AKC,urban,2024-02-22 12:00:00+00:00,1,15.7835,15.418370751509912
AT,AKC,urban,2024-02-22 13:00:00+00:00,1,14.5895,15.426957353069096
AT,AKC,urban,2024-02-22 14:00:00+00:00,1,10.968,14.197055611076216
AT,AKC,urban,2024-02-22 15:00:00+00:00,1,8.957424,10.875384478517418
AT,AKC,urban,2024-02-22 16:00:00+00:00,1,9.7209245,9.46268242514276
AT,AKC,urban,2024-02-22 17:00:00+00:00,1,8.385975,10.38078623244305
AT,AKC,urban,2024-02-22 18:00:00+00:00,1,8.2489995,8.887894085195526
AT,AKC,urban,2024-02-22 19:00:00+00:00,1,8.14,8.820758270118795
AT,AKC,urban,2024-02-22 20:00:00+00:00,1,7.2747495,8.63351181721572
AT,AKC,urban,2024-02-22 21:00:00+00:00,1,6.8766495,7.90034072013421
AT,AKC,urban,2024-02-22 22:00:00+00:00,1,5.866874,7.3652122608452615
AT,AKC,urban,2024-02-22 23:00:00+00:00,1,8.4703995,6.28229244207855
AT,AKC,urban,2024-02-23 00:00:00+00:00,1,7.943149,9.950106855816149
AT,AKC,urban,2024-02-23 01:00:00+00:00,1,6.211549,8.172030884371239
AT,AKC,urban,2024-02-23 02:00:00+00:00,1,5.7042245,5.97139268778303
AT,AKC,urban,2024-02-23 03:00:00+00:00,1,7.413649,6.263534464752432
