horizon,Country,SiteNumber,StationArea_Label,t_anchor_utc,t_target_utc,y_true,y_pred,y_persistence
3,AT,AKC,urban,2023-01-08T05:00:00+00:00,2023-01-08T08:00:00+00:00,23.378000259399414,24.395963668823242,26.697999954223633
3,AT,AKC,urban,2023-01-08T06:00:00+00:00,2023-01-08T09:00:00+00:00,22.274999618530273,23.290864944458008,25.26099967956543
3,AT,AKC,urban,2023-01-08T07:00:00+00:00,2023-01-08T10:00:00+00:00,20.404499053955078,22.94765853881836,23.808998107910156
3,AT,AKC,urban,2023-01-08T08:00:00+00:00,2023-01-08T11:00:00+00:00,19.767499923706055,23.587841033935547,23.378000259399414
3,AT,AKC,urban,2023-01-08T09:00:00+00:00,2023-01-08T12:00:00+00:00,18.083499908447266,22.406681060791016,22.274999618530273
3,AT,AKC,urban,2023-01-08T10:00:00+00:00,2023-01-08T13:00:00+00:00,19.02400016784668,20.99457359313965,20.404499053955078
3,AT,AKC,urban,2023-01-08T11:00:00+00:00,2023-01-08T14:00:00+00:00,16.697500228881836,20.732627868652344,19.767499923706055
3,AT,AKC,urban,2023-01-08T12:00:00+00:00,2023-01-08T15:00:00+00:00,14.289999961853027,18.994670867919922,18.083499908447266
3,AT,AKC,urban,2023-01-08T13:00:00+00:00,2023-01-08T16:00:00+00:00,16.517000198364258,19.863920211791992,19.02400016784668
3,AT,AKC,urban,2023-01-08T14:00:00+00:00,2023-01-08T17:00:00+00:00,14.888999938964844,15.885040283203125,16.697500228881836
3,AT,AKC,urban,2023-01-08T15:00:00+00:00,2023-01-08T18:00:00+00:00,15.541999816894531,13.554492950439453,14.289999961853027
3,AT,AKC,urban,2023-01-08T16:00:00+00:00,2023-01-08T19:00:00+00:00,15.53600025177002,16.360733032226562,16.517000198364258
3,AT,AKC,urban,2023-01-08T17:00:00+00:00,2023-01-08T20:00:00+00:00,18.452499389648438,14.501468658447266,14.888999938964844
3,AT,AKC,urban,2023-01-08T18:00:00+00:00,2023-01-08T21:00:00+00:00,19.743499755859375,15.36648178100586,15.541999816894531
3,AT,AKC,urban,2023-01-08T19:00:00+00:00,2023-01-08T22:00:00+00:00,17.301000595092773,14.850536346435547,15.53600025177002
3,AT,AKC,urban,2023-01-08T20:00:00+00:00,2023-01-08T23:00:00+00:00,17.74799919128418,17.402952194213867,18.452499389648438
3,AT,AKC,urban,2023-01-08T21:00:00+00:00,2023-01-09T00:00:00+00:00,18.098499298095703,17.155851364135742,19.743499755859375
3,AT,AKC,urban,2023-01-08T22:00:00+00:00,2023-01-09T01:00:00+00:00,18.99850082397461,14.626890182495117,17.301000595092773
3,AT,AKC,urban,2023-01-08T23:00:00+00:00,2023-01-09T02:00:00+00:00,19.45800018310547,16.881202697753906,17.74799919128418
3,AT,AKC,urban,2023-01-09T00:00:00+00:00,2023-01-09T03:00:00+00:00,16.33449935913086,17.290103912353516,18.098499298095703
3,AT,AKC,urban,2023-01-09T01:00:00+00:00,2023-01-09T04:00:00+00:00,16.15850067138672,18.070724487304688,18.99850082397461
3,AT,AKC,urban,2023-01-09T02:00:00+00:00,2023-01-09T05:00:00+00:00,16.765499114990234,18.234163284301758,19.45800018310547
3,AT,AKC,urban,2023-01-09T03:00:00+00:00,2023-01-09T06:00:00+00:00,13.50100040435791,14.062174797058105,16.33449935913086
3,AT,AKC,urban,2023-01-09T04:00:00+00:00,2023-01-09T07:00:00+00:00,15.637999534606934,12.929006576538086,16.15850067138672
3,AT,AKC,urban,2023-01-09T05:00:00+00:00,2023-01-09T08:00:00+00:00,12.484000205993652,12.361146926879883,16.765499114990234
3,AT,AKC,urban,2023-01-09T06:00:00+00:00,2023-01-09T09:00:00+00:00,9.12600040435791,7.248317718505859,13.50100040435791
3,AT,AKC,urban,2023-01-09T07:00:00+00:00,2023-01-09T10:00:00+00:00,4.093648910522461,9.269062995910645,15.637999534606934
3,AT,AKC,urban,2023-01-09T08:00:00+00:00,2023-01-09T11:00:00+00:00,1.7453994750976562,9.679997444152832,12.484000205993652
3,AT,AKC,urban,2023-01-09T09:00:00+00:00,2023-01-09T12:00:00+00:00,1.773550033569336,7.849106311798096,9.12600040435791
3,AT,AKC,urban,2023-01-09T10:00:00+00:00,2023-01-09T13:00:00+00:00,2.65625,3.8608341217041016,4.093648910522461
3,AT,AKC,urban,2023-01-09T11:00:00+00:00,2023-01-09T14:00:00+00:00,3.2238502502441406,2.1615982055664062,1.7453994750976562
3,AT,AKC,urban,2023-01-09T12:00:00+00:00,2023-01-09T15:00:00+00:00,2.852499008178711,2.571063995361328,1.773550033569336
3,AT,AKC,urban,2023-01-09T13:00:00+00:00,2023-01-09T16:00:00+00:00,2.6603002548217773,3.5205869674682617,2.65625
3,AT,AKC,urban,2023-01-09T14:00:00+00:00,2023-01-09T17:00:00+00:00,3.0255489349365234,4.065285682678223,3.2238502502441406
3,AT,AKC,urban,2023-01-09T15:00:00+00:00,2023-01-09T18:00:00+00:00,3.3543500900268555,3.775358200073242,2.852499008178711
3,AT,AKC,urban,2023-01-09T16:00:00+00:00,2023-01-09T19:00:00+00:00,3.4942493438720703,3.482229232788086,2.6603002548217773
3,AT,AKC,urban,2023-01-09T17:00:00+00:00,2023-01-09T20:00:00+00:00,3.542398452758789,3.9048099517822266,3.0255489349365234
3,AT,AKC,urban,2023-01-09T18:00:00+00:00,2023-01-09T21:00:00+00:00,3.343648910522461,4.005788803100586,3.3543500900268555
3,AT,AKC,urban,2023-01-09T19:00:00+00:00,2023-01-09T22:00:00+00:00,3.324398994445801,4.029366493225098,3.4942493438720703
3,AT,AKC,urban,2023-01-09T20:00:00+00:00,2023-01-09T23:00:00+00:00,3.604999542236328,3.9409093856811523,3.542398452758789
3,AT,AKC,urban,2023-01-09T21:00:00+00:00,2023-01-10T00:00:00+00:00,3.4754505157470703,3.5562009811401367,3.343648910522461
3,AT,AKC,urban,2023-01-09T22:00:00+00:00,2023-01-10T01:00:00+00:00,3.1937990188598633,3.4623966217041016,3.324398994445801
3,AT,AKC,urban,2023-01-09T23:00:00+00:00,2023-01-10T02:00:00+00:00,2.8982505798339844,3.7446517944335938,3.604999542236328
3,AT,AKC,urban,2023-01-10T00:00:00+00:00,2023-01-10T03:00:00+00:00,2.771299362182617,3.6167984008789062,3.4754505157470703
3,AT,AKC,urban,2023-01-10T01:00:00+00:00,2023-01-10T04:00:00+00:00,2.8304500579833984,3.3418655395507812,3.1937990188598633
3,AT,AKC,urban,2023-01-10T02:00:00+00:00,2023-01-10T05:00:00+00:00,2.870999336242676,3.1715965270996094,2.8982505798339844
3,AT,AKC,urban,2023-01-10T03:00:00+00:00,2023-01-10T06:00:00+00:00,3.078749656677246,3.258864402770996,2.771299362182617
3,AT,AKC,urban,2023-01-10T04:00:00+00:00,2023-01-10T07:00:00+00:00,3.6645984649658203,3.347043037414551,2.8304500579833984
3,AT,AKC,urban,2023-01-10T05:00:00+00:00,2023-01-10T08:00:00+00:00,3.946000099182129,3.3824844360351562,2.870999336242676
3,AT,AKC,urban,2023-01-10T06:00:00+00:00,2023-01-10T09:00:00+00:00,4.428750514984131,3.580873489379883,3.078749656677246
3,AT,AKC,urban,2023-01-10T07:00:00+00:00,2023-01-10T10:00:00+00:00,4.25,4.105109214782715,3.6645984649658203
3,AT,AKC,urban,2023-01-10T08:00:00+00:00,2023-01-10T11:00:00+00:00,4.2795491218566895,4.380702018737793,3.946000099182129
3,AT,AKC,urban,2023-01-10T09:00:00+00:00,2023-01-10T12:00:00+00:00,3.979198455810547,4.857706069946289,4.428750514984131
3,AT,AKC,urban,2023-01-10T10:00:00+00:00,2023-01-10T13:00:00+00:00,3.883298873901367,4.709742546081543,4.25
3,AT,AKC,urban,2023-01-10T11:00:00+00:00,2023-01-10T14:00:00+00:00,3.335948944091797,4.740840911865234,4.2795491218566895
3,AT,AKC,urban,2023-01-10T12:00:00+00:00,2023-01-10T15:00:00+00:00,3.0098495483398438,4.400783061981201,3.979198455810547
3,AT,AKC,urban,2023-01-10T13:00:00+00:00,2023-01-10T16:00:00+00:00,3.636699676513672,4.375810623168945,3.883298873901367
3,AT,AKC,urban,2023-01-10T14:00:00+00:00,2023-01-10T17:00:00+00:00,3.8025989532470703,3.975627899169922,3.335948944091797
3,AT,AKC,urban,2023-01-10T15:00:00+00:00,2023-01-10T18:00:00+00:00,3.5316505432128906,3.791147232055664,3.0098495483398438
3,AT,AKC,urban,2023-01-10T16:00:00+00:00,2023-01-10T19:00:00+00:00,4.2526984214782715,4.413620948791504,3.636699676513672
3,AT,AKC,urban,2023-01-10T17:00:00+00:00,2023-01-10T20:00:00+00:00,4.7019500732421875,4.551853656768799,3.8025989532470703
3,AT,AKC,urban,2023-01-10T18:00:00+00:00,2023-01-10T21:00:00+00:00,4.022500038146973,4.182095050811768,3.5316505432128906
3,AT,AKC,urban,2023-01-10T19:00:00+00:00,2023-01-10T22:00:00+00:00,3.2327489852905273,4.720008373260498,4.2526984214782715
3,AT,AKC,urban,2023-01-10T20:00:00+00:00,2023-01-10T23:00:00+00:00,3.203248977661133,4.906428337097168,4.7019500732421875
3,AT,AKC,urban,2023-01-10T21:00:00+00:00,2023-01-11T00:00:00+00:00,4.124198913574219,4.138357162475586,4.022500038146973
3,AT,AKC,urban,2023-01-10T22:00:00+00:00,2023-01-11T01:00:00+00:00,5.136050224304199,3.3605117797851562,3.2327489852905273
3,AT,AKC,urban,2023-01-10T23:00:00+00:00,2023-01-11T02:00:00+00:00,5.273949146270752,3.3425397872924805,3.203248977661133
3,AT,AKC,urban,2023-01-11T00:00:00+00:00,2023-01-11T03:00:00+00:00,4.889900207519531,4.2533159255981445,4.124198913574219
3,AT,AKC,urban,2023-01-11T01:00:00+00:00,2023-01-11T04:00:00+00:00,5.3934006690979,5.303544521331787,5.136050224304199
3,AT,AKC,urban,2023-01-11T02:00:00+00:00,2023-01-11T05:00:00+00:00,8.131500244140625,5.656159400939941,5.273949146270752
3,AT,AKC,urban,2023-01-11T03:00:00+00:00,2023-01-11T06:00:00+00:00,10.631999969482422,5.983867168426514,4.889900207519531
3,AT,AKC,urban,2023-01-11T04:00:00+00:00,2023-01-11T07:00:00+00:00,14.38700008392334,6.926055431365967,5.3934006690979
3,AT,AKC,urban,2023-01-11T05:00:00+00:00,2023-01-11T08:00:00+00:00,12.642000198364258,10.482616424560547,8.131500244140625
3,AT,AKC,urban,2023-01-11T06:00:00+00:00,2023-01-11T09:00:00+00:00,11.075200080871582,10.526378631591797,10.631999969482422
3,AT,AKC,urban,2023-01-11T07:00:00+00:00,2023-01-11T10:00:00+00:00,10.372150421142578,11.667669296264648,14.38700008392334
3,AT,AKC,urban,2023-01-11T08:00:00+00:00,2023-01-11T11:00:00+00:00,6.830099582672119,10.19922924041748,12.642000198364258
3,AT,AKC,urban,2023-01-11T09:00:00+00:00,2023-01-11T12:00:00+00:00,7.170749187469482,9.252595901489258,11.075200080871582
3,AT,AKC,urban,2023-01-11T10:00:00+00:00,2023-01-11T13:00:00+00:00,8.065098762512207,9.315537452697754,10.372150421142578
3,AT,AKC,urban,2023-01-11T11:00:00+00:00,2023-01-11T14:00:00+00:00,7.361100196838379,7.1913652420043945,6.830099582672119
3,AT,AKC,urban,2023-01-11T12:00:00+00:00,2023-01-11T15:00:00+00:00,8.938650131225586,8.255881309509277,7.170749187469482
3,AT,AKC,urban,2023-01-11T13:00:00+00:00,2023-01-11T16:00:00+00:00,9.494499206542969,9.965766906738281,8.065098762512207
3,AT,AKC,urban,2023-01-11T14:00:00+00:00,2023-01-11T17:00:00+00:00,9.505800247192383,9.672905921936035,7.361100196838379
3,AT,AKC,urban,2023-01-11T15:00:00+00:00,2023-01-11T18:00:00+00:00,12.462499618530273,11.785799980163574,8.938650131225586
3,AT,AKC,urban,2023-01-11T16:00:00+00:00,2023-01-11T19:00:00+00:00,11.653499603271484,11.877269744873047,9.494499206542969
3,AT,AKC,urban,2023-01-11T17:00:00+00:00,2023-01-11T20:00:00+00:00,3.296598434448242,10.838976860046387,9.505800247192383
3,AT,AKC,urban,2023-01-11T18:00:00+00:00,2023-01-11T21:00:00+00:00,3.233649253845215,13.288702964782715,12.462499618530273
3,AT,AKC,urban,2023-01-11T19:00:00+00:00,2023-01-11T22:00:00+00:00,4.84375,9.715133666992188,11.653499603271484
3,AT,AKC,urban,2023-01-11T20:00:00+00:00,2023-01-11T23:00:00+00:00,5.98629903793335,1.9942607879638672,3.296598434448242
3,AT,AKC,urban,2023-01-11T21:00:00+00:00,2023-01-12T00:00:00+00:00,6.147200107574463,3.0561418533325195,3.233649253845215
3,AT,AKC,urban,2023-01-11T22:00:00+00:00,2023-01-12T01:00:00+00:00,7.640799045562744,4.269731044769287,4.84375
3,AT,AKC,urban,2023-01-11T23:00:00+00:00,2023-01-12T02:00:00+00:00,6.693449020385742,5.6444597244262695,5.98629903793335
3,AT,AKC,urban,2023-01-12T00:00:00+00:00,2023-01-12T03:00:00+00:00,5.862750053405762,6.055306434631348,6.147200107574463
3,AT,AKC,urban,2023-01-12T01:00:00+00:00,2023-01-12T04:00:00+00:00,5.525198459625244,7.784397602081299,7.640799045562744
3,AT,AKC,urban,2023-01-12T02:00:00+00:00,2023-01-12T05:00:00+00:00,4.414998531341553,7.256983757019043,6.693449020385742
3,AT,AKC,urban,2023-01-12T03:00:00+00:00,2023-01-12T06:00:00+00:00,4.576600074768066,6.944787502288818,5.862750053405762
3,AT,AKC,urban,2023-01-12T04:00:00+00:00,2023-01-12T07:00:00+00:00,4.9753499031066895,6.708986282348633,5.525198459625244
3,AT,AKC,urban,2023-01-12T05:00:00+00:00,2023-01-12T08:00:00+00:00,3.097848892211914,5.255113124847412,4.414998531341553
3,AT,AKC,urban,2023-01-12T06:00:00+00:00,2023-01-12T09:00:00+00:00,3.564899444580078,5.210405349731445,4.576600074768066
3,AT,AKC,urban,2023-01-12T07:00:00+00:00,2023-01-12T10:00:00+00:00,3.7924489974975586,5.487974643707275,4.9753499031066895
3,AT,AKC,urban,2023-01-12T08:00:00+00:00,2023-01-12T11:00:00+00:00,3.867650032043457,3.6138458251953125,3.097848892211914
3,AT,AKC,urban,2023-01-12T09:00:00+00:00,2023-01-12T12:00:00+00:00,4.125699043273926,4.052003860473633,3.564899444580078
3,AT,AKC,urban,2023-01-12T10:00:00+00:00,2023-01-12T13:00:00+00:00,3.460399627685547,4.270808696746826,3.7924489974975586
3,AT,AKC,urban,2023-01-12T11:00:00+00:00,2023-01-12T14:00:00+00:00,3.6142501831054688,4.410013198852539,3.867650032043457
3,AT,AKC,urban,2023-01-12T12:00:00+00:00,2023-01-12T15:00:00+00:00,5.116649627685547,5.043731689453125,4.125699043273926
3,AT,AKC,urban,2023-01-12T13:00:00+00:00,2023-01-12T16:00:00+00:00,6.078050136566162,4.788888931274414,3.460399627685547
3,AT,AKC,urban,2023-01-12T14:00:00+00:00,2023-01-12T17:00:00+00:00,9.610548973083496,6.382933139801025,3.6142501831054688
3,AT,AKC,urban,2023-01-12T15:00:00+00:00,2023-01-12T18:00:00+00:00,12.020500183105469,8.158170700073242,5.116649627685547
3,AT,AKC,urban,2023-01-12T16:00:00+00:00,2023-01-12T19:00:00+00:00,8.802799224853516,9.032735824584961,6.078050136566162
3,AT,AKC,urban,2023-01-12T17:00:00+00:00,2023-01-12T20:00:00+00:00,7.1682000160217285,12.88425350189209,9.610548973083496
3,AT,AKC,urban,2023-01-12T18:00:00+00:00,2023-01-12T21:00:00+00:00,11.65149974822998,14.482205390930176,12.020500183105469
3,AT,AKC,urban,2023-01-12T19:00:00+00:00,2023-01-12T22:00:00+00:00,11.962499618530273,8.720067024230957,8.802799224853516
3,AT,AKC,urban,2023-01-12T20:00:00+00:00,2023-01-12T23:00:00+00:00,8.60890007019043,5.885899543762207,7.1682000160217285
3,AT,AKC,urban,2023-01-12T21:00:00+00:00,2023-01-13T00:00:00+00:00,7.1956000328063965,10.421466827392578,11.65149974822998
3,AT,AKC,urban,2023-01-12T22:00:00+00:00,2023-01-13T01:00:00+00:00,10.178000450134277,8.816319465637207,11.962499618530273
3,AT,AKC,urban,2023-01-12T23:00:00+00:00,2023-01-13T02:00:00+00:00,6.713700294494629,6.511544704437256,8.60890007019043
3,AT,AKC,urban,2023-01-13T00:00:00+00:00,2023-01-13T03:00:00+00:00,6.064300537109375,5.588923454284668,7.1956000328063965
3,AT,AKC,urban,2023-01-13T01:00:00+00:00,2023-01-13T04:00:00+00:00,5.716798782348633,8.753641128540039,10.178000450134277
3,AT,AKC,urban,2023-01-13T02:00:00+00:00,2023-01-13T05:00:00+00:00,7.057199478149414,5.439826011657715,6.713700294494629
3,AT,AKC,urban,2023-01-13T03:00:00+00:00,2023-01-13T06:00:00+00:00,10.939000129699707,5.87750244140625,6.064300537109375
3,AT,AKC,urban,2023-01-13T04:00:00+00:00,2023-01-13T07:00:00+00:00,12.432499885559082,7.415032386779785,5.716798782348633
3,AT,AKC,urban,2023-01-13T05:00:00+00:00,2023-01-13T08:00:00+00:00,13.821999549865723,9.738198280334473,7.057199478149414
3,AT,AKC,urban,2023-01-13T06:00:00+00:00,2023-01-13T09:00:00+00:00,15.319000244140625,11.086209297180176,10.939000129699707
3,AT,AKC,urban,2023-01-13T07:00:00+00:00,2023-01-13T10:00:00+00:00,16.927000045776367,11.073064804077148,12.432499885559082
3,AT,AKC,urban,2023-01-13T08:00:00+00:00,2023-01-13T11:00:00+00:00,17.90999984741211,11.477935791015625,13.821999549865723
3,AT,AKC,urban,2023-01-13T09:00:00+00:00,2023-01-13T12:00:00+00:00,16.052000045776367,11.950532913208008,15.319000244140625
3,AT,AKC,urban,2023-01-13T10:00:00+00:00,2023-01-13T13:00:00+00:00,13.904999732971191,13.47835636138916,16.927000045776367
3,AT,AKC,urban,2023-01-13T11:00:00+00:00,2023-01-13T14:00:00+00:00,15.581999778747559,15.179045677185059,17.90999984741211
3,AT,AKC,urban,2023-01-13T12:00:00+00:00,2023-01-13T15:00:00+00:00,17.020000457763672,14.281135559082031,16.052000045776367
3,AT,AKC,urban,2023-01-13T13:00:00+00:00,2023-01-13T16:00:00+00:00,18.75349998474121,14.375577926635742,13.904999732971191
3,AT,AKC,urban,2023-01-13T14:00:00+00:00,2023-01-13T17:00:00+00:00,21.992000579833984,17.913898468017578,15.581999778747559
3,AT,AKC,urban,2023-01-13T15:00:00+00:00,2023-01-13T18:00:00+00:00,23.987998962402344,19.110477447509766,17.020000457763672
3,AT,AKC,urban,2023-01-13T16:00:00+00:00,2023-01-13T19:00:00+00:00,19.68000030517578,20.46086883544922,18.75349998474121
3,AT,AKC,urban,2023-01-13T17:00:00+00:00,2023-01-13T20:00:00+00:00,2.2197494506835938,24.784774780273438,21.992000579833984
3,AT,AKC,urban,2023-01-13T18:00:00+00:00,2023-01-13T21:00:00+00:00,2.344550132751465,25.205848693847656,23.987998962402344
3,AT,AKC,urban,2023-01-13T19:00:00+00:00,2023-01-13T22:00:00+00:00,2.37554931640625,18.05388641357422,19.68000030517578
3,AT,AKC,urban,2023-01-13T20:00:00+00:00,2023-01-13T23:00:00+00:00,2.5662002563476562,1.9694271087646484,2.2197494506835938
3,AT,AKC,urban,2023-01-13T21:00:00+00:00,2023-01-14T00:00:00+00:00,2.612149238586426,3.273026466369629,2.344550132751465
3,AT,AKC,urban,2023-01-13T22:00:00+00:00,2023-01-14T01:00:00+00:00,2.668349266052246,3.1179189682006836,2.37554931640625
3,AT,AKC,urban,2023-01-13T23:00:00+00:00,2023-01-14T02:00:00+00:00,2.7095489501953125,3.3423776626586914,2.5662002563476562
3,AT,AKC,urban,2023-01-14T00:00:00+00:00,2023-01-14T03:00:00+00:00,2.276799201965332,3.5283308029174805,2.612149238586426
3,AT,AKC,urban,2023-01-14T01:00:00+00:00,2023-01-14T04:00:00+00:00,2.3642005920410156,3.644101142883301,2.668349266052246
3,AT,AKC,urban,2023-01-14T02:00:00+00:00,2023-01-14T05:00:00+00:00,2.5099992752075195,3.736804962158203,2.7095489501953125
3,AT,AKC,urban,2023-01-14T03:00:00+00:00,2023-01-14T06:00:00+00:00,2.5357494354248047,3.057522773742676,2.276799201965332
3,AT,AKC,urban,2023-01-14T04:00:00+00:00,2023-01-14T07:00:00+00:00,2.651948928833008,3.09104061126709,2.3642005920410156
3,AT,AKC,urban,2023-01-14T05:00:00+00:00,2023-01-14T08:00:00+00:00,2.9144487380981445,3.2296228408813477,2.5099992752075195
3,AT,AKC,urban,2023-01-14T06:00:00+00:00,2023-01-14T09:00:00+00:00,2.867650032043457,3.279484748840332,2.5357494354248047
3,AT,AKC,urban,2023-01-14T07:00:00+00:00,2023-01-14T10:00:00+00:00,2.7105493545532227,3.37493896484375,2.651948928833008
3,AT,AKC,urban,2023-01-14T08:00:00+00:00,2023-01-14T11:00:00+00:00,2.9369993209838867,3.6388282775878906,2.9144487380981445
3,AT,AKC,urban,2023-01-14T09:00:00+00:00,2023-01-14T12:00:00+00:00,2.6977500915527344,3.528397560119629,2.867650032043457
3,AT,AKC,urban,2023-01-14T10:00:00+00:00,2023-01-14T13:00:00+00:00,2.805398941040039,3.4598493576049805,2.7105493545532227
3,AT,AKC,urban,2023-01-14T11:00:00+00:00,2023-01-14T14:00:00+00:00,3.5060501098632812,3.721302032470703,2.9369993209838867
3,AT,AKC,urban,2023-01-14T12:00:00+00:00,2023-01-14T15:00:00+00:00,4.9241485595703125,3.7345657348632812,2.6977500915527344
3,AT,AKC,urban,2023-01-14T13:00:00+00:00,2023-01-14T16:00:00+00:00,7.223099231719971,3.8890600204467773,2.805398941040039
3,AT,AKC,urban,2023-01-14T14:00:00+00:00,2023-01-14T17:00:00+00:00,7.638750076293945,5.27694034576416,3.5060501098632812
3,AT,AKC,urban,2023-01-14T15:00:00+00:00,2023-01-14T18:00:00+00:00,7.316050052642822,7.137453079223633,4.9241485595703125
3,AT,AKC,urban,2023-01-14T16:00:00+00:00,2023-01-14T19:00:00+00:00,8.915051460266113,9.319452285766602,7.223099231719971
3,AT,AKC,urban,2023-01-14T17:00:00+00:00,2023-01-14T20:00:00+00:00,11.888500213623047,9.533784866333008,7.638750076293945
3,AT,AKC,urban,2023-01-14T18:00:00+00:00,2023-01-14T21:00:00+00:00,11.564000129699707,7.12510347366333,7.316050052642822
3,AT,AKC,urban,2023-01-14T19:00:00+00:00,2023-01-14T22:00:00+00:00,13.355999946594238,7.780385494232178,8.915051460266113
3,AT,AKC,urban,2023-01-14T20:00:00+00:00,2023-01-14T23:00:00+00:00,11.246000289916992,9.31479549407959,11.888500213623047
3,AT,AKC,urban,2023-01-14T21:00:00+00:00,2023-01-15T00:00:00+00:00,10.770500183105469,8.966967582702637,11.564000129699707
3,AT,AKC,urban,2023-01-14T22:00:00+00:00,2023-01-15T01:00:00+00:00,11.478500366210938,10.410175323486328,13.355999946594238
3,AT,AKC,urban,2023-01-14T23:00:00+00:00,2023-01-15T02:00:00+00:00,12.76099967956543,8.843122482299805,11.246000289916992
3,AT,AKC,urban,2023-01-15T00:00:00+00:00,2023-01-15T03:00:00+00:00,9.717249870300293,8.667627334594727,10.770500183105469
3,AT,AKC,urban,2023-01-15T01:00:00+00:00,2023-01-15T04:00:00+00:00,9.187150001525879,10.033138275146484,11.478500366210938
3,AT,AKC,urban,2023-01-15T02:00:00+00:00,2023-01-15T05:00:00+00:00,8.381999015808105,11.288633346557617,12.76099967956543
3,AT,AKC,urban,2023-01-15T03:00:00+00:00,2023-01-15T06:00:00+00:00,7.868750095367432,8.48050594329834,9.717249870300293
3,AT,AKC,urban,2023-01-15T04:00:00+00:00,2023-01-15T07:00:00+00:00,7.676198959350586,9.415250778198242,9.187150001525879
3,AT,AKC,urban,2023-01-15T05:00:00+00:00,2023-01-15T08:00:00+00:00,7.311800003051758,8.542448043823242,8.381999015808105
3,AT,AKC,urban,2023-01-15T06:00:00+00:00,2023-01-15T09:00:00+00:00,7.3721489906311035,8.888895034790039,7.868750095367432
3,AT,AKC,urban,2023-01-15T07:00:00+00:00,2023-01-15T10:00:00+00:00,7.777598857879639,9.112329483032227,7.676198959350586
3,AT,AKC,urban,2023-01-15T08:00:00+00:00,2023-01-15T11:00:00+00:00,8.07075023651123,8.011225700378418,7.311800003051758
3,AT,AKC,urban,2023-01-15T09:00:00+00:00,2023-01-15T12:00:00+00:00,8.938650131225586,8.778594970703125,7.3721489906311035
3,AT,AKC,urban,2023-01-15T10:00:00+00:00,2023-01-15T13:00:00+00:00,10.500499725341797,9.185905456542969,7.777598857879639
3,AT,AKC,urban,2023-01-15T11:00:00+00:00,2023-01-15T14:00:00+00:00,11.373499870300293,9.492506980895996,8.07075023651123
3,AT,AKC,urban,2023-01-15T12:00:00+00:00,2023-01-15T15:00:00+00:00,11.794500350952148,10.599116325378418,8.938650131225586
3,AT,AKC,urban,2023-01-15T13:00:00+00:00,2023-01-15T16:00:00+00:00,6.377500057220459,12.381184577941895,10.500499725341797
3,AT,AKC,urban,2023-01-15T14:00:00+00:00,2023-01-15T17:00:00+00:00,2.5325498580932617,11.6326904296875,11.373499870300293
3,AT,AKC,urban,2023-01-15T15:00:00+00:00,2023-01-15T18:00:00+00:00,1.8982477188110352,11.901427268981934,11.794500350952148
3,AT,AKC,urban,2023-01-15T16:00:00+00:00,2023-01-15T19:00:00+00:00,2.226649284362793,6.967450141906738,6.377500057220459
3,AT,AKC,urban,2023-01-15T17:00:00+00:00,2023-01-15T20:00:00+00:00,2.0156497955322266,3.846747398376465,2.5325498580932617
3,AT,AKC,urban,2023-01-15T18:00:00+00:00,2023-01-15T21:00:00+00:00,2.3338489532470703,3.005857467651367,1.8982477188110352
3,AT,AKC,urban,2023-01-15T19:00:00+00:00,2023-01-15T22:00:00+00:00,2.478848457336426,3.404390335083008,2.226649284362793
3,AT,AKC,urban,2023-01-15T20:00:00+00:00,2023-01-15T23:00:00+00:00,1.8325986862182617,2.9326133728027344,2.0156497955322266
3,AT,AKC,urban,2023-01-15T21:00:00+00:00,2023-01-16T00:00:00+00:00,1.904648780822754,2.9442825317382812,2.3338489532470703
3,AT,AKC,urban,2023-01-15T22:00:00+00:00,2023-01-16T01:00:00+00:00,2.0244979858398438,2.7972612380981445,2.478848457336426
3,AT,AKC,urban,2023-01-15T23:00:00+00:00,2023-01-16T02:00:00+00:00,1.7624988555908203,2.298206329345703,1.8325986862182617
3,AT,AKC,urban,2023-01-16T00:00:00+00:00,2023-01-16T03:00:00+00:00,1.7470502853393555,2.5314884185791016,1.904648780822754
3,AT,AKC,urban,2023-01-16T01:00:00+00:00,2023-01-16T04:00:00+00:00,1.9417486190795898,2.7877683639526367,2.0244979858398438
3,AT,AKC,urban,2023-01-16T02:00:00+00:00,2023-01-16T05:00:00+00:00,2.651998519897461,2.818695068359375,1.7624988555908203
3,AT,AKC,urban,2023-01-16T03:00:00+00:00,2023-01-16T06:00:00+00:00,2.5081005096435547,2.9463891983032227,1.7470502853393555
3,AT,AKC,urban,2023-01-16T04:00:00+00:00,2023-01-16T07:00:00+00:00,3.241100311279297,3.3256101608276367,1.9417486190795898
3,AT,AKC,urban,2023-01-16T05:00:00+00:00,2023-01-16T08:00:00+00:00,3.5135498046875,4.439576625823975,2.651998519897461
3,AT,AKC,urban,2023-01-16T06:00:00+00:00,2023-01-16T09:00:00+00:00,3.6401500701904297,3.6730756759643555,2.5081005096435547
3,AT,AKC,urban,2023-01-16T07:00:00+00:00,2023-01-16T10:00:00+00:00,3.4924001693725586,3.9894962310791016,3.241100311279297
3,AT,AKC,urban,2023-01-16T08:00:00+00:00,2023-01-16T11:00:00+00:00,3.068849563598633,4.115370273590088,3.5135498046875
3,AT,AKC,urban,2023-01-16T09:00:00+00:00,2023-01-16T12:00:00+00:00,5.074150085449219,4.090236186981201,3.6401500701904297
3,AT,AKC,urban,2023-01-16T10:00:00+00:00,2023-01-16T13:00:00+00:00,3.5367984771728516,4.1602463722229,3.4924001693725586
3,AT,AKC,urban,2023-01-16T11:00:00+00:00,2023-01-16T14:00:00+00:00,3.913100242614746,3.6743249893188477,3.068849563598633
3,AT,AKC,urban,2023-01-16T12:00:00+00:00,2023-01-16T15:00:00+00:00,5.6219000816345215,5.394463062286377,5.074150085449219
3,AT,AKC,urban,2023-01-16T13:00:00+00:00,2023-01-16T16:00:00+00:00,6.160149097442627,4.252020835876465,3.5367984771728516
3,AT,AKC,urban,2023-01-16T14:00:00+00:00,2023-01-16T17:00:00+00:00,6.136349201202393,4.9951863288879395,3.913100242614746
3,AT,AKC,urban,2023-01-16T15:00:00+00:00,2023-01-16T18:00:00+00:00,6.357648849487305,6.637790679931641,5.6219000816345215
3,AT,AKC,urban,2023-01-16T16:00:00+00:00,2023-01-16T19:00:00+00:00,7.664848804473877,7.416971683502197,6.160149097442627
3,AT,AKC,urban,2023-01-16T17:00:00+00:00,2023-01-16T20:00:00+00:00,7.09299898147583,6.841642379760742,6.136349201202393
3,AT,AKC,urban,2023-01-16T18:00:00+00:00,2023-01-16T21:00:00+00:00,7.42710018157959,6.910276412963867,6.357648849487305
3,AT,AKC,urban,2023-01-16T19:00:00+00:00,2023-01-16T22:00:00+00:00,8.293848991394043,7.3733062744140625,7.664848804473877
3,AT,AKC,urban,2023-01-16T20:00:00+00:00,2023-01-16T23:00:00+00:00,8.329400062561035,6.288729190826416,7.09299898147583
3,AT,AKC,urban,2023-01-16T21:00:00+00:00,2023-01-17T00:00:00+00:00,8.264498710632324,6.663427352905273,7.42710018157959
3,AT,AKC,urban,2023-01-16T22:00:00+00:00,2023-01-17T01:00:00+00:00,9.470100402832031,7.461711883544922,8.293848991394043
3,AT,AKC,urban,2023-01-16T23:00:00+00:00,2023-01-17T02:00:00+00:00,11.821000099182129,7.378450870513916,8.329400062561035
3,AT,AKC,urban,2023-01-17T00:00:00+00:00,2023-01-17T03:00:00+00:00,11.746500015258789,7.630942344665527,8.264498710632324
3,AT,AKC,urban,2023-01-17T01:00:00+00:00,2023-01-17T04:00:00+00:00,12.297499656677246,8.94209098815918,9.470100402832031
3,AT,AKC,urban,2023-01-17T02:00:00+00:00,2023-01-17T05:00:00+00:00,13.187999725341797,11.064360618591309,11.821000099182129
3,AT,AKC,urban,2023-01-17T03:00:00+00:00,2023-01-17T06:00:00+00:00,14.820500373840332,10.959733963012695,11.746500015258789
3,AT,AKC,urban,2023-01-17T04:00:00+00:00,2023-01-17T07:00:00+00:00,16.36949920654297,12.297828674316406,12.297499656677246
3,AT,AKC,urban,2023-01-17T05:00:00+00:00,2023-01-17T08:00:00+00:00,15.420499801635742,12.421327590942383,13.187999725341797
3,AT,AKC,urban,2023-01-17T06:00:00+00:00,2023-01-17T09:00:00+00:00,16.103500366210938,12.206281661987305,14.820500373840332
3,AT,AKC,urban,2023-01-17T07:00:00+00:00,2023-01-17T10:00:00+00:00,10.282750129699707,13.305516242980957,16.36949920654297
3,AT,AKC,urban,2023-01-17T08:00:00+00:00,2023-01-17T11:00:00+00:00,6.109950065612793,13.647852897644043,15.420499801635742
3,AT,AKC,urban,2023-01-17T09:00:00+00:00,2023-01-17T12:00:00+00:00,3.934598922729492,12.98816967010498,16.103500366210938
3,AT,AKC,urban,2023-01-17T10:00:00+00:00,2023-01-17T13:00:00+00:00,5.003048896789551,7.976376533508301,10.282750129699707
3,AT,AKC,urban,2023-01-17T11:00:00+00:00,2023-01-17T14:00:00+00:00,5.29634952545166,5.777032375335693,6.109950065612793
3,AT,AKC,urban,2023-01-17T12:00:00+00:00,2023-01-17T15:00:00+00:00,7.737998962402344,5.081048488616943,3.934598922729492
3,AT,AKC,urban,2023-01-17T13:00:00+00:00,2023-01-17T16:00:00+00:00,7.33699893951416,5.932465076446533,5.003048896789551
3,AT,AKC,urban,2023-01-17T14:00:00+00:00,2023-01-17T17:00:00+00:00,5.699250221252441,6.9460835456848145,5.29634952545166
3,AT,AKC,urban,2023-01-17T15:00:00+00:00,2023-01-17T18:00:00+00:00,4.217350006103516,9.611807823181152,7.737998962402344
3,AT,AKC,urban,2023-01-17T16:00:00+00:00,2023-01-17T19:00:00+00:00,4.250299453735352,9.003643035888672,7.33699893951416
3,AT,AKC,urban,2023-01-17T17:00:00+00:00,2023-01-17T20:00:00+00:00,4.977250099182129,6.123113632202148,5.699250221252441
3,AT,AKC,urban,2023-01-17T18:00:00+00:00,2023-01-17T21:00:00+00:00,5.8119988441467285,4.850987434387207,4.217350006103516
3,AT,AKC,urban,2023-01-17T19:00:00+00:00,2023-01-17T22:00:00+00:00,6.84329891204834,4.607813835144043,4.250299453735352
3,AT,AKC,urban,2023-01-17T20:00:00+00:00,2023-01-17T23:00:00+00:00,6.230898857116699,5.252649784088135,4.977250099182129
3,AT,AKC,urban,2023-01-17T21:00:00+00:00,2023-01-18T00:00:00+00:00,4.491099834442139,6.152466773986816,5.8119988441467285
3,AT,AKC,urban,2023-01-17T22:00:00+00:00,2023-01-18T01:00:00+00:00,4.13670015335083,6.946498870849609,6.84329891204834
3,AT,AKC,urban,2023-01-17T23:00:00+00:00,2023-01-18T02:00:00+00:00,4.01249885559082,5.934464454650879,6.230898857116699
3,AT,AKC,urban,2023-01-18T00:00:00+00:00,2023-01-18T03:00:00+00:00,4.733348846435547,4.466165542602539,4.491099834442139
3,AT,AKC,urban,2023-01-18T01:00:00+00:00,2023-01-18T04:00:00+00:00,6.052749156951904,4.2739577293396,4.13670015335083
3,AT,AKC,urban,2023-01-18T02:00:00+00:00,2023-01-18T05:00:00+00:00,7.17604923248291,4.772341251373291,4.01249885559082
3,AT,AKC,urban,2023-01-18T03:00:00+00:00,2023-01-18T06:00:00+00:00,10.827500343322754,5.847516059875488,4.733348846435547
3,AT,AKC,urban,2023-01-18T04:00:00+00:00,2023-01-18T07:00:00+00:00,13.827500343322754,7.358925819396973,6.052749156951904
3,AT,AKC,urban,2023-01-18T05:00:00+00:00,2023-01-18T08:00:00+00:00,14.335000038146973,7.816427707672119,7.17604923248291
3,AT,AKC,urban,2023-01-18T06:00:00+00:00,2023-01-18T09:00:00+00:00,9.498398780822754,10.194332122802734,10.827500343322754
3,AT,AKC,urban,2023-01-18T07:00:00+00:00,2023-01-18T10:00:00+00:00,6.501749038696289,10.898612976074219,13.827500343322754
3,AT,AKC,urban,2023-01-18T08:00:00+00:00,2023-01-18T11:00:00+00:00,4.426148891448975,11.93751335144043,14.335000038146973
3,AT,AKC,urban,2023-01-18T09:00:00+00:00,2023-01-18T12:00:00+00:00,2.477550506591797,7.845221042633057,9.498398780822754
3,AT,AKC,urban,2023-01-18T10:00:00+00:00,2023-01-18T13:00:00+00:00,2.683248519897461,5.967361927032471,6.501749038696289
3,AT,AKC,urban,2023-01-18T11:00:00+00:00,2023-01-18T14:00:00+00:00,4.574800491333008,4.670862674713135,4.426148891448975
3,AT,AKC,urban,2023-01-18T12:00:00+00:00,2023-01-18T15:00:00+00:00,4.3520002365112305,3.2932538986206055,2.477550506591797
3,AT,AKC,urban,2023-01-18T13:00:00+00:00,2023-01-18T16:00:00+00:00,7.142848968505859,3.9253787994384766,2.683248519897461
3,AT,AKC,urban,2023-01-18T14:00:00+00:00,2023-01-18T17:00:00+00:00,11.048999786376953,7.315371513366699,4.574800491333008
3,AT,AKC,urban,2023-01-18T15:00:00+00:00,2023-01-18T18:00:00+00:00,15.166999816894531,6.7507734298706055,4.3520002365112305
3,AT,AKC,urban,2023-01-18T16:00:00+00:00,2023-01-18T19:00:00+00:00,13.201499938964844,10.154413223266602,7.142848968505859
3,AT,AKC,urban,2023-01-18T17:00:00+00:00,2023-01-18T20:00:00+00:00,14.564499855041504,11.936294555664062,11.048999786376953
3,AT,AKC,urban,2023-01-18T18:00:00+00:00,2023-01-18T21:00:00+00:00,12.208499908447266,11.51973819732666,15.166999816894531
3,AT,AKC,urban,2023-01-18T19:00:00+00:00,2023-01-18T22:00:00+00:00,6.894399166107178,9.57517147064209,13.201499938964844
3,AT,AKC,urban,2023-01-18T20:00:00+00:00,2023-01-18T23:00:00+00:00,10.209799766540527,10.771932601928711,14.564499855041504
3,AT,AKC,urban,2023-01-18T21:00:00+00:00,2023-01-19T00:00:00+00:00,10.130499839782715,7.706507682800293,12.208499908447266
3,AT,AKC,urban,2023-01-18T22:00:00+00:00,2023-01-19T01:00:00+00:00,10.6274995803833,3.051466941833496,6.894399166107178
3,AT,AKC,urban,2023-01-18T23:00:00+00:00,2023-01-19T02:00:00+00:00,10.456999778747559,6.505998134613037,10.209799766540527
3,AT,AKC,urban,2023-01-19T00:00:00+00:00,2023-01-19T03:00:00+00:00,9.777250289916992,6.431206226348877,10.130499839782715
3,AT,AKC,urban,2023-01-19T01:00:00+00:00,2023-01-19T04:00:00+00:00,11.78600025177002,8.595827102661133,10.6274995803833
3,AT,AKC,urban,2023-01-19T02:00:00+00:00,2023-01-19T05:00:00+00:00,13.560999870300293,8.861276626586914,10.456999778747559
3,AT,AKC,urban,2023-01-19T03:00:00+00:00,2023-01-19T06:00:00+00:00,13.3100004196167,9.148110389709473,9.777250289916992
3,AT,AKC,urban,2023-01-19T04:00:00+00:00,2023-01-19T07:00:00+00:00,11.202500343322754,12.309102058410645,11.78600025177002
3,AT,AKC,urban,2023-01-19T05:00:00+00:00,2023-01-19T08:00:00+00:00,11.418000221252441,12.94548225402832,13.560999870300293
3,AT,AKC,urban,2023-01-19T06:00:00+00:00,2023-01-19T09:00:00+00:00,10.185999870300293,12.155566215515137,13.3100004196167
3,AT,AKC,urban,2023-01-19T07:00:00+00:00,2023-01-19T10:00:00+00:00,10.296050071716309,10.10541820526123,11.202500343322754
3,AT,AKC,urban,2023-01-19T08:00:00+00:00,2023-01-19T11:00:00+00:00,8.703350067138672,10.286771774291992,11.418000221252441
3,AT,AKC,urban,2023-01-19T09:00:00+00:00,2023-01-19T12:00:00+00:00,7.480400085449219,9.090895652770996,10.185999870300293
3,AT,AKC,urban,2023-01-19T10:00:00+00:00,2023-01-19T13:00:00+00:00,12.194049835205078,9.054061889648438,10.296050071716309
3,AT,AKC,urban,2023-01-19T11:00:00+00:00,2023-01-19T14:00:00+00:00,16.731000900268555,7.689493179321289,8.703350067138672
3,AT,AKC,urban,2023-01-19T12:00:00+00:00,2023-01-19T15:00:00+00:00,19.116500854492188,6.9974236488342285,7.480400085449219
3,AT,AKC,urban,2023-01-19T13:00:00+00:00,2023-01-19T16:00:00+00:00,18.84749984741211,10.638641357421875,12.194049835205078
3,AT,AKC,urban,2023-01-19T14:00:00+00:00,2023-01-19T17:00:00+00:00,18.173500061035156,13.1980619430542,16.731000900268555
3,AT,AKC,urban,2023-01-19T15:00:00+00:00,2023-01-19T18:00:00+00:00,18.259000778198242,16.672382354736328,19.116500854492188
3,AT,AKC,urban,2023-01-19T16:00:00+00:00,2023-01-19T19:00:00+00:00,18.194000244140625,17.314544677734375,18.84749984741211
3,AT,AKC,urban,2023-01-19T17:00:00+00:00,2023-01-19T20:00:00+00:00,18.134000778198242,16.7667179107666,18.173500061035156
3,AT,AKC,urban,2023-01-19T18:00:00+00:00,2023-01-19T21:00:00+00:00,17.572999954223633,17.00821876525879,18.259000778198242
3,AT,AKC,urban,2023-01-19T19:00:00+00:00,2023-01-19T22:00:00+00:00,15.525500297546387,16.94536590576172,18.194000244140625
3,AT,AKC,urban,2023-01-19T20:00:00+00:00,2023-01-19T23:00:00+00:00,13.125499725341797,16.526920318603516,18.134000778198242
3,AT,AKC,urban,2023-01-19T21:00:00+00:00,2023-01-20T00:00:00+00:00,14.189499855041504,16.040992736816406,17.572999954223633
3,AT,AKC,urban,2023-01-19T22:00:00+00:00,2023-01-20T01:00:00+00:00,15.692999839782715,13.087628364562988,15.525500297546387
3,AT,AKC,urban,2023-01-19T23:00:00+00:00,2023-01-20T02:00:00+00:00,16.299999237060547,11.048123359680176,13.125499725341797
3,AT,AKC,urban,2023-01-20T00:00:00+00:00,2023-01-20T03:00:00+00:00,13.796500205993652,12.846729278564453,14.189499855041504
3,AT,AKC,urban,2023-01-20T01:00:00+00:00,2023-01-20T04:00:00+00:00,15.019000053405762,14.767321586608887,15.692999839782715
3,AT,AKC,urban,2023-01-20T02:00:00+00:00,2023-01-20T05:00:00+00:00,16.673500061035156,15.424429893493652,16.299999237060547
3,AT,AKC,urban,2023-01-20T03:00:00+00:00,2023-01-20T06:00:00+00:00,16.158000946044922,13.330162048339844,13.796500205993652
3,AT,AKC,urban,2023-01-20T04:00:00+00:00,2023-01-20T07:00:00+00:00,15.494500160217285,15.230874061584473,15.019000053405762
3,AT,AKC,urban,2023-01-20T05:00:00+00:00,2023-01-20T08:00:00+00:00,15.174500465393066,16.70987319946289,16.673500061035156
3,AT,AKC,urban,2023-01-20T06:00:00+00:00,2023-01-20T09:00:00+00:00,12.922499656677246,15.85539722442627,16.158000946044922
3,AT,AKC,urban,2023-01-20T07:00:00+00:00,2023-01-20T10:00:00+00:00,13.519000053405762,15.115434646606445,15.494500160217285
3,AT,AKC,urban,2023-01-20T08:00:00+00:00,2023-01-20T11:00:00+00:00,14.406499862670898,14.778969764709473,15.174500465393066
3,AT,AKC,urban,2023-01-20T09:00:00+00:00,2023-01-20T12:00:00+00:00,13.345000267028809,12.377592086791992,12.922499656677246
3,AT,AKC,urban,2023-01-20T10:00:00+00:00,2023-01-20T13:00:00+00:00,12.819999694824219,13.344176292419434,13.519000053405762
3,AT,AKC,urban,2023-01-20T11:00:00+00:00,2023-01-20T14:00:00+00:00,13.432000160217285,14.20139217376709,14.406499862670898
3,AT,AKC,urban,2023-01-20T12:00:00+00:00,2023-01-20T15:00:00+00:00,13.819000244140625,12.775717735290527,13.345000267028809
3,AT,AKC,urban,2023-01-20T13:00:00+00:00,2023-01-20T16:00:00+00:00,13.88700008392334,12.419328689575195,12.819999694824219
3,AT,AKC,urban,2023-01-20T14:00:00+00:00,2023-01-20T17:00:00+00:00,12.755000114440918,13.6846923828125,13.432000160217285
3,AT,AKC,urban,2023-01-20T15:00:00+00:00,2023-01-20T18:00:00+00:00,13.233499526977539,14.264686584472656,13.819000244140625
3,AT,AKC,urban,2023-01-20T16:00:00+00:00,2023-01-20T19:00:00+00:00,15.746500015258789,14.461454391479492,13.88700008392334
3,AT,AKC,urban,2023-01-20T17:00:00+00:00,2023-01-20T20:00:00+00:00,16.798999786376953,13.07876205444336,12.755000114440918
3,AT,AKC,urban,2023-01-20T18:00:00+00:00,2023-01-20T21:00:00+00:00,15.711999893188477,13.334015846252441,13.233499526977539
3,AT,AKC,urban,2023-01-20T19:00:00+00:00,2023-01-20T22:00:00+00:00,16.18549919128418,15.217458724975586,15.746500015258789
3,AT,AKC,urban,2023-01-20T20:00:00+00:00,2023-01-20T23:00:00+00:00,13.77750015258789,15.009695053100586,16.798999786376953
3,AT,AKC,urban,2023-01-20T21:00:00+00:00,2023-01-21T00:00:00+00:00,12.808500289916992,13.819331169128418,15.711999893188477
3,AT,AKC,urban,2023-01-20T22:00:00+00:00,2023-01-21T01:00:00+00:00,9.801898956298828,14.296293258666992,16.18549919128418
3,AT,AKC,urban,2023-01-20T23:00:00+00:00,2023-01-21T02:00:00+00:00,9.319199562072754,11.194990158081055,13.77750015258789
3,AT,AKC,urban,2023-01-21T00:00:00+00:00,2023-01-21T03:00:00+00:00,8.800748825073242,10.15662670135498,12.808500289916992
3,AT,AKC,urban,2023-01-21T01:00:00+00:00,2023-01-21T04:00:00+00:00,9.369799613952637,7.50313663482666,9.801898956298828
3,AT,AKC,urban,2023-01-21T02:00:00+00:00,2023-01-21T05:00:00+00:00,8.565500259399414,7.747060775756836,9.319199562072754
3,AT,AKC,urban,2023-01-21T03:00:00+00:00,2023-01-21T06:00:00+00:00,8.32089900970459,8.316237449645996,8.800748825073242
3,AT,AKC,urban,2023-01-21T04:00:00+00:00,2023-01-21T07:00:00+00:00,7.396399021148682,9.195425987243652,9.369799613952637
3,AT,AKC,urban,2023-01-21T05:00:00+00:00,2023-01-21T08:00:00+00:00,6.432600021362305,8.434066772460938,8.565500259399414
3,AT,AKC,urban,2023-01-21T06:00:00+00:00,2023-01-21T09:00:00+00:00,6.232550144195557,8.353029251098633,8.32089900970459
3,AT,AKC,urban,2023-01-21T07:00:00+00:00,2023-01-21T10:00:00+00:00,5.928898811340332,7.520044803619385,7.396399021148682
3,AT,AKC,urban,2023-01-21T08:00:00+00:00,2023-01-21T11:00:00+00:00,5.98460054397583,6.735208034515381,6.432600021362305
3,AT,AKC,urban,2023-01-21T09:00:00+00:00,2023-01-21T12:00:00+00:00,6.665349006652832,6.660064697265625,6.232550144195557
3,AT,AKC,urban,2023-01-21T10:00:00+00:00,2023-01-21T13:00:00+00:00,6.973548889160156,6.354379177093506,5.928898811340332
3,AT,AKC,urban,2023-01-21T11:00:00+00:00,2023-01-21T14:00:00+00:00,7.088850021362305,6.390505313873291,5.98460054397583
3,AT,AKC,urban,2023-01-21T12:00:00+00:00,2023-01-21T15:00:00+00:00,7.421949863433838,7.2352495193481445,6.665349006652832
3,AT,AKC,urban,2023-01-21T13:00:00+00:00,2023-01-21T16:00:00+00:00,7.952098846435547,7.591742038726807,6.973548889160156
3,AT,AKC,urban,2023-01-21T14:00:00+00:00,2023-01-21T17:00:00+00:00,9.520849227905273,7.948053359985352,7.088850021362305
3,AT,AKC,urban,2023-01-21T15:00:00+00:00,2023-01-21T18:00:00+00:00,10.788000106811523,8.370417594909668,7.421949863433838
3,AT,AKC,urban,2023-01-21T16:00:00+00:00,2023-01-21T19:00:00+00:00,11.909500122070312,8.808414459228516,7.952098846435547
3,AT,AKC,urban,2023-01-21T17:00:00+00:00,2023-01-21T20:00:00+00:00,12.5649995803833,10.512785911560059,9.520849227905273
3,AT,AKC,urban,2023-01-21T18:00:00+00:00,2023-01-21T21:00:00+00:00,10.982000350952148,11.183358192443848,10.788000106811523
3,AT,AKC,urban,2023-01-21T19:00:00+00:00,2023-01-21T22:00:00+00:00,11.284000396728516,11.503839492797852,11.909500122070312
3,AT,AKC,urban,2023-01-21T20:00:00+00:00,2023-01-21T23:00:00+00:00,13.03499984741211,11.7853422164917,12.5649995803833
3,AT,AKC,urban,2023-01-21T21:00:00+00:00,2023-01-22T00:00:00+00:00,14.640000343322754,10.07512378692627,10.982000350952148
3,AT,AKC,urban,2023-01-21T22:00:00+00:00,2023-01-22T01:00:00+00:00,15.177000045776367,10.389537811279297,11.284000396728516
3,AT,AKC,urban,2023-01-21T23:00:00+00:00,2023-01-22T02:00:00+00:00,17.079500198364258,12.020584106445312,13.03499984741211
3,AT,AKC,urban,2023-01-22T00:00:00+00:00,2023-01-22T03:00:00+00:00,16.62299919128418,12.800492286682129,14.640000343322754
3,AT,AKC,urban,2023-01-22T01:00:00+00:00,2023-01-22T04:00:00+00:00,16.338499069213867,13.247578620910645,15.177000045776367
3,AT,AKC,urban,2023-01-22T02:00:00+00:00,2023-01-22T05:00:00+00:00,16.07699966430664,15.117106437683105,17.079500198364258
3,AT,AKC,urban,2023-01-22T03:00:00+00:00,2023-01-22T06:00:00+00:00,13.906499862670898,14.610394477844238,16.62299919128418
3,AT,AKC,urban,2023-01-22T04:00:00+00:00,2023-01-22T07:00:00+00:00,10.501999855041504,14.735767364501953,16.338499069213867
3,AT,AKC,urban,2023-01-22T05:00:00+00:00,2023-01-22T08:00:00+00:00,7.974699020385742,14.524077415466309,16.07699966430664
3,AT,AKC,urban,2023-01-22T06:00:00+00:00,2023-01-22T09:00:00+00:00,8.520798683166504,11.884309768676758,13.906499862670898
3,AT,AKC,urban,2023-01-22T07:00:00+00:00,2023-01-22T10:00:00+00:00,8.774298667907715,8.348803520202637,10.501999855041504
3,AT,AKC,urban,2023-01-22T08:00:00+00:00,2023-01-22T11:00:00+00:00,8.079998970031738,7.663906574249268,7.974699020385742
3,AT,AKC,urban,2023-01-22T09:00:00+00:00,2023-01-22T12:00:00+00:00,10.045100212097168,8.644865989685059,8.520798683166504
3,AT,AKC,urban,2023-01-22T10:00:00+00:00,2023-01-22T13:00:00+00:00,10.920499801635742,8.972062110900879,8.774298667907715
3,AT,AKC,urban,2023-01-22T11:00:00+00:00,2023-01-22T14:00:00+00:00,11.358499526977539,8.379873275756836,8.079998970031738
3,AT,AKC,urban,2023-01-22T12:00:00+00:00,2023-01-22T15:00:00+00:00,13.048999786376953,10.132474899291992,10.045100212097168
3,AT,AKC,urban,2023-01-22T13:00:00+00:00,2023-01-22T16:00:00+00:00,15.596500396728516,10.90467643737793,10.920499801635742
3,AT,AKC,urban,2023-01-22T14:00:00+00:00,2023-01-22T17:00:00+00:00,15.672499656677246,11.634418487548828,11.358499526977539
3,AT,AKC,urban,2023-01-22T15:00:00+00:00,2023-01-22T18:00:00+00:00,15.92650032043457,13.916720390319824,13.048999786376953
3,AT,AKC,urban,2023-01-22T16:00:00+00:00,2023-01-22T19:00:00+00:00,16.31999969482422,16.221450805664062,15.596500396728516
3,AT,AKC,urban,2023-01-22T17:00:00+00:00,2023-01-22T20:00:00+00:00,16.76799964904785,16.07306480407715,15.672499656677246
3,AT,AKC,urban,2023-01-22T18:00:00+00:00,2023-01-22T21:00:00+00:00,16.860000610351562,16.355491638183594,15.92650032043457
3,AT,AKC,urban,2023-01-22T19:00:00+00:00,2023-01-22T22:00:00+00:00,18.524999618530273,15.711810111999512,16.31999969482422
3,AT,AKC,urban,2023-01-22T20:00:00+00:00,2023-01-22T23:00:00+00:00,19.90850067138672,15.653776168823242,16.76799964904785
3,AT,AKC,urban,2023-01-22T21:00:00+00:00,2023-01-23T00:00:00+00:00,19.386499404907227,15.197099685668945,16.860000610351562
3,AT,AKC,urban,2023-01-22T22:00:00+00:00,2023-01-23T01:00:00+00:00,20.503999710083008,15.93041706085205,18.524999618530273
3,AT,AKC,urban,2023-01-22T23:00:00+00:00,2023-01-23T02:00:00+00:00,21.624000549316406,18.196056365966797,19.90850067138672
3,AT,AKC,urban,2023-01-23T00:00:00+00:00,2023-01-23T03:00:00+00:00,22.537500381469727,17.670719146728516,19.386499404907227
3,AT,AKC,urban,2023-01-23T01:00:00+00:00,2023-01-23T04:00:00+00:00,23.49049949645996,18.985980987548828,20.503999710083008
3,AT,AKC,urban,2023-01-23T02:00:00+00:00,2023-01-23T05:00:00+00:00,19.799999237060547,19.8566951751709,21.624000549316406
3,AT,AKC,urban,2023-01-23T03:00:00+00:00,2023-01-23T06:00:00+00:00,16.246999740600586,21.35637664794922,22.537500381469727
3,AT,AKC,urban,2023-01-23T04:00:00+00:00,2023-01-23T07:00:00+00:00,15.732999801635742,22.331581115722656,23.49049949645996
3,AT,AKC,urban,2023-01-23T05:00:00+00:00,2023-01-23T08:00:00+00:00,16.945499420166016,17.88845443725586,19.799999237060547
3,AT,AKC,urban,2023-01-23T06:00:00+00:00,2023-01-23T09:00:00+00:00,16.196500778198242,15.14051342010498,16.246999740600586
3,AT,AKC,urban,2023-01-23T07:00:00+00:00,2023-01-23T10:00:00+00:00,13.826499938964844,15.125589370727539,15.732999801635742
3,AT,AKC,urban,2023-01-23T08:00:00+00:00,2023-01-23T11:00:00+00:00,14.635000228881836,16.408374786376953,16.945499420166016
3,AT,AKC,urban,2023-01-23T09:00:00+00:00,2023-01-23T12:00:00+00:00,14.826000213623047,15.52568531036377,16.196500778198242
3,AT,AKC,urban,2023-01-23T10:00:00+00:00,2023-01-23T13:00:00+00:00,14.329500198364258,13.549345970153809,13.826499938964844
3,AT,AKC,urban,2023-01-23T11:00:00+00:00,2023-01-23T14:00:00+00:00,13.100500106811523,14.688313484191895,14.635000228881836
3,AT,AKC,urban,2023-01-23T12:00:00+00:00,2023-01-23T15:00:00+00:00,12.393500328063965,14.552845001220703,14.826000213623047
3,AT,AKC,urban,2023-01-23T13:00:00+00:00,2023-01-23T16:00:00+00:00,13.33899974822998,14.563743591308594,14.329500198364258
3,AT,AKC,urban,2023-01-23T14:00:00+00:00,2023-01-23T17:00:00+00:00,14.482500076293945,14.730634689331055,13.100500106811523
3,AT,AKC,urban,2023-01-23T15:00:00+00:00,2023-01-23T18:00:00+00:00,15.541500091552734,14.879125595092773,12.393500328063965
3,AT,AKC,urban,2023-01-23T16:00:00+00:00,2023-01-23T19:00:00+00:00,16.667499542236328,15.95871353149414,13.33899974822998
3,AT,AKC,urban,2023-01-23T17:00:00+00:00,2023-01-23T20:00:00+00:00,16.899499893188477,16.779897689819336,14.482500076293945
3,AT,AKC,urban,2023-01-23T18:00:00+00:00,2023-01-23T21:00:00+00:00,16.139999389648438,17.377857208251953,15.541500091552734
3,AT,AKC,urban,2023-01-23T19:00:00+00:00,2023-01-23T22:00:00+00:00,15.756500244140625,17.58224868774414,16.667499542236328
3,AT,AKC,urban,2023-01-23T20:00:00+00:00,2023-01-23T23:00:00+00:00,15.342499732971191,16.92741584777832,16.899499893188477
3,AT,AKC,urban,2023-01-23T21:00:00+00:00,2023-01-24T00:00:00+00:00,15.270000457763672,15.598797798156738,16.139999389648438
3,AT,AKC,urban,2023-01-23T22:00:00+00:00,2023-01-24T01:00:00+00:00,14.825499534606934,15.344685554504395,15.756500244140625
3,AT,AKC,urban,2023-01-23T23:00:00+00:00,2023-01-24T02:00:00+00:00,14.407999992370605,14.942450523376465,15.342499732971191
3,AT,AKC,urban,2023-01-24T00:00:00+00:00,2023-01-24T03:00:00+00:00,14.312999725341797,14.793916702270508,15.270000457763672
3,AT,AKC,urban,2023-01-24T01:00:00+00:00,2023-01-24T04:00:00+00:00,15.458499908447266,14.386266708374023,14.825499534606934
3,AT,AKC,urban,2023-01-24T02:00:00+00:00,2023-01-24T05:00:00+00:00,16.63800048828125,14.176115036010742,14.407999992370605
3,AT,AKC,urban,2023-01-24T03:00:00+00:00,2023-01-24T06:00:00+00:00,18.18000030517578,14.530699729919434,14.312999725341797
3,AT,AKC,urban,2023-01-24T04:00:00+00:00,2023-01-24T07:00:00+00:00,18.922000885009766,15.610371589660645,15.458499908447266
3,AT,AKC,urban,2023-01-24T05:00:00+00:00,2023-01-24T08:00:00+00:00,19.422000885009766,16.556730270385742,16.63800048828125
3,AT,AKC,urban,2023-01-24T06:00:00+00:00,2023-01-24T09:00:00+00:00,19.809499740600586,17.69195556640625,18.18000030517578
3,AT,AKC,urban,2023-01-24T07:00:00+00:00,2023-01-24T10:00:00+00:00,18.503999710083008,17.690750122070312,18.922000885009766
3,AT,AKC,urban,2023-01-24T08:00:00+00:00,2023-01-24T11:00:00+00:00,17.816499710083008,17.762859344482422,19.422000885009766
3,AT,AKC,urban,2023-01-24T09:00:00+00:00,2023-01-24T12:00:00+00:00,16.89900016784668,18.018434524536133,19.809499740600586
3,AT,AKC,urban,2023-01-24T10:00:00+00:00,2023-01-24T13:00:00+00:00,15.65999984741211,16.41439437866211,18.503999710083008
3,AT,AKC,urban,2023-01-24T11:00:00+00:00,2023-01-24T14:00:00+00:00,15.105999946594238,16.198776245117188,17.816499710083008
3,AT,AKC,urban,2023-01-24T12:00:00+00:00,2023-01-24T15:00:00+00:00,14.409000396728516,15.75206184387207,16.89900016784668
3,AT,AKC,urban,2023-01-24T13:00:00+00:00,2023-01-24T16:00:00+00:00,13.655500411987305,14.736494064331055,15.65999984741211
3,AT,AKC,urban,2023-01-24T14:00:00+00:00,2023-01-24T17:00:00+00:00,14.178999900817871,15.311141967773438,15.105999946594238
3,AT,AKC,urban,2023-01-24T15:00:00+00:00,2023-01-24T18:00:00+00:00,14.550999641418457,15.813100814819336,14.409000396728516
3,AT,AKC,urban,2023-01-24T16:00:00+00:00,2023-01-24T19:00:00+00:00,14.059499740600586,15.068779945373535,13.655500411987305
3,AT,AKC,urban,2023-01-24T17:00:00+00:00,2023-01-24T20:00:00+00:00,13.80150032043457,15.597221374511719,14.178999900817871
3,AT,AKC,urban,2023-01-24T18:00:00+00:00,2023-01-24T21:00:00+00:00,14.06149959564209,15.951241493225098,14.550999641418457
3,AT,AKC,urban,2023-01-24T19:00:00+00:00,2023-01-24T22:00:00+00:00,14.177499771118164,14.75311279296875,14.059499740600586
3,AT,AKC,urban,2023-01-24T20:00:00+00:00,2023-01-24T23:00:00+00:00,12.90250015258789,13.983055114746094,13.80150032043457
3,AT,AKC,urban,2023-01-24T21:00:00+00:00,2023-01-25T00:00:00+00:00,12.217499732971191,13.900495529174805,14.06149959564209
3,AT,AKC,urban,2023-01-24T22:00:00+00:00,2023-01-25T01:00:00+00:00,12.293999671936035,13.866543769836426,14.177499771118164
3,AT,AKC,urban,2023-01-24T23:00:00+00:00,2023-01-25T02:00:00+00:00,12.942999839782715,12.689356803894043,12.90250015258789
3,AT,AKC,urban,2023-01-25T00:00:00+00:00,2023-01-25T03:00:00+00:00,13.37600040435791,12.18538761138916,12.217499732971191
3,AT,AKC,urban,2023-01-25T01:00:00+00:00,2023-01-25T04:00:00+00:00,14.927499771118164,12.567587852478027,12.293999671936035
3,AT,AKC,urban,2023-01-25T02:00:00+00:00,2023-01-25T05:00:00+00:00,15.5600004196167,13.686697959899902,12.942999839782715
3,AT,AKC,urban,2023-01-25T03:00:00+00:00,2023-01-25T06:00:00+00:00,14.376500129699707,14.721708297729492,13.37600040435791
3,AT,AKC,urban,2023-01-25T04:00:00+00:00,2023-01-25T07:00:00+00:00,15.28499984741211,16.658781051635742,14.927499771118164
3,AT,AKC,urban,2023-01-25T05:00:00+00:00,2023-01-25T08:00:00+00:00,14.619500160217285,17.265722274780273,15.5600004196167
3,AT,AKC,urban,2023-01-25T06:00:00+00:00,2023-01-25T09:00:00+00:00,12.79699993133545,15.901512145996094,14.376500129699707
3,AT,AKC,urban,2023-01-25T07:00:00+00:00,2023-01-25T10:00:00+00:00,12.307000160217285,16.689180374145508,15.28499984741211
3,AT,AKC,urban,2023-01-25T08:00:00+00:00,2023-01-25T11:00:00+00:00,14.079999923706055,15.823472023010254,14.619500160217285
3,AT,AKC,urban,2023-01-25T09:00:00+00:00,2023-01-25T12:00:00+00:00,14.42650032043457,14.087154388427734,12.79699993133545
3,AT,AKC,urban,2023-01-25T10:00:00+00:00,2023-01-25T13:00:00+00:00,15.243000030517578,13.365884780883789,12.307000160217285
3,AT,AKC,urban,2023-01-25T11:00:00+00:00,2023-01-25T14:00:00+00:00,15.387499809265137,15.069356918334961,14.079999923706055
3,AT,AKC,urban,2023-01-25T12:00:00+00:00,2023-01-25T15:00:00+00:00,16.168500900268555,15.380441665649414,14.42650032043457
3,AT,AKC,urban,2023-01-25T13:00:00+00:00,2023-01-25T16:00:00+00:00,16.73699951171875,15.977441787719727,15.243000030517578
3,AT,AKC,urban,2023-01-25T14:00:00+00:00,2023-01-25T17:00:00+00:00,18.03849983215332,16.537885665893555,15.387499809265137
3,AT,AKC,urban,2023-01-25T15:00:00+00:00,2023-01-25T18:00:00+00:00,18.871999740600586,18.013090133666992,16.168500900268555
3,AT,AKC,urban,2023-01-25T16:00:00+00:00,2023-01-25T19:00:00+00:00,21.33300018310547,18.272130966186523,16.73699951171875
3,AT,AKC,urban,2023-01-25T17:00:00+00:00,2023-01-25T20:00:00+00:00,22.148000717163086,19.237680435180664,18.03849983215332
3,AT,AKC,urban,2023-01-25T18:00:00+00:00,2023-01-25T21:00:00+00:00,21.674999237060547,19.416954040527344,18.871999740600586
3,AT,AKC,urban,2023-01-25T19:00:00+00:00,2023-01-25T22:00:00+00:00,15.071499824523926,20.888355255126953,21.33300018310547
3,AT,AKC,urban,2023-01-25T20:00:00+00:00,2023-01-25T23:00:00+00:00,11.10200023651123,20.707366943359375,22.148000717163086
3,AT,AKC,urban,2023-01-25T21:00:00+00:00,2023-01-26T00:00:00+00:00,8.55780029296875,20.493488311767578,21.674999237060547
3,AT,AKC,urban,2023-01-25T22:00:00+00:00,2023-01-26T01:00:00+00:00,8.744298934936523,13.174148559570312,15.071499824523926
3,AT,AKC,urban,2023-01-25T23:00:00+00:00,2023-01-26T02:00:00+00:00,9.375900268554688,9.981183052062988,11.10200023651123
3,AT,AKC,urban,2023-01-26T00:00:00+00:00,2023-01-26T03:00:00+00:00,10.478500366210938,8.676813125610352,8.55780029296875
3,AT,AKC,urban,2023-01-26T01:00:00+00:00,2023-01-26T04:00:00+00:00,11.017499923706055,9.506555557250977,8.744298934936523
3,AT,AKC,urban,2023-01-26T02:00:00+00:00,2023-01-26T05:00:00+00:00,12.320500373840332,10.59431266784668,9.375900268554688
3,AT,AKC,urban,2023-01-26T03:00:00+00:00,2023-01-26T06:00:00+00:00,13.706000328063965,11.879684448242188,10.478500366210938
3,AT,AKC,urban,2023-01-26T04:00:00+00:00,2023-01-26T07:00:00+00:00,14.710000038146973,12.614418983459473,11.017499923706055
3,AT,AKC,urban,2023-01-26T05:00:00+00:00,2023-01-26T08:00:00+00:00,17.17799949645996,14.265401840209961,12.320500373840332
3,AT,AKC,urban,2023-01-26T06:00:00+00:00,2023-01-26T09:00:00+00:00,17.85849952697754,15.622255325317383,13.706000328063965
3,AT,AKC,urban,2023-01-26T07:00:00+00:00,2023-01-26T10:00:00+00:00,18.074499130249023,16.091455459594727,14.710000038146973
3,AT,AKC,urban,2023-01-26T08:00:00+00:00,2023-01-26T11:00:00+00:00,18.06999969482422,18.215120315551758,17.17799949645996
3,AT,AKC,urban,2023-01-26T09:00:00+00:00,2023-01-26T12:00:00+00:00,21.320999145507812,18.42159080505371,17.85849952697754
3,AT,AKC,urban,2023-01-26T10:00:00+00:00,2023-01-26T13:00:00+00:00,21.309999465942383,18.32890510559082,18.074499130249023
3,AT,AKC,urban,2023-01-26T11:00:00+00:00,2023-01-26T14:00:00+00:00,20.363000869750977,18.47310447692871,18.06999969482422
3,AT,AKC,urban,2023-01-26T12:00:00+00:00,2023-01-26T15:00:00+00:00,17.691499710083008,22.208168029785156,21.320999145507812
3,AT,AKC,urban,2023-01-26T13:00:00+00:00,2023-01-26T16:00:00+00:00,15.5,21.72310447692871,21.309999465942383
3,AT,AKC,urban,2023-01-26T14:00:00+00:00,2023-01-26T17:00:00+00:00,15.91100025177002,21.178054809570312,20.363000869750977
3,AT,AKC,urban,2023-01-26T15:00:00+00:00,2023-01-26T18:00:00+00:00,15.899499893188477,18.235979080200195,17.691499710083008
3,AT,AKC,urban,2023-01-26T16:00:00+00:00,2023-01-26T19:00:00+00:00,12.842499732971191,16.142545700073242,15.5
3,AT,AKC,urban,2023-01-26T17:00:00+00:00,2023-01-26T20:00:00+00:00,10.991999626159668,16.920135498046875,15.91100025177002
3,AT,AKC,urban,2023-01-26T18:00:00+00:00,2023-01-26T21:00:00+00:00,11.910499572753906,15.931833267211914,15.899499893188477
3,AT,AKC,urban,2023-01-26T19:00:00+00:00,2023-01-26T22:00:00+00:00,12.105999946594238,12.081042289733887,12.842499732971191
3,AT,AKC,urban,2023-01-26T20:00:00+00:00,2023-01-26T23:00:00+00:00,11.654500007629395,10.297968864440918,10.991999626159668
3,AT,AKC,urban,2023-01-26T21:00:00+00:00,2023-01-27T00:00:00+00:00,8.707148551940918,11.545528411865234,11.910499572753906
3,AT,AKC,urban,2023-01-26T22:00:00+00:00,2023-01-27T01:00:00+00:00,7.909399032592773,11.731826782226562,12.105999946594238
3,AT,AKC,urban,2023-01-26T23:00:00+00:00,2023-01-27T02:00:00+00:00,11.458499908447266,11.216530799865723,11.654500007629395
3,AT,AKC,urban,2023-01-27T00:00:00+00:00,2023-01-27T03:00:00+00:00,12.041000366210938,8.47943115234375,8.707148551940918
3,AT,AKC,urban,2023-01-27T01:00:00+00:00,2023-01-27T04:00:00+00:00,11.445500373840332,8.363487243652344,7.909399032592773
3,AT,AKC,urban,2023-01-27T02:00:00+00:00,2023-01-27T05:00:00+00:00,10.770500183105469,12.054875373840332,11.458499908447266
3,AT,AKC,urban,2023-01-27T03:00:00+00:00,2023-01-27T06:00:00+00:00,11.952500343322754,12.633914947509766,12.041000366210938
3,AT,AKC,urban,2023-01-27T04:00:00+00:00,2023-01-27T07:00:00+00:00,13.117500305175781,12.712957382202148,11.445500373840332
3,AT,AKC,urban,2023-01-27T05:00:00+00:00,2023-01-27T08:00:00+00:00,14.125,11.787163734436035,10.770500183105469
3,AT,AKC,urban,2023-01-27T06:00:00+00:00,2023-01-27T09:00:00+00:00,16.357999801635742,12.22314739227295,11.952500343322754
3,AT,AKC,urban,2023-01-27T07:00:00+00:00,2023-01-27T10:00:00+00:00,17.777000427246094,13.31386947631836,13.117500305175781
3,AT,AKC,urban,2023-01-27T08:00:00+00:00,2023-01-27T11:00:00+00:00,18.683000564575195,14.068721771240234,14.125
3,AT,AKC,urban,2023-01-27T09:00:00+00:00,2023-01-27T12:00:00+00:00,18.893999099731445,15.845723152160645,16.357999801635742
3,AT,AKC,urban,2023-01-27T10:00:00+00:00,2023-01-27T13:00:00+00:00,19.486499786376953,16.650232315063477,17.777000427246094
3,AT,AKC,urban,2023-01-27T11:00:00+00:00,2023-01-27T14:00:00+00:00,22.04400062561035,17.396955490112305,18.683000564575195
3,AT,AKC,urban,2023-01-27T12:00:00+00:00,2023-01-27T15:00:00+00:00,23.82349967956543,17.711971282958984,18.893999099731445
3,AT,AKC,urban,2023-01-27T13:00:00+00:00,2023-01-27T16:00:00+00:00,23.280000686645508,18.06968116760254,19.486499786376953
3,AT,AKC,urban,2023-01-27T14:00:00+00:00,2023-01-27T17:00:00+00:00,20.06100082397461,19.778554916381836,22.04400062561035
3,AT,AKC,urban,2023-01-27T15:00:00+00:00,2023-01-27T18:00:00+00:00,19.993000030517578,22.620397567749023,23.82349967956543
3,AT,AKC,urban,2023-01-27T16:00:00+00:00,2023-01-27T19:00:00+00:00,19.559999465942383,22.122648239135742,23.280000686645508
3,AT,AKC,urban,2023-01-27T17:00:00+00:00,2023-01-27T20:00:00+00:00,19.825000762939453,17.212749481201172,20.06100082397461
3,AT,AKC,urban,2023-01-27T18:00:00+00:00,2023-01-27T21:00:00+00:00,19.64150047302246,16.48089027404785,19.993000030517578
3,AT,AKC,urban,2023-01-27T19:00:00+00:00,2023-01-27T22:00:00+00:00,19.10449981689453,17.0100040435791,19.559999465942383
3,AT,AKC,urban,2023-01-27T20:00:00+00:00,2023-01-27T23:00:00+00:00,18.39150047302246,17.43328094482422,19.825000762939453
3,AT,AKC,urban,2023-01-27T21:00:00+00:00,2023-01-28T00:00:00+00:00,18.039499282836914,17.486753463745117,19.64150047302246
3,AT,AKC,urban,2023-01-27T22:00:00+00:00,2023-01-28T01:00:00+00:00,19.916000366210938,17.25589942932129,19.10449981689453
3,AT,AKC,urban,2023-01-27T23:00:00+00:00,2023-01-28T02:00:00+00:00,20.22949981689453,16.33203125,18.39150047302246
3,AT,AKC,urban,2023-01-28T00:00:00+00:00,2023-01-28T03:00:00+00:00,20.27549934387207,15.757205963134766,18.039499282836914
3,AT,AKC,urban,2023-01-28T01:00:00+00:00,2023-01-28T04:00:00+00:00,20.94849967956543,17.76586151123047,19.916000366210938
3,AT,AKC,urban,2023-01-28T02:00:00+00:00,2023-01-28T05:00:00+00:00,19.479999542236328,18.106517791748047,20.22949981689453
3,AT,AKC,urban,2023-01-28T03:00:00+00:00,2023-01-28T06:00:00+00:00,18.477500915527344,18.3084659576416,20.27549934387207
3,AT,AKC,urban,2023-01-28T04:00:00+00:00,2023-01-28T07:00:00+00:00,19.71150016784668,19.171279907226562,20.94849967956543
3,AT,AKC,urban,2023-01-28T05:00:00+00:00,2023-01-28T08:00:00+00:00,19.28849983215332,17.78374671936035,19.479999542236328
3,AT,AKC,urban,2023-01-28T06:00:00+00:00,2023-01-28T09:00:00+00:00,18.454500198364258,16.91606903076172,18.477500915527344
3,AT,AKC,urban,2023-01-28T07:00:00+00:00,2023-01-28T10:00:00+00:00,17.960500717163086,18.447887420654297,19.71150016784668
3,AT,AKC,urban,2023-01-28T08:00:00+00:00,2023-01-28T11:00:00+00:00,19.649999618530273,17.91549301147461,19.28849983215332
3,AT,AKC,urban,2023-01-28T09:00:00+00:00,2023-01-28T12:00:00+00:00,18.230499267578125,16.97703742980957,18.454500198364258
3,AT,AKC,urban,2023-01-28T10:00:00+00:00,2023-01-28T13:00:00+00:00,18.260499954223633,16.595108032226562,17.960500717163086
3,AT,AKC,urban,2023-01-28T11:00:00+00:00,2023-01-28T14:00:00+00:00,17.694499969482422,18.333166122436523,19.649999618530273
3,AT,AKC,urban,2023-01-28T12:00:00+00:00,2023-01-28T15:00:00+00:00,17.673999786376953,16.949840545654297,18.230499267578125
3,AT,AKC,urban,2023-01-28T13:00:00+00:00,2023-01-28T16:00:00+00:00,16.886499404907227,16.911741256713867,18.260499954223633
3,AT,AKC,urban,2023-01-28T14:00:00+00:00,2023-01-28T17:00:00+00:00,16.430999755859375,16.67648696899414,17.694499969482422
3,AT,AKC,urban,2023-01-28T15:00:00+00:00,2023-01-28T18:00:00+00:00,13.111499786376953,17.07809829711914,17.673999786376953
3,AT,AKC,urban,2023-01-28T16:00:00+00:00,2023-01-28T19:00:00+00:00,12.2524995803833,16.758825302124023,16.886499404907227
3,AT,AKC,urban,2023-01-28T17:00:00+00:00,2023-01-28T20:00:00+00:00,11.927000045776367,16.48552894592285,16.430999755859375
3,AT,AKC,urban,2023-01-28T18:00:00+00:00,2023-01-28T21:00:00+00:00,10.82349967956543,12.255895614624023,13.111499786376953
3,AT,AKC,urban,2023-01-28T19:00:00+00:00,2023-01-28T22:00:00+00:00,10.206500053405762,11.979816436767578,12.2524995803833
3,AT,AKC,urban,2023-01-28T20:00:00+00:00,2023-01-28T23:00:00+00:00,9.994099617004395,11.405904769897461,11.927000045776367
3,AT,AKC,urban,2023-01-28T21:00:00+00:00,2023-01-29T00:00:00+00:00,9.81760025024414,9.88762092590332,10.82349967956543
3,AT,AKC,urban,2023-01-28T22:00:00+00:00,2023-01-29T01:00:00+00:00,9.392450332641602,9.166847229003906,10.206500053405762
3,AT,AKC,urban,2023-01-28T23:00:00+00:00,2023-01-29T02:00:00+00:00,9.09169864654541,9.47936725616455,9.994099617004395
3,AT,AKC,urban,2023-01-29T00:00:00+00:00,2023-01-29T03:00:00+00:00,9.61365032196045,9.417342185974121,9.81760025024414
3,AT,AKC,urban,2023-01-29T01:00:00+00:00,2023-01-29T04:00:00+00:00,9.674798965454102,9.082361221313477,9.392450332641602
3,AT,AKC,urban,2023-01-29T02:00:00+00:00,2023-01-29T05:00:00+00:00,9.11664867401123,9.10676383972168,9.09169864654541
3,AT,AKC,urban,2023-01-29T03:00:00+00:00,2023-01-29T06:00:00+00:00,10.1274995803833,9.879087448120117,9.61365032196045
3,AT,AKC,urban,2023-01-29T04:00:00+00:00,2023-01-29T07:00:00+00:00,10.729999542236328,10.252586364746094,9.674798965454102
3,AT,AKC,urban,2023-01-29T05:00:00+00:00,2023-01-29T08:00:00+00:00,11.965999603271484,9.499996185302734,9.11664867401123
3,AT,AKC,urban,2023-01-29T06:00:00+00:00,2023-01-29T09:00:00+00:00,13.456999778747559,10.444063186645508,10.1274995803833
3,AT,AKC,urban,2023-01-29T07:00:00+00:00,2023-01-29T10:00:00+00:00,14.974499702453613,10.67741584777832,10.729999542236328
3,AT,AKC,urban,2023-01-29T08:00:00+00:00,2023-01-29T11:00:00+00:00,15.193499565124512,11.369211196899414,11.965999603271484
3,AT,AKC,urban,2023-01-29T09:00:00+00:00,2023-01-29T12:00:00+00:00,15.491499900817871,12.38780403137207,13.456999778747559
3,AT,AKC,urban,2023-01-29T10:00:00+00:00,2023-01-29T13:00:00+00:00,15.394499778747559,13.522651672363281,14.974499702453613
3,AT,AKC,urban,2023-01-29T11:00:00+00:00,2023-01-29T14:00:00+00:00,15.043000221252441,13.648102760314941,15.193499565124512
3,AT,AKC,urban,2023-01-29T12:00:00+00:00,2023-01-29T15:00:00+00:00,15.753499984741211,14.383379936218262,15.491499900817871
3,AT,AKC,urban,2023-01-29T13:00:00+00:00,2023-01-29T16:00:00+00:00,15.345499992370605,14.626521110534668,15.394499778747559
3,AT,AKC,urban,2023-01-29T14:00:00+00:00,2023-01-29T17:00:00+00:00,14.710000038146973,14.7980318069458,15.043000221252441
3,AT,AKC,urban,2023-01-29T15:00:00+00:00,2023-01-29T18:00:00+00:00,13.84850025177002,17.42763328552246,15.753499984741211
3,AT,AKC,urban,2023-01-29T16:00:00+00:00,2023-01-29T19:00:00+00:00,13.102999687194824,16.854026794433594,15.345499992370605
3,AT,AKC,urban,2023-01-29T17:00:00+00:00,2023-01-29T20:00:00+00:00,13.626500129699707,15.660910606384277,14.710000038146973
3,AT,AKC,urban,2023-01-29T18:00:00+00:00,2023-01-29T21:00:00+00:00,15.261500358581543,13.98112678527832,13.84850025177002
3,AT,AKC,urban,2023-01-29T19:00:00+00:00,2023-01-29T22:00:00+00:00,16.612499237060547,12.661538124084473,13.102999687194824
3,AT,AKC,urban,2023-01-29T20:00:00+00:00,2023-01-29T23:00:00+00:00,17.303499221801758,13.049598693847656,13.626500129699707
3,AT,AKC,urban,2023-01-29T21:00:00+00:00,2023-01-30T00:00:00+00:00,17.862499237060547,14.176057815551758,15.261500358581543
3,AT,AKC,urban,2023-01-29T22:00:00+00:00,2023-01-30T01:00:00+00:00,18.243499755859375,14.939606666564941,16.612499237060547
3,AT,AKC,urban,2023-01-29T23:00:00+00:00,2023-01-30T02:00:00+00:00,17.73150062561035,16.1744327545166,17.303499221801758
3,AT,AKC,urban,2023-01-30T00:00:00+00:00,2023-01-30T03:00:00+00:00,16.252500534057617,16.90860939025879,17.862499237060547
3,AT,AKC,urban,2023-01-30T01:00:00+00:00,2023-01-30T04:00:00+00:00,16.739500045776367,17.320619583129883,18.243499755859375
3,AT,AKC,urban,2023-01-30T02:00:00+00:00,2023-01-30T05:00:00+00:00,17.975500106811523,17.010759353637695,17.73150062561035
3,AT,AKC,urban,2023-01-30T03:00:00+00:00,2023-01-30T06:00:00+00:00,17.3439998626709,16.021644592285156,16.252500534057617
3,AT,AKC,urban,2023-01-30T04:00:00+00:00,2023-01-30T07:00:00+00:00,15.77400016784668,17.51049041748047,16.739500045776367
3,AT,AKC,urban,2023-01-30T05:00:00+00:00,2023-01-30T08:00:00+00:00,15.158499717712402,18.190040588378906,17.975500106811523
3,AT,AKC,urban,2023-01-30T06:00:00+00:00,2023-01-30T09:00:00+00:00,12.64799976348877,16.921039581298828,17.3439998626709
3,AT,AKC,urban,2023-01-30T07:00:00+00:00,2023-01-30T10:00:00+00:00,8.524700164794922,15.496055603027344,15.77400016784668
3,AT,AKC,urban,2023-01-30T08:00:00+00:00,2023-01-30T11:00:00+00:00,7.522348880767822,14.207500457763672,15.158499717712402
3,AT,AKC,urban,2023-01-30T09:00:00+00:00,2023-01-30T12:00:00+00:00,7.598750114440918,11.193063735961914,12.64799976348877
3,AT,AKC,urban,2023-01-30T10:00:00+00:00,2023-01-30T13:00:00+00:00,7.876150131225586,7.674849987030029,8.524700164794922
3,AT,AKC,urban,2023-01-30T11:00:00+00:00,2023-01-30T14:00:00+00:00,6.900750160217285,6.901659965515137,7.522348880767822
3,AT,AKC,urban,2023-01-30T12:00:00+00:00,2023-01-30T15:00:00+00:00,7.398149013519287,7.532581806182861,7.598750114440918
3,AT,AKC,urban,2023-01-30T13:00:00+00:00,2023-01-30T16:00:00+00:00,7.781700134277344,7.847864151000977,7.876150131225586
3,AT,AKC,urban,2023-01-30T14:00:00+00:00,2023-01-30T17:00:00+00:00,6.494100093841553,6.961971282958984,6.900750160217285
3,AT,AKC,urban,2023-01-30T15:00:00+00:00,2023-01-30T18:00:00+00:00,7.267300128936768,7.441959381103516,7.398149013519287
3,AT,AKC,urban,2023-01-30T16:00:00+00:00,2023-01-30T19:00:00+00:00,7.3681488037109375,7.861837863922119,7.781700134277344
3,AT,AKC,urban,2023-01-30T17:00:00+00:00,2023-01-30T20:00:00+00:00,6.660599231719971,6.51786994934082,6.494100093841553
3,AT,AKC,urban,2023-01-30T18:00:00+00:00,2023-01-30T21:00:00+00:00,6.813448429107666,7.220522403717041,7.267300128936768
3,AT,AKC,urban,2023-01-30T19:00:00+00:00,2023-01-30T22:00:00+00:00,5.239449977874756,6.904114723205566,7.3681488037109375
3,AT,AKC,urban,2023-01-30T20:00:00+00:00,2023-01-30T23:00:00+00:00,4.372299671173096,6.169583797454834,6.660599231719971
3,AT,AKC,urban,2023-01-30T21:00:00+00:00,2023-01-31T00:00:00+00:00,3.8570995330810547,6.056820869445801,6.813448429107666
3,AT,AKC,urban,2023-01-30T22:00:00+00:00,2023-01-31T01:00:00+00:00,4.869598865509033,4.612268447875977,5.239449977874756
3,AT,AKC,urban,2023-01-30T23:00:00+00:00,2023-01-31T02:00:00+00:00,5.097700119018555,4.285162925720215,4.372299671173096
3,AT,AKC,urban,2023-01-31T00:00:00+00:00,2023-01-31T03:00:00+00:00,4.694349765777588,3.9447736740112305,3.8570995330810547
3,AT,AKC,urban,2023-01-31T01:00:00+00:00,2023-01-31T04:00:00+00:00,3.8250484466552734,4.997832775115967,4.869598865509033
3,AT,AKC,urban,2023-01-31T02:00:00+00:00,2023-01-31T05:00:00+00:00,3.4832000732421875,5.227853298187256,5.097700119018555
3,AT,AKC,urban,2023-01-31T03:00:00+00:00,2023-01-31T06:00:00+00:00,3.4256486892700195,5.074736595153809,4.694349765777588
3,AT,AKC,urban,2023-01-31T04:00:00+00:00,2023-01-31T07:00:00+00:00,4.05674934387207,4.285767555236816,3.8250484466552734
3,AT,AKC,urban,2023-01-31T05:00:00+00:00,2023-01-31T08:00:00+00:00,3.145199775695801,3.918747901916504,3.4832000732421875
3,AT,AKC,urban,2023-01-31T06:00:00+00:00,2023-01-31T09:00:00+00:00,6.6336989402771,3.8968448638916016,3.4256486892700195
3,AT,AKC,urban,2023-01-31T07:00:00+00:00,2023-01-31T10:00:00+00:00,5.987099647521973,4.500843048095703,4.05674934387207
3,AT,AKC,urban,2023-01-31T08:00:00+00:00,2023-01-31T11:00:00+00:00,5.3934006690979,3.600006103515625,3.145199775695801
3,AT,AKC,urban,2023-01-31T09:00:00+00:00,2023-01-31T12:00:00+00:00,6.60575008392334,6.833880424499512,6.6336989402771
3,AT,AKC,urban,2023-01-31T10:00:00+00:00,2023-01-31T13:00:00+00:00,6.427848815917969,6.092770576477051,5.987099647521973
3,AT,AKC,urban,2023-01-31T11:00:00+00:00,2023-01-31T14:00:00+00:00,5.623848915100098,5.595356464385986,5.3934006690979
3,AT,AKC,urban,2023-01-31T12:00:00+00:00,2023-01-31T15:00:00+00:00,5.517098903656006,6.798111915588379,6.60575008392334
3,AT,AKC,urban,2023-01-31T13:00:00+00:00,2023-01-31T16:00:00+00:00,6.537749767303467,6.598604679107666,6.427848815917969
3,AT,AKC,urban,2023-01-31T14:00:00+00:00,2023-01-31T17:00:00+00:00,5.908298969268799,6.035545349121094,5.623848915100098
3,AT,AKC,urban,2023-01-31T15:00:00+00:00,2023-01-31T18:00:00+00:00,5.529699325561523,6.061797142028809,5.517098903656006
3,AT,AKC,urban,2023-01-31T16:00:00+00:00,2023-01-31T19:00:00+00:00,6.107900142669678,7.0842671394348145,6.537749767303467
3,AT,AKC,urban,2023-01-31T17:00:00+00:00,2023-01-31T20:00:00+00:00,5.979148864746094,6.179136276245117,5.908298969268799
3,AT,AKC,urban,2023-01-31T18:00:00+00:00,2023-01-31T21:00:00+00:00,6.31804895401001,5.530865669250488,5.529699325561523
3,AT,AKC,urban,2023-01-31T19:00:00+00:00,2023-01-31T22:00:00+00:00,5.447948932647705,5.7766852378845215,6.107900142669678
3,AT,AKC,urban,2023-01-31T20:00:00+00:00,2023-01-31T23:00:00+00:00,4.269148826599121,5.200184345245361,5.979148864746094
3,AT,AKC,urban,2023-01-31T21:00:00+00:00,2023-02-01T00:00:00+00:00,3.3986988067626953,5.091828346252441,6.31804895401001
3,AT,AKC,urban,2023-01-31T22:00:00+00:00,2023-02-01T01:00:00+00:00,3.8690500259399414,4.251060485839844,5.447948932647705
3,AT,AKC,urban,2023-01-31T23:00:00+00:00,2023-02-01T02:00:00+00:00,3.9344005584716797,3.9719009399414062,4.269148826599121
3,AT,AKC,urban,2023-02-01T00:00:00+00:00,2023-02-01T03:00:00+00:00,3.9595985412597656,3.408292770385742,3.3986988067626953
3,AT,AKC,urban,2023-02-01T01:00:00+00:00,2023-02-01T04:00:00+00:00,5.403999328613281,3.881833076477051,3.8690500259399414
3,AT,AKC,urban,2023-02-01T02:00:00+00:00,2023-02-01T05:00:00+00:00,5.413400173187256,4.002803802490234,3.9344005584716797
3,AT,AKC,urban,2023-02-01T03:00:00+00:00,2023-02-01T06:00:00+00:00,5.860050678253174,4.134998321533203,3.9595985412597656
3,AT,AKC,urban,2023-02-01T04:00:00+00:00,2023-02-01T07:00:00+00:00,5.532448768615723,5.658909320831299,5.403999328613281
3,AT,AKC,urban,2023-02-01T05:00:00+00:00,2023-02-01T08:00:00+00:00,6.0696492195129395,5.772009372711182,5.413400173187256
3,AT,AKC,urban,2023-02-01T06:00:00+00:00,2023-02-01T09:00:00+00:00,6.25985050201416,6.186595439910889,5.860050678253174
3,AT,AKC,urban,2023-02-01T07:00:00+00:00,2023-02-01T10:00:00+00:00,4.489998817443848,5.855855464935303,5.532448768615723
3,AT,AKC,urban,2023-02-01T08:00:00+00:00,2023-02-01T11:00:00+00:00,4.410449028015137,6.289738178253174,6.0696492195129395
3,AT,AKC,urban,2023-02-01T09:00:00+00:00,2023-02-01T12:00:00+00:00,3.821000099182129,6.431586742401123,6.25985050201416
3,AT,AKC,urban,2023-02-01T10:00:00+00:00,2023-02-01T13:00:00+00:00,3.3087005615234375,4.788043022155762,4.489998817443848
3,AT,AKC,urban,2023-02-01T11:00:00+00:00,2023-02-01T14:00:00+00:00,2.357698440551758,4.809185028076172,4.410449028015137
3,AT,AKC,urban,2023-02-01T12:00:00+00:00,2023-02-01T15:00:00+00:00,2.7374000549316406,4.461467266082764,3.821000099182129
3,AT,AKC,urban,2023-02-01T13:00:00+00:00,2023-02-01T16:00:00+00:00,3.7672500610351562,4.021162033081055,3.3087005615234375
3,AT,AKC,urban,2023-02-01T14:00:00+00:00,2023-02-01T17:00:00+00:00,5.509449481964111,3.2556686401367188,2.357698440551758
3,AT,AKC,urban,2023-02-01T15:00:00+00:00,2023-02-01T18:00:00+00:00,5.908100128173828,3.729119300842285,2.7374000549316406
3,AT,AKC,urban,2023-02-01T16:00:00+00:00,2023-02-01T19:00:00+00:00,5.9483489990234375,4.735672950744629,3.7672500610351562
3,AT,AKC,urban,2023-02-01T17:00:00+00:00,2023-02-01T20:00:00+00:00,5.094649791717529,6.118646621704102,5.509449481964111
3,AT,AKC,urban,2023-02-01T18:00:00+00:00,2023-02-01T21:00:00+00:00,4.758450031280518,6.152112007141113,5.908100128173828
3,AT,AKC,urban,2023-02-01T19:00:00+00:00,2023-02-01T22:00:00+00:00,4.328999042510986,6.051188945770264,5.9483489990234375
3,AT,AKC,urban,2023-02-01T20:00:00+00:00,2023-02-01T23:00:00+00:00,2.8022994995117188,5.067174434661865,5.094649791717529
3,AT,AKC,urban,2023-02-01T21:00:00+00:00,2023-02-02T00:00:00+00:00,0.8559389114379883,4.595626354217529,4.758450031280518
3,AT,AKC,urban,2023-02-01T22:00:00+00:00,2023-02-02T01:00:00+00:00,0.8373498916625977,4.228063583374023,4.328999042510986
3,AT,AKC,urban,2023-02-01T23:00:00+00:00,2023-02-02T02:00:00+00:00,0.7169151306152344,2.8620786666870117,2.8022994995117188
3,AT,AKC,urban,2023-02-02T00:00:00+00:00,2023-02-02T03:00:00+00:00,1.1044750213623047,1.4334402084350586,0.8559389114379883
3,AT,AKC,urban,2023-02-02T01:00:00+00:00,2023-02-02T04:00:00+00:00,1.5342988967895508,1.2522764205932617,0.8373498916625977
3,AT,AKC,urban,2023-02-02T02:00:00+00:00,2023-02-02T05:00:00+00:00,1.8358497619628906,1.5410966873168945,0.7169151306152344
3,AT,AKC,urban,2023-02-02T03:00:00+00:00,2023-02-02T06:00:00+00:00,2.231149673461914,2.166494369506836,1.1044750213623047
3,AT,AKC,urban,2023-02-02T04:00:00+00:00,2023-02-02T07:00:00+00:00,2.5416488647460938,2.445415496826172,1.5342988967895508
3,AT,AKC,urban,2023-02-02T05:00:00+00:00,2023-02-02T08:00:00+00:00,3.2834997177124023,2.8904285430908203,1.8358497619628906
3,AT,AKC,urban,2023-02-02T06:00:00+00:00,2023-02-02T09:00:00+00:00,3.3166990280151367,3.140191078186035,2.231149673461914
3,AT,AKC,urban,2023-02-02T07:00:00+00:00,2023-02-02T10:00:00+00:00,3.3598995208740234,3.264698028564453,2.5416488647460938
3,AT,AKC,urban,2023-02-02T08:00:00+00:00,2023-02-02T11:00:00+00:00,3.6023502349853516,3.834932327270508,3.2834997177124023
3,AT,AKC,urban,2023-02-02T09:00:00+00:00,2023-02-02T12:00:00+00:00,4.09584903717041,3.7535266876220703,3.3166990280151367
3,AT,AKC,urban,2023-02-02T10:00:00+00:00,2023-02-02T13:00:00+00:00,4.24569845199585,3.797769546508789,3.3598995208740234
3,AT,AKC,urban,2023-02-02T11:00:00+00:00,2023-02-02T14:00:00+00:00,3.4053497314453125,4.011726379394531,3.6023502349853516
3,AT,AKC,urban,2023-02-02T12:00:00+00:00,2023-02-02T15:00:00+00:00,2.8306503295898438,4.7149128913879395,4.09584903717041
3,AT,AKC,urban,2023-02-02T13:00:00+00:00,2023-02-02T16:00:00+00:00,2.9640989303588867,4.952761650085449,4.24569845199585
3,AT,AKC,urban,2023-02-02T14:00:00+00:00,2023-02-02T17:00:00+00:00,3.5913000106811523,4.18881368637085,3.4053497314453125
3,AT,AKC,urban,2023-02-02T15:00:00+00:00,2023-02-02T18:00:00+00:00,3.7760000228881836,3.738039970397949,2.8306503295898438
3,AT,AKC,urban,2023-02-02T16:00:00+00:00,2023-02-02T19:00:00+00:00,3.9847984313964844,3.987053871154785,2.9640989303588867
3,AT,AKC,urban,2023-02-02T17:00:00+00:00,2023-02-02T20:00:00+00:00,4.552099704742432,4.562840938568115,3.5913000106811523
3,AT,AKC,urban,2023-02-02T18:00:00+00:00,2023-02-02T21:00:00+00:00,5.09014892578125,4.597304344177246,3.7760000228881836
3,AT,AKC,urban,2023-02-02T19:00:00+00:00,2023-02-02T22:00:00+00:00,5.374050140380859,4.545668125152588,3.9847984313964844
3,AT,AKC,urban,2023-02-02T20:00:00+00:00,2023-02-02T23:00:00+00:00,5.53095006942749,4.899487495422363,4.552099704742432
3,AT,AKC,urban,2023-02-02T21:00:00+00:00,2023-02-03T00:00:00+00:00,5.984299182891846,5.28781270980835,5.09014892578125
3,AT,AKC,urban,2023-02-02T22:00:00+00:00,2023-02-03T01:00:00+00:00,5.821099758148193,5.476174354553223,5.374050140380859
3,AT,AKC,urban,2023-02-02T23:00:00+00:00,2023-02-03T02:00:00+00:00,3.359699249267578,5.646205902099609,5.53095006942749
3,AT,AKC,urban,2023-02-03T00:00:00+00:00,2023-02-03T03:00:00+00:00,1.3440990447998047,6.094065189361572,5.984299182891846
3,AT,AKC,urban,2023-02-03T01:00:00+00:00,2023-02-03T04:00:00+00:00,0.9191293716430664,6.0438995361328125,5.821099758148193
3,AT,AKC,urban,2023-02-03T02:00:00+00:00,2023-02-03T05:00:00+00:00,1.3431501388549805,4.1157755851745605,3.359699249267578
3,AT,AKC,urban,2023-02-03T03:00:00+00:00,2023-02-03T06:00:00+00:00,1.6316003799438477,2.791316032409668,1.3440990447998047
3,AT,AKC,urban,2023-02-03T04:00:00+00:00,2023-02-03T07:00:00+00:00,1.8598499298095703,2.4667911529541016,0.9191293716430664
3,AT,AKC,urban,2023-02-03T05:00:00+00:00,2023-02-03T08:00:00+00:00,2.444350242614746,2.559856414794922,1.3431501388549805
3,AT,AKC,urban,2023-02-03T06:00:00+00:00,2023-02-03T09:00:00+00:00,2.9103498458862305,2.4314279556274414,1.6316003799438477
3,AT,AKC,urban,2023-02-03T07:00:00+00:00,2023-02-03T10:00:00+00:00,2.389749526977539,2.4260663986206055,1.8598499298095703
3,AT,AKC,urban,2023-02-03T08:00:00+00:00,2023-02-03T11:00:00+00:00,2.3077001571655273,2.875520706176758,2.444350242614746
3,AT,AKC,urban,2023-02-03T09:00:00+00:00,2023-02-03T12:00:00+00:00,2.2791500091552734,3.2311058044433594,2.9103498458862305
3,AT,AKC,urban,2023-02-03T10:00:00+00:00,2023-02-03T13:00:00+00:00,2.099750518798828,2.6977853775024414,2.389749526977539
3,AT,AKC,urban,2023-02-03T11:00:00+00:00,2023-02-03T14:00:00+00:00,2.40524959564209,2.705855369567871,2.3077001571655273
3,AT,AKC,urban,2023-02-03T12:00:00+00:00,2023-02-03T15:00:00+00:00,2.4659996032714844,2.727564811706543,2.2791500091552734
3,AT,AKC,urban,2023-02-03T13:00:00+00:00,2023-02-03T16:00:00+00:00,2.318099021911621,2.5315475463867188,2.099750518798828
3,AT,AKC,urban,2023-02-03T14:00:00+00:00,2023-02-03T17:00:00+00:00,2.6636505126953125,2.9103965759277344,2.40524959564209
3,AT,AKC,urban,2023-02-03T15:00:00+00:00,2023-02-03T18:00:00+00:00,2.1048498153686523,3.1066455841064453,2.4659996032714844
3,AT,AKC,urban,2023-02-03T16:00:00+00:00,2023-02-03T19:00:00+00:00,1.5558490753173828,3.003206253051758,2.318099021911621
3,AT,AKC,urban,2023-02-03T17:00:00+00:00,2023-02-03T20:00:00+00:00,2.4437990188598633,3.3639907836914062,2.6636505126953125
3,AT,AKC,urban,2023-02-03T18:00:00+00:00,2023-02-03T21:00:00+00:00,3.48075008392334,2.6191625595092773,2.1048498153686523
3,AT,AKC,urban,2023-02-03T19:00:00+00:00,2023-02-03T22:00:00+00:00,3.254148483276367,2.072408676147461,1.5558490753173828
3,AT,AKC,urban,2023-02-03T20:00:00+00:00,2023-02-03T23:00:00+00:00,3.4972000122070312,2.951298713684082,2.4437990188598633
3,AT,AKC,urban,2023-02-03T21:00:00+00:00,2023-02-04T00:00:00+00:00,3.4979496002197266,3.725780487060547,3.48075008392334
3,AT,AKC,urban,2023-02-03T22:00:00+00:00,2023-02-04T01:00:00+00:00,3.151498794555664,3.4063339233398438,3.254148483276367
3,AT,AKC,urban,2023-02-03T23:00:00+00:00,2023-02-04T02:00:00+00:00,2.767749786376953,3.6209335327148438,3.4972000122070312
3,AT,AKC,urban,2023-02-04T00:00:00+00:00,2023-02-04T03:00:00+00:00,2.2361984252929688,3.6216821670532227,3.4979496002197266
3,AT,AKC,urban,2023-02-04T01:00:00+00:00,2023-02-04T04:00:00+00:00,1.3965997695922852,3.2902259826660156,3.151498794555664
3,AT,AKC,urban,2023-02-04T02:00:00+00:00,2023-02-04T05:00:00+00:00,1.7865991592407227,2.9348344802856445,2.767749786376953
3,AT,AKC,urban,2023-02-04T03:00:00+00:00,2023-02-04T06:00:00+00:00,3.0437498092651367,2.623476028442383,2.2361984252929688
3,AT,AKC,urban,2023-02-04T04:00:00+00:00,2023-02-04T07:00:00+00:00,3.7576990127563477,1.7903022766113281,1.3965997695922852
3,AT,AKC,urban,2023-02-04T05:00:00+00:00,2023-02-04T08:00:00+00:00,2.9100494384765625,2.20388126373291,1.7865991592407227
3,AT,AKC,urban,2023-02-04T06:00:00+00:00,2023-02-04T09:00:00+00:00,2.585799217224121,3.394364356994629,3.0437498092651367
3,AT,AKC,urban,2023-02-04T07:00:00+00:00,2023-02-04T10:00:00+00:00,3.116349220275879,3.9056310653686523,3.7576990127563477
3,AT,AKC,urban,2023-02-04T08:00:00+00:00,2023-02-04T11:00:00+00:00,2.992049217224121,2.9202041625976562,2.9100494384765625
3,AT,AKC,urban,2023-02-04T09:00:00+00:00,2023-02-04T12:00:00+00:00,2.907750129699707,2.5863189697265625,2.585799217224121
3,AT,AKC,urban,2023-02-04T10:00:00+00:00,2023-02-04T13:00:00+00:00,3.010549545288086,3.1405105590820312,3.116349220275879
3,AT,AKC,urban,2023-02-04T11:00:00+00:00,2023-02-04T14:00:00+00:00,2.8917503356933594,2.9789905548095703,2.992049217224121
3,AT,AKC,urban,2023-02-04T12:00:00+00:00,2023-02-04T15:00:00+00:00,3.2321996688842773,3.096268653869629,2.907750129699707
3,AT,AKC,urban,2023-02-04T13:00:00+00:00,2023-02-04T16:00:00+00:00,3.1543989181518555,3.2542810440063477,3.010549545288086
3,AT,AKC,urban,2023-02-04T14:00:00+00:00,2023-02-04T17:00:00+00:00,2.9232988357543945,3.2281761169433594,2.8917503356933594
3,AT,AKC,urban,2023-02-04T15:00:00+00:00,2023-02-04T18:00:00+00:00,3.3826990127563477,3.780376434326172,3.2321996688842773
3,AT,AKC,urban,2023-02-04T16:00:00+00:00,2023-02-04T19:00:00+00:00,3.8972997665405273,3.880704879760742,3.1543989181518555
3,AT,AKC,urban,2023-02-04T17:00:00+00:00,2023-02-04T20:00:00+00:00,4.3960490226745605,3.772317886352539,2.9232988357543945
3,AT,AKC,urban,2023-02-04T18:00:00+00:00,2023-02-04T21:00:00+00:00,3.7060985565185547,4.194025993347168,3.3826990127563477
3,AT,AKC,urban,2023-02-04T19:00:00+00:00,2023-02-04T22:00:00+00:00,3.945749282836914,4.617292404174805,3.8972997665405273
3,AT,AKC,urban,2023-02-04T20:00:00+00:00,2023-02-04T23:00:00+00:00,3.597148895263672,4.939204692840576,4.3960490226745605
3,AT,AKC,urban,2023-02-04T21:00:00+00:00,2023-02-05T00:00:00+00:00,3.6669492721557617,4.159811973571777,3.7060985565185547
3,AT,AKC,urban,2023-02-04T22:00:00+00:00,2023-02-05T01:00:00+00:00,3.6184988021850586,4.246324062347412,3.945749282836914
3,AT,AKC,urban,2023-02-04T23:00:00+00:00,2023-02-05T02:00:00+00:00,3.3201990127563477,3.8674821853637695,3.597148895263672
3,AT,AKC,urban,2023-02-05T00:00:00+00:00,2023-02-05T03:00:00+00:00,3.4240493774414062,3.8623619079589844,3.6669492721557617
3,AT,AKC,urban,2023-02-05T01:00:00+00:00,2023-02-05T04:00:00+00:00,3.13385009765625,3.8313722610473633,3.6184988021850586
3,AT,AKC,urban,2023-02-05T02:00:00+00:00,2023-02-05T05:00:00+00:00,3.229198455810547,3.7208194732666016,3.3201990127563477
3,AT,AKC,urban,2023-02-05T03:00:00+00:00,2023-02-05T06:00:00+00:00,3.08074951171875,3.9770755767822266,3.4240493774414062
3,AT,AKC,urban,2023-02-05T04:00:00+00:00,2023-02-05T07:00:00+00:00,3.1222000122070312,3.8268699645996094,3.13385009765625
3,AT,AKC,urban,2023-02-05T05:00:00+00:00,2023-02-05T08:00:00+00:00,3.6086997985839844,3.9985218048095703,3.229198455810547
3,AT,AKC,urban,2023-02-05T06:00:00+00:00,2023-02-05T09:00:00+00:00,3.8921985626220703,3.811147689819336,3.08074951171875
3,AT,AKC,urban,2023-02-05T07:00:00+00:00,2023-02-05T10:00:00+00:00,3.9707984924316406,3.7640018463134766,3.1222000122070312
3,AT,AKC,urban,2023-02-05T08:00:00+00:00,2023-02-05T11:00:00+00:00,3.6262502670288086,4.018427848815918,3.6086997985839844
3,AT,AKC,urban,2023-02-05T09:00:00+00:00,2023-02-05T12:00:00+00:00,3.7234487533569336,4.1446404457092285,3.8921985626220703
3,AT,AKC,urban,2023-02-05T10:00:00+00:00,2023-02-05T13:00:00+00:00,4.885148525238037,4.093724250793457,3.9707984924316406
3,AT,AKC,urban,2023-02-05T11:00:00+00:00,2023-02-05T14:00:00+00:00,6.138548851013184,3.781797409057617,3.6262502670288086
3,AT,AKC,urban,2023-02-05T12:00:00+00:00,2023-02-05T15:00:00+00:00,6.509850025177002,4.105401515960693,3.7234487533569336
3,AT,AKC,urban,2023-02-05T13:00:00+00:00,2023-02-05T16:00:00+00:00,8.239250183105469,5.339179039001465,4.885148525238037
3,AT,AKC,urban,2023-02-05T14:00:00+00:00,2023-02-05T17:00:00+00:00,9.924798965454102,6.665215969085693,6.138548851013184
3,AT,AKC,urban,2023-02-05T15:00:00+00:00,2023-02-05T18:00:00+00:00,10.145999908447266,7.36287260055542,6.509850025177002
3,AT,AKC,urban,2023-02-05T16:00:00+00:00,2023-02-05T19:00:00+00:00,10.728500366210938,9.818787574768066,8.239250183105469
3,AT,AKC,urban,2023-02-05T17:00:00+00:00,2023-02-05T20:00:00+00:00,12.550000190734863,12.053771018981934,9.924798965454102
3,AT,AKC,urban,2023-02-05T18:00:00+00:00,2023-02-05T21:00:00+00:00,11.904000282287598,11.031502723693848,10.145999908447266
3,AT,AKC,urban,2023-02-05T19:00:00+00:00,2023-02-05T22:00:00+00:00,11.545000076293945,11.22150707244873,10.728500366210938
3,AT,AKC,urban,2023-02-05T20:00:00+00:00,2023-02-05T23:00:00+00:00,10.816499710083008,11.46333122253418,12.550000190734863
3,AT,AKC,urban,2023-02-05T21:00:00+00:00,2023-02-06T00:00:00+00:00,11.160499572753906,10.4797945022583,11.904000282287598
3,AT,AKC,urban,2023-02-05T22:00:00+00:00,2023-02-06T01:00:00+00:00,11.81149959564209,10.224504470825195,11.545000076293945
3,AT,AKC,urban,2023-02-05T23:00:00+00:00,2023-02-06T02:00:00+00:00,12.503499984741211,10.420281410217285,10.816499710083008
3,AT,AKC,urban,2023-02-06T00:00:00+00:00,2023-02-06T03:00:00+00:00,12.640000343322754,10.774789810180664,11.160499572753906
3,AT,AKC,urban,2023-02-06T01:00:00+00:00,2023-02-06T04:00:00+00:00,12.725500106811523,11.577462196350098,11.81149959564209
3,AT,AKC,urban,2023-02-06T02:00:00+00:00,2023-02-06T05:00:00+00:00,13.755999565124512,12.487256050109863,12.503499984741211
3,AT,AKC,urban,2023-02-06T03:00:00+00:00,2023-02-06T06:00:00+00:00,13.771499633789062,12.849427223205566,12.640000343322754
3,AT,AKC,urban,2023-02-06T04:00:00+00:00,2023-02-06T07:00:00+00:00,14.704999923706055,12.918113708496094,12.725500106811523
3,AT,AKC,urban,2023-02-06T05:00:00+00:00,2023-02-06T08:00:00+00:00,13.539999961853027,13.452274322509766,13.755999565124512
3,AT,AKC,urban,2023-02-06T06:00:00+00:00,2023-02-06T09:00:00+00:00,13.069999694824219,13.024316787719727,13.771499633789062
3,AT,AKC,urban,2023-02-06T07:00:00+00:00,2023-02-06T10:00:00+00:00,12.775500297546387,13.709665298461914,14.704999923706055
3,AT,AKC,urban,2023-02-06T08:00:00+00:00,2023-02-06T11:00:00+00:00,13.704000473022461,12.13650131225586,13.539999961853027
3,AT,AKC,urban,2023-02-06T09:00:00+00:00,2023-02-06T12:00:00+00:00,14.809000015258789,11.453229904174805,13.069999694824219
3,AT,AKC,urban,2023-02-06T10:00:00+00:00,2023-02-06T13:00:00+00:00,15.034000396728516,11.522788047790527,12.775500297546387
3,AT,AKC,urban,2023-02-06T11:00:00+00:00,2023-02-06T14:00:00+00:00,13.722999572753906,12.965476036071777,13.704000473022461
3,AT,AKC,urban,2023-02-06T12:00:00+00:00,2023-02-06T15:00:00+00:00,15.489500045776367,14.268911361694336,14.809000015258789
3,AT,AKC,urban,2023-02-06T13:00:00+00:00,2023-02-06T16:00:00+00:00,16.05500030517578,15.3969144821167,15.034000396728516
3,AT,AKC,urban,2023-02-06T14:00:00+00:00,2023-02-06T17:00:00+00:00,16.887500762939453,14.21749496459961,13.722999572753906
3,AT,AKC,urban,2023-02-06T15:00:00+00:00,2023-02-06T18:00:00+00:00,19.10099983215332,17.684621810913086,15.489500045776367
3,AT,AKC,urban,2023-02-06T16:00:00+00:00,2023-02-06T19:00:00+00:00,21.26300048828125,18.93695640563965,16.05500030517578
3,AT,AKC,urban,2023-02-06T17:00:00+00:00,2023-02-06T20:00:00+00:00,23.433500289916992,19.315439224243164,16.887500762939453
3,AT,AKC,urban,2023-02-06T18:00:00+00:00,2023-02-06T21:00:00+00:00,24.625499725341797,21.451335906982422,19.10099983215332
3,AT,AKC,urban,2023-02-06T19:00:00+00:00,2023-02-06T22:00:00+00:00,23.826499938964844,22.285449981689453,21.26300048828125
3,AT,AKC,urban,2023-02-06T20:00:00+00:00,2023-02-06T23:00:00+00:00,27.809499740600586,22.287527084350586,23.433500289916992
3,AT,AKC,urban,2023-02-06T21:00:00+00:00,2023-02-07T00:00:00+00:00,30.84000015258789,23.716388702392578,24.625499725341797
3,AT,AKC,urban,2023-02-06T22:00:00+00:00,2023-02-07T01:00:00+00:00,32.30550003051758,22.106361389160156,23.826499938964844
3,AT,AKC,urban,2023-02-06T23:00:00+00:00,2023-02-07T02:00:00+00:00,33.438499450683594,25.632400512695312,27.809499740600586
3,AT,AKC,urban,2023-02-07T00:00:00+00:00,2023-02-07T03:00:00+00:00,33.12750244140625,26.986270904541016,30.84000015258789
3,AT,AKC,urban,2023-02-07T01:00:00+00:00,2023-02-07T04:00:00+00:00,32.14149856567383,29.311887741088867,32.30550003051758
3,AT,AKC,urban,2023-02-07T02:00:00+00:00,2023-02-07T05:00:00+00:00,30.969499588012695,31.608381271362305,33.438499450683594
3,AT,AKC,urban,2023-02-07T03:00:00+00:00,2023-02-07T06:00:00+00:00,31.697002410888672,31.619108200073242,33.12750244140625
3,AT,AKC,urban,2023-02-07T04:00:00+00:00,2023-02-07T07:00:00+00:00,30.256000518798828,31.141477584838867,32.14149856567383
3,AT,AKC,urban,2023-02-07T05:00:00+00:00,2023-02-07T08:00:00+00:00,27.9950008392334,29.532772064208984,30.969499588012695
3,AT,AKC,urban,2023-02-07T06:00:00+00:00,2023-02-07T09:00:00+00:00,25.68549919128418,29.769451141357422,31.697002410888672
3,AT,AKC,urban,2023-02-07T07:00:00+00:00,2023-02-07T10:00:00+00:00,23.466999053955078,25.370798110961914,30.256000518798828
3,AT,AKC,urban,2023-02-07T08:00:00+00:00,2023-02-07T11:00:00+00:00,23.790000915527344,21.24591827392578,27.9950008392334
3,AT,AKC,urban,2023-02-07T09:00:00+00:00,2023-02-07T12:00:00+00:00,22.079999923706055,19.425512313842773,25.68549919128418
3,AT,AKC,urban,2023-02-07T10:00:00+00:00,2023-02-07T13:00:00+00:00,21.70400047302246,17.712799072265625,23.466999053955078
3,AT,AKC,urban,2023-02-07T11:00:00+00:00,2023-02-07T14:00:00+00:00,22.079999923706055,18.62415313720703,23.790000915527344
3,AT,AKC,urban,2023-02-07T12:00:00+00:00,2023-02-07T15:00:00+00:00,21.65999984741211,18.58112335205078,22.079999923706055
3,AT,AKC,urban,2023-02-07T13:00:00+00:00,2023-02-07T16:00:00+00:00,23.49049949645996,20.189350128173828,21.70400047302246
3,AT,AKC,urban,2023-02-07T14:00:00+00:00,2023-02-07T17:00:00+00:00,25.12350082397461,22.417137145996094,22.079999923706055
3,AT,AKC,urban,2023-02-07T15:00:00+00:00,2023-02-07T18:00:00+00:00,24.101001739501953,22.46993064880371,21.65999984741211
3,AT,AKC,urban,2023-02-07T16:00:00+00:00,2023-02-07T19:00:00+00:00,21.910499572753906,26.09170150756836,23.49049949645996
3,AT,AKC,urban,2023-02-07T17:00:00+00:00,2023-02-07T20:00:00+00:00,19.250499725341797,27.602336883544922,25.12350082397461
3,AT,AKC,urban,2023-02-07T18:00:00+00:00,2023-02-07T21:00:00+00:00,17.767000198364258,26.07201385498047,24.101001739501953
3,AT,AKC,urban,2023-02-07T19:00:00+00:00,2023-02-07T22:00:00+00:00,18.143999099731445,22.112934112548828,21.910499572753906
3,AT,AKC,urban,2023-02-07T20:00:00+00:00,2023-02-07T23:00:00+00:00,19.29450035095215,18.970788955688477,19.250499725341797
3,AT,AKC,urban,2023-02-07T21:00:00+00:00,2023-02-08T00:00:00+00:00,20.608999252319336,17.431346893310547,17.767000198364258
3,AT,AKC,urban,2023-02-07T22:00:00+00:00,2023-02-08T01:00:00+00:00,23.58049964904785,18.186620712280273,18.143999099731445
3,AT,AKC,urban,2023-02-07T23:00:00+00:00,2023-02-08T02:00:00+00:00,25.15999984741211,19.46059799194336,19.29450035095215
3,AT,AKC,urban,2023-02-08T00:00:00+00:00,2023-02-08T03:00:00+00:00,25.094499588012695,20.39208221435547,20.608999252319336
3,AT,AKC,urban,2023-02-08T01:00:00+00:00,2023-02-08T04:00:00+00:00,26.479000091552734,23.4332332611084,23.58049964904785
3,AT,AKC,urban,2023-02-08T02:00:00+00:00,2023-02-08T05:00:00+00:00,27.35300064086914,25.479354858398438,25.15999984741211
3,AT,AKC,urban,2023-02-08T03:00:00+00:00,2023-02-08T06:00:00+00:00,28.226999282836914,26.310577392578125,25.094499588012695
3,AT,AKC,urban,2023-02-08T04:00:00+00:00,2023-02-08T07:00:00+00:00,31.215999603271484,28.625886917114258,26.479000091552734
3,AT,AKC,urban,2023-02-08T05:00:00+00:00,2023-02-08T08:00:00+00:00,31.91900062561035,29.87329864501953,27.35300064086914
3,AT,AKC,urban,2023-02-08T06:00:00+00:00,2023-02-08T09:00:00+00:00,33.99100112915039,27.801151275634766,28.226999282836914
3,AT,AKC,urban,2023-02-08T07:00:00+00:00,2023-02-08T10:00:00+00:00,34.4635009765625,27.984718322753906,31.215999603271484
3,AT,AKC,urban,2023-02-08T08:00:00+00:00,2023-02-08T11:00:00+00:00,32.688499450683594,27.789318084716797,31.91900062561035
3,AT,AKC,urban,2023-02-08T09:00:00+00:00,2023-02-08T12:00:00+00:00,30.316499710083008,28.96246337890625,33.99100112915039
3,AT,AKC,urban,2023-02-08T10:00:00+00:00,2023-02-08T13:00:00+00:00,21.604999542236328,29.28447914123535,34.4635009765625
3,AT,AKC,urban,2023-02-08T11:00:00+00:00,2023-02-08T14:00:00+00:00,16.70599937438965,28.696136474609375,32.688499450683594
3,AT,AKC,urban,2023-02-08T12:00:00+00:00,2023-02-08T15:00:00+00:00,15.992500305175781,27.789066314697266,30.316499710083008
3,AT,AKC,urban,2023-02-08T13:00:00+00:00,2023-02-08T16:00:00+00:00,17.64150047302246,19.777240753173828,21.604999542236328
3,AT,AKC,urban,2023-02-08T14:00:00+00:00,2023-02-08T17:00:00+00:00,16.952499389648438,18.39024543762207,16.70599937438965
3,AT,AKC,urban,2023-02-08T15:00:00+00:00,2023-02-08T18:00:00+00:00,17.83099937438965,19.081268310546875,15.992500305175781
3,AT,AKC,urban,2023-02-08T16:00:00+00:00,2023-02-08T19:00:00+00:00,19.243499755859375,21.68686294555664,17.64150047302246
3,AT,AKC,urban,2023-02-08T17:00:00+00:00,2023-02-08T20:00:00+00:00,20.944000244140625,20.898929595947266,16.952499389648438
3,AT,AKC,urban,2023-02-08T18:00:00+00:00,2023-02-08T21:00:00+00:00,24.054500579833984,21.315753936767578,17.83099937438965
3,AT,AKC,urban,2023-02-08T19:00:00+00:00,2023-02-08T22:00:00+00:00,26.861499786376953,22.556461334228516,19.243499755859375
3,AT,AKC,urban,2023-02-08T20:00:00+00:00,2023-02-08T23:00:00+00:00,25.683000564575195,23.705556869506836,20.944000244140625
3,AT,AKC,urban,2023-02-08T21:00:00+00:00,2023-02-09T00:00:00+00:00,24.096500396728516,26.159587860107422,24.054500579833984
3,AT,AKC,urban,2023-02-08T22:00:00+00:00,2023-02-09T01:00:00+00:00,23.24049949645996,27.627845764160156,26.861499786376953
3,AT,AKC,urban,2023-02-08T23:00:00+00:00,2023-02-09T02:00:00+00:00,22.72599983215332,25.54851531982422,25.683000564575195
3,AT,AKC,urban,2023-02-09T00:00:00+00:00,2023-02-09T03:00:00+00:00,23.753002166748047,24.756778717041016,24.096500396728516
3,AT,AKC,urban,2023-02-09T01:00:00+00:00,2023-02-09T04:00:00+00:00,26.825000762939453,25.07525062561035,23.24049949645996
3,AT,AKC,urban,2023-02-09T02:00:00+00:00,2023-02-09T05:00:00+00:00,32.59000015258789,25.04798698425293,22.72599983215332
3,AT,AKC,urban,2023-02-09T03:00:00+00:00,2023-02-09T06:00:00+00:00,33.471500396728516,26.387229919433594,23.753002166748047
3,AT,AKC,urban,2023-02-09T04:00:00+00:00,2023-02-09T07:00:00+00:00,30.738000869750977,29.570499420166016,26.825000762939453
3,AT,AKC,urban,2023-02-09T05:00:00+00:00,2023-02-09T08:00:00+00:00,28.042999267578125,35.6496467590332,32.59000015258789
3,AT,AKC,urban,2023-02-09T06:00:00+00:00,2023-02-09T09:00:00+00:00,24.444499969482422,31.826915740966797,33.471500396728516
3,AT,AKC,urban,2023-02-09T07:00:00+00:00,2023-02-09T10:00:00+00:00,20.948999404907227,26.675273895263672,30.738000869750977
3,AT,AKC,urban,2023-02-09T08:00:00+00:00,2023-02-09T11:00:00+00:00,18.648000717163086,23.206113815307617,28.042999267578125
3,AT,AKC,urban,2023-02-09T09:00:00+00:00,2023-02-09T12:00:00+00:00,18.874000549316406,19.231611251831055,24.444499969482422
3,AT,AKC,urban,2023-02-09T10:00:00+00:00,2023-02-09T13:00:00+00:00,18.897499084472656,16.487226486206055,20.948999404907227
3,AT,AKC,urban,2023-02-09T11:00:00+00:00,2023-02-09T14:00:00+00:00,18.94849967956543,16.36491584777832,18.648000717163086
3,AT,AKC,urban,2023-02-09T12:00:00+00:00,2023-02-09T15:00:00+00:00,18.260000228881836,19.14341926574707,18.874000549316406
3,AT,AKC,urban,2023-02-09T13:00:00+00:00,2023-02-09T16:00:00+00:00,18.374000549316406,20.740013122558594,18.897499084472656
3,AT,AKC,urban,2023-02-09T14:00:00+00:00,2023-02-09T17:00:00+00:00,18.815500259399414,22.209354400634766,18.94849967956543
3,AT,AKC,urban,2023-02-09T15:00:00+00:00,2023-02-09T18:00:00+00:00,20.441999435424805,22.039913177490234,18.260000228881836
3,AT,AKC,urban,2023-02-09T16:00:00+00:00,2023-02-09T19:00:00+00:00,21.24650001525879,22.216474533081055,18.374000549316406
3,AT,AKC,urban,2023-02-09T17:00:00+00:00,2023-02-09T20:00:00+00:00,22.411500930786133,22.319049835205078,18.815500259399414
3,AT,AKC,urban,2023-02-09T18:00:00+00:00,2023-02-09T21:00:00+00:00,22.02899932861328,23.434017181396484,20.441999435424805
3,AT,AKC,urban,2023-02-09T19:00:00+00:00,2023-02-09T22:00:00+00:00,22.23150062561035,23.769176483154297,21.24650001525879
3,AT,AKC,urban,2023-02-09T20:00:00+00:00,2023-02-09T23:00:00+00:00,23.17099952697754,24.34261703491211,22.411500930786133
3,AT,AKC,urban,2023-02-09T21:00:00+00:00,2023-02-10T00:00:00+00:00,23.105499267578125,22.828659057617188,22.02899932861328
3,AT,AKC,urban,2023-02-09T22:00:00+00:00,2023-02-10T01:00:00+00:00,19.80900001525879,22.784982681274414,22.23150062561035
3,AT,AKC,urban,2023-02-09T23:00:00+00:00,2023-02-10T02:00:00+00:00,21.27549934387207,23.613510131835938,23.17099952697754
3,AT,AKC,urban,2023-02-10T00:00:00+00:00,2023-02-10T03:00:00+00:00,21.66550064086914,23.623428344726562,23.105499267578125
3,AT,AKC,urban,2023-02-10T01:00:00+00:00,2023-02-10T04:00:00+00:00,23.68400001525879,20.32482147216797,19.80900001525879
3,AT,AKC,urban,2023-02-10T02:00:00+00:00,2023-02-10T05:00:00+00:00,25.113500595092773,23.563907623291016,21.27549934387207
3,AT,AKC,urban,2023-02-10T03:00:00+00:00,2023-02-10T06:00:00+00:00,27.159000396728516,23.624141693115234,21.66550064086914
3,AT,AKC,urban,2023-02-10T04:00:00+00:00,2023-02-10T07:00:00+00:00,24.645000457763672,25.034624099731445,23.68400001525879
3,AT,AKC,urban,2023-02-10T05:00:00+00:00,2023-02-10T08:00:00+00:00,24.738500595092773,24.58237075805664,25.113500595092773
3,AT,AKC,urban,2023-02-10T06:00:00+00:00,2023-02-10T09:00:00+00:00,27.71500015258789,24.224498748779297,27.159000396728516
3,AT,AKC,urban,2023-02-10T07:00:00+00:00,2023-02-10T10:00:00+00:00,55.99200439453125,19.868253707885742,24.645000457763672
3,AT,AKC,urban,2023-02-10T08:00:00+00:00,2023-02-10T11:00:00+00:00,28.23900032043457,20.147634506225586,24.738500595092773
3,AT,AKC,urban,2023-02-10T09:00:00+00:00,2023-02-10T12:00:00+00:00,22.03900146484375,22.303882598876953,27.71500015258789
3,AT,AKC,urban,2023-02-10T10:00:00+00:00,2023-02-10T13:00:00+00:00,19.429000854492188,23.656679153442383,55.99200439453125
3,AT,AKC,urban,2023-02-10T11:00:00+00:00,2023-02-10T14:00:00+00:00,21.045000076293945,20.8900146484375,28.23900032043457
3,AT,AKC,urban,2023-02-10T12:00:00+00:00,2023-02-10T15:00:00+00:00,23.954500198364258,19.024812698364258,22.03900146484375
3,AT,AKC,urban,2023-02-10T13:00:00+00:00,2023-02-10T16:00:00+00:00,24.547500610351562,18.368825912475586,19.429000854492188
3,AT,AKC,urban,2023-02-10T14:00:00+00:00,2023-02-10T17:00:00+00:00,25.54399871826172,20.7358455657959,21.045000076293945
3,AT,AKC,urban,2023-02-10T15:00:00+00:00,2023-02-10T18:00:00+00:00,27.077999114990234,23.578285217285156,23.954500198364258
3,AT,AKC,urban,2023-02-10T16:00:00+00:00,2023-02-10T19:00:00+00:00,26.364999771118164,26.846668243408203,24.547500610351562
3,AT,AKC,urban,2023-02-10T17:00:00+00:00,2023-02-10T20:00:00+00:00,26.381000518798828,26.160030364990234,25.54399871826172
3,AT,AKC,urban,2023-02-10T18:00:00+00:00,2023-02-10T21:00:00+00:00,26.280502319335938,27.220497131347656,27.077999114990234
3,AT,AKC,urban,2023-02-10T19:00:00+00:00,2023-02-10T22:00:00+00:00,26.708499908447266,25.57283592224121,26.364999771118164
3,AT,AKC,urban,2023-02-10T20:00:00+00:00,2023-02-10T23:00:00+00:00,26.109500885009766,25.878131866455078,26.381000518798828
3,AT,AKC,urban,2023-02-10T21:00:00+00:00,2023-02-11T00:00:00+00:00,26.588499069213867,25.588321685791016,26.280502319335938
3,AT,AKC,urban,2023-02-10T22:00:00+00:00,2023-02-11T01:00:00+00:00,29.556499481201172,26.71637725830078,26.708499908447266
3,AT,AKC,urban,2023-02-10T23:00:00+00:00,2023-02-11T02:00:00+00:00,33.53850173950195,25.652923583984375,26.109500885009766
3,AT,AKC,urban,2023-02-11T00:00:00+00:00,2023-02-11T03:00:00+00:00,33.08300018310547,25.976932525634766,26.588499069213867
3,AT,AKC,urban,2023-02-11T01:00:00+00:00,2023-02-11T04:00:00+00:00,33.72800064086914,28.384387969970703,29.556499481201172
3,AT,AKC,urban,2023-02-11T02:00:00+00:00,2023-02-11T05:00:00+00:00,31.753999710083008,31.5786075592041,33.53850173950195
3,AT,AKC,urban,2023-02-11T03:00:00+00:00,2023-02-11T06:00:00+00:00,31.89849853515625,30.813488006591797,33.08300018310547
3,AT,AKC,urban,2023-02-11T04:00:00+00:00,2023-02-11T07:00:00+00:00,30.048999786376953,31.712970733642578,33.72800064086914
3,AT,AKC,urban,2023-02-11T05:00:00+00:00,2023-02-11T08:00:00+00:00,25.319000244140625,28.811424255371094,31.753999710083008
3,AT,AKC,urban,2023-02-11T06:00:00+00:00,2023-02-11T09:00:00+00:00,25.053001403808594,28.18663787841797,31.89849853515625
3,AT,AKC,urban,2023-02-11T07:00:00+00:00,2023-02-11T10:00:00+00:00,25.76099967956543,25.899993896484375,30.048999786376953
3,AT,AKC,urban,2023-02-11T08:00:00+00:00,2023-02-11T11:00:00+00:00,21.131000518798828,20.434194564819336,25.319000244140625
3,AT,AKC,urban,2023-02-11T09:00:00+00:00,2023-02-11T12:00:00+00:00,19.20549964904785,21.1184024810791,25.053001403808594
3,AT,AKC,urban,2023-02-11T10:00:00+00:00,2023-02-11T13:00:00+00:00,18.621999740600586,17.389591217041016,25.76099967956543
3,AT,AKC,urban,2023-02-11T11:00:00+00:00,2023-02-11T14:00:00+00:00,16.832500457763672,14.620882034301758,21.131000518798828
3,AT,AKC,urban,2023-02-11T12:00:00+00:00,2023-02-11T15:00:00+00:00,15.645999908447266,13.95388126373291,19.20549964904785
3,AT,AKC,urban,2023-02-11T13:00:00+00:00,2023-02-11T16:00:00+00:00,16.579500198364258,16.981624603271484,18.621999740600586
3,AT,AKC,urban,2023-02-11T14:00:00+00:00,2023-02-11T17:00:00+00:00,18.06800079345703,16.444835662841797,16.832500457763672
3,AT,AKC,urban,2023-02-11T15:00:00+00:00,2023-02-11T18:00:00+00:00,18.866500854492188,15.6436767578125,15.645999908447266
3,AT,AKC,urban,2023-02-11T16:00:00+00:00,2023-02-11T19:00:00+00:00,19.5575008392334,17.071285247802734,16.579500198364258
3,AT,AKC,urban,2023-02-11T17:00:00+00:00,2023-02-11T20:00:00+00:00,20.349000930786133,17.93158721923828,18.06800079345703
3,AT,AKC,urban,2023-02-11T18:00:00+00:00,2023-02-11T21:00:00+00:00,20.80150032043457,19.00240707397461,18.866500854492188
3,AT,AKC,urban,2023-02-11T19:00:00+00:00,2023-02-11T22:00:00+00:00,21.333999633789062,18.857030868530273,19.5575008392334
3,AT,AKC,urban,2023-02-11T20:00:00+00:00,2023-02-11T23:00:00+00:00,19.56999969482422,18.92998504638672,20.349000930786133
3,AT,AKC,urban,2023-02-11T21:00:00+00:00,2023-02-12T00:00:00+00:00,18.21150016784668,18.965314865112305,20.80150032043457
3,AT,AKC,urban,2023-02-11T22:00:00+00:00,2023-02-12T01:00:00+00:00,17.28849983215332,19.45038604736328,21.333999633789062
3,AT,AKC,urban,2023-02-11T23:00:00+00:00,2023-02-12T02:00:00+00:00,17.5049991607666,17.626657485961914,19.56999969482422
3,AT,AKC,urban,2023-02-12T00:00:00+00:00,2023-02-12T03:00:00+00:00,18.97100067138672,16.20517349243164,18.21150016784668
3,AT,AKC,urban,2023-02-12T01:00:00+00:00,2023-02-12T04:00:00+00:00,21.172000885009766,15.053686141967773,17.28849983215332
3,AT,AKC,urban,2023-02-12T02:00:00+00:00,2023-02-12T05:00:00+00:00,21.70549964904785,15.401744842529297,17.5049991607666
3,AT,AKC,urban,2023-02-12T03:00:00+00:00,2023-02-12T06:00:00+00:00,21.20549964904785,16.157136917114258,18.97100067138672
3,AT,AKC,urban,2023-02-12T04:00:00+00:00,2023-02-12T07:00:00+00:00,20.374500274658203,16.962289810180664,21.172000885009766
3,AT,AKC,urban,2023-02-12T05:00:00+00:00,2023-02-12T08:00:00+00:00,17.954500198364258,17.363048553466797,21.70549964904785
3,AT,AKC,urban,2023-02-12T06:00:00+00:00,2023-02-12T09:00:00+00:00,15.467000007629395,17.379810333251953,21.20549964904785
3,AT,AKC,urban,2023-02-12T07:00:00+00:00,2023-02-12T10:00:00+00:00,13.80150032043457,16.70409393310547,20.374500274658203
3,AT,AKC,urban,2023-02-12T08:00:00+00:00,2023-02-12T11:00:00+00:00,12.621000289916992,14.23172664642334,17.954500198364258
3,AT,AKC,urban,2023-02-12T09:00:00+00:00,2023-02-12T12:00:00+00:00,13.072999954223633,12.100339889526367,15.467000007629395
3,AT,AKC,urban,2023-02-12T10:00:00+00:00,2023-02-12T13:00:00+00:00,14.93649959564209,10.097811698913574,13.80150032043457
3,AT,AKC,urban,2023-02-12T11:00:00+00:00,2023-02-12T14:00:00+00:00,17.224000930786133,11.116636276245117,12.621000289916992
3,AT,AKC,urban,2023-02-12T12:00:00+00:00,2023-02-12T15:00:00+00:00,17.26449966430664,12.017699241638184,13.072999954223633
3,AT,AKC,urban,2023-02-12T13:00:00+00:00,2023-02-12T16:00:00+00:00,17.202499389648438,14.637327194213867,14.93649959564209
3,AT,AKC,urban,2023-02-12T14:00:00+00:00,2023-02-12T17:00:00+00:00,18.58300018310547,17.093673706054688,17.224000930786133
3,AT,AKC,urban,2023-02-12T15:00:00+00:00,2023-02-12T18:00:00+00:00,18.59950065612793,18.349842071533203,17.26449966430664
3,AT,AKC,urban,2023-02-12T16:00:00+00:00,2023-02-12T19:00:00+00:00,17.508499145507812,19.70733070373535,17.202499389648438
3,AT,AKC,urban,2023-02-12T17:00:00+00:00,2023-02-12T20:00:00+00:00,13.920999526977539,21.276355743408203,18.58300018310547
3,AT,AKC,urban,2023-02-12T18:00:00+00:00,2023-02-12T21:00:00+00:00,11.626999855041504,20.861225128173828,18.59950065612793
3,AT,AKC,urban,2023-02-12T19:00:00+00:00,2023-02-12T22:00:00+00:00,15.11299991607666,18.3162784576416,17.508499145507812
3,AT,AKC,urban,2023-02-12T20:00:00+00:00,2023-02-12T23:00:00+00:00,15.640000343322754,14.44857406616211,13.920999526977539
3,AT,AKC,urban,2023-02-12T21:00:00+00:00,2023-02-13T00:00:00+00:00,14.071999549865723,11.775188446044922,11.626999855041504
3,AT,AKC,urban,2023-02-12T22:00:00+00:00,2023-02-13T01:00:00+00:00,14.70300006866455,15.261017799377441,15.11299991607666
3,AT,AKC,urban,2023-02-12T23:00:00+00:00,2023-02-13T02:00:00+00:00,13.66450023651123,15.391291618347168,15.640000343322754
3,AT,AKC,urban,2023-02-13T00:00:00+00:00,2023-02-13T03:00:00+00:00,11.373000144958496,13.566263198852539,14.071999549865723
3,AT,AKC,urban,2023-02-13T01:00:00+00:00,2023-02-13T04:00:00+00:00,11.100500106811523,14.620426177978516,14.70300006866455
3,AT,AKC,urban,2023-02-13T02:00:00+00:00,2023-02-13T05:00:00+00:00,12.293499946594238,14.067092895507812,13.66450023651123
3,AT,AKC,urban,2023-02-13T03:00:00+00:00,2023-02-13T06:00:00+00:00,9.674850463867188,12.254627227783203,11.373000144958496
3,AT,AKC,urban,2023-02-13T04:00:00+00:00,2023-02-13T07:00:00+00:00,10.996000289916992,12.757723808288574,11.100500106811523
3,AT,AKC,urban,2023-02-13T05:00:00+00:00,2023-02-13T08:00:00+00:00,11.184499740600586,14.455865859985352,12.293499946594238
3,AT,AKC,urban,2023-02-13T06:00:00+00:00,2023-02-13T09:00:00+00:00,10.084150314331055,11.087121963500977,9.674850463867188
3,AT,AKC,urban,2023-02-13T07:00:00+00:00,2023-02-13T10:00:00+00:00,9.257299423217773,12.485904693603516,10.996000289916992
3,AT,AKC,urban,2023-02-13T08:00:00+00:00,2023-02-13T11:00:00+00:00,7.721199035644531,11.901504516601562,11.184499740600586
3,AT,AKC,urban,2023-02-13T09:00:00+00:00,2023-02-13T12:00:00+00:00,7.397298812866211,10.274353981018066,10.084150314331055
3,AT,AKC,urban,2023-02-13T10:00:00+00:00,2023-02-13T13:00:00+00:00,7.810898780822754,9.562318801879883,9.257299423217773
3,AT,AKC,urban,2023-02-13T11:00:00+00:00,2023-02-13T14:00:00+00:00,6.081900119781494,8.27619743347168,7.721199035644531
3,AT,AKC,urban,2023-02-13T12:00:00+00:00,2023-02-13T15:00:00+00:00,6.696399688720703,8.186434745788574,7.397298812866211
3,AT,AKC,urban,2023-02-13T13:00:00+00:00,2023-02-13T16:00:00+00:00,7.348499774932861,8.775022506713867,7.810898780822754
3,AT,AKC,urban,2023-02-13T14:00:00+00:00,2023-02-13T17:00:00+00:00,7.918000221252441,7.5306925773620605,6.081900119781494
3,AT,AKC,urban,2023-02-13T15:00:00+00:00,2023-02-13T18:00:00+00:00,8.012048721313477,9.74779224395752,6.696399688720703
3,AT,AKC,urban,2023-02-13T16:00:00+00:00,2023-02-13T19:00:00+00:00,7.762948989868164,10.647588729858398,7.348499774932861
3,AT,AKC,urban,2023-02-13T17:00:00+00:00,2023-02-13T20:00:00+00:00,7.714300155639648,10.976346969604492,7.918000221252441
3,AT,AKC,urban,2023-02-13T18:00:00+00:00,2023-02-13T21:00:00+00:00,8.228899002075195,10.570903778076172,8.012048721313477
3,AT,AKC,urban,2023-02-13T19:00:00+00:00,2023-02-13T22:00:00+00:00,6.2481489181518555,9.01971435546875,7.762948989868164
3,AT,AKC,urban,2023-02-13T20:00:00+00:00,2023-02-13T23:00:00+00:00,5.652548789978027,8.25463581085205,7.714300155639648
3,AT,AKC,urban,2023-02-13T21:00:00+00:00,2023-02-14T00:00:00+00:00,7.3772501945495605,8.556777954101562,8.228899002075195
3,AT,AKC,urban,2023-02-13T22:00:00+00:00,2023-02-14T01:00:00+00:00,10.753000259399414,6.310845851898193,6.2481489181518555
3,AT,AKC,urban,2023-02-13T23:00:00+00:00,2023-02-14T02:00:00+00:00,12.53600025177002,6.159768104553223,5.652548789978027
3,AT,AKC,urban,2023-02-14T00:00:00+00:00,2023-02-14T03:00:00+00:00,13.321499824523926,7.689851760864258,7.3772501945495605
3,AT,AKC,urban,2023-02-14T01:00:00+00:00,2023-02-14T04:00:00+00:00,13.48449993133545,10.649685859680176,10.753000259399414
3,AT,AKC,urban,2023-02-14T02:00:00+00:00,2023-02-14T05:00:00+00:00,12.225500106811523,11.98682975769043,12.53600025177002
3,AT,AKC,urban,2023-02-14T03:00:00+00:00,2023-02-14T06:00:00+00:00,12.446499824523926,12.983616828918457,13.321499824523926
3,AT,AKC,urban,2023-02-14T04:00:00+00:00,2023-02-14T07:00:00+00:00,12.202500343322754,13.005898475646973,13.48449993133545
3,AT,AKC,urban,2023-02-14T05:00:00+00:00,2023-02-14T08:00:00+00:00,14.411499977111816,11.644058227539062,12.225500106811523
3,AT,AKC,urban,2023-02-14T06:00:00+00:00,2023-02-14T09:00:00+00:00,14.184499740600586,12.198393821716309,12.446499824523926
3,AT,AKC,urban,2023-02-14T07:00:00+00:00,2023-02-14T10:00:00+00:00,15.830499649047852,11.788589477539062,12.202500343322754
3,AT,AKC,urban,2023-02-14T08:00:00+00:00,2023-02-14T11:00:00+00:00,16.464500427246094,13.237502098083496,14.411499977111816
3,AT,AKC,urban,2023-02-14T09:00:00+00:00,2023-02-14T12:00:00+00:00,17.01300048828125,12.94505500793457,14.184499740600586
3,AT,AKC,urban,2023-02-14T10:00:00+00:00,2023-02-14T13:00:00+00:00,17.520999908447266,13.940913200378418,15.830499649047852
3,AT,AKC,urban,2023-02-14T11:00:00+00:00,2023-02-14T14:00:00+00:00,17.414499282836914,14.520403861999512,16.464500427246094
3,AT,AKC,urban,2023-02-14T12:00:00+00:00,2023-02-14T15:00:00+00:00,17.02899932861328,15.165691375732422,17.01300048828125
3,AT,AKC,urban,2023-02-14T13:00:00+00:00,2023-02-14T16:00:00+00:00,17.81450080871582,15.899454116821289,17.520999908447266
3,AT,AKC,urban,2023-02-14T14:00:00+00:00,2023-02-14T17:00:00+00:00,18.214500427246094,16.386640548706055,17.414499282836914
3,AT,AKC,urban,2023-02-14T15:00:00+00:00,2023-02-14T18:00:00+00:00,18.24850082397461,16.776439666748047,17.02899932861328
3,AT,AKC,urban,2023-02-14T16:00:00+00:00,2023-02-14T19:00:00+00:00,18.264999389648438,18.595916748046875,17.81450080871582
3,AT,AKC,urban,2023-02-14T17:00:00+00:00,2023-02-14T20:00:00+00:00,18.12150001525879,18.128305435180664,18.214500427246094
3,AT,AKC,urban,2023-02-14T18:00:00+00:00,2023-02-14T21:00:00+00:00,18.968000411987305,17.76921272277832,18.24850082397461
3,AT,AKC,urban,2023-02-14T19:00:00+00:00,2023-02-14T22:00:00+00:00,18.77199935913086,17.66046905517578,18.264999389648438
3,AT,AKC,urban,2023-02-14T20:00:00+00:00,2023-02-14T23:00:00+00:00,19.167999267578125,17.391067504882812,18.12150001525879
3,AT,AKC,urban,2023-02-14T21:00:00+00:00,2023-02-15T00:00:00+00:00,19.664499282836914,18.272266387939453,18.968000411987305
3,AT,AKC,urban,2023-02-14T22:00:00+00:00,2023-02-15T01:00:00+00:00,20.55150032043457,18.002914428710938,18.77199935913086
3,AT,AKC,urban,2023-02-14T23:00:00+00:00,2023-02-15T02:00:00+00:00,21.03350067138672,18.60174560546875,19.167999267578125
3,AT,AKC,urban,2023-02-15T00:00:00+00:00,2023-02-15T03:00:00+00:00,21.521499633789062,19.278059005737305,19.664499282836914
3,AT,AKC,urban,2023-02-15T01:00:00+00:00,2023-02-15T04:00:00+00:00,21.538999557495117,20.381790161132812,20.55150032043457
3,AT,AKC,urban,2023-02-15T02:00:00+00:00,2023-02-15T05:00:00+00:00,23.32900047302246,21.167388916015625,21.03350067138672
3,AT,AKC,urban,2023-02-15T03:00:00+00:00,2023-02-15T06:00:00+00:00,25.865999221801758,22.00525665283203,21.521499633789062
3,AT,AKC,urban,2023-02-15T04:00:00+00:00,2023-02-15T07:00:00+00:00,22.600000381469727,22.108463287353516,21.538999557495117
3,AT,AKC,urban,2023-02-15T05:00:00+00:00,2023-02-15T08:00:00+00:00,22.308998107910156,24.199779510498047,23.32900047302246
3,AT,AKC,urban,2023-02-15T06:00:00+00:00,2023-02-15T09:00:00+00:00,22.454999923706055,24.745819091796875,25.865999221801758
3,AT,AKC,urban,2023-02-15T07:00:00+00:00,2023-02-15T10:00:00+00:00,22.92449951171875,21.110166549682617,22.600000381469727
3,AT,AKC,urban,2023-02-15T08:00:00+00:00,2023-02-15T11:00:00+00:00,22.51599884033203,21.378475189208984,22.308998107910156
3,AT,AKC,urban,2023-02-15T09:00:00+00:00,2023-02-15T12:00:00+00:00,22.8799991607666,22.386898040771484,22.454999923706055
3,AT,AKC,urban,2023-02-15T10:00:00+00:00,2023-02-15T13:00:00+00:00,23.92300033569336,22.910152435302734,22.92449951171875
3,AT,AKC,urban,2023-02-15T11:00:00+00:00,2023-02-15T14:00:00+00:00,22.663000106811523,22.88996124267578,22.51599884033203
3,AT,AKC,urban,2023-02-15T12:00:00+00:00,2023-02-15T15:00:00+00:00,23.048999786376953,24.062292098999023,22.8799991607666
3,AT,AKC,urban,2023-02-15T13:00:00+00:00,2023-02-15T16:00:00+00:00,25.135000228881836,24.78737449645996,23.92300033569336
3,AT,AKC,urban,2023-02-15T14:00:00+00:00,2023-02-15T17:00:00+00:00,26.631000518798828,23.424198150634766,22.663000106811523
3,AT,AKC,urban,2023-02-15T15:00:00+00:00,2023-02-15T18:00:00+00:00,29.839000701904297,24.5839900970459,23.048999786376953
3,AT,AKC,urban,2023-02-15T16:00:00+00:00,2023-02-15T19:00:00+00:00,31.966999053955078,26.931106567382812,25.135000228881836
3,AT,AKC,urban,2023-02-15T17:00:00+00:00,2023-02-15T20:00:00+00:00,33.33700180053711,27.82213592529297,26.631000518798828
3,AT,AKC,urban,2023-02-15T18:00:00+00:00,2023-02-15T21:00:00+00:00,34.42599868774414,29.510835647583008,29.839000701904297
3,AT,AKC,urban,2023-02-15T19:00:00+00:00,2023-02-15T22:00:00+00:00,34.02550506591797,30.79419708251953,31.966999053955078
3,AT,AKC,urban,2023-02-15T20:00:00+00:00,2023-02-15T23:00:00+00:00,34.95199966430664,31.35431480407715,33.33700180053711
3,AT,AKC,urban,2023-02-15T21:00:00+00:00,2023-02-16T00:00:00+00:00,35.02949905395508,30.892045974731445,34.42599868774414
3,AT,AKC,urban,2023-02-15T22:00:00+00:00,2023-02-16T01:00:00+00:00,35.095001220703125,30.02110481262207,34.02550506591797
3,AT,AKC,urban,2023-02-15T23:00:00+00:00,2023-02-16T02:00:00+00:00,34.755001068115234,31.393129348754883,34.95199966430664
3,AT,AKC,urban,2023-02-16T00:00:00+00:00,2023-02-16T03:00:00+00:00,28.784500122070312,31.721521377563477,35.02949905395508
3,AT,AKC,urban,2023-02-16T01:00:00+00:00,2023-02-16T04:00:00+00:00,19.79400062561035,32.744140625,35.095001220703125
3,AT,AKC,urban,2023-02-16T02:00:00+00:00,2023-02-16T05:00:00+00:00,19.54599952697754,33.61414337158203,34.755001068115234
3,AT,AKC,urban,2023-02-16T03:00:00+00:00,2023-02-16T06:00:00+00:00,21.636999130249023,27.28252410888672,28.784500122070312
3,AT,AKC,urban,2023-02-16T04:00:00+00:00,2023-02-16T07:00:00+00:00,22.238500595092773,19.793895721435547,19.79400062561035
3,AT,AKC,urban,2023-02-16T05:00:00+00:00,2023-02-16T08:00:00+00:00,22.030500411987305,21.108436584472656,19.54599952697754
3,AT,AKC,urban,2023-02-16T06:00:00+00:00,2023-02-16T09:00:00+00:00,27.002002716064453,22.196067810058594,21.636999130249023
3,AT,AKC,urban,2023-02-16T07:00:00+00:00,2023-02-16T10:00:00+00:00,28.654499053955078,22.312721252441406,22.238500595092773
3,AT,AKC,urban,2023-02-16T08:00:00+00:00,2023-02-16T11:00:00+00:00,31.127500534057617,20.737449645996094,22.030500411987305
3,AT,AKC,urban,2023-02-16T09:00:00+00:00,2023-02-16T12:00:00+00:00,29.857999801635742,25.267539978027344,27.002002716064453
3,AT,AKC,urban,2023-02-16T10:00:00+00:00,2023-02-16T13:00:00+00:00,30.55150032043457,25.617483139038086,28.654499053955078
3,AT,AKC,urban,2023-02-16T11:00:00+00:00,2023-02-16T14:00:00+00:00,29.27899932861328,27.562122344970703,31.127500534057617
3,AT,AKC,urban,2023-02-16T12:00:00+00:00,2023-02-16T15:00:00+00:00,29.513999938964844,27.95786476135254,29.857999801635742
3,AT,AKC,urban,2023-02-16T13:00:00+00:00,2023-02-16T16:00:00+00:00,29.66699981689453,30.63229751586914,30.55150032043457
3,AT,AKC,urban,2023-02-16T14:00:00+00:00,2023-02-16T17:00:00+00:00,28.804500579833984,29.963647842407227,29.27899932861328
3,AT,AKC,urban,2023-02-16T15:00:00+00:00,2023-02-16T18:00:00+00:00,28.980499267578125,32.176910400390625,29.513999938964844
3,AT,AKC,urban,2023-02-16T16:00:00+00:00,2023-02-16T19:00:00+00:00,32.597999572753906,31.068628311157227,29.66699981689453
3,AT,AKC,urban,2023-02-16T17:00:00+00:00,2023-02-16T20:00:00+00:00,34.698001861572266,29.538597106933594,28.804500579833984
3,AT,AKC,urban,2023-02-16T18:00:00+00:00,2023-02-16T21:00:00+00:00,34.78200149536133,27.909194946289062,28.980499267578125
3,AT,AKC,urban,2023-02-16T19:00:00+00:00,2023-02-16T22:00:00+00:00,34.119998931884766,29.76603126525879,32.597999572753906
3,AT,AKC,urban,2023-02-16T20:00:00+00:00,2023-02-16T23:00:00+00:00,33.686500549316406,29.489107131958008,34.698001861572266
3,AT,AKC,urban,2023-02-16T21:00:00+00:00,2023-02-17T00:00:00+00:00,33.089500427246094,28.256635665893555,34.78200149536133
3,AT,AKC,urban,2023-02-16T22:00:00+00:00,2023-02-17T01:00:00+00:00,32.34600067138672,27.451351165771484,34.119998931884766
3,AT,AKC,urban,2023-02-16T23:00:00+00:00,2023-02-17T02:00:00+00:00,31.68549919128418,27.568965911865234,33.686500549316406
3,AT,AKC,urban,2023-02-17T00:00:00+00:00,2023-02-17T03:00:00+00:00,30.281999588012695,27.588359832763672,33.089500427246094
3,AT,AKC,urban,2023-02-17T01:00:00+00:00,2023-02-17T04:00:00+00:00,22.364999771118164,27.15487289428711,32.34600067138672
3,AT,AKC,urban,2023-02-17T02:00:00+00:00,2023-02-17T05:00:00+00:00,14.725150108337402,26.67160415649414,31.68549919128418
3,AT,AKC,urban,2023-02-17T03:00:00+00:00,2023-02-17T06:00:00+00:00,9.88010025024414,24.612903594970703,30.281999588012695
3,AT,AKC,urban,2023-02-17T04:00:00+00:00,2023-02-17T07:00:00+00:00,10.120550155639648,16.605297088623047,22.364999771118164
3,AT,AKC,urban,2023-02-17T05:00:00+00:00,2023-02-17T08:00:00+00:00,9.541199684143066,11.819378852844238,14.725150108337402
3,AT,AKC,urban,2023-02-17T06:00:00+00:00,2023-02-17T09:00:00+00:00,9.192998886108398,10.151871681213379,9.88010025024414
3,AT,AKC,urban,2023-02-17T07:00:00+00:00,2023-02-17T10:00:00+00:00,8.367098808288574,10.39942741394043,10.120550155639648
3,AT,AKC,urban,2023-02-17T08:00:00+00:00,2023-02-17T11:00:00+00:00,7.666549205780029,9.471637725830078,9.541199684143066
3,AT,AKC,urban,2023-02-17T09:00:00+00:00,2023-02-17T12:00:00+00:00,6.854249000549316,9.211212158203125,9.192998886108398
3,AT,AKC,urban,2023-02-17T10:00:00+00:00,2023-02-17T13:00:00+00:00,5.942249298095703,9.068846702575684,8.367098808288574
3,AT,AKC,urban,2023-02-17T11:00:00+00:00,2023-02-17T14:00:00+00:00,4.60290002822876,8.03742790222168,7.666549205780029
3,AT,AKC,urban,2023-02-17T12:00:00+00:00,2023-02-17T15:00:00+00:00,4.287899017333984,7.438930034637451,6.854249000549316
3,AT,AKC,urban,2023-02-17T13:00:00+00:00,2023-02-17T16:00:00+00:00,5.031700134277344,6.66389799118042,5.942249298095703
3,AT,AKC,urban,2023-02-17T14:00:00+00:00,2023-02-17T17:00:00+00:00,5.817500114440918,5.637676239013672,4.60290002822876
3,AT,AKC,urban,2023-02-17T15:00:00+00:00,2023-02-17T18:00:00+00:00,5.816999912261963,5.514074325561523,4.287899017333984
3,AT,AKC,urban,2023-02-17T16:00:00+00:00,2023-02-17T19:00:00+00:00,5.032999038696289,6.003939151763916,5.031700134277344
3,AT,AKC,urban,2023-02-17T17:00:00+00:00,2023-02-17T20:00:00+00:00,4.558350086212158,6.724941730499268,5.817500114440918
3,AT,AKC,urban,2023-02-17T18:00:00+00:00,2023-02-17T21:00:00+00:00,4.5903000831604,6.575100898742676,5.816999912261963
3,AT,AKC,urban,2023-02-17T19:00:00+00:00,2023-02-17T22:00:00+00:00,4.066248893737793,5.560998916625977,5.032999038696289
3,AT,AKC,urban,2023-02-17T20:00:00+00:00,2023-02-17T23:00:00+00:00,3.404449462890625,4.833190441131592,4.558350086212158
3,AT,AKC,urban,2023-02-17T21:00:00+00:00,2023-02-18T00:00:00+00:00,3.1291990280151367,4.805487632751465,4.5903000831604
3,AT,AKC,urban,2023-02-17T22:00:00+00:00,2023-02-18T01:00:00+00:00,2.987600326538086,4.319210052490234,4.066248893737793
3,AT,AKC,urban,2023-02-17T23:00:00+00:00,2023-02-18T02:00:00+00:00,2.7707996368408203,3.7369384765625,3.404449462890625
3,AT,AKC,urban,2023-02-18T00:00:00+00:00,2023-02-18T03:00:00+00:00,2.7850494384765625,3.434756278991699,3.1291990280151367
3,AT,AKC,urban,2023-02-18T01:00:00+00:00,2023-02-18T04:00:00+00:00,2.5488996505737305,3.274871826171875,2.987600326538086
3,AT,AKC,urban,2023-02-18T02:00:00+00:00,2023-02-18T05:00:00+00:00,2.1518993377685547,3.07565975189209,2.7707996368408203
3,AT,AKC,urban,2023-02-18T03:00:00+00:00,2023-02-18T06:00:00+00:00,2.5046005249023438,3.098295211791992,2.7850494384765625
3,AT,AKC,urban,2023-02-18T04:00:00+00:00,2023-02-18T07:00:00+00:00,2.512099266052246,3.038538932800293,2.5488996505737305
3,AT,AKC,urban,2023-02-18T05:00:00+00:00,2023-02-18T08:00:00+00:00,2.7325992584228516,2.860337257385254,2.1518993377685547
3,AT,AKC,urban,2023-02-18T06:00:00+00:00,2023-02-18T09:00:00+00:00,3.01300048828125,3.220637321472168,2.5046005249023438
3,AT,AKC,urban,2023-02-18T07:00:00+00:00,2023-02-18T10:00:00+00:00,3.2692489624023438,3.194880485534668,2.512099266052246
3,AT,AKC,urban,2023-02-18T08:00:00+00:00,2023-02-18T11:00:00+00:00,3.2925500869750977,3.265491485595703,2.7325992584228516
3,AT,AKC,urban,2023-02-18T09:00:00+00:00,2023-02-18T12:00:00+00:00,2.961050033569336,3.4683656692504883,3.01300048828125
3,AT,AKC,urban,2023-02-18T10:00:00+00:00,2023-02-18T13:00:00+00:00,2.4315500259399414,3.808317184448242,3.2692489624023438
3,AT,AKC,urban,2023-02-18T11:00:00+00:00,2023-02-18T14:00:00+00:00,2.1196489334106445,3.713327407836914,3.2925500869750977
3,AT,AKC,urban,2023-02-18T12:00:00+00:00,2023-02-18T15:00:00+00:00,1.9617986679077148,3.525726318359375,2.961050033569336
3,AT,AKC,urban,2023-02-18T13:00:00+00:00,2023-02-18T16:00:00+00:00,2.131349563598633,3.0341968536376953,2.4315500259399414
3,AT,AKC,urban,2023-02-18T14:00:00+00:00,2023-02-18T17:00:00+00:00,2.206549644470215,3.0040550231933594,2.1196489334106445
3,AT,AKC,urban,2023-02-18T15:00:00+00:00,2023-02-18T18:00:00+00:00,2.3151988983154297,2.7788257598876953,1.9617986679077148
3,AT,AKC,urban,2023-02-18T16:00:00+00:00,2023-02-18T19:00:00+00:00,2.3864498138427734,2.999131202697754,2.131349563598633
3,AT,AKC,urban,2023-02-18T17:00:00+00:00,2023-02-18T20:00:00+00:00,2.1229991912841797,2.898055076599121,2.206549644470215
3,AT,AKC,urban,2023-02-18T18:00:00+00:00,2023-02-18T21:00:00+00:00,1.654250144958496,2.6114416122436523,2.3151988983154297
3,AT,AKC,urban,2023-02-18T19:00:00+00:00,2023-02-18T22:00:00+00:00,1.564499855041504,2.566814422607422,2.3864498138427734
3,AT,AKC,urban,2023-02-18T20:00:00+00:00,2023-02-18T23:00:00+00:00,1.6740999221801758,2.256662368774414,2.1229991912841797
3,AT,AKC,urban,2023-02-18T21:00:00+00:00,2023-02-19T00:00:00+00:00,1.885549545288086,1.7769107818603516,1.654250144958496
3,AT,AKC,urban,2023-02-18T22:00:00+00:00,2023-02-19T01:00:00+00:00,1.9452495574951172,1.687948226928711,1.564499855041504
3,AT,AKC,urban,2023-02-18T23:00:00+00:00,2023-02-19T02:00:00+00:00,2.085050582885742,1.8080072402954102,1.6740999221801758
3,AT,AKC,urban,2023-02-19T00:00:00+00:00,2023-02-19T03:00:00+00:00,3.409799575805664,2.0288429260253906,1.885549545288086
3,AT,AKC,urban,2023-02-19T01:00:00+00:00,2023-02-19T04:00:00+00:00,4.175250053405762,2.1045026779174805,1.9452495574951172
3,AT,AKC,urban,2023-02-19T02:00:00+00:00,2023-02-19T05:00:00+00:00,4.006750106811523,2.265988349914551,2.085050582885742
3,AT,AKC,urban,2023-02-19T03:00:00+00:00,2023-02-19T06:00:00+00:00,3.4307994842529297,3.607208251953125,3.409799575805664
3,AT,AKC,urban,2023-02-19T04:00:00+00:00,2023-02-19T07:00:00+00:00,2.876049041748047,4.467278480529785,4.175250053405762
3,AT,AKC,urban,2023-02-19T05:00:00+00:00,2023-02-19T08:00:00+00:00,1.9432487487792969,4.384937763214111,4.006750106811523
3,AT,AKC,urban,2023-02-19T06:00:00+00:00,2023-02-19T09:00:00+00:00,1.970250129699707,3.884352684020996,3.4307994842529297
3,AT,AKC,urban,2023-02-19T07:00:00+00:00,2023-02-19T10:00:00+00:00,1.3697996139526367,3.308537483215332,2.876049041748047
3,AT,AKC,urban,2023-02-19T08:00:00+00:00,2023-02-19T11:00:00+00:00,1.5533485412597656,2.4394006729125977,1.9432487487792969
3,AT,AKC,urban,2023-02-19T09:00:00+00:00,2023-02-19T12:00:00+00:00,1.8582487106323242,2.4851741790771484,1.970250129699707
3,AT,AKC,urban,2023-02-19T10:00:00+00:00,2023-02-19T13:00:00+00:00,1.433150291442871,1.919546127319336,1.3697996139526367
3,AT,AKC,urban,2023-02-19T11:00:00+00:00,2023-02-19T14:00:00+00:00,1.7427997589111328,2.0507278442382812,1.5533485412597656
3,AT,AKC,urban,2023-02-19T12:00:00+00:00,2023-02-19T15:00:00+00:00,1.6743993759155273,2.4473838806152344,1.8582487106323242
3,AT,AKC,urban,2023-02-19T13:00:00+00:00,2023-02-19T16:00:00+00:00,1.2790002822875977,2.1588382720947266,1.433150291442871
3,AT,AKC,urban,2023-02-19T14:00:00+00:00,2023-02-19T17:00:00+00:00,1.3938989639282227,2.599485397338867,1.7427997589111328
3,AT,AKC,urban,2023-02-19T15:00:00+00:00,2023-02-19T18:00:00+00:00,1.7023000717163086,2.506744384765625,1.6743993759155273
3,AT,AKC,urban,2023-02-19T16:00:00+00:00,2023-02-19T19:00:00+00:00,2.123049736022949,2.2195444107055664,1.2790002822875977
3,AT,AKC,urban,2023-02-19T17:00:00+00:00,2023-02-19T20:00:00+00:00,3.2864990234375,2.5831689834594727,1.3938989639282227
3,AT,AKC,urban,2023-02-19T18:00:00+00:00,2023-02-19T21:00:00+00:00,5.428699970245361,2.778592109680176,1.7023000717163086
3,AT,AKC,urban,2023-02-19T19:00:00+00:00,2023-02-19T22:00:00+00:00,5.012148857116699,3.072122573852539,2.123049736022949
3,AT,AKC,urban,2023-02-19T20:00:00+00:00,2023-02-19T23:00:00+00:00,5.018650054931641,4.24555778503418,3.2864990234375
3,AT,AKC,urban,2023-02-19T21:00:00+00:00,2023-02-20T00:00:00+00:00,4.90654993057251,6.103059768676758,5.428699970245361
3,AT,AKC,urban,2023-02-19T22:00:00+00:00,2023-02-20T01:00:00+00:00,4.727449417114258,5.291436672210693,5.012148857116699
3,AT,AKC,urban,2023-02-19T23:00:00+00:00,2023-02-20T02:00:00+00:00,5.014648914337158,5.151567459106445,5.018650054931641
3,AT,AKC,urban,2023-02-20T00:00:00+00:00,2023-02-20T03:00:00+00:00,5.933849811553955,5.386138916015625,4.90654993057251
3,AT,AKC,urban,2023-02-20T01:00:00+00:00,2023-02-20T04:00:00+00:00,7.2308502197265625,5.593470096588135,4.727449417114258
3,AT,AKC,urban,2023-02-20T02:00:00+00:00,2023-02-20T05:00:00+00:00,7.5433502197265625,6.149019718170166,5.014648914337158
3,AT,AKC,urban,2023-02-20T03:00:00+00:00,2023-02-20T06:00:00+00:00,7.74324893951416,7.333691120147705,5.933849811553955
3,AT,AKC,urban,2023-02-20T04:00:00+00:00,2023-02-20T07:00:00+00:00,7.622249126434326,8.59088134765625,7.2308502197265625
3,AT,AKC,urban,2023-02-20T05:00:00+00:00,2023-02-20T08:00:00+00:00,5.93704891204834,7.757022380828857,7.5433502197265625
3,AT,AKC,urban,2023-02-20T06:00:00+00:00,2023-02-20T09:00:00+00:00,5.909249782562256,8.181753158569336,7.74324893951416
3,AT,AKC,urban,2023-02-20T07:00:00+00:00,2023-02-20T10:00:00+00:00,5.773598670959473,7.544551849365234,7.622249126434326
3,AT,AKC,urban,2023-02-20T08:00:00+00:00,2023-02-20T11:00:00+00:00,5.205748558044434,6.009146213531494,5.93704891204834
3,AT,AKC,urban,2023-02-20T09:00:00+00:00,2023-02-20T12:00:00+00:00,4.982600688934326,5.976239204406738,5.909249782562256
3,AT,AKC,urban,2023-02-20T10:00:00+00:00,2023-02-20T13:00:00+00:00,4.821800231933594,5.867124080657959,5.773598670959473
3,AT,AKC,urban,2023-02-20T11:00:00+00:00,2023-02-20T14:00:00+00:00,4.085100173950195,5.354812145233154,5.205748558044434
3,AT,AKC,urban,2023-02-20T12:00:00+00:00,2023-02-20T15:00:00+00:00,3.787599563598633,5.299428939819336,4.982600688934326
3,AT,AKC,urban,2023-02-20T13:00:00+00:00,2023-02-20T16:00:00+00:00,3.956249237060547,5.215811729431152,4.821800231933594
3,AT,AKC,urban,2023-02-20T14:00:00+00:00,2023-02-20T17:00:00+00:00,4.249448776245117,4.879075527191162,4.085100173950195
3,AT,AKC,urban,2023-02-20T15:00:00+00:00,2023-02-20T18:00:00+00:00,4.219399929046631,4.767430305480957,3.787599563598633
3,AT,AKC,urban,2023-02-20T16:00:00+00:00,2023-02-20T19:00:00+00:00,4.030399322509766,5.025797367095947,3.956249237060547
3,AT,AKC,urban,2023-02-20T17:00:00+00:00,2023-02-20T20:00:00+00:00,3.640199661254883,5.315217018127441,4.249448776245117
3,AT,AKC,urban,2023-02-20T18:00:00+00:00,2023-02-20T21:00:00+00:00,3.565548896789551,4.859609603881836,4.219399929046631
3,AT,AKC,urban,2023-02-20T19:00:00+00:00,2023-02-20T22:00:00+00:00,3.8393993377685547,4.343044757843018,4.030399322509766
3,AT,AKC,urban,2023-02-20T20:00:00+00:00,2023-02-20T23:00:00+00:00,3.703049659729004,3.779186248779297,3.640199661254883
3,AT,AKC,urban,2023-02-20T21:00:00+00:00,2023-02-21T00:00:00+00:00,3.8865489959716797,3.689281463623047,3.565548896789551
3,AT,AKC,urban,2023-02-20T22:00:00+00:00,2023-02-21T01:00:00+00:00,4.101449012756348,3.9590911865234375,3.8393993377685547
3,AT,AKC,urban,2023-02-20T23:00:00+00:00,2023-02-21T02:00:00+00:00,4.156000137329102,3.809507369995117,3.703049659729004
3,AT,AKC,urban,2023-02-21T00:00:00+00:00,2023-02-21T03:00:00+00:00,4.422450065612793,3.999561309814453,3.8865489959716797
3,AT,AKC,urban,2023-02-21T01:00:00+00:00,2023-02-21T04:00:00+00:00,4.420848369598389,4.225181579589844,4.101449012756348
3,AT,AKC,urban,2023-02-21T02:00:00+00:00,2023-02-21T05:00:00+00:00,4.956298828125,4.320169925689697,4.156000137329102
3,AT,AKC,urban,2023-02-21T03:00:00+00:00,2023-02-21T06:00:00+00:00,5.850450038909912,4.767053604125977,4.422450065612793
3,AT,AKC,urban,2023-02-21T04:00:00+00:00,2023-02-21T07:00:00+00:00,6.370150089263916,4.889047622680664,4.420848369598389
3,AT,AKC,urban,2023-02-21T05:00:00+00:00,2023-02-21T08:00:00+00:00,6.356400012969971,5.405222415924072,4.956298828125
3,AT,AKC,urban,2023-02-21T06:00:00+00:00,2023-02-21T09:00:00+00:00,6.992198944091797,6.168550491333008,5.850450038909912
3,AT,AKC,urban,2023-02-21T07:00:00+00:00,2023-02-21T10:00:00+00:00,6.84060001373291,6.4967193603515625,6.370150089263916
3,AT,AKC,urban,2023-02-21T08:00:00+00:00,2023-02-21T11:00:00+00:00,5.833099842071533,6.4389777183532715,6.356400012969971
3,AT,AKC,urban,2023-02-21T09:00:00+00:00,2023-02-21T12:00:00+00:00,5.109799861907959,7.038999080657959,6.992198944091797
3,AT,AKC,urban,2023-02-21T10:00:00+00:00,2023-02-21T13:00:00+00:00,3.505849838256836,6.883432388305664,6.84060001373291
3,AT,AKC,urban,2023-02-21T11:00:00+00:00,2023-02-21T14:00:00+00:00,3.2778491973876953,5.948674201965332,5.833099842071533
3,AT,AKC,urban,2023-02-21T12:00:00+00:00,2023-02-21T15:00:00+00:00,3.356649398803711,5.344492435455322,5.109799861907959
3,AT,AKC,urban,2023-02-21T13:00:00+00:00,2023-02-21T16:00:00+00:00,3.7524490356445312,4.0618696212768555,3.505849838256836
3,AT,AKC,urban,2023-02-21T14:00:00+00:00,2023-02-21T17:00:00+00:00,4.0383501052856445,4.258622169494629,3.2778491973876953
3,AT,AKC,urban,2023-02-21T15:00:00+00:00,2023-02-21T18:00:00+00:00,4.302350044250488,4.503259181976318,3.356649398803711
3,AT,AKC,urban,2023-02-21T16:00:00+00:00,2023-02-21T19:00:00+00:00,4.500148773193359,5.097105979919434,3.7524490356445312
3,AT,AKC,urban,2023-02-21T17:00:00+00:00,2023-02-21T20:00:00+00:00,4.398049831390381,5.63215970993042,4.0383501052856445
3,AT,AKC,urban,2023-02-21T18:00:00+00:00,2023-02-21T21:00:00+00:00,3.9594993591308594,5.697915077209473,4.302350044250488
3,AT,AKC,urban,2023-02-21T19:00:00+00:00,2023-02-21T22:00:00+00:00,3.5214500427246094,5.463047027587891,4.500148773193359
3,AT,AKC,urban,2023-02-21T20:00:00+00:00,2023-02-21T23:00:00+00:00,3.811199188232422,4.8528733253479,4.398049831390381
3,AT,AKC,urban,2023-02-21T21:00:00+00:00,2023-02-22T00:00:00+00:00,3.6659984588623047,4.211625576019287,3.9594993591308594
3,AT,AKC,urban,2023-02-21T22:00:00+00:00,2023-02-22T01:00:00+00:00,3.5645484924316406,3.7506513595581055,3.5214500427246094
3,AT,AKC,urban,2023-02-21T23:00:00+00:00,2023-02-22T02:00:00+00:00,3.505049705505371,4.005100250244141,3.811199188232422
3,AT,AKC,urban,2023-02-22T00:00:00+00:00,2023-02-22T03:00:00+00:00,3.968698501586914,4.039255142211914,3.6659984588623047
3,AT,AKC,urban,2023-02-22T01:00:00+00:00,2023-02-22T04:00:00+00:00,4.379049777984619,4.106450080871582,3.5645484924316406
3,AT,AKC,urban,2023-02-22T02:00:00+00:00,2023-02-22T05:00:00+00:00,4.892449855804443,4.490781307220459,3.505049705505371
3,AT,AKC,urban,2023-02-22T03:00:00+00:00,2023-02-22T06:00:00+00:00,6.54010009765625,5.180156707763672,3.968698501586914
3,AT,AKC,urban,2023-02-22T04:00:00+00:00,2023-02-22T07:00:00+00:00,7.2439494132995605,5.697683334350586,4.379049777984619
3,AT,AKC,urban,2023-02-22T05:00:00+00:00,2023-02-22T08:00:00+00:00,6.999999523162842,6.351950168609619,4.892449855804443
3,AT,AKC,urban,2023-02-22T06:00:00+00:00,2023-02-22T09:00:00+00:00,9.6996488571167,7.803586483001709,6.54010009765625
3,AT,AKC,urban,2023-02-22T07:00:00+00:00,2023-02-22T10:00:00+00:00,8.522600173950195,7.4048871994018555,7.2439494132995605
3,AT,AKC,urban,2023-02-22T08:00:00+00:00,2023-02-22T11:00:00+00:00,6.278200149536133,7.081870079040527,6.999999523162842
3,AT,AKC,urban,2023-02-22T09:00:00+00:00,2023-02-22T12:00:00+00:00,6.804450511932373,9.17702579498291,9.6996488571167
3,AT,AKC,urban,2023-02-22T10:00:00+00:00,2023-02-22T13:00:00+00:00,5.898698806762695,8.111836433410645,8.522600173950195
3,AT,AKC,urban,2023-02-22T11:00:00+00:00,2023-02-22T14:00:00+00:00,4.30889892578125,6.464276313781738,6.278200149536133
3,AT,AKC,urban,2023-02-22T12:00:00+00:00,2023-02-22T15:00:00+00:00,5.065400123596191,7.291133403778076,6.804450511932373
3,AT,AKC,urban,2023-02-22T13:00:00+00:00,2023-02-22T16:00:00+00:00,6.410449028015137,6.951683521270752,5.898698806762695
3,AT,AKC,urban,2023-02-22T14:00:00+00:00,2023-02-22T17:00:00+00:00,8.208250045776367,6.121399402618408,4.30889892578125
3,AT,AKC,urban,2023-02-22T15:00:00+00:00,2023-02-22T18:00:00+00:00,10.463000297546387,7.2274980545043945,5.065400123596191
3,AT,AKC,urban,2023-02-22T16:00:00+00:00,2023-02-22T19:00:00+00:00,15.246000289916992,8.889785766601562,6.410449028015137
3,AT,AKC,urban,2023-02-22T17:00:00+00:00,2023-02-22T20:00:00+00:00,15.248499870300293,10.826295852661133,8.208250045776367
3,AT,AKC,urban,2023-02-22T18:00:00+00:00,2023-02-22T21:00:00+00:00,16.260000228881836,12.693836212158203,10.463000297546387
3,AT,AKC,urban,2023-02-22T19:00:00+00:00,2023-02-22T22:00:00+00:00,15.306500434875488,15.788843154907227,15.246000289916992
3,AT,AKC,urban,2023-02-22T20:00:00+00:00,2023-02-22T23:00:00+00:00,15.609000205993652,13.768681526184082,15.248499870300293
3,AT,AKC,urban,2023-02-22T21:00:00+00:00,2023-02-23T00:00:00+00:00,15.97599983215332,14.736818313598633,16.260000228881836
3,AT,AKC,urban,2023-02-22T22:00:00+00:00,2023-02-23T01:00:00+00:00,17.114999771118164,13.508588790893555,15.306500434875488
3,AT,AKC,urban,2023-02-22T23:00:00+00:00,2023-02-23T02:00:00+00:00,17.229999542236328,14.350672721862793,15.609000205993652
3,AT,AKC,urban,2023-02-23T00:00:00+00:00,2023-02-23T03:00:00+00:00,17.27549934387207,15.120445251464844,15.97599983215332
3,AT,AKC,urban,2023-02-23T01:00:00+00:00,2023-02-23T04:00:00+00:00,17.590999603271484,16.51525115966797,17.114999771118164
3,AT,AKC,urban,2023-02-23T02:00:00+00:00,2023-02-23T05:00:00+00:00,16.531999588012695,16.961498260498047,17.229999542236328
3,AT,AKC,urban,2023-02-23T03:00:00+00:00,2023-02-23T06:00:00+00:00,19.348499298095703,17.63098907470703,17.27549934387207
3,AT,AKC,urban,2023-02-23T04:00:00+00:00,2023-02-23T07:00:00+00:00,20.36549949645996,17.177194595336914,17.590999603271484
3,AT,AKC,urban,2023-02-23T05:00:00+00:00,2023-02-23T08:00:00+00:00,20.723499298095703,15.997884750366211,16.531999588012695
3,AT,AKC,urban,2023-02-23T06:00:00+00:00,2023-02-23T09:00:00+00:00,20.06399917602539,17.700958251953125,19.348499298095703
3,AT,AKC,urban,2023-02-23T07:00:00+00:00,2023-02-23T10:00:00+00:00,21.562000274658203,17.123815536499023,20.36549949645996
3,AT,AKC,urban,2023-02-23T08:00:00+00:00,2023-02-23T11:00:00+00:00,23.648500442504883,17.205854415893555,20.723499298095703
3,AT,AKC,urban,2023-02-23T09:00:00+00:00,2023-02-23T12:00:00+00:00,24.885499954223633,16.899547576904297,20.06399917602539
3,AT,AKC,urban,2023-02-23T10:00:00+00:00,2023-02-23T13:00:00+00:00,24.410999298095703,18.1276798248291,21.562000274658203
3,AT,AKC,urban,2023-02-23T11:00:00+00:00,2023-02-23T14:00:00+00:00,21.020000457763672,19.383525848388672,23.648500442504883
3,AT,AKC,urban,2023-02-23T12:00:00+00:00,2023-02-23T15:00:00+00:00,18.89150047302246,20.44052505493164,24.885499954223633
3,AT,AKC,urban,2023-02-23T13:00:00+00:00,2023-02-23T16:00:00+00:00,20.485000610351562,21.15632438659668,24.410999298095703
3,AT,AKC,urban,2023-02-23T14:00:00+00:00,2023-02-23T17:00:00+00:00,21.659500122070312,18.27275276184082,21.020000457763672
3,AT,AKC,urban,2023-02-23T15:00:00+00:00,2023-02-23T18:00:00+00:00,21.75250244140625,17.709217071533203,18.89150047302246
3,AT,AKC,urban,2023-02-23T16:00:00+00:00,2023-02-23T19:00:00+00:00,21.72450065612793,20.782142639160156,20.485000610351562
3,AT,AKC,urban,2023-02-23T17:00:00+00:00,2023-02-23T20:00:00+00:00,22.32349967956543,21.486515045166016,21.659500122070312
3,AT,AKC,urban,2023-02-23T18:00:00+00:00,2023-02-23T21:00:00+00:00,22.587499618530273,20.88398551940918,21.75250244140625
3,AT,AKC,urban,2023-02-23T19:00:00+00:00,2023-02-23T22:00:00+00:00,23.087501525878906,20.783512115478516,21.72450065612793
3,AT,AKC,urban,2023-02-23T20:00:00+00:00,2023-02-23T23:00:00+00:00,24.554500579833984,20.89056396484375,22.32349967956543
3,AT,AKC,urban,2023-02-23T21:00:00+00:00,2023-02-24T00:00:00+00:00,25.541000366210938,21.092836380004883,22.587499618530273
3,AT,AKC,urban,2023-02-23T22:00:00+00:00,2023-02-24T01:00:00+00:00,25.879499435424805,20.840984344482422,23.087501525878906
3,AT,AKC,urban,2023-02-23T23:00:00+00:00,2023-02-24T02:00:00+00:00,25.304500579833984,21.799121856689453,24.554500579833984
3,AT,AKC,urban,2023-02-24T00:00:00+00:00,2023-02-24T03:00:00+00:00,25.476999282836914,19.742206573486328,25.541000366210938
3,AT,AKC,urban,2023-02-24T01:00:00+00:00,2023-02-24T04:00:00+00:00,31.253000259399414,20.649600982666016,25.879499435424805
3,AT,AKC,urban,2023-02-24T02:00:00+00:00,2023-02-24T05:00:00+00:00,31.227001190185547,19.693626403808594,25.304500579833984
3,AT,AKC,urban,2023-02-24T03:00:00+00:00,2023-02-24T06:00:00+00:00,30.420499801635742,20.213890075683594,25.476999282836914
3,AT,AKC,urban,2023-02-24T04:00:00+00:00,2023-02-24T07:00:00+00:00,28.195499420166016,24.680879592895508,31.253000259399414
3,AT,AKC,urban,2023-02-24T05:00:00+00:00,2023-02-24T08:00:00+00:00,27.30150032043457,23.205276489257812,31.227001190185547
3,AT,AKC,urban,2023-02-24T06:00:00+00:00,2023-02-24T09:00:00+00:00,19.86400032043457,22.682605743408203,30.420499801635742
3,AT,AKC,urban,2023-02-24T07:00:00+00:00,2023-02-24T10:00:00+00:00,11.88700008392334,19.923276901245117,28.195499420166016
3,AT,AKC,urban,2023-02-24T08:00:00+00:00,2023-02-24T11:00:00+00:00,14.39799976348877,19.070877075195312,27.30150032043457
3,AT,AKC,urban,2023-02-24T09:00:00+00:00,2023-02-24T12:00:00+00:00,11.541000366210938,12.451172828674316,19.86400032043457
3,AT,AKC,urban,2023-02-24T10:00:00+00:00,2023-02-24T13:00:00+00:00,7.701700210571289,9.571869850158691,11.88700008392334
3,AT,AKC,urban,2023-02-24T11:00:00+00:00,2023-02-24T14:00:00+00:00,8.32925033569336,10.87582778930664,14.39799976348877
3,AT,AKC,urban,2023-02-24T12:00:00+00:00,2023-02-24T15:00:00+00:00,9.518050193786621,9.753339767456055,11.541000366210938
3,AT,AKC,urban,2023-02-24T13:00:00+00:00,2023-02-24T16:00:00+00:00,9.786999702453613,8.111387252807617,7.701700210571289
3,AT,AKC,urban,2023-02-24T14:00:00+00:00,2023-02-24T17:00:00+00:00,11.077500343322754,8.625228881835938,8.32925033569336
3,AT,AKC,urban,2023-02-24T15:00:00+00:00,2023-02-24T18:00:00+00:00,13.57699966430664,11.96619987487793,9.518050193786621
3,AT,AKC,urban,2023-02-24T16:00:00+00:00,2023-02-24T19:00:00+00:00,14.897500038146973,11.97224235534668,9.786999702453613
3,AT,AKC,urban,2023-02-24T17:00:00+00:00,2023-02-24T20:00:00+00:00,11.124950408935547,12.360995292663574,11.077500343322754
3,AT,AKC,urban,2023-02-24T18:00:00+00:00,2023-02-24T21:00:00+00:00,8.0256986618042,13.58690357208252,13.57699966430664
3,AT,AKC,urban,2023-02-24T19:00:00+00:00,2023-02-24T22:00:00+00:00,8.815950393676758,11.07090950012207,14.897500038146973
3,AT,AKC,urban,2023-02-24T20:00:00+00:00,2023-02-24T23:00:00+00:00,6.932748317718506,7.701295852661133,11.124950408935547
3,AT,AKC,urban,2023-02-24T21:00:00+00:00,2023-02-25T00:00:00+00:00,4.259949207305908,6.219968795776367,8.0256986618042
3,AT,AKC,urban,2023-02-24T22:00:00+00:00,2023-02-25T01:00:00+00:00,3.1174488067626953,7.045302391052246,8.815950393676758
3,AT,AKC,urban,2023-02-24T23:00:00+00:00,2023-02-25T02:00:00+00:00,2.500049591064453,5.553934574127197,6.932748317718506
3,AT,AKC,urban,2023-02-25T00:00:00+00:00,2023-02-25T03:00:00+00:00,1.6527996063232422,3.7291526794433594,4.259949207305908
3,AT,AKC,urban,2023-02-25T01:00:00+00:00,2023-02-25T04:00:00+00:00,1.2016983032226562,3.0818605422973633,3.1174488067626953
3,AT,AKC,urban,2023-02-25T02:00:00+00:00,2023-02-25T05:00:00+00:00,1.1759986877441406,2.599329948425293,2.500049591064453
3,AT,AKC,urban,2023-02-25T03:00:00+00:00,2023-02-25T06:00:00+00:00,1.2128992080688477,2.0151195526123047,1.6527996063232422
3,AT,AKC,urban,2023-02-25T04:00:00+00:00,2023-02-25T07:00:00+00:00,1.3666000366210938,1.6880531311035156,1.2016983032226562
3,AT,AKC,urban,2023-02-25T05:00:00+00:00,2023-02-25T08:00:00+00:00,2.173849105834961,1.6754302978515625,1.1759986877441406
3,AT,AKC,urban,2023-02-25T06:00:00+00:00,2023-02-25T09:00:00+00:00,2.979898452758789,1.6927146911621094,1.2128992080688477
3,AT,AKC,urban,2023-02-25T07:00:00+00:00,2023-02-25T10:00:00+00:00,3.291548728942871,1.8999347686767578,1.3666000366210938
3,AT,AKC,urban,2023-02-25T08:00:00+00:00,2023-02-25T11:00:00+00:00,2.8152990341186523,2.665205955505371,2.173849105834961
3,AT,AKC,urban,2023-02-25T09:00:00+00:00,2023-02-25T12:00:00+00:00,2.8993988037109375,3.375155448913574,2.979898452758789
3,AT,AKC,urban,2023-02-25T10:00:00+00:00,2023-02-25T13:00:00+00:00,2.532750129699707,3.58364200592041,3.291548728942871
3,AT,AKC,urban,2023-02-25T11:00:00+00:00,2023-02-25T14:00:00+00:00,2.607048988342285,3.1670312881469727,2.8152990341186523
3,AT,AKC,urban,2023-02-25T12:00:00+00:00,2023-02-25T15:00:00+00:00,2.982150077819824,3.2551660537719727,2.8993988037109375
3,AT,AKC,urban,2023-02-25T13:00:00+00:00,2023-02-25T16:00:00+00:00,2.001500129699707,3.0045509338378906,2.532750129699707
3,AT,AKC,urban,2023-02-25T14:00:00+00:00,2023-02-25T17:00:00+00:00,3.119800567626953,3.2119264602661133,2.607048988342285
3,AT,AKC,urban,2023-02-25T15:00:00+00:00,2023-02-25T18:00:00+00:00,1.7674503326416016,3.632854461669922,2.982150077819824
3,AT,AKC,urban,2023-02-25T16:00:00+00:00,2023-02-25T19:00:00+00:00,2.134598731994629,2.685361862182617,2.001500129699707
3,AT,AKC,urban,2023-02-25T17:00:00+00:00,2023-02-25T20:00:00+00:00,2.7972984313964844,3.7451276779174805,3.119800567626953
3,AT,AKC,urban,2023-02-25T18:00:00+00:00,2023-02-25T21:00:00+00:00,3.3466997146606445,2.340047836303711,1.7674503326416016
3,AT,AKC,urban,2023-02-25T19:00:00+00:00,2023-02-25T22:00:00+00:00,3.9587488174438477,2.3736581802368164,2.134598731994629
3,AT,AKC,urban,2023-02-25T20:00:00+00:00,2023-02-25T23:00:00+00:00,3.9854984283447266,3.053752899169922,2.7972984313964844
3,AT,AKC,urban,2023-02-25T21:00:00+00:00,2023-02-26T00:00:00+00:00,4.239748954772949,3.4767332077026367,3.3466997146606445
3,AT,AKC,urban,2023-02-25T22:00:00+00:00,2023-02-26T01:00:00+00:00,4.253349781036377,4.009448051452637,3.9587488174438477
3,AT,AKC,urban,2023-02-25T23:00:00+00:00,2023-02-26T02:00:00+00:00,3.5556488037109375,4.0853800773620605,3.9854984283447266
3,AT,AKC,urban,2023-02-26T00:00:00+00:00,2023-02-26T03:00:00+00:00,3.587948799133301,4.33351469039917,4.239748954772949
3,AT,AKC,urban,2023-02-26T01:00:00+00:00,2023-02-26T04:00:00+00:00,4.29080057144165,4.366579532623291,4.253349781036377
3,AT,AKC,urban,2023-02-26T02:00:00+00:00,2023-02-26T05:00:00+00:00,5.283598899841309,3.7098960876464844,3.5556488037109375
3,AT,AKC,urban,2023-02-26T03:00:00+00:00,2023-02-26T06:00:00+00:00,5.7776994705200195,3.911747932434082,3.587948799133301
3,AT,AKC,urban,2023-02-26T04:00:00+00:00,2023-02-26T07:00:00+00:00,5.82165002822876,4.845415115356445,4.29080057144165
3,AT,AKC,urban,2023-02-26T05:00:00+00:00,2023-02-26T08:00:00+00:00,4.866098880767822,5.920684337615967,5.283598899841309
3,AT,AKC,urban,2023-02-26T06:00:00+00:00,2023-02-26T09:00:00+00:00,3.4028491973876953,6.39832878112793,5.7776994705200195
3,AT,AKC,urban,2023-02-26T07:00:00+00:00,2023-02-26T10:00:00+00:00,3.270648956298828,6.3797478675842285,5.82165002822876
3,AT,AKC,urban,2023-02-26T08:00:00+00:00,2023-02-26T11:00:00+00:00,3.421548843383789,5.450287342071533,4.866098880767822
3,AT,AKC,urban,2023-02-26T09:00:00+00:00,2023-02-26T12:00:00+00:00,3.1518001556396484,4.07691764831543,3.4028491973876953
3,AT,AKC,urban,2023-02-26T10:00:00+00:00,2023-02-26T13:00:00+00:00,3.3441505432128906,3.9536123275756836,3.270648956298828
3,AT,AKC,urban,2023-02-26T11:00:00+00:00,2023-02-26T14:00:00+00:00,3.4924001693725586,4.195455074310303,3.421548843383789
3,AT,AKC,urban,2023-02-26T12:00:00+00:00,2023-02-26T15:00:00+00:00,3.3256988525390625,3.9456253051757812,3.1518001556396484
3,AT,AKC,urban,2023-02-26T13:00:00+00:00,2023-02-26T16:00:00+00:00,3.812448501586914,4.147956371307373,3.3441505432128906
3,AT,AKC,urban,2023-02-26T14:00:00+00:00,2023-02-26T17:00:00+00:00,4.637148857116699,4.529068470001221,3.4924001693725586
3,AT,AKC,urban,2023-02-26T15:00:00+00:00,2023-02-26T18:00:00+00:00,5.825348854064941,4.7604780197143555,3.3256988525390625
3,AT,AKC,urban,2023-02-26T16:00:00+00:00,2023-02-26T19:00:00+00:00,5.224499225616455,5.841501712799072,3.812448501586914
3,AT,AKC,urban,2023-02-26T17:00:00+00:00,2023-02-26T20:00:00+00:00,5.060400009155273,6.8101806640625,4.637148857116699
3,AT,AKC,urban,2023-02-26T18:00:00+00:00,2023-02-26T21:00:00+00:00,5.606348991394043,7.604235649108887,5.825348854064941
3,AT,AKC,urban,2023-02-26T19:00:00+00:00,2023-02-26T22:00:00+00:00,5.978499889373779,6.034337520599365,5.224499225616455
3,AT,AKC,urban,2023-02-26T20:00:00+00:00,2023-02-26T23:00:00+00:00,6.520948886871338,5.4611735343933105,5.060400009155273
3,AT,AKC,urban,2023-02-26T21:00:00+00:00,2023-02-27T00:00:00+00:00,6.603448867797852,5.870861530303955,5.606348991394043
3,AT,AKC,urban,2023-02-26T22:00:00+00:00,2023-02-27T01:00:00+00:00,5.6533989906311035,6.024573802947998,5.978499889373779
3,AT,AKC,urban,2023-02-26T23:00:00+00:00,2023-02-27T02:00:00+00:00,5.272449016571045,6.677454948425293,6.520948886871338
3,AT,AKC,urban,2023-02-27T00:00:00+00:00,2023-02-27T03:00:00+00:00,5.309450149536133,6.819386959075928,6.603448867797852
3,AT,AKC,urban,2023-02-27T01:00:00+00:00,2023-02-27T04:00:00+00:00,5.117599010467529,6.165414810180664,5.6533989906311035
3,AT,AKC,urban,2023-02-27T02:00:00+00:00,2023-02-27T05:00:00+00:00,5.1302490234375,6.317220687866211,5.272449016571045
3,AT,AKC,urban,2023-02-27T03:00:00+00:00,2023-02-27T06:00:00+00:00,5.9620490074157715,7.00116491317749,5.309450149536133
3,AT,AKC,urban,2023-02-27T04:00:00+00:00,2023-02-27T07:00:00+00:00,6.398300647735596,6.989749431610107,5.117599010467529
3,AT,AKC,urban,2023-02-27T05:00:00+00:00,2023-02-27T08:00:00+00:00,5.85914945602417,6.963005065917969,5.1302490234375
3,AT,AKC,urban,2023-02-27T06:00:00+00:00,2023-02-27T09:00:00+00:00,5.191100120544434,7.552136421203613,5.9620490074157715
3,AT,AKC,urban,2023-02-27T07:00:00+00:00,2023-02-27T10:00:00+00:00,5.762700080871582,7.473479270935059,6.398300647735596
3,AT,AKC,urban,2023-02-27T08:00:00+00:00,2023-02-27T11:00:00+00:00,6.039198875427246,6.283064365386963,5.85914945602417
3,AT,AKC,urban,2023-02-27T09:00:00+00:00,2023-02-27T12:00:00+00:00,6.614349842071533,5.63923454284668,5.191100120544434
3,AT,AKC,urban,2023-02-27T10:00:00+00:00,2023-02-27T13:00:00+00:00,6.577300071716309,6.244482517242432,5.762700080871582
3,AT,AKC,urban,2023-02-27T11:00:00+00:00,2023-02-27T14:00:00+00:00,6.193099498748779,6.527048587799072,6.039198875427246
3,AT,AKC,urban,2023-02-27T12:00:00+00:00,2023-02-27T15:00:00+00:00,6.144800186157227,7.090031623840332,6.614349842071533
3,AT,AKC,urban,2023-02-27T13:00:00+00:00,2023-02-27T16:00:00+00:00,6.385299205780029,7.369642734527588,6.577300071716309
3,AT,AKC,urban,2023-02-27T14:00:00+00:00,2023-02-27T17:00:00+00:00,8.45265007019043,7.47738790512085,6.193099498748779
3,AT,AKC,urban,2023-02-27T15:00:00+00:00,2023-02-27T18:00:00+00:00,11.048500061035156,7.898886203765869,6.144800186157227
3,AT,AKC,urban,2023-02-27T16:00:00+00:00,2023-02-27T19:00:00+00:00,10.760499954223633,8.657865524291992,6.385299205780029
3,AT,AKC,urban,2023-02-27T17:00:00+00:00,2023-02-27T20:00:00+00:00,10.538000106811523,10.589363098144531,8.45265007019043
3,AT,AKC,urban,2023-02-27T18:00:00+00:00,2023-02-27T21:00:00+00:00,11.263500213623047,11.265830039978027,11.048500061035156
3,AT,AKC,urban,2023-02-27T19:00:00+00:00,2023-02-27T22:00:00+00:00,12.534000396728516,10.651758193969727,10.760499954223633
3,AT,AKC,urban,2023-02-27T20:00:00+00:00,2023-02-27T23:00:00+00:00,12.650500297546387,10.184532165527344,10.538000106811523
3,AT,AKC,urban,2023-02-27T21:00:00+00:00,2023-02-28T00:00:00+00:00,13.214500427246094,10.837573051452637,11.263500213623047
3,AT,AKC,urban,2023-02-27T22:00:00+00:00,2023-02-28T01:00:00+00:00,14.069000244140625,11.854782104492188,12.534000396728516
3,AT,AKC,urban,2023-02-27T23:00:00+00:00,2023-02-28T02:00:00+00:00,14.60949993133545,12.259889602661133,12.650500297546387
3,AT,AKC,urban,2023-02-28T00:00:00+00:00,2023-02-28T03:00:00+00:00,15.182000160217285,12.925469398498535,13.214500427246094
3,AT,AKC,urban,2023-02-28T01:00:00+00:00,2023-02-28T04:00:00+00:00,15.416500091552734,14.021232604980469,14.069000244140625
3,AT,AKC,urban,2023-02-28T02:00:00+00:00,2023-02-28T05:00:00+00:00,16.840499877929688,15.021116256713867,14.60949993133545
3,AT,AKC,urban,2023-02-28T03:00:00+00:00,2023-02-28T06:00:00+00:00,17.917999267578125,16.66681671142578,15.182000160217285
3,AT,AKC,urban,2023-02-28T04:00:00+00:00,2023-02-28T07:00:00+00:00,19.46299934387207,17.06329345703125,15.416500091552734
3,AT,AKC,urban,2023-02-28T05:00:00+00:00,2023-02-28T08:00:00+00:00,21.004499435424805,18.7659854888916,16.840499877929688
3,AT,AKC,urban,2023-02-28T06:00:00+00:00,2023-02-28T09:00:00+00:00,19.451499938964844,18.695018768310547,17.917999267578125
3,AT,AKC,urban,2023-02-28T07:00:00+00:00,2023-02-28T10:00:00+00:00,19.61949920654297,18.513904571533203,19.46299934387207
3,AT,AKC,urban,2023-02-28T08:00:00+00:00,2023-02-28T11:00:00+00:00,19.613000869750977,18.782642364501953,21.004499435424805
3,AT,AKC,urban,2023-02-28T09:00:00+00:00,2023-02-28T12:00:00+00:00,17.194499969482422,17.559423446655273,19.451499938964844
3,AT,AKC,urban,2023-02-28T10:00:00+00:00,2023-02-28T13:00:00+00:00,15.664999961853027,18.093738555908203,19.61949920654297
3,AT,AKC,urban,2023-02-28T11:00:00+00:00,2023-02-28T14:00:00+00:00,16.392000198364258,18.875858306884766,19.613000869750977
3,AT,AKC,urban,2023-02-28T12:00:00+00:00,2023-02-28T15:00:00+00:00,17.354999542236328,17.313034057617188,17.194499969482422
3,AT,AKC,urban,2023-02-28T13:00:00+00:00,2023-02-28T16:00:00+00:00,17.441499710083008,16.780893325805664,15.664999961853027
3,AT,AKC,urban,2023-02-28T14:00:00+00:00,2023-02-28T17:00:00+00:00,20.161500930786133,18.490009307861328,16.392000198364258
3,AT,AKC,urban,2023-02-28T15:00:00+00:00,2023-02-28T18:00:00+00:00,17.75550079345703,19.841394424438477,17.354999542236328
3,AT,AKC,urban,2023-02-28T16:00:00+00:00,2023-02-28T19:00:00+00:00,19.433000564575195,20.32782554626465,17.441499710083008
3,AT,AKC,urban,2023-02-28T17:00:00+00:00,2023-02-28T20:00:00+00:00,20.540000915527344,23.51126480102539,20.161500930786133
3,AT,AKC,urban,2023-02-28T18:00:00+00:00,2023-02-28T21:00:00+00:00,23.04050064086914,20.3006534576416,17.75550079345703
3,AT,AKC,urban,2023-02-28T19:00:00+00:00,2023-02-28T22:00:00+00:00,25.061500549316406,22.26571273803711,19.433000564575195
3,AT,AKC,urban,2023-02-28T20:00:00+00:00,2023-02-28T23:00:00+00:00,26.062000274658203,21.63777732849121,20.540000915527344
3,AT,AKC,urban,2023-02-28T21:00:00+00:00,2023-03-01T00:00:00+00:00,27.488000869750977,23.573190689086914,23.04050064086914
3,AT,AKC,urban,2023-02-28T22:00:00+00:00,2023-03-01T01:00:00+00:00,28.59950065612793,24.614675521850586,25.061500549316406
3,AT,AKC,urban,2023-02-28T23:00:00+00:00,2023-03-01T02:00:00+00:00,29.518999099731445,25.01813507080078,26.062000274658203
3,AT,AKC,urban,2023-03-01T00:00:00+00:00,2023-03-01T03:00:00+00:00,30.412500381469727,26.405733108520508,27.488000869750977
3,AT,AKC,urban,2023-03-01T01:00:00+00:00,2023-03-01T04:00:00+00:00,30.506999969482422,27.665668487548828,28.59950065612793
3,AT,AKC,urban,2023-03-01T02:00:00+00:00,2023-03-01T05:00:00+00:00,30.566499710083008,29.60992431640625,29.518999099731445
3,AT,AKC,urban,2023-03-01T03:00:00+00:00,2023-03-01T06:00:00+00:00,30.48349952697754,30.25005531311035,30.412500381469727
3,AT,AKC,urban,2023-03-01T04:00:00+00:00,2023-03-01T07:00:00+00:00,31.4320011138916,30.210792541503906,30.506999969482422
3,AT,AKC,urban,2023-03-01T05:00:00+00:00,2023-03-01T08:00:00+00:00,31.843997955322266,29.078445434570312,30.566499710083008
3,AT,AKC,urban,2023-03-01T06:00:00+00:00,2023-03-01T09:00:00+00:00,30.0625,27.352436065673828,30.48349952697754
3,AT,AKC,urban,2023-03-01T07:00:00+00:00,2023-03-01T10:00:00+00:00,24.28700065612793,26.68968963623047,31.4320011138916
3,AT,AKC,urban,2023-03-01T08:00:00+00:00,2023-03-01T11:00:00+00:00,24.416500091552734,25.786283493041992,31.843997955322266
3,AT,AKC,urban,2023-03-01T09:00:00+00:00,2023-03-01T12:00:00+00:00,22.417499542236328,23.693904876708984,30.0625
3,AT,AKC,urban,2023-03-01T10:00:00+00:00,2023-03-01T13:00:00+00:00,22.01300048828125,18.784713745117188,24.28700065612793
3,AT,AKC,urban,2023-03-01T11:00:00+00:00,2023-03-01T14:00:00+00:00,23.269500732421875,19.892717361450195,24.416500091552734
3,AT,AKC,urban,2023-03-01T12:00:00+00:00,2023-03-01T15:00:00+00:00,22.99650001525879,19.11713218688965,22.417499542236328
3,AT,AKC,urban,2023-03-01T13:00:00+00:00,2023-03-01T16:00:00+00:00,22.069499969482422,20.215961456298828,22.01300048828125
3,AT,AKC,urban,2023-03-01T14:00:00+00:00,2023-03-01T17:00:00+00:00,24.020999908447266,23.02293586730957,23.269500732421875
3,AT,AKC,urban,2023-03-01T15:00:00+00:00,2023-03-01T18:00:00+00:00,26.863000869750977,25.436893463134766,22.99650001525879
3,AT,AKC,urban,2023-03-01T16:00:00+00:00,2023-03-01T19:00:00+00:00,28.819499969482422,24.94017791748047,22.069499969482422
3,AT,AKC,urban,2023-03-01T17:00:00+00:00,2023-03-01T20:00:00+00:00,27.264999389648438,28.235275268554688,24.020999908447266
3,AT,AKC,urban,2023-03-01T18:00:00+00:00,2023-03-01T21:00:00+00:00,29.79800033569336,31.538127899169922,26.863000869750977
3,AT,AKC,urban,2023-03-01T19:00:00+00:00,2023-03-01T22:00:00+00:00,33.582000732421875,32.67445373535156,28.819499969482422
3,AT,AKC,urban,2023-03-01T20:00:00+00:00,2023-03-01T23:00:00+00:00,37.0724983215332,28.248619079589844,27.264999389648438
3,AT,AKC,urban,2023-03-01T21:00:00+00:00,2023-03-02T00:00:00+00:00,38.919498443603516,30.2962589263916,29.79800033569336
3,AT,AKC,urban,2023-03-01T22:00:00+00:00,2023-03-02T01:00:00+00:00,40.858001708984375,33.47331237792969,33.582000732421875
3,AT,AKC,urban,2023-03-01T23:00:00+00:00,2023-03-02T02:00:00+00:00,39.37799835205078,34.77014923095703,37.0724983215332
3,AT,AKC,urban,2023-03-02T00:00:00+00:00,2023-03-02T03:00:00+00:00,38.27750015258789,35.536712646484375,38.919498443603516
3,AT,AKC,urban,2023-03-02T01:00:00+00:00,2023-03-02T04:00:00+00:00,38.417999267578125,37.85001754760742,40.858001708984375
3,AT,AKC,urban,2023-03-02T02:00:00+00:00,2023-03-02T05:00:00+00:00,38.462501525878906,37.645408630371094,39.37799835205078
3,AT,AKC,urban,2023-03-02T03:00:00+00:00,2023-03-02T06:00:00+00:00,39.55500030517578,38.24658966064453,38.27750015258789
3,AT,AKC,urban,2023-03-02T04:00:00+00:00,2023-03-02T07:00:00+00:00,38.372501373291016,38.95936965942383,38.417999267578125
3,AT,AKC,urban,2023-03-02T05:00:00+00:00,2023-03-02T08:00:00+00:00,40.270999908447266,37.446319580078125,38.462501525878906
3,AT,AKC,urban,2023-03-02T06:00:00+00:00,2023-03-02T09:00:00+00:00,40.63999938964844,35.431026458740234,39.55500030517578
3,AT,AKC,urban,2023-03-02T07:00:00+00:00,2023-03-02T10:00:00+00:00,38.83300018310547,32.19636535644531,38.372501373291016
3,AT,AKC,urban,2023-03-02T08:00:00+00:00,2023-03-02T11:00:00+00:00,34.77799987792969,33.689720153808594,40.270999908447266
3,AT,AKC,urban,2023-03-02T09:00:00+00:00,2023-03-02T12:00:00+00:00,25.80699920654297,33.30644989013672,40.63999938964844
3,AT,AKC,urban,2023-03-02T10:00:00+00:00,2023-03-02T13:00:00+00:00,23.521499633789062,32.972450256347656,38.83300018310547
3,AT,AKC,urban,2023-03-02T11:00:00+00:00,2023-03-02T14:00:00+00:00,23.1299991607666,30.306320190429688,34.77799987792969
3,AT,AKC,urban,2023-03-02T12:00:00+00:00,2023-03-02T15:00:00+00:00,21.868499755859375,23.081268310546875,25.80699920654297
3,AT,AKC,urban,2023-03-02T13:00:00+00:00,2023-03-02T16:00:00+00:00,20.47599983215332,22.80636978149414,23.521499633789062
3,AT,AKC,urban,2023-03-02T14:00:00+00:00,2023-03-02T17:00:00+00:00,21.0674991607666,23.908763885498047,23.1299991607666
3,AT,AKC,urban,2023-03-02T15:00:00+00:00,2023-03-02T18:00:00+00:00,20.555999755859375,24.870967864990234,21.868499755859375
3,AT,AKC,urban,2023-03-02T16:00:00+00:00,2023-03-02T19:00:00+00:00,27.368999481201172,24.796606063842773,20.47599983215332
3,AT,AKC,urban,2023-03-02T17:00:00+00:00,2023-03-02T20:00:00+00:00,23.75950050354004,25.572986602783203,21.0674991607666
3,AT,AKC,urban,2023-03-02T18:00:00+00:00,2023-03-02T21:00:00+00:00,26.769500732421875,24.873088836669922,20.555999755859375
3,AT,AKC,urban,2023-03-02T19:00:00+00:00,2023-03-02T22:00:00+00:00,22.535499572753906,31.55499267578125,27.368999481201172
3,AT,AKC,urban,2023-03-02T20:00:00+00:00,2023-03-02T23:00:00+00:00,21.966999053955078,25.716476440429688,23.75950050354004
3,AT,AKC,urban,2023-03-02T21:00:00+00:00,2023-03-03T00:00:00+00:00,20.719999313354492,28.407392501831055,26.769500732421875
3,AT,AKC,urban,2023-03-02T22:00:00+00:00,2023-03-03T01:00:00+00:00,20.076499938964844,21.13718605041504,22.535499572753906
3,AT,AKC,urban,2023-03-02T23:00:00+00:00,2023-03-03T02:00:00+00:00,22.792999267578125,21.835193634033203,21.966999053955078
3,AT,AKC,urban,2023-03-03T00:00:00+00:00,2023-03-03T03:00:00+00:00,27.14550018310547,21.26726531982422,20.719999313354492
3,AT,AKC,urban,2023-03-03T01:00:00+00:00,2023-03-03T04:00:00+00:00,32.10749816894531,21.54889678955078,20.076499938964844
3,AT,AKC,urban,2023-03-03T02:00:00+00:00,2023-03-03T05:00:00+00:00,32.317501068115234,24.739635467529297,22.792999267578125
3,AT,AKC,urban,2023-03-03T03:00:00+00:00,2023-03-03T06:00:00+00:00,35.997501373291016,29.37332534790039,27.14550018310547
3,AT,AKC,urban,2023-03-03T04:00:00+00:00,2023-03-03T07:00:00+00:00,41.930999755859375,30.876012802124023,32.10749816894531
3,AT,AKC,urban,2023-03-03T05:00:00+00:00,2023-03-03T08:00:00+00:00,37.486000061035156,30.009382247924805,32.317501068115234
3,AT,AKC,urban,2023-03-03T06:00:00+00:00,2023-03-03T09:00:00+00:00,36.176998138427734,30.543798446655273,35.997501373291016
3,AT,AKC,urban,2023-03-03T07:00:00+00:00,2023-03-03T10:00:00+00:00,33.8385009765625,29.570510864257812,41.930999755859375
3,AT,AKC,urban,2023-03-03T08:00:00+00:00,2023-03-03T11:00:00+00:00,29.031999588012695,26.94789695739746,37.486000061035156
3,AT,AKC,urban,2023-03-03T09:00:00+00:00,2023-03-03T12:00:00+00:00,28.528499603271484,26.551342010498047,36.176998138427734
3,AT,AKC,urban,2023-03-03T10:00:00+00:00,2023-03-03T13:00:00+00:00,27.756000518798828,25.383447647094727,33.8385009765625
3,AT,AKC,urban,2023-03-03T11:00:00+00:00,2023-03-03T14:00:00+00:00,24.480499267578125,22.708364486694336,29.031999588012695
3,AT,AKC,urban,2023-03-03T12:00:00+00:00,2023-03-03T15:00:00+00:00,18.87299919128418,23.16128158569336,28.528499603271484
3,AT,AKC,urban,2023-03-03T13:00:00+00:00,2023-03-03T16:00:00+00:00,21.160999298095703,25.465776443481445,27.756000518798828
3,AT,AKC,urban,2023-03-03T14:00:00+00:00,2023-03-03T17:00:00+00:00,21.770999908447266,23.685527801513672,24.480499267578125
3,AT,AKC,urban,2023-03-03T15:00:00+00:00,2023-03-03T18:00:00+00:00,21.56999969482422,21.697153091430664,18.87299919128418
3,AT,AKC,urban,2023-03-03T16:00:00+00:00,2023-03-03T19:00:00+00:00,26.80500030517578,26.084232330322266,21.160999298095703
3,AT,AKC,urban,2023-03-03T17:00:00+00:00,2023-03-03T20:00:00+00:00,26.211000442504883,25.896392822265625,21.770999908447266
3,AT,AKC,urban,2023-03-03T18:00:00+00:00,2023-03-03T21:00:00+00:00,25.604999542236328,24.415306091308594,21.56999969482422
3,AT,AKC,urban,2023-03-03T19:00:00+00:00,2023-03-03T22:00:00+00:00,24.83449935913086,27.512252807617188,26.80500030517578
3,AT,AKC,urban,2023-03-03T20:00:00+00:00,2023-03-03T23:00:00+00:00,26.6875,27.126474380493164,26.211000442504883
3,AT,AKC,urban,2023-03-03T21:00:00+00:00,2023-03-04T00:00:00+00:00,26.115501403808594,26.956586837768555,25.604999542236328
3,AT,AKC,urban,2023-03-03T22:00:00+00:00,2023-03-04T01:00:00+00:00,19.892499923706055,26.401752471923828,24.83449935913086
3,AT,AKC,urban,2023-03-03T23:00:00+00:00,2023-03-04T02:00:00+00:00,17.204500198364258,28.047832489013672,26.6875
3,AT,AKC,urban,2023-03-04T00:00:00+00:00,2023-03-04T03:00:00+00:00,23.849000930786133,26.989437103271484,26.115501403808594
3,AT,AKC,urban,2023-03-04T01:00:00+00:00,2023-03-04T04:00:00+00:00,37.45750045776367,20.455459594726562,19.892499923706055
3,AT,AKC,urban,2023-03-04T02:00:00+00:00,2023-03-04T05:00:00+00:00,35.39149856567383,18.383386611938477,17.204500198364258
3,AT,AKC,urban,2023-03-04T03:00:00+00:00,2023-03-04T06:00:00+00:00,35.20549774169922,25.08264923095703,23.849000930786133
3,AT,AKC,urban,2023-03-04T04:00:00+00:00,2023-03-04T07:00:00+00:00,35.81050109863281,33.720489501953125,37.45750045776367
3,AT,AKC,urban,2023-03-04T05:00:00+00:00,2023-03-04T08:00:00+00:00,34.9474983215332,28.41912078857422,35.39149856567383
3,AT,AKC,urban,2023-03-04T06:00:00+00:00,2023-03-04T09:00:00+00:00,22.58700180053711,27.50194549560547,35.20549774169922
3,AT,AKC,urban,2023-03-04T07:00:00+00:00,2023-03-04T10:00:00+00:00,15.549500465393066,26.193729400634766,35.81050109863281
3,AT,AKC,urban,2023-03-04T08:00:00+00:00,2023-03-04T11:00:00+00:00,15.475000381469727,24.64883804321289,34.9474983215332
3,AT,AKC,urban,2023-03-04T09:00:00+00:00,2023-03-04T12:00:00+00:00,14.215999603271484,12.126846313476562,22.58700180053711
3,AT,AKC,urban,2023-03-04T10:00:00+00:00,2023-03-04T13:00:00+00:00,16.27750015258789,8.710687637329102,15.549500465393066
3,AT,AKC,urban,2023-03-04T11:00:00+00:00,2023-03-04T14:00:00+00:00,17.030000686645508,10.313275337219238,15.475000381469727
3,AT,AKC,urban,2023-03-04T12:00:00+00:00,2023-03-04T15:00:00+00:00,19.886499404907227,11.81289291381836,14.215999603271484
3,AT,AKC,urban,2023-03-04T13:00:00+00:00,2023-03-04T16:00:00+00:00,19.40850067138672,12.97534465789795,16.27750015258789
3,AT,AKC,urban,2023-03-04T14:00:00+00:00,2023-03-04T17:00:00+00:00,18.16349983215332,14.59556770324707,17.030000686645508
3,AT,AKC,urban,2023-03-04T15:00:00+00:00,2023-03-04T18:00:00+00:00,14.745499610900879,17.771434783935547,19.886499404907227
3,AT,AKC,urban,2023-03-04T16:00:00+00:00,2023-03-04T19:00:00+00:00,13.913999557495117,19.379709243774414,19.40850067138672
3,AT,AKC,urban,2023-03-04T17:00:00+00:00,2023-03-04T20:00:00+00:00,12.067999839782715,20.326061248779297,18.16349983215332
3,AT,AKC,urban,2023-03-04T18:00:00+00:00,2023-03-04T21:00:00+00:00,13.36400032043457,16.155147552490234,14.745499610900879
3,AT,AKC,urban,2023-03-04T19:00:00+00:00,2023-03-04T22:00:00+00:00,15.091500282287598,16.21962547302246,13.913999557495117
3,AT,AKC,urban,2023-03-04T20:00:00+00:00,2023-03-04T23:00:00+00:00,16.118999481201172,13.970919609069824,12.067999839782715
3,AT,AKC,urban,2023-03-04T21:00:00+00:00,2023-03-05T00:00:00+00:00,16.236000061035156,14.73630428314209,13.36400032043457
3,AT,AKC,urban,2023-03-04T22:00:00+00:00,2023-03-05T01:00:00+00:00,15.161499977111816,14.90682601928711,15.091500282287598
3,AT,AKC,urban,2023-03-04T23:00:00+00:00,2023-03-05T02:00:00+00:00,15.120499610900879,15.286514282226562,16.118999481201172
3,AT,AKC,urban,2023-03-05T00:00:00+00:00,2023-03-05T03:00:00+00:00,15.196000099182129,15.08971881866455,16.236000061035156
3,AT,AKC,urban,2023-03-05T01:00:00+00:00,2023-03-05T04:00:00+00:00,14.954500198364258,14.025891304016113,15.161499977111816
3,AT,AKC,urban,2023-03-05T02:00:00+00:00,2023-03-05T05:00:00+00:00,15.053500175476074,14.192596435546875,15.120499610900879
3,AT,AKC,urban,2023-03-05T03:00:00+00:00,2023-03-05T06:00:00+00:00,14.232000350952148,14.39595890045166,15.196000099182129
3,AT,AKC,urban,2023-03-05T04:00:00+00:00,2023-03-05T07:00:00+00:00,16.136499404907227,13.770769119262695,14.954500198364258
3,AT,AKC,urban,2023-03-05T05:00:00+00:00,2023-03-05T08:00:00+00:00,16.489500045776367,13.769953727722168,15.053500175476074
3,AT,AKC,urban,2023-03-05T06:00:00+00:00,2023-03-05T09:00:00+00:00,16.670000076293945,12.80778980255127,14.232000350952148
3,AT,AKC,urban,2023-03-05T07:00:00+00:00,2023-03-05T10:00:00+00:00,15.691499710083008,14.377209663391113,16.136499404907227
3,AT,AKC,urban,2023-03-05T08:00:00+00:00,2023-03-05T11:00:00+00:00,15.805999755859375,13.303860664367676,16.489500045776367
3,AT,AKC,urban,2023-03-05T09:00:00+00:00,2023-03-05T12:00:00+00:00,14.967000007629395,14.340601921081543,16.670000076293945
3,AT,AKC,urban,2023-03-05T10:00:00+00:00,2023-03-05T13:00:00+00:00,7.206549644470215,12.2977294921875,15.691499710083008
3,AT,AKC,urban,2023-03-05T11:00:00+00:00,2023-03-05T14:00:00+00:00,6.267798900604248,13.329546928405762,15.805999755859375
3,AT,AKC,urban,2023-03-05T12:00:00+00:00,2023-03-05T15:00:00+00:00,6.499598979949951,13.131985664367676,14.967000007629395
3,AT,AKC,urban,2023-03-05T13:00:00+00:00,2023-03-05T16:00:00+00:00,6.649899482727051,6.422796249389648,7.206549644470215
3,AT,AKC,urban,2023-03-05T14:00:00+00:00,2023-03-05T17:00:00+00:00,6.5413498878479,7.103470325469971,6.267798900604248
3,AT,AKC,urban,2023-03-05T15:00:00+00:00,2023-03-05T18:00:00+00:00,6.602999210357666,7.668334484100342,6.499598979949951
3,AT,AKC,urban,2023-03-05T16:00:00+00:00,2023-03-05T19:00:00+00:00,7.215848922729492,8.875545501708984,6.649899482727051
3,AT,AKC,urban,2023-03-05T17:00:00+00:00,2023-03-05T20:00:00+00:00,7.3927998542785645,8.563556671142578,6.5413498878479
3,AT,AKC,urban,2023-03-05T18:00:00+00:00,2023-03-05T21:00:00+00:00,7.830149173736572,8.22499942779541,6.602999210357666
3,AT,AKC,urban,2023-03-05T19:00:00+00:00,2023-03-05T22:00:00+00:00,9.726948738098145,8.049267768859863,7.215848922729492
3,AT,AKC,urban,2023-03-05T20:00:00+00:00,2023-03-05T23:00:00+00:00,11.131999969482422,7.68472957611084,7.3927998542785645
3,AT,AKC,urban,2023-03-05T21:00:00+00:00,2023-03-06T00:00:00+00:00,8.545598030090332,7.915934085845947,7.830149173736572
3,AT,AKC,urban,2023-03-05T22:00:00+00:00,2023-03-06T01:00:00+00:00,6.465048789978027,9.382486343383789,9.726948738098145
3,AT,AKC,urban,2023-03-05T23:00:00+00:00,2023-03-06T02:00:00+00:00,5.277198791503906,10.650911331176758,11.131999969482422
3,AT,AKC,urban,2023-03-06T00:00:00+00:00,2023-03-06T03:00:00+00:00,5.028348922729492,7.850679874420166,8.545598030090332
3,AT,AKC,urban,2023-03-06T01:00:00+00:00,2023-03-06T04:00:00+00:00,5.318048477172852,6.026866436004639,6.465048789978027
3,AT,AKC,urban,2023-03-06T02:00:00+00:00,2023-03-06T05:00:00+00:00,7.400699138641357,5.928309440612793,5.277198791503906
3,AT,AKC,urban,2023-03-06T03:00:00+00:00,2023-03-06T06:00:00+00:00,9.934800148010254,6.659975051879883,5.028348922729492
3,AT,AKC,urban,2023-03-06T04:00:00+00:00,2023-03-06T07:00:00+00:00,13.182000160217285,7.196413993835449,5.318048477172852
3,AT,AKC,urban,2023-03-06T05:00:00+00:00,2023-03-06T08:00:00+00:00,14.067500114440918,9.434969902038574,7.400699138641357
3,AT,AKC,urban,2023-03-06T06:00:00+00:00,2023-03-06T09:00:00+00:00,14.194999694824219,11.186477661132812,9.934800148010254
3,AT,AKC,urban,2023-03-06T07:00:00+00:00,2023-03-06T10:00:00+00:00,14.47700023651123,11.643304824829102,13.182000160217285
3,AT,AKC,urban,2023-03-06T08:00:00+00:00,2023-03-06T11:00:00+00:00,14.152999877929688,12.53404426574707,14.067500114440918
3,AT,AKC,urban,2023-03-06T09:00:00+00:00,2023-03-06T12:00:00+00:00,15.156000137329102,12.991033554077148,14.194999694824219
3,AT,AKC,urban,2023-03-06T10:00:00+00:00,2023-03-06T13:00:00+00:00,14.275500297546387,13.377915382385254,14.47700023651123
3,AT,AKC,urban,2023-03-06T11:00:00+00:00,2023-03-06T14:00:00+00:00,14.358499526977539,13.133623123168945,14.152999877929688
3,AT,AKC,urban,2023-03-06T12:00:00+00:00,2023-03-06T15:00:00+00:00,12.908499717712402,14.17330551147461,15.156000137329102
3,AT,AKC,urban,2023-03-06T13:00:00+00:00,2023-03-06T16:00:00+00:00,13.388999938964844,13.321208000183105,14.275500297546387
3,AT,AKC,urban,2023-03-06T14:00:00+00:00,2023-03-06T17:00:00+00:00,14.83650016784668,13.691837310791016,14.358499526977539
3,AT,AKC,urban,2023-03-06T15:00:00+00:00,2023-03-06T18:00:00+00:00,15.991000175476074,13.215169906616211,12.908499717712402
3,AT,AKC,urban,2023-03-06T16:00:00+00:00,2023-03-06T19:00:00+00:00,16.083999633789062,14.326902389526367,13.388999938964844
3,AT,AKC,urban,2023-03-06T17:00:00+00:00,2023-03-06T20:00:00+00:00,14.842000007629395,15.693559646606445,14.83650016784668
3,AT,AKC,urban,2023-03-06T18:00:00+00:00,2023-03-06T21:00:00+00:00,14.007499694824219,15.56373405456543,15.991000175476074
3,AT,AKC,urban,2023-03-06T19:00:00+00:00,2023-03-06T22:00:00+00:00,14.954999923706055,14.450239181518555,16.083999633789062
3,AT,AKC,urban,2023-03-06T20:00:00+00:00,2023-03-06T23:00:00+00:00,15.254500389099121,13.367871284484863,14.842000007629395
3,AT,AKC,urban,2023-03-06T21:00:00+00:00,2023-03-07T00:00:00+00:00,16.339000701904297,12.636606216430664,14.007499694824219
3,AT,AKC,urban,2023-03-06T22:00:00+00:00,2023-03-07T01:00:00+00:00,17.21500015258789,13.838659286499023,14.954999923706055
3,AT,AKC,urban,2023-03-06T23:00:00+00:00,2023-03-07T02:00:00+00:00,17.18199920654297,14.037604331970215,15.254500389099121
3,AT,AKC,urban,2023-03-07T00:00:00+00:00,2023-03-07T03:00:00+00:00,16.33799934387207,14.948697090148926,16.339000701904297
3,AT,AKC,urban,2023-03-07T01:00:00+00:00,2023-03-07T04:00:00+00:00,16.853500366210938,15.829610824584961,17.21500015258789
3,AT,AKC,urban,2023-03-07T02:00:00+00:00,2023-03-07T05:00:00+00:00,15.593000411987305,16.1380672454834,17.18199920654297
3,AT,AKC,urban,2023-03-07T03:00:00+00:00,2023-03-07T06:00:00+00:00,16.11400032043457,15.871970176696777,16.33799934387207
3,AT,AKC,urban,2023-03-07T04:00:00+00:00,2023-03-07T07:00:00+00:00,16.409500122070312,17.110721588134766,16.853500366210938
3,AT,AKC,urban,2023-03-07T05:00:00+00:00,2023-03-07T08:00:00+00:00,19.033000946044922,15.521634101867676,15.593000411987305
3,AT,AKC,urban,2023-03-07T06:00:00+00:00,2023-03-07T09:00:00+00:00,17.06599998474121,13.890856742858887,16.11400032043457
3,AT,AKC,urban,2023-03-07T07:00:00+00:00,2023-03-07T10:00:00+00:00,14.557999610900879,12.160004615783691,16.409500122070312
3,AT,AKC,urban,2023-03-07T08:00:00+00:00,2023-03-07T11:00:00+00:00,16.000499725341797,14.441932678222656,19.033000946044922
3,AT,AKC,urban,2023-03-07T09:00:00+00:00,2023-03-07T12:00:00+00:00,14.498499870300293,14.394691467285156,17.06599998474121
3,AT,AKC,urban,2023-03-07T10:00:00+00:00,2023-03-07T13:00:00+00:00,12.411499977111816,12.573408126831055,14.557999610900879
3,AT,AKC,urban,2023-03-07T11:00:00+00:00,2023-03-07T14:00:00+00:00,10.371749877929688,14.474089622497559,16.000499725341797
3,AT,AKC,urban,2023-03-07T12:00:00+00:00,2023-03-07T15:00:00+00:00,9.979998588562012,13.347967147827148,14.498499870300293
3,AT,AKC,urban,2023-03-07T13:00:00+00:00,2023-03-07T16:00:00+00:00,12.30049991607666,11.477604866027832,12.411499977111816
3,AT,AKC,urban,2023-03-07T14:00:00+00:00,2023-03-07T17:00:00+00:00,15.749500274658203,10.190315246582031,10.371749877929688
3,AT,AKC,urban,2023-03-07T15:00:00+00:00,2023-03-07T18:00:00+00:00,17.410999298095703,10.093999862670898,9.979998588562012
3,AT,AKC,urban,2023-03-07T16:00:00+00:00,2023-03-07T19:00:00+00:00,18.229999542236328,12.798861503601074,12.30049991607666
3,AT,AKC,urban,2023-03-07T17:00:00+00:00,2023-03-07T20:00:00+00:00,20.29800033569336,15.73323917388916,15.749500274658203
3,AT,AKC,urban,2023-03-07T18:00:00+00:00,2023-03-07T21:00:00+00:00,23.75200080871582,16.198291778564453,17.410999298095703
3,AT,AKC,urban,2023-03-07T19:00:00+00:00,2023-03-07T22:00:00+00:00,24.72450065612793,16.49890899658203,18.229999542236328
3,AT,AKC,urban,2023-03-07T20:00:00+00:00,2023-03-07T23:00:00+00:00,18.267000198364258,18.304359436035156,20.29800033569336
3,AT,AKC,urban,2023-03-07T21:00:00+00:00,2023-03-08T00:00:00+00:00,16.387500762939453,20.407794952392578,23.75200080871582
3,AT,AKC,urban,2023-03-07T22:00:00+00:00,2023-03-08T01:00:00+00:00,11.933500289916992,17.750463485717773,24.72450065612793
3,AT,AKC,urban,2023-03-07T23:00:00+00:00,2023-03-08T02:00:00+00:00,11.779999732971191,11.571921348571777,18.267000198364258
3,AT,AKC,urban,2023-03-08T00:00:00+00:00,2023-03-08T03:00:00+00:00,12.642000198364258,12.30417251586914,16.387500762939453
3,AT,AKC,urban,2023-03-08T01:00:00+00:00,2023-03-08T04:00:00+00:00,12.031499862670898,8.316282272338867,11.933500289916992
3,AT,AKC,urban,2023-03-08T02:00:00+00:00,2023-03-08T05:00:00+00:00,13.130499839782715,8.071364402770996,11.779999732971191
3,AT,AKC,urban,2023-03-08T03:00:00+00:00,2023-03-08T06:00:00+00:00,13.69950008392334,11.054839134216309,12.642000198364258
3,AT,AKC,urban,2023-03-08T04:00:00+00:00,2023-03-08T07:00:00+00:00,11.947999954223633,10.28426742553711,12.031499862670898
3,AT,AKC,urban,2023-03-08T05:00:00+00:00,2023-03-08T08:00:00+00:00,8.95849895477295,11.332590103149414,13.130499839782715
3,AT,AKC,urban,2023-03-08T06:00:00+00:00,2023-03-08T09:00:00+00:00,8.930048942565918,11.644556045532227,13.69950008392334
3,AT,AKC,urban,2023-03-08T07:00:00+00:00,2023-03-08T10:00:00+00:00,10.779999732971191,10.522233963012695,11.947999954223633
3,AT,AKC,urban,2023-03-08T08:00:00+00:00,2023-03-08T11:00:00+00:00,16.831499099731445,8.090719223022461,8.95849895477295
3,AT,AKC,urban,2023-03-08T09:00:00+00:00,2023-03-08T12:00:00+00:00,17.632999420166016,8.736435890197754,8.930048942565918
3,AT,AKC,urban,2023-03-08T10:00:00+00:00,2023-03-08T13:00:00+00:00,18.5575008392334,10.517509460449219,10.779999732971191
3,AT,AKC,urban,2023-03-08T11:00:00+00:00,2023-03-08T14:00:00+00:00,17.181499481201172,14.842601776123047,16.831499099731445
3,AT,AKC,urban,2023-03-08T12:00:00+00:00,2023-03-08T15:00:00+00:00,17.590499877929688,13.874849319458008,17.632999420166016
3,AT,AKC,urban,2023-03-08T13:00:00+00:00,2023-03-08T16:00:00+00:00,19.136499404907227,16.356143951416016,18.5575008392334
3,AT,AKC,urban,2023-03-08T14:00:00+00:00,2023-03-08T17:00:00+00:00,20.804000854492188,15.090245246887207,17.181499481201172
3,AT,AKC,urban,2023-03-08T15:00:00+00:00,2023-03-08T18:00:00+00:00,24.520999908447266,16.352876663208008,17.590499877929688
3,AT,AKC,urban,2023-03-08T16:00:00+00:00,2023-03-08T19:00:00+00:00,22.545499801635742,18.069198608398438,19.136499404907227
3,AT,AKC,urban,2023-03-08T17:00:00+00:00,2023-03-08T20:00:00+00:00,19.38599967956543,19.87454605102539,20.804000854492188
3,AT,AKC,urban,2023-03-08T18:00:00+00:00,2023-03-08T21:00:00+00:00,20.996000289916992,21.939329147338867,24.520999908447266
3,AT,AKC,urban,2023-03-08T19:00:00+00:00,2023-03-08T22:00:00+00:00,19.690000534057617,18.10851287841797,22.545499801635742
3,AT,AKC,urban,2023-03-08T20:00:00+00:00,2023-03-08T23:00:00+00:00,14.26550006866455,16.415321350097656,19.38599967956543
3,AT,AKC,urban,2023-03-08T21:00:00+00:00,2023-03-09T00:00:00+00:00,6.968998908996582,18.577415466308594,20.996000289916992
3,AT,AKC,urban,2023-03-08T22:00:00+00:00,2023-03-09T01:00:00+00:00,8.187700271606445,16.113845825195312,19.690000534057617
3,AT,AKC,urban,2023-03-08T23:00:00+00:00,2023-03-09T02:00:00+00:00,8.631750106811523,10.357599258422852,14.26550006866455
3,AT,AKC,urban,2023-03-09T00:00:00+00:00,2023-03-09T03:00:00+00:00,8.797249794006348,6.201043605804443,6.968998908996582
3,AT,AKC,urban,2023-03-09T01:00:00+00:00,2023-03-09T04:00:00+00:00,9.955849647521973,7.926889419555664,8.187700271606445
3,AT,AKC,urban,2023-03-09T02:00:00+00:00,2023-03-09T05:00:00+00:00,10.109999656677246,7.963236331939697,8.631750106811523
3,AT,AKC,urban,2023-03-09T03:00:00+00:00,2023-03-09T06:00:00+00:00,4.434450149536133,9.596423149108887,8.797249794006348
3,AT,AKC,urban,2023-03-09T04:00:00+00:00,2023-03-09T07:00:00+00:00,3.8366003036499023,11.318970680236816,9.955849647521973
3,AT,AKC,urban,2023-03-09T05:00:00+00:00,2023-03-09T08:00:00+00:00,8.369898796081543,9.814398765563965,10.109999656677246
3,AT,AKC,urban,2023-03-09T06:00:00+00:00,2023-03-09T09:00:00+00:00,11.285200119018555,4.935355186462402,4.434450149536133
3,AT,AKC,urban,2023-03-09T07:00:00+00:00,2023-03-09T10:00:00+00:00,7.919898986816406,4.815493106842041,3.8366003036499023
3,AT,AKC,urban,2023-03-09T08:00:00+00:00,2023-03-09T11:00:00+00:00,4.165500164031982,6.284058094024658,8.369898796081543
3,AT,AKC,urban,2023-03-09T09:00:00+00:00,2023-03-09T12:00:00+00:00,3.346050262451172,8.011346817016602,11.285200119018555
3,AT,AKC,urban,2023-03-09T10:00:00+00:00,2023-03-09T13:00:00+00:00,3.039400100708008,7.9765729904174805,7.919898986816406
3,AT,AKC,urban,2023-03-09T11:00:00+00:00,2023-03-09T14:00:00+00:00,2.5603485107421875,4.7975993156433105,4.165500164031982
3,AT,AKC,urban,2023-03-09T12:00:00+00:00,2023-03-09T15:00:00+00:00,2.4349489212036133,3.781414031982422,3.346050262451172
3,AT,AKC,urban,2023-03-09T13:00:00+00:00,2023-03-09T16:00:00+00:00,2.1387996673583984,3.4141721725463867,3.039400100708008
3,AT,AKC,urban,2023-03-09T14:00:00+00:00,2023-03-09T17:00:00+00:00,2.807649612426758,3.065502166748047,2.5603485107421875
3,AT,AKC,urban,2023-03-09T15:00:00+00:00,2023-03-09T18:00:00+00:00,5.629448890686035,3.372028350830078,2.4349489212036133
3,AT,AKC,urban,2023-03-09T16:00:00+00:00,2023-03-09T19:00:00+00:00,8.887350082397461,3.3091602325439453,2.1387996673583984
3,AT,AKC,urban,2023-03-09T17:00:00+00:00,2023-03-09T20:00:00+00:00,11.545999526977539,3.910127639770508,2.807649612426758
3,AT,AKC,urban,2023-03-09T18:00:00+00:00,2023-03-09T21:00:00+00:00,11.878499984741211,6.475327491760254,5.629448890686035
3,AT,AKC,urban,2023-03-09T19:00:00+00:00,2023-03-09T22:00:00+00:00,9.735198974609375,9.181808471679688,8.887350082397461
3,AT,AKC,urban,2023-03-09T20:00:00+00:00,2023-03-09T23:00:00+00:00,6.614999294281006,10.48633861541748,11.545999526977539
3,AT,AKC,urban,2023-03-09T21:00:00+00:00,2023-03-10T00:00:00+00:00,7.9133501052856445,10.263788223266602,11.878499984741211
3,AT,AKC,urban,2023-03-09T22:00:00+00:00,2023-03-10T01:00:00+00:00,6.977299213409424,8.17605209350586,9.735198974609375
3,AT,AKC,urban,2023-03-09T23:00:00+00:00,2023-03-10T02:00:00+00:00,6.316598892211914,6.142938613891602,6.614999294281006
3,AT,AKC,urban,2023-03-10T00:00:00+00:00,2023-03-10T03:00:00+00:00,6.363248825073242,7.580385208129883,7.9133501052856445
3,AT,AKC,urban,2023-03-10T01:00:00+00:00,2023-03-10T04:00:00+00:00,6.306250095367432,6.869944095611572,6.977299213409424
3,AT,AKC,urban,2023-03-10T02:00:00+00:00,2023-03-10T05:00:00+00:00,8.321949005126953,6.646162509918213,6.316598892211914
3,AT,AKC,urban,2023-03-10T03:00:00+00:00,2023-03-10T06:00:00+00:00,10.418000221252441,7.285664081573486,6.363248825073242
3,AT,AKC,urban,2023-03-10T04:00:00+00:00,2023-03-10T07:00:00+00:00,9.866250038146973,6.988405227661133,6.306250095367432
3,AT,AKC,urban,2023-03-10T05:00:00+00:00,2023-03-10T08:00:00+00:00,12.491000175476074,7.835084915161133,8.321949005126953
3,AT,AKC,urban,2023-03-10T06:00:00+00:00,2023-03-10T09:00:00+00:00,14.552499771118164,8.627537727355957,10.418000221252441
3,AT,AKC,urban,2023-03-10T07:00:00+00:00,2023-03-10T10:00:00+00:00,14.537500381469727,8.636635780334473,9.866250038146973
3,AT,AKC,urban,2023-03-10T08:00:00+00:00,2023-03-10T11:00:00+00:00,6.37354850769043,11.627605438232422,12.491000175476074
3,AT,AKC,urban,2023-03-10T09:00:00+00:00,2023-03-10T12:00:00+00:00,4.4232988357543945,12.554716110229492,14.552499771118164
3,AT,AKC,urban,2023-03-10T10:00:00+00:00,2023-03-10T13:00:00+00:00,4.384850025177002,10.876482009887695,14.537500381469727
3,AT,AKC,urban,2023-03-10T11:00:00+00:00,2023-03-10T14:00:00+00:00,3.9984493255615234,5.743775367736816,6.37354850769043
3,AT,AKC,urban,2023-03-10T12:00:00+00:00,2023-03-10T15:00:00+00:00,3.4093990325927734,5.002553462982178,4.4232988357543945
3,AT,AKC,urban,2023-03-10T13:00:00+00:00,2023-03-10T16:00:00+00:00,3.0011987686157227,5.785687446594238,4.384850025177002
3,AT,AKC,urban,2023-03-10T14:00:00+00:00,2023-03-10T17:00:00+00:00,3.7868003845214844,6.638861656188965,3.9984493255615234
3,AT,AKC,urban,2023-03-10T15:00:00+00:00,2023-03-10T18:00:00+00:00,2.929849624633789,7.702357292175293,3.4093990325927734
3,AT,AKC,urban,2023-03-10T16:00:00+00:00,2023-03-10T19:00:00+00:00,2.826549530029297,7.302940368652344,3.0011987686157227
3,AT,AKC,urban,2023-03-10T17:00:00+00:00,2023-03-10T20:00:00+00:00,1.738800048828125,8.066570281982422,3.7868003845214844
3,AT,AKC,urban,2023-03-10T18:00:00+00:00,2023-03-10T21:00:00+00:00,1.5333490371704102,5.703441143035889,2.929849624633789
3,AT,AKC,urban,2023-03-10T19:00:00+00:00,2023-03-10T22:00:00+00:00,1.8663997650146484,4.643703460693359,2.826549530029297
3,AT,AKC,urban,2023-03-10T20:00:00+00:00,2023-03-10T23:00:00+00:00,2.076798439025879,2.3986730575561523,1.738800048828125
3,AT,AKC,urban,2023-03-10T21:00:00+00:00,2023-03-11T00:00:00+00:00,2.193598747253418,2.0215320587158203,1.5333490371704102
3,AT,AKC,urban,2023-03-10T22:00:00+00:00,2023-03-11T01:00:00+00:00,2.056600570678711,2.4074764251708984,1.8663997650146484
3,AT,AKC,urban,2023-03-10T23:00:00+00:00,2023-03-11T02:00:00+00:00,2.084798812866211,2.371340751647949,2.076798439025879
3,AT,AKC,urban,2023-03-11T00:00:00+00:00,2023-03-11T03:00:00+00:00,2.3660993576049805,2.5708017349243164,2.193598747253418
3,AT,AKC,urban,2023-03-11T01:00:00+00:00,2023-03-11T04:00:00+00:00,1.9931488037109375,2.3358154296875,2.056600570678711
3,AT,AKC,urban,2023-03-11T02:00:00+00:00,2023-03-11T05:00:00+00:00,1.7771482467651367,2.3894224166870117,2.084798812866211
3,AT,AKC,urban,2023-03-11T03:00:00+00:00,2023-03-11T06:00:00+00:00,2.204899787902832,2.800952911376953,2.3660993576049805
3,AT,AKC,urban,2023-03-11T04:00:00+00:00,2023-03-11T07:00:00+00:00,2.4127988815307617,2.5599517822265625,1.9931488037109375
3,AT,AKC,urban,2023-03-11T05:00:00+00:00,2023-03-11T08:00:00+00:00,2.1117000579833984,2.3707504272460938,1.7771482467651367
3,AT,AKC,urban,2023-03-11T06:00:00+00:00,2023-03-11T09:00:00+00:00,1.9799013137817383,2.739121437072754,2.204899787902832
3,AT,AKC,urban,2023-03-11T07:00:00+00:00,2023-03-11T10:00:00+00:00,1.711099624633789,2.756866455078125,2.4127988815307617
3,AT,AKC,urban,2023-03-11T08:00:00+00:00,2023-03-11T11:00:00+00:00,2.0043487548828125,2.3708953857421875,2.1117000579833984
3,AT,AKC,urban,2023-03-11T09:00:00+00:00,2023-03-11T12:00:00+00:00,1.8321495056152344,2.0866641998291016,1.9799013137817383
3,AT,AKC,urban,2023-03-11T10:00:00+00:00,2023-03-11T13:00:00+00:00,2.007899284362793,1.829594612121582,1.711099624633789
3,AT,AKC,urban,2023-03-11T11:00:00+00:00,2023-03-11T14:00:00+00:00,2.0858993530273438,2.1069278717041016,2.0043487548828125
3,AT,AKC,urban,2023-03-11T12:00:00+00:00,2023-03-11T15:00:00+00:00,1.8968486785888672,2.0090017318725586,1.8321495056152344
3,AT,AKC,urban,2023-03-11T13:00:00+00:00,2023-03-11T16:00:00+00:00,1.9031486511230469,2.2570390701293945,2.007899284362793
3,AT,AKC,urban,2023-03-11T14:00:00+00:00,2023-03-11T17:00:00+00:00,2.2001495361328125,2.3992080688476562,2.0858993530273438
3,AT,AKC,urban,2023-03-11T15:00:00+00:00,2023-03-11T18:00:00+00:00,2.588250160217285,2.332503318786621,1.8968486785888672
3,AT,AKC,urban,2023-03-11T16:00:00+00:00,2023-03-11T19:00:00+00:00,2.7122488021850586,2.4390182495117188,1.9031486511230469
3,AT,AKC,urban,2023-03-11T17:00:00+00:00,2023-03-11T20:00:00+00:00,2.996448516845703,2.8130407333374023,2.2001495361328125
3,AT,AKC,urban,2023-03-11T18:00:00+00:00,2023-03-11T21:00:00+00:00,3.6356000900268555,3.0393199920654297,2.588250160217285
3,AT,AKC,urban,2023-03-11T19:00:00+00:00,2023-03-11T22:00:00+00:00,4.212800025939941,2.9941720962524414,2.7122488021850586
3,AT,AKC,urban,2023-03-11T20:00:00+00:00,2023-03-11T23:00:00+00:00,4.513050079345703,3.1629209518432617,2.996448516845703
3,AT,AKC,urban,2023-03-11T21:00:00+00:00,2023-03-12T00:00:00+00:00,4.433349132537842,3.7524423599243164,3.6356000900268555
3,AT,AKC,urban,2023-03-11T22:00:00+00:00,2023-03-12T01:00:00+00:00,4.340548515319824,4.321223735809326,4.212800025939941
3,AT,AKC,urban,2023-03-11T23:00:00+00:00,2023-03-12T02:00:00+00:00,4.563549041748047,4.635475158691406,4.513050079345703
3,AT,AKC,urban,2023-03-12T00:00:00+00:00,2023-03-12T03:00:00+00:00,4.858798980712891,4.7386040687561035,4.433349132537842
3,AT,AKC,urban,2023-03-12T01:00:00+00:00,2023-03-12T04:00:00+00:00,5.070650100708008,4.817888259887695,4.340548515319824
3,AT,AKC,urban,2023-03-12T02:00:00+00:00,2023-03-12T05:00:00+00:00,4.931250095367432,5.163138389587402,4.563549041748047
3,AT,AKC,urban,2023-03-12T03:00:00+00:00,2023-03-12T06:00:00+00:00,4.788300514221191,5.643099308013916,4.858798980712891
3,AT,AKC,urban,2023-03-12T04:00:00+00:00,2023-03-12T07:00:00+00:00,3.589900016784668,6.3981804847717285,5.070650100708008
3,AT,AKC,urban,2023-03-12T05:00:00+00:00,2023-03-12T08:00:00+00:00,3.322599411010742,6.293526649475098,4.931250095367432
3,AT,AKC,urban,2023-03-12T06:00:00+00:00,2023-03-12T09:00:00+00:00,3.744500160217285,5.799395561218262,4.788300514221191
3,AT,AKC,urban,2023-03-12T07:00:00+00:00,2023-03-12T10:00:00+00:00,4.842899799346924,4.254273414611816,3.589900016784668
3,AT,AKC,urban,2023-03-12T08:00:00+00:00,2023-03-12T11:00:00+00:00,6.496448993682861,3.8107309341430664,3.322599411010742
3,AT,AKC,urban,2023-03-12T09:00:00+00:00,2023-03-12T12:00:00+00:00,6.843949794769287,4.086447238922119,3.744500160217285
3,AT,AKC,urban,2023-03-12T10:00:00+00:00,2023-03-12T13:00:00+00:00,6.285600185394287,4.9298014640808105,4.842899799346924
3,AT,AKC,urban,2023-03-12T11:00:00+00:00,2023-03-12T14:00:00+00:00,6.623048782348633,6.28257417678833,6.496448993682861
3,AT,AKC,urban,2023-03-12T12:00:00+00:00,2023-03-12T15:00:00+00:00,8.042900085449219,6.6126532554626465,6.843949794769287
3,AT,AKC,urban,2023-03-12T13:00:00+00:00,2023-03-12T16:00:00+00:00,7.979098796844482,6.443933010101318,6.285600185394287
3,AT,AKC,urban,2023-03-12T14:00:00+00:00,2023-03-12T17:00:00+00:00,9.39164924621582,7.07192325592041,6.623048782348633
3,AT,AKC,urban,2023-03-12T15:00:00+00:00,2023-03-12T18:00:00+00:00,10.168999671936035,8.57894229888916,8.042900085449219
3,AT,AKC,urban,2023-03-12T16:00:00+00:00,2023-03-12T19:00:00+00:00,8.219550132751465,9.864938735961914,7.979098796844482
3,AT,AKC,urban,2023-03-12T17:00:00+00:00,2023-03-12T20:00:00+00:00,8.03079891204834,11.483543395996094,9.39164924621582
3,AT,AKC,urban,2023-03-12T18:00:00+00:00,2023-03-12T21:00:00+00:00,5.046299457550049,12.002152442932129,10.168999671936035
3,AT,AKC,urban,2023-03-12T19:00:00+00:00,2023-03-12T22:00:00+00:00,5.436248779296875,8.854817390441895,8.219550132751465
3,AT,AKC,urban,2023-03-12T20:00:00+00:00,2023-03-12T23:00:00+00:00,5.039750099182129,7.917690753936768,8.03079891204834
3,AT,AKC,urban,2023-03-12T21:00:00+00:00,2023-03-13T00:00:00+00:00,7.172049045562744,5.0739521980285645,5.046299457550049
3,AT,AKC,urban,2023-03-12T22:00:00+00:00,2023-03-13T01:00:00+00:00,5.877798557281494,5.837034702301025,5.436248779296875
3,AT,AKC,urban,2023-03-12T23:00:00+00:00,2023-03-13T02:00:00+00:00,7.169650077819824,5.45266056060791,5.039750099182129
3,AT,AKC,urban,2023-03-13T00:00:00+00:00,2023-03-13T03:00:00+00:00,7.923150062561035,7.571409702301025,7.172049045562744
3,AT,AKC,urban,2023-03-13T01:00:00+00:00,2023-03-13T04:00:00+00:00,7.730249881744385,6.353764057159424,5.877798557281494
3,AT,AKC,urban,2023-03-13T02:00:00+00:00,2023-03-13T05:00:00+00:00,6.651350021362305,8.55490779876709,7.169650077819824
3,AT,AKC,urban,2023-03-13T03:00:00+00:00,2023-03-13T06:00:00+00:00,8.415650367736816,9.800458908081055,7.923150062561035
3,AT,AKC,urban,2023-03-13T04:00:00+00:00,2023-03-13T07:00:00+00:00,9.906599044799805,10.112103462219238,7.730249881744385
3,AT,AKC,urban,2023-03-13T05:00:00+00:00,2023-03-13T08:00:00+00:00,6.900149822235107,8.100730895996094,6.651350021362305
3,AT,AKC,urban,2023-03-13T06:00:00+00:00,2023-03-13T09:00:00+00:00,8.838448524475098,7.968114376068115,8.415650367736816
3,AT,AKC,urban,2023-03-13T07:00:00+00:00,2023-03-13T10:00:00+00:00,11.039999961853027,8.62448787689209,9.906599044799805
3,AT,AKC,urban,2023-03-13T08:00:00+00:00,2023-03-13T11:00:00+00:00,11.409500122070312,6.407850742340088,6.900149822235107
3,AT,AKC,urban,2023-03-13T09:00:00+00:00,2023-03-13T12:00:00+00:00,8.154998779296875,8.360086441040039,8.838448524475098
3,AT,AKC,urban,2023-03-13T10:00:00+00:00,2023-03-13T13:00:00+00:00,7.762898921966553,10.261505126953125,11.039999961853027
3,AT,AKC,urban,2023-03-13T11:00:00+00:00,2023-03-13T14:00:00+00:00,7.07105016708374,10.399980545043945,11.409500122070312
3,AT,AKC,urban,2023-03-13T12:00:00+00:00,2023-03-13T15:00:00+00:00,8.962048530578613,7.536643981933594,8.154998779296875
3,AT,AKC,urban,2023-03-13T13:00:00+00:00,2023-03-13T16:00:00+00:00,9.268600463867188,7.800302505493164,7.762898921966553
3,AT,AKC,urban,2023-03-13T14:00:00+00:00,2023-03-13T17:00:00+00:00,9.131050109863281,7.624396800994873,7.07105016708374
3,AT,AKC,urban,2023-03-13T15:00:00+00:00,2023-03-13T18:00:00+00:00,9.15250015258789,9.517087936401367,8.962048530578613
3,AT,AKC,urban,2023-03-13T16:00:00+00:00,2023-03-13T19:00:00+00:00,9.90304946899414,10.055906295776367,9.268600463867188
3,AT,AKC,urban,2023-03-13T17:00:00+00:00,2023-03-13T20:00:00+00:00,9.184800148010254,9.711671829223633,9.131050109863281
3,AT,AKC,urban,2023-03-13T18:00:00+00:00,2023-03-13T21:00:00+00:00,9.414249420166016,8.600142478942871,9.15250015258789
3,AT,AKC,urban,2023-03-13T19:00:00+00:00,2023-03-13T22:00:00+00:00,10.215999603271484,8.859735488891602,9.90304946899414
3,AT,AKC,urban,2023-03-13T20:00:00+00:00,2023-03-13T23:00:00+00:00,8.735650062561035,8.233671188354492,9.184800148010254
3,AT,AKC,urban,2023-03-13T21:00:00+00:00,2023-03-14T00:00:00+00:00,7.857398986816406,8.563922882080078,9.414249420166016
3,AT,AKC,urban,2023-03-13T22:00:00+00:00,2023-03-14T01:00:00+00:00,7.5260491371154785,9.3560209274292,10.215999603271484
3,AT,AKC,urban,2023-03-13T23:00:00+00:00,2023-03-14T02:00:00+00:00,7.812398910522461,7.699742794036865,8.735650062561035
3,AT,AKC,urban,2023-03-14T00:00:00+00:00,2023-03-14T03:00:00+00:00,8.116498947143555,7.554448127746582,7.857398986816406
3,AT,AKC,urban,2023-03-14T01:00:00+00:00,2023-03-14T04:00:00+00:00,9.600798606872559,7.624436855316162,7.5260491371154785
3,AT,AKC,urban,2023-03-14T02:00:00+00:00,2023-03-14T05:00:00+00:00,8.755199432373047,7.797043800354004,7.812398910522461
3,AT,AKC,urban,2023-03-14T03:00:00+00:00,2023-03-14T06:00:00+00:00,11.3125,8.511251449584961,8.116498947143555
3,AT,AKC,urban,2023-03-14T04:00:00+00:00,2023-03-14T07:00:00+00:00,12.314499855041504,9.869422912597656,9.600798606872559
3,AT,AKC,urban,2023-03-14T05:00:00+00:00,2023-03-14T08:00:00+00:00,3.0612001419067383,8.273611068725586,8.755199432373047
3,AT,AKC,urban,2023-03-14T06:00:00+00:00,2023-03-14T09:00:00+00:00,4.0126495361328125,9.755255699157715,11.3125
3,AT,AKC,urban,2023-03-14T07:00:00+00:00,2023-03-14T10:00:00+00:00,8.079548835754395,9.88919448852539,12.314499855041504
3,AT,AKC,urban,2023-03-14T08:00:00+00:00,2023-03-14T11:00:00+00:00,3.1087989807128906,3.6965723037719727,3.0612001419067383
3,AT,AKC,urban,2023-03-14T09:00:00+00:00,2023-03-14T12:00:00+00:00,2.600698471069336,4.797834873199463,4.0126495361328125
3,AT,AKC,urban,2023-03-14T10:00:00+00:00,2023-03-14T13:00:00+00:00,2.5243988037109375,7.760092735290527,8.079548835754395
3,AT,AKC,urban,2023-03-14T11:00:00+00:00,2023-03-14T14:00:00+00:00,1.9119491577148438,3.7828617095947266,3.1087989807128906
3,AT,AKC,urban,2023-03-14T12:00:00+00:00,2023-03-14T15:00:00+00:00,3.5089492797851562,3.4273128509521484,2.600698471069336
3,AT,AKC,urban,2023-03-14T13:00:00+00:00,2023-03-14T16:00:00+00:00,4.873600006103516,2.772233009338379,2.5243988037109375
3,AT,AKC,urban,2023-03-14T14:00:00+00:00,2023-03-14T17:00:00+00:00,6.933300018310547,2.6382217407226562,1.9119491577148438
3,AT,AKC,urban,2023-03-14T15:00:00+00:00,2023-03-14T18:00:00+00:00,8.690449714660645,4.574965476989746,3.5089492797851562
3,AT,AKC,urban,2023-03-14T16:00:00+00:00,2023-03-14T19:00:00+00:00,2.2547998428344727,6.1346845626831055,4.873600006103516
3,AT,AKC,urban,2023-03-14T17:00:00+00:00,2023-03-14T20:00:00+00:00,2.4281997680664062,8.004226684570312,6.933300018310547
3,AT,AKC,urban,2023-03-14T18:00:00+00:00,2023-03-14T21:00:00+00:00,2.476151466369629,8.081279754638672,8.690449714660645
3,AT,AKC,urban,2023-03-14T19:00:00+00:00,2023-03-14T22:00:00+00:00,2.3834495544433594,1.5822210311889648,2.2547998428344727
3,AT,AKC,urban,2023-03-14T20:00:00+00:00,2023-03-14T23:00:00+00:00,2.555950164794922,2.4146251678466797,2.4281997680664062
3,AT,AKC,urban,2023-03-14T21:00:00+00:00,2023-03-15T00:00:00+00:00,2.6347484588623047,2.3516836166381836,2.476151466369629
3,AT,AKC,urban,2023-03-14T22:00:00+00:00,2023-03-15T01:00:00+00:00,2.3540000915527344,2.3597307205200195,2.3834495544433594
3,AT,AKC,urban,2023-03-14T23:00:00+00:00,2023-03-15T02:00:00+00:00,2.751500129699707,2.585768699645996,2.555950164794922
3,AT,AKC,urban,2023-03-15T00:00:00+00:00,2023-03-15T03:00:00+00:00,3.9678993225097656,2.758481025695801,2.6347484588623047
3,AT,AKC,urban,2023-03-15T01:00:00+00:00,2023-03-15T04:00:00+00:00,4.014800071716309,2.5955190658569336,2.3540000915527344
3,AT,AKC,urban,2023-03-15T02:00:00+00:00,2023-03-15T05:00:00+00:00,3.938600540161133,3.221034049987793,2.751500129699707
3,AT,AKC,urban,2023-03-15T03:00:00+00:00,2023-03-15T06:00:00+00:00,4.025798797607422,4.611332416534424,3.9678993225097656
3,AT,AKC,urban,2023-03-15T04:00:00+00:00,2023-03-15T07:00:00+00:00,3.8773488998413086,4.761100769042969,4.014800071716309
3,AT,AKC,urban,2023-03-15T05:00:00+00:00,2023-03-15T08:00:00+00:00,4.675300121307373,4.667503356933594,3.938600540161133
3,AT,AKC,urban,2023-03-15T06:00:00+00:00,2023-03-15T09:00:00+00:00,4.745200157165527,4.426125526428223,4.025798797607422
3,AT,AKC,urban,2023-03-15T07:00:00+00:00,2023-03-15T10:00:00+00:00,4.707550048828125,4.073296546936035,3.8773488998413086
3,AT,AKC,urban,2023-03-15T08:00:00+00:00,2023-03-15T11:00:00+00:00,4.548599720001221,4.709397792816162,4.675300121307373
3,AT,AKC,urban,2023-03-15T09:00:00+00:00,2023-03-15T12:00:00+00:00,5.566400051116943,4.616445064544678,4.745200157165527
3,AT,AKC,urban,2023-03-15T10:00:00+00:00,2023-03-15T13:00:00+00:00,4.420848369598389,4.391688823699951,4.707550048828125
3,AT,AKC,urban,2023-03-15T11:00:00+00:00,2023-03-15T14:00:00+00:00,3.843499183654785,4.256016254425049,4.548599720001221
3,AT,AKC,urban,2023-03-15T12:00:00+00:00,2023-03-15T15:00:00+00:00,4.090400218963623,5.109889984130859,5.566400051116943
3,AT,AKC,urban,2023-03-15T13:00:00+00:00,2023-03-15T16:00:00+00:00,3.320749282836914,4.130476474761963,4.420848369598389
3,AT,AKC,urban,2023-03-15T14:00:00+00:00,2023-03-15T17:00:00+00:00,4.051248550415039,3.7518863677978516,3.843499183654785
3,AT,AKC,urban,2023-03-15T15:00:00+00:00,2023-03-15T18:00:00+00:00,4.158349514007568,4.343973159790039,4.090400218963623
3,AT,AKC,urban,2023-03-15T16:00:00+00:00,2023-03-15T19:00:00+00:00,4.239299297332764,3.8786516189575195,3.320749282836914
3,AT,AKC,urban,2023-03-15T17:00:00+00:00,2023-03-15T20:00:00+00:00,4.9458489418029785,4.780215263366699,4.051248550415039
3,AT,AKC,urban,2023-03-15T18:00:00+00:00,2023-03-15T21:00:00+00:00,5.196949005126953,4.719040870666504,4.158349514007568
3,AT,AKC,urban,2023-03-15T19:00:00+00:00,2023-03-15T22:00:00+00:00,4.104249477386475,4.984419345855713,4.239299297332764
3,AT,AKC,urban,2023-03-15T20:00:00+00:00,2023-03-15T23:00:00+00:00,3.8010997772216797,5.603666305541992,4.9458489418029785
3,AT,AKC,urban,2023-03-15T21:00:00+00:00,2023-03-16T00:00:00+00:00,4.352999210357666,5.687079429626465,5.196949005126953
3,AT,AKC,urban,2023-03-15T22:00:00+00:00,2023-03-16T01:00:00+00:00,5.280599594116211,4.493866920471191,4.104249477386475
3,AT,AKC,urban,2023-03-15T23:00:00+00:00,2023-03-16T02:00:00+00:00,6.734148979187012,4.161054611206055,3.8010997772216797
3,AT,AKC,urban,2023-03-16T00:00:00+00:00,2023-03-16T03:00:00+00:00,8.149398803710938,4.850422382354736,4.352999210357666
3,AT,AKC,urban,2023-03-16T01:00:00+00:00,2023-03-16T04:00:00+00:00,8.880200386047363,5.8800368309021,5.280599594116211
3,AT,AKC,urban,2023-03-16T02:00:00+00:00,2023-03-16T05:00:00+00:00,9.302048683166504,7.471564769744873,6.734148979187012
3,AT,AKC,urban,2023-03-16T03:00:00+00:00,2023-03-16T06:00:00+00:00,10.044400215148926,9.365150451660156,8.149398803710938
3,AT,AKC,urban,2023-03-16T04:00:00+00:00,2023-03-16T07:00:00+00:00,9.251798629760742,10.084979057312012,8.880200386047363
3,AT,AKC,urban,2023-03-16T05:00:00+00:00,2023-03-16T08:00:00+00:00,7.544548988342285,10.543586730957031,9.302048683166504
3,AT,AKC,urban,2023-03-16T06:00:00+00:00,2023-03-16T09:00:00+00:00,5.078948974609375,10.074370384216309,10.044400215148926
3,AT,AKC,urban,2023-03-16T07:00:00+00:00,2023-03-16T10:00:00+00:00,5.065499782562256,8.762750625610352,9.251798629760742
3,AT,AKC,urban,2023-03-16T08:00:00+00:00,2023-03-16T11:00:00+00:00,6.526148796081543,7.608945846557617,7.544548988342285
3,AT,AKC,urban,2023-03-16T09:00:00+00:00,2023-03-16T12:00:00+00:00,6.284399032592773,5.644338130950928,5.078948974609375
3,AT,AKC,urban,2023-03-16T10:00:00+00:00,2023-03-16T13:00:00+00:00,6.643098831176758,5.670155048370361,5.065499782562256
3,AT,AKC,urban,2023-03-16T11:00:00+00:00,2023-03-16T14:00:00+00:00,5.9433488845825195,6.8489556312561035,6.526148796081543
3,AT,AKC,urban,2023-03-16T12:00:00+00:00,2023-03-16T15:00:00+00:00,5.232199192047119,6.668865203857422,6.284399032592773
3,AT,AKC,urban,2023-03-16T13:00:00+00:00,2023-03-16T16:00:00+00:00,5.5071001052856445,7.144333839416504,6.643098831176758
3,AT,AKC,urban,2023-03-16T14:00:00+00:00,2023-03-16T17:00:00+00:00,5.873600006103516,6.806310653686523,5.9433488845825195
3,AT,AKC,urban,2023-03-16T15:00:00+00:00,2023-03-16T18:00:00+00:00,8.690099716186523,6.694228172302246,5.232199192047119
3,AT,AKC,urban,2023-03-16T16:00:00+00:00,2023-03-16T19:00:00+00:00,10.320650100708008,7.750640392303467,5.5071001052856445
3,AT,AKC,urban,2023-03-16T17:00:00+00:00,2023-03-16T20:00:00+00:00,12.265000343322754,8.470291137695312,5.873600006103516
3,AT,AKC,urban,2023-03-16T18:00:00+00:00,2023-03-16T21:00:00+00:00,12.14900016784668,11.27893352508545,8.690099716186523
3,AT,AKC,urban,2023-03-16T19:00:00+00:00,2023-03-16T22:00:00+00:00,12.946999549865723,12.296796798706055,10.320650100708008
3,AT,AKC,urban,2023-03-16T20:00:00+00:00,2023-03-16T23:00:00+00:00,12.657500267028809,12.828363418579102,12.265000343322754
3,AT,AKC,urban,2023-03-16T21:00:00+00:00,2023-03-17T00:00:00+00:00,10.846500396728516,11.486970901489258,12.14900016784668
3,AT,AKC,urban,2023-03-16T22:00:00+00:00,2023-03-17T01:00:00+00:00,8.988499641418457,12.174601554870605,12.946999549865723
3,AT,AKC,urban,2023-03-16T23:00:00+00:00,2023-03-17T02:00:00+00:00,8.579548835754395,12.138919830322266,12.657500267028809
3,AT,AKC,urban,2023-03-17T00:00:00+00:00,2023-03-17T03:00:00+00:00,8.70219898223877,10.288680076599121,10.846500396728516
3,AT,AKC,urban,2023-03-17T01:00:00+00:00,2023-03-17T04:00:00+00:00,9.2264986038208,8.827131271362305,8.988499641418457
3,AT,AKC,urban,2023-03-17T02:00:00+00:00,2023-03-17T05:00:00+00:00,10.0514497756958,9.38444709777832,8.579548835754395
3,AT,AKC,urban,2023-03-17T03:00:00+00:00,2023-03-17T06:00:00+00:00,11.511500358581543,9.815375328063965,8.70219898223877
3,AT,AKC,urban,2023-03-17T04:00:00+00:00,2023-03-17T07:00:00+00:00,10.466099739074707,10.239975929260254,9.2264986038208
3,AT,AKC,urban,2023-03-17T05:00:00+00:00,2023-03-17T08:00:00+00:00,9.695850372314453,10.431416511535645,10.0514497756958
3,AT,AKC,urban,2023-03-17T06:00:00+00:00,2023-03-17T09:00:00+00:00,10.558500289916992,10.482786178588867,11.511500358581543
3,AT,AKC,urban,2023-03-17T07:00:00+00:00,2023-03-17T10:00:00+00:00,9.988698959350586,8.941133499145508,10.466099739074707
3,AT,AKC,urban,2023-03-17T08:00:00+00:00,2023-03-17T11:00:00+00:00,8.65095043182373,8.511066436767578,9.695850372314453
3,AT,AKC,urban,2023-03-17T09:00:00+00:00,2023-03-17T12:00:00+00:00,7.735650062561035,9.429108619689941,10.558500289916992
3,AT,AKC,urban,2023-03-17T10:00:00+00:00,2023-03-17T13:00:00+00:00,7.4732489585876465,9.1116361618042,9.988698959350586
3,AT,AKC,urban,2023-03-17T11:00:00+00:00,2023-03-17T14:00:00+00:00,8.189899444580078,8.338940620422363,8.65095043182373
3,AT,AKC,urban,2023-03-17T12:00:00+00:00,2023-03-17T15:00:00+00:00,8.127148628234863,7.793602466583252,7.735650062561035
3,AT,AKC,urban,2023-03-17T13:00:00+00:00,2023-03-17T16:00:00+00:00,7.270998954772949,7.93104887008667,7.4732489585876465
3,AT,AKC,urban,2023-03-17T14:00:00+00:00,2023-03-17T17:00:00+00:00,7.707249164581299,9.03445053100586,8.189899444580078
3,AT,AKC,urban,2023-03-17T15:00:00+00:00,2023-03-17T18:00:00+00:00,8.043950080871582,9.579922676086426,8.127148628234863
3,AT,AKC,urban,2023-03-17T16:00:00+00:00,2023-03-17T19:00:00+00:00,8.005200386047363,9.322052955627441,7.270998954772949
3,AT,AKC,urban,2023-03-17T17:00:00+00:00,2023-03-17T20:00:00+00:00,7.653698921203613,9.969339370727539,7.707249164581299
3,AT,AKC,urban,2023-03-17T18:00:00+00:00,2023-03-17T21:00:00+00:00,7.260299205780029,9.854524612426758,8.043950080871582
3,AT,AKC,urban,2023-03-17T19:00:00+00:00,2023-03-17T22:00:00+00:00,6.8358988761901855,9.339635848999023,8.005200386047363
3,AT,AKC,urban,2023-03-17T20:00:00+00:00,2023-03-17T23:00:00+00:00,7.254149913787842,8.477375984191895,7.653698921203613
3,AT,AKC,urban,2023-03-17T21:00:00+00:00,2023-03-18T00:00:00+00:00,8.460350036621094,7.778290271759033,7.260299205780029
3,AT,AKC,urban,2023-03-17T22:00:00+00:00,2023-03-18T01:00:00+00:00,8.442448616027832,7.2729387283325195,6.8358988761901855
3,AT,AKC,urban,2023-03-17T23:00:00+00:00,2023-03-18T02:00:00+00:00,8.999798774719238,7.381576061248779,7.254149913787842
3,AT,AKC,urban,2023-03-18T00:00:00+00:00,2023-03-18T03:00:00+00:00,9.261150360107422,8.43759822845459,8.460350036621094
3,AT,AKC,urban,2023-03-18T01:00:00+00:00,2023-03-18T04:00:00+00:00,9.550148963928223,8.442763328552246,8.442448616027832
3,AT,AKC,urban,2023-03-18T02:00:00+00:00,2023-03-18T05:00:00+00:00,9.979748725891113,9.099857330322266,8.999798774719238
3,AT,AKC,urban,2023-03-18T03:00:00+00:00,2023-03-18T06:00:00+00:00,10.147000312805176,9.628031730651855,9.261150360107422
3,AT,AKC,urban,2023-03-18T04:00:00+00:00,2023-03-18T07:00:00+00:00,10.67199993133545,10.144187927246094,9.550148963928223
3,AT,AKC,urban,2023-03-18T05:00:00+00:00,2023-03-18T08:00:00+00:00,10.680500030517578,10.622485160827637,9.979748725891113
3,AT,AKC,urban,2023-03-18T06:00:00+00:00,2023-03-18T09:00:00+00:00,10.97249984741211,10.235286712646484,10.147000312805176
3,AT,AKC,urban,2023-03-18T07:00:00+00:00,2023-03-18T10:00:00+00:00,11.20199966430664,9.999343872070312,10.67199993133545
3,AT,AKC,urban,2023-03-18T08:00:00+00:00,2023-03-18T11:00:00+00:00,11.031999588012695,9.908978462219238,10.680500030517578
3,AT,AKC,urban,2023-03-18T09:00:00+00:00,2023-03-18T12:00:00+00:00,10.995499610900879,10.135748863220215,10.97249984741211
3,AT,AKC,urban,2023-03-18T10:00:00+00:00,2023-03-18T13:00:00+00:00,10.018600463867188,10.340761184692383,11.20199966430664
3,AT,AKC,urban,2023-03-18T11:00:00+00:00,2023-03-18T14:00:00+00:00,9.316848754882812,10.330387115478516,11.031999588012695
3,AT,AKC,urban,2023-03-18T12:00:00+00:00,2023-03-18T15:00:00+00:00,9.784250259399414,10.488014221191406,10.995499610900879
3,AT,AKC,urban,2023-03-18T13:00:00+00:00,2023-03-18T16:00:00+00:00,9.471098899841309,9.971399307250977,10.018600463867188
3,AT,AKC,urban,2023-03-18T14:00:00+00:00,2023-03-18T17:00:00+00:00,9.734000205993652,9.988231658935547,9.316848754882812
3,AT,AKC,urban,2023-03-18T15:00:00+00:00,2023-03-18T18:00:00+00:00,10.444499969482422,11.247577667236328,9.784250259399414
3,AT,AKC,urban,2023-03-18T16:00:00+00:00,2023-03-18T19:00:00+00:00,10.971500396728516,11.488066673278809,9.471098899841309
3,AT,AKC,urban,2023-03-18T17:00:00+00:00,2023-03-18T20:00:00+00:00,11.41450023651123,11.801797866821289,9.734000205993652
3,AT,AKC,urban,2023-03-18T18:00:00+00:00,2023-03-18T21:00:00+00:00,12.899999618530273,12.295161247253418,10.444499969482422
3,AT,AKC,urban,2023-03-18T19:00:00+00:00,2023-03-18T22:00:00+00:00,15.195500373840332,12.044663429260254,10.971500396728516
3,AT,AKC,urban,2023-03-18T20:00:00+00:00,2023-03-18T23:00:00+00:00,15.756999969482422,11.659162521362305,11.41450023651123
3,AT,AKC,urban,2023-03-18T21:00:00+00:00,2023-03-19T00:00:00+00:00,15.398500442504883,12.707283973693848,12.899999618530273
3,AT,AKC,urban,2023-03-18T22:00:00+00:00,2023-03-19T01:00:00+00:00,14.878999710083008,14.632339477539062,15.195500373840332
3,AT,AKC,urban,2023-03-18T23:00:00+00:00,2023-03-19T02:00:00+00:00,14.581000328063965,15.047607421875,15.756999969482422
3,AT,AKC,urban,2023-03-19T00:00:00+00:00,2023-03-19T03:00:00+00:00,14.480999946594238,15.134001731872559,15.398500442504883
3,AT,AKC,urban,2023-03-19T01:00:00+00:00,2023-03-19T04:00:00+00:00,14.589500427246094,14.970375061035156,14.878999710083008
3,AT,AKC,urban,2023-03-19T02:00:00+00:00,2023-03-19T05:00:00+00:00,15.11050033569336,15.585760116577148,14.581000328063965
3,AT,AKC,urban,2023-03-19T03:00:00+00:00,2023-03-19T06:00:00+00:00,15.652000427246094,15.975117683410645,14.480999946594238
3,AT,AKC,urban,2023-03-19T04:00:00+00:00,2023-03-19T07:00:00+00:00,16.572500228881836,16.203067779541016,14.589500427246094
3,AT,AKC,urban,2023-03-19T05:00:00+00:00,2023-03-19T08:00:00+00:00,17.133499145507812,16.872905731201172,15.11050033569336
3,AT,AKC,urban,2023-03-19T06:00:00+00:00,2023-03-19T09:00:00+00:00,18.141000747680664,17.009967803955078,15.652000427246094
3,AT,AKC,urban,2023-03-19T07:00:00+00:00,2023-03-19T10:00:00+00:00,18.374500274658203,16.692214965820312,16.572500228881836
3,AT,AKC,urban,2023-03-19T08:00:00+00:00,2023-03-19T11:00:00+00:00,18.454500198364258,16.323572158813477,17.133499145507812
3,AT,AKC,urban,2023-03-19T09:00:00+00:00,2023-03-19T12:00:00+00:00,17.847999572753906,16.993335723876953,18.141000747680664
3,AT,AKC,urban,2023-03-19T10:00:00+00:00,2023-03-19T13:00:00+00:00,16.350000381469727,17.13825225830078,18.374500274658203
3,AT,AKC,urban,2023-03-19T11:00:00+00:00,2023-03-19T14:00:00+00:00,16.12700080871582,17.353538513183594,18.454500198364258
3,AT,AKC,urban,2023-03-19T12:00:00+00:00,2023-03-19T15:00:00+00:00,15.730999946594238,16.741069793701172,17.847999572753906
3,AT,AKC,urban,2023-03-19T13:00:00+00:00,2023-03-19T16:00:00+00:00,15.896499633789062,15.367349624633789,16.350000381469727
3,AT,AKC,urban,2023-03-19T14:00:00+00:00,2023-03-19T17:00:00+00:00,18.68199920654297,15.790070533752441,16.12700080871582
3,AT,AKC,urban,2023-03-19T15:00:00+00:00,2023-03-19T18:00:00+00:00,20.245500564575195,16.885530471801758,15.730999946594238
3,AT,AKC,urban,2023-03-19T16:00:00+00:00,2023-03-19T19:00:00+00:00,20.058000564575195,17.824050903320312,15.896499633789062
3,AT,AKC,urban,2023-03-19T17:00:00+00:00,2023-03-19T20:00:00+00:00,24.249500274658203,20.83734703063965,18.68199920654297
3,AT,AKC,urban,2023-03-19T18:00:00+00:00,2023-03-19T21:00:00+00:00,20.872499465942383,20.61943817138672,20.245500564575195
3,AT,AKC,urban,2023-03-19T19:00:00+00:00,2023-03-19T22:00:00+00:00,20.045499801635742,19.2180233001709,20.058000564575195
3,AT,AKC,urban,2023-03-19T20:00:00+00:00,2023-03-19T23:00:00+00:00,18.765499114990234,22.33376693725586,24.249500274658203
3,AT,AKC,urban,2023-03-19T21:00:00+00:00,2023-03-20T00:00:00+00:00,20.68899917602539,14.449490547180176,20.872499465942383
3,AT,AKC,urban,2023-03-19T22:00:00+00:00,2023-03-20T01:00:00+00:00,20.8174991607666,16.456768035888672,20.045499801635742
3,AT,AKC,urban,2023-03-19T23:00:00+00:00,2023-03-20T02:00:00+00:00,22.058500289916992,16.692386627197266,18.765499114990234
3,AT,AKC,urban,2023-03-20T00:00:00+00:00,2023-03-20T03:00:00+00:00,23.291000366210938,19.080150604248047,20.68899917602539
3,AT,AKC,urban,2023-03-20T01:00:00+00:00,2023-03-20T04:00:00+00:00,25.336000442504883,18.201528549194336,20.8174991607666
3,AT,AKC,urban,2023-03-20T02:00:00+00:00,2023-03-20T05:00:00+00:00,26.979999542236328,20.080001831054688,22.058500289916992
3,AT,AKC,urban,2023-03-20T03:00:00+00:00,2023-03-20T06:00:00+00:00,28.368000030517578,19.730918884277344,23.291000366210938
3,AT,AKC,urban,2023-03-20T04:00:00+00:00,2023-03-20T07:00:00+00:00,22.334999084472656,20.961318969726562,25.336000442504883
3,AT,AKC,urban,2023-03-20T05:00:00+00:00,2023-03-20T08:00:00+00:00,16.346500396728516,19.904544830322266,26.979999542236328
3,AT,AKC,urban,2023-03-20T06:00:00+00:00,2023-03-20T09:00:00+00:00,10.316499710083008,17.00025749206543,28.368000030517578
3,AT,AKC,urban,2023-03-20T07:00:00+00:00,2023-03-20T10:00:00+00:00,8.346598625183105,12.946555137634277,22.334999084472656
3,AT,AKC,urban,2023-03-20T08:00:00+00:00,2023-03-20T11:00:00+00:00,9.962300300598145,11.967869758605957,16.346500396728516
3,AT,AKC,urban,2023-03-20T09:00:00+00:00,2023-03-20T12:00:00+00:00,12.27299976348877,8.851543426513672,10.316499710083008
3,AT,AKC,urban,2023-03-20T10:00:00+00:00,2023-03-20T13:00:00+00:00,9.683950424194336,7.997117519378662,8.346598625183105
3,AT,AKC,urban,2023-03-20T11:00:00+00:00,2023-03-20T14:00:00+00:00,10.529000282287598,10.084234237670898,9.962300300598145
3,AT,AKC,urban,2023-03-20T12:00:00+00:00,2023-03-20T15:00:00+00:00,8.910650253295898,11.896087646484375,12.27299976348877
3,AT,AKC,urban,2023-03-20T13:00:00+00:00,2023-03-20T16:00:00+00:00,8.239150047302246,10.629579544067383,9.683950424194336
3,AT,AKC,urban,2023-03-20T14:00:00+00:00,2023-03-20T17:00:00+00:00,8.865400314331055,11.082839965820312,10.529000282287598
3,AT,AKC,urban,2023-03-20T15:00:00+00:00,2023-03-20T18:00:00+00:00,10.762499809265137,9.803443908691406,8.910650253295898
3,AT,AKC,urban,2023-03-20T16:00:00+00:00,2023-03-20T19:00:00+00:00,11.362500190734863,9.15584945678711,8.239150047302246
3,AT,AKC,urban,2023-03-20T17:00:00+00:00,2023-03-20T20:00:00+00:00,10.53600025177002,9.776418685913086,8.865400314331055
3,AT,AKC,urban,2023-03-20T18:00:00+00:00,2023-03-20T21:00:00+00:00,9.476149559020996,12.395989418029785,10.762499809265137
3,AT,AKC,urban,2023-03-20T19:00:00+00:00,2023-03-20T22:00:00+00:00,9.079648971557617,13.034318923950195,11.362500190734863
3,AT,AKC,urban,2023-03-20T20:00:00+00:00,2023-03-20T23:00:00+00:00,10.767000198364258,12.129467964172363,10.53600025177002
3,AT,AKC,urban,2023-03-20T21:00:00+00:00,2023-03-21T00:00:00+00:00,9.806098937988281,11.260567665100098,9.476149559020996
3,AT,AKC,urban,2023-03-20T22:00:00+00:00,2023-03-21T01:00:00+00:00,7.959650039672852,10.427864074707031,9.079648971557617
3,AT,AKC,urban,2023-03-20T23:00:00+00:00,2023-03-21T02:00:00+00:00,8.263500213623047,12.328150749206543,10.767000198364258
3,AT,AKC,urban,2023-03-21T00:00:00+00:00,2023-03-21T03:00:00+00:00,9.711798667907715,11.203981399536133,9.806098937988281
3,AT,AKC,urban,2023-03-21T01:00:00+00:00,2023-03-21T04:00:00+00:00,9.73379898071289,9.375630378723145,7.959650039672852
3,AT,AKC,urban,2023-03-21T02:00:00+00:00,2023-03-21T05:00:00+00:00,10.540550231933594,9.148365020751953,8.263500213623047
3,AT,AKC,urban,2023-03-21T03:00:00+00:00,2023-03-21T06:00:00+00:00,13.181500434875488,10.438953399658203,9.711798667907715
3,AT,AKC,urban,2023-03-21T04:00:00+00:00,2023-03-21T07:00:00+00:00,9.655750274658203,9.995408058166504,9.73379898071289
3,AT,AKC,urban,2023-03-21T05:00:00+00:00,2023-03-21T08:00:00+00:00,8.517200469970703,10.297821044921875,10.540550231933594
3,AT,AKC,urban,2023-03-21T06:00:00+00:00,2023-03-21T09:00:00+00:00,8.848698616027832,10.912938117980957,13.181500434875488
3,AT,AKC,urban,2023-03-21T07:00:00+00:00,2023-03-21T10:00:00+00:00,8.36935043334961,9.072543144226074,9.655750274658203
3,AT,AKC,urban,2023-03-21T08:00:00+00:00,2023-03-21T11:00:00+00:00,8.792200088500977,7.996854305267334,8.517200469970703
3,AT,AKC,urban,2023-03-21T09:00:00+00:00,2023-03-21T12:00:00+00:00,7.910200119018555,8.668824195861816,8.848698616027832
3,AT,AKC,urban,2023-03-21T10:00:00+00:00,2023-03-21T13:00:00+00:00,5.763898849487305,8.341948509216309,8.36935043334961
3,AT,AKC,urban,2023-03-21T11:00:00+00:00,2023-03-21T14:00:00+00:00,7.034450054168701,8.496840476989746,8.792200088500977
3,AT,AKC,urban,2023-03-21T12:00:00+00:00,2023-03-21T15:00:00+00:00,7.626198768615723,7.713658332824707,7.910200119018555
3,AT,AKC,urban,2023-03-21T13:00:00+00:00,2023-03-21T16:00:00+00:00,5.842749118804932,6.476017951965332,5.763898849487305
3,AT,AKC,urban,2023-03-21T14:00:00+00:00,2023-03-21T17:00:00+00:00,5.394598960876465,8.390050888061523,7.034450054168701
3,AT,AKC,urban,2023-03-21T15:00:00+00:00,2023-03-21T18:00:00+00:00,8.45259952545166,9.350513458251953,7.626198768615723
3,AT,AKC,urban,2023-03-21T16:00:00+00:00,2023-03-21T19:00:00+00:00,8.925800323486328,7.691290855407715,5.842749118804932
3,AT,AKC,urban,2023-03-21T17:00:00+00:00,2023-03-21T20:00:00+00:00,12.189000129699707,7.679065227508545,5.394598960876465
3,AT,AKC,urban,2023-03-21T18:00:00+00:00,2023-03-21T21:00:00+00:00,12.715999603271484,10.940807342529297,8.45259952545166
3,AT,AKC,urban,2023-03-21T19:00:00+00:00,2023-03-21T22:00:00+00:00,11.993000030517578,11.084444046020508,8.925800323486328
3,AT,AKC,urban,2023-03-21T20:00:00+00:00,2023-03-21T23:00:00+00:00,12.470000267028809,13.076457023620605,12.189000129699707
3,AT,AKC,urban,2023-03-21T21:00:00+00:00,2023-03-22T00:00:00+00:00,8.459198951721191,11.584455490112305,12.715999603271484
3,AT,AKC,urban,2023-03-21T22:00:00+00:00,2023-03-22T01:00:00+00:00,10.784000396728516,11.393420219421387,11.993000030517578
3,AT,AKC,urban,2023-03-21T23:00:00+00:00,2023-03-22T02:00:00+00:00,8.233248710632324,12.289112091064453,12.470000267028809
3,AT,AKC,urban,2023-03-22T00:00:00+00:00,2023-03-22T03:00:00+00:00,8.067049026489258,7.957230091094971,8.459198951721191
3,AT,AKC,urban,2023-03-22T01:00:00+00:00,2023-03-22T04:00:00+00:00,10.624750137329102,11.262913703918457,10.784000396728516
3,AT,AKC,urban,2023-03-22T02:00:00+00:00,2023-03-22T05:00:00+00:00,13.86050033569336,8.66397476196289,8.233248710632324
3,AT,AKC,urban,2023-03-22T03:00:00+00:00,2023-03-22T06:00:00+00:00,19.587499618530273,10.127754211425781,8.067049026489258
3,AT,AKC,urban,2023-03-22T04:00:00+00:00,2023-03-22T07:00:00+00:00,23.99850082397461,13.207240104675293,10.624750137329102
3,AT,AKC,urban,2023-03-22T05:00:00+00:00,2023-03-22T08:00:00+00:00,16.354999542236328,13.954320907592773,13.86050033569336
3,AT,AKC,urban,2023-03-22T06:00:00+00:00,2023-03-22T09:00:00+00:00,28.81599998474121,13.299430847167969,19.587499618530273
3,AT,AKC,urban,2023-03-22T07:00:00+00:00,2023-03-22T10:00:00+00:00,17.6299991607666,13.583178520202637,23.99850082397461
3,AT,AKC,urban,2023-03-22T08:00:00+00:00,2023-03-22T11:00:00+00:00,10.601499557495117,10.289206504821777,16.354999542236328
3,AT,AKC,urban,2023-03-22T09:00:00+00:00,2023-03-22T12:00:00+00:00,10.699000358581543,9.227914810180664,28.81599998474121
3,AT,AKC,urban,2023-03-22T10:00:00+00:00,2023-03-22T13:00:00+00:00,7.794149875640869,11.073959350585938,17.6299991607666
3,AT,AKC,urban,2023-03-22T11:00:00+00:00,2023-03-22T14:00:00+00:00,8.28394889831543,10.466137886047363,10.601499557495117
3,AT,AKC,urban,2023-03-22T12:00:00+00:00,2023-03-22T15:00:00+00:00,6.083448886871338,10.49915599822998,10.699000358581543
3,AT,AKC,urban,2023-03-22T13:00:00+00:00,2023-03-22T16:00:00+00:00,6.842148780822754,8.056058883666992,7.794149875640869
3,AT,AKC,urban,2023-03-22T14:00:00+00:00,2023-03-22T17:00:00+00:00,8.629948616027832,8.924983978271484,8.28394889831543
3,AT,AKC,urban,2023-03-22T15:00:00+00:00,2023-03-22T18:00:00+00:00,9.032150268554688,7.925668716430664,6.083448886871338
3,AT,AKC,urban,2023-03-22T16:00:00+00:00,2023-03-22T19:00:00+00:00,9.824548721313477,9.839719772338867,6.842148780822754
3,AT,AKC,urban,2023-03-22T17:00:00+00:00,2023-03-22T20:00:00+00:00,13.173500061035156,12.607705116271973,8.629948616027832
3,AT,AKC,urban,2023-03-22T18:00:00+00:00,2023-03-22T21:00:00+00:00,12.409500122070312,11.884394645690918,9.032150268554688
3,AT,AKC,urban,2023-03-22T19:00:00+00:00,2023-03-22T22:00:00+00:00,11.529999732971191,11.96961498260498,9.824548721313477
3,AT,AKC,urban,2023-03-22T20:00:00+00:00,2023-03-22T23:00:00+00:00,10.980400085449219,16.275108337402344,13.173500061035156
3,AT,AKC,urban,2023-03-22T21:00:00+00:00,2023-03-23T00:00:00+00:00,11.45199966430664,13.064324378967285,12.409500122070312
3,AT,AKC,urban,2023-03-22T22:00:00+00:00,2023-03-23T01:00:00+00:00,9.011499404907227,12.477482795715332,11.529999732971191
3,AT,AKC,urban,2023-03-22T23:00:00+00:00,2023-03-23T02:00:00+00:00,10.378499984741211,11.870471000671387,10.980400085449219
3,AT,AKC,urban,2023-03-23T00:00:00+00:00,2023-03-23T03:00:00+00:00,11.687000274658203,13.097237586975098,11.45199966430664
3,AT,AKC,urban,2023-03-23T01:00:00+00:00,2023-03-23T04:00:00+00:00,11.86299991607666,10.16018009185791,9.011499404907227
3,AT,AKC,urban,2023-03-23T02:00:00+00:00,2023-03-23T05:00:00+00:00,12.78499984741211,13.440336227416992,10.378499984741211
3,AT,AKC,urban,2023-03-23T03:00:00+00:00,2023-03-23T06:00:00+00:00,18.3700008392334,15.29245662689209,11.687000274658203
3,AT,AKC,urban,2023-03-23T04:00:00+00:00,2023-03-23T07:00:00+00:00,19.849000930786133,14.61393928527832,11.86299991607666
3,AT,AKC,urban,2023-03-23T05:00:00+00:00,2023-03-23T08:00:00+00:00,20.073999404907227,13.103578567504883,12.78499984741211
3,AT,AKC,urban,2023-03-23T06:00:00+00:00,2023-03-23T09:00:00+00:00,21.31800079345703,14.628811836242676,18.3700008392334
3,AT,AKC,urban,2023-03-23T07:00:00+00:00,2023-03-23T10:00:00+00:00,21.725500106811523,11.348978996276855,19.849000930786133
3,AT,AKC,urban,2023-03-23T08:00:00+00:00,2023-03-23T11:00:00+00:00,17.6825008392334,9.715065002441406,20.073999404907227
3,AT,AKC,urban,2023-03-23T09:00:00+00:00,2023-03-23T12:00:00+00:00,12.541500091552734,8.338598251342773,21.31800079345703
3,AT,AKC,urban,2023-03-23T10:00:00+00:00,2023-03-23T13:00:00+00:00,10.697500228881836,8.16895580291748,21.725500106811523
3,AT,AKC,urban,2023-03-23T11:00:00+00:00,2023-03-23T14:00:00+00:00,9.56554889678955,9.567891120910645,17.6825008392334
3,AT,AKC,urban,2023-03-23T12:00:00+00:00,2023-03-23T15:00:00+00:00,8.695599555969238,10.68167781829834,12.541500091552734
3,AT,AKC,urban,2023-03-23T13:00:00+00:00,2023-03-23T16:00:00+00:00,10.193900108337402,10.039728164672852,10.697500228881836
3,AT,AKC,urban,2023-03-23T14:00:00+00:00,2023-03-23T17:00:00+00:00,15.136500358581543,9.991427421569824,9.56554889678955
3,AT,AKC,urban,2023-03-23T15:00:00+00:00,2023-03-23T18:00:00+00:00,18.516000747680664,11.53768253326416,8.695599555969238
3,AT,AKC,urban,2023-03-23T16:00:00+00:00,2023-03-23T19:00:00+00:00,19.534500122070312,14.651484489440918,10.193900108337402
3,AT,AKC,urban,2023-03-23T17:00:00+00:00,2023-03-23T20:00:00+00:00,16.649499893188477,20.526744842529297,15.136500358581543
3,AT,AKC,urban,2023-03-23T18:00:00+00:00,2023-03-23T21:00:00+00:00,18.011999130249023,23.46768569946289,18.516000747680664
3,AT,AKC,urban,2023-03-23T19:00:00+00:00,2023-03-23T22:00:00+00:00,20.2549991607666,22.259532928466797,19.534500122070312
3,AT,AKC,urban,2023-03-23T20:00:00+00:00,2023-03-23T23:00:00+00:00,20.38249969482422,18.567047119140625,16.649499893188477
3,AT,AKC,urban,2023-03-23T21:00:00+00:00,2023-03-24T00:00:00+00:00,26.336999893188477,19.458505630493164,18.011999130249023
3,AT,AKC,urban,2023-03-23T22:00:00+00:00,2023-03-24T01:00:00+00:00,25.340499877929688,21.371292114257812,20.2549991607666
3,AT,AKC,urban,2023-03-23T23:00:00+00:00,2023-03-24T02:00:00+00:00,27.229999542236328,20.749988555908203,20.38249969482422
3,AT,AKC,urban,2023-03-24T00:00:00+00:00,2023-03-24T03:00:00+00:00,28.678499221801758,26.15241050720215,26.336999893188477
3,AT,AKC,urban,2023-03-24T01:00:00+00:00,2023-03-24T04:00:00+00:00,28.547500610351562,23.126060485839844,25.340499877929688
3,AT,AKC,urban,2023-03-24T02:00:00+00:00,2023-03-24T05:00:00+00:00,25.793500900268555,26.415002822875977,27.229999542236328
3,AT,AKC,urban,2023-03-24T03:00:00+00:00,2023-03-24T06:00:00+00:00,23.458999633789062,26.997425079345703,28.678499221801758
3,AT,AKC,urban,2023-03-24T04:00:00+00:00,2023-03-24T07:00:00+00:00,23.9010009765625,24.921550750732422,28.547500610351562
3,AT,AKC,urban,2023-03-24T05:00:00+00:00,2023-03-24T08:00:00+00:00,23.585500717163086,20.69215202331543,25.793500900268555
3,AT,AKC,urban,2023-03-24T06:00:00+00:00,2023-03-24T09:00:00+00:00,25.579999923706055,14.443344116210938,23.458999633789062
3,AT,AKC,urban,2023-03-24T07:00:00+00:00,2023-03-24T10:00:00+00:00,23.809499740600586,16.387577056884766,23.9010009765625
3,AT,AKC,urban,2023-03-24T08:00:00+00:00,2023-03-24T11:00:00+00:00,21.48150062561035,15.300399780273438,23.585500717163086
3,AT,AKC,urban,2023-03-24T09:00:00+00:00,2023-03-24T12:00:00+00:00,19.8700008392334,15.7709379196167,25.579999923706055
3,AT,AKC,urban,2023-03-24T10:00:00+00:00,2023-03-24T13:00:00+00:00,18.91200065612793,14.678421974182129,23.809499740600586
3,AT,AKC,urban,2023-03-24T11:00:00+00:00,2023-03-24T14:00:00+00:00,17.75550079345703,14.224347114562988,21.48150062561035
3,AT,AKC,urban,2023-03-24T12:00:00+00:00,2023-03-24T15:00:00+00:00,8.201250076293945,13.30363941192627,19.8700008392334
3,AT,AKC,urban,2023-03-24T13:00:00+00:00,2023-03-24T16:00:00+00:00,3.3724489212036133,11.8160982131958,18.91200065612793
3,AT,AKC,urban,2023-03-24T14:00:00+00:00,2023-03-24T17:00:00+00:00,4.900798797607422,12.79489517211914,17.75550079345703
3,AT,AKC,urban,2023-03-24T15:00:00+00:00,2023-03-24T18:00:00+00:00,5.00540018081665,8.186899185180664,8.201250076293945
3,AT,AKC,urban,2023-03-24T16:00:00+00:00,2023-03-24T19:00:00+00:00,5.2681989669799805,5.117879867553711,3.3724489212036133
3,AT,AKC,urban,2023-03-24T17:00:00+00:00,2023-03-24T20:00:00+00:00,7.579998970031738,7.84135627746582,4.900798797607422
3,AT,AKC,urban,2023-03-24T18:00:00+00:00,2023-03-24T21:00:00+00:00,3.953350067138672,6.728913307189941,5.00540018081665
3,AT,AKC,urban,2023-03-24T19:00:00+00:00,2023-03-24T22:00:00+00:00,1.8541498184204102,6.844079971313477,5.2681989669799805
3,AT,AKC,urban,2023-03-24T20:00:00+00:00,2023-03-24T23:00:00+00:00,1.8570995330810547,10.729575157165527,7.579998970031738
3,AT,AKC,urban,2023-03-24T21:00:00+00:00,2023-03-25T00:00:00+00:00,1.3792495727539062,5.3072509765625,3.953350067138672
3,AT,AKC,urban,2023-03-24T22:00:00+00:00,2023-03-25T01:00:00+00:00,1.3959999084472656,2.878162384033203,1.8541498184204102
3,AT,AKC,urban,2023-03-24T23:00:00+00:00,2023-03-25T02:00:00+00:00,1.8525495529174805,2.6252851486206055,1.8570995330810547
3,AT,AKC,urban,2023-03-25T00:00:00+00:00,2023-03-25T03:00:00+00:00,2.512700080871582,2.2247314453125,1.3792495727539062
3,AT,AKC,urban,2023-03-25T01:00:00+00:00,2023-03-25T04:00:00+00:00,3.105849266052246,2.2441186904907227,1.3959999084472656
3,AT,AKC,urban,2023-03-25T02:00:00+00:00,2023-03-25T05:00:00+00:00,3.0821495056152344,2.614177703857422,1.8525495529174805
3,AT,AKC,urban,2023-03-25T03:00:00+00:00,2023-03-25T06:00:00+00:00,2.997049331665039,3.2147607803344727,2.512700080871582
3,AT,AKC,urban,2023-03-25T04:00:00+00:00,2023-03-25T07:00:00+00:00,2.486300468444824,3.753232002258301,3.105849266052246
3,AT,AKC,urban,2023-03-25T05:00:00+00:00,2023-03-25T08:00:00+00:00,2.794849395751953,3.7705631256103516,3.0821495056152344
3,AT,AKC,urban,2023-03-25T06:00:00+00:00,2023-03-25T09:00:00+00:00,2.635648727416992,3.6867685317993164,2.997049331665039
3,AT,AKC,urban,2023-03-25T07:00:00+00:00,2023-03-25T10:00:00+00:00,2.544198989868164,3.1065845489501953,2.486300468444824
3,AT,AKC,urban,2023-03-25T08:00:00+00:00,2023-03-25T11:00:00+00:00,2.35360050201416,3.2572574615478516,2.794849395751953
3,AT,AKC,urban,2023-03-25T09:00:00+00:00,2023-03-25T12:00:00+00:00,2.4724502563476562,3.0223007202148438,2.635648727416992
3,AT,AKC,urban,2023-03-25T10:00:00+00:00,2023-03-25T13:00:00+00:00,2.0393991470336914,2.916811943054199,2.544198989868164
3,AT,AKC,urban,2023-03-25T11:00:00+00:00,2023-03-25T14:00:00+00:00,1.8547992706298828,2.790083885192871,2.35360050201416
3,AT,AKC,urban,2023-03-25T12:00:00+00:00,2023-03-25T15:00:00+00:00,1.7592992782592773,2.954098701477051,2.4724502563476562
3,AT,AKC,urban,2023-03-25T13:00:00+00:00,2023-03-25T16:00:00+00:00,1.8351993560791016,2.588912010192871,2.0393991470336914
3,AT,AKC,urban,2023-03-25T14:00:00+00:00,2023-03-25T17:00:00+00:00,1.408050537109375,2.453850746154785,1.8547992706298828
3,AT,AKC,urban,2023-03-25T15:00:00+00:00,2023-03-25T18:00:00+00:00,2.0786495208740234,2.4760665893554688,1.7592992782592773
3,AT,AKC,urban,2023-03-25T16:00:00+00:00,2023-03-25T19:00:00+00:00,1.4932003021240234,2.8535871505737305,1.8351993560791016
3,AT,AKC,urban,2023-03-25T17:00:00+00:00,2023-03-25T20:00:00+00:00,1.2559490203857422,2.252902030944824,1.408050537109375
3,AT,AKC,urban,2023-03-25T18:00:00+00:00,2023-03-25T21:00:00+00:00,1.2908992767333984,2.6428604125976562,2.0786495208740234
3,AT,AKC,urban,2023-03-25T19:00:00+00:00,2023-03-25T22:00:00+00:00,1.4403495788574219,1.7692155838012695,1.4932003021240234
3,AT,AKC,urban,2023-03-25T20:00:00+00:00,2023-03-25T23:00:00+00:00,1.4469995498657227,1.4933080673217773,1.2559490203857422
3,AT,AKC,urban,2023-03-25T21:00:00+00:00,2023-03-26T00:00:00+00:00,1.6350488662719727,1.4160337448120117,1.2908992767333984
3,AT,AKC,urban,2023-03-25T22:00:00+00:00,2023-03-26T01:00:00+00:00,1.749399185180664,1.5489654541015625,1.4403495788574219
3,AT,AKC,urban,2023-03-25T23:00:00+00:00,2023-03-26T02:00:00+00:00,1.8934993743896484,1.5707330703735352,1.4469995498657227
3,AT,AKC,urban,2023-03-26T00:00:00+00:00,2023-03-26T03:00:00+00:00,2.1122989654541016,1.7587823867797852,1.6350488662719727
3,AT,AKC,urban,2023-03-26T01:00:00+00:00,2023-03-26T04:00:00+00:00,2.0074501037597656,1.9158897399902344,1.749399185180664
3,AT,AKC,urban,2023-03-26T02:00:00+00:00,2023-03-26T05:00:00+00:00,1.9558486938476562,2.1420536041259766,1.8934993743896484
3,AT,AKC,urban,2023-03-26T03:00:00+00:00,2023-03-26T06:00:00+00:00,2.8150501251220703,2.450167655944824,2.1122989654541016
3,AT,AKC,urban,2023-03-26T04:00:00+00:00,2023-03-26T07:00:00+00:00,2.7676496505737305,2.4931116104125977,2.0074501037597656
3,AT,AKC,urban,2023-03-26T05:00:00+00:00,2023-03-26T08:00:00+00:00,2.8964996337890625,2.513493537902832,1.9558486938476562
3,AT,AKC,urban,2023-03-26T06:00:00+00:00,2023-03-26T09:00:00+00:00,2.963250160217285,3.3441648483276367,2.8150501251220703
3,AT,AKC,urban,2023-03-26T07:00:00+00:00,2023-03-26T10:00:00+00:00,2.5662002563476562,3.355571746826172,2.7676496505737305
3,AT,AKC,urban,2023-03-26T08:00:00+00:00,2023-03-26T11:00:00+00:00,2.4431991577148438,3.4236536026000977,2.8964996337890625
3,AT,AKC,urban,2023-03-26T09:00:00+00:00,2023-03-26T12:00:00+00:00,2.0978498458862305,3.494974136352539,2.963250160217285
3,AT,AKC,urban,2023-03-26T10:00:00+00:00,2023-03-26T13:00:00+00:00,1.6205997467041016,3.1866016387939453,2.5662002563476562
3,AT,AKC,urban,2023-03-26T11:00:00+00:00,2023-03-26T14:00:00+00:00,1.9781513214111328,3.165898323059082,2.4431991577148438
3,AT,AKC,urban,2023-03-26T12:00:00+00:00,2023-03-26T15:00:00+00:00,3.117650032043457,3.0806798934936523,2.0978498458862305
3,AT,AKC,urban,2023-03-26T13:00:00+00:00,2023-03-26T16:00:00+00:00,2.4026002883911133,2.867013931274414,1.6205997467041016
3,AT,AKC,urban,2023-03-26T14:00:00+00:00,2023-03-26T17:00:00+00:00,2.0625,3.410456657409668,1.9781513214111328
3,AT,AKC,urban,2023-03-26T15:00:00+00:00,2023-03-26T18:00:00+00:00,2.4192495346069336,4.258073806762695,3.117650032043457
3,AT,AKC,urban,2023-03-26T16:00:00+00:00,2023-03-26T19:00:00+00:00,2.547849655151367,3.9537811279296875,2.4026002883911133
3,AT,AKC,urban,2023-03-26T17:00:00+00:00,2023-03-26T20:00:00+00:00,2.279250144958496,3.085111618041992,2.0625
3,AT,AKC,urban,2023-03-26T18:00:00+00:00,2023-03-26T21:00:00+00:00,2.3238000869750977,3.0724000930786133,2.4192495346069336
3,AT,AKC,urban,2023-03-26T19:00:00+00:00,2023-03-26T22:00:00+00:00,2.0968494415283203,3.0316009521484375,2.547849655151367
3,AT,AKC,urban,2023-03-26T20:00:00+00:00,2023-03-26T23:00:00+00:00,2.2216501235961914,2.6833581924438477,2.279250144958496
3,AT,AKC,urban,2023-03-26T21:00:00+00:00,2023-03-27T00:00:00+00:00,2.5717992782592773,2.504240036010742,2.3238000869750977
3,AT,AKC,urban,2023-03-26T22:00:00+00:00,2023-03-27T01:00:00+00:00,2.6971988677978516,2.2535390853881836,2.0968494415283203
3,AT,AKC,urban,2023-03-26T23:00:00+00:00,2023-03-27T02:00:00+00:00,2.697000503540039,2.431218147277832,2.2216501235961914
3,AT,AKC,urban,2023-03-27T00:00:00+00:00,2023-03-27T03:00:00+00:00,2.0950984954833984,2.9018802642822266,2.5717992782592773
3,AT,AKC,urban,2023-03-27T01:00:00+00:00,2023-03-27T04:00:00+00:00,1.8338985443115234,3.087858200073242,2.6971988677978516
3,AT,AKC,urban,2023-03-27T02:00:00+00:00,2023-03-27T05:00:00+00:00,2.0186996459960938,3.2959041595458984,2.697000503540039
3,AT,AKC,urban,2023-03-27T03:00:00+00:00,2023-03-27T06:00:00+00:00,1.8885498046875,2.823336601257324,2.0950984954833984
3,AT,AKC,urban,2023-03-27T04:00:00+00:00,2023-03-27T07:00:00+00:00,1.9383001327514648,2.612391471862793,1.8338985443115234
3,AT,AKC,urban,2023-03-27T05:00:00+00:00,2023-03-27T08:00:00+00:00,2.884099006652832,2.708186149597168,2.0186996459960938
3,AT,AKC,urban,2023-03-27T06:00:00+00:00,2023-03-27T09:00:00+00:00,1.9167499542236328,2.536479949951172,1.8885498046875
3,AT,AKC,urban,2023-03-27T07:00:00+00:00,2023-03-27T10:00:00+00:00,2.2394485473632812,2.568783760070801,1.9383001327514648
3,AT,AKC,urban,2023-03-27T08:00:00+00:00,2023-03-27T11:00:00+00:00,4.300099849700928,3.3812055587768555,2.884099006652832
3,AT,AKC,urban,2023-03-27T09:00:00+00:00,2023-03-27T12:00:00+00:00,4.617349147796631,2.388127326965332,1.9167499542236328
3,AT,AKC,urban,2023-03-27T10:00:00+00:00,2023-03-27T13:00:00+00:00,4.105350017547607,2.642030715942383,2.2394485473632812
3,AT,AKC,urban,2023-03-27T11:00:00+00:00,2023-03-27T14:00:00+00:00,3.521299362182617,4.589020729064941,4.300099849700928
3,AT,AKC,urban,2023-03-27T12:00:00+00:00,2023-03-27T15:00:00+00:00,3.532350540161133,5.104607582092285,4.617349147796631
3,AT,AKC,urban,2023-03-27T13:00:00+00:00,2023-03-27T16:00:00+00:00,3.705899238586426,4.616739273071289,4.105350017547607
3,AT,AKC,urban,2023-03-27T14:00:00+00:00,2023-03-27T17:00:00+00:00,3.9292993545532227,3.992938995361328,3.521299362182617
3,AT,AKC,urban,2023-03-27T15:00:00+00:00,2023-03-27T18:00:00+00:00,3.6529998779296875,3.970492362976074,3.532350540161133
3,AT,AKC,urban,2023-03-27T16:00:00+00:00,2023-03-27T19:00:00+00:00,3.7660484313964844,4.182006359100342,3.705899238586426
3,AT,AKC,urban,2023-03-27T17:00:00+00:00,2023-03-27T20:00:00+00:00,3.221050262451172,4.3852739334106445,3.9292993545532227
3,AT,AKC,urban,2023-03-27T18:00:00+00:00,2023-03-27T21:00:00+00:00,3.2525997161865234,3.9947242736816406,3.6529998779296875
3,AT,AKC,urban,2023-03-27T19:00:00+00:00,2023-03-27T22:00:00+00:00,2.794950485229492,3.981991767883301,3.7660484313964844
3,AT,AKC,urban,2023-03-27T20:00:00+00:00,2023-03-27T23:00:00+00:00,2.553500175476074,3.3832578659057617,3.221050262451172
3,AT,AKC,urban,2023-03-27T21:00:00+00:00,2023-03-28T00:00:00+00:00,3.7644004821777344,3.419475555419922,3.2525997161865234
3,AT,AKC,urban,2023-03-27T22:00:00+00:00,2023-03-28T01:00:00+00:00,3.415499687194824,3.0333662033081055,2.794950485229492
3,AT,AKC,urban,2023-03-27T23:00:00+00:00,2023-03-28T02:00:00+00:00,3.2574005126953125,2.8989973068237305,2.553500175476074
3,AT,AKC,urban,2023-03-28T00:00:00+00:00,2023-03-28T03:00:00+00:00,2.814899444580078,4.215590476989746,3.7644004821777344
3,AT,AKC,urban,2023-03-28T01:00:00+00:00,2023-03-28T04:00:00+00:00,3.262948989868164,3.9621009826660156,3.415499687194824
3,AT,AKC,urban,2023-03-28T02:00:00+00:00,2023-03-28T05:00:00+00:00,4.109048843383789,3.9528064727783203,3.2574005126953125
3,AT,AKC,urban,2023-03-28T03:00:00+00:00,2023-03-28T06:00:00+00:00,4.828299045562744,3.6219472885131836,2.814899444580078
3,AT,AKC,urban,2023-03-28T04:00:00+00:00,2023-03-28T07:00:00+00:00,4.848649024963379,3.974287986755371,3.262948989868164
3,AT,AKC,urban,2023-03-28T05:00:00+00:00,2023-03-28T08:00:00+00:00,3.8612499237060547,4.54430627822876,4.109048843383789
3,AT,AKC,urban,2023-03-28T06:00:00+00:00,2023-03-28T09:00:00+00:00,3.650350570678711,5.116170883178711,4.828299045562744
3,AT,AKC,urban,2023-03-28T07:00:00+00:00,2023-03-28T10:00:00+00:00,3.6753997802734375,5.016378402709961,4.848649024963379
3,AT,AKC,urban,2023-03-28T08:00:00+00:00,2023-03-28T11:00:00+00:00,4.149999141693115,4.065692901611328,3.8612499237060547
3,AT,AKC,urban,2023-03-28T09:00:00+00:00,2023-03-28T12:00:00+00:00,3.8206005096435547,3.8798398971557617,3.650350570678711
3,AT,AKC,urban,2023-03-28T10:00:00+00:00,2023-03-28T13:00:00+00:00,3.5126495361328125,3.9319801330566406,3.6753997802734375
3,AT,AKC,urban,2023-03-28T11:00:00+00:00,2023-03-28T14:00:00+00:00,4.545750141143799,4.359549045562744,4.149999141693115
3,AT,AKC,urban,2023-03-28T12:00:00+00:00,2023-03-28T15:00:00+00:00,4.298900127410889,4.150113105773926,3.8206005096435547
3,AT,AKC,urban,2023-03-28T13:00:00+00:00,2023-03-28T16:00:00+00:00,4.165149688720703,3.928773880004883,3.5126495361328125
3,AT,AKC,urban,2023-03-28T14:00:00+00:00,2023-03-28T17:00:00+00:00,3.675950050354004,4.984073638916016,4.545750141143799
3,AT,AKC,urban,2023-03-28T15:00:00+00:00,2023-03-28T18:00:00+00:00,3.3267993927001953,4.8701019287109375,4.298900127410889
3,AT,AKC,urban,2023-03-28T16:00:00+00:00,2023-03-28T19:00:00+00:00,3.501850128173828,4.7813401222229,4.165149688720703
3,AT,AKC,urban,2023-03-28T17:00:00+00:00,2023-03-28T20:00:00+00:00,3.552549362182617,4.4828104972839355,3.675950050354004
3,AT,AKC,urban,2023-03-28T18:00:00+00:00,2023-03-28T21:00:00+00:00,3.472498893737793,4.321390628814697,3.3267993927001953
3,AT,AKC,urban,2023-03-28T19:00:00+00:00,2023-03-28T22:00:00+00:00,4.106400489807129,4.245719909667969,3.501850128173828
3,AT,AKC,urban,2023-03-28T20:00:00+00:00,2023-03-28T23:00:00+00:00,3.671499252319336,4.115143775939941,3.552549362182617
3,AT,AKC,urban,2023-03-28T21:00:00+00:00,2023-03-29T00:00:00+00:00,3.7674503326416016,3.977243423461914,3.472498893737793
3,AT,AKC,urban,2023-03-28T22:00:00+00:00,2023-03-29T01:00:00+00:00,5.713099479675293,4.558960914611816,4.106400489807129
3,AT,AKC,urban,2023-03-28T23:00:00+00:00,2023-03-29T02:00:00+00:00,6.480599880218506,4.265733242034912,3.671499252319336
3,AT,AKC,urban,2023-03-29T00:00:00+00:00,2023-03-29T03:00:00+00:00,5.664099216461182,4.3012495040893555,3.7674503326416016
3,AT,AKC,urban,2023-03-29T01:00:00+00:00,2023-03-29T04:00:00+00:00,6.669000148773193,6.55275297164917,5.713099479675293
3,AT,AKC,urban,2023-03-29T02:00:00+00:00,2023-03-29T05:00:00+00:00,7.186399936676025,7.925112247467041,6.480599880218506
3,AT,AKC,urban,2023-03-29T03:00:00+00:00,2023-03-29T06:00:00+00:00,8.710700035095215,7.253203868865967,5.664099216461182
3,AT,AKC,urban,2023-03-29T04:00:00+00:00,2023-03-29T07:00:00+00:00,7.754549026489258,7.999309062957764,6.669000148773193
3,AT,AKC,urban,2023-03-29T05:00:00+00:00,2023-03-29T08:00:00+00:00,7.160749912261963,6.929873943328857,7.186399936676025
3,AT,AKC,urban,2023-03-29T06:00:00+00:00,2023-03-29T09:00:00+00:00,7.023348808288574,7.513142108917236,8.710700035095215
3,AT,AKC,urban,2023-03-29T07:00:00+00:00,2023-03-29T10:00:00+00:00,7.299900054931641,6.872997283935547,7.754549026489258
3,AT,AKC,urban,2023-03-29T08:00:00+00:00,2023-03-29T11:00:00+00:00,6.413449764251709,6.419424533843994,7.160749912261963
3,AT,AKC,urban,2023-03-29T09:00:00+00:00,2023-03-29T12:00:00+00:00,5.404850006103516,6.924658298492432,7.023348808288574
3,AT,AKC,urban,2023-03-29T10:00:00+00:00,2023-03-29T13:00:00+00:00,4.984950065612793,7.392118453979492,7.299900054931641
3,AT,AKC,urban,2023-03-29T11:00:00+00:00,2023-03-29T14:00:00+00:00,4.0178985595703125,6.51106071472168,6.413449764251709
3,AT,AKC,urban,2023-03-29T12:00:00+00:00,2023-03-29T15:00:00+00:00,4.4215989112854,5.912623882293701,5.404850006103516
3,AT,AKC,urban,2023-03-29T13:00:00+00:00,2023-03-29T16:00:00+00:00,4.7848005294799805,5.968273162841797,4.984950065612793
3,AT,AKC,urban,2023-03-29T14:00:00+00:00,2023-03-29T17:00:00+00:00,5.696700096130371,5.954777717590332,4.0178985595703125
3,AT,AKC,urban,2023-03-29T15:00:00+00:00,2023-03-29T18:00:00+00:00,6.858500003814697,6.735573768615723,4.4215989112854
3,AT,AKC,urban,2023-03-29T16:00:00+00:00,2023-03-29T19:00:00+00:00,7.967800140380859,6.938579559326172,4.7848005294799805
3,AT,AKC,urban,2023-03-29T17:00:00+00:00,2023-03-29T20:00:00+00:00,9.265800476074219,8.069961547851562,5.696700096130371
3,AT,AKC,urban,2023-03-29T18:00:00+00:00,2023-03-29T21:00:00+00:00,10.737000465393066,8.971729278564453,6.858500003814697
3,AT,AKC,urban,2023-03-29T19:00:00+00:00,2023-03-29T22:00:00+00:00,10.869999885559082,9.635087966918945,7.967800140380859
3,AT,AKC,urban,2023-03-29T20:00:00+00:00,2023-03-29T23:00:00+00:00,12.005499839782715,10.07425308227539,9.265800476074219
3,AT,AKC,urban,2023-03-29T21:00:00+00:00,2023-03-30T00:00:00+00:00,12.744500160217285,10.396013259887695,10.737000465393066
3,AT,AKC,urban,2023-03-29T22:00:00+00:00,2023-03-30T01:00:00+00:00,12.427000045776367,10.359289169311523,10.869999885559082
3,AT,AKC,urban,2023-03-29T23:00:00+00:00,2023-03-30T02:00:00+00:00,12.376500129699707,11.639458656311035,12.005499839782715
3,AT,AKC,urban,2023-03-30T00:00:00+00:00,2023-03-30T03:00:00+00:00,12.288999557495117,12.563199996948242,12.744500160217285
3,AT,AKC,urban,2023-03-30T01:00:00+00:00,2023-03-30T04:00:00+00:00,11.307999610900879,12.915482521057129,12.427000045776367
3,AT,AKC,urban,2023-03-30T02:00:00+00:00,2023-03-30T05:00:00+00:00,12.074000358581543,14.287811279296875,12.376500129699707
3,AT,AKC,urban,2023-03-30T03:00:00+00:00,2023-03-30T06:00:00+00:00,12.357500076293945,13.442837715148926,12.288999557495117
3,AT,AKC,urban,2023-03-30T04:00:00+00:00,2023-03-30T07:00:00+00:00,13.82699966430664,11.293572425842285,11.307999610900879
3,AT,AKC,urban,2023-03-30T05:00:00+00:00,2023-03-30T08:00:00+00:00,13.587499618530273,11.349539756774902,12.074000358581543
3,AT,AKC,urban,2023-03-30T06:00:00+00:00,2023-03-30T09:00:00+00:00,13.868000030517578,11.182071685791016,12.357500076293945
3,AT,AKC,urban,2023-03-30T07:00:00+00:00,2023-03-30T10:00:00+00:00,14.422499656677246,12.074312210083008,13.82699966430664
3,AT,AKC,urban,2023-03-30T08:00:00+00:00,2023-03-30T11:00:00+00:00,15.052499771118164,11.709705352783203,13.587499618530273
3,AT,AKC,urban,2023-03-30T09:00:00+00:00,2023-03-30T12:00:00+00:00,15.435500144958496,12.221010208129883,13.868000030517578
3,AT,AKC,urban,2023-03-30T10:00:00+00:00,2023-03-30T13:00:00+00:00,15.454999923706055,13.002279281616211,14.422499656677246
3,AT,AKC,urban,2023-03-30T11:00:00+00:00,2023-03-30T14:00:00+00:00,14.201000213623047,13.69540023803711,15.052499771118164
3,AT,AKC,urban,2023-03-30T12:00:00+00:00,2023-03-30T15:00:00+00:00,13.344499588012695,13.819408416748047,15.435500144958496
3,AT,AKC,urban,2023-03-30T13:00:00+00:00,2023-03-30T16:00:00+00:00,14.17650032043457,14.433248519897461,15.454999923706055
3,AT,AKC,urban,2023-03-30T14:00:00+00:00,2023-03-30T17:00:00+00:00,6.453049182891846,14.094133377075195,14.201000213623047
3,AT,AKC,urban,2023-03-30T15:00:00+00:00,2023-03-30T18:00:00+00:00,4.965249538421631,14.730816841125488,13.344499588012695
3,AT,AKC,urban,2023-03-30T16:00:00+00:00,2023-03-30T19:00:00+00:00,3.7407989501953125,13.416794776916504,14.17650032043457
3,AT,AKC,urban,2023-03-30T17:00:00+00:00,2023-03-30T20:00:00+00:00,4.490499019622803,6.158474922180176,6.453049182891846
3,AT,AKC,urban,2023-03-30T18:00:00+00:00,2023-03-30T21:00:00+00:00,5.146248817443848,5.4344964027404785,4.965249538421631
3,AT,AKC,urban,2023-03-30T19:00:00+00:00,2023-03-30T22:00:00+00:00,4.826000213623047,4.322932720184326,3.7407989501953125
3,AT,AKC,urban,2023-03-30T20:00:00+00:00,2023-03-30T23:00:00+00:00,3.2705001831054688,5.129909515380859,4.490499019622803
3,AT,AKC,urban,2023-03-30T21:00:00+00:00,2023-03-31T00:00:00+00:00,2.969649314880371,5.613297939300537,5.146248817443848
3,AT,AKC,urban,2023-03-30T22:00:00+00:00,2023-03-31T01:00:00+00:00,4.5694990158081055,5.170963287353516,4.826000213623047
3,AT,AKC,urban,2023-03-30T23:00:00+00:00,2023-03-31T02:00:00+00:00,5.650400161743164,3.7929563522338867,3.2705001831054688
3,AT,AKC,urban,2023-03-31T00:00:00+00:00,2023-03-31T03:00:00+00:00,6.334098815917969,3.8838815689086914,2.969649314880371
3,AT,AKC,urban,2023-03-31T01:00:00+00:00,2023-03-31T04:00:00+00:00,8.027000427246094,5.358908653259277,4.5694990158081055
3,AT,AKC,urban,2023-03-31T02:00:00+00:00,2023-03-31T05:00:00+00:00,9.967650413513184,6.40274715423584,5.650400161743164
3,AT,AKC,urban,2023-03-31T03:00:00+00:00,2023-03-31T06:00:00+00:00,10.293499946594238,7.086533546447754,6.334098815917969
3,AT,AKC,urban,2023-03-31T04:00:00+00:00,2023-03-31T07:00:00+00:00,7.587348937988281,8.312758445739746,8.027000427246094
3,AT,AKC,urban,2023-03-31T05:00:00+00:00,2023-03-31T08:00:00+00:00,8.763699531555176,8.78677749633789,9.967650413513184
3,AT,AKC,urban,2023-03-31T06:00:00+00:00,2023-03-31T09:00:00+00:00,8.025650024414062,8.217294692993164,10.293499946594238
3,AT,AKC,urban,2023-03-31T07:00:00+00:00,2023-03-31T10:00:00+00:00,8.516050338745117,6.4884138107299805,7.587348937988281
3,AT,AKC,urban,2023-03-31T08:00:00+00:00,2023-03-31T11:00:00+00:00,8.382049560546875,7.573636531829834,8.763699531555176
3,AT,AKC,urban,2023-03-31T09:00:00+00:00,2023-03-31T12:00:00+00:00,7.456549167633057,7.189999103546143,8.025650024414062
3,AT,AKC,urban,2023-03-31T10:00:00+00:00,2023-03-31T13:00:00+00:00,5.938049793243408,8.227326393127441,8.516050338745117
3,AT,AKC,urban,2023-03-31T11:00:00+00:00,2023-03-31T14:00:00+00:00,5.683350086212158,8.208843231201172,8.382049560546875
3,AT,AKC,urban,2023-03-31T12:00:00+00:00,2023-03-31T15:00:00+00:00,4.853300094604492,7.105827808380127,7.456549167633057
3,AT,AKC,urban,2023-03-31T13:00:00+00:00,2023-03-31T16:00:00+00:00,3.994198799133301,5.521790027618408,5.938049793243408
3,AT,AKC,urban,2023-03-31T14:00:00+00:00,2023-03-31T17:00:00+00:00,4.954648971557617,5.664236545562744,5.683350086212158
3,AT,AKC,urban,2023-03-31T15:00:00+00:00,2023-03-31T18:00:00+00:00,3.71614933013916,5.093497276306152,4.853300094604492
3,AT,AKC,urban,2023-03-31T16:00:00+00:00,2023-03-31T19:00:00+00:00,3.7992992401123047,4.603729248046875,3.994198799133301
3,AT,AKC,urban,2023-03-31T17:00:00+00:00,2023-03-31T20:00:00+00:00,3.4086990356445312,5.319437503814697,4.954648971557617
3,AT,AKC,urban,2023-03-31T18:00:00+00:00,2023-03-31T21:00:00+00:00,2.8681488037109375,3.997694969177246,3.71614933013916
3,AT,AKC,urban,2023-03-31T19:00:00+00:00,2023-03-31T22:00:00+00:00,2.1382503509521484,4.018603324890137,3.7992992401123047
3,AT,AKC,urban,2023-03-31T20:00:00+00:00,2023-03-31T23:00:00+00:00,1.9785480499267578,3.6648759841918945,3.4086990356445312
3,AT,AKC,urban,2023-03-31T21:00:00+00:00,2023-04-01T00:00:00+00:00,2.023900032043457,3.061216354370117,2.8681488037109375
3,AT,AKC,urban,2023-03-31T22:00:00+00:00,2023-04-01T01:00:00+00:00,1.9512004852294922,2.435405731201172,2.1382503509521484
3,AT,AKC,urban,2023-03-31T23:00:00+00:00,2023-04-01T02:00:00+00:00,2.048048973083496,2.454378128051758,1.9785480499267578
3,AT,AKC,urban,2023-04-01T00:00:00+00:00,2023-04-01T03:00:00+00:00,2.08599853515625,2.698245048522949,2.023900032043457
3,AT,AKC,urban,2023-04-01T01:00:00+00:00,2023-04-01T04:00:00+00:00,2.109250068664551,2.952822685241699,1.9512004852294922
3,AT,AKC,urban,2023-04-01T02:00:00+00:00,2023-04-01T05:00:00+00:00,2.25209903717041,3.115102767944336,2.048048973083496
3,AT,AKC,urban,2023-04-01T03:00:00+00:00,2023-04-01T06:00:00+00:00,2.1641979217529297,2.9698543548583984,2.08599853515625
3,AT,AKC,urban,2023-04-01T04:00:00+00:00,2023-04-01T07:00:00+00:00,2.498899459838867,2.8587779998779297,2.109250068664551
3,AT,AKC,urban,2023-04-01T05:00:00+00:00,2023-04-01T08:00:00+00:00,2.2971506118774414,2.941584587097168,2.25209903717041
3,AT,AKC,urban,2023-04-01T06:00:00+00:00,2023-04-01T09:00:00+00:00,2.0039005279541016,2.7004518508911133,2.1641979217529297
3,AT,AKC,urban,2023-04-01T07:00:00+00:00,2023-04-01T10:00:00+00:00,1.6861000061035156,3.0020532608032227,2.498899459838867
3,AT,AKC,urban,2023-04-01T08:00:00+00:00,2023-04-01T11:00:00+00:00,1.553849220275879,2.694338798522949,2.2971506118774414
3,AT,AKC,urban,2023-04-01T09:00:00+00:00,2023-04-01T12:00:00+00:00,1.3734502792358398,2.344470977783203,2.0039005279541016
3,AT,AKC,urban,2023-04-01T10:00:00+00:00,2023-04-01T13:00:00+00:00,1.2586002349853516,2.054654121398926,1.6861000061035156
3,AT,AKC,urban,2023-04-01T11:00:00+00:00,2023-04-01T14:00:00+00:00,1.3200998306274414,2.003997802734375,1.553849220275879
3,AT,AKC,urban,2023-04-01T12:00:00+00:00,2023-04-01T15:00:00+00:00,1.3777990341186523,1.9257144927978516,1.3734502792358398
3,AT,AKC,urban,2023-04-01T13:00:00+00:00,2023-04-01T16:00:00+00:00,1.5777997970581055,1.9173297882080078,1.2586002349853516
3,AT,AKC,urban,2023-04-01T14:00:00+00:00,2023-04-01T17:00:00+00:00,1.4570503234863281,1.9623222351074219,1.3200998306274414
3,AT,AKC,urban,2023-04-01T15:00:00+00:00,2023-04-01T18:00:00+00:00,1.6481494903564453,2.1344289779663086,1.3777990341186523
3,AT,AKC,urban,2023-04-01T16:00:00+00:00,2023-04-01T19:00:00+00:00,1.6832008361816406,2.414226531982422,1.5777997970581055
3,AT,AKC,urban,2023-04-01T17:00:00+00:00,2023-04-01T20:00:00+00:00,1.3216495513916016,2.106043815612793,1.4570503234863281
3,AT,AKC,urban,2023-04-01T18:00:00+00:00,2023-04-01T21:00:00+00:00,1.3416509628295898,1.9785375595092773,1.6481494903564453
3,AT,AKC,urban,2023-04-01T19:00:00+00:00,2023-04-01T22:00:00+00:00,1.3931493759155273,1.9214935302734375,1.6832008361816406
3,AT,AKC,urban,2023-04-01T20:00:00+00:00,2023-04-01T23:00:00+00:00,1.364548683166504,1.557821273803711,1.3216495513916016
3,AT,AKC,urban,2023-04-01T21:00:00+00:00,2023-04-02T00:00:00+00:00,1.3222503662109375,1.5515613555908203,1.3416509628295898
3,AT,AKC,urban,2023-04-01T22:00:00+00:00,2023-04-02T01:00:00+00:00,1.2317991256713867,1.6370229721069336,1.3931493759155273
3,AT,AKC,urban,2023-04-01T23:00:00+00:00,2023-04-02T02:00:00+00:00,1.3667497634887695,1.6562166213989258,1.364548683166504
3,AT,AKC,urban,2023-04-02T00:00:00+00:00,2023-04-02T03:00:00+00:00,1.268850326538086,1.627720832824707,1.3222503662109375
3,AT,AKC,urban,2023-04-02T01:00:00+00:00,2023-04-02T04:00:00+00:00,2.060800552368164,1.8319787979125977,1.2317991256713867
3,AT,AKC,urban,2023-04-02T02:00:00+00:00,2023-04-02T05:00:00+00:00,2.198549270629883,2.0120725631713867,1.3667497634887695
3,AT,AKC,urban,2023-04-02T03:00:00+00:00,2023-04-02T06:00:00+00:00,2.7646989822387695,2.002203941345215,1.268850326538086
3,AT,AKC,urban,2023-04-02T04:00:00+00:00,2023-04-02T07:00:00+00:00,2.582400321960449,2.6383962631225586,2.060800552368164
3,AT,AKC,urban,2023-04-02T05:00:00+00:00,2023-04-02T08:00:00+00:00,3.107150077819824,2.6623268127441406,2.198549270629883
3,AT,AKC,urban,2023-04-02T06:00:00+00:00,2023-04-02T09:00:00+00:00,1.9955987930297852,3.0486221313476562,2.7646989822387695
3,AT,AKC,urban,2023-04-02T07:00:00+00:00,2023-04-02T10:00:00+00:00,2.2283992767333984,2.8447389602661133,2.582400321960449
3,AT,AKC,urban,2023-04-02T08:00:00+00:00,2023-04-02T11:00:00+00:00,2.0093994140625,3.369534492492676,3.107150077819824
3,AT,AKC,urban,2023-04-02T09:00:00+00:00,2023-04-02T12:00:00+00:00,3.1917495727539062,2.3473758697509766,1.9955987930297852
3,AT,AKC,urban,2023-04-02T10:00:00+00:00,2023-04-02T13:00:00+00:00,3.6040992736816406,2.642232894897461,2.2283992767333984
3,AT,AKC,urban,2023-04-02T11:00:00+00:00,2023-04-02T14:00:00+00:00,4.514200210571289,2.399226188659668,2.0093994140625
3,AT,AKC,urban,2023-04-02T12:00:00+00:00,2023-04-02T15:00:00+00:00,4.932049751281738,3.8036670684814453,3.1917495727539062
3,AT,AKC,urban,2023-04-02T13:00:00+00:00,2023-04-02T16:00:00+00:00,7.3271989822387695,4.547654628753662,3.6040992736816406
3,AT,AKC,urban,2023-04-02T14:00:00+00:00,2023-04-02T17:00:00+00:00,6.1944990158081055,5.339924335479736,4.514200210571289
3,AT,AKC,urban,2023-04-02T15:00:00+00:00,2023-04-02T18:00:00+00:00,5.0263991355896,5.647268772125244,4.932049751281738
3,AT,AKC,urban,2023-04-02T16:00:00+00:00,2023-04-02T19:00:00+00:00,5.458398818969727,7.890471935272217,7.3271989822387695
3,AT,AKC,urban,2023-04-02T17:00:00+00:00,2023-04-02T20:00:00+00:00,4.895150184631348,6.591381072998047,6.1944990158081055
3,AT,AKC,urban,2023-04-02T18:00:00+00:00,2023-04-02T21:00:00+00:00,5.018749713897705,5.2487311363220215,5.0263991355896
3,AT,AKC,urban,2023-04-02T19:00:00+00:00,2023-04-02T22:00:00+00:00,4.848400115966797,5.470398902893066,5.458398818969727
3,AT,AKC,urban,2023-04-02T20:00:00+00:00,2023-04-02T23:00:00+00:00,5.215950012207031,5.0309014320373535,4.895150184631348
3,AT,AKC,urban,2023-04-02T21:00:00+00:00,2023-04-03T00:00:00+00:00,4.656048774719238,5.099660873413086,5.018749713897705
3,AT,AKC,urban,2023-04-02T22:00:00+00:00,2023-04-03T01:00:00+00:00,4.576398849487305,5.099997520446777,4.848400115966797
3,AT,AKC,urban,2023-04-02T23:00:00+00:00,2023-04-03T02:00:00+00:00,4.812250137329102,5.480001449584961,5.215950012207031
3,AT,AKC,urban,2023-04-03T00:00:00+00:00,2023-04-03T03:00:00+00:00,4.625400543212891,5.01539421081543,4.656048774719238
3,AT,AKC,urban,2023-04-03T01:00:00+00:00,2023-04-03T04:00:00+00:00,4.8642988204956055,5.095088005065918,4.576398849487305
3,AT,AKC,urban,2023-04-03T02:00:00+00:00,2023-04-03T05:00:00+00:00,5.095950126647949,5.368800163269043,4.812250137329102
3,AT,AKC,urban,2023-04-03T03:00:00+00:00,2023-04-03T06:00:00+00:00,5.425498962402344,5.311239719390869,4.625400543212891
3,AT,AKC,urban,2023-04-03T04:00:00+00:00,2023-04-03T07:00:00+00:00,5.7745490074157715,5.428341865539551,4.8642988204956055
3,AT,AKC,urban,2023-04-03T05:00:00+00:00,2023-04-03T08:00:00+00:00,6.668148994445801,5.4528489112854,5.095950126647949
3,AT,AKC,urban,2023-04-03T06:00:00+00:00,2023-04-03T09:00:00+00:00,6.268098831176758,5.623781681060791,5.425498962402344
3,AT,AKC,urban,2023-04-03T07:00:00+00:00,2023-04-03T10:00:00+00:00,6.123498916625977,5.790202617645264,5.7745490074157715
3,AT,AKC,urban,2023-04-03T08:00:00+00:00,2023-04-03T11:00:00+00:00,5.9869489669799805,6.332010269165039,6.668148994445801
3,AT,AKC,urban,2023-04-03T09:00:00+00:00,2023-04-03T12:00:00+00:00,6.273449420928955,6.000339984893799,6.268098831176758
3,AT,AKC,urban,2023-04-03T10:00:00+00:00,2023-04-03T13:00:00+00:00,6.043498992919922,5.976383686065674,6.123498916625977
3,AT,AKC,urban,2023-04-03T11:00:00+00:00,2023-04-03T14:00:00+00:00,5.616848945617676,5.96480131149292,5.9869489669799805
3,AT,AKC,urban,2023-04-03T12:00:00+00:00,2023-04-03T15:00:00+00:00,5.258150100708008,6.291501522064209,6.273449420928955
3,AT,AKC,urban,2023-04-03T13:00:00+00:00,2023-04-03T16:00:00+00:00,5.083299160003662,6.075978755950928,6.043498992919922
3,AT,AKC,urban,2023-04-03T14:00:00+00:00,2023-04-03T17:00:00+00:00,4.946450233459473,5.930594444274902,5.616848945617676
3,AT,AKC,urban,2023-04-03T15:00:00+00:00,2023-04-03T18:00:00+00:00,4.889648914337158,5.628512382507324,5.258150100708008
3,AT,AKC,urban,2023-04-03T16:00:00+00:00,2023-04-03T19:00:00+00:00,4.9519500732421875,5.493502616882324,5.083299160003662
3,AT,AKC,urban,2023-04-03T17:00:00+00:00,2023-04-03T20:00:00+00:00,5.1844000816345215,5.461004257202148,4.946450233459473
3,AT,AKC,urban,2023-04-03T18:00:00+00:00,2023-04-03T21:00:00+00:00,5.496150016784668,5.389738082885742,4.889648914337158
3,AT,AKC,urban,2023-04-03T19:00:00+00:00,2023-04-03T22:00:00+00:00,5.427549839019775,5.33007287979126,4.9519500732421875
3,AT,AKC,urban,2023-04-03T20:00:00+00:00,2023-04-03T23:00:00+00:00,5.221449375152588,5.420696258544922,5.1844000816345215
3,AT,AKC,urban,2023-04-03T21:00:00+00:00,2023-04-04T00:00:00+00:00,5.038848876953125,5.558302879333496,5.496150016784668
3,AT,AKC,urban,2023-04-03T22:00:00+00:00,2023-04-04T01:00:00+00:00,5.019700050354004,5.573470592498779,5.427549839019775
3,AT,AKC,urban,2023-04-03T23:00:00+00:00,2023-04-04T02:00:00+00:00,5.083299160003662,5.449506759643555,5.221449375152588
3,AT,AKC,urban,2023-04-04T00:00:00+00:00,2023-04-04T03:00:00+00:00,5.450250148773193,5.329426288604736,5.038848876953125
3,AT,AKC,urban,2023-04-04T01:00:00+00:00,2023-04-04T04:00:00+00:00,5.2847490310668945,5.547137260437012,5.019700050354004
3,AT,AKC,urban,2023-04-04T02:00:00+00:00,2023-04-04T05:00:00+00:00,4.729249000549316,6.002459526062012,5.083299160003662
3,AT,AKC,urban,2023-04-04T03:00:00+00:00,2023-04-04T06:00:00+00:00,4.4257001876831055,6.638346195220947,5.450250148773193
3,AT,AKC,urban,2023-04-04T04:00:00+00:00,2023-04-04T07:00:00+00:00,4.500899791717529,6.470996856689453,5.2847490310668945
3,AT,AKC,urban,2023-04-04T05:00:00+00:00,2023-04-04T08:00:00+00:00,4.941500186920166,5.540238857269287,4.729249000549316
3,AT,AKC,urban,2023-04-04T06:00:00+00:00,2023-04-04T09:00:00+00:00,4.888050079345703,4.89935302734375,4.4257001876831055
3,AT,AKC,urban,2023-04-04T07:00:00+00:00,2023-04-04T10:00:00+00:00,5.675600051879883,4.736635208129883,4.500899791717529
3,AT,AKC,urban,2023-04-04T08:00:00+00:00,2023-04-04T11:00:00+00:00,6.028500080108643,5.079337120056152,4.941500186920166
3,AT,AKC,urban,2023-04-04T09:00:00+00:00,2023-04-04T12:00:00+00:00,5.616499423980713,4.98972225189209,4.888050079345703
3,AT,AKC,urban,2023-04-04T10:00:00+00:00,2023-04-04T13:00:00+00:00,6.090950012207031,5.608558654785156,5.675600051879883
3,AT,AKC,urban,2023-04-04T11:00:00+00:00,2023-04-04T14:00:00+00:00,6.5347490310668945,5.864555835723877,6.028500080108643
3,AT,AKC,urban,2023-04-04T12:00:00+00:00,2023-04-04T15:00:00+00:00,6.5831990242004395,5.528910160064697,5.616499423980713
3,AT,AKC,urban,2023-04-04T13:00:00+00:00,2023-04-04T16:00:00+00:00,6.608500003814697,5.932453155517578,6.090950012207031
3,AT,AKC,urban,2023-04-04T14:00:00+00:00,2023-04-04T17:00:00+00:00,7.372049808502197,6.552216053009033,6.5347490310668945
3,AT,AKC,urban,2023-04-04T15:00:00+00:00,2023-04-04T18:00:00+00:00,8.25054931640625,6.747251510620117,6.5831990242004395
3,AT,AKC,urban,2023-04-04T16:00:00+00:00,2023-04-04T19:00:00+00:00,8.050000190734863,7.005909442901611,6.608500003814697
3,AT,AKC,urban,2023-04-04T17:00:00+00:00,2023-04-04T20:00:00+00:00,11.270999908447266,8.083568572998047,7.372049808502197
3,AT,AKC,urban,2023-04-04T18:00:00+00:00,2023-04-04T21:00:00+00:00,10.892000198364258,8.993526458740234,8.25054931640625
3,AT,AKC,urban,2023-04-04T19:00:00+00:00,2023-04-04T22:00:00+00:00,9.066048622131348,8.316202163696289,8.050000190734863
3,AT,AKC,urban,2023-04-04T20:00:00+00:00,2023-04-04T23:00:00+00:00,8.03184986114502,10.679876327514648,11.270999908447266
3,AT,AKC,urban,2023-04-04T21:00:00+00:00,2023-04-05T00:00:00+00:00,8.071249008178711,10.497068405151367,10.892000198364258
3,AT,AKC,urban,2023-04-04T22:00:00+00:00,2023-04-05T01:00:00+00:00,8.09434986114502,9.064809799194336,9.066048622131348
3,AT,AKC,urban,2023-04-04T23:00:00+00:00,2023-04-05T02:00:00+00:00,7.955450057983398,8.422945976257324,8.03184986114502
3,AT,AKC,urban,2023-04-05T00:00:00+00:00,2023-04-05T03:00:00+00:00,7.888998985290527,8.72846794128418,8.071249008178711
3,AT,AKC,urban,2023-04-05T01:00:00+00:00,2023-04-05T04:00:00+00:00,7.424200057983398,9.020452499389648,8.09434986114502
3,AT,AKC,urban,2023-04-05T02:00:00+00:00,2023-04-05T05:00:00+00:00,7.679450035095215,9.067298889160156,7.955450057983398
3,AT,AKC,urban,2023-04-05T03:00:00+00:00,2023-04-05T06:00:00+00:00,6.875400066375732,9.115667343139648,7.888998985290527
3,AT,AKC,urban,2023-04-05T04:00:00+00:00,2023-04-05T07:00:00+00:00,6.643098831176758,8.728168487548828,7.424200057983398
3,AT,AKC,urban,2023-04-05T05:00:00+00:00,2023-04-05T08:00:00+00:00,6.459349155426025,8.121160507202148,7.679450035095215
3,AT,AKC,urban,2023-04-05T06:00:00+00:00,2023-04-05T09:00:00+00:00,6.787599563598633,7.167397499084473,6.875400066375732
3,AT,AKC,urban,2023-04-05T07:00:00+00:00,2023-04-05T10:00:00+00:00,6.230100154876709,6.54750394821167,6.643098831176758
3,AT,AKC,urban,2023-04-05T08:00:00+00:00,2023-04-05T11:00:00+00:00,6.143949031829834,6.396934986114502,6.459349155426025
3,AT,AKC,urban,2023-04-05T09:00:00+00:00,2023-04-05T12:00:00+00:00,5.856648921966553,6.7461838722229,6.787599563598633
3,AT,AKC,urban,2023-04-05T10:00:00+00:00,2023-04-05T13:00:00+00:00,5.899649143218994,6.3582987785339355,6.230100154876709
3,AT,AKC,urban,2023-04-05T11:00:00+00:00,2023-04-05T14:00:00+00:00,5.801750183105469,6.470676898956299,6.143949031829834
3,AT,AKC,urban,2023-04-05T12:00:00+00:00,2023-04-05T15:00:00+00:00,5.692549705505371,6.13724422454834,5.856648921966553
3,AT,AKC,urban,2023-04-05T13:00:00+00:00,2023-04-05T16:00:00+00:00,5.567549228668213,6.303487777709961,5.899649143218994
3,AT,AKC,urban,2023-04-05T14:00:00+00:00,2023-04-05T17:00:00+00:00,6.317200183868408,6.441995620727539,5.801750183105469
3,AT,AKC,urban,2023-04-05T15:00:00+00:00,2023-04-05T18:00:00+00:00,6.919750213623047,6.459763526916504,5.692549705505371
3,AT,AKC,urban,2023-04-05T16:00:00+00:00,2023-04-05T19:00:00+00:00,7.648798942565918,6.325201034545898,5.567549228668213
3,AT,AKC,urban,2023-04-05T17:00:00+00:00,2023-04-05T20:00:00+00:00,7.4946489334106445,7.292408466339111,6.317200183868408
3,AT,AKC,urban,2023-04-05T18:00:00+00:00,2023-04-05T21:00:00+00:00,7.339448928833008,7.904402256011963,6.919750213623047
3,AT,AKC,urban,2023-04-05T19:00:00+00:00,2023-04-05T22:00:00+00:00,7.720448970794678,8.33691120147705,7.648798942565918
3,AT,AKC,urban,2023-04-05T20:00:00+00:00,2023-04-05T23:00:00+00:00,8.5989990234375,8.130216598510742,7.4946489334106445
3,AT,AKC,urban,2023-04-05T21:00:00+00:00,2023-04-06T00:00:00+00:00,9.461000442504883,8.043556213378906,7.339448928833008
3,AT,AKC,urban,2023-04-05T22:00:00+00:00,2023-04-06T01:00:00+00:00,10.091349601745605,8.343599319458008,7.720448970794678
3,AT,AKC,urban,2023-04-05T23:00:00+00:00,2023-04-06T02:00:00+00:00,10.279999732971191,9.449213981628418,8.5989990234375
3,AT,AKC,urban,2023-04-06T00:00:00+00:00,2023-04-06T03:00:00+00:00,10.60099983215332,10.041172981262207,9.461000442504883
3,AT,AKC,urban,2023-04-06T01:00:00+00:00,2023-04-06T04:00:00+00:00,11.647500038146973,10.995223045349121,10.091349601745605
3,AT,AKC,urban,2023-04-06T02:00:00+00:00,2023-04-06T05:00:00+00:00,12.690999984741211,11.455474853515625,10.279999732971191
3,AT,AKC,urban,2023-04-06T03:00:00+00:00,2023-04-06T06:00:00+00:00,12.682999610900879,11.586060523986816,10.60099983215332
3,AT,AKC,urban,2023-04-06T04:00:00+00:00,2023-04-06T07:00:00+00:00,11.91349983215332,11.25983715057373,11.647500038146973
3,AT,AKC,urban,2023-04-06T05:00:00+00:00,2023-04-06T08:00:00+00:00,8.944100379943848,11.4722318649292,12.690999984741211
3,AT,AKC,urban,2023-04-06T06:00:00+00:00,2023-04-06T09:00:00+00:00,9.475399017333984,11.180706024169922,12.682999610900879
3,AT,AKC,urban,2023-04-06T07:00:00+00:00,2023-04-06T10:00:00+00:00,6.666450023651123,10.322651863098145,11.91349983215332
3,AT,AKC,urban,2023-04-06T08:00:00+00:00,2023-04-06T11:00:00+00:00,7.3472490310668945,7.495115756988525,8.944100379943848
3,AT,AKC,urban,2023-04-06T09:00:00+00:00,2023-04-06T12:00:00+00:00,7.417300224304199,7.418550968170166,9.475399017333984
3,AT,AKC,urban,2023-04-06T10:00:00+00:00,2023-04-06T13:00:00+00:00,5.981749534606934,6.0566816329956055,6.666450023651123
3,AT,AKC,urban,2023-04-06T11:00:00+00:00,2023-04-06T14:00:00+00:00,6.823400020599365,6.637086868286133,7.3472490310668945
3,AT,AKC,urban,2023-04-06T12:00:00+00:00,2023-04-06T15:00:00+00:00,8.66559886932373,6.880670070648193,7.417300224304199
3,AT,AKC,urban,2023-04-06T13:00:00+00:00,2023-04-06T16:00:00+00:00,8.53709888458252,5.928134918212891,5.981749534606934
3,AT,AKC,urban,2023-04-06T14:00:00+00:00,2023-04-06T17:00:00+00:00,9.644598960876465,6.851466655731201,6.823400020599365
3,AT,AKC,urban,2023-04-06T15:00:00+00:00,2023-04-06T18:00:00+00:00,12.166000366210938,8.460335731506348,8.66559886932373
3,AT,AKC,urban,2023-04-06T16:00:00+00:00,2023-04-06T19:00:00+00:00,11.178000450134277,8.668827056884766,8.53709888458252
3,AT,AKC,urban,2023-04-06T17:00:00+00:00,2023-04-06T20:00:00+00:00,9.975098609924316,9.755352020263672,9.644598960876465
3,AT,AKC,urban,2023-04-06T18:00:00+00:00,2023-04-06T21:00:00+00:00,11.249500274658203,11.246889114379883,12.166000366210938
3,AT,AKC,urban,2023-04-06T19:00:00+00:00,2023-04-06T22:00:00+00:00,13.248499870300293,10.294474601745605,11.178000450134277
3,AT,AKC,urban,2023-04-06T20:00:00+00:00,2023-04-06T23:00:00+00:00,14.624500274658203,9.629412651062012,9.975098609924316
3,AT,AKC,urban,2023-04-06T21:00:00+00:00,2023-04-07T00:00:00+00:00,15.617500305175781,11.38408374786377,11.249500274658203
3,AT,AKC,urban,2023-04-06T22:00:00+00:00,2023-04-07T01:00:00+00:00,15.015000343322754,13.076397895812988,13.248499870300293
3,AT,AKC,urban,2023-04-06T23:00:00+00:00,2023-04-07T02:00:00+00:00,15.341500282287598,14.322905540466309,14.624500274658203
3,AT,AKC,urban,2023-04-07T00:00:00+00:00,2023-04-07T03:00:00+00:00,15.66349983215332,15.269585609436035,15.617500305175781
3,AT,AKC,urban,2023-04-07T01:00:00+00:00,2023-04-07T04:00:00+00:00,15.708000183105469,14.725089073181152,15.015000343322754
3,AT,AKC,urban,2023-04-07T02:00:00+00:00,2023-04-07T05:00:00+00:00,16.148000717163086,15.257455825805664,15.341500282287598
3,AT,AKC,urban,2023-04-07T03:00:00+00:00,2023-04-07T06:00:00+00:00,15.633000373840332,15.326403617858887,15.66349983215332
3,AT,AKC,urban,2023-04-07T04:00:00+00:00,2023-04-07T07:00:00+00:00,15.868000030517578,14.828048706054688,15.708000183105469
3,AT,AKC,urban,2023-04-07T05:00:00+00:00,2023-04-07T08:00:00+00:00,16.359500885009766,14.473519325256348,16.148000717163086
3,AT,AKC,urban,2023-04-07T06:00:00+00:00,2023-04-07T09:00:00+00:00,16.31450080871582,13.798073768615723,15.633000373840332
3,AT,AKC,urban,2023-04-07T07:00:00+00:00,2023-04-07T10:00:00+00:00,16.322999954223633,13.810247421264648,15.868000030517578
3,AT,AKC,urban,2023-04-07T08:00:00+00:00,2023-04-07T11:00:00+00:00,16.413000106811523,14.111567497253418,16.359500885009766
3,AT,AKC,urban,2023-04-07T09:00:00+00:00,2023-04-07T12:00:00+00:00,14.490500450134277,13.649068832397461,16.31450080871582
3,AT,AKC,urban,2023-04-07T10:00:00+00:00,2023-04-07T13:00:00+00:00,15.996000289916992,14.020079612731934,16.322999954223633
3,AT,AKC,urban,2023-04-07T11:00:00+00:00,2023-04-07T14:00:00+00:00,16.318500518798828,13.97509479522705,16.413000106811523
3,AT,AKC,urban,2023-04-07T12:00:00+00:00,2023-04-07T15:00:00+00:00,14.144499778747559,11.985898971557617,14.490500450134277
3,AT,AKC,urban,2023-04-07T13:00:00+00:00,2023-04-07T16:00:00+00:00,15.526000022888184,14.18203353881836,15.996000289916992
3,AT,AKC,urban,2023-04-07T14:00:00+00:00,2023-04-07T17:00:00+00:00,15.666999816894531,15.185059547424316,16.318500518798828
3,AT,AKC,urban,2023-04-07T15:00:00+00:00,2023-04-07T18:00:00+00:00,15.074999809265137,15.078695297241211,14.144499778747559
3,AT,AKC,urban,2023-04-07T16:00:00+00:00,2023-04-07T19:00:00+00:00,16.87299919128418,16.962629318237305,15.526000022888184
3,AT,AKC,urban,2023-04-07T17:00:00+00:00,2023-04-07T20:00:00+00:00,20.252500534057617,17.032779693603516,15.666999816894531
3,AT,AKC,urban,2023-04-07T18:00:00+00:00,2023-04-07T21:00:00+00:00,20.394500732421875,16.344038009643555,15.074999809265137
3,AT,AKC,urban,2023-04-07T19:00:00+00:00,2023-04-07T22:00:00+00:00,24.816999435424805,18.006166458129883,16.87299919128418
3,AT,AKC,urban,2023-04-07T20:00:00+00:00,2023-04-07T23:00:00+00:00,26.878999710083008,20.55044174194336,20.252500534057617
3,AT,AKC,urban,2023-04-07T21:00:00+00:00,2023-04-08T00:00:00+00:00,12.815950393676758,19.753318786621094,20.394500732421875
3,AT,AKC,urban,2023-04-07T22:00:00+00:00,2023-04-08T01:00:00+00:00,5.940000057220459,23.236228942871094,24.816999435424805
3,AT,AKC,urban,2023-04-07T23:00:00+00:00,2023-04-08T02:00:00+00:00,4.304849624633789,23.95342254638672,26.878999710083008
3,AT,AKC,urban,2023-04-08T00:00:00+00:00,2023-04-08T03:00:00+00:00,3.357349395751953,11.863114356994629,12.815950393676758
3,AT,AKC,urban,2023-04-08T01:00:00+00:00,2023-04-08T04:00:00+00:00,3.677849769592285,8.021527290344238,5.940000057220459
3,AT,AKC,urban,2023-04-08T02:00:00+00:00,2023-04-08T05:00:00+00:00,4.555198669433594,6.592735767364502,4.304849624633789
3,AT,AKC,urban,2023-04-08T03:00:00+00:00,2023-04-08T06:00:00+00:00,4.070199012756348,5.094239711761475,3.357349395751953
3,AT,AKC,urban,2023-04-08T04:00:00+00:00,2023-04-08T07:00:00+00:00,4.873950004577637,5.08476448059082,3.677849769592285
3,AT,AKC,urban,2023-04-08T05:00:00+00:00,2023-04-08T08:00:00+00:00,7.180200099945068,5.745248794555664,4.555198669433594
3,AT,AKC,urban,2023-04-08T06:00:00+00:00,2023-04-08T09:00:00+00:00,8.34329891204834,5.253645896911621,4.070199012756348
3,AT,AKC,urban,2023-04-08T07:00:00+00:00,2023-04-08T10:00:00+00:00,9.281200408935547,5.9298906326293945,4.873950004577637
3,AT,AKC,urban,2023-04-08T08:00:00+00:00,2023-04-08T11:00:00+00:00,10.989999771118164,7.903559684753418,7.180200099945068
3,AT,AKC,urban,2023-04-08T09:00:00+00:00,2023-04-08T12:00:00+00:00,11.013500213623047,8.882695198059082,8.34329891204834
3,AT,AKC,urban,2023-04-08T10:00:00+00:00,2023-04-08T13:00:00+00:00,9.405200004577637,9.738412857055664,9.281200408935547
3,AT,AKC,urban,2023-04-08T11:00:00+00:00,2023-04-08T14:00:00+00:00,7.841650009155273,11.658185005187988,10.989999771118164
3,AT,AKC,urban,2023-04-08T12:00:00+00:00,2023-04-08T15:00:00+00:00,7.9168500900268555,11.850943565368652,11.013500213623047
3,AT,AKC,urban,2023-04-08T13:00:00+00:00,2023-04-08T16:00:00+00:00,8.095048904418945,11.347808837890625,9.405200004577637
3,AT,AKC,urban,2023-04-08T14:00:00+00:00,2023-04-08T17:00:00+00:00,8.834248542785645,10.234199523925781,7.841650009155273
3,AT,AKC,urban,2023-04-08T15:00:00+00:00,2023-04-08T18:00:00+00:00,9.731049537658691,10.356893539428711,7.9168500900268555
3,AT,AKC,urban,2023-04-08T16:00:00+00:00,2023-04-08T19:00:00+00:00,11.299500465393066,10.4176607131958,8.095048904418945
3,AT,AKC,urban,2023-04-08T17:00:00+00:00,2023-04-08T20:00:00+00:00,12.310999870300293,10.971814155578613,8.834248542785645
3,AT,AKC,urban,2023-04-08T18:00:00+00:00,2023-04-08T21:00:00+00:00,12.994999885559082,11.899921417236328,9.731049537658691
3,AT,AKC,urban,2023-04-08T19:00:00+00:00,2023-04-08T22:00:00+00:00,13.35949993133545,13.301077842712402,11.299500465393066
3,AT,AKC,urban,2023-04-08T20:00:00+00:00,2023-04-08T23:00:00+00:00,13.958499908447266,13.742274284362793,12.310999870300293
3,AT,AKC,urban,2023-04-08T21:00:00+00:00,2023-04-09T00:00:00+00:00,13.284500122070312,13.70646858215332,12.994999885559082
3,AT,AKC,urban,2023-04-08T22:00:00+00:00,2023-04-09T01:00:00+00:00,10.903499603271484,13.301156997680664,13.35949993133545
3,AT,AKC,urban,2023-04-08T23:00:00+00:00,2023-04-09T02:00:00+00:00,10.797499656677246,13.369544982910156,13.958499908447266
3,AT,AKC,urban,2023-04-09T00:00:00+00:00,2023-04-09T03:00:00+00:00,12.336000442504883,12.897862434387207,13.284500122070312
3,AT,AKC,urban,2023-04-09T01:00:00+00:00,2023-04-09T04:00:00+00:00,12.805000305175781,11.214314460754395,10.903499603271484
3,AT,AKC,urban,2023-04-09T02:00:00+00:00,2023-04-09T05:00:00+00:00,14.450499534606934,12.189918518066406,10.797499656677246
3,AT,AKC,urban,2023-04-09T03:00:00+00:00,2023-04-09T06:00:00+00:00,16.381500244140625,14.149554252624512,12.336000442504883
3,AT,AKC,urban,2023-04-09T04:00:00+00:00,2023-04-09T07:00:00+00:00,17.351499557495117,14.645679473876953,12.805000305175781
3,AT,AKC,urban,2023-04-09T05:00:00+00:00,2023-04-09T08:00:00+00:00,18.29400062561035,15.841365814208984,14.450499534606934
3,AT,AKC,urban,2023-04-09T06:00:00+00:00,2023-04-09T09:00:00+00:00,14.017499923706055,16.486438751220703,16.381500244140625
3,AT,AKC,urban,2023-04-09T07:00:00+00:00,2023-04-09T10:00:00+00:00,15.73900032043457,15.604232788085938,17.351499557495117
3,AT,AKC,urban,2023-04-09T08:00:00+00:00,2023-04-09T11:00:00+00:00,16.34000015258789,15.833938598632812,18.29400062561035
3,AT,AKC,urban,2023-04-09T09:00:00+00:00,2023-04-09T12:00:00+00:00,15.344499588012695,11.82498550415039,14.017499923706055
3,AT,AKC,urban,2023-04-09T10:00:00+00:00,2023-04-09T13:00:00+00:00,16.145000457763672,14.220526695251465,15.73900032043457
3,AT,AKC,urban,2023-04-09T11:00:00+00:00,2023-04-09T14:00:00+00:00,16.41950035095215,15.28637981414795,16.34000015258789
3,AT,AKC,urban,2023-04-09T12:00:00+00:00,2023-04-09T15:00:00+00:00,14.737500190734863,14.96414852142334,15.344499588012695
3,AT,AKC,urban,2023-04-09T13:00:00+00:00,2023-04-09T16:00:00+00:00,12.373000144958496,16.354564666748047,16.145000457763672
3,AT,AKC,urban,2023-04-09T14:00:00+00:00,2023-04-09T17:00:00+00:00,13.358499526977539,17.735488891601562,16.41950035095215
3,AT,AKC,urban,2023-04-09T15:00:00+00:00,2023-04-09T18:00:00+00:00,12.118499755859375,16.266416549682617,14.737500190734863
3,AT,AKC,urban,2023-04-09T16:00:00+00:00,2023-04-09T19:00:00+00:00,12.406499862670898,14.305949211120605,12.373000144958496
3,AT,AKC,urban,2023-04-09T17:00:00+00:00,2023-04-09T20:00:00+00:00,13.537500381469727,15.442511558532715,13.358499526977539
3,AT,AKC,urban,2023-04-09T18:00:00+00:00,2023-04-09T21:00:00+00:00,12.836000442504883,14.006937026977539,12.118499755859375
3,AT,AKC,urban,2023-04-09T19:00:00+00:00,2023-04-09T22:00:00+00:00,13.111499786376953,14.14310359954834,12.406499862670898
3,AT,AKC,urban,2023-04-09T20:00:00+00:00,2023-04-09T23:00:00+00:00,13.052000045776367,14.922969818115234,13.537500381469727
3,AT,AKC,urban,2023-04-09T21:00:00+00:00,2023-04-10T00:00:00+00:00,12.26449966430664,13.65165901184082,12.836000442504883
3,AT,AKC,urban,2023-04-09T22:00:00+00:00,2023-04-10T01:00:00+00:00,11.685999870300293,14.181493759155273,13.111499786376953
3,AT,AKC,urban,2023-04-09T23:00:00+00:00,2023-04-10T02:00:00+00:00,11.38949966430664,14.17302417755127,13.052000045776367
3,AT,AKC,urban,2023-04-10T00:00:00+00:00,2023-04-10T03:00:00+00:00,11.369500160217285,13.416584968566895,12.26449966430664
3,AT,AKC,urban,2023-04-10T01:00:00+00:00,2023-04-10T04:00:00+00:00,10.894499778747559,13.197731018066406,11.685999870300293
3,AT,AKC,urban,2023-04-10T02:00:00+00:00,2023-04-10T05:00:00+00:00,11.10949993133545,13.06674575805664,11.38949966430664
3,AT,AKC,urban,2023-04-10T03:00:00+00:00,2023-04-10T06:00:00+00:00,13.267999649047852,12.919429779052734,11.369500160217285
3,AT,AKC,urban,2023-04-10T04:00:00+00:00,2023-04-10T07:00:00+00:00,14.508000373840332,12.353713989257812,10.894499778747559
3,AT,AKC,urban,2023-04-10T05:00:00+00:00,2023-04-10T08:00:00+00:00,16.743000030517578,11.993705749511719,11.10949993133545
3,AT,AKC,urban,2023-04-10T06:00:00+00:00,2023-04-10T09:00:00+00:00,18.598499298095703,13.072741508483887,13.267999649047852
3,AT,AKC,urban,2023-04-10T07:00:00+00:00,2023-04-10T10:00:00+00:00,18.465999603271484,13.61038875579834,14.508000373840332
3,AT,AKC,urban,2023-04-10T08:00:00+00:00,2023-04-10T11:00:00+00:00,18.632999420166016,14.746646881103516,16.743000030517578
3,AT,AKC,urban,2023-04-10T09:00:00+00:00,2023-04-10T12:00:00+00:00,18.077999114990234,14.829054832458496,18.598499298095703
3,AT,AKC,urban,2023-04-10T10:00:00+00:00,2023-04-10T13:00:00+00:00,17.44099998474121,15.628514289855957,18.465999603271484
3,AT,AKC,urban,2023-04-10T11:00:00+00:00,2023-04-10T14:00:00+00:00,16.596500396728516,17.06202507019043,18.632999420166016
3,AT,AKC,urban,2023-04-10T12:00:00+00:00,2023-04-10T15:00:00+00:00,15.024499893188477,16.649368286132812,18.077999114990234
3,AT,AKC,urban,2023-04-10T13:00:00+00:00,2023-04-10T16:00:00+00:00,15.902000427246094,16.487545013427734,17.44099998474121
3,AT,AKC,urban,2023-04-10T14:00:00+00:00,2023-04-10T17:00:00+00:00,16.659000396728516,16.523048400878906,16.596500396728516
3,AT,AKC,urban,2023-04-10T15:00:00+00:00,2023-04-10T18:00:00+00:00,18.89550018310547,16.126075744628906,15.024499893188477
3,AT,AKC,urban,2023-04-10T16:00:00+00:00,2023-04-10T19:00:00+00:00,19.664499282836914,17.477954864501953,15.902000427246094
3,AT,AKC,urban,2023-04-10T17:00:00+00:00,2023-04-10T20:00:00+00:00,18.496000289916992,18.13983917236328,16.659000396728516
3,AT,AKC,urban,2023-04-10T18:00:00+00:00,2023-04-10T21:00:00+00:00,17.773000717163086,20.069812774658203,18.89550018310547
3,AT,AKC,urban,2023-04-10T19:00:00+00:00,2023-04-10T22:00:00+00:00,16.175500869750977,19.89242172241211,19.664499282836914
3,AT,AKC,urban,2023-04-10T20:00:00+00:00,2023-04-10T23:00:00+00:00,16.854999542236328,18.63253402709961,18.496000289916992
3,AT,AKC,urban,2023-04-10T21:00:00+00:00,2023-04-11T00:00:00+00:00,17.13450050354004,17.965139389038086,17.773000717163086
3,AT,AKC,urban,2023-04-10T22:00:00+00:00,2023-04-11T01:00:00+00:00,17.912500381469727,16.006851196289062,16.175500869750977
3,AT,AKC,urban,2023-04-10T23:00:00+00:00,2023-04-11T02:00:00+00:00,17.31450080871582,17.047855377197266,16.854999542236328
3,AT,AKC,urban,2023-04-11T00:00:00+00:00,2023-04-11T03:00:00+00:00,19.399499893188477,18.37618637084961,17.13450050354004
3,AT,AKC,urban,2023-04-11T01:00:00+00:00,2023-04-11T04:00:00+00:00,19.855499267578125,20.103965759277344,17.912500381469727
3,AT,AKC,urban,2023-04-11T02:00:00+00:00,2023-04-11T05:00:00+00:00,24.096500396728516,18.960670471191406,17.31450080871582
3,AT,AKC,urban,2023-04-11T03:00:00+00:00,2023-04-11T06:00:00+00:00,27.084999084472656,21.97174072265625,19.399499893188477
3,AT,AKC,urban,2023-04-11T04:00:00+00:00,2023-04-11T07:00:00+00:00,27.944000244140625,20.683271408081055,19.855499267578125
3,AT,AKC,urban,2023-04-11T05:00:00+00:00,2023-04-11T08:00:00+00:00,27.7810001373291,22.817245483398438,24.096500396728516
3,AT,AKC,urban,2023-04-11T06:00:00+00:00,2023-04-11T09:00:00+00:00,22.10300064086914,22.664470672607422,27.084999084472656
3,AT,AKC,urban,2023-04-11T07:00:00+00:00,2023-04-11T10:00:00+00:00,12.91784954071045,21.13251304626465,27.944000244140625
3,AT,AKC,urban,2023-04-11T08:00:00+00:00,2023-04-11T11:00:00+00:00,23.483999252319336,18.170368194580078,27.7810001373291
3,AT,AKC,urban,2023-04-11T09:00:00+00:00,2023-04-11T12:00:00+00:00,9.938750267028809,11.945308685302734,22.10300064086914
3,AT,AKC,urban,2023-04-11T10:00:00+00:00,2023-04-11T13:00:00+00:00,3.886399269104004,9.84746265411377,12.91784954071045
3,AT,AKC,urban,2023-04-11T11:00:00+00:00,2023-04-11T14:00:00+00:00,3.492098808288574,17.063072204589844,23.483999252319336
3,AT,AKC,urban,2023-04-11T12:00:00+00:00,2023-04-11T15:00:00+00:00,3.6234989166259766,8.069807052612305,9.938750267028809
3,AT,AKC,urban,2023-04-11T13:00:00+00:00,2023-04-11T16:00:00+00:00,2.489999771118164,5.038019180297852,3.886399269104004
3,AT,AKC,urban,2023-04-11T14:00:00+00:00,2023-04-11T17:00:00+00:00,2.318150520324707,4.099535942077637,3.492098808288574
3,AT,AKC,urban,2023-04-11T15:00:00+00:00,2023-04-11T18:00:00+00:00,2.3458995819091797,4.438323020935059,3.6234989166259766
3,AT,AKC,urban,2023-04-11T16:00:00+00:00,2023-04-11T19:00:00+00:00,2.2466001510620117,3.351919174194336,2.489999771118164
3,AT,AKC,urban,2023-04-11T17:00:00+00:00,2023-04-11T20:00:00+00:00,2.034849166870117,3.2624740600585938,2.318150520324707
3,AT,AKC,urban,2023-04-11T18:00:00+00:00,2023-04-11T21:00:00+00:00,2.09844970703125,3.226363182067871,2.3458995819091797
3,AT,AKC,urban,2023-04-11T19:00:00+00:00,2023-04-11T22:00:00+00:00,2.3614492416381836,3.146627426147461,2.2466001510620117
3,AT,AKC,urban,2023-04-11T20:00:00+00:00,2023-04-11T23:00:00+00:00,3.062000274658203,2.9150867462158203,2.034849166870117
3,AT,AKC,urban,2023-04-11T21:00:00+00:00,2023-04-12T00:00:00+00:00,3.3204994201660156,3.0224390029907227,2.09844970703125
3,AT,AKC,urban,2023-04-11T22:00:00+00:00,2023-04-12T01:00:00+00:00,3.292949676513672,3.4781856536865234,2.3614492416381836
3,AT,AKC,urban,2023-04-11T23:00:00+00:00,2023-04-12T02:00:00+00:00,3.8299989700317383,3.922919273376465,3.062000274658203
3,AT,AKC,urban,2023-04-12T00:00:00+00:00,2023-04-12T03:00:00+00:00,4.74685001373291,4.217040061950684,3.3204994201660156
3,AT,AKC,urban,2023-04-12T01:00:00+00:00,2023-04-12T04:00:00+00:00,4.019148826599121,4.248776912689209,3.292949676513672
3,AT,AKC,urban,2023-04-12T02:00:00+00:00,2023-04-12T05:00:00+00:00,4.867898941040039,4.99075984954834,3.8299989700317383
3,AT,AKC,urban,2023-04-12T03:00:00+00:00,2023-04-12T06:00:00+00:00,3.7748985290527344,5.796948432922363,4.74685001373291
3,AT,AKC,urban,2023-04-12T04:00:00+00:00,2023-04-12T07:00:00+00:00,5.104299545288086,5.358544826507568,4.019148826599121
3,AT,AKC,urban,2023-04-12T05:00:00+00:00,2023-04-12T08:00:00+00:00,5.741700172424316,5.515491008758545,4.867898941040039
3,AT,AKC,urban,2023-04-12T06:00:00+00:00,2023-04-12T09:00:00+00:00,6.295100212097168,4.216358184814453,3.7748985290527344
3,AT,AKC,urban,2023-04-12T07:00:00+00:00,2023-04-12T10:00:00+00:00,8.961000442504883,5.360950946807861,5.104299545288086
3,AT,AKC,urban,2023-04-12T08:00:00+00:00,2023-04-12T11:00:00+00:00,10.66504955291748,5.707939147949219,5.741700172424316
3,AT,AKC,urban,2023-04-12T09:00:00+00:00,2023-04-12T12:00:00+00:00,5.392548561096191,6.139904975891113,6.295100212097168
3,AT,AKC,urban,2023-04-12T10:00:00+00:00,2023-04-12T13:00:00+00:00,8.024048805236816,7.190093994140625,8.961000442504883
3,AT,AKC,urban,2023-04-12T11:00:00+00:00,2023-04-12T14:00:00+00:00,6.90625,7.547410011291504,10.66504955291748
3,AT,AKC,urban,2023-04-12T12:00:00+00:00,2023-04-12T15:00:00+00:00,5.451748847961426,5.939441204071045,5.392548561096191
3,AT,AKC,urban,2023-04-12T13:00:00+00:00,2023-04-12T16:00:00+00:00,4.9250006675720215,7.338025093078613,8.024048805236816
3,AT,AKC,urban,2023-04-12T14:00:00+00:00,2023-04-12T17:00:00+00:00,4.710148811340332,6.91090726852417,6.90625
3,AT,AKC,urban,2023-04-12T15:00:00+00:00,2023-04-12T18:00:00+00:00,6.5744500160217285,5.891213893890381,5.451748847961426
3,AT,AKC,urban,2023-04-12T16:00:00+00:00,2023-04-12T19:00:00+00:00,7.136899471282959,5.609163761138916,4.9250006675720215
3,AT,AKC,urban,2023-04-12T17:00:00+00:00,2023-04-12T20:00:00+00:00,9.781949043273926,5.323897361755371,4.710148811340332
3,AT,AKC,urban,2023-04-12T18:00:00+00:00,2023-04-12T21:00:00+00:00,9.919898986816406,6.6653828620910645,6.5744500160217285
3,AT,AKC,urban,2023-04-12T19:00:00+00:00,2023-04-12T22:00:00+00:00,10.8725004196167,6.688375949859619,7.136899471282959
3,AT,AKC,urban,2023-04-12T20:00:00+00:00,2023-04-12T23:00:00+00:00,10.138099670410156,9.05385971069336,9.781949043273926
3,AT,AKC,urban,2023-04-12T21:00:00+00:00,2023-04-13T00:00:00+00:00,10.165949821472168,8.687723159790039,9.919898986816406
3,AT,AKC,urban,2023-04-12T22:00:00+00:00,2023-04-13T01:00:00+00:00,8.717048645019531,10.110289573669434,10.8725004196167
3,AT,AKC,urban,2023-04-12T23:00:00+00:00,2023-04-13T02:00:00+00:00,5.271698951721191,9.742887496948242,10.138099670410156
3,AT,AKC,urban,2023-04-13T00:00:00+00:00,2023-04-13T03:00:00+00:00,8.322500228881836,9.864455223083496,10.165949821472168
3,AT,AKC,urban,2023-04-13T01:00:00+00:00,2023-04-13T04:00:00+00:00,6.110750198364258,9.274279594421387,8.717048645019531
3,AT,AKC,urban,2023-04-13T02:00:00+00:00,2023-04-13T05:00:00+00:00,2.964448928833008,6.436554908752441,5.271698951721191
3,AT,AKC,urban,2023-04-13T03:00:00+00:00,2023-04-13T06:00:00+00:00,3.132049560546875,9.8921480178833,8.322500228881836
3,AT,AKC,urban,2023-04-13T04:00:00+00:00,2023-04-13T07:00:00+00:00,2.5815000534057617,6.842367649078369,6.110750198364258
3,AT,AKC,urban,2023-04-13T05:00:00+00:00,2023-04-13T08:00:00+00:00,2.808650016784668,3.986802101135254,2.964448928833008
3,AT,AKC,urban,2023-04-13T06:00:00+00:00,2023-04-13T09:00:00+00:00,2.125598907470703,4.295532703399658,3.132049560546875
3,AT,AKC,urban,2023-04-13T07:00:00+00:00,2023-04-13T10:00:00+00:00,2.0672988891601562,3.7919578552246094,2.5815000534057617
3,AT,AKC,urban,2023-04-13T08:00:00+00:00,2023-04-13T11:00:00+00:00,2.509099006652832,3.9701452255249023,2.808650016784668
3,AT,AKC,urban,2023-04-13T09:00:00+00:00,2023-04-13T12:00:00+00:00,2.22659969329834,3.211029052734375,2.125598907470703
3,AT,AKC,urban,2023-04-13T10:00:00+00:00,2023-04-13T13:00:00+00:00,1.893549919128418,2.8820276260375977,2.0672988891601562
3,AT,AKC,urban,2023-04-13T11:00:00+00:00,2023-04-13T14:00:00+00:00,2.2297000885009766,3.3714447021484375,2.509099006652832
3,AT,AKC,urban,2023-04-13T12:00:00+00:00,2023-04-13T15:00:00+00:00,2.246448516845703,3.1872482299804688,2.22659969329834
3,AT,AKC,urban,2023-04-13T13:00:00+00:00,2023-04-13T16:00:00+00:00,2.537050247192383,3.0512304306030273,1.893549919128418
3,AT,AKC,urban,2023-04-13T14:00:00+00:00,2023-04-13T17:00:00+00:00,3.0661497116088867,3.5008544921875,2.2297000885009766
3,AT,AKC,urban,2023-04-13T15:00:00+00:00,2023-04-13T18:00:00+00:00,3.1548500061035156,3.6787681579589844,2.246448516845703
3,AT,AKC,urban,2023-04-13T16:00:00+00:00,2023-04-13T19:00:00+00:00,3.1575498580932617,4.045147895812988,2.537050247192383
3,AT,AKC,urban,2023-04-13T17:00:00+00:00,2023-04-13T20:00:00+00:00,3.844550132751465,4.669490337371826,3.0661497116088867
3,AT,AKC,urban,2023-04-13T18:00:00+00:00,2023-04-13T21:00:00+00:00,4.674348831176758,4.643070697784424,3.1548500061035156
3,AT,AKC,urban,2023-04-13T19:00:00+00:00,2023-04-13T22:00:00+00:00,5.837550163269043,4.128455638885498,3.1575498580932617
3,AT,AKC,urban,2023-04-13T20:00:00+00:00,2023-04-13T23:00:00+00:00,6.278048992156982,4.873169898986816,3.844550132751465
3,AT,AKC,urban,2023-04-13T21:00:00+00:00,2023-04-14T00:00:00+00:00,4.8358988761901855,5.143075466156006,4.674348831176758
3,AT,AKC,urban,2023-04-13T22:00:00+00:00,2023-04-14T01:00:00+00:00,2.675548553466797,6.1883769035339355,5.837550163269043
3,AT,AKC,urban,2023-04-13T23:00:00+00:00,2023-04-14T02:00:00+00:00,1.5475492477416992,6.616230487823486,6.278048992156982
3,AT,AKC,urban,2023-04-14T00:00:00+00:00,2023-04-14T03:00:00+00:00,1.6008977890014648,5.0741801261901855,4.8358988761901855
3,AT,AKC,urban,2023-04-14T01:00:00+00:00,2023-04-14T04:00:00+00:00,1.4448490142822266,3.0459938049316406,2.675548553466797
3,AT,AKC,urban,2023-04-14T02:00:00+00:00,2023-04-14T05:00:00+00:00,1.818099021911621,2.111313819885254,1.5475492477416992
3,AT,AKC,urban,2023-04-14T03:00:00+00:00,2023-04-14T06:00:00+00:00,1.4459495544433594,2.223155975341797,1.6008977890014648
3,AT,AKC,urban,2023-04-14T04:00:00+00:00,2023-04-14T07:00:00+00:00,1.6675987243652344,2.118276596069336,1.4448490142822266
3,AT,AKC,urban,2023-04-14T05:00:00+00:00,2023-04-14T08:00:00+00:00,1.7093000411987305,2.379469871520996,1.818099021911621
3,AT,AKC,urban,2023-04-14T06:00:00+00:00,2023-04-14T09:00:00+00:00,1.9377994537353516,1.9969043731689453,1.4459495544433594
3,AT,AKC,urban,2023-04-14T07:00:00+00:00,2023-04-14T10:00:00+00:00,1.6557502746582031,2.16915225982666,1.6675987243652344
3,AT,AKC,urban,2023-04-14T08:00:00+00:00,2023-04-14T11:00:00+00:00,1.6890487670898438,2.1852588653564453,1.7093000411987305
3,AT,AKC,urban,2023-04-14T09:00:00+00:00,2023-04-14T12:00:00+00:00,1.6224994659423828,2.4441328048706055,1.9377994537353516
3,AT,AKC,urban,2023-04-14T10:00:00+00:00,2023-04-14T13:00:00+00:00,1.558650016784668,2.216207504272461,1.6557502746582031
3,AT,AKC,urban,2023-04-14T11:00:00+00:00,2023-04-14T14:00:00+00:00,1.4069490432739258,2.2426156997680664,1.6890487670898438
3,AT,AKC,urban,2023-04-14T12:00:00+00:00,2023-04-14T15:00:00+00:00,1.3630485534667969,2.1978940963745117,1.6224994659423828
3,AT,AKC,urban,2023-04-14T13:00:00+00:00,2023-04-14T16:00:00+00:00,1.4222993850708008,2.164735794067383,1.558650016784668
3,AT,AKC,urban,2023-04-14T14:00:00+00:00,2023-04-14T17:00:00+00:00,1.5328998565673828,2.0869951248168945,1.4069490432739258
3,AT,AKC,urban,2023-04-14T15:00:00+00:00,2023-04-14T18:00:00+00:00,1.601750373840332,2.0577802658081055,1.3630485534667969
3,AT,AKC,urban,2023-04-14T16:00:00+00:00,2023-04-14T19:00:00+00:00,1.5804996490478516,2.201641082763672,1.4222993850708008
3,AT,AKC,urban,2023-04-14T17:00:00+00:00,2023-04-14T20:00:00+00:00,1.513899803161621,2.084047317504883,1.5328998565673828
3,AT,AKC,urban,2023-04-14T18:00:00+00:00,2023-04-14T21:00:00+00:00,1.5025501251220703,2.002584457397461,1.601750373840332
3,AT,AKC,urban,2023-04-14T19:00:00+00:00,2023-04-14T22:00:00+00:00,1.48175048828125,1.940713882446289,1.5804996490478516
3,AT,AKC,urban,2023-04-14T20:00:00+00:00,2023-04-14T23:00:00+00:00,1.3515987396240234,1.7610502243041992,1.513899803161621
3,AT,AKC,urban,2023-04-14T21:00:00+00:00,2023-04-15T00:00:00+00:00,1.1421985626220703,1.7699689865112305,1.5025501251220703
3,AT,AKC,urban,2023-04-14T22:00:00+00:00,2023-04-15T01:00:00+00:00,1.0599994659423828,1.7514877319335938,1.48175048828125
3,AT,AKC,urban,2023-04-14T23:00:00+00:00,2023-04-15T02:00:00+00:00,1.1595487594604492,1.6451187133789062,1.3515987396240234
3,AT,AKC,urban,2023-04-15T00:00:00+00:00,2023-04-15T03:00:00+00:00,1.2240514755249023,1.462850570678711,1.1421985626220703
3,AT,AKC,urban,2023-04-15T01:00:00+00:00,2023-04-15T04:00:00+00:00,6.156250476837158,1.4724912643432617,1.0599994659423828
3,AT,AKC,urban,2023-04-15T02:00:00+00:00,2023-04-15T05:00:00+00:00,4.837348937988281,1.6086959838867188,1.1595487594604492
3,AT,AKC,urban,2023-04-15T03:00:00+00:00,2023-04-15T06:00:00+00:00,5.247999668121338,1.7382078170776367,1.2240514755249023
3,AT,AKC,urban,2023-04-15T04:00:00+00:00,2023-04-15T07:00:00+00:00,2.7681989669799805,6.156983852386475,6.156250476837158
3,AT,AKC,urban,2023-04-15T05:00:00+00:00,2023-04-15T08:00:00+00:00,3.9210987091064453,4.839194297790527,4.837348937988281
3,AT,AKC,urban,2023-04-15T06:00:00+00:00,2023-04-15T09:00:00+00:00,2.3588504791259766,5.358258247375488,5.247999668121338
3,AT,AKC,urban,2023-04-15T07:00:00+00:00,2023-04-15T10:00:00+00:00,1.543050765991211,3.121013641357422,2.7681989669799805
3,AT,AKC,urban,2023-04-15T08:00:00+00:00,2023-04-15T11:00:00+00:00,1.520050048828125,4.141011714935303,3.9210987091064453
3,AT,AKC,urban,2023-04-15T09:00:00+00:00,2023-04-15T12:00:00+00:00,1.2820978164672852,2.7409400939941406,2.3588504791259766
3,AT,AKC,urban,2023-04-15T10:00:00+00:00,2023-04-15T13:00:00+00:00,1.2477502822875977,2.1187448501586914,1.543050765991211
3,AT,AKC,urban,2023-04-15T11:00:00+00:00,2023-04-15T14:00:00+00:00,1.3642492294311523,2.166982650756836,1.520050048828125
3,AT,AKC,urban,2023-04-15T12:00:00+00:00,2023-04-15T15:00:00+00:00,1.5916996002197266,2.056757926940918,1.2820978164672852
3,AT,AKC,urban,2023-04-15T13:00:00+00:00,2023-04-15T16:00:00+00:00,1.6454486846923828,2.2465600967407227,1.2477502822875977
3,AT,AKC,urban,2023-04-15T14:00:00+00:00,2023-04-15T17:00:00+00:00,1.8801002502441406,2.379558563232422,1.3642492294311523
3,AT,AKC,urban,2023-04-15T15:00:00+00:00,2023-04-15T18:00:00+00:00,2.540450096130371,2.6340465545654297,1.5916996002197266
3,AT,AKC,urban,2023-04-15T16:00:00+00:00,2023-04-15T19:00:00+00:00,2.7841501235961914,2.7371950149536133,1.6454486846923828
3,AT,AKC,urban,2023-04-15T17:00:00+00:00,2023-04-15T20:00:00+00:00,3.0240488052368164,3.1652536392211914,1.8801002502441406
3,AT,AKC,urban,2023-04-15T18:00:00+00:00,2023-04-15T21:00:00+00:00,2.8887500762939453,3.777764320373535,2.540450096130371
3,AT,AKC,urban,2023-04-15T19:00:00+00:00,2023-04-15T22:00:00+00:00,2.861499786376953,3.928067207336426,2.7841501235961914
3,AT,AKC,urban,2023-04-15T20:00:00+00:00,2023-04-15T23:00:00+00:00,2.7802000045776367,3.8852481842041016,3.0240488052368164
3,AT,AKC,urban,2023-04-15T21:00:00+00:00,2023-04-16T00:00:00+00:00,2.9955005645751953,3.6558990478515625,2.8887500762939453
3,AT,AKC,urban,2023-04-15T22:00:00+00:00,2023-04-16T01:00:00+00:00,3.7497997283935547,3.5057430267333984,2.861499786376953
3,AT,AKC,urban,2023-04-15T23:00:00+00:00,2023-04-16T02:00:00+00:00,4.998899936676025,3.4177064895629883,2.7802000045776367
3,AT,AKC,urban,2023-04-16T00:00:00+00:00,2023-04-16T03:00:00+00:00,5.9446001052856445,3.8712100982666016,2.9955005645751953
3,AT,AKC,urban,2023-04-16T01:00:00+00:00,2023-04-16T04:00:00+00:00,8.757048606872559,4.827187538146973,3.7497997283935547
3,AT,AKC,urban,2023-04-16T02:00:00+00:00,2023-04-16T05:00:00+00:00,10.878000259399414,6.335150718688965,4.998899936676025
3,AT,AKC,urban,2023-04-16T03:00:00+00:00,2023-04-16T06:00:00+00:00,11.746000289916992,7.3804097175598145,5.9446001052856445
3,AT,AKC,urban,2023-04-16T04:00:00+00:00,2023-04-16T07:00:00+00:00,8.374798774719238,9.017641067504883,8.757048606872559
3,AT,AKC,urban,2023-04-16T05:00:00+00:00,2023-04-16T08:00:00+00:00,7.717648983001709,9.442066192626953,10.878000259399414
3,AT,AKC,urban,2023-04-16T06:00:00+00:00,2023-04-16T09:00:00+00:00,5.020248889923096,9.7694730758667,11.746000289916992
3,AT,AKC,urban,2023-04-16T07:00:00+00:00,2023-04-16T10:00:00+00:00,5.377248764038086,7.075081825256348,8.374798774719238
3,AT,AKC,urban,2023-04-16T08:00:00+00:00,2023-04-16T11:00:00+00:00,4.515998840332031,6.717874526977539,7.717648983001709
3,AT,AKC,urban,2023-04-16T09:00:00+00:00,2023-04-16T12:00:00+00:00,3.6012496948242188,4.699734210968018,5.020248889923096
3,AT,AKC,urban,2023-04-16T10:00:00+00:00,2023-04-16T13:00:00+00:00,3.406848907470703,5.363060474395752,5.377248764038086
3,AT,AKC,urban,2023-04-16T11:00:00+00:00,2023-04-16T14:00:00+00:00,3.4264488220214844,4.910990238189697,4.515998840332031
3,AT,AKC,urban,2023-04-16T12:00:00+00:00,2023-04-16T15:00:00+00:00,4.015100479125977,4.111598968505859,3.6012496948242188
3,AT,AKC,urban,2023-04-16T13:00:00+00:00,2023-04-16T16:00:00+00:00,4.978349208831787,4.132162570953369,3.406848907470703
3,AT,AKC,urban,2023-04-16T14:00:00+00:00,2023-04-16T17:00:00+00:00,7.131750106811523,4.4916582107543945,3.4264488220214844
3,AT,AKC,urban,2023-04-16T15:00:00+00:00,2023-04-16T18:00:00+00:00,7.144000053405762,5.107775688171387,4.015100479125977
3,AT,AKC,urban,2023-04-16T16:00:00+00:00,2023-04-16T19:00:00+00:00,6.39039945602417,6.083657264709473,4.978349208831787
3,AT,AKC,urban,2023-04-16T17:00:00+00:00,2023-04-16T20:00:00+00:00,5.763548851013184,8.150938987731934,7.131750106811523
3,AT,AKC,urban,2023-04-16T18:00:00+00:00,2023-04-16T21:00:00+00:00,5.980350017547607,7.82963228225708,7.144000053405762
3,AT,AKC,urban,2023-04-16T19:00:00+00:00,2023-04-16T22:00:00+00:00,5.706550121307373,6.96306848526001,6.39039945602417
3,AT,AKC,urban,2023-04-16T20:00:00+00:00,2023-04-16T23:00:00+00:00,6.045749664306641,6.209383487701416,5.763548851013184
3,AT,AKC,urban,2023-04-16T21:00:00+00:00,2023-04-17T00:00:00+00:00,6.468249320983887,6.318493366241455,5.980350017547607
3,AT,AKC,urban,2023-04-16T22:00:00+00:00,2023-04-17T01:00:00+00:00,6.853798866271973,6.063064098358154,5.706550121307373
3,AT,AKC,urban,2023-04-16T23:00:00+00:00,2023-04-17T02:00:00+00:00,6.753748893737793,6.4814558029174805,6.045749664306641
3,AT,AKC,urban,2023-04-17T00:00:00+00:00,2023-04-17T03:00:00+00:00,7.249448776245117,6.926950931549072,6.468249320983887
3,AT,AKC,urban,2023-04-17T01:00:00+00:00,2023-04-17T04:00:00+00:00,8.101598739624023,7.386369705200195,6.853798866271973
3,AT,AKC,urban,2023-04-17T02:00:00+00:00,2023-04-17T05:00:00+00:00,9.043848991394043,7.2716779708862305,6.753748893737793
3,AT,AKC,urban,2023-04-17T03:00:00+00:00,2023-04-17T06:00:00+00:00,9.563400268554688,7.719230651855469,7.249448776245117
3,AT,AKC,urban,2023-04-17T04:00:00+00:00,2023-04-17T07:00:00+00:00,9.830599784851074,8.427654266357422,8.101598739624023
3,AT,AKC,urban,2023-04-17T05:00:00+00:00,2023-04-17T08:00:00+00:00,10.54800033569336,8.90815258026123,9.043848991394043
3,AT,AKC,urban,2023-04-17T06:00:00+00:00,2023-04-17T09:00:00+00:00,11.107500076293945,9.106657028198242,9.563400268554688
3,AT,AKC,urban,2023-04-17T07:00:00+00:00,2023-04-17T10:00:00+00:00,11.475500106811523,9.304176330566406,9.830599784851074
3,AT,AKC,urban,2023-04-17T08:00:00+00:00,2023-04-17T11:00:00+00:00,11.895000457763672,9.594423294067383,10.54800033569336
3,AT,AKC,urban,2023-04-17T09:00:00+00:00,2023-04-17T12:00:00+00:00,11.503000259399414,9.814046859741211,11.107500076293945
3,AT,AKC,urban,2023-04-17T10:00:00+00:00,2023-04-17T13:00:00+00:00,11.569499969482422,10.118486404418945,11.475500106811523
3,AT,AKC,urban,2023-04-17T11:00:00+00:00,2023-04-17T14:00:00+00:00,12.142999649047852,10.617609024047852,11.895000457763672
3,AT,AKC,urban,2023-04-17T12:00:00+00:00,2023-04-17T15:00:00+00:00,10.545000076293945,10.337023735046387,11.503000259399414
3,AT,AKC,urban,2023-04-17T13:00:00+00:00,2023-04-17T16:00:00+00:00,10.758500099182129,10.499813079833984,11.569499969482422
3,AT,AKC,urban,2023-04-17T14:00:00+00:00,2023-04-17T17:00:00+00:00,11.566499710083008,11.307019233703613,12.142999649047852
3,AT,AKC,urban,2023-04-17T15:00:00+00:00,2023-04-17T18:00:00+00:00,11.761549949645996,9.990306854248047,10.545000076293945
3,AT,AKC,urban,2023-04-17T16:00:00+00:00,2023-04-17T19:00:00+00:00,9.771650314331055,10.331621170043945,10.758500099182129
3,AT,AKC,urban,2023-04-17T17:00:00+00:00,2023-04-17T20:00:00+00:00,11.716500282287598,11.425912857055664,11.566499710083008
3,AT,AKC,urban,2023-04-17T18:00:00+00:00,2023-04-17T21:00:00+00:00,13.229499816894531,11.300420761108398,11.761549949645996
3,AT,AKC,urban,2023-04-17T19:00:00+00:00,2023-04-17T22:00:00+00:00,11.965999603271484,9.304664611816406,9.771650314331055
3,AT,AKC,urban,2023-04-17T20:00:00+00:00,2023-04-17T23:00:00+00:00,11.048999786376953,11.345002174377441,11.716500282287598
3,AT,AKC,urban,2023-04-17T21:00:00+00:00,2023-04-18T00:00:00+00:00,9.193399429321289,12.607836723327637,13.229499816894531
3,AT,AKC,urban,2023-04-17T22:00:00+00:00,2023-04-18T01:00:00+00:00,6.811399936676025,11.59660530090332,11.965999603271484
3,AT,AKC,urban,2023-04-17T23:00:00+00:00,2023-04-18T02:00:00+00:00,5.445549011230469,11.069433212280273,11.048999786376953
3,AT,AKC,urban,2023-04-18T00:00:00+00:00,2023-04-18T03:00:00+00:00,4.772799491882324,9.449760437011719,9.193399429321289
3,AT,AKC,urban,2023-04-18T01:00:00+00:00,2023-04-18T04:00:00+00:00,4.245450496673584,7.532917022705078,6.811399936676025
3,AT,AKC,urban,2023-04-18T02:00:00+00:00,2023-04-18T05:00:00+00:00,4.697050094604492,6.301291465759277,5.445549011230469
3,AT,AKC,urban,2023-04-18T03:00:00+00:00,2023-04-18T06:00:00+00:00,4.385550022125244,5.754112720489502,4.772799491882324
3,AT,AKC,urban,2023-04-18T04:00:00+00:00,2023-04-18T07:00:00+00:00,5.445250511169434,5.194154262542725,4.245450496673584
3,AT,AKC,urban,2023-04-18T05:00:00+00:00,2023-04-18T08:00:00+00:00,8.018600463867188,5.471680164337158,4.697050094604492
3,AT,AKC,urban,2023-04-18T06:00:00+00:00,2023-04-18T09:00:00+00:00,9.241299629211426,5.013862609863281,4.385550022125244
3,AT,AKC,urban,2023-04-18T07:00:00+00:00,2023-04-18T10:00:00+00:00,10.021849632263184,5.985166549682617,5.445250511169434
3,AT,AKC,urban,2023-04-18T08:00:00+00:00,2023-04-18T11:00:00+00:00,10.004500389099121,8.207813262939453,8.018600463867188
3,AT,AKC,urban,2023-04-18T09:00:00+00:00,2023-04-18T12:00:00+00:00,8.720548629760742,9.097347259521484,9.241299629211426
3,AT,AKC,urban,2023-04-18T10:00:00+00:00,2023-04-18T13:00:00+00:00,8.624699592590332,9.695058822631836,10.021849632263184
3,AT,AKC,urban,2023-04-18T11:00:00+00:00,2023-04-18T14:00:00+00:00,8.80465030670166,9.847711563110352,10.004500389099121
3,AT,AKC,urban,2023-04-18T12:00:00+00:00,2023-04-18T15:00:00+00:00,11.172499656677246,8.453472137451172,8.720548629760742
3,AT,AKC,urban,2023-04-18T13:00:00+00:00,2023-04-18T16:00:00+00:00,12.097000122070312,8.500426292419434,8.624699592590332
3,AT,AKC,urban,2023-04-18T14:00:00+00:00,2023-04-18T17:00:00+00:00,12.401000022888184,8.899765968322754,8.80465030670166
3,AT,AKC,urban,2023-04-18T15:00:00+00:00,2023-04-18T18:00:00+00:00,11.402999877929688,10.932209014892578,11.172499656677246
3,AT,AKC,urban,2023-04-18T16:00:00+00:00,2023-04-18T19:00:00+00:00,10.142000198364258,11.403194427490234,12.097000122070312
3,AT,AKC,urban,2023-04-18T17:00:00+00:00,2023-04-18T20:00:00+00:00,10.185999870300293,11.89896011352539,12.401000022888184
3,AT,AKC,urban,2023-04-18T18:00:00+00:00,2023-04-18T21:00:00+00:00,11.081000328063965,11.106858253479004,11.402999877929688
3,AT,AKC,urban,2023-04-18T19:00:00+00:00,2023-04-18T22:00:00+00:00,11.970000267028809,9.710370063781738,10.142000198364258
3,AT,AKC,urban,2023-04-18T20:00:00+00:00,2023-04-18T23:00:00+00:00,12.541500091552734,10.134140014648438,10.185999870300293
3,AT,AKC,urban,2023-04-18T21:00:00+00:00,2023-04-19T00:00:00+00:00,14.106499671936035,11.177645683288574,11.081000328063965
3,AT,AKC,urban,2023-04-18T22:00:00+00:00,2023-04-19T01:00:00+00:00,15.404000282287598,11.827545166015625,11.970000267028809
3,AT,AKC,urban,2023-04-18T23:00:00+00:00,2023-04-19T02:00:00+00:00,16.743499755859375,12.530134201049805,12.541500091552734
3,AT,AKC,urban,2023-04-19T00:00:00+00:00,2023-04-19T03:00:00+00:00,18.833499908447266,13.566546440124512,14.106499671936035
3,AT,AKC,urban,2023-04-19T01:00:00+00:00,2023-04-19T04:00:00+00:00,19.92449951171875,14.746366500854492,15.404000282287598
3,AT,AKC,urban,2023-04-19T02:00:00+00:00,2023-04-19T05:00:00+00:00,19.8435001373291,15.899320602416992,16.743499755859375
3,AT,AKC,urban,2023-04-19T03:00:00+00:00,2023-04-19T06:00:00+00:00,19.643999099731445,16.085081100463867,18.833499908447266
3,AT,AKC,urban,2023-04-19T04:00:00+00:00,2023-04-19T07:00:00+00:00,15.041500091552734,16.429933547973633,19.92449951171875
3,AT,AKC,urban,2023-04-19T05:00:00+00:00,2023-04-19T08:00:00+00:00,11.77649974822998,16.07231903076172,19.8435001373291
3,AT,AKC,urban,2023-04-19T06:00:00+00:00,2023-04-19T09:00:00+00:00,7.850399017333984,15.992979049682617,19.643999099731445
3,AT,AKC,urban,2023-04-19T07:00:00+00:00,2023-04-19T10:00:00+00:00,8.524349212646484,11.12264347076416,15.041500091552734
3,AT,AKC,urban,2023-04-19T08:00:00+00:00,2023-04-19T11:00:00+00:00,9.013050079345703,8.897612571716309,11.77649974822998
3,AT,AKC,urban,2023-04-19T09:00:00+00:00,2023-04-19T12:00:00+00:00,7.563048839569092,7.650221824645996,7.850399017333984
3,AT,AKC,urban,2023-04-19T10:00:00+00:00,2023-04-19T13:00:00+00:00,7.48569917678833,8.825435638427734,8.524349212646484
3,AT,AKC,urban,2023-04-19T11:00:00+00:00,2023-04-19T14:00:00+00:00,6.494950294494629,9.441523551940918,9.013050079345703
3,AT,AKC,urban,2023-04-19T12:00:00+00:00,2023-04-19T15:00:00+00:00,6.204998970031738,8.161998748779297,7.563048839569092
3,AT,AKC,urban,2023-04-19T13:00:00+00:00,2023-04-19T16:00:00+00:00,5.746648788452148,8.238822937011719,7.48569917678833
3,AT,AKC,urban,2023-04-19T14:00:00+00:00,2023-04-19T17:00:00+00:00,6.9903483390808105,7.1728901863098145,6.494950294494629
3,AT,AKC,urban,2023-04-19T15:00:00+00:00,2023-04-19T18:00:00+00:00,7.670498847961426,6.991751670837402,6.204998970031738
3,AT,AKC,urban,2023-04-19T16:00:00+00:00,2023-04-19T19:00:00+00:00,7.856998920440674,6.577240467071533,5.746648788452148
3,AT,AKC,urban,2023-04-19T17:00:00+00:00,2023-04-19T20:00:00+00:00,7.816298961639404,8.105491638183594,6.9903483390808105
3,AT,AKC,urban,2023-04-19T18:00:00+00:00,2023-04-19T21:00:00+00:00,7.950049877166748,8.485115051269531,7.670498847961426
3,AT,AKC,urban,2023-04-19T19:00:00+00:00,2023-04-19T22:00:00+00:00,8.72559928894043,8.865189552307129,7.856998920440674
3,AT,AKC,urban,2023-04-19T20:00:00+00:00,2023-04-19T23:00:00+00:00,9.885950088500977,9.107766151428223,7.816298961639404
3,AT,AKC,urban,2023-04-19T21:00:00+00:00,2023-04-20T00:00:00+00:00,10.090149879455566,9.261999130249023,7.950049877166748
3,AT,AKC,urban,2023-04-19T22:00:00+00:00,2023-04-20T01:00:00+00:00,9.589500427246094,9.749624252319336,8.72559928894043
3,AT,AKC,urban,2023-04-19T23:00:00+00:00,2023-04-20T02:00:00+00:00,11.082500457763672,11.186964988708496,9.885950088500977
3,AT,AKC,urban,2023-04-20T00:00:00+00:00,2023-04-20T03:00:00+00:00,13.045999526977539,11.331130027770996,10.090149879455566
3,AT,AKC,urban,2023-04-20T01:00:00+00:00,2023-04-20T04:00:00+00:00,14.990500450134277,11.232599258422852,9.589500427246094
3,AT,AKC,urban,2023-04-20T02:00:00+00:00,2023-04-20T05:00:00+00:00,15.96049976348877,12.857884407043457,11.082500457763672
3,AT,AKC,urban,2023-04-20T03:00:00+00:00,2023-04-20T06:00:00+00:00,15.890000343322754,14.562702178955078,13.045999526977539
3,AT,AKC,urban,2023-04-20T04:00:00+00:00,2023-04-20T07:00:00+00:00,16.81450080871582,15.516992568969727,14.990500450134277
3,AT,AKC,urban,2023-04-20T05:00:00+00:00,2023-04-20T08:00:00+00:00,17.210500717163086,14.995676040649414,15.96049976348877
3,AT,AKC,urban,2023-04-20T06:00:00+00:00,2023-04-20T09:00:00+00:00,17.683500289916992,14.76161003112793,15.890000343322754
3,AT,AKC,urban,2023-04-20T07:00:00+00:00,2023-04-20T10:00:00+00:00,16.573999404907227,15.405230522155762,16.81450080871582
3,AT,AKC,urban,2023-04-20T08:00:00+00:00,2023-04-20T11:00:00+00:00,15.293000221252441,15.578865051269531,17.210500717163086
3,AT,AKC,urban,2023-04-20T09:00:00+00:00,2023-04-20T12:00:00+00:00,14.215999603271484,16.294479370117188,17.683500289916992
3,AT,AKC,urban,2023-04-20T10:00:00+00:00,2023-04-20T13:00:00+00:00,13.879500389099121,15.42243766784668,16.573999404907227
3,AT,AKC,urban,2023-04-20T11:00:00+00:00,2023-04-20T14:00:00+00:00,12.917499542236328,14.288606643676758,15.293000221252441
3,AT,AKC,urban,2023-04-20T12:00:00+00:00,2023-04-20T15:00:00+00:00,12.882499694824219,13.66890811920166,14.215999603271484
3,AT,AKC,urban,2023-04-20T13:00:00+00:00,2023-04-20T16:00:00+00:00,12.715499877929688,14.00336742401123,13.879500389099121
3,AT,AKC,urban,2023-04-20T14:00:00+00:00,2023-04-20T17:00:00+00:00,15.206999778747559,13.726964950561523,12.917499542236328
3,AT,AKC,urban,2023-04-20T15:00:00+00:00,2023-04-20T18:00:00+00:00,17.05500030517578,14.330972671508789,12.882499694824219
3,AT,AKC,urban,2023-04-20T16:00:00+00:00,2023-04-20T19:00:00+00:00,18.676000595092773,14.54869270324707,12.715499877929688
3,AT,AKC,urban,2023-04-20T17:00:00+00:00,2023-04-20T20:00:00+00:00,20.05500030517578,17.176158905029297,15.206999778747559
3,AT,AKC,urban,2023-04-20T18:00:00+00:00,2023-04-20T21:00:00+00:00,18.750999450683594,18.50171661376953,17.05500030517578
3,AT,AKC,urban,2023-04-20T19:00:00+00:00,2023-04-20T22:00:00+00:00,18.773500442504883,20.50598907470703,18.676000595092773
3,AT,AKC,urban,2023-04-20T20:00:00+00:00,2023-04-20T23:00:00+00:00,18.010499954223633,21.112525939941406,20.05500030517578
3,AT,AKC,urban,2023-04-20T21:00:00+00:00,2023-04-21T00:00:00+00:00,18.15049934387207,19.612194061279297,18.750999450683594
3,AT,AKC,urban,2023-04-20T22:00:00+00:00,2023-04-21T01:00:00+00:00,18.73150062561035,19.516939163208008,18.773500442504883
3,AT,AKC,urban,2023-04-20T23:00:00+00:00,2023-04-21T02:00:00+00:00,19.397499084472656,18.9864501953125,18.010499954223633
3,AT,AKC,urban,2023-04-21T00:00:00+00:00,2023-04-21T03:00:00+00:00,19.941499710083008,19.07361602783203,18.15049934387207
3,AT,AKC,urban,2023-04-21T01:00:00+00:00,2023-04-21T04:00:00+00:00,21.138500213623047,19.633047103881836,18.73150062561035
3,AT,AKC,urban,2023-04-21T02:00:00+00:00,2023-04-21T05:00:00+00:00,23.30849838256836,20.990615844726562,19.397499084472656
3,AT,AKC,urban,2023-04-21T03:00:00+00:00,2023-04-21T06:00:00+00:00,24.03849983215332,20.15081024169922,19.941499710083008
3,AT,AKC,urban,2023-04-21T04:00:00+00:00,2023-04-21T07:00:00+00:00,17.902999877929688,20.309261322021484,21.138500213623047
3,AT,AKC,urban,2023-04-21T05:00:00+00:00,2023-04-21T08:00:00+00:00,15.081999778747559,19.111467361450195,23.30849838256836
3,AT,AKC,urban,2023-04-21T06:00:00+00:00,2023-04-21T09:00:00+00:00,12.83650016784668,15.48146915435791,24.03849983215332
3,AT,AKC,urban,2023-04-21T07:00:00+00:00,2023-04-21T10:00:00+00:00,11.273500442504883,8.707813262939453,17.902999877929688
3,AT,AKC,urban,2023-04-21T08:00:00+00:00,2023-04-21T11:00:00+00:00,9.794650077819824,8.74817943572998,15.081999778747559
3,AT,AKC,urban,2023-04-21T09:00:00+00:00,2023-04-21T12:00:00+00:00,9.68764877319336,10.869384765625,12.83650016784668
3,AT,AKC,urban,2023-04-21T10:00:00+00:00,2023-04-21T13:00:00+00:00,9.047750473022461,10.29752254486084,11.273500442504883
3,AT,AKC,urban,2023-04-21T11:00:00+00:00,2023-04-21T14:00:00+00:00,9.458250045776367,9.31507682800293,9.794650077819824
3,AT,AKC,urban,2023-04-21T12:00:00+00:00,2023-04-21T15:00:00+00:00,9.993849754333496,9.594171524047852,9.68764877319336
3,AT,AKC,urban,2023-04-21T13:00:00+00:00,2023-04-21T16:00:00+00:00,10.35200023651123,9.94749927520752,9.047750473022461
3,AT,AKC,urban,2023-04-21T14:00:00+00:00,2023-04-21T17:00:00+00:00,11.054499626159668,11.235370635986328,9.458250045776367
3,AT,AKC,urban,2023-04-21T15:00:00+00:00,2023-04-21T18:00:00+00:00,12.784000396728516,12.685338020324707,9.993849754333496
3,AT,AKC,urban,2023-04-21T16:00:00+00:00,2023-04-21T19:00:00+00:00,15.807999610900879,13.592049598693848,10.35200023651123
3,AT,AKC,urban,2023-04-21T17:00:00+00:00,2023-04-21T20:00:00+00:00,16.625999450683594,14.495906829833984,11.054499626159668
3,AT,AKC,urban,2023-04-21T18:00:00+00:00,2023-04-21T21:00:00+00:00,18.068500518798828,15.60188102722168,12.784000396728516
3,AT,AKC,urban,2023-04-21T19:00:00+00:00,2023-04-21T22:00:00+00:00,15.303500175476074,17.705223083496094,15.807999610900879
3,AT,AKC,urban,2023-04-21T20:00:00+00:00,2023-04-21T23:00:00+00:00,13.67549991607666,18.557626724243164,16.625999450683594
3,AT,AKC,urban,2023-04-21T21:00:00+00:00,2023-04-22T00:00:00+00:00,13.3774995803833,19.29114532470703,18.068500518798828
3,AT,AKC,urban,2023-04-21T22:00:00+00:00,2023-04-22T01:00:00+00:00,14.470999717712402,15.919139862060547,15.303500175476074
3,AT,AKC,urban,2023-04-21T23:00:00+00:00,2023-04-22T02:00:00+00:00,16.476999282836914,14.237130165100098,13.67549991607666
3,AT,AKC,urban,2023-04-22T00:00:00+00:00,2023-04-22T03:00:00+00:00,17.555500030517578,14.044181823730469,13.3774995803833
3,AT,AKC,urban,2023-04-22T01:00:00+00:00,2023-04-22T04:00:00+00:00,17.381999969482422,15.68294620513916,14.470999717712402
3,AT,AKC,urban,2023-04-22T02:00:00+00:00,2023-04-22T05:00:00+00:00,20.591999053955078,16.862552642822266,16.476999282836914
3,AT,AKC,urban,2023-04-22T03:00:00+00:00,2023-04-22T06:00:00+00:00,20.875499725341797,17.900630950927734,17.555500030517578
3,AT,AKC,urban,2023-04-22T04:00:00+00:00,2023-04-22T07:00:00+00:00,18.59000015258789,16.247386932373047,17.381999969482422
3,AT,AKC,urban,2023-04-22T05:00:00+00:00,2023-04-22T08:00:00+00:00,17.233999252319336,17.043371200561523,20.591999053955078
3,AT,AKC,urban,2023-04-22T06:00:00+00:00,2023-04-22T09:00:00+00:00,11.472000122070312,14.252324104309082,20.875499725341797
3,AT,AKC,urban,2023-04-22T07:00:00+00:00,2023-04-22T10:00:00+00:00,9.5962495803833,10.728586196899414,18.59000015258789
3,AT,AKC,urban,2023-04-22T08:00:00+00:00,2023-04-22T11:00:00+00:00,8.476299285888672,10.323421478271484,17.233999252319336
3,AT,AKC,urban,2023-04-22T09:00:00+00:00,2023-04-22T12:00:00+00:00,7.816598892211914,9.407798767089844,11.472000122070312
3,AT,AKC,urban,2023-04-22T10:00:00+00:00,2023-04-22T13:00:00+00:00,7.2407989501953125,8.717201232910156,9.5962495803833
3,AT,AKC,urban,2023-04-22T11:00:00+00:00,2023-04-22T14:00:00+00:00,7.641600131988525,8.181337356567383,8.476299285888672
3,AT,AKC,urban,2023-04-22T12:00:00+00:00,2023-04-22T15:00:00+00:00,7.7745490074157715,8.041240692138672,7.816598892211914
3,AT,AKC,urban,2023-04-22T13:00:00+00:00,2023-04-22T16:00:00+00:00,8.014598846435547,8.016021728515625,7.2407989501953125
3,AT,AKC,urban,2023-04-22T14:00:00+00:00,2023-04-22T17:00:00+00:00,8.666399002075195,9.071130752563477,7.641600131988525
3,AT,AKC,urban,2023-04-22T15:00:00+00:00,2023-04-22T18:00:00+00:00,9.714500427246094,10.006830215454102,7.7745490074157715
3,AT,AKC,urban,2023-04-22T16:00:00+00:00,2023-04-22T19:00:00+00:00,10.238499641418457,11.072300910949707,8.014598846435547
3,AT,AKC,urban,2023-04-22T17:00:00+00:00,2023-04-22T20:00:00+00:00,10.416500091552734,11.839727401733398,8.666399002075195
3,AT,AKC,urban,2023-04-22T18:00:00+00:00,2023-04-22T21:00:00+00:00,10.792499542236328,12.344008445739746,9.714500427246094
3,AT,AKC,urban,2023-04-22T19:00:00+00:00,2023-04-22T22:00:00+00:00,11.085000038146973,12.315452575683594,10.238499641418457
3,AT,AKC,urban,2023-04-22T20:00:00+00:00,2023-04-22T23:00:00+00:00,10.707500457763672,12.073610305786133,10.416500091552734
3,AT,AKC,urban,2023-04-22T21:00:00+00:00,2023-04-23T00:00:00+00:00,10.519000053405762,12.410146713256836,10.792499542236328
3,AT,AKC,urban,2023-04-22T22:00:00+00:00,2023-04-23T01:00:00+00:00,10.88700008392334,12.47551155090332,11.085000038146973
3,AT,AKC,urban,2023-04-22T23:00:00+00:00,2023-04-23T02:00:00+00:00,11.788000106811523,12.166864395141602,10.707500457763672
3,AT,AKC,urban,2023-04-23T00:00:00+00:00,2023-04-23T03:00:00+00:00,11.71399974822998,12.063081741333008,10.519000053405762
3,AT,AKC,urban,2023-04-23T01:00:00+00:00,2023-04-23T04:00:00+00:00,12.602999687194824,12.460309982299805,10.88700008392334
3,AT,AKC,urban,2023-04-23T02:00:00+00:00,2023-04-23T05:00:00+00:00,15.442000389099121,13.169798851013184,11.788000106811523
3,AT,AKC,urban,2023-04-23T03:00:00+00:00,2023-04-23T06:00:00+00:00,16.413999557495117,12.429512977600098,11.71399974822998
3,AT,AKC,urban,2023-04-23T04:00:00+00:00,2023-04-23T07:00:00+00:00,15.579999923706055,12.3721284866333,12.602999687194824
3,AT,AKC,urban,2023-04-23T05:00:00+00:00,2023-04-23T08:00:00+00:00,13.470999717712402,12.962553977966309,15.442000389099121
3,AT,AKC,urban,2023-04-23T06:00:00+00:00,2023-04-23T09:00:00+00:00,11.480500221252441,11.749615669250488,16.413999557495117
3,AT,AKC,urban,2023-04-23T07:00:00+00:00,2023-04-23T10:00:00+00:00,8.688850402832031,11.100399017333984,15.579999923706055
3,AT,AKC,urban,2023-04-23T08:00:00+00:00,2023-04-23T11:00:00+00:00,7.840250015258789,9.419717788696289,13.470999717712402
3,AT,AKC,urban,2023-04-23T09:00:00+00:00,2023-04-23T12:00:00+00:00,7.566349029541016,9.608837127685547,11.480500221252441
3,AT,AKC,urban,2023-04-23T10:00:00+00:00,2023-04-23T13:00:00+00:00,6.906650066375732,7.97952938079834,8.688850402832031
3,AT,AKC,urban,2023-04-23T11:00:00+00:00,2023-04-23T14:00:00+00:00,7.545498847961426,7.684083461761475,7.840250015258789
3,AT,AKC,urban,2023-04-23T12:00:00+00:00,2023-04-23T15:00:00+00:00,7.742599010467529,7.841009140014648,7.566349029541016
3,AT,AKC,urban,2023-04-23T13:00:00+00:00,2023-04-23T16:00:00+00:00,8.13809871673584,7.363730430603027,6.906650066375732
3,AT,AKC,urban,2023-04-23T14:00:00+00:00,2023-04-23T17:00:00+00:00,5.928850173950195,8.14594554901123,7.545498847961426
3,AT,AKC,urban,2023-04-23T15:00:00+00:00,2023-04-23T18:00:00+00:00,4.169750690460205,9.018251419067383,7.742599010467529
3,AT,AKC,urban,2023-04-23T16:00:00+00:00,2023-04-23T19:00:00+00:00,5.138948917388916,9.705652236938477,8.13809871673584
3,AT,AKC,urban,2023-04-23T17:00:00+00:00,2023-04-23T20:00:00+00:00,5.646149635314941,7.495910167694092,5.928850173950195
3,AT,AKC,urban,2023-04-23T18:00:00+00:00,2023-04-23T21:00:00+00:00,7.372949123382568,5.321689605712891,4.169750690460205
3,AT,AKC,urban,2023-04-23T19:00:00+00:00,2023-04-23T22:00:00+00:00,7.765248775482178,6.353662490844727,5.138948917388916
3,AT,AKC,urban,2023-04-23T20:00:00+00:00,2023-04-23T23:00:00+00:00,8.40419864654541,6.585630416870117,5.646149635314941
3,AT,AKC,urban,2023-04-23T21:00:00+00:00,2023-04-24T00:00:00+00:00,8.28434944152832,7.981811046600342,7.372949123382568
3,AT,AKC,urban,2023-04-23T22:00:00+00:00,2023-04-24T01:00:00+00:00,9.155200004577637,8.316444396972656,7.765248775482178
3,AT,AKC,urban,2023-04-23T23:00:00+00:00,2023-04-24T02:00:00+00:00,7.119849681854248,9.305817604064941,8.40419864654541
3,AT,AKC,urban,2023-04-24T00:00:00+00:00,2023-04-24T03:00:00+00:00,5.725500106811523,9.74203872680664,8.28434944152832
3,AT,AKC,urban,2023-04-24T01:00:00+00:00,2023-04-24T04:00:00+00:00,5.639750003814697,10.481072425842285,9.155200004577637
3,AT,AKC,urban,2023-04-24T02:00:00+00:00,2023-04-24T05:00:00+00:00,5.583600044250488,7.991928577423096,7.119849681854248
3,AT,AKC,urban,2023-04-24T03:00:00+00:00,2023-04-24T06:00:00+00:00,6.2789998054504395,7.1244096755981445,5.725500106811523
3,AT,AKC,urban,2023-04-24T04:00:00+00:00,2023-04-24T07:00:00+00:00,4.81174898147583,7.0304388999938965,5.639750003814697
3,AT,AKC,urban,2023-04-24T05:00:00+00:00,2023-04-24T08:00:00+00:00,4.407100200653076,6.063634395599365,5.583600044250488
3,AT,AKC,urban,2023-04-24T06:00:00+00:00,2023-04-24T09:00:00+00:00,2.663450241088867,6.444627285003662,6.2789998054504395
3,AT,AKC,urban,2023-04-24T07:00:00+00:00,2023-04-24T10:00:00+00:00,2.47965145111084,5.025395393371582,4.81174898147583
3,AT,AKC,urban,2023-04-24T08:00:00+00:00,2023-04-24T11:00:00+00:00,2.761148452758789,4.675439357757568,4.407100200653076
3,AT,AKC,urban,2023-04-24T09:00:00+00:00,2023-04-24T12:00:00+00:00,3.415699005126953,3.1740245819091797,2.663450241088867
3,AT,AKC,urban,2023-04-24T10:00:00+00:00,2023-04-24T13:00:00+00:00,3.3652000427246094,2.921672821044922,2.47965145111084
3,AT,AKC,urban,2023-04-24T11:00:00+00:00,2023-04-24T14:00:00+00:00,3.1091995239257812,3.1858043670654297,2.761148452758789
3,AT,AKC,urban,2023-04-24T12:00:00+00:00,2023-04-24T15:00:00+00:00,2.704400062561035,3.8384008407592773,3.415699005126953
3,AT,AKC,urban,2023-04-24T13:00:00+00:00,2023-04-24T16:00:00+00:00,2.202098846435547,3.8909616470336914,3.3652000427246094
3,AT,AKC,urban,2023-04-24T14:00:00+00:00,2023-04-24T17:00:00+00:00,3.061399459838867,3.886122703552246,3.1091995239257812
3,AT,AKC,urban,2023-04-24T15:00:00+00:00,2023-04-24T18:00:00+00:00,3.0143489837646484,3.5952396392822266,2.704400062561035
3,AT,AKC,urban,2023-04-24T16:00:00+00:00,2023-04-24T19:00:00+00:00,3.2609500885009766,3.0630741119384766,2.202098846435547
3,AT,AKC,urban,2023-04-24T17:00:00+00:00,2023-04-24T20:00:00+00:00,3.460200309753418,3.758371353149414,3.061399459838867
3,AT,AKC,urban,2023-04-24T18:00:00+00:00,2023-04-24T21:00:00+00:00,3.7424001693725586,3.6980466842651367,3.0143489837646484
3,AT,AKC,urban,2023-04-24T19:00:00+00:00,2023-04-24T22:00:00+00:00,3.6586990356445312,3.85697078704834,3.2609500885009766
3,AT,AKC,urban,2023-04-24T20:00:00+00:00,2023-04-24T23:00:00+00:00,3.839099884033203,3.9215383529663086,3.460200309753418
3,AT,AKC,urban,2023-04-24T21:00:00+00:00,2023-04-25T00:00:00+00:00,3.8863487243652344,4.052002906799316,3.7424001693725586
3,AT,AKC,urban,2023-04-24T22:00:00+00:00,2023-04-25T01:00:00+00:00,4.287848949432373,3.9053096771240234,3.6586990356445312
3,AT,AKC,urban,2023-04-24T23:00:00+00:00,2023-04-25T02:00:00+00:00,4.707949161529541,4.1808319091796875,3.839099884033203
3,AT,AKC,urban,2023-04-25T00:00:00+00:00,2023-04-25T03:00:00+00:00,5.3171000480651855,4.272119045257568,3.8863487243652344
3,AT,AKC,urban,2023-04-25T01:00:00+00:00,2023-04-25T04:00:00+00:00,5.528948783874512,4.805387020111084,4.287848949432373
3,AT,AKC,urban,2023-04-25T02:00:00+00:00,2023-04-25T05:00:00+00:00,6.3854498863220215,5.41278600692749,4.707949161529541
3,AT,AKC,urban,2023-04-25T03:00:00+00:00,2023-04-25T06:00:00+00:00,6.123848915100098,5.962559223175049,5.3171000480651855
3,AT,AKC,urban,2023-04-25T04:00:00+00:00,2023-04-25T07:00:00+00:00,6.302498817443848,6.0340681076049805,5.528948783874512
3,AT,AKC,urban,2023-04-25T05:00:00+00:00,2023-04-25T08:00:00+00:00,7.545300006866455,6.509559631347656,6.3854498863220215
3,AT,AKC,urban,2023-04-25T06:00:00+00:00,2023-04-25T09:00:00+00:00,6.477798938751221,6.146020889282227,6.123848915100098
3,AT,AKC,urban,2023-04-25T07:00:00+00:00,2023-04-25T10:00:00+00:00,4.317850112915039,6.337971210479736,6.302498817443848
3,AT,AKC,urban,2023-04-25T08:00:00+00:00,2023-04-25T11:00:00+00:00,5.650149345397949,7.40409517288208,7.545300006866455
3,AT,AKC,urban,2023-04-25T09:00:00+00:00,2023-04-25T12:00:00+00:00,4.170050144195557,6.302943229675293,6.477798938751221
3,AT,AKC,urban,2023-04-25T10:00:00+00:00,2023-04-25T13:00:00+00:00,4.295899868011475,4.383756160736084,4.317850112915039
3,AT,AKC,urban,2023-04-25T11:00:00+00:00,2023-04-25T14:00:00+00:00,3.82450008392334,5.7113189697265625,5.650149345397949
3,AT,AKC,urban,2023-04-25T12:00:00+00:00,2023-04-25T15:00:00+00:00,3.2863988876342773,4.496095180511475,4.170050144195557
3,AT,AKC,urban,2023-04-25T13:00:00+00:00,2023-04-25T16:00:00+00:00,2.4314489364624023,4.72269868850708,4.295899868011475
3,AT,AKC,urban,2023-04-25T14:00:00+00:00,2023-04-25T17:00:00+00:00,2.663848876953125,4.3401055335998535,3.82450008392334
3,AT,AKC,urban,2023-04-25T15:00:00+00:00,2023-04-25T18:00:00+00:00,2.4036989212036133,4.003984451293945,3.2863988876342773
3,AT,AKC,urban,2023-04-25T16:00:00+00:00,2023-04-25T19:00:00+00:00,2.382598876953125,3.24172306060791,2.4314489364624023
3,AT,AKC,urban,2023-04-25T17:00:00+00:00,2023-04-25T20:00:00+00:00,2.8582992553710938,3.339003562927246,2.663848876953125
3,AT,AKC,urban,2023-04-25T18:00:00+00:00,2023-04-25T21:00:00+00:00,3.3052492141723633,3.3740406036376953,2.4036989212036133
3,AT,AKC,urban,2023-04-25T19:00:00+00:00,2023-04-25T22:00:00+00:00,5.188649654388428,3.276186943054199,2.382598876953125
3,AT,AKC,urban,2023-04-25T20:00:00+00:00,2023-04-25T23:00:00+00:00,7.5081000328063965,3.552069664001465,2.8582992553710938
3,AT,AKC,urban,2023-04-25T21:00:00+00:00,2023-04-26T00:00:00+00:00,9.51200008392334,3.8930511474609375,3.3052492141723633
3,AT,AKC,urban,2023-04-25T22:00:00+00:00,2023-04-26T01:00:00+00:00,8.740850448608398,5.536922454833984,5.188649654388428
3,AT,AKC,urban,2023-04-25T23:00:00+00:00,2023-04-26T02:00:00+00:00,7.8043999671936035,7.734464168548584,7.5081000328063965
3,AT,AKC,urban,2023-04-26T00:00:00+00:00,2023-04-26T03:00:00+00:00,7.125150203704834,9.804559707641602,9.51200008392334
3,AT,AKC,urban,2023-04-26T01:00:00+00:00,2023-04-26T04:00:00+00:00,7.693749904632568,9.076169967651367,8.740850448608398
3,AT,AKC,urban,2023-04-26T02:00:00+00:00,2023-04-26T05:00:00+00:00,7.673398971557617,8.23546028137207,7.8043999671936035
3,AT,AKC,urban,2023-04-26T03:00:00+00:00,2023-04-26T06:00:00+00:00,7.578299045562744,7.795348167419434,7.125150203704834
3,AT,AKC,urban,2023-04-26T04:00:00+00:00,2023-04-26T07:00:00+00:00,7.430998802185059,8.237066268920898,7.693749904632568
3,AT,AKC,urban,2023-04-26T05:00:00+00:00,2023-04-26T08:00:00+00:00,7.2056498527526855,7.937835216522217,7.673398971557617
3,AT,AKC,urban,2023-04-26T06:00:00+00:00,2023-04-26T09:00:00+00:00,6.572299003601074,7.655664443969727,7.578299045562744
3,AT,AKC,urban,2023-04-26T07:00:00+00:00,2023-04-26T10:00:00+00:00,7.045400142669678,7.350708961486816,7.430998802185059
3,AT,AKC,urban,2023-04-26T08:00:00+00:00,2023-04-26T11:00:00+00:00,6.736000061035156,6.991913318634033,7.2056498527526855
3,AT,AKC,urban,2023-04-26T09:00:00+00:00,2023-04-26T12:00:00+00:00,5.233250141143799,6.53581428527832,6.572299003601074
3,AT,AKC,urban,2023-04-26T10:00:00+00:00,2023-04-26T13:00:00+00:00,4.862198829650879,6.964558124542236,7.045400142669678
3,AT,AKC,urban,2023-04-26T11:00:00+00:00,2023-04-26T14:00:00+00:00,4.652850151062012,6.626283645629883,6.736000061035156
3,AT,AKC,urban,2023-04-26T12:00:00+00:00,2023-04-26T15:00:00+00:00,4.747799396514893,5.381242752075195,5.233250141143799
3,AT,AKC,urban,2023-04-26T13:00:00+00:00,2023-04-26T16:00:00+00:00,4.831500053405762,5.249782562255859,4.862198829650879
3,AT,AKC,urban,2023-04-26T14:00:00+00:00,2023-04-26T17:00:00+00:00,5.650349140167236,5.155691146850586,4.652850151062012
3,AT,AKC,urban,2023-04-26T15:00:00+00:00,2023-04-26T18:00:00+00:00,6.807398796081543,5.394242763519287,4.747799396514893
3,AT,AKC,urban,2023-04-26T16:00:00+00:00,2023-04-26T19:00:00+00:00,7.656848907470703,5.871994972229004,4.831500053405762
3,AT,AKC,urban,2023-04-26T17:00:00+00:00,2023-04-26T20:00:00+00:00,7.802948951721191,7.170263290405273,5.650349140167236
3,AT,AKC,urban,2023-04-26T18:00:00+00:00,2023-04-26T21:00:00+00:00,7.260300159454346,8.184062957763672,6.807398796081543
3,AT,AKC,urban,2023-04-26T19:00:00+00:00,2023-04-26T22:00:00+00:00,7.102449417114258,8.329608917236328,7.656848907470703
3,AT,AKC,urban,2023-04-26T20:00:00+00:00,2023-04-26T23:00:00+00:00,7.216700077056885,8.072046279907227,7.802948951721191
3,AT,AKC,urban,2023-04-26T21:00:00+00:00,2023-04-27T00:00:00+00:00,6.653649806976318,7.737785339355469,7.260300159454346
3,AT,AKC,urban,2023-04-26T22:00:00+00:00,2023-04-27T01:00:00+00:00,6.500198841094971,7.828594207763672,7.102449417114258
3,AT,AKC,urban,2023-04-26T23:00:00+00:00,2023-04-27T02:00:00+00:00,6.406000137329102,7.664113998413086,7.216700077056885
3,AT,AKC,urban,2023-04-27T00:00:00+00:00,2023-04-27T03:00:00+00:00,7.360848903656006,7.486449241638184,6.653649806976318
3,AT,AKC,urban,2023-04-27T01:00:00+00:00,2023-04-27T04:00:00+00:00,8.569398880004883,7.682732582092285,6.500198841094971
3,AT,AKC,urban,2023-04-27T02:00:00+00:00,2023-04-27T05:00:00+00:00,9.34799861907959,7.77690315246582,6.406000137329102
3,AT,AKC,urban,2023-04-27T03:00:00+00:00,2023-04-27T06:00:00+00:00,9.931299209594727,8.679841041564941,7.360848903656006
3,AT,AKC,urban,2023-04-27T04:00:00+00:00,2023-04-27T07:00:00+00:00,9.765549659729004,9.907413482666016,8.569398880004883
3,AT,AKC,urban,2023-04-27T05:00:00+00:00,2023-04-27T08:00:00+00:00,10.201000213623047,9.087140083312988,9.34799861907959
3,AT,AKC,urban,2023-04-27T06:00:00+00:00,2023-04-27T09:00:00+00:00,10.23425006866455,8.969128608703613,9.931299209594727
3,AT,AKC,urban,2023-04-27T07:00:00+00:00,2023-04-27T10:00:00+00:00,9.768349647521973,8.556772232055664,9.765549659729004
3,AT,AKC,urban,2023-04-27T08:00:00+00:00,2023-04-27T11:00:00+00:00,10.596500396728516,9.003971099853516,10.201000213623047
3,AT,AKC,urban,2023-04-27T09:00:00+00:00,2023-04-27T12:00:00+00:00,10.729999542236328,9.304683685302734,10.23425006866455
3,AT,AKC,urban,2023-04-27T10:00:00+00:00,2023-04-27T13:00:00+00:00,8.502948760986328,9.242297172546387,9.768349647521973
3,AT,AKC,urban,2023-04-27T11:00:00+00:00,2023-04-27T14:00:00+00:00,6.892299175262451,9.970266342163086,10.596500396728516
3,AT,AKC,urban,2023-04-27T12:00:00+00:00,2023-04-27T15:00:00+00:00,6.5945000648498535,10.203424453735352,10.729999542236328
3,AT,AKC,urban,2023-04-27T13:00:00+00:00,2023-04-27T16:00:00+00:00,6.375699043273926,8.372984886169434,8.502948760986328
3,AT,AKC,urban,2023-04-27T14:00:00+00:00,2023-04-27T17:00:00+00:00,6.876598834991455,7.289015769958496,6.892299175262451
3,AT,AKC,urban,2023-04-27T15:00:00+00:00,2023-04-27T18:00:00+00:00,8.571398735046387,7.71281623840332,6.5945000648498535
3,AT,AKC,urban,2023-04-27T16:00:00+00:00,2023-04-27T19:00:00+00:00,9.5431489944458,8.26068115234375,6.375699043273926
3,AT,AKC,urban,2023-04-27T17:00:00+00:00,2023-04-27T20:00:00+00:00,9.55055046081543,9.132732391357422,6.876598834991455
3,AT,AKC,urban,2023-04-27T18:00:00+00:00,2023-04-27T21:00:00+00:00,11.32800006866455,10.348838806152344,8.571398735046387
3,AT,AKC,urban,2023-04-27T19:00:00+00:00,2023-04-27T22:00:00+00:00,10.759499549865723,11.07433795928955,9.5431489944458
3,AT,AKC,urban,2023-04-27T20:00:00+00:00,2023-04-27T23:00:00+00:00,11.54800033569336,10.287177085876465,9.55055046081543
3,AT,AKC,urban,2023-04-27T21:00:00+00:00,2023-04-28T00:00:00+00:00,11.406999588012695,11.080256462097168,11.32800006866455
3,AT,AKC,urban,2023-04-27T22:00:00+00:00,2023-04-28T01:00:00+00:00,10.765000343322754,10.67068862915039,10.759499549865723
3,AT,AKC,urban,2023-04-27T23:00:00+00:00,2023-04-28T02:00:00+00:00,11.67549991607666,11.589679718017578,11.54800033569336
3,AT,AKC,urban,2023-04-28T00:00:00+00:00,2023-04-28T03:00:00+00:00,12.904000282287598,11.889386177062988,11.406999588012695
3,AT,AKC,urban,2023-04-28T01:00:00+00:00,2023-04-28T04:00:00+00:00,13.500499725341797,11.353805541992188,10.765000343322754
3,AT,AKC,urban,2023-04-28T02:00:00+00:00,2023-04-28T05:00:00+00:00,14.419500350952148,13.185633659362793,11.67549991607666
3,AT,AKC,urban,2023-04-28T03:00:00+00:00,2023-04-28T06:00:00+00:00,13.588000297546387,14.047744750976562,12.904000282287598
3,AT,AKC,urban,2023-04-28T04:00:00+00:00,2023-04-28T07:00:00+00:00,12.300999641418457,13.554702758789062,13.500499725341797
3,AT,AKC,urban,2023-04-28T05:00:00+00:00,2023-04-28T08:00:00+00:00,10.328049659729004,13.244696617126465,14.419500350952148
3,AT,AKC,urban,2023-04-28T06:00:00+00:00,2023-04-28T09:00:00+00:00,9.772998809814453,12.146596908569336,13.588000297546387
3,AT,AKC,urban,2023-04-28T07:00:00+00:00,2023-04-28T10:00:00+00:00,9.52970027923584,10.614946365356445,12.300999641418457
3,AT,AKC,urban,2023-04-28T08:00:00+00:00,2023-04-28T11:00:00+00:00,7.636699199676514,9.136544227600098,10.328049659729004
3,AT,AKC,urban,2023-04-28T09:00:00+00:00,2023-04-28T12:00:00+00:00,8.455299377441406,8.835184097290039,9.772998809814453
3,AT,AKC,urban,2023-04-28T10:00:00+00:00,2023-04-28T13:00:00+00:00,8.007948875427246,8.842386245727539,9.52970027923584
3,AT,AKC,urban,2023-04-28T11:00:00+00:00,2023-04-28T14:00:00+00:00,8.339448928833008,7.189004898071289,7.636699199676514
3,AT,AKC,urban,2023-04-28T12:00:00+00:00,2023-04-28T15:00:00+00:00,9.354249000549316,8.017755508422852,8.455299377441406
3,AT,AKC,urban,2023-04-28T13:00:00+00:00,2023-04-28T16:00:00+00:00,10.593000411987305,7.849891662597656,8.007948875427246
3,AT,AKC,urban,2023-04-28T14:00:00+00:00,2023-04-28T17:00:00+00:00,11.560500144958496,8.601593971252441,8.339448928833008
3,AT,AKC,urban,2023-04-28T15:00:00+00:00,2023-04-28T18:00:00+00:00,12.104499816894531,9.697861671447754,9.354249000549316
3,AT,AKC,urban,2023-04-28T16:00:00+00:00,2023-04-28T19:00:00+00:00,14.420000076293945,11.233999252319336,10.593000411987305
3,AT,AKC,urban,2023-04-28T17:00:00+00:00,2023-04-28T20:00:00+00:00,14.419500350952148,13.118278503417969,11.560500144958496
3,AT,AKC,urban,2023-04-28T18:00:00+00:00,2023-04-28T21:00:00+00:00,15.27750015258789,13.996407508850098,12.104499816894531
3,AT,AKC,urban,2023-04-28T19:00:00+00:00,2023-04-28T22:00:00+00:00,15.880499839782715,16.080387115478516,14.420000076293945
3,AT,AKC,urban,2023-04-28T20:00:00+00:00,2023-04-28T23:00:00+00:00,15.843999862670898,15.654539108276367,14.419500350952148
3,AT,AKC,urban,2023-04-28T21:00:00+00:00,2023-04-29T00:00:00+00:00,17.222999572753906,16.230337142944336,15.27750015258789
3,AT,AKC,urban,2023-04-28T22:00:00+00:00,2023-04-29T01:00:00+00:00,15.968500137329102,16.145761489868164,15.880499839782715
3,AT,AKC,urban,2023-04-28T23:00:00+00:00,2023-04-29T02:00:00+00:00,18.608999252319336,15.994503021240234,15.843999862670898
3,AT,AKC,urban,2023-04-29T00:00:00+00:00,2023-04-29T03:00:00+00:00,17.100000381469727,17.1606502532959,17.222999572753906
3,AT,AKC,urban,2023-04-29T01:00:00+00:00,2023-04-29T04:00:00+00:00,16.469499588012695,14.213980674743652,15.968500137329102
3,AT,AKC,urban,2023-04-29T02:00:00+00:00,2023-04-29T05:00:00+00:00,16.990999221801758,15.479303359985352,18.608999252319336
3,AT,AKC,urban,2023-04-29T03:00:00+00:00,2023-04-29T06:00:00+00:00,15.361499786376953,12.19003963470459,17.100000381469727
3,AT,AKC,urban,2023-04-29T04:00:00+00:00,2023-04-29T07:00:00+00:00,13.125499725341797,11.461491584777832,16.469499588012695
3,AT,AKC,urban,2023-04-29T05:00:00+00:00,2023-04-29T08:00:00+00:00,9.425950050354004,12.057711601257324,16.990999221801758
3,AT,AKC,urban,2023-04-29T06:00:00+00:00,2023-04-29T09:00:00+00:00,6.011798858642578,11.449335098266602,15.361499786376953
3,AT,AKC,urban,2023-04-29T07:00:00+00:00,2023-04-29T10:00:00+00:00,6.389500141143799,9.757845878601074,13.125499725341797
3,AT,AKC,urban,2023-04-29T08:00:00+00:00,2023-04-29T11:00:00+00:00,12.968000411987305,8.48208236694336,9.425950050354004
3,AT,AKC,urban,2023-04-29T09:00:00+00:00,2023-04-29T12:00:00+00:00,10.408499717712402,6.012825965881348,6.011798858642578
3,AT,AKC,urban,2023-04-29T10:00:00+00:00,2023-04-29T13:00:00+00:00,7.07105016708374,6.502871036529541,6.389500141143799
3,AT,AKC,urban,2023-04-29T11:00:00+00:00,2023-04-29T14:00:00+00:00,4.515850067138672,11.960029602050781,12.968000411987305
3,AT,AKC,urban,2023-04-29T12:00:00+00:00,2023-04-29T15:00:00+00:00,3.52554988861084,11.01745891571045,10.408499717712402
3,AT,AKC,urban,2023-04-29T13:00:00+00:00,2023-04-29T16:00:00+00:00,4.069549560546875,7.810629844665527,7.07105016708374
3,AT,AKC,urban,2023-04-29T14:00:00+00:00,2023-04-29T17:00:00+00:00,6.033899784088135,5.549986839294434,4.515850067138672
3,AT,AKC,urban,2023-04-29T15:00:00+00:00,2023-04-29T18:00:00+00:00,5.621048927307129,5.704690933227539,3.52554988861084
3,AT,AKC,urban,2023-04-29T16:00:00+00:00,2023-04-29T19:00:00+00:00,7.0071001052856445,6.894176483154297,4.069549560546875
3,AT,AKC,urban,2023-04-29T17:00:00+00:00,2023-04-29T20:00:00+00:00,6.527850151062012,8.334136962890625,6.033899784088135
3,AT,AKC,urban,2023-04-29T18:00:00+00:00,2023-04-29T21:00:00+00:00,5.745048999786377,7.163650035858154,5.621048927307129
3,AT,AKC,urban,2023-04-29T19:00:00+00:00,2023-04-29T22:00:00+00:00,6.9588494300842285,7.991286754608154,7.0071001052856445
3,AT,AKC,urban,2023-04-29T20:00:00+00:00,2023-04-29T23:00:00+00:00,8.110698699951172,7.175351142883301,6.527850151062012
3,AT,AKC,urban,2023-04-29T21:00:00+00:00,2023-04-30T00:00:00+00:00,7.760299205780029,6.3061909675598145,5.745048999786377
3,AT,AKC,urban,2023-04-29T22:00:00+00:00,2023-04-30T01:00:00+00:00,9.022198677062988,7.359522819519043,6.9588494300842285
3,AT,AKC,urban,2023-04-29T23:00:00+00:00,2023-04-30T02:00:00+00:00,11.680000305175781,8.50989818572998,8.110698699951172
3,AT,AKC,urban,2023-04-30T00:00:00+00:00,2023-04-30T03:00:00+00:00,12.512499809265137,8.118803024291992,7.760299205780029
3,AT,AKC,urban,2023-04-30T01:00:00+00:00,2023-04-30T04:00:00+00:00,11.659000396728516,9.324630737304688,9.022198677062988
3,AT,AKC,urban,2023-04-30T02:00:00+00:00,2023-04-30T05:00:00+00:00,11.878000259399414,11.435216903686523,11.680000305175781
3,AT,AKC,urban,2023-04-30T03:00:00+00:00,2023-04-30T06:00:00+00:00,11.41349983215332,11.866754531860352,12.512499809265137
3,AT,AKC,urban,2023-04-30T04:00:00+00:00,2023-04-30T07:00:00+00:00,10.652000427246094,11.114603042602539,11.659000396728516
3,AT,AKC,urban,2023-04-30T05:00:00+00:00,2023-04-30T08:00:00+00:00,10.354999542236328,11.142984390258789,11.878000259399414
3,AT,AKC,urban,2023-04-30T06:00:00+00:00,2023-04-30T09:00:00+00:00,10.468000411987305,10.586746215820312,11.41349983215332
3,AT,AKC,urban,2023-04-30T07:00:00+00:00,2023-04-30T10:00:00+00:00,10.621500015258789,9.655045509338379,10.652000427246094
3,AT,AKC,urban,2023-04-30T08:00:00+00:00,2023-04-30T11:00:00+00:00,11.65250015258789,9.345132827758789,10.354999542236328
3,AT,AKC,urban,2023-04-30T09:00:00+00:00,2023-04-30T12:00:00+00:00,11.04699993133545,9.521529197692871,10.468000411987305
3,AT,AKC,urban,2023-04-30T10:00:00+00:00,2023-04-30T13:00:00+00:00,9.939800262451172,9.65556526184082,10.621500015258789
3,AT,AKC,urban,2023-04-30T11:00:00+00:00,2023-04-30T14:00:00+00:00,9.055098533630371,10.556565284729004,11.65250015258789
3,AT,AKC,urban,2023-04-30T12:00:00+00:00,2023-04-30T15:00:00+00:00,8.36655044555664,10.270805358886719,11.04699993133545
3,AT,AKC,urban,2023-04-30T13:00:00+00:00,2023-04-30T16:00:00+00:00,8.696800231933594,9.446310043334961,9.939800262451172
3,AT,AKC,urban,2023-04-30T14:00:00+00:00,2023-04-30T17:00:00+00:00,8.773900032043457,9.291547775268555,9.055098533630371
3,AT,AKC,urban,2023-04-30T15:00:00+00:00,2023-04-30T18:00:00+00:00,8.975648880004883,9.206367492675781,8.36655044555664
3,AT,AKC,urban,2023-04-30T16:00:00+00:00,2023-04-30T19:00:00+00:00,10.597999572753906,10.706911087036133,8.696800231933594
3,AT,AKC,urban,2023-04-30T17:00:00+00:00,2023-04-30T20:00:00+00:00,11.418999671936035,10.70022964477539,8.773900032043457
3,AT,AKC,urban,2023-04-30T18:00:00+00:00,2023-04-30T21:00:00+00:00,8.555700302124023,10.348249435424805,8.975648880004883
3,AT,AKC,urban,2023-04-30T19:00:00+00:00,2023-04-30T22:00:00+00:00,8.429598808288574,12.434309959411621,10.597999572753906
3,AT,AKC,urban,2023-04-30T20:00:00+00:00,2023-04-30T23:00:00+00:00,8.477100372314453,13.131112098693848,11.418999671936035
3,AT,AKC,urban,2023-04-30T21:00:00+00:00,2023-05-01T00:00:00+00:00,8.007149696350098,9.869306564331055,8.555700302124023
3,AT,AKC,urban,2023-04-30T22:00:00+00:00,2023-05-01T01:00:00+00:00,7.88824987411499,10.231837272644043,8.429598808288574
3,AT,AKC,urban,2023-04-30T23:00:00+00:00,2023-05-01T02:00:00+00:00,7.8993988037109375,10.15907096862793,8.477100372314453
3,AT,AKC,urban,2023-05-01T00:00:00+00:00,2023-05-01T03:00:00+00:00,8.579898834228516,9.633804321289062,8.007149696350098
3,AT,AKC,urban,2023-05-01T01:00:00+00:00,2023-05-01T04:00:00+00:00,8.308198928833008,9.753851890563965,7.88824987411499
3,AT,AKC,urban,2023-05-01T02:00:00+00:00,2023-05-01T05:00:00+00:00,9.038748741149902,9.895967483520508,7.8993988037109375
3,AT,AKC,urban,2023-05-01T03:00:00+00:00,2023-05-01T06:00:00+00:00,9.885398864746094,10.831795692443848,8.579898834228516
3,AT,AKC,urban,2023-05-01T04:00:00+00:00,2023-05-01T07:00:00+00:00,11.107000350952148,10.46000862121582,8.308198928833008
3,AT,AKC,urban,2023-05-01T05:00:00+00:00,2023-05-01T08:00:00+00:00,12.081500053405762,9.955245018005371,9.038748741149902
3,AT,AKC,urban,2023-05-01T06:00:00+00:00,2023-05-01T09:00:00+00:00,9.85059928894043,9.9603271484375,9.885398864746094
3,AT,AKC,urban,2023-05-01T07:00:00+00:00,2023-05-01T10:00:00+00:00,9.165349006652832,10.320684432983398,11.107000350952148
3,AT,AKC,urban,2023-05-01T08:00:00+00:00,2023-05-01T11:00:00+00:00,7.738948822021484,10.608549118041992,12.081500053405762
3,AT,AKC,urban,2023-05-01T09:00:00+00:00,2023-05-01T12:00:00+00:00,6.297149181365967,8.681443214416504,9.85059928894043
3,AT,AKC,urban,2023-05-01T10:00:00+00:00,2023-05-01T13:00:00+00:00,5.9944000244140625,8.258307456970215,9.165349006652832
3,AT,AKC,urban,2023-05-01T11:00:00+00:00,2023-05-01T14:00:00+00:00,5.735599040985107,7.2795329093933105,7.738948822021484
3,AT,AKC,urban,2023-05-01T12:00:00+00:00,2023-05-01T15:00:00+00:00,5.625598907470703,6.0553789138793945,6.297149181365967
3,AT,AKC,urban,2023-05-01T13:00:00+00:00,2023-05-01T16:00:00+00:00,5.847848892211914,5.9822516441345215,5.9944000244140625
3,AT,AKC,urban,2023-05-01T14:00:00+00:00,2023-05-01T17:00:00+00:00,6.227999687194824,5.968172550201416,5.735599040985107
3,AT,AKC,urban,2023-05-01T15:00:00+00:00,2023-05-01T18:00:00+00:00,6.677450180053711,5.966708660125732,5.625598907470703
3,AT,AKC,urban,2023-05-01T16:00:00+00:00,2023-05-01T19:00:00+00:00,6.882649898529053,6.454930305480957,5.847848892211914
3,AT,AKC,urban,2023-05-01T17:00:00+00:00,2023-05-01T20:00:00+00:00,7.565100193023682,7.160853862762451,6.227999687194824
3,AT,AKC,urban,2023-05-01T18:00:00+00:00,2023-05-01T21:00:00+00:00,7.752900123596191,7.9614057540893555,6.677450180053711
3,AT,AKC,urban,2023-05-01T19:00:00+00:00,2023-05-01T22:00:00+00:00,7.5093488693237305,8.078071594238281,6.882649898529053
3,AT,AKC,urban,2023-05-01T20:00:00+00:00,2023-05-01T23:00:00+00:00,8.13895034790039,8.564216613769531,7.565100193023682
3,AT,AKC,urban,2023-05-01T21:00:00+00:00,2023-05-02T00:00:00+00:00,8.884598731994629,8.584940910339355,7.752900123596191
3,AT,AKC,urban,2023-05-01T22:00:00+00:00,2023-05-02T01:00:00+00:00,11.572500228881836,8.412705421447754,7.5093488693237305
3,AT,AKC,urban,2023-05-01T23:00:00+00:00,2023-05-02T02:00:00+00:00,9.621048927307129,9.348209381103516,8.13895034790039
3,AT,AKC,urban,2023-05-02T00:00:00+00:00,2023-05-02T03:00:00+00:00,10.843500137329102,10.19109058380127,8.884598731994629
3,AT,AKC,urban,2023-05-02T01:00:00+00:00,2023-05-02T04:00:00+00:00,12.121999740600586,13.086405754089355,11.572500228881836
3,AT,AKC,urban,2023-05-02T02:00:00+00:00,2023-05-02T05:00:00+00:00,12.65250015258789,11.20608901977539,9.621048927307129
3,AT,AKC,urban,2023-05-02T03:00:00+00:00,2023-05-02T06:00:00+00:00,12.653499603271484,12.346510887145996,10.843500137329102
3,AT,AKC,urban,2023-05-02T04:00:00+00:00,2023-05-02T07:00:00+00:00,11.600500106811523,12.117143630981445,12.121999740600586
3,AT,AKC,urban,2023-05-02T05:00:00+00:00,2023-05-02T08:00:00+00:00,11.427499771118164,11.021733283996582,12.65250015258789
3,AT,AKC,urban,2023-05-02T06:00:00+00:00,2023-05-02T09:00:00+00:00,9.615448951721191,11.41920280456543,12.653499603271484
3,AT,AKC,urban,2023-05-02T07:00:00+00:00,2023-05-02T10:00:00+00:00,10.137749671936035,10.136282920837402,11.600500106811523
3,AT,AKC,urban,2023-05-02T08:00:00+00:00,2023-05-02T11:00:00+00:00,11.185500144958496,9.1683988571167,11.427499771118164
3,AT,AKC,urban,2023-05-02T09:00:00+00:00,2023-05-02T12:00:00+00:00,12.038999557495117,8.354936599731445,9.615448951721191
3,AT,AKC,urban,2023-05-02T10:00:00+00:00,2023-05-02T13:00:00+00:00,13.51099967956543,9.393117904663086,10.137749671936035
3,AT,AKC,urban,2023-05-02T11:00:00+00:00,2023-05-02T14:00:00+00:00,14.291999816894531,10.318045616149902,11.185500144958496
3,AT,AKC,urban,2023-05-02T12:00:00+00:00,2023-05-02T15:00:00+00:00,13.756999969482422,10.84537410736084,12.038999557495117
3,AT,AKC,urban,2023-05-02T13:00:00+00:00,2023-05-02T16:00:00+00:00,14.25,12.345457077026367,13.51099967956543
3,AT,AKC,urban,2023-05-02T14:00:00+00:00,2023-05-02T17:00:00+00:00,14.486000061035156,13.178464889526367,14.291999816894531
3,AT,AKC,urban,2023-05-02T15:00:00+00:00,2023-05-02T18:00:00+00:00,10.966500282287598,13.050350189208984,13.756999969482422
3,AT,AKC,urban,2023-05-02T16:00:00+00:00,2023-05-02T19:00:00+00:00,12.4975004196167,13.696649551391602,14.25
3,AT,AKC,urban,2023-05-02T17:00:00+00:00,2023-05-02T20:00:00+00:00,12.628999710083008,13.999067306518555,14.486000061035156
3,AT,AKC,urban,2023-05-02T18:00:00+00:00,2023-05-02T21:00:00+00:00,13.1225004196167,11.152532577514648,10.966500282287598
3,AT,AKC,urban,2023-05-02T19:00:00+00:00,2023-05-02T22:00:00+00:00,11.418000221252441,13.12699031829834,12.4975004196167
3,AT,AKC,urban,2023-05-02T20:00:00+00:00,2023-05-02T23:00:00+00:00,11.57800006866455,12.982500076293945,12.628999710083008
3,AT,AKC,urban,2023-05-02T21:00:00+00:00,2023-05-03T00:00:00+00:00,11.831999778747559,13.651589393615723,13.1225004196167
3,AT,AKC,urban,2023-05-02T22:00:00+00:00,2023-05-03T01:00:00+00:00,12.61400032043457,11.864014625549316,11.418000221252441
3,AT,AKC,urban,2023-05-02T23:00:00+00:00,2023-05-03T02:00:00+00:00,12.437000274658203,12.276347160339355,11.57800006866455
3,AT,AKC,urban,2023-05-03T00:00:00+00:00,2023-05-03T03:00:00+00:00,12.19950008392334,12.972850799560547,11.831999778747559
3,AT,AKC,urban,2023-05-03T01:00:00+00:00,2023-05-03T04:00:00+00:00,14.001500129699707,12.945155143737793,12.61400032043457
3,AT,AKC,urban,2023-05-03T02:00:00+00:00,2023-05-03T05:00:00+00:00,13.767499923706055,12.555685997009277,12.437000274658203
3,AT,AKC,urban,2023-05-03T03:00:00+00:00,2023-05-03T06:00:00+00:00,12.915499687194824,12.478384017944336,12.19950008392334
3,AT,AKC,urban,2023-05-03T04:00:00+00:00,2023-05-03T07:00:00+00:00,13.380000114440918,13.37514877319336,14.001500129699707
3,AT,AKC,urban,2023-05-03T05:00:00+00:00,2023-05-03T08:00:00+00:00,12.767499923706055,12.074369430541992,13.767499923706055
3,AT,AKC,urban,2023-05-03T06:00:00+00:00,2023-05-03T09:00:00+00:00,11.91349983215332,11.552289962768555,12.915499687194824
3,AT,AKC,urban,2023-05-03T07:00:00+00:00,2023-05-03T10:00:00+00:00,10.855999946594238,11.329662322998047,13.380000114440918
3,AT,AKC,urban,2023-05-03T08:00:00+00:00,2023-05-03T11:00:00+00:00,9.397100448608398,10.397132873535156,12.767499923706055
3,AT,AKC,urban,2023-05-03T09:00:00+00:00,2023-05-03T12:00:00+00:00,10.183500289916992,9.99189567565918,11.91349983215332
3,AT,AKC,urban,2023-05-03T10:00:00+00:00,2023-05-03T13:00:00+00:00,9.258448600769043,9.396278381347656,10.855999946594238
3,AT,AKC,urban,2023-05-03T11:00:00+00:00,2023-05-03T14:00:00+00:00,9.0024995803833,8.600716590881348,9.397100448608398
3,AT,AKC,urban,2023-05-03T12:00:00+00:00,2023-05-03T15:00:00+00:00,9.648750305175781,9.493094444274902,10.183500289916992
3,AT,AKC,urban,2023-05-03T13:00:00+00:00,2023-05-03T16:00:00+00:00,10.067000389099121,8.984613418579102,9.258448600769043
3,AT,AKC,urban,2023-05-03T14:00:00+00:00,2023-05-03T17:00:00+00:00,9.825148582458496,9.095169067382812,9.0024995803833
3,AT,AKC,urban,2023-05-03T15:00:00+00:00,2023-05-03T18:00:00+00:00,10.843999862670898,9.820097923278809,9.648750305175781
3,AT,AKC,urban,2023-05-03T16:00:00+00:00,2023-05-03T19:00:00+00:00,11.91100025177002,10.55211353302002,10.067000389099121
3,AT,AKC,urban,2023-05-03T17:00:00+00:00,2023-05-03T20:00:00+00:00,13.491000175476074,10.704521179199219,9.825148582458496
3,AT,AKC,urban,2023-05-03T18:00:00+00:00,2023-05-03T21:00:00+00:00,15.668000221252441,12.554258346557617,10.843999862670898
3,AT,AKC,urban,2023-05-03T19:00:00+00:00,2023-05-03T22:00:00+00:00,14.407999992370605,13.340242385864258,11.91100025177002
3,AT,AKC,urban,2023-05-03T20:00:00+00:00,2023-05-03T23:00:00+00:00,12.593999862670898,14.676905632019043,13.491000175476074
3,AT,AKC,urban,2023-05-03T21:00:00+00:00,2023-05-04T00:00:00+00:00,10.84749984741211,16.501419067382812,15.668000221252441
3,AT,AKC,urban,2023-05-03T22:00:00+00:00,2023-05-04T01:00:00+00:00,10.330499649047852,14.735846519470215,14.407999992370605
3,AT,AKC,urban,2023-05-03T23:00:00+00:00,2023-05-04T02:00:00+00:00,9.965998649597168,13.728263854980469,12.593999862670898
3,AT,AKC,urban,2023-05-04T00:00:00+00:00,2023-05-04T03:00:00+00:00,9.454750061035156,12.326133728027344,10.84749984741211
3,AT,AKC,urban,2023-05-04T01:00:00+00:00,2023-05-04T04:00:00+00:00,9.866048812866211,12.187392234802246,10.330499649047852
3,AT,AKC,urban,2023-05-04T02:00:00+00:00,2023-05-04T05:00:00+00:00,10.023599624633789,11.94350528717041,9.965998649597168
3,AT,AKC,urban,2023-05-04T03:00:00+00:00,2023-05-04T06:00:00+00:00,10.449000358581543,11.521982192993164,9.454750061035156
3,AT,AKC,urban,2023-05-04T04:00:00+00:00,2023-05-04T07:00:00+00:00,9.840350151062012,11.835838317871094,9.866048812866211
3,AT,AKC,urban,2023-05-04T05:00:00+00:00,2023-05-04T08:00:00+00:00,10.560999870300293,10.626667022705078,10.023599624633789
3,AT,AKC,urban,2023-05-04T06:00:00+00:00,2023-05-04T09:00:00+00:00,9.323100090026855,10.187615394592285,10.449000358581543
3,AT,AKC,urban,2023-05-04T07:00:00+00:00,2023-05-04T10:00:00+00:00,7.88730001449585,9.434415817260742,9.840350151062012
3,AT,AKC,urban,2023-05-04T08:00:00+00:00,2023-05-04T11:00:00+00:00,6.644749164581299,10.039588928222656,10.560999870300293
3,AT,AKC,urban,2023-05-04T09:00:00+00:00,2023-05-04T12:00:00+00:00,5.852999210357666,8.924704551696777,9.323100090026855
3,AT,AKC,urban,2023-05-04T10:00:00+00:00,2023-05-04T13:00:00+00:00,5.88309907913208,7.853316307067871,7.88730001449585
3,AT,AKC,urban,2023-05-04T11:00:00+00:00,2023-05-04T14:00:00+00:00,6.266550064086914,7.0828857421875,6.644749164581299
3,AT,AKC,urban,2023-05-04T12:00:00+00:00,2023-05-04T15:00:00+00:00,6.151648998260498,6.493768215179443,5.852999210357666
3,AT,AKC,urban,2023-05-04T13:00:00+00:00,2023-05-04T16:00:00+00:00,6.153800010681152,7.073427200317383,5.88309907913208
3,AT,AKC,urban,2023-05-04T14:00:00+00:00,2023-05-04T17:00:00+00:00,6.052700519561768,7.629680633544922,6.266550064086914
3,AT,AKC,urban,2023-05-04T15:00:00+00:00,2023-05-04T18:00:00+00:00,6.604349613189697,7.944226264953613,6.151648998260498
3,AT,AKC,urban,2023-05-04T16:00:00+00:00,2023-05-04T19:00:00+00:00,7.832398891448975,8.029304504394531,6.153800010681152
3,AT,AKC,urban,2023-05-04T17:00:00+00:00,2023-05-04T20:00:00+00:00,7.219299793243408,7.978256702423096,6.052700519561768
3,AT,AKC,urban,2023-05-04T18:00:00+00:00,2023-05-04T21:00:00+00:00,7.126150131225586,8.362125396728516,6.604349613189697
3,AT,AKC,urban,2023-05-04T19:00:00+00:00,2023-05-04T22:00:00+00:00,7.16855001449585,9.974987983703613,7.832398891448975
3,AT,AKC,urban,2023-05-04T20:00:00+00:00,2023-05-04T23:00:00+00:00,7.389400005340576,8.739441871643066,7.219299793243408
3,AT,AKC,urban,2023-05-04T21:00:00+00:00,2023-05-05T00:00:00+00:00,8.220600128173828,8.649569511413574,7.126150131225586
3,AT,AKC,urban,2023-05-04T22:00:00+00:00,2023-05-05T01:00:00+00:00,7.932700157165527,7.875248908996582,7.16855001449585
3,AT,AKC,urban,2023-05-04T23:00:00+00:00,2023-05-05T02:00:00+00:00,8.763348579406738,8.446107864379883,7.389400005340576
3,AT,AKC,urban,2023-05-05T00:00:00+00:00,2023-05-05T03:00:00+00:00,10.034000396728516,9.257242202758789,8.220600128173828
3,AT,AKC,urban,2023-05-05T01:00:00+00:00,2023-05-05T04:00:00+00:00,11.692500114440918,9.064513206481934,7.932700157165527
3,AT,AKC,urban,2023-05-05T02:00:00+00:00,2023-05-05T05:00:00+00:00,13.297499656677246,10.483220100402832,8.763348579406738
3,AT,AKC,urban,2023-05-05T03:00:00+00:00,2023-05-05T06:00:00+00:00,14.22249984741211,11.521097183227539,10.034000396728516
3,AT,AKC,urban,2023-05-05T04:00:00+00:00,2023-05-05T07:00:00+00:00,15.25,12.646589279174805,11.692500114440918
3,AT,AKC,urban,2023-05-05T05:00:00+00:00,2023-05-05T08:00:00+00:00,16.024999618530273,11.78630542755127,13.297499656677246
3,AT,AKC,urban,2023-05-05T06:00:00+00:00,2023-05-05T09:00:00+00:00,15.736000061035156,11.298263549804688,14.22249984741211
3,AT,AKC,urban,2023-05-05T07:00:00+00:00,2023-05-05T10:00:00+00:00,15.959500312805176,12.044276237487793,15.25
3,AT,AKC,urban,2023-05-05T08:00:00+00:00,2023-05-05T11:00:00+00:00,10.31725025177002,12.538193702697754,16.024999618530273
3,AT,AKC,urban,2023-05-05T09:00:00+00:00,2023-05-05T12:00:00+00:00,7.55210018157959,12.801854133605957,15.736000061035156
3,AT,AKC,urban,2023-05-05T10:00:00+00:00,2023-05-05T13:00:00+00:00,6.257849216461182,14.023723602294922,15.959500312805176
3,AT,AKC,urban,2023-05-05T11:00:00+00:00,2023-05-05T14:00:00+00:00,6.337100028991699,9.264121055603027,10.31725025177002
3,AT,AKC,urban,2023-05-05T12:00:00+00:00,2023-05-05T15:00:00+00:00,6.376248836517334,7.302030086517334,7.55210018157959
3,AT,AKC,urban,2023-05-05T13:00:00+00:00,2023-05-05T16:00:00+00:00,5.662549018859863,7.067238807678223,6.257849216461182
3,AT,AKC,urban,2023-05-05T14:00:00+00:00,2023-05-05T17:00:00+00:00,6.2864990234375,7.855236530303955,6.337100028991699
3,AT,AKC,urban,2023-05-05T15:00:00+00:00,2023-05-05T18:00:00+00:00,7.943150043487549,8.370027542114258,6.376248836517334
3,AT,AKC,urban,2023-05-05T16:00:00+00:00,2023-05-05T19:00:00+00:00,9.13379955291748,8.11880111694336,5.662549018859863
3,AT,AKC,urban,2023-05-05T17:00:00+00:00,2023-05-05T20:00:00+00:00,10.066200256347656,9.556827545166016,6.2864990234375
3,AT,AKC,urban,2023-05-05T18:00:00+00:00,2023-05-05T21:00:00+00:00,10.188650131225586,11.231794357299805,7.943150043487549
3,AT,AKC,urban,2023-05-05T19:00:00+00:00,2023-05-05T22:00:00+00:00,12.150500297546387,12.160728454589844,9.13379955291748
3,AT,AKC,urban,2023-05-05T20:00:00+00:00,2023-05-05T23:00:00+00:00,12.594499588012695,12.830949783325195,10.066200256347656
3,AT,AKC,urban,2023-05-05T21:00:00+00:00,2023-05-06T00:00:00+00:00,12.274499893188477,12.224627494812012,10.188650131225586
3,AT,AKC,urban,2023-05-05T22:00:00+00:00,2023-05-06T01:00:00+00:00,8.88339900970459,14.487175941467285,12.150500297546387
3,AT,AKC,urban,2023-05-05T23:00:00+00:00,2023-05-06T02:00:00+00:00,2.7589492797851562,14.601800918579102,12.594499588012695
3,AT,AKC,urban,2023-05-06T00:00:00+00:00,2023-05-06T03:00:00+00:00,2.343600273132324,14.14085865020752,12.274499893188477
3,AT,AKC,urban,2023-05-06T01:00:00+00:00,2023-05-06T04:00:00+00:00,2.4927988052368164,10.635836601257324,8.88339900970459
3,AT,AKC,urban,2023-05-06T02:00:00+00:00,2023-05-06T05:00:00+00:00,2.7348995208740234,5.388300895690918,2.7589492797851562
3,AT,AKC,urban,2023-05-06T03:00:00+00:00,2023-05-06T06:00:00+00:00,3.214798927307129,4.476077079772949,2.343600273132324
3,AT,AKC,urban,2023-05-06T04:00:00+00:00,2023-05-06T07:00:00+00:00,3.19635009765625,3.842815399169922,2.4927988052368164
3,AT,AKC,urban,2023-05-06T05:00:00+00:00,2023-05-06T08:00:00+00:00,3.9750490188598633,3.825531005859375,2.7348995208740234
3,AT,AKC,urban,2023-05-06T06:00:00+00:00,2023-05-06T09:00:00+00:00,3.720648765563965,4.071377754211426,3.214798927307129
3,AT,AKC,urban,2023-05-06T07:00:00+00:00,2023-05-06T10:00:00+00:00,3.8685998916625977,3.7556076049804688,3.19635009765625
3,AT,AKC,urban,2023-05-06T08:00:00+00:00,2023-05-06T11:00:00+00:00,3.9870500564575195,4.332453727722168,3.9750490188598633
3,AT,AKC,urban,2023-05-06T09:00:00+00:00,2023-05-06T12:00:00+00:00,3.8885488510131836,3.968817710876465,3.720648765563965
3,AT,AKC,urban,2023-05-06T10:00:00+00:00,2023-05-06T13:00:00+00:00,3.6451988220214844,4.249258995056152,3.8685998916625977
3,AT,AKC,urban,2023-05-06T11:00:00+00:00,2023-05-06T14:00:00+00:00,3.059049606323242,4.384078502655029,3.9870500564575195
3,AT,AKC,urban,2023-05-06T12:00:00+00:00,2023-05-06T15:00:00+00:00,2.3791990280151367,4.581754207611084,3.8885488510131836
3,AT,AKC,urban,2023-05-06T13:00:00+00:00,2023-05-06T16:00:00+00:00,3.0150489807128906,4.692617416381836,3.6451988220214844
3,AT,AKC,urban,2023-05-06T14:00:00+00:00,2023-05-06T17:00:00+00:00,4.516900062561035,4.501182556152344,3.059049606323242
3,AT,AKC,urban,2023-05-06T15:00:00+00:00,2023-05-06T18:00:00+00:00,4.85545015335083,4.276574611663818,2.3791990280151367
3,AT,AKC,urban,2023-05-06T16:00:00+00:00,2023-05-06T19:00:00+00:00,4.687748908996582,5.466213226318359,3.0150489807128906
3,AT,AKC,urban,2023-05-06T17:00:00+00:00,2023-05-06T20:00:00+00:00,3.758899688720703,8.17831802368164,4.516900062561035
3,AT,AKC,urban,2023-05-06T18:00:00+00:00,2023-05-06T21:00:00+00:00,4.131299018859863,6.7835259437561035,4.85545015335083
3,AT,AKC,urban,2023-05-06T19:00:00+00:00,2023-05-06T22:00:00+00:00,4.951999664306641,6.071882247924805,4.687748908996582
3,AT,AKC,urban,2023-05-06T20:00:00+00:00,2023-05-06T23:00:00+00:00,5.611099720001221,4.898347854614258,3.758899688720703
3,AT,AKC,urban,2023-05-06T21:00:00+00:00,2023-05-07T00:00:00+00:00,5.500699520111084,5.276016712188721,4.131299018859863
3,AT,AKC,urban,2023-05-06T22:00:00+00:00,2023-05-07T01:00:00+00:00,3.829050064086914,5.990504741668701,4.951999664306641
3,AT,AKC,urban,2023-05-06T23:00:00+00:00,2023-05-07T02:00:00+00:00,4.691800117492676,6.6318745613098145,5.611099720001221
3,AT,AKC,urban,2023-05-07T00:00:00+00:00,2023-05-07T03:00:00+00:00,8.11314868927002,6.745025634765625,5.500699520111084
3,AT,AKC,urban,2023-05-07T01:00:00+00:00,2023-05-07T04:00:00+00:00,13.616000175476074,5.044229507446289,3.829050064086914
3,AT,AKC,urban,2023-05-07T02:00:00+00:00,2023-05-07T05:00:00+00:00,17.707500457763672,6.24798583984375,4.691800117492676
3,AT,AKC,urban,2023-05-07T03:00:00+00:00,2023-05-07T06:00:00+00:00,18.698999404907227,10.300106048583984,8.11314868927002
3,AT,AKC,urban,2023-05-07T04:00:00+00:00,2023-05-07T07:00:00+00:00,18.297000885009766,15.240717887878418,13.616000175476074
3,AT,AKC,urban,2023-05-07T05:00:00+00:00,2023-05-07T08:00:00+00:00,15.682000160217285,16.64455795288086,17.707500457763672
3,AT,AKC,urban,2023-05-07T06:00:00+00:00,2023-05-07T09:00:00+00:00,12.824999809265137,16.606689453125,18.698999404907227
3,AT,AKC,urban,2023-05-07T07:00:00+00:00,2023-05-07T10:00:00+00:00,12.847000122070312,15.288605690002441,18.297000885009766
3,AT,AKC,urban,2023-05-07T08:00:00+00:00,2023-05-07T11:00:00+00:00,11.05049991607666,12.238175392150879,15.682000160217285
3,AT,AKC,urban,2023-05-07T09:00:00+00:00,2023-05-07T12:00:00+00:00,10.156000137329102,9.95960521697998,12.824999809265137
3,AT,AKC,urban,2023-05-07T10:00:00+00:00,2023-05-07T13:00:00+00:00,8.672248840332031,10.7714262008667,12.847000122070312
3,AT,AKC,urban,2023-05-07T11:00:00+00:00,2023-05-07T14:00:00+00:00,7.876399040222168,10.105719566345215,11.05049991607666
3,AT,AKC,urban,2023-05-07T12:00:00+00:00,2023-05-07T15:00:00+00:00,6.759949207305908,9.588348388671875,10.156000137329102
3,AT,AKC,urban,2023-05-07T13:00:00+00:00,2023-05-07T16:00:00+00:00,7.380299091339111,8.659521102905273,8.672248840332031
3,AT,AKC,urban,2023-05-07T14:00:00+00:00,2023-05-07T17:00:00+00:00,8.600149154663086,8.223154067993164,7.876399040222168
3,AT,AKC,urban,2023-05-07T15:00:00+00:00,2023-05-07T18:00:00+00:00,8.541349411010742,7.914748191833496,6.759949207305908
3,AT,AKC,urban,2023-05-07T16:00:00+00:00,2023-05-07T19:00:00+00:00,10.254549980163574,8.064348220825195,7.380299091339111
3,AT,AKC,urban,2023-05-07T17:00:00+00:00,2023-05-07T20:00:00+00:00,14.399999618530273,9.05282974243164,8.600149154663086
3,AT,AKC,urban,2023-05-07T18:00:00+00:00,2023-05-07T21:00:00+00:00,16.67650032043457,8.941463470458984,8.541349411010742
3,AT,AKC,urban,2023-05-07T19:00:00+00:00,2023-05-07T22:00:00+00:00,15.992500305175781,10.712783813476562,10.254549980163574
3,AT,AKC,urban,2023-05-07T20:00:00+00:00,2023-05-07T23:00:00+00:00,14.035499572753906,14.603208541870117,14.399999618530273
3,AT,AKC,urban,2023-05-07T21:00:00+00:00,2023-05-08T00:00:00+00:00,12.1899995803833,16.015167236328125,16.67650032043457
3,AT,AKC,urban,2023-05-07T22:00:00+00:00,2023-05-08T01:00:00+00:00,12.27400016784668,15.799766540527344,15.992500305175781
3,AT,AKC,urban,2023-05-07T23:00:00+00:00,2023-05-08T02:00:00+00:00,12.437000274658203,13.762252807617188,14.035499572753906
3,AT,AKC,urban,2023-05-08T00:00:00+00:00,2023-05-08T03:00:00+00:00,11.10949993133545,11.262697219848633,12.1899995803833
3,AT,AKC,urban,2023-05-08T01:00:00+00:00,2023-05-08T04:00:00+00:00,11.472999572753906,12.30882453918457,12.27400016784668
3,AT,AKC,urban,2023-05-08T02:00:00+00:00,2023-05-08T05:00:00+00:00,9.905200004577637,13.249237060546875,12.437000274658203
3,AT,AKC,urban,2023-05-08T03:00:00+00:00,2023-05-08T06:00:00+00:00,9.339149475097656,12.570755958557129,11.10949993133545
3,AT,AKC,urban,2023-05-08T04:00:00+00:00,2023-05-08T07:00:00+00:00,8.893448829650879,12.136627197265625,11.472999572753906
3,AT,AKC,urban,2023-05-08T05:00:00+00:00,2023-05-08T08:00:00+00:00,8.784000396728516,9.571725845336914,9.905200004577637
3,AT,AKC,urban,2023-05-08T06:00:00+00:00,2023-05-08T09:00:00+00:00,8.722100257873535,8.726612091064453,9.339149475097656
3,AT,AKC,urban,2023-05-08T07:00:00+00:00,2023-05-08T10:00:00+00:00,8.406998634338379,8.26711654663086,8.893448829650879
3,AT,AKC,urban,2023-05-08T08:00:00+00:00,2023-05-08T11:00:00+00:00,8.28024959564209,8.255064964294434,8.784000396728516
3,AT,AKC,urban,2023-05-08T09:00:00+00:00,2023-05-08T12:00:00+00:00,7.816100120544434,8.40658950805664,8.722100257873535
3,AT,AKC,urban,2023-05-08T10:00:00+00:00,2023-05-08T13:00:00+00:00,7.761198997497559,8.211463928222656,8.406998634338379
3,AT,AKC,urban,2023-05-08T11:00:00+00:00,2023-05-08T14:00:00+00:00,6.997798919677734,8.217140197753906,8.28024959564209
3,AT,AKC,urban,2023-05-08T12:00:00+00:00,2023-05-08T15:00:00+00:00,5.854650020599365,7.960844993591309,7.816100120544434
3,AT,AKC,urban,2023-05-08T13:00:00+00:00,2023-05-08T16:00:00+00:00,5.724699020385742,8.298948287963867,7.761198997497559
3,AT,AKC,urban,2023-05-08T14:00:00+00:00,2023-05-08T17:00:00+00:00,6.65894889831543,8.16956901550293,6.997798919677734
3,AT,AKC,urban,2023-05-08T15:00:00+00:00,2023-05-08T18:00:00+00:00,7.4307990074157715,7.5320725440979,5.854650020599365
3,AT,AKC,urban,2023-05-08T16:00:00+00:00,2023-05-08T19:00:00+00:00,8.056400299072266,7.424005031585693,5.724699020385742
3,AT,AKC,urban,2023-05-08T17:00:00+00:00,2023-05-08T20:00:00+00:00,8.000900268554688,8.27515983581543,6.65894889831543
3,AT,AKC,urban,2023-05-08T18:00:00+00:00,2023-05-08T21:00:00+00:00,7.897998809814453,7.884092330932617,7.4307990074157715
3,AT,AKC,urban,2023-05-08T19:00:00+00:00,2023-05-08T22:00:00+00:00,8.14789867401123,8.857088088989258,8.056400299072266
3,AT,AKC,urban,2023-05-08T20:00:00+00:00,2023-05-08T23:00:00+00:00,8.447500228881836,9.256965637207031,8.000900268554688
3,AT,AKC,urban,2023-05-08T21:00:00+00:00,2023-05-09T00:00:00+00:00,8.620450019836426,8.953306198120117,7.897998809814453
3,AT,AKC,urban,2023-05-08T22:00:00+00:00,2023-05-09T01:00:00+00:00,8.784798622131348,9.071590423583984,8.14789867401123
3,AT,AKC,urban,2023-05-08T23:00:00+00:00,2023-05-09T02:00:00+00:00,8.930898666381836,9.803888320922852,8.447500228881836
3,AT,AKC,urban,2023-05-09T00:00:00+00:00,2023-05-09T03:00:00+00:00,9.189899444580078,10.059633255004883,8.620450019836426
3,AT,AKC,urban,2023-05-09T01:00:00+00:00,2023-05-09T04:00:00+00:00,9.603899002075195,10.484498023986816,8.784798622131348
3,AT,AKC,urban,2023-05-09T02:00:00+00:00,2023-05-09T05:00:00+00:00,9.729700088500977,10.607661247253418,8.930898666381836
3,AT,AKC,urban,2023-05-09T03:00:00+00:00,2023-05-09T06:00:00+00:00,8.588398933410645,10.893835067749023,9.189899444580078
3,AT,AKC,urban,2023-05-09T04:00:00+00:00,2023-05-09T07:00:00+00:00,8.497798919677734,11.23901081085205,9.603899002075195
3,AT,AKC,urban,2023-05-09T05:00:00+00:00,2023-05-09T08:00:00+00:00,8.908300399780273,10.636369705200195,9.729700088500977
3,AT,AKC,urban,2023-05-09T06:00:00+00:00,2023-05-09T09:00:00+00:00,8.931650161743164,8.856673240661621,8.588398933410645
3,AT,AKC,urban,2023-05-09T07:00:00+00:00,2023-05-09T10:00:00+00:00,9.124448776245117,8.665038108825684,8.497798919677734
3,AT,AKC,urban,2023-05-09T08:00:00+00:00,2023-05-09T11:00:00+00:00,9.073799133300781,9.021988868713379,8.908300399780273
3,AT,AKC,urban,2023-05-09T09:00:00+00:00,2023-05-09T12:00:00+00:00,7.800300121307373,8.988264083862305,8.931650161743164
3,AT,AKC,urban,2023-05-09T10:00:00+00:00,2023-05-09T13:00:00+00:00,7.25969934463501,9.197726249694824,9.124448776245117
3,AT,AKC,urban,2023-05-09T11:00:00+00:00,2023-05-09T14:00:00+00:00,6.364198684692383,9.198991775512695,9.073799133300781
3,AT,AKC,urban,2023-05-09T12:00:00+00:00,2023-05-09T15:00:00+00:00,6.531599044799805,7.984150409698486,7.800300121307373
3,AT,AKC,urban,2023-05-09T13:00:00+00:00,2023-05-09T16:00:00+00:00,6.023200035095215,7.725227355957031,7.25969934463501
3,AT,AKC,urban,2023-05-09T14:00:00+00:00,2023-05-09T17:00:00+00:00,5.682849407196045,7.119204521179199,6.364198684692383
3,AT,AKC,urban,2023-05-09T15:00:00+00:00,2023-05-09T18:00:00+00:00,5.899250030517578,7.808041095733643,6.531599044799805
3,AT,AKC,urban,2023-05-09T16:00:00+00:00,2023-05-09T19:00:00+00:00,6.33729887008667,7.279597759246826,6.023200035095215
3,AT,AKC,urban,2023-05-09T17:00:00+00:00,2023-05-09T20:00:00+00:00,6.419400215148926,7.037069797515869,5.682849407196045
3,AT,AKC,urban,2023-05-09T18:00:00+00:00,2023-05-09T21:00:00+00:00,6.340198993682861,7.2467193603515625,5.899250030517578
3,AT,AKC,urban,2023-05-09T19:00:00+00:00,2023-05-09T22:00:00+00:00,6.561248779296875,7.700959205627441,6.33729887008667
3,AT,AKC,urban,2023-05-09T20:00:00+00:00,2023-05-09T23:00:00+00:00,6.076650142669678,7.8861284255981445,6.419400215148926
3,AT,AKC,urban,2023-05-09T21:00:00+00:00,2023-05-10T00:00:00+00:00,5.862548828125,7.730749607086182,6.340198993682861
3,AT,AKC,urban,2023-05-09T22:00:00+00:00,2023-05-10T01:00:00+00:00,6.010700225830078,7.752037048339844,6.561248779296875
3,AT,AKC,urban,2023-05-09T23:00:00+00:00,2023-05-10T02:00:00+00:00,6.379150390625,7.481466293334961,6.076650142669678
3,AT,AKC,urban,2023-05-10T00:00:00+00:00,2023-05-10T03:00:00+00:00,6.6132001876831055,7.326145172119141,5.862548828125
3,AT,AKC,urban,2023-05-10T01:00:00+00:00,2023-05-10T04:00:00+00:00,7.120200157165527,7.592574119567871,6.010700225830078
3,AT,AKC,urban,2023-05-10T02:00:00+00:00,2023-05-10T05:00:00+00:00,8.701600074768066,8.01652717590332,6.379150390625
3,AT,AKC,urban,2023-05-10T03:00:00+00:00,2023-05-10T06:00:00+00:00,8.231800079345703,8.265419006347656,6.6132001876831055
3,AT,AKC,urban,2023-05-10T04:00:00+00:00,2023-05-10T07:00:00+00:00,8.732198715209961,8.48434829711914,7.120200157165527
3,AT,AKC,urban,2023-05-10T05:00:00+00:00,2023-05-10T08:00:00+00:00,9.162650108337402,8.767524719238281,8.701600074768066
3,AT,AKC,urban,2023-05-10T06:00:00+00:00,2023-05-10T09:00:00+00:00,6.0879998207092285,7.846096038818359,8.231800079345703
3,AT,AKC,urban,2023-05-10T07:00:00+00:00,2023-05-10T10:00:00+00:00,4.623798847198486,8.398038864135742,8.732198715209961
3,AT,AKC,urban,2023-05-10T08:00:00+00:00,2023-05-10T11:00:00+00:00,5.4733500480651855,8.680980682373047,9.162650108337402
3,AT,AKC,urban,2023-05-10T09:00:00+00:00,2023-05-10T12:00:00+00:00,5.010098934173584,5.678729057312012,6.0879998207092285
3,AT,AKC,urban,2023-05-10T10:00:00+00:00,2023-05-10T13:00:00+00:00,6.601799011230469,4.49170446395874,4.623798847198486
3,AT,AKC,urban,2023-05-10T11:00:00+00:00,2023-05-10T14:00:00+00:00,5.897250175476074,5.506711483001709,5.4733500480651855
3,AT,AKC,urban,2023-05-10T12:00:00+00:00,2023-05-10T15:00:00+00:00,4.869198799133301,5.201422691345215,5.010098934173584
3,AT,AKC,urban,2023-05-10T13:00:00+00:00,2023-05-10T16:00:00+00:00,5.357850074768066,6.6985979080200195,6.601799011230469
3,AT,AKC,urban,2023-05-10T14:00:00+00:00,2023-05-10T17:00:00+00:00,5.7019500732421875,6.213520526885986,5.897250175476074
3,AT,AKC,urban,2023-05-10T15:00:00+00:00,2023-05-10T18:00:00+00:00,5.8084001541137695,5.426827430725098,4.869198799133301
3,AT,AKC,urban,2023-05-10T16:00:00+00:00,2023-05-10T19:00:00+00:00,5.682199001312256,6.066119194030762,5.357850074768066
3,AT,AKC,urban,2023-05-10T17:00:00+00:00,2023-05-10T20:00:00+00:00,5.922399044036865,7.007668495178223,5.7019500732421875
3,AT,AKC,urban,2023-05-10T18:00:00+00:00,2023-05-10T21:00:00+00:00,6.025300025939941,7.129066467285156,5.8084001541137695
3,AT,AKC,urban,2023-05-10T19:00:00+00:00,2023-05-10T22:00:00+00:00,6.208748817443848,6.836239814758301,5.682199001312256
3,AT,AKC,urban,2023-05-10T20:00:00+00:00,2023-05-10T23:00:00+00:00,5.808098793029785,7.035333633422852,5.922399044036865
3,AT,AKC,urban,2023-05-10T21:00:00+00:00,2023-05-11T00:00:00+00:00,5.519148826599121,7.13651180267334,6.025300025939941
3,AT,AKC,urban,2023-05-10T22:00:00+00:00,2023-05-11T01:00:00+00:00,5.67104959487915,7.253612518310547,6.208748817443848
3,AT,AKC,urban,2023-05-10T23:00:00+00:00,2023-05-11T02:00:00+00:00,6.131649017333984,6.975495338439941,5.808098793029785
3,AT,AKC,urban,2023-05-11T00:00:00+00:00,2023-05-11T03:00:00+00:00,6.776899814605713,6.706317901611328,5.519148826599121
3,AT,AKC,urban,2023-05-11T01:00:00+00:00,2023-05-11T04:00:00+00:00,6.881649017333984,6.991369724273682,5.67104959487915
3,AT,AKC,urban,2023-05-11T02:00:00+00:00,2023-05-11T05:00:00+00:00,7.882849216461182,7.506213188171387,6.131649017333984
3,AT,AKC,urban,2023-05-11T03:00:00+00:00,2023-05-11T06:00:00+00:00,8.50790023803711,8.20787239074707,6.776899814605713
3,AT,AKC,urban,2023-05-11T04:00:00+00:00,2023-05-11T07:00:00+00:00,8.42020034790039,8.205293655395508,6.881649017333984
3,AT,AKC,urban,2023-05-11T05:00:00+00:00,2023-05-11T08:00:00+00:00,8.855698585510254,8.178354263305664,7.882849216461182
3,AT,AKC,urban,2023-05-11T06:00:00+00:00,2023-05-11T09:00:00+00:00,8.232048988342285,8.137825012207031,8.50790023803711
3,AT,AKC,urban,2023-05-11T07:00:00+00:00,2023-05-11T10:00:00+00:00,6.944250106811523,7.874583721160889,8.42020034790039
3,AT,AKC,urban,2023-05-11T08:00:00+00:00,2023-05-11T11:00:00+00:00,6.718599796295166,8.192283630371094,8.855698585510254
3,AT,AKC,urban,2023-05-11T09:00:00+00:00,2023-05-11T12:00:00+00:00,6.1921000480651855,7.800991535186768,8.232048988342285
3,AT,AKC,urban,2023-05-11T10:00:00+00:00,2023-05-11T13:00:00+00:00,6.2223992347717285,6.749055862426758,6.944250106811523
3,AT,AKC,urban,2023-05-11T11:00:00+00:00,2023-05-11T14:00:00+00:00,6.157050132751465,6.719856262207031,6.718599796295166
3,AT,AKC,urban,2023-05-11T12:00:00+00:00,2023-05-11T15:00:00+00:00,6.083600044250488,6.455382823944092,6.1921000480651855
3,AT,AKC,urban,2023-05-11T13:00:00+00:00,2023-05-11T16:00:00+00:00,5.788300037384033,6.712406158447266,6.2223992347717285
3,AT,AKC,urban,2023-05-11T14:00:00+00:00,2023-05-11T17:00:00+00:00,5.473499774932861,6.999649524688721,6.157050132751465
3,AT,AKC,urban,2023-05-11T15:00:00+00:00,2023-05-11T18:00:00+00:00,7.512800216674805,7.476292610168457,6.083600044250488
3,AT,AKC,urban,2023-05-11T16:00:00+00:00,2023-05-11T19:00:00+00:00,7.3744001388549805,7.378777503967285,5.788300037384033
3,AT,AKC,urban,2023-05-11T17:00:00+00:00,2023-05-11T20:00:00+00:00,6.963950157165527,6.95110559463501,5.473499774932861
3,AT,AKC,urban,2023-05-11T18:00:00+00:00,2023-05-11T21:00:00+00:00,6.8107500076293945,8.121866226196289,7.512800216674805
3,AT,AKC,urban,2023-05-11T19:00:00+00:00,2023-05-11T22:00:00+00:00,6.678850173950195,8.001781463623047,7.3744001388549805
3,AT,AKC,urban,2023-05-11T20:00:00+00:00,2023-05-11T23:00:00+00:00,5.929948806762695,8.001413345336914,6.963950157165527
3,AT,AKC,urban,2023-05-11T21:00:00+00:00,2023-05-12T00:00:00+00:00,5.939748764038086,8.080819129943848,6.8107500076293945
3,AT,AKC,urban,2023-05-11T22:00:00+00:00,2023-05-12T01:00:00+00:00,6.466798782348633,7.828692436218262,6.678850173950195
3,AT,AKC,urban,2023-05-11T23:00:00+00:00,2023-05-12T02:00:00+00:00,8.210700035095215,7.175403594970703,5.929948806762695
3,AT,AKC,urban,2023-05-12T00:00:00+00:00,2023-05-12T03:00:00+00:00,9.932899475097656,7.337418556213379,5.939748764038086
3,AT,AKC,urban,2023-05-12T01:00:00+00:00,2023-05-12T04:00:00+00:00,6.96644926071167,7.855989456176758,6.466798782348633
3,AT,AKC,urban,2023-05-12T02:00:00+00:00,2023-05-12T05:00:00+00:00,6.186248302459717,9.563125610351562,8.210700035095215
3,AT,AKC,urban,2023-05-12T03:00:00+00:00,2023-05-12T06:00:00+00:00,5.246549129486084,10.460021018981934,9.932899475097656
3,AT,AKC,urban,2023-05-12T04:00:00+00:00,2023-05-12T07:00:00+00:00,4.897998332977295,7.355776309967041,6.96644926071167
3,AT,AKC,urban,2023-05-12T05:00:00+00:00,2023-05-12T08:00:00+00:00,5.23330020904541,6.682066440582275,6.186248302459717
3,AT,AKC,urban,2023-05-12T06:00:00+00:00,2023-05-12T09:00:00+00:00,5.661849021911621,5.880974292755127,5.246549129486084
3,AT,AKC,urban,2023-05-12T07:00:00+00:00,2023-05-12T10:00:00+00:00,6.464049816131592,5.3718791007995605,4.897998332977295
3,AT,AKC,urban,2023-05-12T08:00:00+00:00,2023-05-12T11:00:00+00:00,5.566248893737793,5.611031532287598,5.23330020904541
3,AT,AKC,urban,2023-05-12T09:00:00+00:00,2023-05-12T12:00:00+00:00,5.329799175262451,6.05916690826416,5.661849021911621
3,AT,AKC,urban,2023-05-12T10:00:00+00:00,2023-05-12T13:00:00+00:00,5.171599864959717,6.6862077713012695,6.464049816131592
3,AT,AKC,urban,2023-05-12T11:00:00+00:00,2023-05-12T14:00:00+00:00,5.594649791717529,5.974386692047119,5.566248893737793
3,AT,AKC,urban,2023-05-12T12:00:00+00:00,2023-05-12T15:00:00+00:00,6.059998989105225,6.032505512237549,5.329799175262451
3,AT,AKC,urban,2023-05-12T13:00:00+00:00,2023-05-12T16:00:00+00:00,6.374798774719238,6.165578842163086,5.171599864959717
3,AT,AKC,urban,2023-05-12T14:00:00+00:00,2023-05-12T17:00:00+00:00,6.224549770355225,6.795584678649902,5.594649791717529
3,AT,AKC,urban,2023-05-12T15:00:00+00:00,2023-05-12T18:00:00+00:00,7.303500175476074,7.588335037231445,6.059998989105225
3,AT,AKC,urban,2023-05-12T16:00:00+00:00,2023-05-12T19:00:00+00:00,7.361800193786621,7.946011066436768,6.374798774719238
3,AT,AKC,urban,2023-05-12T17:00:00+00:00,2023-05-12T20:00:00+00:00,8.033899307250977,7.575033664703369,6.224549770355225
3,AT,AKC,urban,2023-05-12T18:00:00+00:00,2023-05-12T21:00:00+00:00,7.7782487869262695,8.501649856567383,7.303500175476074
3,AT,AKC,urban,2023-05-12T19:00:00+00:00,2023-05-12T22:00:00+00:00,6.43044900894165,8.45251750946045,7.361800193786621
3,AT,AKC,urban,2023-05-12T20:00:00+00:00,2023-05-12T23:00:00+00:00,6.341198921203613,9.163005828857422,8.033899307250977
3,AT,AKC,urban,2023-05-12T21:00:00+00:00,2023-05-13T00:00:00+00:00,6.7836995124816895,8.658254623413086,7.7782487869262695
3,AT,AKC,urban,2023-05-12T22:00:00+00:00,2023-05-13T01:00:00+00:00,7.724849224090576,6.9589362144470215,6.43044900894165
3,AT,AKC,urban,2023-05-12T23:00:00+00:00,2023-05-13T02:00:00+00:00,7.880498886108398,7.091664791107178,6.341198921203613
3,AT,AKC,urban,2023-05-13T00:00:00+00:00,2023-05-13T03:00:00+00:00,8.293648719787598,7.957806587219238,6.7836995124816895
3,AT,AKC,urban,2023-05-13T01:00:00+00:00,2023-05-13T04:00:00+00:00,9.32149887084961,8.772109985351562,7.724849224090576
3,AT,AKC,urban,2023-05-13T02:00:00+00:00,2023-05-13T05:00:00+00:00,9.246000289916992,8.869466781616211,7.880498886108398
3,AT,AKC,urban,2023-05-13T03:00:00+00:00,2023-05-13T06:00:00+00:00,10.074049949645996,9.311729431152344,8.293648719787598
3,AT,AKC,urban,2023-05-13T04:00:00+00:00,2023-05-13T07:00:00+00:00,11.128000259399414,9.949666976928711,9.32149887084961
3,AT,AKC,urban,2023-05-13T05:00:00+00:00,2023-05-13T08:00:00+00:00,12.987500190734863,9.231800079345703,9.246000289916992
3,AT,AKC,urban,2023-05-13T06:00:00+00:00,2023-05-13T09:00:00+00:00,11.928000450134277,9.519129753112793,10.074049949645996
3,AT,AKC,urban,2023-05-13T07:00:00+00:00,2023-05-13T10:00:00+00:00,10.444999694824219,10.103293418884277,11.128000259399414
3,AT,AKC,urban,2023-05-13T08:00:00+00:00,2023-05-13T11:00:00+00:00,11.371000289916992,11.322437286376953,12.987500190734863
3,AT,AKC,urban,2023-05-13T09:00:00+00:00,2023-05-13T12:00:00+00:00,10.775500297546387,10.469322204589844,11.928000450134277
3,AT,AKC,urban,2023-05-13T10:00:00+00:00,2023-05-13T13:00:00+00:00,9.933798789978027,9.335823059082031,10.444999694824219
3,AT,AKC,urban,2023-05-13T11:00:00+00:00,2023-05-13T14:00:00+00:00,11.605500221252441,10.515544891357422,11.371000289916992
3,AT,AKC,urban,2023-05-13T12:00:00+00:00,2023-05-13T15:00:00+00:00,13.107000350952148,10.17216968536377,10.775500297546387
3,AT,AKC,urban,2023-05-13T13:00:00+00:00,2023-05-13T16:00:00+00:00,13.345000267028809,10.092808723449707,9.933798789978027
3,AT,AKC,urban,2023-05-13T14:00:00+00:00,2023-05-13T17:00:00+00:00,14.102999687194824,12.052986145019531,11.605500221252441
3,AT,AKC,urban,2023-05-13T15:00:00+00:00,2023-05-13T18:00:00+00:00,13.501500129699707,13.874715805053711,13.107000350952148
3,AT,AKC,urban,2023-05-13T16:00:00+00:00,2023-05-13T19:00:00+00:00,14.66349983215332,14.091409683227539,13.345000267028809
3,AT,AKC,urban,2023-05-13T17:00:00+00:00,2023-05-13T20:00:00+00:00,15.411999702453613,14.77416706085205,14.102999687194824
3,AT,AKC,urban,2023-05-13T18:00:00+00:00,2023-05-13T21:00:00+00:00,15.888999938964844,14.439691543579102,13.501500129699707
3,AT,AKC,urban,2023-05-13T19:00:00+00:00,2023-05-13T22:00:00+00:00,16.579999923706055,15.726457595825195,14.66349983215332
3,AT,AKC,urban,2023-05-13T20:00:00+00:00,2023-05-13T23:00:00+00:00,15.280500411987305,16.136917114257812,15.411999702453613
3,AT,AKC,urban,2023-05-13T21:00:00+00:00,2023-05-14T00:00:00+00:00,13.510000228881836,16.26197052001953,15.888999938964844
3,AT,AKC,urban,2023-05-13T22:00:00+00:00,2023-05-14T01:00:00+00:00,13.847000122070312,16.7680721282959,16.579999923706055
3,AT,AKC,urban,2023-05-13T23:00:00+00:00,2023-05-14T02:00:00+00:00,13.501999855041504,14.959875106811523,15.280500411987305
3,AT,AKC,urban,2023-05-14T00:00:00+00:00,2023-05-14T03:00:00+00:00,13.083000183105469,13.238760948181152,13.510000228881836
3,AT,AKC,urban,2023-05-14T01:00:00+00:00,2023-05-14T04:00:00+00:00,12.36050033569336,13.941178321838379,13.847000122070312
3,AT,AKC,urban,2023-05-14T02:00:00+00:00,2023-05-14T05:00:00+00:00,10.362500190734863,13.004599571228027,13.501999855041504
3,AT,AKC,urban,2023-05-14T03:00:00+00:00,2023-05-14T06:00:00+00:00,9.796698570251465,12.544037818908691,13.083000183105469
3,AT,AKC,urban,2023-05-14T04:00:00+00:00,2023-05-14T07:00:00+00:00,8.665498733520508,11.694419860839844,12.36050033569336
3,AT,AKC,urban,2023-05-14T05:00:00+00:00,2023-05-14T08:00:00+00:00,7.126348972320557,9.808247566223145,10.362500190734863
3,AT,AKC,urban,2023-05-14T06:00:00+00:00,2023-05-14T09:00:00+00:00,7.478750228881836,9.236505508422852,9.796698570251465
3,AT,AKC,urban,2023-05-14T07:00:00+00:00,2023-05-14T10:00:00+00:00,7.6068501472473145,8.596485137939453,8.665498733520508
3,AT,AKC,urban,2023-05-14T08:00:00+00:00,2023-05-14T11:00:00+00:00,9.092900276184082,7.509635925292969,7.126348972320557
3,AT,AKC,urban,2023-05-14T09:00:00+00:00,2023-05-14T12:00:00+00:00,8.555349349975586,7.827689170837402,7.478750228881836
3,AT,AKC,urban,2023-05-14T10:00:00+00:00,2023-05-14T13:00:00+00:00,8.630800247192383,8.060220718383789,7.6068501472473145
3,AT,AKC,urban,2023-05-14T11:00:00+00:00,2023-05-14T14:00:00+00:00,8.431498527526855,9.17872428894043,9.092900276184082
3,AT,AKC,urban,2023-05-14T12:00:00+00:00,2023-05-14T15:00:00+00:00,8.031800270080566,8.930286407470703,8.555349349975586
3,AT,AKC,urban,2023-05-14T13:00:00+00:00,2023-05-14T16:00:00+00:00,7.518849849700928,9.398801803588867,8.630800247192383
3,AT,AKC,urban,2023-05-14T14:00:00+00:00,2023-05-14T17:00:00+00:00,7.2206501960754395,9.808338165283203,8.431498527526855
3,AT,AKC,urban,2023-05-14T15:00:00+00:00,2023-05-14T18:00:00+00:00,6.947299003601074,9.360087394714355,8.031800270080566
3,AT,AKC,urban,2023-05-14T16:00:00+00:00,2023-05-14T19:00:00+00:00,6.608850002288818,9.369040489196777,7.518849849700928
3,AT,AKC,urban,2023-05-14T17:00:00+00:00,2023-05-14T20:00:00+00:00,5.866899013519287,8.637807846069336,7.2206501960754395
3,AT,AKC,urban,2023-05-14T18:00:00+00:00,2023-05-14T21:00:00+00:00,7.067150115966797,8.080971717834473,6.947299003601074
3,AT,AKC,urban,2023-05-14T19:00:00+00:00,2023-05-14T22:00:00+00:00,7.863800048828125,7.64746618270874,6.608850002288818
3,AT,AKC,urban,2023-05-14T20:00:00+00:00,2023-05-14T23:00:00+00:00,5.639100074768066,6.698006629943848,5.866899013519287
3,AT,AKC,urban,2023-05-14T21:00:00+00:00,2023-05-15T00:00:00+00:00,4.441050052642822,7.755325794219971,7.067150115966797
3,AT,AKC,urban,2023-05-14T22:00:00+00:00,2023-05-15T01:00:00+00:00,3.262948989868164,8.679386138916016,7.863800048828125
3,AT,AKC,urban,2023-05-14T23:00:00+00:00,2023-05-15T02:00:00+00:00,4.232048988342285,6.393249034881592,5.639100074768066
3,AT,AKC,urban,2023-05-15T00:00:00+00:00,2023-05-15T03:00:00+00:00,3.365499496459961,5.833096027374268,4.441050052642822
3,AT,AKC,urban,2023-05-15T01:00:00+00:00,2023-05-15T04:00:00+00:00,2.326399803161621,4.434887886047363,3.262948989868164
3,AT,AKC,urban,2023-05-15T02:00:00+00:00,2023-05-15T05:00:00+00:00,2.2171478271484375,5.405575275421143,4.232048988342285
3,AT,AKC,urban,2023-05-15T03:00:00+00:00,2023-05-15T06:00:00+00:00,1.7374000549316406,4.566806793212891,3.365499496459961
3,AT,AKC,urban,2023-05-15T04:00:00+00:00,2023-05-15T07:00:00+00:00,1.7857494354248047,3.58522891998291,2.326399803161621
3,AT,AKC,urban,2023-05-15T05:00:00+00:00,2023-05-15T08:00:00+00:00,2.1109485626220703,3.05010986328125,2.2171478271484375
3,AT,AKC,urban,2023-05-15T06:00:00+00:00,2023-05-15T09:00:00+00:00,2.405099868774414,2.487515449523926,1.7374000549316406
3,AT,AKC,urban,2023-05-15T07:00:00+00:00,2023-05-15T10:00:00+00:00,2.4384498596191406,2.4631853103637695,1.7857494354248047
3,AT,AKC,urban,2023-05-15T08:00:00+00:00,2023-05-15T11:00:00+00:00,3.0746002197265625,2.6866626739501953,2.1109485626220703
3,AT,AKC,urban,2023-05-15T09:00:00+00:00,2023-05-15T12:00:00+00:00,2.4442501068115234,2.9191675186157227,2.405099868774414
3,AT,AKC,urban,2023-05-15T10:00:00+00:00,2023-05-15T13:00:00+00:00,2.9113988876342773,2.973661422729492,2.4384498596191406
3,AT,AKC,urban,2023-05-15T11:00:00+00:00,2023-05-15T14:00:00+00:00,2.3719005584716797,3.5650510787963867,3.0746002197265625
3,AT,AKC,urban,2023-05-15T12:00:00+00:00,2023-05-15T15:00:00+00:00,2.71560001373291,3.0559301376342773,2.4442501068115234
3,AT,AKC,urban,2023-05-15T13:00:00+00:00,2023-05-15T16:00:00+00:00,2.9135990142822266,3.4436426162719727,2.9113988876342773
3,AT,AKC,urban,2023-05-15T14:00:00+00:00,2023-05-15T17:00:00+00:00,3.2532005310058594,3.1132888793945312,2.3719005584716797
3,AT,AKC,urban,2023-05-15T15:00:00+00:00,2023-05-15T18:00:00+00:00,3.820798873901367,3.400707244873047,2.71560001373291
3,AT,AKC,urban,2023-05-15T16:00:00+00:00,2023-05-15T19:00:00+00:00,4.218100547790527,3.820441246032715,2.9135990142822266
3,AT,AKC,urban,2023-05-15T17:00:00+00:00,2023-05-15T20:00:00+00:00,4.624250411987305,4.190517902374268,3.2532005310058594
3,AT,AKC,urban,2023-05-15T18:00:00+00:00,2023-05-15T21:00:00+00:00,5.880599021911621,4.727133274078369,3.820798873901367
3,AT,AKC,urban,2023-05-15T19:00:00+00:00,2023-05-15T22:00:00+00:00,4.636250019073486,4.916240692138672,4.218100547790527
3,AT,AKC,urban,2023-05-15T20:00:00+00:00,2023-05-15T23:00:00+00:00,3.7480993270874023,5.168632507324219,4.624250411987305
3,AT,AKC,urban,2023-05-15T21:00:00+00:00,2023-05-16T00:00:00+00:00,3.533450126647949,6.25041389465332,5.880599021911621
3,AT,AKC,urban,2023-05-15T22:00:00+00:00,2023-05-16T01:00:00+00:00,3.774700164794922,4.982374668121338,4.636250019073486
3,AT,AKC,urban,2023-05-15T23:00:00+00:00,2023-05-16T02:00:00+00:00,3.9815502166748047,4.2672600746154785,3.7480993270874023
3,AT,AKC,urban,2023-05-16T00:00:00+00:00,2023-05-16T03:00:00+00:00,4.335948944091797,4.0745320320129395,3.533450126647949
3,AT,AKC,urban,2023-05-16T01:00:00+00:00,2023-05-16T04:00:00+00:00,4.9618988037109375,4.505976676940918,3.774700164794922
3,AT,AKC,urban,2023-05-16T02:00:00+00:00,2023-05-16T05:00:00+00:00,5.955598831176758,4.690853118896484,3.9815502166748047
3,AT,AKC,urban,2023-05-16T03:00:00+00:00,2023-05-16T06:00:00+00:00,6.289000034332275,5.041794300079346,4.335948944091797
3,AT,AKC,urban,2023-05-16T04:00:00+00:00,2023-05-16T07:00:00+00:00,6.7403998374938965,5.591410160064697,4.9618988037109375
3,AT,AKC,urban,2023-05-16T05:00:00+00:00,2023-05-16T08:00:00+00:00,9.642498970031738,6.288819789886475,5.955598831176758
3,AT,AKC,urban,2023-05-16T06:00:00+00:00,2023-05-16T09:00:00+00:00,9.057848930358887,6.373391628265381,6.289000034332275
3,AT,AKC,urban,2023-05-16T07:00:00+00:00,2023-05-16T10:00:00+00:00,10.14585018157959,6.713888645172119,6.7403998374938965
3,AT,AKC,urban,2023-05-16T08:00:00+00:00,2023-05-16T11:00:00+00:00,10.432999610900879,8.477649688720703,9.642498970031738
3,AT,AKC,urban,2023-05-16T09:00:00+00:00,2023-05-16T12:00:00+00:00,10.146499633789062,8.15989875793457,9.057848930358887
3,AT,AKC,urban,2023-05-16T10:00:00+00:00,2023-05-16T13:00:00+00:00,10.147299766540527,9.814711570739746,10.14585018157959
3,AT,AKC,urban,2023-05-16T11:00:00+00:00,2023-05-16T14:00:00+00:00,10.891500473022461,9.355208396911621,10.432999610900879
3,AT,AKC,urban,2023-05-16T12:00:00+00:00,2023-05-16T15:00:00+00:00,11.001500129699707,9.747191429138184,10.146499633789062
3,AT,AKC,urban,2023-05-16T13:00:00+00:00,2023-05-16T16:00:00+00:00,12.03499984741211,9.727354049682617,10.147299766540527
3,AT,AKC,urban,2023-05-16T14:00:00+00:00,2023-05-16T17:00:00+00:00,12.739999771118164,10.151931762695312,10.891500473022461
3,AT,AKC,urban,2023-05-16T15:00:00+00:00,2023-05-16T18:00:00+00:00,11.895000457763672,10.44236946105957,11.001500129699707
3,AT,AKC,urban,2023-05-16T16:00:00+00:00,2023-05-16T19:00:00+00:00,9.997499465942383,11.382469177246094,12.03499984741211
3,AT,AKC,urban,2023-05-16T17:00:00+00:00,2023-05-16T20:00:00+00:00,7.737750053405762,11.253960609436035,12.739999771118164
3,AT,AKC,urban,2023-05-16T18:00:00+00:00,2023-05-16T21:00:00+00:00,6.8256001472473145,10.97186279296875,11.895000457763672
3,AT,AKC,urban,2023-05-16T19:00:00+00:00,2023-05-16T22:00:00+00:00,6.505549907684326,9.033063888549805,9.997499465942383
3,AT,AKC,urban,2023-05-16T20:00:00+00:00,2023-05-16T23:00:00+00:00,4.441100120544434,7.362059593200684,7.737750053405762
3,AT,AKC,urban,2023-05-16T21:00:00+00:00,2023-05-17T00:00:00+00:00,3.1105995178222656,6.908545017242432,6.8256001472473145
3,AT,AKC,urban,2023-05-16T22:00:00+00:00,2023-05-17T01:00:00+00:00,2.552549362182617,6.820237636566162,6.505549907684326
3,AT,AKC,urban,2023-05-16T23:00:00+00:00,2023-05-17T02:00:00+00:00,2.4342002868652344,4.801608562469482,4.441100120544434
3,AT,AKC,urban,2023-05-17T00:00:00+00:00,2023-05-17T03:00:00+00:00,2.9821996688842773,3.585576057434082,3.1105995178222656
3,AT,AKC,urban,2023-05-17T01:00:00+00:00,2023-05-17T04:00:00+00:00,2.9664993286132812,3.1746606826782227,2.552549362182617
3,AT,AKC,urban,2023-05-17T02:00:00+00:00,2023-05-17T05:00:00+00:00,2.8492488861083984,3.0826120376586914,2.4342002868652344
3,AT,AKC,urban,2023-05-17T03:00:00+00:00,2023-05-17T06:00:00+00:00,3.734349250793457,3.528571128845215,2.9821996688842773
3,AT,AKC,urban,2023-05-17T04:00:00+00:00,2023-05-17T07:00:00+00:00,4.360499858856201,3.4634780883789062,2.9664993286132812
3,AT,AKC,urban,2023-05-17T05:00:00+00:00,2023-05-17T08:00:00+00:00,4.485548973083496,3.2813167572021484,2.8492488861083984
3,AT,AKC,urban,2023-05-17T06:00:00+00:00,2023-05-17T09:00:00+00:00,4.583449840545654,4.131767749786377,3.734349250793457
3,AT,AKC,urban,2023-05-17T07:00:00+00:00,2023-05-17T10:00:00+00:00,4.395948886871338,4.715272903442383,4.360499858856201
3,AT,AKC,urban,2023-05-17T08:00:00+00:00,2023-05-17T11:00:00+00:00,4.442800045013428,4.801733493804932,4.485548973083496
3,AT,AKC,urban,2023-05-17T09:00:00+00:00,2023-05-17T12:00:00+00:00,4.3970489501953125,4.904025077819824,4.583449840545654
3,AT,AKC,urban,2023-05-17T10:00:00+00:00,2023-05-17T13:00:00+00:00,4.019998550415039,4.723121166229248,4.395948886871338
3,AT,AKC,urban,2023-05-17T11:00:00+00:00,2023-05-17T14:00:00+00:00,4.874500274658203,4.79511022567749,4.442800045013428
3,AT,AKC,urban,2023-05-17T12:00:00+00:00,2023-05-17T15:00:00+00:00,6.159398555755615,4.800612449645996,4.3970489501953125
3,AT,AKC,urban,2023-05-17T13:00:00+00:00,2023-05-17T16:00:00+00:00,6.247649669647217,4.532233715057373,4.019998550415039
3,AT,AKC,urban,2023-05-17T14:00:00+00:00,2023-05-17T17:00:00+00:00,6.801650047302246,5.398443222045898,4.874500274658203
3,AT,AKC,urban,2023-05-17T15:00:00+00:00,2023-05-17T18:00:00+00:00,6.311650276184082,6.575786113739014,6.159398555755615
3,AT,AKC,urban,2023-05-17T16:00:00+00:00,2023-05-17T19:00:00+00:00,5.579800128936768,6.620716571807861,6.247649669647217
3,AT,AKC,urban,2023-05-17T17:00:00+00:00,2023-05-17T20:00:00+00:00,6.512350559234619,7.075575351715088,6.801650047302246
3,AT,AKC,urban,2023-05-17T18:00:00+00:00,2023-05-17T21:00:00+00:00,6.882800102233887,6.491889476776123,6.311650276184082
3,AT,AKC,urban,2023-05-17T19:00:00+00:00,2023-05-17T22:00:00+00:00,6.819900035858154,5.7778120040893555,5.579800128936768
3,AT,AKC,urban,2023-05-17T20:00:00+00:00,2023-05-17T23:00:00+00:00,6.312098979949951,6.858530044555664,6.512350559234619
3,AT,AKC,urban,2023-05-17T21:00:00+00:00,2023-05-18T00:00:00+00:00,6.131799221038818,7.200546741485596,6.882800102233887
3,AT,AKC,urban,2023-05-17T22:00:00+00:00,2023-05-18T01:00:00+00:00,6.185348987579346,7.1950764656066895,6.819900035858154
3,AT,AKC,urban,2023-05-17T23:00:00+00:00,2023-05-18T02:00:00+00:00,6.240248680114746,6.711149215698242,6.312098979949951
3,AT,AKC,urban,2023-05-18T00:00:00+00:00,2023-05-18T03:00:00+00:00,6.332300186157227,6.634230613708496,6.131799221038818
3,AT,AKC,urban,2023-05-18T01:00:00+00:00,2023-05-18T04:00:00+00:00,6.151899814605713,6.721486568450928,6.185348987579346
3,AT,AKC,urban,2023-05-18T02:00:00+00:00,2023-05-18T05:00:00+00:00,6.094250202178955,6.754924774169922,6.240248680114746
3,AT,AKC,urban,2023-05-18T03:00:00+00:00,2023-05-18T06:00:00+00:00,6.3824992179870605,6.82100248336792,6.332300186157227
3,AT,AKC,urban,2023-05-18T04:00:00+00:00,2023-05-18T07:00:00+00:00,6.633199214935303,6.59803581237793,6.151899814605713
3,AT,AKC,urban,2023-05-18T05:00:00+00:00,2023-05-18T08:00:00+00:00,6.775498867034912,6.499270439147949,6.094250202178955
3,AT,AKC,urban,2023-05-18T06:00:00+00:00,2023-05-18T09:00:00+00:00,7.4234490394592285,6.656975746154785,6.3824992179870605
3,AT,AKC,urban,2023-05-18T07:00:00+00:00,2023-05-18T10:00:00+00:00,7.731450080871582,6.721714973449707,6.633199214935303
3,AT,AKC,urban,2023-05-18T08:00:00+00:00,2023-05-18T11:00:00+00:00,7.652450084686279,6.842831134796143,6.775498867034912
3,AT,AKC,urban,2023-05-18T09:00:00+00:00,2023-05-18T12:00:00+00:00,7.696700096130371,7.349878787994385,7.4234490394592285
3,AT,AKC,urban,2023-05-18T10:00:00+00:00,2023-05-18T13:00:00+00:00,7.683000087738037,7.607052803039551,7.731450080871582
3,AT,AKC,urban,2023-05-18T11:00:00+00:00,2023-05-18T14:00:00+00:00,7.674149036407471,7.761577606201172,7.652450084686279
3,AT,AKC,urban,2023-05-18T12:00:00+00:00,2023-05-18T15:00:00+00:00,7.737648963928223,7.647396564483643,7.696700096130371
3,AT,AKC,urban,2023-05-18T13:00:00+00:00,2023-05-18T16:00:00+00:00,8.065649032592773,7.817137718200684,7.683000087738037
3,AT,AKC,urban,2023-05-18T14:00:00+00:00,2023-05-18T17:00:00+00:00,8.24269962310791,8.110697746276855,7.674149036407471
3,AT,AKC,urban,2023-05-18T15:00:00+00:00,2023-05-18T18:00:00+00:00,8.833099365234375,8.149256706237793,7.737648963928223
3,AT,AKC,urban,2023-05-18T16:00:00+00:00,2023-05-18T19:00:00+00:00,9.231550216674805,8.567052841186523,8.065649032592773
3,AT,AKC,urban,2023-05-18T17:00:00+00:00,2023-05-18T20:00:00+00:00,8.209248542785645,9.487164497375488,8.24269962310791
3,AT,AKC,urban,2023-05-18T18:00:00+00:00,2023-05-18T21:00:00+00:00,7.5433502197265625,10.134200096130371,8.833099365234375
3,AT,AKC,urban,2023-05-18T19:00:00+00:00,2023-05-18T22:00:00+00:00,8.201199531555176,10.22131633758545,9.231550216674805
3,AT,AKC,urban,2023-05-18T20:00:00+00:00,2023-05-18T23:00:00+00:00,9.531000137329102,8.554380416870117,8.209248542785645
3,AT,AKC,urban,2023-05-18T21:00:00+00:00,2023-05-19T00:00:00+00:00,11.447500228881836,8.51014232635498,7.5433502197265625
3,AT,AKC,urban,2023-05-18T22:00:00+00:00,2023-05-19T01:00:00+00:00,12.331000328063965,8.88744831085205,8.201199531555176
3,AT,AKC,urban,2023-05-18T23:00:00+00:00,2023-05-19T02:00:00+00:00,12.433500289916992,10.281944274902344,9.531000137329102
3,AT,AKC,urban,2023-05-19T00:00:00+00:00,2023-05-19T03:00:00+00:00,9.74435043334961,12.788912773132324,11.447500228881836
3,AT,AKC,urban,2023-05-19T01:00:00+00:00,2023-05-19T04:00:00+00:00,7.391049861907959,13.614237785339355,12.331000328063965
3,AT,AKC,urban,2023-05-19T02:00:00+00:00,2023-05-19T05:00:00+00:00,7.4357991218566895,13.706873893737793,12.433500289916992
3,AT,AKC,urban,2023-05-19T03:00:00+00:00,2023-05-19T06:00:00+00:00,7.562849044799805,11.055546760559082,9.74435043334961
3,AT,AKC,urban,2023-05-19T04:00:00+00:00,2023-05-19T07:00:00+00:00,7.483798980712891,8.74901294708252,7.391049861907959
3,AT,AKC,urban,2023-05-19T05:00:00+00:00,2023-05-19T08:00:00+00:00,8.361748695373535,8.125807762145996,7.4357991218566895
3,AT,AKC,urban,2023-05-19T06:00:00+00:00,2023-05-19T09:00:00+00:00,8.523598670959473,8.03914737701416,7.562849044799805
3,AT,AKC,urban,2023-05-19T07:00:00+00:00,2023-05-19T10:00:00+00:00,7.178349018096924,7.786838054656982,7.483798980712891
3,AT,AKC,urban,2023-05-19T08:00:00+00:00,2023-05-19T11:00:00+00:00,6.699648857116699,8.330936431884766,8.361748695373535
3,AT,AKC,urban,2023-05-19T09:00:00+00:00,2023-05-19T12:00:00+00:00,5.441100120544434,8.294157028198242,8.523598670959473
3,AT,AKC,urban,2023-05-19T10:00:00+00:00,2023-05-19T13:00:00+00:00,5.172348976135254,7.269772529602051,7.178349018096924
3,AT,AKC,urban,2023-05-19T11:00:00+00:00,2023-05-19T14:00:00+00:00,6.3383989334106445,7.060077667236328,6.699648857116699
3,AT,AKC,urban,2023-05-19T12:00:00+00:00,2023-05-19T15:00:00+00:00,9.712550163269043,6.229094505310059,5.441100120544434
3,AT,AKC,urban,2023-05-19T13:00:00+00:00,2023-05-19T16:00:00+00:00,8.234350204467773,6.457836627960205,5.172348976135254
3,AT,AKC,urban,2023-05-19T14:00:00+00:00,2023-05-19T17:00:00+00:00,6.4569501876831055,7.638669013977051,6.3383989334106445
3,AT,AKC,urban,2023-05-19T15:00:00+00:00,2023-05-19T18:00:00+00:00,5.914999485015869,11.131731033325195,9.712550163269043
3,AT,AKC,urban,2023-05-19T16:00:00+00:00,2023-05-19T19:00:00+00:00,7.571899890899658,9.671759605407715,8.234350204467773
3,AT,AKC,urban,2023-05-19T17:00:00+00:00,2023-05-19T20:00:00+00:00,9.870200157165527,8.105718612670898,6.4569501876831055
3,AT,AKC,urban,2023-05-19T18:00:00+00:00,2023-05-19T21:00:00+00:00,10.644499778747559,7.666433334350586,5.914999485015869
3,AT,AKC,urban,2023-05-19T19:00:00+00:00,2023-05-19T22:00:00+00:00,12.369999885559082,9.404058456420898,7.571899890899658
3,AT,AKC,urban,2023-05-19T20:00:00+00:00,2023-05-19T23:00:00+00:00,14.203499794006348,11.76452350616455,9.870200157165527
3,AT,AKC,urban,2023-05-19T21:00:00+00:00,2023-05-20T00:00:00+00:00,14.780500411987305,12.155935287475586,10.644499778747559
3,AT,AKC,urban,2023-05-19T22:00:00+00:00,2023-05-20T01:00:00+00:00,16.02400016784668,13.5079984664917,12.369999885559082
3,AT,AKC,urban,2023-05-19T23:00:00+00:00,2023-05-20T02:00:00+00:00,19.228500366210938,14.490964889526367,14.203499794006348
3,AT,AKC,urban,2023-05-20T00:00:00+00:00,2023-05-20T03:00:00+00:00,19.30900001525879,15.406376838684082,14.780500411987305
3,AT,AKC,urban,2023-05-20T01:00:00+00:00,2023-05-20T04:00:00+00:00,17.96500015258789,16.42676544189453,16.02400016784668
3,AT,AKC,urban,2023-05-20T02:00:00+00:00,2023-05-20T05:00:00+00:00,17.04050064086914,17.18214988708496,19.228500366210938
3,AT,AKC,urban,2023-05-20T03:00:00+00:00,2023-05-20T06:00:00+00:00,16.06100082397461,16.736875534057617,19.30900001525879
3,AT,AKC,urban,2023-05-20T04:00:00+00:00,2023-05-20T07:00:00+00:00,16.219999313354492,15.330009460449219,17.96500015258789
3,AT,AKC,urban,2023-05-20T05:00:00+00:00,2023-05-20T08:00:00+00:00,14.156000137329102,13.900769233703613,17.04050064086914
3,AT,AKC,urban,2023-05-20T06:00:00+00:00,2023-05-20T09:00:00+00:00,12.60099983215332,12.78187370300293,16.06100082397461
3,AT,AKC,urban,2023-05-20T07:00:00+00:00,2023-05-20T10:00:00+00:00,10.161749839782715,12.606253623962402,16.219999313354492
3,AT,AKC,urban,2023-05-20T08:00:00+00:00,2023-05-20T11:00:00+00:00,10.121999740600586,11.363247871398926,14.156000137329102
3,AT,AKC,urban,2023-05-20T09:00:00+00:00,2023-05-20T12:00:00+00:00,9.508099555969238,9.579001426696777,12.60099983215332
3,AT,AKC,urban,2023-05-20T10:00:00+00:00,2023-05-20T13:00:00+00:00,8.683548927307129,9.084310531616211,10.161749839782715
3,AT,AKC,urban,2023-05-20T11:00:00+00:00,2023-05-20T14:00:00+00:00,9.4114990234375,9.727609634399414,10.121999740600586
3,AT,AKC,urban,2023-05-20T12:00:00+00:00,2023-05-20T15:00:00+00:00,9.447750091552734,9.784093856811523,9.508099555969238
3,AT,AKC,urban,2023-05-20T13:00:00+00:00,2023-05-20T16:00:00+00:00,9.529150009155273,9.453309059143066,8.683548927307129
3,AT,AKC,urban,2023-05-20T14:00:00+00:00,2023-05-20T17:00:00+00:00,10.652999877929688,11.089706420898438,9.4114990234375
3,AT,AKC,urban,2023-05-20T15:00:00+00:00,2023-05-20T18:00:00+00:00,11.625,11.699882507324219,9.447750091552734
3,AT,AKC,urban,2023-05-20T16:00:00+00:00,2023-05-20T19:00:00+00:00,14.254500389099121,12.172664642333984,9.529150009155273
3,AT,AKC,urban,2023-05-20T17:00:00+00:00,2023-05-20T20:00:00+00:00,16.925500869750977,13.788505554199219,10.652999877929688
3,AT,AKC,urban,2023-05-20T18:00:00+00:00,2023-05-20T21:00:00+00:00,17.186500549316406,14.881309509277344,11.625
3,AT,AKC,urban,2023-05-20T19:00:00+00:00,2023-05-20T22:00:00+00:00,17.625,16.48760414123535,14.254500389099121
3,AT,AKC,urban,2023-05-20T20:00:00+00:00,2023-05-20T23:00:00+00:00,17.483999252319336,18.64957618713379,16.925500869750977
3,AT,AKC,urban,2023-05-20T21:00:00+00:00,2023-05-21T00:00:00+00:00,17.372499465942383,18.356184005737305,17.186500549316406
3,AT,AKC,urban,2023-05-20T22:00:00+00:00,2023-05-21T01:00:00+00:00,16.874000549316406,19.243209838867188,17.625
3,AT,AKC,urban,2023-05-20T23:00:00+00:00,2023-05-21T02:00:00+00:00,15.449000358581543,18.253936767578125,17.483999252319336
3,AT,AKC,urban,2023-05-21T00:00:00+00:00,2023-05-21T03:00:00+00:00,15.729999542236328,18.14801025390625,17.372499465942383
3,AT,AKC,urban,2023-05-21T01:00:00+00:00,2023-05-21T04:00:00+00:00,15.80049991607666,16.72296714782715,16.874000549316406
3,AT,AKC,urban,2023-05-21T02:00:00+00:00,2023-05-21T05:00:00+00:00,15.503000259399414,14.205221176147461,15.449000358581543
3,AT,AKC,urban,2023-05-21T03:00:00+00:00,2023-05-21T06:00:00+00:00,12.763500213623047,13.642585754394531,15.729999542236328
3,AT,AKC,urban,2023-05-21T04:00:00+00:00,2023-05-21T07:00:00+00:00,11.43649959564209,13.506092071533203,15.80049991607666
3,AT,AKC,urban,2023-05-21T05:00:00+00:00,2023-05-21T08:00:00+00:00,10.55150032043457,13.036993026733398,15.503000259399414
3,AT,AKC,urban,2023-05-21T06:00:00+00:00,2023-05-21T09:00:00+00:00,9.522150039672852,10.190031051635742,12.763500213623047
3,AT,AKC,urban,2023-05-21T07:00:00+00:00,2023-05-21T10:00:00+00:00,9.142349243164062,9.527243614196777,11.43649959564209
3,AT,AKC,urban,2023-05-21T08:00:00+00:00,2023-05-21T11:00:00+00:00,8.78950023651123,9.34500789642334,10.55150032043457
3,AT,AKC,urban,2023-05-21T09:00:00+00:00,2023-05-21T12:00:00+00:00,8.282649040222168,8.793930053710938,9.522150039672852
3,AT,AKC,urban,2023-05-21T10:00:00+00:00,2023-05-21T13:00:00+00:00,7.842948913574219,8.63843822479248,9.142349243164062
3,AT,AKC,urban,2023-05-21T11:00:00+00:00,2023-05-21T14:00:00+00:00,8.009550094604492,8.568291664123535,8.78950023651123
3,AT,AKC,urban,2023-05-21T12:00:00+00:00,2023-05-21T15:00:00+00:00,8.128398895263672,8.25320053100586,8.282649040222168
3,AT,AKC,urban,2023-05-21T13:00:00+00:00,2023-05-21T16:00:00+00:00,7.822948932647705,8.32358455657959,7.842948913574219
3,AT,AKC,urban,2023-05-21T14:00:00+00:00,2023-05-21T17:00:00+00:00,8.127249717712402,9.031257629394531,8.009550094604492
3,AT,AKC,urban,2023-05-21T15:00:00+00:00,2023-05-21T18:00:00+00:00,8.838350296020508,9.695863723754883,8.128398895263672
3,AT,AKC,urban,2023-05-21T16:00:00+00:00,2023-05-21T19:00:00+00:00,10.501999855041504,9.866509437561035,7.822948932647705
3,AT,AKC,urban,2023-05-21T17:00:00+00:00,2023-05-21T20:00:00+00:00,10.119150161743164,10.482660293579102,8.127249717712402
3,AT,AKC,urban,2023-05-21T18:00:00+00:00,2023-05-21T21:00:00+00:00,10.229499816894531,11.110696792602539,8.838350296020508
3,AT,AKC,urban,2023-05-21T19:00:00+00:00,2023-05-21T22:00:00+00:00,11.683500289916992,12.626241683959961,10.501999855041504
3,AT,AKC,urban,2023-05-21T20:00:00+00:00,2023-05-21T23:00:00+00:00,11.500499725341797,11.875776290893555,10.119150161743164
3,AT,AKC,urban,2023-05-21T21:00:00+00:00,2023-05-22T00:00:00+00:00,11.783499717712402,11.505541801452637,10.229499816894531
3,AT,AKC,urban,2023-05-21T22:00:00+00:00,2023-05-22T01:00:00+00:00,11.91100025177002,12.375557899475098,11.683500289916992
3,AT,AKC,urban,2023-05-21T23:00:00+00:00,2023-05-22T02:00:00+00:00,11.843000411987305,12.51573371887207,11.500499725341797
3,AT,AKC,urban,2023-05-22T00:00:00+00:00,2023-05-22T03:00:00+00:00,12.741000175476074,13.240702629089355,11.783499717712402
3,AT,AKC,urban,2023-05-22T01:00:00+00:00,2023-05-22T04:00:00+00:00,14.143500328063965,13.509990692138672,11.91100025177002
3,AT,AKC,urban,2023-05-22T02:00:00+00:00,2023-05-22T05:00:00+00:00,12.005499839782715,13.690226554870605,11.843000411987305
3,AT,AKC,urban,2023-05-22T03:00:00+00:00,2023-05-22T06:00:00+00:00,11.157500267028809,15.009627342224121,12.741000175476074
3,AT,AKC,urban,2023-05-22T04:00:00+00:00,2023-05-22T07:00:00+00:00,10.5516996383667,14.939315795898438,14.143500328063965
3,AT,AKC,urban,2023-05-22T05:00:00+00:00,2023-05-22T08:00:00+00:00,11.782500267028809,11.515097618103027,12.005499839782715
3,AT,AKC,urban,2023-05-22T06:00:00+00:00,2023-05-22T09:00:00+00:00,10.093700408935547,10.256356239318848,11.157500267028809
3,AT,AKC,urban,2023-05-22T07:00:00+00:00,2023-05-22T10:00:00+00:00,9.188348770141602,9.6455717086792,10.5516996383667
3,AT,AKC,urban,2023-05-22T08:00:00+00:00,2023-05-22T11:00:00+00:00,8.225149154663086,10.732227325439453,11.782500267028809
3,AT,AKC,urban,2023-05-22T09:00:00+00:00,2023-05-22T12:00:00+00:00,7.7943501472473145,9.379010200500488,10.093700408935547
3,AT,AKC,urban,2023-05-22T10:00:00+00:00,2023-05-22T13:00:00+00:00,7.867800235748291,8.694904327392578,9.188348770141602
3,AT,AKC,urban,2023-05-22T11:00:00+00:00,2023-05-22T14:00:00+00:00,7.750298976898193,8.19469165802002,8.225149154663086
3,AT,AKC,urban,2023-05-22T12:00:00+00:00,2023-05-22T15:00:00+00:00,8.060298919677734,8.110595703125,7.7943501472473145
3,AT,AKC,urban,2023-05-22T13:00:00+00:00,2023-05-22T16:00:00+00:00,8.292698860168457,8.349013328552246,7.867800235748291
3,AT,AKC,urban,2023-05-22T14:00:00+00:00,2023-05-22T17:00:00+00:00,8.259148597717285,8.62765884399414,7.750298976898193
3,AT,AKC,urban,2023-05-22T15:00:00+00:00,2023-05-22T18:00:00+00:00,9.714849472045898,9.38400936126709,8.060298919677734
3,AT,AKC,urban,2023-05-22T16:00:00+00:00,2023-05-22T19:00:00+00:00,10.102499961853027,9.91866683959961,8.292698860168457
3,AT,AKC,urban,2023-05-22T17:00:00+00:00,2023-05-22T20:00:00+00:00,9.791648864746094,10.03945541381836,8.259148597717285
3,AT,AKC,urban,2023-05-22T18:00:00+00:00,2023-05-22T21:00:00+00:00,10.668499946594238,12.014365196228027,9.714849472045898
3,AT,AKC,urban,2023-05-22T19:00:00+00:00,2023-05-22T22:00:00+00:00,13.404000282287598,12.09976863861084,10.102499961853027
3,AT,AKC,urban,2023-05-22T20:00:00+00:00,2023-05-22T23:00:00+00:00,14.446999549865723,11.566332817077637,9.791648864746094
3,AT,AKC,urban,2023-05-22T21:00:00+00:00,2023-05-23T00:00:00+00:00,14.090999603271484,12.466181755065918,10.668499946594238
3,AT,AKC,urban,2023-05-22T22:00:00+00:00,2023-05-23T01:00:00+00:00,14.512499809265137,15.083765029907227,13.404000282287598
3,AT,AKC,urban,2023-05-22T23:00:00+00:00,2023-05-23T02:00:00+00:00,14.548500061035156,16.021387100219727,14.446999549865723
3,AT,AKC,urban,2023-05-23T00:00:00+00:00,2023-05-23T03:00:00+00:00,15.83899974822998,16.057086944580078,14.090999603271484
3,AT,AKC,urban,2023-05-23T01:00:00+00:00,2023-05-23T04:00:00+00:00,16.05699920654297,16.009859085083008,14.512499809265137
3,AT,AKC,urban,2023-05-23T02:00:00+00:00,2023-05-23T05:00:00+00:00,17.990999221801758,16.354419708251953,14.548500061035156
3,AT,AKC,urban,2023-05-23T03:00:00+00:00,2023-05-23T06:00:00+00:00,16.697500228881836,15.816583633422852,15.83899974822998
3,AT,AKC,urban,2023-05-23T04:00:00+00:00,2023-05-23T07:00:00+00:00,12.81149959564209,15.128365516662598,16.05699920654297
3,AT,AKC,urban,2023-05-23T05:00:00+00:00,2023-05-23T08:00:00+00:00,11.456500053405762,14.909433364868164,17.990999221801758
3,AT,AKC,urban,2023-05-23T06:00:00+00:00,2023-05-23T09:00:00+00:00,10.809000015258789,11.312536239624023,16.697500228881836
3,AT,AKC,urban,2023-05-23T07:00:00+00:00,2023-05-23T10:00:00+00:00,10.866999626159668,9.293033599853516,12.81149959564209
3,AT,AKC,urban,2023-05-23T08:00:00+00:00,2023-05-23T11:00:00+00:00,11.31350040435791,9.042436599731445,11.456500053405762
3,AT,AKC,urban,2023-05-23T09:00:00+00:00,2023-05-23T12:00:00+00:00,12.3149995803833,9.354180335998535,10.809000015258789
3,AT,AKC,urban,2023-05-23T10:00:00+00:00,2023-05-23T13:00:00+00:00,13.67199993133545,9.72676944732666,10.866999626159668
3,AT,AKC,urban,2023-05-23T11:00:00+00:00,2023-05-23T14:00:00+00:00,10.766050338745117,9.768117904663086,11.31350040435791
3,AT,AKC,urban,2023-05-23T12:00:00+00:00,2023-05-23T15:00:00+00:00,9.770849227905273,10.596829414367676,12.3149995803833
3,AT,AKC,urban,2023-05-23T13:00:00+00:00,2023-05-23T16:00:00+00:00,8.67770004272461,12.108942031860352,13.67199993133545
3,AT,AKC,urban,2023-05-23T14:00:00+00:00,2023-05-23T17:00:00+00:00,8.644948959350586,10.033973693847656,10.766050338745117
3,AT,AKC,urban,2023-05-23T15:00:00+00:00,2023-05-23T18:00:00+00:00,8.893850326538086,9.44935417175293,9.770849227905273
3,AT,AKC,urban,2023-05-23T16:00:00+00:00,2023-05-23T19:00:00+00:00,9.171198844909668,8.943792343139648,8.67770004272461
3,AT,AKC,urban,2023-05-23T17:00:00+00:00,2023-05-23T20:00:00+00:00,9.329700469970703,9.005712509155273,8.644948959350586
3,AT,AKC,urban,2023-05-23T18:00:00+00:00,2023-05-23T21:00:00+00:00,9.597700119018555,9.166797637939453,8.893850326538086
3,AT,AKC,urban,2023-05-23T19:00:00+00:00,2023-05-23T22:00:00+00:00,9.194950103759766,9.563472747802734,9.171198844909668
3,AT,AKC,urban,2023-05-23T20:00:00+00:00,2023-05-23T23:00:00+00:00,7.7171502113342285,9.475382804870605,9.329700469970703
3,AT,AKC,urban,2023-05-23T21:00:00+00:00,2023-05-24T00:00:00+00:00,5.819550037384033,9.608736038208008,9.597700119018555
3,AT,AKC,urban,2023-05-23T22:00:00+00:00,2023-05-24T01:00:00+00:00,5.084949016571045,9.287782669067383,9.194950103759766
3,AT,AKC,urban,2023-05-23T23:00:00+00:00,2023-05-24T02:00:00+00:00,5.2023491859436035,7.958355903625488,7.7171502113342285
3,AT,AKC,urban,2023-05-24T00:00:00+00:00,2023-05-24T03:00:00+00:00,5.4257988929748535,6.321089744567871,5.819550037384033
3,AT,AKC,urban,2023-05-24T01:00:00+00:00,2023-05-24T04:00:00+00:00,5.649899005889893,5.872565746307373,5.084949016571045
3,AT,AKC,urban,2023-05-24T02:00:00+00:00,2023-05-24T05:00:00+00:00,6.551750183105469,6.050248146057129,5.2023491859436035
3,AT,AKC,urban,2023-05-24T03:00:00+00:00,2023-05-24T06:00:00+00:00,5.579298496246338,6.166041374206543,5.4257988929748535
3,AT,AKC,urban,2023-05-24T04:00:00+00:00,2023-05-24T07:00:00+00:00,4.389248847961426,6.293415069580078,5.649899005889893
3,AT,AKC,urban,2023-05-24T05:00:00+00:00,2023-05-24T08:00:00+00:00,4.106450080871582,6.931288719177246,6.551750183105469
3,AT,AKC,urban,2023-05-24T06:00:00+00:00,2023-05-24T09:00:00+00:00,4.509099006652832,5.918827533721924,5.579298496246338
3,AT,AKC,urban,2023-05-24T07:00:00+00:00,2023-05-24T10:00:00+00:00,4.374049663543701,4.780722141265869,4.389248847961426
3,AT,AKC,urban,2023-05-24T08:00:00+00:00,2023-05-24T11:00:00+00:00,4.652150630950928,4.423032760620117,4.106450080871582
3,AT,AKC,urban,2023-05-24T09:00:00+00:00,2023-05-24T12:00:00+00:00,5.49370002746582,4.815745830535889,4.509099006652832
3,AT,AKC,urban,2023-05-24T10:00:00+00:00,2023-05-24T13:00:00+00:00,6.491350173950195,4.738265514373779,4.374049663543701
3,AT,AKC,urban,2023-05-24T11:00:00+00:00,2023-05-24T14:00:00+00:00,6.386750221252441,5.07297420501709,4.652150630950928
3,AT,AKC,urban,2023-05-24T12:00:00+00:00,2023-05-24T15:00:00+00:00,6.717899799346924,5.763033390045166,5.49370002746582
3,AT,AKC,urban,2023-05-24T13:00:00+00:00,2023-05-24T16:00:00+00:00,7.361000061035156,6.601963520050049,6.491350173950195
3,AT,AKC,urban,2023-05-24T14:00:00+00:00,2023-05-24T17:00:00+00:00,6.83650016784668,6.581181049346924,6.386750221252441
3,AT,AKC,urban,2023-05-24T15:00:00+00:00,2023-05-24T18:00:00+00:00,7.342648983001709,7.334727764129639,6.717899799346924
3,AT,AKC,urban,2023-05-24T16:00:00+00:00,2023-05-24T19:00:00+00:00,7.983399868011475,8.697470664978027,7.361000061035156
3,AT,AKC,urban,2023-05-24T17:00:00+00:00,2023-05-24T20:00:00+00:00,8.803898811340332,8.262836456298828,6.83650016784668
3,AT,AKC,urban,2023-05-24T18:00:00+00:00,2023-05-24T21:00:00+00:00,9.741148948669434,8.833003997802734,7.342648983001709
3,AT,AKC,urban,2023-05-24T19:00:00+00:00,2023-05-24T22:00:00+00:00,10.142999649047852,9.380290985107422,7.983399868011475
3,AT,AKC,urban,2023-05-24T20:00:00+00:00,2023-05-24T23:00:00+00:00,10.12024974822998,9.929391860961914,8.803898811340332
3,AT,AKC,urban,2023-05-24T21:00:00+00:00,2023-05-25T00:00:00+00:00,9.940448760986328,10.852263450622559,9.741148948669434
3,AT,AKC,urban,2023-05-24T22:00:00+00:00,2023-05-25T01:00:00+00:00,10.062899589538574,11.006122589111328,10.142999649047852
3,AT,AKC,urban,2023-05-24T23:00:00+00:00,2023-05-25T02:00:00+00:00,10.955499649047852,11.140790939331055,10.12024974822998
3,AT,AKC,urban,2023-05-25T00:00:00+00:00,2023-05-25T03:00:00+00:00,11.928999900817871,11.307228088378906,9.940448760986328
3,AT,AKC,urban,2023-05-25T01:00:00+00:00,2023-05-25T04:00:00+00:00,11.601499557495117,11.603199005126953,10.062899589538574
3,AT,AKC,urban,2023-05-25T02:00:00+00:00,2023-05-25T05:00:00+00:00,11.109999656677246,12.459726333618164,10.955499649047852
3,AT,AKC,urban,2023-05-25T03:00:00+00:00,2023-05-25T06:00:00+00:00,11.053000450134277,13.084574699401855,11.928999900817871
3,AT,AKC,urban,2023-05-25T04:00:00+00:00,2023-05-25T07:00:00+00:00,10.859000205993652,11.652009010314941,11.601499557495117
3,AT,AKC,urban,2023-05-25T05:00:00+00:00,2023-05-25T08:00:00+00:00,10.494850158691406,10.389501571655273,11.109999656677246
3,AT,AKC,urban,2023-05-25T06:00:00+00:00,2023-05-25T09:00:00+00:00,10.666500091552734,10.190537452697754,11.053000450134277
3,AT,AKC,urban,2023-05-25T07:00:00+00:00,2023-05-25T10:00:00+00:00,10.303999900817871,9.984657287597656,10.859000205993652
3,AT,AKC,urban,2023-05-25T08:00:00+00:00,2023-05-25T11:00:00+00:00,9.492898941040039,9.651383399963379,10.494850158691406
3,AT,AKC,urban,2023-05-25T09:00:00+00:00,2023-05-25T12:00:00+00:00,8.964348793029785,9.973825454711914,10.666500091552734
3,AT,AKC,urban,2023-05-25T10:00:00+00:00,2023-05-25T13:00:00+00:00,8.866600036621094,9.860803604125977,10.303999900817871
3,AT,AKC,urban,2023-05-25T11:00:00+00:00,2023-05-25T14:00:00+00:00,9.177450180053711,9.285566329956055,9.492898941040039
3,AT,AKC,urban,2023-05-25T12:00:00+00:00,2023-05-25T15:00:00+00:00,9.311750411987305,9.006858825683594,8.964348793029785
3,AT,AKC,urban,2023-05-25T13:00:00+00:00,2023-05-25T16:00:00+00:00,8.45569896697998,9.30291748046875,8.866600036621094
3,AT,AKC,urban,2023-05-25T14:00:00+00:00,2023-05-25T17:00:00+00:00,8.542550086975098,9.983597755432129,9.177450180053711
3,AT,AKC,urban,2023-05-25T15:00:00+00:00,2023-05-25T18:00:00+00:00,9.16415023803711,10.218439102172852,9.311750411987305
3,AT,AKC,urban,2023-05-25T16:00:00+00:00,2023-05-25T19:00:00+00:00,10.508299827575684,9.907137870788574,8.45569896697998
3,AT,AKC,urban,2023-05-25T17:00:00+00:00,2023-05-25T20:00:00+00:00,12.0600004196167,10.49041748046875,8.542550086975098
3,AT,AKC,urban,2023-05-25T18:00:00+00:00,2023-05-25T21:00:00+00:00,12.005000114440918,10.966910362243652,9.16415023803711
3,AT,AKC,urban,2023-05-25T19:00:00+00:00,2023-05-25T22:00:00+00:00,11.76200008392334,12.156184196472168,10.508299827575684
3,AT,AKC,urban,2023-05-25T20:00:00+00:00,2023-05-25T23:00:00+00:00,12.20300006866455,13.989025115966797,12.0600004196167
3,AT,AKC,urban,2023-05-25T21:00:00+00:00,2023-05-26T00:00:00+00:00,13.479499816894531,13.980718612670898,12.005000114440918
3,AT,AKC,urban,2023-05-25T22:00:00+00:00,2023-05-26T01:00:00+00:00,13.968000411987305,13.61579704284668,11.76200008392334
3,AT,AKC,urban,2023-05-25T23:00:00+00:00,2023-05-26T02:00:00+00:00,14.255999565124512,13.797078132629395,12.20300006866455
3,AT,AKC,urban,2023-05-26T00:00:00+00:00,2023-05-26T03:00:00+00:00,15.102499961853027,14.865509033203125,13.479499816894531
3,AT,AKC,urban,2023-05-26T01:00:00+00:00,2023-05-26T04:00:00+00:00,14.572999954223633,14.049949645996094,13.968000411987305
3,AT,AKC,urban,2023-05-26T02:00:00+00:00,2023-05-26T05:00:00+00:00,13.566499710083008,14.360047340393066,14.255999565124512
3,AT,AKC,urban,2023-05-26T03:00:00+00:00,2023-05-26T06:00:00+00:00,14.185500144958496,14.685178756713867,15.102499961853027
3,AT,AKC,urban,2023-05-26T04:00:00+00:00,2023-05-26T07:00:00+00:00,12.852499961853027,13.538369178771973,14.572999954223633
3,AT,AKC,urban,2023-05-26T05:00:00+00:00,2023-05-26T08:00:00+00:00,16.784950256347656,11.021247863769531,13.566499710083008
3,AT,AKC,urban,2023-05-26T06:00:00+00:00,2023-05-26T09:00:00+00:00,10.569999694824219,10.669126510620117,14.185500144958496
3,AT,AKC,urban,2023-05-26T07:00:00+00:00,2023-05-26T10:00:00+00:00,10.108550071716309,10.56476879119873,12.852499961853027
3,AT,AKC,urban,2023-05-26T08:00:00+00:00,2023-05-26T11:00:00+00:00,10.706000328063965,11.210108757019043,16.784950256347656
3,AT,AKC,urban,2023-05-26T09:00:00+00:00,2023-05-26T12:00:00+00:00,8.7754487991333,9.309064865112305,10.569999694824219
3,AT,AKC,urban,2023-05-26T10:00:00+00:00,2023-05-26T13:00:00+00:00,8.844799041748047,8.96046257019043,10.108550071716309
3,AT,AKC,urban,2023-05-26T11:00:00+00:00,2023-05-26T14:00:00+00:00,7.587800025939941,9.295307159423828,10.706000328063965
3,AT,AKC,urban,2023-05-26T12:00:00+00:00,2023-05-26T15:00:00+00:00,7.441849231719971,8.332169532775879,8.7754487991333
3,AT,AKC,urban,2023-05-26T13:00:00+00:00,2023-05-26T16:00:00+00:00,7.744800090789795,8.616731643676758,8.844799041748047
3,AT,AKC,urban,2023-05-26T14:00:00+00:00,2023-05-26T17:00:00+00:00,8.648050308227539,7.990131855010986,7.587800025939941
3,AT,AKC,urban,2023-05-26T15:00:00+00:00,2023-05-26T18:00:00+00:00,9.083148956298828,7.830634117126465,7.441849231719971
3,AT,AKC,urban,2023-05-26T16:00:00+00:00,2023-05-26T19:00:00+00:00,9.463699340820312,8.427425384521484,7.744800090789795
3,AT,AKC,urban,2023-05-26T17:00:00+00:00,2023-05-26T20:00:00+00:00,9.321148872375488,9.483634948730469,8.648050308227539
3,AT,AKC,urban,2023-05-26T18:00:00+00:00,2023-05-26T21:00:00+00:00,9.84695053100586,10.829300880432129,9.083148956298828
3,AT,AKC,urban,2023-05-26T19:00:00+00:00,2023-05-26T22:00:00+00:00,8.903599739074707,10.872471809387207,9.463699340820312
3,AT,AKC,urban,2023-05-26T20:00:00+00:00,2023-05-26T23:00:00+00:00,8.284198760986328,10.651793479919434,9.321148872375488
3,AT,AKC,urban,2023-05-26T21:00:00+00:00,2023-05-27T00:00:00+00:00,7.712200164794922,11.296338081359863,9.84695053100586
3,AT,AKC,urban,2023-05-26T22:00:00+00:00,2023-05-27T01:00:00+00:00,7.762848854064941,9.520684242248535,8.903599739074707
3,AT,AKC,urban,2023-05-26T23:00:00+00:00,2023-05-27T02:00:00+00:00,7.705100059509277,8.806822776794434,8.284198760986328
3,AT,AKC,urban,2023-05-27T00:00:00+00:00,2023-05-27T03:00:00+00:00,7.941598892211914,8.676126480102539,7.712200164794922
3,AT,AKC,urban,2023-05-27T01:00:00+00:00,2023-05-27T04:00:00+00:00,8.102699279785156,8.628202438354492,7.762848854064941
3,AT,AKC,urban,2023-05-27T02:00:00+00:00,2023-05-27T05:00:00+00:00,8.318499565124512,8.525352478027344,7.705100059509277
3,AT,AKC,urban,2023-05-27T03:00:00+00:00,2023-05-27T06:00:00+00:00,8.653498649597168,8.739816665649414,7.941598892211914
3,AT,AKC,urban,2023-05-27T04:00:00+00:00,2023-05-27T07:00:00+00:00,9.46834945678711,8.78504753112793,8.102699279785156
3,AT,AKC,urban,2023-05-27T05:00:00+00:00,2023-05-27T08:00:00+00:00,9.222249031066895,8.758496284484863,8.318499565124512
3,AT,AKC,urban,2023-05-27T06:00:00+00:00,2023-05-27T09:00:00+00:00,8.537850379943848,8.628410339355469,8.653498649597168
3,AT,AKC,urban,2023-05-27T07:00:00+00:00,2023-05-27T10:00:00+00:00,7.8559489250183105,9.077775955200195,9.46834945678711
3,AT,AKC,urban,2023-05-27T08:00:00+00:00,2023-05-27T11:00:00+00:00,7.455348968505859,8.67147445678711,9.222249031066895
3,AT,AKC,urban,2023-05-27T09:00:00+00:00,2023-05-27T12:00:00+00:00,7.494850158691406,8.09708023071289,8.537850379943848
3,AT,AKC,urban,2023-05-27T10:00:00+00:00,2023-05-27T13:00:00+00:00,7.32705020904541,7.560649394989014,7.8559489250183105
3,AT,AKC,urban,2023-05-27T11:00:00+00:00,2023-05-27T14:00:00+00:00,7.537699222564697,7.268345832824707,7.455348968505859
3,AT,AKC,urban,2023-05-27T12:00:00+00:00,2023-05-27T15:00:00+00:00,7.3179497718811035,7.555695056915283,7.494850158691406
3,AT,AKC,urban,2023-05-27T13:00:00+00:00,2023-05-27T16:00:00+00:00,6.6045989990234375,7.633671760559082,7.32705020904541
3,AT,AKC,urban,2023-05-27T14:00:00+00:00,2023-05-27T17:00:00+00:00,6.997798919677734,8.174311637878418,7.537699222564697
3,AT,AKC,urban,2023-05-27T15:00:00+00:00,2023-05-27T18:00:00+00:00,7.729400157928467,8.15422534942627,7.3179497718811035
3,AT,AKC,urban,2023-05-27T16:00:00+00:00,2023-05-27T19:00:00+00:00,8.660200119018555,7.70781946182251,6.6045989990234375
3,AT,AKC,urban,2023-05-27T17:00:00+00:00,2023-05-27T20:00:00+00:00,8.117250442504883,8.729524612426758,6.997798919677734
3,AT,AKC,urban,2023-05-27T18:00:00+00:00,2023-05-27T21:00:00+00:00,6.591098785400391,9.159587860107422,7.729400157928467
3,AT,AKC,urban,2023-05-27T19:00:00+00:00,2023-05-27T22:00:00+00:00,5.951999187469482,9.829058647155762,8.660200119018555
3,AT,AKC,urban,2023-05-27T20:00:00+00:00,2023-05-27T23:00:00+00:00,5.469048976898193,9.042004585266113,8.117250442504883
3,AT,AKC,urban,2023-05-27T21:00:00+00:00,2023-05-28T00:00:00+00:00,5.492098808288574,7.398157596588135,6.591098785400391
3,AT,AKC,urban,2023-05-27T22:00:00+00:00,2023-05-28T01:00:00+00:00,5.367198944091797,6.610178470611572,5.951999187469482
3,AT,AKC,urban,2023-05-27T23:00:00+00:00,2023-05-28T02:00:00+00:00,5.829198837280273,6.216634273529053,5.469048976898193
3,AT,AKC,urban,2023-05-28T00:00:00+00:00,2023-05-28T03:00:00+00:00,6.232298851013184,6.390620708465576,5.492098808288574
3,AT,AKC,urban,2023-05-28T01:00:00+00:00,2023-05-28T04:00:00+00:00,5.936298847198486,6.317138195037842,5.367198944091797
3,AT,AKC,urban,2023-05-28T02:00:00+00:00,2023-05-28T05:00:00+00:00,6.00239896774292,6.796108722686768,5.829198837280273
3,AT,AKC,urban,2023-05-28T03:00:00+00:00,2023-05-28T06:00:00+00:00,6.348548412322998,7.0169677734375,6.232298851013184
3,AT,AKC,urban,2023-05-28T04:00:00+00:00,2023-05-28T07:00:00+00:00,6.666298866271973,6.653591156005859,5.936298847198486
3,AT,AKC,urban,2023-05-28T05:00:00+00:00,2023-05-28T08:00:00+00:00,6.593699932098389,6.481871128082275,6.00239896774292
3,AT,AKC,urban,2023-05-28T06:00:00+00:00,2023-05-28T09:00:00+00:00,7.356500148773193,6.69948148727417,6.348548412322998
3,AT,AKC,urban,2023-05-28T07:00:00+00:00,2023-05-28T10:00:00+00:00,7.54010009765625,6.788652420043945,6.666298866271973
3,AT,AKC,urban,2023-05-28T08:00:00+00:00,2023-05-28T11:00:00+00:00,7.237648963928223,6.6909637451171875,6.593699932098389
3,AT,AKC,urban,2023-05-28T09:00:00+00:00,2023-05-28T12:00:00+00:00,7.0015997886657715,7.330380916595459,7.356500148773193
3,AT,AKC,urban,2023-05-28T10:00:00+00:00,2023-05-28T13:00:00+00:00,7.572750091552734,7.493776321411133,7.54010009765625
3,AT,AKC,urban,2023-05-28T11:00:00+00:00,2023-05-28T14:00:00+00:00,7.529048919677734,7.432522773742676,7.237648963928223
3,AT,AKC,urban,2023-05-28T12:00:00+00:00,2023-05-28T15:00:00+00:00,7.326099872589111,7.3823771476745605,7.0015997886657715
3,AT,AKC,urban,2023-05-28T13:00:00+00:00,2023-05-28T16:00:00+00:00,7.359549045562744,8.17195987701416,7.572750091552734
3,AT,AKC,urban,2023-05-28T14:00:00+00:00,2023-05-28T17:00:00+00:00,7.705648899078369,8.539939880371094,7.529048919677734
3,AT,AKC,urban,2023-05-28T15:00:00+00:00,2023-05-28T18:00:00+00:00,8.447250366210938,8.7164306640625,7.326099872589111
3,AT,AKC,urban,2023-05-28T16:00:00+00:00,2023-05-28T19:00:00+00:00,9.092498779296875,8.912772178649902,7.359549045562744
3,AT,AKC,urban,2023-05-28T17:00:00+00:00,2023-05-28T20:00:00+00:00,7.920050144195557,9.197504997253418,7.705648899078369
3,AT,AKC,urban,2023-05-28T18:00:00+00:00,2023-05-28T21:00:00+00:00,9.03174877166748,9.740167617797852,8.447250366210938
3,AT,AKC,urban,2023-05-28T19:00:00+00:00,2023-05-28T22:00:00+00:00,7.953948974609375,10.323673248291016,9.092498779296875
3,AT,AKC,urban,2023-05-28T20:00:00+00:00,2023-05-28T23:00:00+00:00,7.097548961639404,8.858743667602539,7.920050144195557
3,AT,AKC,urban,2023-05-28T21:00:00+00:00,2023-05-29T00:00:00+00:00,6.489500045776367,9.845333099365234,9.03174877166748
3,AT,AKC,urban,2023-05-28T22:00:00+00:00,2023-05-29T01:00:00+00:00,6.12369966506958,8.45858097076416,7.953948974609375
3,AT,AKC,urban,2023-05-28T23:00:00+00:00,2023-05-29T02:00:00+00:00,5.987898826599121,7.818970203399658,7.097548961639404
3,AT,AKC,urban,2023-05-29T00:00:00+00:00,2023-05-29T03:00:00+00:00,6.415499210357666,7.55960750579834,6.489500045776367
3,AT,AKC,urban,2023-05-29T01:00:00+00:00,2023-05-29T04:00:00+00:00,6.012399196624756,7.312439918518066,6.12369966506958
3,AT,AKC,urban,2023-05-29T02:00:00+00:00,2023-05-29T05:00:00+00:00,5.82089900970459,7.271780014038086,5.987898826599121
3,AT,AKC,urban,2023-05-29T03:00:00+00:00,2023-05-29T06:00:00+00:00,5.505049228668213,8.045608520507812,6.415499210357666
3,AT,AKC,urban,2023-05-29T04:00:00+00:00,2023-05-29T07:00:00+00:00,6.053400039672852,7.405993938446045,6.012399196624756
3,AT,AKC,urban,2023-05-29T05:00:00+00:00,2023-05-29T08:00:00+00:00,5.0744500160217285,6.542410373687744,5.82089900970459
3,AT,AKC,urban,2023-05-29T06:00:00+00:00,2023-05-29T09:00:00+00:00,4.632450103759766,6.103367805480957,5.505049228668213
3,AT,AKC,urban,2023-05-29T07:00:00+00:00,2023-05-29T10:00:00+00:00,4.273348808288574,6.4351348876953125,6.053400039672852
3,AT,AKC,urban,2023-05-29T08:00:00+00:00,2023-05-29T11:00:00+00:00,4.128398895263672,5.400730609893799,5.0744500160217285
3,AT,AKC,urban,2023-05-29T09:00:00+00:00,2023-05-29T12:00:00+00:00,4.185699939727783,5.049431800842285,4.632450103759766
3,AT,AKC,urban,2023-05-29T10:00:00+00:00,2023-05-29T13:00:00+00:00,4.367849826812744,4.729886054992676,4.273348808288574
3,AT,AKC,urban,2023-05-29T11:00:00+00:00,2023-05-29T14:00:00+00:00,4.471699237823486,4.673750877380371,4.128398895263672
3,AT,AKC,urban,2023-05-29T12:00:00+00:00,2023-05-29T15:00:00+00:00,4.7051496505737305,4.82940673828125,4.185699939727783
3,AT,AKC,urban,2023-05-29T13:00:00+00:00,2023-05-29T16:00:00+00:00,4.893350124359131,5.1581525802612305,4.367849826812744
3,AT,AKC,urban,2023-05-29T14:00:00+00:00,2023-05-29T17:00:00+00:00,5.113049030303955,5.313864707946777,4.471699237823486
3,AT,AKC,urban,2023-05-29T15:00:00+00:00,2023-05-29T18:00:00+00:00,5.774099826812744,6.003727912902832,4.7051496505737305
3,AT,AKC,urban,2023-05-29T16:00:00+00:00,2023-05-29T19:00:00+00:00,6.930549144744873,6.4653706550598145,4.893350124359131
3,AT,AKC,urban,2023-05-29T17:00:00+00:00,2023-05-29T20:00:00+00:00,7.745348930358887,6.611930847167969,5.113049030303955
3,AT,AKC,urban,2023-05-29T18:00:00+00:00,2023-05-29T21:00:00+00:00,7.398149013519287,7.218668460845947,5.774099826812744
3,AT,AKC,urban,2023-05-29T19:00:00+00:00,2023-05-29T22:00:00+00:00,6.59814977645874,8.391602516174316,6.930549144744873
3,AT,AKC,urban,2023-05-29T20:00:00+00:00,2023-05-29T23:00:00+00:00,5.89900016784668,8.791210174560547,7.745348930358887
3,AT,AKC,urban,2023-05-29T21:00:00+00:00,2023-05-30T00:00:00+00:00,5.621250152587891,7.9381937980651855,7.398149013519287
3,AT,AKC,urban,2023-05-29T22:00:00+00:00,2023-05-30T01:00:00+00:00,5.95599889755249,7.060634136199951,6.59814977645874
3,AT,AKC,urban,2023-05-29T23:00:00+00:00,2023-05-30T02:00:00+00:00,6.221549034118652,6.498712539672852,5.89900016784668
3,AT,AKC,urban,2023-05-30T00:00:00+00:00,2023-05-30T03:00:00+00:00,6.8194990158081055,6.307559967041016,5.621250152587891
3,AT,AKC,urban,2023-05-30T01:00:00+00:00,2023-05-30T04:00:00+00:00,7.3473992347717285,6.646435260772705,5.95599889755249
3,AT,AKC,urban,2023-05-30T02:00:00+00:00,2023-05-30T05:00:00+00:00,8.748950004577637,7.139286041259766,6.221549034118652
3,AT,AKC,urban,2023-05-30T03:00:00+00:00,2023-05-30T06:00:00+00:00,8.286748886108398,7.839115142822266,6.8194990158081055
3,AT,AKC,urban,2023-05-30T04:00:00+00:00,2023-05-30T07:00:00+00:00,7.773348808288574,7.878920078277588,7.3473992347717285
3,AT,AKC,urban,2023-05-30T05:00:00+00:00,2023-05-30T08:00:00+00:00,7.559248924255371,8.185700416564941,8.748950004577637
3,AT,AKC,urban,2023-05-30T06:00:00+00:00,2023-05-30T09:00:00+00:00,7.669000148773193,7.886450290679932,8.286748886108398
3,AT,AKC,urban,2023-05-30T07:00:00+00:00,2023-05-30T10:00:00+00:00,7.431149005889893,7.527960300445557,7.773348808288574
3,AT,AKC,urban,2023-05-30T08:00:00+00:00,2023-05-30T11:00:00+00:00,6.647500038146973,7.430322170257568,7.559248924255371
3,AT,AKC,urban,2023-05-30T09:00:00+00:00,2023-05-30T12:00:00+00:00,5.730000019073486,7.621370315551758,7.669000148773193
3,AT,AKC,urban,2023-05-30T10:00:00+00:00,2023-05-30T13:00:00+00:00,6.549149036407471,7.426468372344971,7.431149005889893
3,AT,AKC,urban,2023-05-30T11:00:00+00:00,2023-05-30T14:00:00+00:00,5.810500144958496,6.882053852081299,6.647500038146973
3,AT,AKC,urban,2023-05-30T12:00:00+00:00,2023-05-30T15:00:00+00:00,5.7789998054504395,6.194557189941406,5.730000019073486
3,AT,AKC,urban,2023-05-30T13:00:00+00:00,2023-05-30T16:00:00+00:00,5.796850204467773,7.0952277183532715,6.549149036407471
3,AT,AKC,urban,2023-05-30T14:00:00+00:00,2023-05-30T17:00:00+00:00,5.725450038909912,6.4645209312438965,5.810500144958496
3,AT,AKC,urban,2023-05-30T15:00:00+00:00,2023-05-30T18:00:00+00:00,5.933400630950928,6.721724510192871,5.7789998054504395
3,AT,AKC,urban,2023-05-30T16:00:00+00:00,2023-05-30T19:00:00+00:00,6.157448768615723,6.854288101196289,5.796850204467773
3,AT,AKC,urban,2023-05-30T17:00:00+00:00,2023-05-30T20:00:00+00:00,6.359000205993652,6.8632283210754395,5.725450038909912
3,AT,AKC,urban,2023-05-30T18:00:00+00:00,2023-05-30T21:00:00+00:00,6.378749370574951,7.552972793579102,5.933400630950928
3,AT,AKC,urban,2023-05-30T19:00:00+00:00,2023-05-30T22:00:00+00:00,6.031300067901611,7.277966499328613,6.157448768615723
3,AT,AKC,urban,2023-05-30T20:00:00+00:00,2023-05-30T23:00:00+00:00,5.929500102996826,6.957942485809326,6.359000205993652
3,AT,AKC,urban,2023-05-30T21:00:00+00:00,2023-05-31T00:00:00+00:00,6.065299034118652,6.952365875244141,6.378749370574951
3,AT,AKC,urban,2023-05-30T22:00:00+00:00,2023-05-31T01:00:00+00:00,6.224648952484131,6.551390171051025,6.031300067901611
3,AT,AKC,urban,2023-05-30T23:00:00+00:00,2023-05-31T02:00:00+00:00,6.201600074768066,6.574405670166016,5.929500102996826
3,AT,AKC,urban,2023-05-31T00:00:00+00:00,2023-05-31T03:00:00+00:00,6.5784502029418945,6.860030174255371,6.065299034118652
3,AT,AKC,urban,2023-05-31T01:00:00+00:00,2023-05-31T04:00:00+00:00,6.752649784088135,7.192206382751465,6.224648952484131
3,AT,AKC,urban,2023-05-31T02:00:00+00:00,2023-05-31T05:00:00+00:00,7.336449146270752,7.1740946769714355,6.201600074768066
3,AT,AKC,urban,2023-05-31T03:00:00+00:00,2023-05-31T06:00:00+00:00,7.704898834228516,7.347610950469971,6.5784502029418945
3,AT,AKC,urban,2023-05-31T04:00:00+00:00,2023-05-31T07:00:00+00:00,8.342100143432617,7.254702568054199,6.752649784088135
3,AT,AKC,urban,2023-05-31T05:00:00+00:00,2023-05-31T08:00:00+00:00,7.2552490234375,7.352598667144775,7.336449146270752
3,AT,AKC,urban,2023-05-31T06:00:00+00:00,2023-05-31T09:00:00+00:00,7.163549423217773,7.442417621612549,7.704898834228516
3,AT,AKC,urban,2023-05-31T07:00:00+00:00,2023-05-31T10:00:00+00:00,7.040999889373779,7.951425075531006,8.342100143432617
3,AT,AKC,urban,2023-05-31T08:00:00+00:00,2023-05-31T11:00:00+00:00,6.792698860168457,6.995969295501709,7.2552490234375
3,AT,AKC,urban,2023-05-31T09:00:00+00:00,2023-05-31T12:00:00+00:00,7.732048988342285,7.041295051574707,7.163549423217773
3,AT,AKC,urban,2023-05-31T10:00:00+00:00,2023-05-31T13:00:00+00:00,7.017099857330322,7.111340522766113,7.040999889373779
3,AT,AKC,urban,2023-05-31T11:00:00+00:00,2023-05-31T14:00:00+00:00,6.571148872375488,6.94236421585083,6.792698860168457
3,AT,AKC,urban,2023-05-31T12:00:00+00:00,2023-05-31T15:00:00+00:00,6.304598808288574,7.815429210662842,7.732048988342285
3,AT,AKC,urban,2023-05-31T13:00:00+00:00,2023-05-31T16:00:00+00:00,5.777198314666748,7.344867706298828,7.017099857330322
3,AT,AKC,urban,2023-05-31T14:00:00+00:00,2023-05-31T17:00:00+00:00,5.873548984527588,7.214344024658203,6.571148872375488
3,AT,AKC,urban,2023-05-31T15:00:00+00:00,2023-05-31T18:00:00+00:00,4.85439920425415,7.235721111297607,6.304598808288574
3,AT,AKC,urban,2023-05-31T16:00:00+00:00,2023-05-31T19:00:00+00:00,5.034850120544434,7.1462483406066895,5.777198314666748
3,AT,AKC,urban,2023-05-31T17:00:00+00:00,2023-05-31T20:00:00+00:00,5.614150047302246,7.42617130279541,5.873548984527588
3,AT,AKC,urban,2023-05-31T18:00:00+00:00,2023-05-31T21:00:00+00:00,6.494948863983154,6.61991024017334,4.85439920425415
3,AT,AKC,urban,2023-05-31T19:00:00+00:00,2023-05-31T22:00:00+00:00,6.405098915100098,6.297947883605957,5.034850120544434
3,AT,AKC,urban,2023-05-31T20:00:00+00:00,2023-05-31T23:00:00+00:00,5.92759895324707,6.530056953430176,5.614150047302246
3,AT,AKC,urban,2023-05-31T21:00:00+00:00,2023-06-01T00:00:00+00:00,5.976550102233887,7.224595069885254,6.494948863983154
3,AT,AKC,urban,2023-05-31T22:00:00+00:00,2023-06-01T01:00:00+00:00,6.308150291442871,7.059935569763184,6.405098915100098
3,AT,AKC,urban,2023-05-31T23:00:00+00:00,2023-06-01T02:00:00+00:00,7.010398864746094,6.724577903747559,5.92759895324707
3,AT,AKC,urban,2023-06-01T00:00:00+00:00,2023-06-01T03:00:00+00:00,6.535950183868408,7.134714126586914,5.976550102233887
3,AT,AKC,urban,2023-06-01T01:00:00+00:00,2023-06-01T04:00:00+00:00,7.465099811553955,7.782037258148193,6.308150291442871
3,AT,AKC,urban,2023-06-01T02:00:00+00:00,2023-06-01T05:00:00+00:00,8.397448539733887,8.785329818725586,7.010398864746094
3,AT,AKC,urban,2023-06-01T03:00:00+00:00,2023-06-01T06:00:00+00:00,6.899649143218994,8.082944869995117,6.535950183868408
3,AT,AKC,urban,2023-06-01T04:00:00+00:00,2023-06-01T07:00:00+00:00,6.874198913574219,8.388845443725586,7.465099811553955
3,AT,AKC,urban,2023-06-01T05:00:00+00:00,2023-06-01T08:00:00+00:00,7.86224889755249,7.972945690155029,8.397448539733887
3,AT,AKC,urban,2023-06-01T06:00:00+00:00,2023-06-01T09:00:00+00:00,5.000598907470703,6.358269691467285,6.899649143218994
3,AT,AKC,urban,2023-06-01T07:00:00+00:00,2023-06-01T10:00:00+00:00,5.0383992195129395,6.372569561004639,6.874198913574219
3,AT,AKC,urban,2023-06-01T08:00:00+00:00,2023-06-01T11:00:00+00:00,5.48960018157959,7.251157283782959,7.86224889755249
3,AT,AKC,urban,2023-06-01T09:00:00+00:00,2023-06-01T12:00:00+00:00,5.814048767089844,4.793123722076416,5.000598907470703
3,AT,AKC,urban,2023-06-01T10:00:00+00:00,2023-06-01T13:00:00+00:00,6.302549839019775,5.069825649261475,5.0383992195129395
3,AT,AKC,urban,2023-06-01T11:00:00+00:00,2023-06-01T14:00:00+00:00,6.920848846435547,5.654391288757324,5.48960018157959
3,AT,AKC,urban,2023-06-01T12:00:00+00:00,2023-06-01T15:00:00+00:00,6.912349224090576,5.892773628234863,5.814048767089844
3,AT,AKC,urban,2023-06-01T13:00:00+00:00,2023-06-01T16:00:00+00:00,6.923150539398193,6.393242359161377,6.302549839019775
3,AT,AKC,urban,2023-06-01T14:00:00+00:00,2023-06-01T17:00:00+00:00,6.577250003814697,7.15374231338501,6.920848846435547
3,AT,AKC,urban,2023-06-01T15:00:00+00:00,2023-06-01T18:00:00+00:00,5.380650520324707,7.423532009124756,6.912349224090576
3,AT,AKC,urban,2023-06-01T16:00:00+00:00,2023-06-01T19:00:00+00:00,5.957650184631348,7.831973552703857,6.923150539398193
3,AT,AKC,urban,2023-06-01T17:00:00+00:00,2023-06-01T20:00:00+00:00,7.220398902893066,8.244864463806152,6.577250003814697
3,AT,AKC,urban,2023-06-01T18:00:00+00:00,2023-06-01T21:00:00+00:00,6.318150043487549,7.363205909729004,5.380650520324707
3,AT,AKC,urban,2023-06-01T19:00:00+00:00,2023-06-01T22:00:00+00:00,5.722650051116943,7.8402252197265625,5.957650184631348
3,AT,AKC,urban,2023-06-01T20:00:00+00:00,2023-06-01T23:00:00+00:00,5.754048824310303,8.32571029663086,7.220398902893066
3,AT,AKC,urban,2023-06-01T21:00:00+00:00,2023-06-02T00:00:00+00:00,6.091400146484375,6.835019588470459,6.318150043487549
3,AT,AKC,urban,2023-06-01T22:00:00+00:00,2023-06-02T01:00:00+00:00,6.345600128173828,6.212283611297607,5.722650051116943
3,AT,AKC,urban,2023-06-01T23:00:00+00:00,2023-06-02T02:00:00+00:00,6.961248397827148,6.3770365715026855,5.754048824310303
3,AT,AKC,urban,2023-06-02T00:00:00+00:00,2023-06-02T03:00:00+00:00,7.17710018157959,7.28336238861084,6.091400146484375
3,AT,AKC,urban,2023-06-02T01:00:00+00:00,2023-06-02T04:00:00+00:00,9.49424934387207,7.789586067199707,6.345600128173828
3,AT,AKC,urban,2023-06-02T02:00:00+00:00,2023-06-02T05:00:00+00:00,11.42300033569336,8.502561569213867,6.961248397827148
3,AT,AKC,urban,2023-06-02T03:00:00+00:00,2023-06-02T06:00:00+00:00,8.355448722839355,8.113351821899414,7.17710018157959
3,AT,AKC,urban,2023-06-02T04:00:00+00:00,2023-06-02T07:00:00+00:00,7.531350135803223,8.394611358642578,9.49424934387207
3,AT,AKC,urban,2023-06-02T05:00:00+00:00,2023-06-02T08:00:00+00:00,6.840398788452148,8.557673454284668,11.42300033569336
3,AT,AKC,urban,2023-06-02T06:00:00+00:00,2023-06-02T09:00:00+00:00,7.096350193023682,7.594399452209473,8.355448722839355
3,AT,AKC,urban,2023-06-02T07:00:00+00:00,2023-06-02T10:00:00+00:00,6.106598854064941,6.903067588806152,7.531350135803223
3,AT,AKC,urban,2023-06-02T08:00:00+00:00,2023-06-02T11:00:00+00:00,6.208799839019775,6.470178604125977,6.840398788452148
3,AT,AKC,urban,2023-06-02T09:00:00+00:00,2023-06-02T12:00:00+00:00,5.892498970031738,6.483552932739258,7.096350193023682
3,AT,AKC,urban,2023-06-02T10:00:00+00:00,2023-06-02T13:00:00+00:00,5.959898948669434,5.84636116027832,6.106598854064941
3,AT,AKC,urban,2023-06-02T11:00:00+00:00,2023-06-02T14:00:00+00:00,5.844998836517334,6.0641961097717285,6.208799839019775
3,AT,AKC,urban,2023-06-02T12:00:00+00:00,2023-06-02T15:00:00+00:00,6.103050231933594,5.89762544631958,5.892498970031738
3,AT,AKC,urban,2023-06-02T13:00:00+00:00,2023-06-02T16:00:00+00:00,7.301448822021484,6.031994819641113,5.959898948669434
3,AT,AKC,urban,2023-06-02T14:00:00+00:00,2023-06-02T17:00:00+00:00,9.099499702453613,6.115239143371582,5.844998836517334
3,AT,AKC,urban,2023-06-02T15:00:00+00:00,2023-06-02T18:00:00+00:00,9.660799026489258,6.4465012550354,6.103050231933594
3,AT,AKC,urban,2023-06-02T16:00:00+00:00,2023-06-02T19:00:00+00:00,8.920700073242188,7.621756553649902,7.301448822021484
3,AT,AKC,urban,2023-06-02T17:00:00+00:00,2023-06-02T20:00:00+00:00,9.202349662780762,8.733174324035645,9.099499702453613
3,AT,AKC,urban,2023-06-02T18:00:00+00:00,2023-06-02T21:00:00+00:00,9.089400291442871,9.429971694946289,9.660799026489258
3,AT,AKC,urban,2023-06-02T19:00:00+00:00,2023-06-02T22:00:00+00:00,8.069700241088867,8.339680671691895,8.920700073242188
3,AT,AKC,urban,2023-06-02T20:00:00+00:00,2023-06-02T23:00:00+00:00,6.776800155639648,9.1001558303833,9.202349662780762
3,AT,AKC,urban,2023-06-02T21:00:00+00:00,2023-06-03T00:00:00+00:00,6.891149044036865,8.904870986938477,9.089400291442871
3,AT,AKC,urban,2023-06-02T22:00:00+00:00,2023-06-03T01:00:00+00:00,7.169750213623047,7.900480270385742,8.069700241088867
3,AT,AKC,urban,2023-06-02T23:00:00+00:00,2023-06-03T02:00:00+00:00,7.495649814605713,6.979606628417969,6.776800155639648
3,AT,AKC,urban,2023-06-03T00:00:00+00:00,2023-06-03T03:00:00+00:00,7.270998954772949,7.539790630340576,6.891149044036865
3,AT,AKC,urban,2023-06-03T01:00:00+00:00,2023-06-03T04:00:00+00:00,6.852199554443359,7.880879878997803,7.169750213623047
3,AT,AKC,urban,2023-06-03T02:00:00+00:00,2023-06-03T05:00:00+00:00,6.446450233459473,7.979482650756836,7.495649814605713
3,AT,AKC,urban,2023-06-03T03:00:00+00:00,2023-06-03T06:00:00+00:00,5.728498935699463,7.686199188232422,7.270998954772949
3,AT,AKC,urban,2023-06-03T04:00:00+00:00,2023-06-03T07:00:00+00:00,5.225800037384033,7.001465320587158,6.852199554443359
3,AT,AKC,urban,2023-06-03T05:00:00+00:00,2023-06-03T08:00:00+00:00,4.125349044799805,6.209397792816162,6.446450233459473
3,AT,AKC,urban,2023-06-03T06:00:00+00:00,2023-06-03T09:00:00+00:00,3.9293994903564453,5.446589469909668,5.728498935699463
3,AT,AKC,urban,2023-06-03T07:00:00+00:00,2023-06-03T10:00:00+00:00,4.178699016571045,4.93837833404541,5.225800037384033
3,AT,AKC,urban,2023-06-03T08:00:00+00:00,2023-06-03T11:00:00+00:00,3.895648956298828,3.9479541778564453,4.125349044799805
3,AT,AKC,urban,2023-06-03T09:00:00+00:00,2023-06-03T12:00:00+00:00,3.6700000762939453,3.8073978424072266,3.9293994903564453
3,AT,AKC,urban,2023-06-03T10:00:00+00:00,2023-06-03T13:00:00+00:00,3.573899269104004,4.176436901092529,4.178699016571045
3,AT,AKC,urban,2023-06-03T11:00:00+00:00,2023-06-03T14:00:00+00:00,3.9636001586914062,3.994978904724121,3.895648956298828
3,AT,AKC,urban,2023-06-03T12:00:00+00:00,2023-06-03T15:00:00+00:00,4.063350677490234,3.8799123764038086,3.6700000762939453
3,AT,AKC,urban,2023-06-03T13:00:00+00:00,2023-06-03T16:00:00+00:00,3.970449447631836,4.053231239318848,3.573899269104004
3,AT,AKC,urban,2023-06-03T14:00:00+00:00,2023-06-03T17:00:00+00:00,4.539000034332275,4.667299747467041,3.9636001586914062
3,AT,AKC,urban,2023-06-03T15:00:00+00:00,2023-06-03T18:00:00+00:00,4.9981489181518555,5.052690505981445,4.063350677490234
3,AT,AKC,urban,2023-06-03T16:00:00+00:00,2023-06-03T19:00:00+00:00,5.222700119018555,5.174349308013916,3.970449447631836
3,AT,AKC,urban,2023-06-03T17:00:00+00:00,2023-06-03T20:00:00+00:00,5.402349948883057,5.580691337585449,4.539000034332275
3,AT,AKC,urban,2023-06-03T18:00:00+00:00,2023-06-03T21:00:00+00:00,5.764749050140381,5.991929054260254,4.9981489181518555
3,AT,AKC,urban,2023-06-03T19:00:00+00:00,2023-06-03T22:00:00+00:00,5.935898780822754,6.041087627410889,5.222700119018555
3,AT,AKC,urban,2023-06-03T20:00:00+00:00,2023-06-03T23:00:00+00:00,5.947800159454346,5.869626522064209,5.402349948883057
3,AT,AKC,urban,2023-06-03T21:00:00+00:00,2023-06-04T00:00:00+00:00,5.884599208831787,6.057693958282471,5.764749050140381
3,AT,AKC,urban,2023-06-03T22:00:00+00:00,2023-06-04T01:00:00+00:00,5.905749797821045,6.285167217254639,5.935898780822754
3,AT,AKC,urban,2023-06-03T23:00:00+00:00,2023-06-04T02:00:00+00:00,6.235000133514404,6.356610298156738,5.947800159454346
3,AT,AKC,urban,2023-06-04T00:00:00+00:00,2023-06-04T03:00:00+00:00,6.616749286651611,6.697464942932129,5.884599208831787
3,AT,AKC,urban,2023-06-04T01:00:00+00:00,2023-06-04T04:00:00+00:00,6.36959981918335,6.9462361335754395,5.905749797821045
3,AT,AKC,urban,2023-06-04T02:00:00+00:00,2023-06-04T05:00:00+00:00,6.817049026489258,7.411413669586182,6.235000133514404
3,AT,AKC,urban,2023-06-04T03:00:00+00:00,2023-06-04T06:00:00+00:00,7.093899250030518,7.2466511726379395,6.616749286651611
3,AT,AKC,urban,2023-06-04T04:00:00+00:00,2023-06-04T07:00:00+00:00,7.259300231933594,6.481018543243408,6.36959981918335
3,AT,AKC,urban,2023-06-04T05:00:00+00:00,2023-06-04T08:00:00+00:00,7.255000114440918,6.347556114196777,6.817049026489258
3,AT,AKC,urban,2023-06-04T06:00:00+00:00,2023-06-04T09:00:00+00:00,7.187900543212891,6.35453462600708,7.093899250030518
3,AT,AKC,urban,2023-06-04T07:00:00+00:00,2023-06-04T10:00:00+00:00,6.315849781036377,6.396385669708252,7.259300231933594
3,AT,AKC,urban,2023-06-04T08:00:00+00:00,2023-06-04T11:00:00+00:00,5.819149017333984,6.489640712738037,7.255000114440918
3,AT,AKC,urban,2023-06-04T09:00:00+00:00,2023-06-04T12:00:00+00:00,5.9847002029418945,6.477314472198486,7.187900543212891
3,AT,AKC,urban,2023-06-04T10:00:00+00:00,2023-06-04T13:00:00+00:00,6.512999534606934,6.1900553703308105,6.315849781036377
3,AT,AKC,urban,2023-06-04T11:00:00+00:00,2023-06-04T14:00:00+00:00,6.53725004196167,5.897754192352295,5.819149017333984
3,AT,AKC,urban,2023-06-04T12:00:00+00:00,2023-06-04T15:00:00+00:00,6.441349029541016,6.128547668457031,5.9847002029418945
3,AT,AKC,urban,2023-06-04T13:00:00+00:00,2023-06-04T16:00:00+00:00,6.816549777984619,6.797683238983154,6.512999534606934
3,AT,AKC,urban,2023-06-04T14:00:00+00:00,2023-06-04T17:00:00+00:00,7.217000484466553,7.214463233947754,6.53725004196167
3,AT,AKC,urban,2023-06-04T15:00:00+00:00,2023-06-04T18:00:00+00:00,7.282149791717529,7.633106231689453,6.441349029541016
3,AT,AKC,urban,2023-06-04T16:00:00+00:00,2023-06-04T19:00:00+00:00,7.314848899841309,8.128681182861328,6.816549777984619
3,AT,AKC,urban,2023-06-04T17:00:00+00:00,2023-06-04T20:00:00+00:00,7.4006500244140625,8.670568466186523,7.217000484466553
3,AT,AKC,urban,2023-06-04T18:00:00+00:00,2023-06-04T21:00:00+00:00,7.975348949432373,8.757889747619629,7.282149791717529
3,AT,AKC,urban,2023-06-04T19:00:00+00:00,2023-06-04T22:00:00+00:00,8.442448616027832,8.627286911010742,7.314848899841309
3,AT,AKC,urban,2023-06-04T20:00:00+00:00,2023-06-04T23:00:00+00:00,10.416999816894531,8.823469161987305,7.4006500244140625
3,AT,AKC,urban,2023-06-04T21:00:00+00:00,2023-06-05T00:00:00+00:00,11.175999641418457,9.300117492675781,7.975348949432373
3,AT,AKC,urban,2023-06-04T22:00:00+00:00,2023-06-05T01:00:00+00:00,13.654999732971191,9.67751693725586,8.442448616027832
3,AT,AKC,urban,2023-06-04T23:00:00+00:00,2023-06-05T02:00:00+00:00,18.491500854492188,11.46235466003418,10.416999816894531
3,AT,AKC,urban,2023-06-05T00:00:00+00:00,2023-06-05T03:00:00+00:00,15.586000442504883,12.768484115600586,11.175999641418457
3,AT,AKC,urban,2023-06-05T01:00:00+00:00,2023-06-05T04:00:00+00:00,17.683000564575195,14.805965423583984,13.654999732971191
3,AT,AKC,urban,2023-06-05T02:00:00+00:00,2023-06-05T05:00:00+00:00,18.943500518798828,17.294111251831055,18.491500854492188
3,AT,AKC,urban,2023-06-05T03:00:00+00:00,2023-06-05T06:00:00+00:00,17.145999908447266,13.891618728637695,15.586000442504883
3,AT,AKC,urban,2023-06-05T04:00:00+00:00,2023-06-05T07:00:00+00:00,13.034000396728516,16.049938201904297,17.683000564575195
3,AT,AKC,urban,2023-06-05T05:00:00+00:00,2023-06-05T08:00:00+00:00,12.299500465393066,15.886493682861328,18.943500518798828
3,AT,AKC,urban,2023-06-05T06:00:00+00:00,2023-06-05T09:00:00+00:00,11.206999778747559,12.961723327636719,17.145999908447266
3,AT,AKC,urban,2023-06-05T07:00:00+00:00,2023-06-05T10:00:00+00:00,11.90999984741211,8.7141695022583,13.034000396728516
3,AT,AKC,urban,2023-06-05T08:00:00+00:00,2023-06-05T11:00:00+00:00,10.662449836730957,8.66355037689209,12.299500465393066
3,AT,AKC,urban,2023-06-05T09:00:00+00:00,2023-06-05T12:00:00+00:00,7.878448963165283,9.356306076049805,11.206999778747559
3,AT,AKC,urban,2023-06-05T10:00:00+00:00,2023-06-05T13:00:00+00:00,8.707300186157227,10.231258392333984,11.90999984741211
3,AT,AKC,urban,2023-06-05T11:00:00+00:00,2023-06-05T14:00:00+00:00,9.366700172424316,9.316658020019531,10.662449836730957
3,AT,AKC,urban,2023-06-05T12:00:00+00:00,2023-06-05T15:00:00+00:00,10.559450149536133,7.164440631866455,7.878448963165283
3,AT,AKC,urban,2023-06-05T13:00:00+00:00,2023-06-05T16:00:00+00:00,9.545498847961426,7.955952167510986,8.707300186157227
3,AT,AKC,urban,2023-06-05T14:00:00+00:00,2023-06-05T17:00:00+00:00,10.022299766540527,9.062807083129883,9.366700172424316
3,AT,AKC,urban,2023-06-05T15:00:00+00:00,2023-06-05T18:00:00+00:00,10.264200210571289,10.101347923278809,10.559450149536133
3,AT,AKC,urban,2023-06-05T16:00:00+00:00,2023-06-05T19:00:00+00:00,11.859999656677246,9.572846412658691,9.545498847961426
3,AT,AKC,urban,2023-06-05T17:00:00+00:00,2023-06-05T20:00:00+00:00,9.540051460266113,10.26235580444336,10.022299766540527
3,AT,AKC,urban,2023-06-05T18:00:00+00:00,2023-06-05T21:00:00+00:00,9.417749404907227,10.70569133758545,10.264200210571289
3,AT,AKC,urban,2023-06-05T19:00:00+00:00,2023-06-05T22:00:00+00:00,10.566499710083008,12.121316909790039,11.859999656677246
3,AT,AKC,urban,2023-06-05T20:00:00+00:00,2023-06-05T23:00:00+00:00,11.647000312805176,10.704572677612305,9.540051460266113
3,AT,AKC,urban,2023-06-05T21:00:00+00:00,2023-06-06T00:00:00+00:00,11.793000221252441,10.8514986038208,9.417749404907227
3,AT,AKC,urban,2023-06-05T22:00:00+00:00,2023-06-06T01:00:00+00:00,11.55049991607666,11.995784759521484,10.566499710083008
3,AT,AKC,urban,2023-06-05T23:00:00+00:00,2023-06-06T02:00:00+00:00,11.694000244140625,13.411518096923828,11.647000312805176
3,AT,AKC,urban,2023-06-06T00:00:00+00:00,2023-06-06T03:00:00+00:00,12.148500442504883,13.782848358154297,11.793000221252441
3,AT,AKC,urban,2023-06-06T01:00:00+00:00,2023-06-06T04:00:00+00:00,12.549500465393066,13.174943923950195,11.55049991607666
3,AT,AKC,urban,2023-06-06T02:00:00+00:00,2023-06-06T05:00:00+00:00,13.46150016784668,12.410604476928711,11.694000244140625
3,AT,AKC,urban,2023-06-06T03:00:00+00:00,2023-06-06T06:00:00+00:00,12.871000289916992,13.625954627990723,12.148500442504883
3,AT,AKC,urban,2023-06-06T04:00:00+00:00,2023-06-06T07:00:00+00:00,12.930500030517578,12.245039939880371,12.549500465393066
3,AT,AKC,urban,2023-06-06T05:00:00+00:00,2023-06-06T08:00:00+00:00,13.653499603271484,11.617204666137695,13.46150016784668
3,AT,AKC,urban,2023-06-06T06:00:00+00:00,2023-06-06T09:00:00+00:00,11.850000381469727,10.967622756958008,12.871000289916992
3,AT,AKC,urban,2023-06-06T07:00:00+00:00,2023-06-06T10:00:00+00:00,10.105950355529785,11.186113357543945,12.930500030517578
3,AT,AKC,urban,2023-06-06T08:00:00+00:00,2023-06-06T11:00:00+00:00,9.807748794555664,11.608115196228027,13.653499603271484
3,AT,AKC,urban,2023-06-06T09:00:00+00:00,2023-06-06T12:00:00+00:00,11.731499671936035,10.193199157714844,11.850000381469727
3,AT,AKC,urban,2023-06-06T10:00:00+00:00,2023-06-06T13:00:00+00:00,12.13599967956543,9.097733497619629,10.105950355529785
3,AT,AKC,urban,2023-06-06T11:00:00+00:00,2023-06-06T14:00:00+00:00,10.068050384521484,9.047148704528809,9.807748794555664
3,AT,AKC,urban,2023-06-06T12:00:00+00:00,2023-06-06T15:00:00+00:00,15.017499923706055,10.986001014709473,11.731499671936035
3,AT,AKC,urban,2023-06-06T13:00:00+00:00,2023-06-06T16:00:00+00:00,9.68340015411377,11.491127967834473,12.13599967956543
3,AT,AKC,urban,2023-06-06T14:00:00+00:00,2023-06-06T17:00:00+00:00,8.032349586486816,10.243229866027832,10.068050384521484
3,AT,AKC,urban,2023-06-06T15:00:00+00:00,2023-06-06T18:00:00+00:00,9.094849586486816,14.071412086486816,15.017499923706055
3,AT,AKC,urban,2023-06-06T16:00:00+00:00,2023-06-06T19:00:00+00:00,10.168999671936035,11.161988258361816,9.68340015411377
3,AT,AKC,urban,2023-06-06T17:00:00+00:00,2023-06-06T20:00:00+00:00,11.137499809265137,9.970640182495117,8.032349586486816
3,AT,AKC,urban,2023-06-06T18:00:00+00:00,2023-06-06T21:00:00+00:00,10.402000427246094,11.094914436340332,9.094849586486816
3,AT,AKC,urban,2023-06-06T19:00:00+00:00,2023-06-06T22:00:00+00:00,7.83650016784668,12.188179016113281,10.168999671936035
3,AT,AKC,urban,2023-06-06T20:00:00+00:00,2023-06-06T23:00:00+00:00,7.953400135040283,13.183869361877441,11.137499809265137
3,AT,AKC,urban,2023-06-06T21:00:00+00:00,2023-06-07T00:00:00+00:00,8.355549812316895,12.510758399963379,10.402000427246094
3,AT,AKC,urban,2023-06-06T22:00:00+00:00,2023-06-07T01:00:00+00:00,7.084549427032471,9.80311393737793,7.83650016784668
3,AT,AKC,urban,2023-06-06T23:00:00+00:00,2023-06-07T02:00:00+00:00,6.884850025177002,9.94011116027832,7.953400135040283
3,AT,AKC,urban,2023-06-07T00:00:00+00:00,2023-06-07T03:00:00+00:00,9.737298965454102,10.30186939239502,8.355549812316895
3,AT,AKC,urban,2023-06-07T01:00:00+00:00,2023-06-07T04:00:00+00:00,8.542149543762207,8.67022705078125,7.084549427032471
3,AT,AKC,urban,2023-06-07T02:00:00+00:00,2023-06-07T05:00:00+00:00,8.133798599243164,8.473855972290039,6.884850025177002
3,AT,AKC,urban,2023-06-07T03:00:00+00:00,2023-06-07T06:00:00+00:00,9.773098945617676,11.819757461547852,9.737298965454102
3,AT,AKC,urban,2023-06-07T04:00:00+00:00,2023-06-07T07:00:00+00:00,11.277999877929688,9.98581600189209,8.542149543762207
3,AT,AKC,urban,2023-06-07T05:00:00+00:00,2023-06-07T08:00:00+00:00,11.213500022888184,8.82779598236084,8.133798599243164
3,AT,AKC,urban,2023-06-07T06:00:00+00:00,2023-06-07T09:00:00+00:00,10.510299682617188,9.704654693603516,9.773098945617676
3,AT,AKC,urban,2023-06-07T07:00:00+00:00,2023-06-07T10:00:00+00:00,9.63654899597168,10.42920207977295,11.277999877929688
3,AT,AKC,urban,2023-06-07T08:00:00+00:00,2023-06-07T11:00:00+00:00,9.811750411987305,10.213184356689453,11.213500022888184
3,AT,AKC,urban,2023-06-07T09:00:00+00:00,2023-06-07T12:00:00+00:00,9.250650405883789,9.719528198242188,10.510299682617188
3,AT,AKC,urban,2023-06-07T10:00:00+00:00,2023-06-07T13:00:00+00:00,8.81049919128418,9.048888206481934,9.63654899597168
3,AT,AKC,urban,2023-06-07T11:00:00+00:00,2023-06-07T14:00:00+00:00,11.180649757385254,9.3803071975708,9.811750411987305
3,AT,AKC,urban,2023-06-07T12:00:00+00:00,2023-06-07T15:00:00+00:00,6.124448776245117,9.103233337402344,9.250650405883789
3,AT,AKC,urban,2023-06-07T13:00:00+00:00,2023-06-07T16:00:00+00:00,7.550848960876465,9.294529914855957,8.81049919128418
3,AT,AKC,urban,2023-06-07T14:00:00+00:00,2023-06-07T17:00:00+00:00,9.28334903717041,11.151957511901855,11.180649757385254
3,AT,AKC,urban,2023-06-07T15:00:00+00:00,2023-06-07T18:00:00+00:00,8.611900329589844,7.4693474769592285,6.124448776245117
3,AT,AKC,urban,2023-06-07T16:00:00+00:00,2023-06-07T19:00:00+00:00,10.866999626159668,9.167315483093262,7.550848960876465
3,AT,AKC,urban,2023-06-07T17:00:00+00:00,2023-06-07T20:00:00+00:00,8.978598594665527,10.777682304382324,9.28334903717041
3,AT,AKC,urban,2023-06-07T18:00:00+00:00,2023-06-07T21:00:00+00:00,8.642250061035156,10.13377571105957,8.611900329589844
3,AT,AKC,urban,2023-06-07T19:00:00+00:00,2023-06-07T22:00:00+00:00,9.573948860168457,12.473845481872559,10.866999626159668
3,AT,AKC,urban,2023-06-07T20:00:00+00:00,2023-06-07T23:00:00+00:00,10.021650314331055,10.380906105041504,8.978598594665527
3,AT,AKC,urban,2023-06-07T21:00:00+00:00,2023-06-08T00:00:00+00:00,9.86870002746582,10.355072021484375,8.642250061035156
3,AT,AKC,urban,2023-06-07T22:00:00+00:00,2023-06-08T01:00:00+00:00,9.545100212097168,10.941825866699219,9.573948860168457
3,AT,AKC,urban,2023-06-07T23:00:00+00:00,2023-06-08T02:00:00+00:00,9.887048721313477,11.333200454711914,10.021650314331055
3,AT,AKC,urban,2023-06-08T00:00:00+00:00,2023-06-08T03:00:00+00:00,10.723999977111816,11.399444580078125,9.86870002746582
3,AT,AKC,urban,2023-06-08T01:00:00+00:00,2023-06-08T04:00:00+00:00,11.07800006866455,11.193272590637207,9.545100212097168
3,AT,AKC,urban,2023-06-08T02:00:00+00:00,2023-06-08T05:00:00+00:00,12.29800033569336,11.641902923583984,9.887048721313477
3,AT,AKC,urban,2023-06-08T03:00:00+00:00,2023-06-08T06:00:00+00:00,13.353500366210938,12.152972221374512,10.723999977111816
3,AT,AKC,urban,2023-06-08T04:00:00+00:00,2023-06-08T07:00:00+00:00,12.595999717712402,11.358019828796387,11.07800006866455
3,AT,AKC,urban,2023-06-08T05:00:00+00:00,2023-06-08T08:00:00+00:00,14.738499641418457,11.397648811340332,12.29800033569336
3,AT,AKC,urban,2023-06-08T06:00:00+00:00,2023-06-08T09:00:00+00:00,11.468999862670898,10.91081428527832,13.353500366210938
3,AT,AKC,urban,2023-06-08T07:00:00+00:00,2023-06-08T10:00:00+00:00,9.735300064086914,10.436234474182129,12.595999717712402
3,AT,AKC,urban,2023-06-08T08:00:00+00:00,2023-06-08T11:00:00+00:00,8.668700218200684,11.939358711242676,14.738499641418457
3,AT,AKC,urban,2023-06-08T09:00:00+00:00,2023-06-08T12:00:00+00:00,9.114298820495605,9.430473327636719,11.468999862670898
3,AT,AKC,urban,2023-06-08T10:00:00+00:00,2023-06-08T13:00:00+00:00,8.948748588562012,8.594405174255371,9.735300064086914
3,AT,AKC,urban,2023-06-08T11:00:00+00:00,2023-06-08T14:00:00+00:00,6.4558491706848145,8.09640121459961,8.668700218200684
3,AT,AKC,urban,2023-06-08T12:00:00+00:00,2023-06-08T15:00:00+00:00,6.718399524688721,8.778295516967773,9.114298820495605
3,AT,AKC,urban,2023-06-08T13:00:00+00:00,2023-06-08T16:00:00+00:00,5.874650478363037,9.06883430480957,8.948748588562012
3,AT,AKC,urban,2023-06-08T14:00:00+00:00,2023-06-08T17:00:00+00:00,5.463500022888184,7.726324558258057,6.4558491706848145
3,AT,AKC,urban,2023-06-08T15:00:00+00:00,2023-06-08T18:00:00+00:00,5.74044942855835,8.063234329223633,6.718399524688721
3,AT,AKC,urban,2023-06-08T16:00:00+00:00,2023-06-08T19:00:00+00:00,6.814198970794678,6.876267910003662,5.874650478363037
3,AT,AKC,urban,2023-06-08T17:00:00+00:00,2023-06-08T20:00:00+00:00,7.30859899520874,6.670617580413818,5.463500022888184
3,AT,AKC,urban,2023-06-08T18:00:00+00:00,2023-06-08T21:00:00+00:00,7.389800071716309,6.953965663909912,5.74044942855835
3,AT,AKC,urban,2023-06-08T19:00:00+00:00,2023-06-08T22:00:00+00:00,6.486598968505859,8.006782531738281,6.814198970794678
3,AT,AKC,urban,2023-06-08T20:00:00+00:00,2023-06-08T23:00:00+00:00,7.468648910522461,8.655445098876953,7.30859899520874
3,AT,AKC,urban,2023-06-08T21:00:00+00:00,2023-06-09T00:00:00+00:00,8.188948631286621,8.00849723815918,7.389800071716309
3,AT,AKC,urban,2023-06-08T22:00:00+00:00,2023-06-09T01:00:00+00:00,9.366299629211426,7.257048606872559,6.486598968505859
3,AT,AKC,urban,2023-06-08T23:00:00+00:00,2023-06-09T02:00:00+00:00,9.762848854064941,8.70546817779541,7.468648910522461
3,AT,AKC,urban,2023-06-09T00:00:00+00:00,2023-06-09T03:00:00+00:00,10.493499755859375,9.586786270141602,8.188948631286621
3,AT,AKC,urban,2023-06-09T01:00:00+00:00,2023-06-09T04:00:00+00:00,10.43850040435791,9.811524391174316,9.366299629211426
3,AT,AKC,urban,2023-06-09T02:00:00+00:00,2023-06-09T05:00:00+00:00,9.828449249267578,9.955659866333008,9.762848854064941
3,AT,AKC,urban,2023-06-09T03:00:00+00:00,2023-06-09T06:00:00+00:00,9.087849617004395,10.07919979095459,10.493499755859375
3,AT,AKC,urban,2023-06-09T04:00:00+00:00,2023-06-09T07:00:00+00:00,9.376448631286621,9.773491859436035,10.43850040435791
3,AT,AKC,urban,2023-06-09T05:00:00+00:00,2023-06-09T08:00:00+00:00,8.837400436401367,9.20140266418457,9.828449249267578
3,AT,AKC,urban,2023-06-09T06:00:00+00:00,2023-06-09T09:00:00+00:00,9.487850189208984,8.36760425567627,9.087849617004395
3,AT,AKC,urban,2023-06-09T07:00:00+00:00,2023-06-09T10:00:00+00:00,9.488598823547363,8.573083877563477,9.376448631286621
3,AT,AKC,urban,2023-06-09T08:00:00+00:00,2023-06-09T11:00:00+00:00,9.319199562072754,8.023860931396484,8.837400436401367
3,AT,AKC,urban,2023-06-09T09:00:00+00:00,2023-06-09T12:00:00+00:00,8.592000007629395,8.648606300354004,9.487850189208984
3,AT,AKC,urban,2023-06-09T10:00:00+00:00,2023-06-09T13:00:00+00:00,7.917448997497559,8.584798812866211,9.488598823547363
3,AT,AKC,urban,2023-06-09T11:00:00+00:00,2023-06-09T14:00:00+00:00,7.086949825286865,8.60496997833252,9.319199562072754
3,AT,AKC,urban,2023-06-09T12:00:00+00:00,2023-06-09T15:00:00+00:00,8.239998817443848,8.165430068969727,8.592000007629395
3,AT,AKC,urban,2023-06-09T13:00:00+00:00,2023-06-09T16:00:00+00:00,6.538748741149902,7.840611457824707,7.917448997497559
3,AT,AKC,urban,2023-06-09T14:00:00+00:00,2023-06-09T17:00:00+00:00,6.2405500411987305,7.577373027801514,7.086949825286865
3,AT,AKC,urban,2023-06-09T15:00:00+00:00,2023-06-09T18:00:00+00:00,5.277449131011963,8.295351028442383,8.239998817443848
3,AT,AKC,urban,2023-06-09T16:00:00+00:00,2023-06-09T19:00:00+00:00,5.647099018096924,7.3278422355651855,6.538748741149902
3,AT,AKC,urban,2023-06-09T17:00:00+00:00,2023-06-09T20:00:00+00:00,5.896299839019775,7.6386518478393555,6.2405500411987305
3,AT,AKC,urban,2023-06-09T18:00:00+00:00,2023-06-09T21:00:00+00:00,4.58384895324707,6.610440254211426,5.277449131011963
3,AT,AKC,urban,2023-06-09T19:00:00+00:00,2023-06-09T22:00:00+00:00,5.06174898147583,6.923990726470947,5.647099018096924
3,AT,AKC,urban,2023-06-09T20:00:00+00:00,2023-06-09T23:00:00+00:00,5.730548858642578,7.062482833862305,5.896299839019775
3,AT,AKC,urban,2023-06-09T21:00:00+00:00,2023-06-10T00:00:00+00:00,6.469598293304443,5.591390132904053,4.58384895324707
3,AT,AKC,urban,2023-06-09T22:00:00+00:00,2023-06-10T01:00:00+00:00,7.647998809814453,5.885756015777588,5.06174898147583
3,AT,AKC,urban,2023-06-09T23:00:00+00:00,2023-06-10T02:00:00+00:00,9.800000190734863,6.584162712097168,5.730548858642578
3,AT,AKC,urban,2023-06-10T00:00:00+00:00,2023-06-10T03:00:00+00:00,9.89115047454834,7.252810001373291,6.469598293304443
3,AT,AKC,urban,2023-06-10T01:00:00+00:00,2023-06-10T04:00:00+00:00,11.606499671936035,8.160578727722168,7.647998809814453
3,AT,AKC,urban,2023-06-10T02:00:00+00:00,2023-06-10T05:00:00+00:00,13.362000465393066,10.074474334716797,9.800000190734863
3,AT,AKC,urban,2023-06-10T03:00:00+00:00,2023-06-10T06:00:00+00:00,15.678000450134277,10.12727165222168,9.89115047454834
3,AT,AKC,urban,2023-06-10T04:00:00+00:00,2023-06-10T07:00:00+00:00,15.253000259399414,11.168916702270508,11.606499671936035
3,AT,AKC,urban,2023-06-10T05:00:00+00:00,2023-06-10T08:00:00+00:00,14.267499923706055,11.261665344238281,13.362000465393066
3,AT,AKC,urban,2023-06-10T06:00:00+00:00,2023-06-10T09:00:00+00:00,13.012999534606934,11.835189819335938,15.678000450134277
3,AT,AKC,urban,2023-06-10T07:00:00+00:00,2023-06-10T10:00:00+00:00,10.64900016784668,11.645448684692383,15.253000259399414
3,AT,AKC,urban,2023-06-10T08:00:00+00:00,2023-06-10T11:00:00+00:00,9.591099739074707,10.934216499328613,14.267499923706055
3,AT,AKC,urban,2023-06-10T09:00:00+00:00,2023-06-10T12:00:00+00:00,9.00329875946045,10.198570251464844,13.012999534606934
3,AT,AKC,urban,2023-06-10T10:00:00+00:00,2023-06-10T13:00:00+00:00,9.19534969329834,9.194637298583984,10.64900016784668
3,AT,AKC,urban,2023-06-10T11:00:00+00:00,2023-06-10T14:00:00+00:00,9.000948905944824,8.766668319702148,9.591099739074707
3,AT,AKC,urban,2023-06-10T12:00:00+00:00,2023-06-10T15:00:00+00:00,8.20615005493164,8.54790210723877,9.00329875946045
3,AT,AKC,urban,2023-06-10T13:00:00+00:00,2023-06-10T16:00:00+00:00,8.059100151062012,9.095342636108398,9.19534969329834
3,AT,AKC,urban,2023-06-10T14:00:00+00:00,2023-06-10T17:00:00+00:00,8.992798805236816,9.073874473571777,9.000948905944824
3,AT,AKC,urban,2023-06-10T15:00:00+00:00,2023-06-10T18:00:00+00:00,11.187999725341797,8.664616584777832,8.20615005493164
3,AT,AKC,urban,2023-06-10T16:00:00+00:00,2023-06-10T19:00:00+00:00,12.112000465393066,8.867880821228027,8.059100151062012
3,AT,AKC,urban,2023-06-10T17:00:00+00:00,2023-06-10T20:00:00+00:00,11.71500015258789,9.152080535888672,8.992798805236816
3,AT,AKC,urban,2023-06-10T18:00:00+00:00,2023-06-10T21:00:00+00:00,11.603500366210938,11.251739501953125,11.187999725341797
3,AT,AKC,urban,2023-06-10T19:00:00+00:00,2023-06-10T22:00:00+00:00,11.463500022888184,12.010869979858398,12.112000465393066
3,AT,AKC,urban,2023-06-10T20:00:00+00:00,2023-06-10T23:00:00+00:00,9.891348838806152,11.676465034484863,11.71500015258789
3,AT,AKC,urban,2023-06-10T21:00:00+00:00,2023-06-11T00:00:00+00:00,9.378000259399414,10.589286804199219,11.603500366210938
3,AT,AKC,urban,2023-06-10T22:00:00+00:00,2023-06-11T01:00:00+00:00,9.541199684143066,10.8070707321167,11.463500022888184
3,AT,AKC,urban,2023-06-10T23:00:00+00:00,2023-06-11T02:00:00+00:00,9.365948677062988,9.511013984680176,9.891348838806152
3,AT,AKC,urban,2023-06-11T00:00:00+00:00,2023-06-11T03:00:00+00:00,9.459400177001953,9.261321067810059,9.378000259399414
3,AT,AKC,urban,2023-06-11T01:00:00+00:00,2023-06-11T04:00:00+00:00,9.557550430297852,9.318143844604492,9.541199684143066
3,AT,AKC,urban,2023-06-11T02:00:00+00:00,2023-06-11T05:00:00+00:00,10.939499855041504,9.544778823852539,9.365948677062988
3,AT,AKC,urban,2023-06-11T03:00:00+00:00,2023-06-11T06:00:00+00:00,11.310500144958496,9.322244644165039,9.459400177001953
3,AT,AKC,urban,2023-06-11T04:00:00+00:00,2023-06-11T07:00:00+00:00,11.743499755859375,9.176502227783203,9.557550430297852
3,AT,AKC,urban,2023-06-11T05:00:00+00:00,2023-06-11T08:00:00+00:00,11.51449966430664,9.73420524597168,10.939499855041504
3,AT,AKC,urban,2023-06-11T06:00:00+00:00,2023-06-11T09:00:00+00:00,11.090999603271484,9.585165023803711,11.310500144958496
3,AT,AKC,urban,2023-06-11T07:00:00+00:00,2023-06-11T10:00:00+00:00,10.636500358581543,9.73419189453125,11.743499755859375
3,AT,AKC,urban,2023-06-11T08:00:00+00:00,2023-06-11T11:00:00+00:00,10.78950023651123,9.793281555175781,11.51449966430664
3,AT,AKC,urban,2023-06-11T09:00:00+00:00,2023-06-11T12:00:00+00:00,10.46500015258789,9.555328369140625,11.090999603271484
3,AT,AKC,urban,2023-06-11T10:00:00+00:00,2023-06-11T13:00:00+00:00,9.478500366210938,9.340179443359375,10.636500358581543
3,AT,AKC,urban,2023-06-11T11:00:00+00:00,2023-06-11T14:00:00+00:00,9.450848579406738,9.67300796508789,10.78950023651123
3,AT,AKC,urban,2023-06-11T12:00:00+00:00,2023-06-11T15:00:00+00:00,8.933198928833008,9.321571350097656,10.46500015258789
3,AT,AKC,urban,2023-06-11T13:00:00+00:00,2023-06-11T16:00:00+00:00,8.568249702453613,8.808412551879883,9.478500366210938
3,AT,AKC,urban,2023-06-11T14:00:00+00:00,2023-06-11T17:00:00+00:00,8.353750228881836,9.285388946533203,9.450848579406738
3,AT,AKC,urban,2023-06-11T15:00:00+00:00,2023-06-11T18:00:00+00:00,8.036398887634277,8.893362045288086,8.933198928833008
3,AT,AKC,urban,2023-06-11T16:00:00+00:00,2023-06-11T19:00:00+00:00,8.397350311279297,8.70835018157959,8.568249702453613
3,AT,AKC,urban,2023-06-11T17:00:00+00:00,2023-06-11T20:00:00+00:00,8.863100051879883,9.56574535369873,8.353750228881836
3,AT,AKC,urban,2023-06-11T18:00:00+00:00,2023-06-11T21:00:00+00:00,8.952300071716309,9.315359115600586,8.036398887634277
3,AT,AKC,urban,2023-06-11T19:00:00+00:00,2023-06-11T22:00:00+00:00,9.20895004272461,9.017643928527832,8.397350311279297
3,AT,AKC,urban,2023-06-11T20:00:00+00:00,2023-06-11T23:00:00+00:00,9.1139497756958,9.19108772277832,8.863100051879883
3,AT,AKC,urban,2023-06-11T21:00:00+00:00,2023-06-12T00:00:00+00:00,9.000948905944824,9.325349807739258,8.952300071716309
3,AT,AKC,urban,2023-06-11T22:00:00+00:00,2023-06-12T01:00:00+00:00,8.544500350952148,10.06517219543457,9.20895004272461
3,AT,AKC,urban,2023-06-11T23:00:00+00:00,2023-06-12T02:00:00+00:00,8.326748847961426,10.167470932006836,9.1139497756958
3,AT,AKC,urban,2023-06-12T00:00:00+00:00,2023-06-12T03:00:00+00:00,8.479148864746094,10.123351097106934,9.000948905944824
3,AT,AKC,urban,2023-06-12T01:00:00+00:00,2023-06-12T04:00:00+00:00,8.041648864746094,9.87844181060791,8.544500350952148
3,AT,AKC,urban,2023-06-12T02:00:00+00:00,2023-06-12T05:00:00+00:00,7.941800117492676,9.719664573669434,8.326748847961426
3,AT,AKC,urban,2023-06-12T03:00:00+00:00,2023-06-12T06:00:00+00:00,8.373250007629395,10.035725593566895,8.479148864746094
3,AT,AKC,urban,2023-06-12T04:00:00+00:00,2023-06-12T07:00:00+00:00,7.818900108337402,9.361018180847168,8.041648864746094
3,AT,AKC,urban,2023-06-12T05:00:00+00:00,2023-06-12T08:00:00+00:00,7.8843488693237305,8.852760314941406,7.941800117492676
3,AT,AKC,urban,2023-06-12T06:00:00+00:00,2023-06-12T09:00:00+00:00,6.9932990074157715,8.934205055236816,8.373250007629395
3,AT,AKC,urban,2023-06-12T07:00:00+00:00,2023-06-12T10:00:00+00:00,6.222049713134766,8.162641525268555,7.818900108337402
3,AT,AKC,urban,2023-06-12T08:00:00+00:00,2023-06-12T11:00:00+00:00,6.598598957061768,8.082111358642578,7.8843488693237305
3,AT,AKC,urban,2023-06-12T09:00:00+00:00,2023-06-12T12:00:00+00:00,5.030848979949951,7.117417812347412,6.9932990074157715
3,AT,AKC,urban,2023-06-12T10:00:00+00:00,2023-06-12T13:00:00+00:00,5.140350341796875,6.517615795135498,6.222049713134766
3,AT,AKC,urban,2023-06-12T11:00:00+00:00,2023-06-12T14:00:00+00:00,5.529298305511475,6.920635223388672,6.598598957061768
3,AT,AKC,urban,2023-06-12T12:00:00+00:00,2023-06-12T15:00:00+00:00,5.711799144744873,5.711371898651123,5.030848979949951
3,AT,AKC,urban,2023-06-12T13:00:00+00:00,2023-06-12T16:00:00+00:00,5.830399036407471,5.98755407333374,5.140350341796875
3,AT,AKC,urban,2023-06-12T14:00:00+00:00,2023-06-12T17:00:00+00:00,5.878899574279785,6.471514701843262,5.529298305511475
3,AT,AKC,urban,2023-06-12T15:00:00+00:00,2023-06-12T18:00:00+00:00,6.2223992347717285,6.43245792388916,5.711799144744873
3,AT,AKC,urban,2023-06-12T16:00:00+00:00,2023-06-12T19:00:00+00:00,6.233649730682373,6.3526506423950195,5.830399036407471
3,AT,AKC,urban,2023-06-12T17:00:00+00:00,2023-06-12T20:00:00+00:00,6.2088494300842285,6.482728004455566,5.878899574279785
3,AT,AKC,urban,2023-06-12T18:00:00+00:00,2023-06-12T21:00:00+00:00,6.062349796295166,7.466482162475586,6.2223992347717285
3,AT,AKC,urban,2023-06-12T19:00:00+00:00,2023-06-12T22:00:00+00:00,5.801050186157227,7.300844192504883,6.233649730682373
3,AT,AKC,urban,2023-06-12T20:00:00+00:00,2023-06-12T23:00:00+00:00,5.878748893737793,6.91099739074707,6.2088494300842285
3,AT,AKC,urban,2023-06-12T21:00:00+00:00,2023-06-13T00:00:00+00:00,5.889050006866455,6.751847267150879,6.062349796295166
3,AT,AKC,urban,2023-06-12T22:00:00+00:00,2023-06-13T01:00:00+00:00,5.851949691772461,6.282265663146973,5.801050186157227
3,AT,AKC,urban,2023-06-12T23:00:00+00:00,2023-06-13T02:00:00+00:00,5.776100158691406,6.630214691162109,5.878748893737793
3,AT,AKC,urban,2023-06-13T00:00:00+00:00,2023-06-13T03:00:00+00:00,6.08444881439209,6.900787830352783,5.889050006866455
3,AT,AKC,urban,2023-06-13T01:00:00+00:00,2023-06-13T04:00:00+00:00,6.718399524688721,7.255045413970947,5.851949691772461
3,AT,AKC,urban,2023-06-13T02:00:00+00:00,2023-06-13T05:00:00+00:00,6.323300361633301,7.263613700866699,5.776100158691406
3,AT,AKC,urban,2023-06-13T03:00:00+00:00,2023-06-13T06:00:00+00:00,6.511600017547607,7.8924407958984375,6.08444881439209
3,AT,AKC,urban,2023-06-13T04:00:00+00:00,2023-06-13T07:00:00+00:00,6.161349773406982,7.9048357009887695,6.718399524688721
3,AT,AKC,urban,2023-06-13T05:00:00+00:00,2023-06-13T08:00:00+00:00,5.187600135803223,6.782670021057129,6.323300361633301
3,AT,AKC,urban,2023-06-13T06:00:00+00:00,2023-06-13T09:00:00+00:00,4.962550163269043,6.7741289138793945,6.511600017547607
3,AT,AKC,urban,2023-06-13T07:00:00+00:00,2023-06-13T10:00:00+00:00,4.796850204467773,6.266465663909912,6.161349773406982
3,AT,AKC,urban,2023-06-13T08:00:00+00:00,2023-06-13T11:00:00+00:00,4.8032989501953125,5.310363292694092,5.187600135803223
3,AT,AKC,urban,2023-06-13T09:00:00+00:00,2023-06-13T12:00:00+00:00,4.77734899520874,5.166584491729736,4.962550163269043
3,AT,AKC,urban,2023-06-13T10:00:00+00:00,2023-06-13T13:00:00+00:00,4.671998977661133,5.0521769523620605,4.796850204467773
3,AT,AKC,urban,2023-06-13T11:00:00+00:00,2023-06-13T14:00:00+00:00,5.162700176239014,5.109529972076416,4.8032989501953125
3,AT,AKC,urban,2023-06-13T12:00:00+00:00,2023-06-13T15:00:00+00:00,4.971248626708984,5.2741594314575195,4.77734899520874
3,AT,AKC,urban,2023-06-13T13:00:00+00:00,2023-06-13T16:00:00+00:00,5.035299777984619,5.2805256843566895,4.671998977661133
3,AT,AKC,urban,2023-06-13T14:00:00+00:00,2023-06-13T17:00:00+00:00,4.889100074768066,5.832231044769287,5.162700176239014
3,AT,AKC,urban,2023-06-13T15:00:00+00:00,2023-06-13T18:00:00+00:00,5.736998558044434,5.962439060211182,4.971248626708984
3,AT,AKC,urban,2023-06-13T16:00:00+00:00,2023-06-13T19:00:00+00:00,6.697898864746094,6.21850061416626,5.035299777984619
3,AT,AKC,urban,2023-06-13T17:00:00+00:00,2023-06-13T20:00:00+00:00,7.600648880004883,6.240283012390137,4.889100074768066
3,AT,AKC,urban,2023-06-13T18:00:00+00:00,2023-06-13T21:00:00+00:00,7.649048805236816,7.11103630065918,5.736998558044434
3,AT,AKC,urban,2023-06-13T19:00:00+00:00,2023-06-13T22:00:00+00:00,7.701498985290527,8.010245323181152,6.697898864746094
3,AT,AKC,urban,2023-06-13T20:00:00+00:00,2023-06-13T23:00:00+00:00,7.77810001373291,8.430976867675781,7.600648880004883
3,AT,AKC,urban,2023-06-13T21:00:00+00:00,2023-06-14T00:00:00+00:00,7.8520002365112305,8.502161026000977,7.649048805236816
3,AT,AKC,urban,2023-06-13T22:00:00+00:00,2023-06-14T01:00:00+00:00,8.027098655700684,8.449440002441406,7.701498985290527
3,AT,AKC,urban,2023-06-13T23:00:00+00:00,2023-06-14T02:00:00+00:00,8.219099044799805,8.816064834594727,7.77810001373291
3,AT,AKC,urban,2023-06-14T00:00:00+00:00,2023-06-14T03:00:00+00:00,8.21399974822998,9.190038681030273,7.8520002365112305
3,AT,AKC,urban,2023-06-14T01:00:00+00:00,2023-06-14T04:00:00+00:00,8.405098915100098,9.638019561767578,8.027098655700684
3,AT,AKC,urban,2023-06-14T02:00:00+00:00,2023-06-14T05:00:00+00:00,8.281099319458008,10.131429672241211,8.219099044799805
3,AT,AKC,urban,2023-06-14T03:00:00+00:00,2023-06-14T06:00:00+00:00,8.194450378417969,9.956287384033203,8.21399974822998
3,AT,AKC,urban,2023-06-14T04:00:00+00:00,2023-06-14T07:00:00+00:00,7.696100234985352,9.64454460144043,8.405098915100098
3,AT,AKC,urban,2023-06-14T05:00:00+00:00,2023-06-14T08:00:00+00:00,7.393650054931641,8.423553466796875,8.281099319458008
3,AT,AKC,urban,2023-06-14T06:00:00+00:00,2023-06-14T09:00:00+00:00,6.582300186157227,7.792376518249512,8.194450378417969
3,AT,AKC,urban,2023-06-14T07:00:00+00:00,2023-06-14T10:00:00+00:00,7.0261006355285645,7.230504035949707,7.696100234985352
3,AT,AKC,urban,2023-06-14T08:00:00+00:00,2023-06-14T11:00:00+00:00,6.4207000732421875,7.058968544006348,7.393650054931641
3,AT,AKC,urban,2023-06-14T09:00:00+00:00,2023-06-14T12:00:00+00:00,6.972000598907471,6.393465518951416,6.582300186157227
3,AT,AKC,urban,2023-06-14T10:00:00+00:00,2023-06-14T13:00:00+00:00,7.007248878479004,6.972182750701904,7.0261006355285645
3,AT,AKC,urban,2023-06-14T11:00:00+00:00,2023-06-14T14:00:00+00:00,6.808750152587891,6.555851459503174,6.4207000732421875
3,AT,AKC,urban,2023-06-14T12:00:00+00:00,2023-06-14T15:00:00+00:00,6.640748977661133,7.062075138092041,6.972000598907471
3,AT,AKC,urban,2023-06-14T13:00:00+00:00,2023-06-14T16:00:00+00:00,7.039850234985352,7.29818058013916,7.007248878479004
3,AT,AKC,urban,2023-06-14T14:00:00+00:00,2023-06-14T17:00:00+00:00,7.259550094604492,7.264970302581787,6.808750152587891
3,AT,AKC,urban,2023-06-14T15:00:00+00:00,2023-06-14T18:00:00+00:00,7.901700019836426,7.067837715148926,6.640748977661133
3,AT,AKC,urban,2023-06-14T16:00:00+00:00,2023-06-14T19:00:00+00:00,8.269598960876465,8.224912643432617,7.039850234985352
3,AT,AKC,urban,2023-06-14T17:00:00+00:00,2023-06-14T20:00:00+00:00,8.687399864196777,8.572551727294922,7.259550094604492
3,AT,AKC,urban,2023-06-14T18:00:00+00:00,2023-06-14T21:00:00+00:00,8.598600387573242,9.175909042358398,7.901700019836426
3,AT,AKC,urban,2023-06-14T19:00:00+00:00,2023-06-14T22:00:00+00:00,7.984649181365967,9.451765060424805,8.269598960876465
3,AT,AKC,urban,2023-06-14T20:00:00+00:00,2023-06-14T23:00:00+00:00,7.850399017333984,10.055302619934082,8.687399864196777
3,AT,AKC,urban,2023-06-14T21:00:00+00:00,2023-06-15T00:00:00+00:00,7.918549060821533,9.79952621459961,8.598600387573242
3,AT,AKC,urban,2023-06-14T22:00:00+00:00,2023-06-15T01:00:00+00:00,7.752048969268799,8.885159492492676,7.984649181365967
3,AT,AKC,urban,2023-06-14T23:00:00+00:00,2023-06-15T02:00:00+00:00,8.083849906921387,8.95138168334961,7.850399017333984
3,AT,AKC,urban,2023-06-15T00:00:00+00:00,2023-06-15T03:00:00+00:00,8.706100463867188,9.087921142578125,7.918549060821533
3,AT,AKC,urban,2023-06-15T01:00:00+00:00,2023-06-15T04:00:00+00:00,9.698200225830078,9.122856140136719,7.752048969268799
3,AT,AKC,urban,2023-06-15T02:00:00+00:00,2023-06-15T05:00:00+00:00,10.600500106811523,9.642923355102539,8.083849906921387
3,AT,AKC,urban,2023-06-15T03:00:00+00:00,2023-06-15T06:00:00+00:00,10.257949829101562,10.541011810302734,8.706100463867188
3,AT,AKC,urban,2023-06-15T04:00:00+00:00,2023-06-15T07:00:00+00:00,8.908649444580078,9.972673416137695,9.698200225830078
3,AT,AKC,urban,2023-06-15T05:00:00+00:00,2023-06-15T08:00:00+00:00,8.09014892578125,9.438474655151367,10.600500106811523
3,AT,AKC,urban,2023-06-15T06:00:00+00:00,2023-06-15T09:00:00+00:00,7.265398979187012,9.095041275024414,10.257949829101562
3,AT,AKC,urban,2023-06-15T07:00:00+00:00,2023-06-15T10:00:00+00:00,7.3709001541137695,7.9723429679870605,8.908649444580078
3,AT,AKC,urban,2023-06-15T08:00:00+00:00,2023-06-15T11:00:00+00:00,6.436048984527588,7.452746391296387,8.09014892578125
3,AT,AKC,urban,2023-06-15T09:00:00+00:00,2023-06-15T12:00:00+00:00,5.890648365020752,6.933829307556152,7.265398979187012
3,AT,AKC,urban,2023-06-15T10:00:00+00:00,2023-06-15T13:00:00+00:00,5.490448951721191,7.220800399780273,7.3709001541137695
3,AT,AKC,urban,2023-06-15T11:00:00+00:00,2023-06-15T14:00:00+00:00,5.085049152374268,6.424221515655518,6.436048984527588
3,AT,AKC,urban,2023-06-15T12:00:00+00:00,2023-06-15T15:00:00+00:00,5.693399906158447,5.962190628051758,5.890648365020752
3,AT,AKC,urban,2023-06-15T13:00:00+00:00,2023-06-15T16:00:00+00:00,5.851799011230469,5.791139125823975,5.490448951721191
3,AT,AKC,urban,2023-06-15T14:00:00+00:00,2023-06-15T17:00:00+00:00,6.5281500816345215,5.651562690734863,5.085049152374268
3,AT,AKC,urban,2023-06-15T15:00:00+00:00,2023-06-15T18:00:00+00:00,7.172550201416016,6.461373329162598,5.693399906158447
3,AT,AKC,urban,2023-06-15T16:00:00+00:00,2023-06-15T19:00:00+00:00,7.798698902130127,6.966590404510498,5.851799011230469
3,AT,AKC,urban,2023-06-15T17:00:00+00:00,2023-06-15T20:00:00+00:00,6.749050140380859,7.863368988037109,6.5281500816345215
3,AT,AKC,urban,2023-06-15T18:00:00+00:00,2023-06-15T21:00:00+00:00,6.731349468231201,8.505731582641602,7.172550201416016
3,AT,AKC,urban,2023-06-15T19:00:00+00:00,2023-06-15T22:00:00+00:00,6.411200046539307,9.052988052368164,7.798698902130127
3,AT,AKC,urban,2023-06-15T20:00:00+00:00,2023-06-15T23:00:00+00:00,6.809248924255371,7.653172969818115,6.749050140380859
3,AT,AKC,urban,2023-06-15T21:00:00+00:00,2023-06-16T00:00:00+00:00,5.834848880767822,7.712069511413574,6.731349468231201
3,AT,AKC,urban,2023-06-15T22:00:00+00:00,2023-06-16T01:00:00+00:00,5.391499042510986,7.098501682281494,6.411200046539307
3,AT,AKC,urban,2023-06-15T23:00:00+00:00,2023-06-16T02:00:00+00:00,5.111248970031738,7.531277656555176,6.809248924255371
3,AT,AKC,urban,2023-06-16T00:00:00+00:00,2023-06-16T03:00:00+00:00,5.745048999786377,6.469465255737305,5.834848880767822
3,AT,AKC,urban,2023-06-16T01:00:00+00:00,2023-06-16T04:00:00+00:00,6.655600070953369,6.136789321899414,5.391499042510986
3,AT,AKC,urban,2023-06-16T02:00:00+00:00,2023-06-16T05:00:00+00:00,6.692599773406982,6.003690719604492,5.111248970031738
3,AT,AKC,urban,2023-06-16T03:00:00+00:00,2023-06-16T06:00:00+00:00,7.044749736785889,6.434662342071533,5.745048999786377
3,AT,AKC,urban,2023-06-16T04:00:00+00:00,2023-06-16T07:00:00+00:00,7.115950107574463,6.943390369415283,6.655600070953369
3,AT,AKC,urban,2023-06-16T05:00:00+00:00,2023-06-16T08:00:00+00:00,6.985349178314209,6.71720027923584,6.692599773406982
3,AT,AKC,urban,2023-06-16T06:00:00+00:00,2023-06-16T09:00:00+00:00,6.892748832702637,6.8075852394104,7.044749736785889
3,AT,AKC,urban,2023-06-16T07:00:00+00:00,2023-06-16T10:00:00+00:00,5.816450595855713,6.686372756958008,7.115950107574463
3,AT,AKC,urban,2023-06-16T08:00:00+00:00,2023-06-16T11:00:00+00:00,6.738698959350586,6.542080879211426,6.985349178314209
3,AT,AKC,urban,2023-06-16T09:00:00+00:00,2023-06-16T12:00:00+00:00,7.422150135040283,6.533170223236084,6.892748832702637
3,AT,AKC,urban,2023-06-16T10:00:00+00:00,2023-06-16T13:00:00+00:00,7.786048889160156,5.660378932952881,5.816450595855713
3,AT,AKC,urban,2023-06-16T11:00:00+00:00,2023-06-16T14:00:00+00:00,8.525948524475098,6.525351047515869,6.738698959350586
3,AT,AKC,urban,2023-06-16T12:00:00+00:00,2023-06-16T15:00:00+00:00,8.55414867401123,6.979796886444092,7.422150135040283
3,AT,AKC,urban,2023-06-16T13:00:00+00:00,2023-06-16T16:00:00+00:00,6.997200012207031,7.464940547943115,7.786048889160156
3,AT,AKC,urban,2023-06-16T14:00:00+00:00,2023-06-16T17:00:00+00:00,5.957899570465088,8.092292785644531,8.525948524475098
3,AT,AKC,urban,2023-06-16T15:00:00+00:00,2023-06-16T18:00:00+00:00,6.8498005867004395,8.301800727844238,8.55414867401123
3,AT,AKC,urban,2023-06-16T16:00:00+00:00,2023-06-16T19:00:00+00:00,7.3144001960754395,7.199738025665283,6.997200012207031
3,AT,AKC,urban,2023-06-16T17:00:00+00:00,2023-06-16T20:00:00+00:00,5.774700164794922,6.588555812835693,5.957899570465088
3,AT,AKC,urban,2023-06-16T18:00:00+00:00,2023-06-16T21:00:00+00:00,5.658498287200928,7.4755353927612305,6.8498005867004395
3,AT,AKC,urban,2023-06-16T19:00:00+00:00,2023-06-16T22:00:00+00:00,6.757750034332275,7.760810375213623,7.3144001960754395
3,AT,AKC,urban,2023-06-16T20:00:00+00:00,2023-06-16T23:00:00+00:00,6.749849319458008,6.213105201721191,5.774700164794922
3,AT,AKC,urban,2023-06-16T21:00:00+00:00,2023-06-17T00:00:00+00:00,6.815799236297607,5.988608360290527,5.658498287200928
3,AT,AKC,urban,2023-06-16T22:00:00+00:00,2023-06-17T01:00:00+00:00,7.390199184417725,6.88148307800293,6.757750034332275
3,AT,AKC,urban,2023-06-16T23:00:00+00:00,2023-06-17T02:00:00+00:00,7.4561991691589355,6.9339423179626465,6.749849319458008
3,AT,AKC,urban,2023-06-17T00:00:00+00:00,2023-06-17T03:00:00+00:00,7.295100212097168,7.2042999267578125,6.815799236297607
3,AT,AKC,urban,2023-06-17T01:00:00+00:00,2023-06-17T04:00:00+00:00,6.343348979949951,7.905620098114014,7.390199184417725
3,AT,AKC,urban,2023-06-17T02:00:00+00:00,2023-06-17T05:00:00+00:00,7.851799011230469,8.023451805114746,7.4561991691589355
3,AT,AKC,urban,2023-06-17T03:00:00+00:00,2023-06-17T06:00:00+00:00,6.071900367736816,7.85794734954834,7.295100212097168
3,AT,AKC,urban,2023-06-17T04:00:00+00:00,2023-06-17T07:00:00+00:00,5.651549816131592,6.745165824890137,6.343348979949951
3,AT,AKC,urban,2023-06-17T05:00:00+00:00,2023-06-17T08:00:00+00:00,5.7138991355896,7.938878059387207,7.851799011230469
3,AT,AKC,urban,2023-06-17T06:00:00+00:00,2023-06-17T09:00:00+00:00,5.832900047302246,6.091622829437256,6.071900367736816
3,AT,AKC,urban,2023-06-17T07:00:00+00:00,2023-06-17T10:00:00+00:00,6.011499881744385,5.59979772567749,5.651549816131592
3,AT,AKC,urban,2023-06-17T08:00:00+00:00,2023-06-17T11:00:00+00:00,5.364748954772949,5.682153224945068,5.7138991355896
3,AT,AKC,urban,2023-06-17T09:00:00+00:00,2023-06-17T12:00:00+00:00,7.417599201202393,5.79813814163208,5.832900047302246
3,AT,AKC,urban,2023-06-17T10:00:00+00:00,2023-06-17T13:00:00+00:00,8.220748901367188,5.9597015380859375,6.011499881744385
3,AT,AKC,urban,2023-06-17T11:00:00+00:00,2023-06-17T14:00:00+00:00,4.232800006866455,5.450686931610107,5.364748954772949
3,AT,AKC,urban,2023-06-17T12:00:00+00:00,2023-06-17T15:00:00+00:00,4.7021989822387695,7.060267448425293,7.417599201202393
3,AT,AKC,urban,2023-06-17T13:00:00+00:00,2023-06-17T16:00:00+00:00,4.376948833465576,6.863366603851318,8.220748901367188
3,AT,AKC,urban,2023-06-17T14:00:00+00:00,2023-06-17T17:00:00+00:00,5.241300106048584,4.858315467834473,4.232800006866455
3,AT,AKC,urban,2023-06-17T15:00:00+00:00,2023-06-17T18:00:00+00:00,5.666150093078613,5.090051651000977,4.7021989822387695
3,AT,AKC,urban,2023-06-17T16:00:00+00:00,2023-06-17T19:00:00+00:00,5.785999774932861,4.860036849975586,4.376948833465576
3,AT,AKC,urban,2023-06-17T17:00:00+00:00,2023-06-17T20:00:00+00:00,6.166648864746094,5.623480319976807,5.241300106048584
3,AT,AKC,urban,2023-06-17T18:00:00+00:00,2023-06-17T21:00:00+00:00,6.502248764038086,5.937211036682129,5.666150093078613
3,AT,AKC,urban,2023-06-17T19:00:00+00:00,2023-06-17T22:00:00+00:00,6.682199954986572,6.0746612548828125,5.785999774932861
3,AT,AKC,urban,2023-06-17T20:00:00+00:00,2023-06-17T23:00:00+00:00,7.798398971557617,6.553322792053223,6.166648864746094
3,AT,AKC,urban,2023-06-17T21:00:00+00:00,2023-06-18T00:00:00+00:00,9.040699005126953,6.899482250213623,6.502248764038086
3,AT,AKC,urban,2023-06-17T22:00:00+00:00,2023-06-18T01:00:00+00:00,8.901649475097656,6.937750816345215,6.682199954986572
3,AT,AKC,urban,2023-06-17T23:00:00+00:00,2023-06-18T02:00:00+00:00,8.192448616027832,8.06826114654541,7.798398971557617
3,AT,AKC,urban,2023-06-18T00:00:00+00:00,2023-06-18T03:00:00+00:00,9.43655014038086,9.076025009155273,9.040699005126953
3,AT,AKC,urban,2023-06-18T01:00:00+00:00,2023-06-18T04:00:00+00:00,10.13029956817627,9.053685188293457,8.901649475097656
3,AT,AKC,urban,2023-06-18T02:00:00+00:00,2023-06-18T05:00:00+00:00,10.534500122070312,8.63085651397705,8.192448616027832
3,AT,AKC,urban,2023-06-18T03:00:00+00:00,2023-06-18T06:00:00+00:00,8.8381986618042,9.431344032287598,9.43655014038086
3,AT,AKC,urban,2023-06-18T04:00:00+00:00,2023-06-18T07:00:00+00:00,7.2052998542785645,9.144997596740723,10.13029956817627
3,AT,AKC,urban,2023-06-18T05:00:00+00:00,2023-06-18T08:00:00+00:00,7.020750045776367,9.280323028564453,10.534500122070312
3,AT,AKC,urban,2023-06-18T06:00:00+00:00,2023-06-18T09:00:00+00:00,7.44149923324585,7.778080940246582,8.8381986618042
3,AT,AKC,urban,2023-06-18T07:00:00+00:00,2023-06-18T10:00:00+00:00,7.4506001472473145,6.3902435302734375,7.2052998542785645
3,AT,AKC,urban,2023-06-18T08:00:00+00:00,2023-06-18T11:00:00+00:00,7.0256500244140625,6.333104133605957,7.020750045776367
3,AT,AKC,urban,2023-06-18T09:00:00+00:00,2023-06-18T12:00:00+00:00,6.116398334503174,6.884340763092041,7.44149923324585
3,AT,AKC,urban,2023-06-18T10:00:00+00:00,2023-06-18T13:00:00+00:00,6.436299800872803,6.997479438781738,7.4506001472473145
3,AT,AKC,urban,2023-06-18T11:00:00+00:00,2023-06-18T14:00:00+00:00,6.5295491218566895,6.835433483123779,7.0256500244140625
3,AT,AKC,urban,2023-06-18T12:00:00+00:00,2023-06-18T15:00:00+00:00,6.878149032592773,6.014607906341553,6.116398334503174
3,AT,AKC,urban,2023-06-18T13:00:00+00:00,2023-06-18T16:00:00+00:00,7.491799831390381,6.442811012268066,6.436299800872803
3,AT,AKC,urban,2023-06-18T14:00:00+00:00,2023-06-18T17:00:00+00:00,7.997848987579346,6.737030982971191,6.5295491218566895
3,AT,AKC,urban,2023-06-18T15:00:00+00:00,2023-06-18T18:00:00+00:00,8.478650093078613,7.321849822998047,6.878149032592773
3,AT,AKC,urban,2023-06-18T16:00:00+00:00,2023-06-18T19:00:00+00:00,9.410698890686035,8.2991943359375,7.491799831390381
3,AT,AKC,urban,2023-06-18T17:00:00+00:00,2023-06-18T20:00:00+00:00,11.102999687194824,9.126789093017578,7.997848987579346
3,AT,AKC,urban,2023-06-18T18:00:00+00:00,2023-06-18T21:00:00+00:00,11.190500259399414,9.22299575805664,8.478650093078613
3,AT,AKC,urban,2023-06-18T19:00:00+00:00,2023-06-18T22:00:00+00:00,11.996999740600586,10.125892639160156,9.410698890686035
3,AT,AKC,urban,2023-06-18T20:00:00+00:00,2023-06-18T23:00:00+00:00,12.745499610900879,11.274271011352539,11.102999687194824
3,AT,AKC,urban,2023-06-18T21:00:00+00:00,2023-06-19T00:00:00+00:00,11.765999794006348,11.068887710571289,11.190500259399414
3,AT,AKC,urban,2023-06-18T22:00:00+00:00,2023-06-19T01:00:00+00:00,12.654000282287598,12.48678207397461,11.996999740600586
3,AT,AKC,urban,2023-06-18T23:00:00+00:00,2023-06-19T02:00:00+00:00,15.231499671936035,12.995612144470215,12.745499610900879
3,AT,AKC,urban,2023-06-19T00:00:00+00:00,2023-06-19T03:00:00+00:00,15.829500198364258,12.065661430358887,11.765999794006348
3,AT,AKC,urban,2023-06-19T01:00:00+00:00,2023-06-19T04:00:00+00:00,16.528499603271484,13.136930465698242,12.654000282287598
3,AT,AKC,urban,2023-06-19T02:00:00+00:00,2023-06-19T05:00:00+00:00,17.008499145507812,15.654083251953125,15.231499671936035
3,AT,AKC,urban,2023-06-19T03:00:00+00:00,2023-06-19T06:00:00+00:00,14.166500091552734,14.135189056396484,15.829500198364258
3,AT,AKC,urban,2023-06-19T04:00:00+00:00,2023-06-19T07:00:00+00:00,13.991999626159668,14.318859100341797,16.528499603271484
3,AT,AKC,urban,2023-06-19T05:00:00+00:00,2023-06-19T08:00:00+00:00,12.375,13.005585670471191,17.008499145507812
3,AT,AKC,urban,2023-06-19T06:00:00+00:00,2023-06-19T09:00:00+00:00,10.432999610900879,10.05636215209961,14.166500091552734
3,AT,AKC,urban,2023-06-19T07:00:00+00:00,2023-06-19T10:00:00+00:00,9.77655029296875,10.147278785705566,13.991999626159668
3,AT,AKC,urban,2023-06-19T08:00:00+00:00,2023-06-19T11:00:00+00:00,8.60515022277832,10.170004844665527,12.375
3,AT,AKC,urban,2023-06-19T09:00:00+00:00,2023-06-19T12:00:00+00:00,7.339900016784668,9.14637565612793,10.432999610900879
3,AT,AKC,urban,2023-06-19T10:00:00+00:00,2023-06-19T13:00:00+00:00,7.535049915313721,8.954202651977539,9.77655029296875
3,AT,AKC,urban,2023-06-19T11:00:00+00:00,2023-06-19T14:00:00+00:00,7.674798965454102,8.11440658569336,8.60515022277832
3,AT,AKC,urban,2023-06-19T12:00:00+00:00,2023-06-19T15:00:00+00:00,7.597650051116943,7.1480937004089355,7.339900016784668
3,AT,AKC,urban,2023-06-19T13:00:00+00:00,2023-06-19T16:00:00+00:00,7.808248996734619,7.476612091064453,7.535049915313721
3,AT,AKC,urban,2023-06-19T14:00:00+00:00,2023-06-19T17:00:00+00:00,8.416600227355957,7.961079120635986,7.674798965454102
3,AT,AKC,urban,2023-06-19T15:00:00+00:00,2023-06-19T18:00:00+00:00,8.712348937988281,8.167802810668945,7.597650051116943
3,AT,AKC,urban,2023-06-19T16:00:00+00:00,2023-06-19T19:00:00+00:00,10.344099998474121,8.77590274810791,7.808248996734619
3,AT,AKC,urban,2023-06-19T17:00:00+00:00,2023-06-19T20:00:00+00:00,10.953499794006348,9.704828262329102,8.416600227355957
3,AT,AKC,urban,2023-06-19T18:00:00+00:00,2023-06-19T21:00:00+00:00,13.144000053405762,10.441896438598633,8.712348937988281
3,AT,AKC,urban,2023-06-19T19:00:00+00:00,2023-06-19T22:00:00+00:00,12.876500129699707,11.055492401123047,10.344099998474121
3,AT,AKC,urban,2023-06-19T20:00:00+00:00,2023-06-19T23:00:00+00:00,13.359999656677246,11.392499923706055,10.953499794006348
3,AT,AKC,urban,2023-06-19T21:00:00+00:00,2023-06-20T00:00:00+00:00,14.782999992370605,13.441678047180176,13.144000053405762
3,AT,AKC,urban,2023-06-19T22:00:00+00:00,2023-06-20T01:00:00+00:00,15.651000022888184,13.30910587310791,12.876500129699707
3,AT,AKC,urban,2023-06-19T23:00:00+00:00,2023-06-20T02:00:00+00:00,16.902000427246094,14.15242862701416,13.359999656677246
3,AT,AKC,urban,2023-06-20T00:00:00+00:00,2023-06-20T03:00:00+00:00,18.761499404907227,16.35527801513672,14.782999992370605
3,AT,AKC,urban,2023-06-20T01:00:00+00:00,2023-06-20T04:00:00+00:00,18.256999969482422,17.363554000854492,15.651000022888184
3,AT,AKC,urban,2023-06-20T02:00:00+00:00,2023-06-20T05:00:00+00:00,14.923500061035156,17.63129234313965,16.902000427246094
3,AT,AKC,urban,2023-06-20T03:00:00+00:00,2023-06-20T06:00:00+00:00,12.958999633789062,17.877853393554688,18.761499404907227
3,AT,AKC,urban,2023-06-20T04:00:00+00:00,2023-06-20T07:00:00+00:00,13.458999633789062,15.140215873718262,18.256999969482422
3,AT,AKC,urban,2023-06-20T05:00:00+00:00,2023-06-20T08:00:00+00:00,12.029999732971191,11.19650650024414,14.923500061035156
3,AT,AKC,urban,2023-06-20T06:00:00+00:00,2023-06-20T09:00:00+00:00,11.354999542236328,11.067727088928223,12.958999633789062
3,AT,AKC,urban,2023-06-20T07:00:00+00:00,2023-06-20T10:00:00+00:00,10.54699993133545,11.57766342163086,13.458999633789062
3,AT,AKC,urban,2023-06-20T08:00:00+00:00,2023-06-20T11:00:00+00:00,11.343500137329102,10.516530990600586,12.029999732971191
3,AT,AKC,urban,2023-06-20T09:00:00+00:00,2023-06-20T12:00:00+00:00,10.574000358581543,10.138721466064453,11.354999542236328
3,AT,AKC,urban,2023-06-20T10:00:00+00:00,2023-06-20T13:00:00+00:00,10.99899959564209,9.733016014099121,10.54699993133545
3,AT,AKC,urban,2023-06-20T11:00:00+00:00,2023-06-20T14:00:00+00:00,10.67199993133545,10.588809967041016,11.343500137329102
3,AT,AKC,urban,2023-06-20T12:00:00+00:00,2023-06-20T15:00:00+00:00,9.933599472045898,10.011834144592285,10.574000358581543
3,AT,AKC,urban,2023-06-20T13:00:00+00:00,2023-06-20T16:00:00+00:00,9.735699653625488,10.55133056640625,10.99899959564209
3,AT,AKC,urban,2023-06-20T14:00:00+00:00,2023-06-20T17:00:00+00:00,10.690999984741211,10.514315605163574,10.67199993133545
3,AT,AKC,urban,2023-06-20T15:00:00+00:00,2023-06-20T18:00:00+00:00,11.236499786376953,10.148269653320312,9.933599472045898
3,AT,AKC,urban,2023-06-20T16:00:00+00:00,2023-06-20T19:00:00+00:00,11.265000343322754,10.516871452331543,9.735699653625488
3,AT,AKC,urban,2023-06-20T17:00:00+00:00,2023-06-20T20:00:00+00:00,11.663999557495117,11.85584831237793,10.690999984741211
3,AT,AKC,urban,2023-06-20T18:00:00+00:00,2023-06-20T21:00:00+00:00,12.63949966430664,13.259045600891113,11.236499786376953
3,AT,AKC,urban,2023-06-20T19:00:00+00:00,2023-06-20T22:00:00+00:00,13.022000312805176,13.327415466308594,11.265000343322754
3,AT,AKC,urban,2023-06-20T20:00:00+00:00,2023-06-20T23:00:00+00:00,14.057000160217285,13.799839973449707,11.663999557495117
3,AT,AKC,urban,2023-06-20T21:00:00+00:00,2023-06-21T00:00:00+00:00,15.10099983215332,14.675863265991211,12.63949966430664
3,AT,AKC,urban,2023-06-20T22:00:00+00:00,2023-06-21T01:00:00+00:00,15.428000450134277,15.197381973266602,13.022000312805176
3,AT,AKC,urban,2023-06-20T23:00:00+00:00,2023-06-21T02:00:00+00:00,16.854000091552734,16.290130615234375,14.057000160217285
3,AT,AKC,urban,2023-06-21T00:00:00+00:00,2023-06-21T03:00:00+00:00,17.760000228881836,17.225181579589844,15.10099983215332
3,AT,AKC,urban,2023-06-21T01:00:00+00:00,2023-06-21T04:00:00+00:00,17.789499282836914,17.56793975830078,15.428000450134277
3,AT,AKC,urban,2023-06-21T02:00:00+00:00,2023-06-21T05:00:00+00:00,17.722999572753906,18.89025115966797,16.854000091552734
3,AT,AKC,urban,2023-06-21T03:00:00+00:00,2023-06-21T06:00:00+00:00,16.548500061035156,19.511817932128906,17.760000228881836
3,AT,AKC,urban,2023-06-21T04:00:00+00:00,2023-06-21T07:00:00+00:00,17.167999267578125,16.846546173095703,17.789499282836914
3,AT,AKC,urban,2023-06-21T05:00:00+00:00,2023-06-21T08:00:00+00:00,15.825499534606934,14.741230964660645,17.722999572753906
3,AT,AKC,urban,2023-06-21T06:00:00+00:00,2023-06-21T09:00:00+00:00,10.577500343322754,12.905313491821289,16.548500061035156
3,AT,AKC,urban,2023-06-21T07:00:00+00:00,2023-06-21T10:00:00+00:00,10.374500274658203,12.7327880859375,17.167999267578125
3,AT,AKC,urban,2023-06-21T08:00:00+00:00,2023-06-21T11:00:00+00:00,8.620550155639648,12.825994491577148,15.825499534606934
3,AT,AKC,urban,2023-06-21T09:00:00+00:00,2023-06-21T12:00:00+00:00,9.872650146484375,9.887916564941406,10.577500343322754
3,AT,AKC,urban,2023-06-21T10:00:00+00:00,2023-06-21T13:00:00+00:00,8.754799842834473,9.985607147216797,10.374500274658203
3,AT,AKC,urban,2023-06-21T11:00:00+00:00,2023-06-21T14:00:00+00:00,9.1996488571167,8.533855438232422,8.620550155639648
3,AT,AKC,urban,2023-06-21T12:00:00+00:00,2023-06-21T15:00:00+00:00,9.671698570251465,9.760760307312012,9.872650146484375
3,AT,AKC,urban,2023-06-21T13:00:00+00:00,2023-06-21T16:00:00+00:00,9.974199295043945,9.001666069030762,8.754799842834473
3,AT,AKC,urban,2023-06-21T14:00:00+00:00,2023-06-21T17:00:00+00:00,7.781949043273926,9.955877304077148,9.1996488571167
3,AT,AKC,urban,2023-06-21T15:00:00+00:00,2023-06-21T18:00:00+00:00,6.879899024963379,11.016761779785156,9.671698570251465
3,AT,AKC,urban,2023-06-21T16:00:00+00:00,2023-06-21T19:00:00+00:00,9.87540054321289,11.989030838012695,9.974199295043945
3,AT,AKC,urban,2023-06-21T17:00:00+00:00,2023-06-21T20:00:00+00:00,7.94589900970459,10.082256317138672,7.781949043273926
3,AT,AKC,urban,2023-06-21T18:00:00+00:00,2023-06-21T21:00:00+00:00,8.601449012756348,10.065303802490234,6.879899024963379
3,AT,AKC,urban,2023-06-21T19:00:00+00:00,2023-06-21T22:00:00+00:00,9.10534954071045,12.587759971618652,9.87540054321289
3,AT,AKC,urban,2023-06-21T20:00:00+00:00,2023-06-21T23:00:00+00:00,8.944901466369629,9.573200225830078,7.94589900970459
3,AT,AKC,urban,2023-06-21T21:00:00+00:00,2023-06-22T00:00:00+00:00,9.171600341796875,10.093962669372559,8.601449012756348
3,AT,AKC,urban,2023-06-21T22:00:00+00:00,2023-06-22T01:00:00+00:00,9.074999809265137,11.417061805725098,9.10534954071045
3,AT,AKC,urban,2023-06-21T23:00:00+00:00,2023-06-22T02:00:00+00:00,9.061750411987305,11.154958724975586,8.944901466369629
3,AT,AKC,urban,2023-06-22T00:00:00+00:00,2023-06-22T03:00:00+00:00,9.57544994354248,11.495895385742188,9.171600341796875
3,AT,AKC,urban,2023-06-22T01:00:00+00:00,2023-06-22T04:00:00+00:00,9.350000381469727,11.521204948425293,9.074999809265137
3,AT,AKC,urban,2023-06-22T02:00:00+00:00,2023-06-22T05:00:00+00:00,9.41304874420166,11.53439712524414,9.061750411987305
3,AT,AKC,urban,2023-06-22T03:00:00+00:00,2023-06-22T06:00:00+00:00,11.819999694824219,12.054455757141113,9.57544994354248
3,AT,AKC,urban,2023-06-22T04:00:00+00:00,2023-06-22T07:00:00+00:00,14.855500221252441,10.893350601196289,9.350000381469727
3,AT,AKC,urban,2023-06-22T05:00:00+00:00,2023-06-22T08:00:00+00:00,13.097999572753906,9.662758827209473,9.41304874420166
3,AT,AKC,urban,2023-06-22T06:00:00+00:00,2023-06-22T09:00:00+00:00,11.5,11.05462646484375,11.819999694824219
3,AT,AKC,urban,2023-06-22T07:00:00+00:00,2023-06-22T10:00:00+00:00,10.344149589538574,12.961609840393066,14.855500221252441
3,AT,AKC,urban,2023-06-22T08:00:00+00:00,2023-06-22T11:00:00+00:00,9.8927001953125,11.951587677001953,13.097999572753906
3,AT,AKC,urban,2023-06-22T09:00:00+00:00,2023-06-22T12:00:00+00:00,9.2837495803833,10.745776176452637,11.5
3,AT,AKC,urban,2023-06-22T10:00:00+00:00,2023-06-22T13:00:00+00:00,9.402950286865234,9.905531883239746,10.344149589538574
3,AT,AKC,urban,2023-06-22T11:00:00+00:00,2023-06-22T14:00:00+00:00,10.1985502243042,9.59240436553955,9.8927001953125
3,AT,AKC,urban,2023-06-22T12:00:00+00:00,2023-06-22T15:00:00+00:00,10.812000274658203,9.074353218078613,9.2837495803833
3,AT,AKC,urban,2023-06-22T13:00:00+00:00,2023-06-22T16:00:00+00:00,11.802499771118164,9.315542221069336,9.402950286865234
3,AT,AKC,urban,2023-06-22T14:00:00+00:00,2023-06-22T17:00:00+00:00,12.064499855041504,10.389832496643066,10.1985502243042
3,AT,AKC,urban,2023-06-22T15:00:00+00:00,2023-06-22T18:00:00+00:00,11.795999526977539,11.222299575805664,10.812000274658203
3,AT,AKC,urban,2023-06-22T16:00:00+00:00,2023-06-22T19:00:00+00:00,12.076000213623047,12.678476333618164,11.802499771118164
3,AT,AKC,urban,2023-06-22T17:00:00+00:00,2023-06-22T20:00:00+00:00,12.163000106811523,13.480242729187012,12.064499855041504
3,AT,AKC,urban,2023-06-22T18:00:00+00:00,2023-06-22T21:00:00+00:00,13.344499588012695,14.308391571044922,11.795999526977539
3,AT,AKC,urban,2023-06-22T19:00:00+00:00,2023-06-22T22:00:00+00:00,14.53499984741211,14.77669906616211,12.076000213623047
3,AT,AKC,urban,2023-06-22T20:00:00+00:00,2023-06-22T23:00:00+00:00,14.47700023651123,14.07528018951416,12.163000106811523
3,AT,AKC,urban,2023-06-22T21:00:00+00:00,2023-06-23T00:00:00+00:00,14.600500106811523,14.482914924621582,13.344499588012695
3,AT,AKC,urban,2023-06-22T22:00:00+00:00,2023-06-23T01:00:00+00:00,16.928499221801758,17.001487731933594,14.53499984741211
3,AT,AKC,urban,2023-06-22T23:00:00+00:00,2023-06-23T02:00:00+00:00,11.83650016784668,16.102262496948242,14.47700023651123
3,AT,AKC,urban,2023-06-23T00:00:00+00:00,2023-06-23T03:00:00+00:00,9.75255012512207,15.643133163452148,14.600500106811523
3,AT,AKC,urban,2023-06-23T01:00:00+00:00,2023-06-23T04:00:00+00:00,10.79800033569336,14.995776176452637,16.928499221801758
3,AT,AKC,urban,2023-06-23T02:00:00+00:00,2023-06-23T05:00:00+00:00,12.058500289916992,10.24509334564209,11.83650016784668
3,AT,AKC,urban,2023-06-23T03:00:00+00:00,2023-06-23T06:00:00+00:00,12.612500190734863,9.35592269897461,9.75255012512207
3,AT,AKC,urban,2023-06-23T04:00:00+00:00,2023-06-23T07:00:00+00:00,10.491000175476074,9.973625183105469,10.79800033569336
3,AT,AKC,urban,2023-06-23T05:00:00+00:00,2023-06-23T08:00:00+00:00,10.695050239562988,10.191305160522461,12.058500289916992
3,AT,AKC,urban,2023-06-23T06:00:00+00:00,2023-06-23T09:00:00+00:00,6.184598922729492,10.419715881347656,12.612500190734863
3,AT,AKC,urban,2023-06-23T07:00:00+00:00,2023-06-23T10:00:00+00:00,5.406299591064453,9.563776969909668,10.491000175476074
3,AT,AKC,urban,2023-06-23T08:00:00+00:00,2023-06-23T11:00:00+00:00,6.6643500328063965,9.88062858581543,10.695050239562988
3,AT,AKC,urban,2023-06-23T09:00:00+00:00,2023-06-23T12:00:00+00:00,5.209349155426025,6.5392913818359375,6.184598922729492
3,AT,AKC,urban,2023-06-23T10:00:00+00:00,2023-06-23T13:00:00+00:00,4.256350040435791,5.4507317543029785,5.406299591064453
3,AT,AKC,urban,2023-06-23T11:00:00+00:00,2023-06-23T14:00:00+00:00,6.173048973083496,6.461040019989014,6.6643500328063965
3,AT,AKC,urban,2023-06-23T12:00:00+00:00,2023-06-23T15:00:00+00:00,6.694950103759766,5.4943318367004395,5.209349155426025
3,AT,AKC,urban,2023-06-23T13:00:00+00:00,2023-06-23T16:00:00+00:00,8.331350326538086,4.414847373962402,4.256350040435791
3,AT,AKC,urban,2023-06-23T14:00:00+00:00,2023-06-23T17:00:00+00:00,8.540200233459473,6.116977691650391,6.173048973083496
3,AT,AKC,urban,2023-06-23T15:00:00+00:00,2023-06-23T18:00:00+00:00,9.141949653625488,6.786655426025391,6.694950103759766
3,AT,AKC,urban,2023-06-23T16:00:00+00:00,2023-06-23T19:00:00+00:00,8.828449249267578,8.173562049865723,8.331350326538086
3,AT,AKC,urban,2023-06-23T17:00:00+00:00,2023-06-23T20:00:00+00:00,8.457798957824707,8.567054748535156,8.540200233459473
3,AT,AKC,urban,2023-06-23T18:00:00+00:00,2023-06-23T21:00:00+00:00,8.007498741149902,9.106682777404785,9.141949653625488
3,AT,AKC,urban,2023-06-23T19:00:00+00:00,2023-06-23T22:00:00+00:00,4.493750095367432,8.890145301818848,8.828449249267578
3,AT,AKC,urban,2023-06-23T20:00:00+00:00,2023-06-23T23:00:00+00:00,2.870899200439453,8.484827041625977,8.457798957824707
3,AT,AKC,urban,2023-06-23T21:00:00+00:00,2023-06-24T00:00:00+00:00,2.4500484466552734,8.009090423583984,8.007498741149902
3,AT,AKC,urban,2023-06-23T22:00:00+00:00,2023-06-24T01:00:00+00:00,2.90834903717041,4.58922815322876,4.493750095367432
3,AT,AKC,urban,2023-06-23T23:00:00+00:00,2023-06-24T02:00:00+00:00,3.1229496002197266,3.0869760513305664,2.870899200439453
3,AT,AKC,urban,2023-06-24T00:00:00+00:00,2023-06-24T03:00:00+00:00,2.8658485412597656,3.109722137451172,2.4500484466552734
3,AT,AKC,urban,2023-06-24T01:00:00+00:00,2023-06-24T04:00:00+00:00,1.439249038696289,3.6068363189697266,2.90834903717041
3,AT,AKC,urban,2023-06-24T02:00:00+00:00,2023-06-24T05:00:00+00:00,1.2021989822387695,3.8255786895751953,3.1229496002197266
3,AT,AKC,urban,2023-06-24T03:00:00+00:00,2023-06-24T06:00:00+00:00,0.9671640396118164,3.56900691986084,2.8658485412597656
3,AT,AKC,urban,2023-06-24T04:00:00+00:00,2023-06-24T07:00:00+00:00,1.901498794555664,2.0471458435058594,1.439249038696289
3,AT,AKC,urban,2023-06-24T05:00:00+00:00,2023-06-24T08:00:00+00:00,2.8697500228881836,1.7916431427001953,1.2021989822387695
3,AT,AKC,urban,2023-06-24T06:00:00+00:00,2023-06-24T09:00:00+00:00,3.106450080871582,1.4627981185913086,0.9671640396118164
3,AT,AKC,urban,2023-06-24T07:00:00+00:00,2023-06-24T10:00:00+00:00,4.086948871612549,2.252638816833496,1.901498794555664
3,AT,AKC,urban,2023-06-24T08:00:00+00:00,2023-06-24T11:00:00+00:00,6.18125057220459,3.0722427368164062,2.8697500228881836
3,AT,AKC,urban,2023-06-24T09:00:00+00:00,2023-06-24T12:00:00+00:00,6.789450168609619,3.3116445541381836,3.106450080871582
3,AT,AKC,urban,2023-06-24T10:00:00+00:00,2023-06-24T13:00:00+00:00,7.6631999015808105,4.2317705154418945,4.086948871612549
3,AT,AKC,urban,2023-06-24T11:00:00+00:00,2023-06-24T14:00:00+00:00,7.797100067138672,5.967621803283691,6.18125057220459
3,AT,AKC,urban,2023-06-24T12:00:00+00:00,2023-06-24T15:00:00+00:00,7.763949871063232,6.611386775970459,6.789450168609619
3,AT,AKC,urban,2023-06-24T13:00:00+00:00,2023-06-24T16:00:00+00:00,7.200798988342285,7.682000160217285,7.6631999015808105
3,AT,AKC,urban,2023-06-24T14:00:00+00:00,2023-06-24T17:00:00+00:00,6.943799018859863,7.753608226776123,7.797100067138672
3,AT,AKC,urban,2023-06-24T15:00:00+00:00,2023-06-24T18:00:00+00:00,6.86460018157959,7.748981475830078,7.763949871063232
3,AT,AKC,urban,2023-06-24T16:00:00+00:00,2023-06-24T19:00:00+00:00,6.688600063323975,7.217441558837891,7.200798988342285
3,AT,AKC,urban,2023-06-24T17:00:00+00:00,2023-06-24T20:00:00+00:00,6.731849193572998,7.172848701477051,6.943799018859863
3,AT,AKC,urban,2023-06-24T18:00:00+00:00,2023-06-24T21:00:00+00:00,6.839550018310547,7.242319583892822,6.86460018157959
3,AT,AKC,urban,2023-06-24T19:00:00+00:00,2023-06-24T22:00:00+00:00,6.81505012512207,7.227036952972412,6.688600063323975
3,AT,AKC,urban,2023-06-24T20:00:00+00:00,2023-06-24T23:00:00+00:00,7.214498996734619,7.260870933532715,6.731849193572998
3,AT,AKC,urban,2023-06-24T21:00:00+00:00,2023-06-25T00:00:00+00:00,7.895100116729736,7.325233459472656,6.839550018310547
3,AT,AKC,urban,2023-06-24T22:00:00+00:00,2023-06-25T01:00:00+00:00,8.669098854064941,7.206369876861572,6.81505012512207
3,AT,AKC,urban,2023-06-24T23:00:00+00:00,2023-06-25T02:00:00+00:00,9.639748573303223,7.7815446853637695,7.214498996734619
3,AT,AKC,urban,2023-06-25T00:00:00+00:00,2023-06-25T03:00:00+00:00,10.158499717712402,8.506221771240234,7.895100116729736
3,AT,AKC,urban,2023-06-25T01:00:00+00:00,2023-06-25T04:00:00+00:00,10.180999755859375,9.348291397094727,8.669098854064941
3,AT,AKC,urban,2023-06-25T02:00:00+00:00,2023-06-25T05:00:00+00:00,10.087599754333496,10.247102737426758,9.639748573303223
3,AT,AKC,urban,2023-06-25T03:00:00+00:00,2023-06-25T06:00:00+00:00,8.586750030517578,10.677348136901855,10.158499717712402
3,AT,AKC,urban,2023-06-25T04:00:00+00:00,2023-06-25T07:00:00+00:00,8.07384967803955,10.303911209106445,10.180999755859375
3,AT,AKC,urban,2023-06-25T05:00:00+00:00,2023-06-25T08:00:00+00:00,8.118498802185059,9.90585994720459,10.087599754333496
3,AT,AKC,urban,2023-06-25T06:00:00+00:00,2023-06-25T09:00:00+00:00,7.459798812866211,8.156103134155273,8.586750030517578
3,AT,AKC,urban,2023-06-25T07:00:00+00:00,2023-06-25T10:00:00+00:00,8.053600311279297,7.798130512237549,8.07384967803955
3,AT,AKC,urban,2023-06-25T08:00:00+00:00,2023-06-25T11:00:00+00:00,7.882199764251709,8.021657943725586,8.118498802185059
3,AT,AKC,urban,2023-06-25T09:00:00+00:00,2023-06-25T12:00:00+00:00,7.284549236297607,7.402040958404541,7.459798812866211
3,AT,AKC,urban,2023-06-25T10:00:00+00:00,2023-06-25T13:00:00+00:00,6.7604498863220215,8.053243637084961,8.053600311279297
3,AT,AKC,urban,2023-06-25T11:00:00+00:00,2023-06-25T14:00:00+00:00,6.741048812866211,8.005456924438477,7.882199764251709
3,AT,AKC,urban,2023-06-25T12:00:00+00:00,2023-06-25T15:00:00+00:00,6.459750175476074,7.721315383911133,7.284549236297607
3,AT,AKC,urban,2023-06-25T13:00:00+00:00,2023-06-25T16:00:00+00:00,6.029250144958496,7.416106700897217,6.7604498863220215
3,AT,AKC,urban,2023-06-25T14:00:00+00:00,2023-06-25T17:00:00+00:00,5.6806488037109375,7.937744617462158,6.741048812866211
3,AT,AKC,urban,2023-06-25T15:00:00+00:00,2023-06-25T18:00:00+00:00,5.547900199890137,8.012772560119629,6.459750175476074
3,AT,AKC,urban,2023-06-25T16:00:00+00:00,2023-06-25T19:00:00+00:00,7.232500076293945,7.901265621185303,6.029250144958496
3,AT,AKC,urban,2023-06-25T17:00:00+00:00,2023-06-25T20:00:00+00:00,8.130899429321289,7.53412389755249,5.6806488037109375
3,AT,AKC,urban,2023-06-25T18:00:00+00:00,2023-06-25T21:00:00+00:00,8.01309871673584,7.385440826416016,5.547900199890137
3,AT,AKC,urban,2023-06-25T19:00:00+00:00,2023-06-25T22:00:00+00:00,7.747000217437744,8.966874122619629,7.232500076293945
3,AT,AKC,urban,2023-06-25T20:00:00+00:00,2023-06-25T23:00:00+00:00,7.5632500648498535,9.611973762512207,8.130899429321289
3,AT,AKC,urban,2023-06-25T21:00:00+00:00,2023-06-26T00:00:00+00:00,6.971549034118652,9.395556449890137,8.01309871673584
3,AT,AKC,urban,2023-06-25T22:00:00+00:00,2023-06-26T01:00:00+00:00,6.770248889923096,9.108758926391602,7.747000217437744
3,AT,AKC,urban,2023-06-25T23:00:00+00:00,2023-06-26T02:00:00+00:00,6.442049026489258,8.975011825561523,7.5632500648498535
3,AT,AKC,urban,2023-06-26T00:00:00+00:00,2023-06-26T03:00:00+00:00,6.654200077056885,8.426451683044434,6.971549034118652
3,AT,AKC,urban,2023-06-26T01:00:00+00:00,2023-06-26T04:00:00+00:00,7.665248870849609,8.281176567077637,6.770248889923096
3,AT,AKC,urban,2023-06-26T02:00:00+00:00,2023-06-26T05:00:00+00:00,8.141249656677246,8.081701278686523,6.442049026489258
3,AT,AKC,urban,2023-06-26T03:00:00+00:00,2023-06-26T06:00:00+00:00,5.23075008392334,8.182174682617188,6.654200077056885
3,AT,AKC,urban,2023-06-26T04:00:00+00:00,2023-06-26T07:00:00+00:00,4.9361491203308105,8.333290100097656,7.665248870849609
3,AT,AKC,urban,2023-06-26T05:00:00+00:00,2023-06-26T08:00:00+00:00,5.022950172424316,7.95185661315918,8.141249656677246
3,AT,AKC,urban,2023-06-26T06:00:00+00:00,2023-06-26T09:00:00+00:00,5.138599872589111,5.427446365356445,5.23075008392334
3,AT,AKC,urban,2023-06-26T07:00:00+00:00,2023-06-26T10:00:00+00:00,4.76064920425415,5.310554027557373,4.9361491203308105
3,AT,AKC,urban,2023-06-26T08:00:00+00:00,2023-06-26T11:00:00+00:00,4.270698547363281,5.434787750244141,5.022950172424316
3,AT,AKC,urban,2023-06-26T09:00:00+00:00,2023-06-26T12:00:00+00:00,4.4457502365112305,5.4706292152404785,5.138599872589111
3,AT,AKC,urban,2023-06-26T10:00:00+00:00,2023-06-26T13:00:00+00:00,5.097449779510498,5.136392116546631,4.76064920425415
3,AT,AKC,urban,2023-06-26T11:00:00+00:00,2023-06-26T14:00:00+00:00,6.256350517272949,4.7208251953125,4.270698547363281
3,AT,AKC,urban,2023-06-26T12:00:00+00:00,2023-06-26T15:00:00+00:00,6.3968000411987305,4.904435634613037,4.4457502365112305
3,AT,AKC,urban,2023-06-26T13:00:00+00:00,2023-06-26T16:00:00+00:00,6.3007001876831055,5.594155311584473,5.097449779510498
3,AT,AKC,urban,2023-06-26T14:00:00+00:00,2023-06-26T17:00:00+00:00,6.401298999786377,6.727330684661865,6.256350517272949
3,AT,AKC,urban,2023-06-26T15:00:00+00:00,2023-06-26T18:00:00+00:00,6.677000522613525,7.049070358276367,6.3968000411987305
3,AT,AKC,urban,2023-06-26T16:00:00+00:00,2023-06-26T19:00:00+00:00,6.265850067138672,7.258346080780029,6.3007001876831055
3,AT,AKC,urban,2023-06-26T17:00:00+00:00,2023-06-26T20:00:00+00:00,6.543950080871582,7.837466239929199,6.401298999786377
3,AT,AKC,urban,2023-06-26T18:00:00+00:00,2023-06-26T21:00:00+00:00,6.644999980926514,8.174027442932129,6.677000522613525
3,AT,AKC,urban,2023-06-26T19:00:00+00:00,2023-06-26T22:00:00+00:00,7.767748832702637,7.334022521972656,6.265850067138672
3,AT,AKC,urban,2023-06-26T20:00:00+00:00,2023-06-26T23:00:00+00:00,8.721949577331543,7.1726179122924805,6.543950080871582
3,AT,AKC,urban,2023-06-26T21:00:00+00:00,2023-06-27T00:00:00+00:00,9.615650177001953,7.105442047119141,6.644999980926514
3,AT,AKC,urban,2023-06-26T22:00:00+00:00,2023-06-27T01:00:00+00:00,8.692500114440918,8.200788497924805,7.767748832702637
3,AT,AKC,urban,2023-06-26T23:00:00+00:00,2023-06-27T02:00:00+00:00,8.066800117492676,8.916528701782227,8.721949577331543
3,AT,AKC,urban,2023-06-27T00:00:00+00:00,2023-06-27T03:00:00+00:00,8.725198745727539,9.519396781921387,9.615650177001953
3,AT,AKC,urban,2023-06-27T01:00:00+00:00,2023-06-27T04:00:00+00:00,10.093549728393555,8.620786666870117,8.692500114440918
3,AT,AKC,urban,2023-06-27T02:00:00+00:00,2023-06-27T05:00:00+00:00,11.800000190734863,8.269429206848145,8.066800117492676
3,AT,AKC,urban,2023-06-27T03:00:00+00:00,2023-06-27T06:00:00+00:00,9.191048622131348,8.9396333694458,8.725198745727539
3,AT,AKC,urban,2023-06-27T04:00:00+00:00,2023-06-27T07:00:00+00:00,9.402000427246094,9.597101211547852,10.093549728393555
3,AT,AKC,urban,2023-06-27T05:00:00+00:00,2023-06-27T08:00:00+00:00,9.939299583435059,10.182863235473633,11.800000190734863
3,AT,AKC,urban,2023-06-27T06:00:00+00:00,2023-06-27T09:00:00+00:00,8.893098831176758,8.507991790771484,9.191048622131348
3,AT,AKC,urban,2023-06-27T07:00:00+00:00,2023-06-27T10:00:00+00:00,10.352749824523926,9.025171279907227,9.402000427246094
3,AT,AKC,urban,2023-06-27T08:00:00+00:00,2023-06-27T11:00:00+00:00,10.694499969482422,9.411683082580566,9.939299583435059
3,AT,AKC,urban,2023-06-27T09:00:00+00:00,2023-06-27T12:00:00+00:00,6.05859899520874,8.548663139343262,8.893098831176758
3,AT,AKC,urban,2023-06-27T10:00:00+00:00,2023-06-27T13:00:00+00:00,5.1020002365112305,9.397015571594238,10.352749824523926
3,AT,AKC,urban,2023-06-27T11:00:00+00:00,2023-06-27T14:00:00+00:00,5.41195011138916,9.173745155334473,10.694499969482422
3,AT,AKC,urban,2023-06-27T12:00:00+00:00,2023-06-27T15:00:00+00:00,4.572999000549316,5.558051586151123,6.05859899520874
3,AT,AKC,urban,2023-06-27T13:00:00+00:00,2023-06-27T16:00:00+00:00,3.8287487030029297,5.135839939117432,5.1020002365112305
3,AT,AKC,urban,2023-06-27T14:00:00+00:00,2023-06-27T17:00:00+00:00,3.670198440551758,5.658884525299072,5.41195011138916
3,AT,AKC,urban,2023-06-27T15:00:00+00:00,2023-06-27T18:00:00+00:00,4.370749473571777,4.972971439361572,4.572999000549316
3,AT,AKC,urban,2023-06-27T16:00:00+00:00,2023-06-27T19:00:00+00:00,4.218100547790527,4.413630485534668,3.8287487030029297
3,AT,AKC,urban,2023-06-27T17:00:00+00:00,2023-06-27T20:00:00+00:00,4.2021989822387695,4.51800012588501,3.670198440551758
3,AT,AKC,urban,2023-06-27T18:00:00+00:00,2023-06-27T21:00:00+00:00,4.103750228881836,5.254349231719971,4.370749473571777
3,AT,AKC,urban,2023-06-27T19:00:00+00:00,2023-06-27T22:00:00+00:00,3.5192489624023438,4.979011535644531,4.218100547790527
3,AT,AKC,urban,2023-06-27T20:00:00+00:00,2023-06-27T23:00:00+00:00,2.950349807739258,4.885786056518555,4.2021989822387695
3,AT,AKC,urban,2023-06-27T21:00:00+00:00,2023-06-28T00:00:00+00:00,2.864500045776367,4.712090492248535,4.103750228881836
3,AT,AKC,urban,2023-06-27T22:00:00+00:00,2023-06-28T01:00:00+00:00,2.7463502883911133,4.0794806480407715,3.5192489624023438
3,AT,AKC,urban,2023-06-27T23:00:00+00:00,2023-06-28T02:00:00+00:00,2.966249465942383,3.669705390930176,2.950349807739258
3,AT,AKC,urban,2023-06-28T00:00:00+00:00,2023-06-28T03:00:00+00:00,3.895549774169922,3.743022918701172,2.864500045776367
3,AT,AKC,urban,2023-06-28T01:00:00+00:00,2023-06-28T04:00:00+00:00,3.9253997802734375,3.716334342956543,2.7463502883911133
3,AT,AKC,urban,2023-06-28T02:00:00+00:00,2023-06-28T05:00:00+00:00,3.5012989044189453,3.957796096801758,2.966249465942383
3,AT,AKC,urban,2023-06-28T03:00:00+00:00,2023-06-28T06:00:00+00:00,3.4950485229492188,4.6600446701049805,3.895549774169922
3,AT,AKC,urban,2023-06-28T04:00:00+00:00,2023-06-28T07:00:00+00:00,4.979450225830078,4.463911056518555,3.9253997802734375
3,AT,AKC,urban,2023-06-28T05:00:00+00:00,2023-06-28T08:00:00+00:00,4.149600028991699,3.9657297134399414,3.5012989044189453
3,AT,AKC,urban,2023-06-28T06:00:00+00:00,2023-06-28T09:00:00+00:00,5.217548847198486,3.7641944885253906,3.4950485229492188
3,AT,AKC,urban,2023-06-28T07:00:00+00:00,2023-06-28T10:00:00+00:00,4.459249973297119,4.893934726715088,4.979450225830078
3,AT,AKC,urban,2023-06-28T08:00:00+00:00,2023-06-28T11:00:00+00:00,5.4245991706848145,4.261312007904053,4.149600028991699
3,AT,AKC,urban,2023-06-28T09:00:00+00:00,2023-06-28T12:00:00+00:00,4.990499019622803,5.247164726257324,5.217548847198486
3,AT,AKC,urban,2023-06-28T10:00:00+00:00,2023-06-28T13:00:00+00:00,4.181098461151123,4.591409683227539,4.459249973297119
3,AT,AKC,urban,2023-06-28T11:00:00+00:00,2023-06-28T14:00:00+00:00,3.8782501220703125,5.361144542694092,5.4245991706848145
3,AT,AKC,urban,2023-06-28T12:00:00+00:00,2023-06-28T15:00:00+00:00,4.074598789215088,5.13190221786499,4.990499019622803
3,AT,AKC,urban,2023-06-28T13:00:00+00:00,2023-06-28T16:00:00+00:00,3.6767988204956055,4.404023170471191,4.181098461151123
3,AT,AKC,urban,2023-06-28T14:00:00+00:00,2023-06-28T17:00:00+00:00,3.768448829650879,4.133335590362549,3.8782501220703125
3,AT,AKC,urban,2023-06-28T15:00:00+00:00,2023-06-28T18:00:00+00:00,3.985650062561035,4.38739013671875,4.074598789215088
3,AT,AKC,urban,2023-06-28T16:00:00+00:00,2023-06-28T19:00:00+00:00,4.340250015258789,4.112193584442139,3.6767988204956055
3,AT,AKC,urban,2023-06-28T17:00:00+00:00,2023-06-28T20:00:00+00:00,4.1981000900268555,4.271667957305908,3.768448829650879
3,AT,AKC,urban,2023-06-28T18:00:00+00:00,2023-06-28T21:00:00+00:00,5.001099109649658,4.611168384552002,3.985650062561035
3,AT,AKC,urban,2023-06-28T19:00:00+00:00,2023-06-28T22:00:00+00:00,5.509149074554443,4.849395275115967,4.340250015258789
3,AT,AKC,urban,2023-06-28T20:00:00+00:00,2023-06-28T23:00:00+00:00,5.0836501121521,4.732941150665283,4.1981000900268555
3,AT,AKC,urban,2023-06-28T21:00:00+00:00,2023-06-29T00:00:00+00:00,4.920300006866455,5.477932453155518,5.001099109649658
3,AT,AKC,urban,2023-06-28T22:00:00+00:00,2023-06-29T01:00:00+00:00,4.619898796081543,5.922264575958252,5.509149074554443
3,AT,AKC,urban,2023-06-28T23:00:00+00:00,2023-06-29T02:00:00+00:00,4.864099025726318,5.544718265533447,5.0836501121521
3,AT,AKC,urban,2023-06-29T00:00:00+00:00,2023-06-29T03:00:00+00:00,5.286999225616455,5.568896770477295,4.920300006866455
3,AT,AKC,urban,2023-06-29T01:00:00+00:00,2023-06-29T04:00:00+00:00,5.504398822784424,5.4754133224487305,4.619898796081543
3,AT,AKC,urban,2023-06-29T02:00:00+00:00,2023-06-29T05:00:00+00:00,5.890500068664551,5.788618087768555,4.864099025726318
3,AT,AKC,urban,2023-06-29T03:00:00+00:00,2023-06-29T06:00:00+00:00,5.041250228881836,6.037331581115723,5.286999225616455
3,AT,AKC,urban,2023-06-29T04:00:00+00:00,2023-06-29T07:00:00+00:00,4.647398948669434,6.117183685302734,5.504398822784424
3,AT,AKC,urban,2023-06-29T05:00:00+00:00,2023-06-29T08:00:00+00:00,4.179749011993408,6.07937479019165,5.890500068664551
3,AT,AKC,urban,2023-06-29T06:00:00+00:00,2023-06-29T09:00:00+00:00,4.353750228881836,5.187162399291992,5.041250228881836
3,AT,AKC,urban,2023-06-29T07:00:00+00:00,2023-06-29T10:00:00+00:00,4.229700565338135,4.736382484436035,4.647398948669434
3,AT,AKC,urban,2023-06-29T08:00:00+00:00,2023-06-29T11:00:00+00:00,4.117898941040039,4.298221111297607,4.179749011993408
3,AT,AKC,urban,2023-06-29T09:00:00+00:00,2023-06-29T12:00:00+00:00,4.48984956741333,4.437032222747803,4.353750228881836
3,AT,AKC,urban,2023-06-29T10:00:00+00:00,2023-06-29T13:00:00+00:00,4.152599811553955,4.403485298156738,4.229700565338135
3,AT,AKC,urban,2023-06-29T11:00:00+00:00,2023-06-29T14:00:00+00:00,3.800848960876465,4.373237133026123,4.117898941040039
3,AT,AKC,urban,2023-06-29T12:00:00+00:00,2023-06-29T15:00:00+00:00,4.044548988342285,4.757260799407959,4.48984956741333
3,AT,AKC,urban,2023-06-29T13:00:00+00:00,2023-06-29T16:00:00+00:00,4.927948951721191,4.5653252601623535,4.152599811553955
3,AT,AKC,urban,2023-06-29T14:00:00+00:00,2023-06-29T17:00:00+00:00,4.7431488037109375,4.490606784820557,3.800848960876465
3,AT,AKC,urban,2023-06-29T15:00:00+00:00,2023-06-29T18:00:00+00:00,4.828400135040283,4.744104862213135,4.044548988342285
3,AT,AKC,urban,2023-06-29T16:00:00+00:00,2023-06-29T19:00:00+00:00,5.655749797821045,5.643893718719482,4.927948951721191
3,AT,AKC,urban,2023-06-29T17:00:00+00:00,2023-06-29T20:00:00+00:00,6.267000198364258,5.616697788238525,4.7431488037109375
3,AT,AKC,urban,2023-06-29T18:00:00+00:00,2023-06-29T21:00:00+00:00,6.348849773406982,6.2063889503479,4.828400135040283
3,AT,AKC,urban,2023-06-29T19:00:00+00:00,2023-06-29T22:00:00+00:00,6.030300140380859,6.588385581970215,5.655749797821045
3,AT,AKC,urban,2023-06-29T20:00:00+00:00,2023-06-29T23:00:00+00:00,6.845499038696289,6.6741251945495605,6.267000198364258
3,AT,AKC,urban,2023-06-29T21:00:00+00:00,2023-06-30T00:00:00+00:00,7.102650165557861,6.490026950836182,6.348849773406982
3,AT,AKC,urban,2023-06-29T22:00:00+00:00,2023-06-30T01:00:00+00:00,8.177450180053711,6.355081081390381,6.030300140380859
3,AT,AKC,urban,2023-06-29T23:00:00+00:00,2023-06-30T02:00:00+00:00,9.574700355529785,7.277194499969482,6.845499038696289
3,AT,AKC,urban,2023-06-30T00:00:00+00:00,2023-06-30T03:00:00+00:00,9.017748832702637,7.7170538902282715,7.102650165557861
3,AT,AKC,urban,2023-06-30T01:00:00+00:00,2023-06-30T04:00:00+00:00,9.39319896697998,8.74675178527832,8.177450180053711
3,AT,AKC,urban,2023-06-30T02:00:00+00:00,2023-06-30T05:00:00+00:00,9.93970012664795,9.937097549438477,9.574700355529785
3,AT,AKC,urban,2023-06-30T03:00:00+00:00,2023-06-30T06:00:00+00:00,9.010350227355957,9.001474380493164,9.017748832702637
3,AT,AKC,urban,2023-06-30T04:00:00+00:00,2023-06-30T07:00:00+00:00,9.9316987991333,9.325693130493164,9.39319896697998
3,AT,AKC,urban,2023-06-30T05:00:00+00:00,2023-06-30T08:00:00+00:00,10.366000175476074,9.295509338378906,9.93970012664795
3,AT,AKC,urban,2023-06-30T06:00:00+00:00,2023-06-30T09:00:00+00:00,10.117899894714355,8.406478881835938,9.010350227355957
3,AT,AKC,urban,2023-06-30T07:00:00+00:00,2023-06-30T10:00:00+00:00,8.542149543762207,8.91561508178711,9.9316987991333
3,AT,AKC,urban,2023-06-30T08:00:00+00:00,2023-06-30T11:00:00+00:00,7.654150009155273,9.385916709899902,10.366000175476074
3,AT,AKC,urban,2023-06-30T09:00:00+00:00,2023-06-30T12:00:00+00:00,6.64639949798584,9.193256378173828,10.117899894714355
3,AT,AKC,urban,2023-06-30T10:00:00+00:00,2023-06-30T13:00:00+00:00,5.987998962402344,7.872890949249268,8.542149543762207
3,AT,AKC,urban,2023-06-30T11:00:00+00:00,2023-06-30T14:00:00+00:00,5.576700687408447,7.237111568450928,7.654150009155273
3,AT,AKC,urban,2023-06-30T12:00:00+00:00,2023-06-30T15:00:00+00:00,6.13724946975708,6.494620323181152,6.64639949798584
3,AT,AKC,urban,2023-06-30T13:00:00+00:00,2023-06-30T16:00:00+00:00,6.361099720001221,6.119088649749756,5.987998962402344
3,AT,AKC,urban,2023-06-30T14:00:00+00:00,2023-06-30T17:00:00+00:00,8.952099800109863,6.083325386047363,5.576700687408447
3,AT,AKC,urban,2023-06-30T15:00:00+00:00,2023-06-30T18:00:00+00:00,6.1347503662109375,6.7671990394592285,6.13724946975708
3,AT,AKC,urban,2023-06-30T16:00:00+00:00,2023-06-30T19:00:00+00:00,7.521550178527832,7.010870933532715,6.361099720001221
3,AT,AKC,urban,2023-06-30T17:00:00+00:00,2023-06-30T20:00:00+00:00,9.543549537658691,9.152616500854492,8.952099800109863
3,AT,AKC,urban,2023-06-30T18:00:00+00:00,2023-06-30T21:00:00+00:00,10.185999870300293,6.3516106605529785,6.1347503662109375
3,AT,AKC,urban,2023-07-08T05:00:00+00:00,2023-07-08T08:00:00+00:00,6.942648887634277,8.027047157287598,9.102648735046387
3,AT,AKC,urban,2023-07-08T06:00:00+00:00,2023-07-08T09:00:00+00:00,5.963048934936523,7.1883931159973145,8.300699234008789
3,AT,AKC,urban,2023-07-08T07:00:00+00:00,2023-07-08T10:00:00+00:00,5.5495500564575195,6.8883280754089355,7.84614896774292
3,AT,AKC,urban,2023-07-08T08:00:00+00:00,2023-07-08T11:00:00+00:00,5.246600151062012,6.304479598999023,6.942648887634277
3,AT,AKC,urban,2023-07-08T09:00:00+00:00,2023-07-08T12:00:00+00:00,4.654798984527588,5.632077693939209,5.963048934936523
3,AT,AKC,urban,2023-07-08T10:00:00+00:00,2023-07-08T13:00:00+00:00,4.581748962402344,5.399239540100098,5.5495500564575195
3,AT,AKC,urban,2023-07-08T11:00:00+00:00,2023-07-08T14:00:00+00:00,4.528149127960205,5.231917858123779,5.246600151062012
3,AT,AKC,urban,2023-07-08T12:00:00+00:00,2023-07-08T15:00:00+00:00,4.734200477600098,4.92119836807251,4.654798984527588
3,AT,AKC,urban,2023-07-08T13:00:00+00:00,2023-07-08T16:00:00+00:00,4.852200031280518,5.1428914070129395,4.581748962402344
3,AT,AKC,urban,2023-07-08T14:00:00+00:00,2023-07-08T17:00:00+00:00,4.8231000900268555,5.380463600158691,4.528149127960205
3,AT,AKC,urban,2023-07-08T15:00:00+00:00,2023-07-08T18:00:00+00:00,5.131350040435791,6.179309844970703,4.734200477600098
3,AT,AKC,urban,2023-07-08T16:00:00+00:00,2023-07-08T19:00:00+00:00,6.072050094604492,6.513420104980469,4.852200031280518
3,AT,AKC,urban,2023-07-08T17:00:00+00:00,2023-07-08T20:00:00+00:00,7.186049938201904,6.562896251678467,4.8231000900268555
3,AT,AKC,urban,2023-07-08T18:00:00+00:00,2023-07-08T21:00:00+00:00,8.352299690246582,6.669474124908447,5.131350040435791
3,AT,AKC,urban,2023-07-08T19:00:00+00:00,2023-07-08T22:00:00+00:00,8.567448616027832,7.601943492889404,6.072050094604492
3,AT,AKC,urban,2023-07-08T20:00:00+00:00,2023-07-08T23:00:00+00:00,8.412798881530762,8.591451644897461,7.186049938201904
3,AT,AKC,urban,2023-07-08T21:00:00+00:00,2023-07-09T00:00:00+00:00,8.311800003051758,9.259038925170898,8.352299690246582
3,AT,AKC,urban,2023-07-08T22:00:00+00:00,2023-07-09T01:00:00+00:00,7.967148780822754,9.157437324523926,8.567448616027832
3,AT,AKC,urban,2023-07-08T23:00:00+00:00,2023-07-09T02:00:00+00:00,8.392950057983398,8.958105087280273,8.412798881530762
3,AT,AKC,urban,2023-07-09T00:00:00+00:00,2023-07-09T03:00:00+00:00,8.860400199890137,9.25477123260498,8.311800003051758
3,AT,AKC,urban,2023-07-09T01:00:00+00:00,2023-07-09T04:00:00+00:00,9.034449577331543,8.763115882873535,7.967148780822754
3,AT,AKC,urban,2023-07-09T02:00:00+00:00,2023-07-09T05:00:00+00:00,9.046549797058105,9.572568893432617,8.392950057983398
3,AT,AKC,urban,2023-07-09T03:00:00+00:00,2023-07-09T06:00:00+00:00,8.151000022888184,10.02259349822998,8.860400199890137
3,AT,AKC,urban,2023-07-09T04:00:00+00:00,2023-07-09T07:00:00+00:00,7.967649936676025,9.28274154663086,9.034449577331543
3,AT,AKC,urban,2023-07-09T05:00:00+00:00,2023-07-09T08:00:00+00:00,7.438049793243408,8.563305854797363,9.046549797058105
3,AT,AKC,urban,2023-07-09T06:00:00+00:00,2023-07-09T09:00:00+00:00,6.1890997886657715,7.4293012619018555,8.151000022888184
3,AT,AKC,urban,2023-07-09T07:00:00+00:00,2023-07-09T10:00:00+00:00,6.331748962402344,7.1540751457214355,7.967649936676025
3,AT,AKC,urban,2023-07-09T08:00:00+00:00,2023-07-09T11:00:00+00:00,5.9898505210876465,6.860279083251953,7.438049793243408
3,AT,AKC,urban,2023-07-09T09:00:00+00:00,2023-07-09T12:00:00+00:00,4.336050033569336,5.823137283325195,6.1890997886657715
3,AT,AKC,urban,2023-07-09T10:00:00+00:00,2023-07-09T13:00:00+00:00,4.311698913574219,6.096528053283691,6.331748962402344
3,AT,AKC,urban,2023-07-09T11:00:00+00:00,2023-07-09T14:00:00+00:00,4.833799362182617,5.905818462371826,5.9898505210876465
3,AT,AKC,urban,2023-07-09T12:00:00+00:00,2023-07-09T15:00:00+00:00,5.297749042510986,4.648972988128662,4.336050033569336
3,AT,AKC,urban,2023-07-09T13:00:00+00:00,2023-07-09T16:00:00+00:00,5.554200172424316,4.852084636688232,4.311698913574219
3,AT,AKC,urban,2023-07-09T14:00:00+00:00,2023-07-09T17:00:00+00:00,5.824599742889404,5.596142292022705,4.833799362182617
3,AT,AKC,urban,2023-07-09T15:00:00+00:00,2023-07-09T18:00:00+00:00,6.610400199890137,6.418666839599609,5.297749042510986
3,AT,AKC,urban,2023-07-09T16:00:00+00:00,2023-07-09T19:00:00+00:00,9.359748840332031,7.430995464324951,5.554200172424316
3,AT,AKC,urban,2023-07-09T17:00:00+00:00,2023-07-09T20:00:00+00:00,9.605448722839355,7.622897624969482,5.824599742889404
3,AT,AKC,urban,2023-07-09T18:00:00+00:00,2023-07-09T21:00:00+00:00,9.983248710632324,8.51872730255127,6.610400199890137
3,AT,AKC,urban,2023-07-09T19:00:00+00:00,2023-07-09T22:00:00+00:00,9.702850341796875,10.19762897491455,9.359748840332031
3,AT,AKC,urban,2023-07-09T20:00:00+00:00,2023-07-09T23:00:00+00:00,10.09850025177002,10.091180801391602,9.605448722839355
3,AT,AKC,urban,2023-07-09T21:00:00+00:00,2023-07-10T00:00:00+00:00,10.234000205993652,10.33969783782959,9.983248710632324
3,AT,AKC,urban,2023-07-09T22:00:00+00:00,2023-07-10T01:00:00+00:00,11.821499824523926,10.105986595153809,9.702850341796875
3,AT,AKC,urban,2023-07-09T23:00:00+00:00,2023-07-10T02:00:00+00:00,12.231499671936035,10.653606414794922,10.09850025177002
3,AT,AKC,urban,2023-07-10T00:00:00+00:00,2023-07-10T03:00:00+00:00,12.200499534606934,10.906661033630371,10.234000205993652
3,AT,AKC,urban,2023-07-10T01:00:00+00:00,2023-07-10T04:00:00+00:00,11.907999992370605,13.2724027633667,11.821499824523926
3,AT,AKC,urban,2023-07-10T02:00:00+00:00,2023-07-10T05:00:00+00:00,12.092000007629395,13.22205638885498,12.231499671936035
3,AT,AKC,urban,2023-07-10T03:00:00+00:00,2023-07-10T06:00:00+00:00,11.656999588012695,12.361743927001953,12.200499534606934
3,AT,AKC,urban,2023-07-10T04:00:00+00:00,2023-07-10T07:00:00+00:00,10.367899894714355,11.127349853515625,11.907999992370605
3,AT,AKC,urban,2023-07-10T05:00:00+00:00,2023-07-10T08:00:00+00:00,7.830149173736572,10.677717208862305,12.092000007629395
3,AT,AKC,urban,2023-07-10T06:00:00+00:00,2023-07-10T09:00:00+00:00,6.954850196838379,9.857747077941895,11.656999588012695
3,AT,AKC,urban,2023-07-10T07:00:00+00:00,2023-07-10T10:00:00+00:00,7.640549182891846,9.057759284973145,10.367899894714355
3,AT,AKC,urban,2023-07-10T08:00:00+00:00,2023-07-10T11:00:00+00:00,8.788249015808105,7.08804178237915,7.830149173736572
3,AT,AKC,urban,2023-07-10T09:00:00+00:00,2023-07-10T12:00:00+00:00,8.5243501663208,6.825014114379883,6.954850196838379
3,AT,AKC,urban,2023-07-10T10:00:00+00:00,2023-07-10T13:00:00+00:00,11.072850227355957,7.549405574798584,7.640549182891846
3,AT,AKC,urban,2023-07-10T11:00:00+00:00,2023-07-10T14:00:00+00:00,12.954000473022461,8.225844383239746,8.788249015808105
3,AT,AKC,urban,2023-07-10T12:00:00+00:00,2023-07-10T15:00:00+00:00,10.432999610900879,8.42232608795166,8.5243501663208
3,AT,AKC,urban,2023-07-10T13:00:00+00:00,2023-07-10T16:00:00+00:00,9.975648880004883,9.52910327911377,11.072850227355957
3,AT,AKC,urban,2023-07-10T14:00:00+00:00,2023-07-10T17:00:00+00:00,10.077750205993652,11.611750602722168,12.954000473022461
3,AT,AKC,urban,2023-07-10T15:00:00+00:00,2023-07-10T18:00:00+00:00,11.401000022888184,10.261853218078613,10.432999610900879
3,AT,AKC,urban,2023-07-10T16:00:00+00:00,2023-07-10T19:00:00+00:00,12.618499755859375,9.944502830505371,9.975648880004883
3,AT,AKC,urban,2023-07-10T17:00:00+00:00,2023-07-10T20:00:00+00:00,13.090999603271484,10.4620943069458,10.077750205993652
3,AT,AKC,urban,2023-07-10T18:00:00+00:00,2023-07-10T21:00:00+00:00,11.728500366210938,10.96500015258789,11.401000022888184
3,AT,AKC,urban,2023-07-10T19:00:00+00:00,2023-07-10T22:00:00+00:00,9.432950019836426,11.77234935760498,12.618499755859375
3,AT,AKC,urban,2023-07-10T20:00:00+00:00,2023-07-10T23:00:00+00:00,9.717248916625977,12.223187446594238,13.090999603271484
3,AT,AKC,urban,2023-07-10T21:00:00+00:00,2023-07-11T00:00:00+00:00,10.87399959564209,11.036500930786133,11.728500366210938
3,AT,AKC,urban,2023-07-10T22:00:00+00:00,2023-07-11T01:00:00+00:00,11.826499938964844,9.25948429107666,9.432950019836426
3,AT,AKC,urban,2023-07-10T23:00:00+00:00,2023-07-11T02:00:00+00:00,12.232999801635742,9.734214782714844,9.717248916625977
3,AT,AKC,urban,2023-07-11T00:00:00+00:00,2023-07-11T03:00:00+00:00,12.17300033569336,10.922660827636719,10.87399959564209
3,AT,AKC,urban,2023-07-11T01:00:00+00:00,2023-07-11T04:00:00+00:00,11.451499938964844,12.032103538513184,11.826499938964844
3,AT,AKC,urban,2023-07-11T02:00:00+00:00,2023-07-11T05:00:00+00:00,9.952850341796875,12.814726829528809,12.232999801635742
3,AT,AKC,urban,2023-07-11T03:00:00+00:00,2023-07-11T06:00:00+00:00,7.873350143432617,12.43687629699707,12.17300033569336
3,AT,AKC,urban,2023-07-11T04:00:00+00:00,2023-07-11T07:00:00+00:00,7.852250099182129,11.143961906433105,11.451499938964844
3,AT,AKC,urban,2023-07-11T05:00:00+00:00,2023-07-11T08:00:00+00:00,7.219998836517334,9.406506538391113,9.952850341796875
3,AT,AKC,urban,2023-07-11T06:00:00+00:00,2023-07-11T09:00:00+00:00,7.217450141906738,7.726102352142334,7.873350143432617
3,AT,AKC,urban,2023-07-11T07:00:00+00:00,2023-07-11T10:00:00+00:00,7.188899040222168,7.815349102020264,7.852250099182129
3,AT,AKC,urban,2023-07-11T08:00:00+00:00,2023-07-11T11:00:00+00:00,7.882450103759766,7.379655838012695,7.219998836517334
3,AT,AKC,urban,2023-07-11T09:00:00+00:00,2023-07-11T12:00:00+00:00,7.61644983291626,7.525474548339844,7.217450141906738
3,AT,AKC,urban,2023-07-11T10:00:00+00:00,2023-07-11T13:00:00+00:00,8.293100357055664,7.466780662536621,7.188899040222168
3,AT,AKC,urban,2023-07-11T11:00:00+00:00,2023-07-11T14:00:00+00:00,9.313749313354492,8.007970809936523,7.882450103759766
3,AT,AKC,urban,2023-07-11T12:00:00+00:00,2023-07-11T15:00:00+00:00,9.308650016784668,7.911252498626709,7.61644983291626
3,AT,AKC,urban,2023-07-11T13:00:00+00:00,2023-07-11T16:00:00+00:00,9.756950378417969,8.437858581542969,8.293100357055664
3,AT,AKC,urban,2023-07-11T14:00:00+00:00,2023-07-11T17:00:00+00:00,10.227999687194824,9.255598068237305,9.313749313354492
3,AT,AKC,urban,2023-07-11T15:00:00+00:00,2023-07-11T18:00:00+00:00,10.616499900817871,9.691217422485352,9.308650016784668
3,AT,AKC,urban,2023-07-11T16:00:00+00:00,2023-07-11T19:00:00+00:00,10.864500045776367,10.522327423095703,9.756950378417969
3,AT,AKC,urban,2023-07-11T17:00:00+00:00,2023-07-11T20:00:00+00:00,11.382499694824219,11.11568546295166,10.227999687194824
3,AT,AKC,urban,2023-07-11T18:00:00+00:00,2023-07-11T21:00:00+00:00,11.02299976348877,11.612357139587402,10.616499900817871
3,AT,AKC,urban,2023-07-11T19:00:00+00:00,2023-07-11T22:00:00+00:00,11.277000427246094,11.779265403747559,10.864500045776367
3,AT,AKC,urban,2023-07-11T20:00:00+00:00,2023-07-11T23:00:00+00:00,11.642999649047852,12.0181884765625,11.382499694824219
3,AT,AKC,urban,2023-07-11T21:00:00+00:00,2023-07-12T00:00:00+00:00,12.315500259399414,11.600411415100098,11.02299976348877
3,AT,AKC,urban,2023-07-11T22:00:00+00:00,2023-07-12T01:00:00+00:00,15.695500373840332,12.046784400939941,11.277000427246094
3,AT,AKC,urban,2023-07-11T23:00:00+00:00,2023-07-12T02:00:00+00:00,11.70324993133545,12.801274299621582,11.642999649047852
3,AT,AKC,urban,2023-07-12T00:00:00+00:00,2023-07-12T03:00:00+00:00,4.8333001136779785,13.846800804138184,12.315500259399414
3,AT,AKC,urban,2023-07-12T01:00:00+00:00,2023-07-12T04:00:00+00:00,3.7108497619628906,16.539533615112305,15.695500373840332
3,AT,AKC,urban,2023-07-12T02:00:00+00:00,2023-07-12T05:00:00+00:00,4.294250011444092,11.324496269226074,11.70324993133545
3,AT,AKC,urban,2023-07-12T03:00:00+00:00,2023-07-12T06:00:00+00:00,4.829349040985107,5.680840492248535,4.8333001136779785
3,AT,AKC,urban,2023-07-12T04:00:00+00:00,2023-07-12T07:00:00+00:00,5.3892998695373535,4.406979084014893,3.7108497619628906
3,AT,AKC,urban,2023-07-12T05:00:00+00:00,2023-07-12T08:00:00+00:00,6.032598495483398,4.81973934173584,4.294250011444092
3,AT,AKC,urban,2023-07-12T06:00:00+00:00,2023-07-12T09:00:00+00:00,6.7701497077941895,5.5823235511779785,4.829349040985107
3,AT,AKC,urban,2023-07-12T07:00:00+00:00,2023-07-12T10:00:00+00:00,5.6717000007629395,6.055861949920654,5.3892998695373535
3,AT,AKC,urban,2023-07-12T08:00:00+00:00,2023-07-12T11:00:00+00:00,4.734899044036865,6.541378974914551,6.032598495483398
3,AT,AKC,urban,2023-07-12T09:00:00+00:00,2023-07-12T12:00:00+00:00,6.019100189208984,7.0339436531066895,6.7701497077941895
3,AT,AKC,urban,2023-07-12T10:00:00+00:00,2023-07-12T13:00:00+00:00,6.163399696350098,6.223662853240967,5.6717000007629395
3,AT,AKC,urban,2023-07-12T11:00:00+00:00,2023-07-12T14:00:00+00:00,7.113500118255615,5.44259786605835,4.734899044036865
3,AT,AKC,urban,2023-07-12T12:00:00+00:00,2023-07-12T15:00:00+00:00,6.0355000495910645,6.37004280090332,6.019100189208984
3,AT,AKC,urban,2023-07-12T13:00:00+00:00,2023-07-12T16:00:00+00:00,5.36959981918335,6.482273101806641,6.163399696350098
3,AT,AKC,urban,2023-07-12T14:00:00+00:00,2023-07-12T17:00:00+00:00,3.74530029296875,7.303956508636475,7.113500118255615
3,AT,AKC,urban,2023-07-12T15:00:00+00:00,2023-07-12T18:00:00+00:00,4.247650146484375,6.654707431793213,6.0355000495910645
3,AT,AKC,urban,2023-07-12T16:00:00+00:00,2023-07-12T19:00:00+00:00,5.710649013519287,6.211389541625977,5.36959981918335
3,AT,AKC,urban,2023-07-12T17:00:00+00:00,2023-07-12T20:00:00+00:00,6.92949914932251,4.71149206161499,3.74530029296875
3,AT,AKC,urban,2023-07-12T18:00:00+00:00,2023-07-12T21:00:00+00:00,3.5021495819091797,5.317084312438965,4.247650146484375
3,AT,AKC,urban,2023-07-12T19:00:00+00:00,2023-07-12T22:00:00+00:00,3.2076492309570312,6.360843181610107,5.710649013519287
3,AT,AKC,urban,2023-07-12T20:00:00+00:00,2023-07-12T23:00:00+00:00,3.7262487411499023,7.048295021057129,6.92949914932251
3,AT,AKC,urban,2023-07-12T21:00:00+00:00,2023-07-13T00:00:00+00:00,3.3449487686157227,3.52459716796875,3.5021495819091797
3,AT,AKC,urban,2023-07-12T22:00:00+00:00,2023-07-13T01:00:00+00:00,2.8224992752075195,3.500791549682617,3.2076492309570312
3,AT,AKC,urban,2023-07-12T23:00:00+00:00,2023-07-13T02:00:00+00:00,3.387148857116699,4.402970790863037,3.7262487411499023
3,AT,AKC,urban,2023-07-13T00:00:00+00:00,2023-07-13T03:00:00+00:00,3.8110485076904297,4.238023281097412,3.3449487686157227
3,AT,AKC,urban,2023-07-13T01:00:00+00:00,2023-07-13T04:00:00+00:00,3.822948455810547,3.7631263732910156,2.8224992752075195
3,AT,AKC,urban,2023-07-13T02:00:00+00:00,2023-07-13T05:00:00+00:00,3.025798797607422,4.313669204711914,3.387148857116699
3,AT,AKC,urban,2023-07-13T03:00:00+00:00,2023-07-13T06:00:00+00:00,3.670498847961426,4.406692981719971,3.8110485076904297
3,AT,AKC,urban,2023-07-13T04:00:00+00:00,2023-07-13T07:00:00+00:00,2.9972496032714844,4.468015193939209,3.822948455810547
3,AT,AKC,urban,2023-07-13T05:00:00+00:00,2023-07-13T08:00:00+00:00,4.029199600219727,3.72902774810791,3.025798797607422
3,AT,AKC,urban,2023-07-13T06:00:00+00:00,2023-07-13T09:00:00+00:00,5.938849449157715,4.143212795257568,3.670498847961426
3,AT,AKC,urban,2023-07-13T07:00:00+00:00,2023-07-13T10:00:00+00:00,5.986598491668701,3.386720657348633,2.9972496032714844
3,AT,AKC,urban,2023-07-13T08:00:00+00:00,2023-07-13T11:00:00+00:00,6.388350009918213,4.246454238891602,4.029199600219727
3,AT,AKC,urban,2023-07-13T09:00:00+00:00,2023-07-13T12:00:00+00:00,5.856698989868164,5.939697265625,5.938849449157715
3,AT,AKC,urban,2023-07-13T10:00:00+00:00,2023-07-13T13:00:00+00:00,6.917200088500977,6.070154666900635,5.986598491668701
3,AT,AKC,urban,2023-07-13T11:00:00+00:00,2023-07-13T14:00:00+00:00,6.617249011993408,6.469956398010254,6.388350009918213
3,AT,AKC,urban,2023-07-13T12:00:00+00:00,2023-07-13T15:00:00+00:00,6.183448791503906,6.003723621368408,5.856698989868164
3,AT,AKC,urban,2023-07-13T13:00:00+00:00,2023-07-13T16:00:00+00:00,5.788498878479004,6.98876953125,6.917200088500977
3,AT,AKC,urban,2023-07-13T14:00:00+00:00,2023-07-13T17:00:00+00:00,5.228199005126953,6.689181804656982,6.617249011993408
3,AT,AKC,urban,2023-07-13T15:00:00+00:00,2023-07-13T18:00:00+00:00,4.475399017333984,6.467431545257568,6.183448791503906
3,AT,AKC,urban,2023-07-13T16:00:00+00:00,2023-07-13T19:00:00+00:00,4.604700088500977,6.158935546875,5.788498878479004
3,AT,AKC,urban,2023-07-13T17:00:00+00:00,2023-07-13T20:00:00+00:00,4.60890007019043,5.62180233001709,5.228199005126953
3,AT,AKC,urban,2023-07-13T18:00:00+00:00,2023-07-13T21:00:00+00:00,4.338850021362305,4.830593585968018,4.475399017333984
3,AT,AKC,urban,2023-07-13T19:00:00+00:00,2023-07-13T22:00:00+00:00,4.210750102996826,4.84951114654541,4.604700088500977
3,AT,AKC,urban,2023-07-13T20:00:00+00:00,2023-07-13T23:00:00+00:00,5.733150005340576,4.785561561584473,4.60890007019043
3,AT,AKC,urban,2023-07-13T21:00:00+00:00,2023-07-14T00:00:00+00:00,4.125948905944824,4.468977451324463,4.338850021362305
3,AT,AKC,urban,2023-07-13T22:00:00+00:00,2023-07-14T01:00:00+00:00,4.5424485206604,4.3344831466674805,4.210750102996826
3,AT,AKC,urban,2023-07-13T23:00:00+00:00,2023-07-14T02:00:00+00:00,4.665749549865723,5.854366779327393,5.733150005340576
3,AT,AKC,urban,2023-07-14T00:00:00+00:00,2023-07-14T03:00:00+00:00,5.130000114440918,4.368959426879883,4.125948905944824
3,AT,AKC,urban,2023-07-14T01:00:00+00:00,2023-07-14T04:00:00+00:00,6.11069917678833,5.031263828277588,4.5424485206604
3,AT,AKC,urban,2023-07-14T02:00:00+00:00,2023-07-14T05:00:00+00:00,5.3694000244140625,5.3527302742004395,4.665749549865723
3,AT,AKC,urban,2023-07-14T03:00:00+00:00,2023-07-14T06:00:00+00:00,4.892350196838379,5.702882289886475,5.130000114440918
3,AT,AKC,urban,2023-07-14T04:00:00+00:00,2023-07-14T07:00:00+00:00,4.594449043273926,6.523011684417725,6.11069917678833
3,AT,AKC,urban,2023-07-14T05:00:00+00:00,2023-07-14T08:00:00+00:00,4.521248817443848,5.640302658081055,5.3694000244140625
3,AT,AKC,urban,2023-07-14T06:00:00+00:00,2023-07-14T09:00:00+00:00,4.4620490074157715,5.041378498077393,4.892350196838379
3,AT,AKC,urban,2023-07-14T07:00:00+00:00,2023-07-14T10:00:00+00:00,3.804149627685547,4.789290428161621,4.594449043273926
3,AT,AKC,urban,2023-07-14T08:00:00+00:00,2023-07-14T11:00:00+00:00,3.416049003601074,4.741898536682129,4.521248817443848
3,AT,AKC,urban,2023-07-14T09:00:00+00:00,2023-07-14T12:00:00+00:00,3.480648994445801,4.619926929473877,4.4620490074157715
3,AT,AKC,urban,2023-07-14T10:00:00+00:00,2023-07-14T13:00:00+00:00,3.99484920501709,4.015655517578125,3.804149627685547
3,AT,AKC,urban,2023-07-14T11:00:00+00:00,2023-07-14T14:00:00+00:00,4.165298938751221,3.7549819946289062,3.416049003601074
3,AT,AKC,urban,2023-07-14T12:00:00+00:00,2023-07-14T15:00:00+00:00,4.10754919052124,3.925365447998047,3.480648994445801
3,AT,AKC,urban,2023-07-14T13:00:00+00:00,2023-07-14T16:00:00+00:00,4.3655500411987305,4.41240119934082,3.99484920501709
3,AT,AKC,urban,2023-07-14T14:00:00+00:00,2023-07-14T17:00:00+00:00,4.620348930358887,4.725276947021484,4.165298938751221
3,AT,AKC,urban,2023-07-14T15:00:00+00:00,2023-07-14T18:00:00+00:00,5.12769889831543,5.033173561096191,4.10754919052124
3,AT,AKC,urban,2023-07-14T16:00:00+00:00,2023-07-14T19:00:00+00:00,5.026998996734619,5.7830376625061035,4.3655500411987305
3,AT,AKC,urban,2023-07-14T17:00:00+00:00,2023-07-14T20:00:00+00:00,5.285099029541016,6.053047180175781,4.620348930358887
3,AT,AKC,urban,2023-07-14T18:00:00+00:00,2023-07-14T21:00:00+00:00,5.378699779510498,6.252292633056641,5.12769889831543
3,AT,AKC,urban,2023-07-14T19:00:00+00:00,2023-07-14T22:00:00+00:00,5.320498943328857,5.55794095993042,5.026998996734619
3,AT,AKC,urban,2023-07-14T20:00:00+00:00,2023-07-14T23:00:00+00:00,5.604800224304199,5.599714756011963,5.285099029541016
3,AT,AKC,urban,2023-07-14T21:00:00+00:00,2023-07-15T00:00:00+00:00,6.0802001953125,5.7187347412109375,5.378699779510498
3,AT,AKC,urban,2023-07-14T22:00:00+00:00,2023-07-15T01:00:00+00:00,6.799300193786621,5.734512805938721,5.320498943328857
3,AT,AKC,urban,2023-07-14T23:00:00+00:00,2023-07-15T02:00:00+00:00,7.630799770355225,6.119899272918701,5.604800224304199
3,AT,AKC,urban,2023-07-15T00:00:00+00:00,2023-07-15T03:00:00+00:00,8.693900108337402,6.755040645599365,6.0802001953125
3,AT,AKC,urban,2023-07-15T01:00:00+00:00,2023-07-15T04:00:00+00:00,7.954400062561035,7.608524322509766,6.799300193786621
3,AT,AKC,urban,2023-07-15T02:00:00+00:00,2023-07-15T05:00:00+00:00,8.265748977661133,8.365720748901367,7.630799770355225
3,AT,AKC,urban,2023-07-15T03:00:00+00:00,2023-07-15T06:00:00+00:00,6.926548957824707,8.910016059875488,8.693900108337402
3,AT,AKC,urban,2023-07-15T04:00:00+00:00,2023-07-15T07:00:00+00:00,6.495299816131592,7.74782657623291,7.954400062561035
3,AT,AKC,urban,2023-07-15T05:00:00+00:00,2023-07-15T08:00:00+00:00,6.770898818969727,7.709683895111084,8.265748977661133
3,AT,AKC,urban,2023-07-15T06:00:00+00:00,2023-07-15T09:00:00+00:00,6.772550106048584,6.410462856292725,6.926548957824707
3,AT,AKC,urban,2023-07-15T07:00:00+00:00,2023-07-15T10:00:00+00:00,5.8308000564575195,6.0180768966674805,6.495299816131592
3,AT,AKC,urban,2023-07-15T08:00:00+00:00,2023-07-15T11:00:00+00:00,5.083799839019775,6.422461032867432,6.770898818969727
3,AT,AKC,urban,2023-07-15T09:00:00+00:00,2023-07-15T12:00:00+00:00,4.52264928817749,6.4971113204956055,6.772550106048584
3,AT,AKC,urban,2023-07-15T10:00:00+00:00,2023-07-15T13:00:00+00:00,4.694600582122803,5.710608005523682,5.8308000564575195
3,AT,AKC,urban,2023-07-15T11:00:00+00:00,2023-07-15T14:00:00+00:00,4.822548866271973,5.207892417907715,5.083799839019775
3,AT,AKC,urban,2023-07-15T12:00:00+00:00,2023-07-15T15:00:00+00:00,4.775400161743164,4.917853355407715,4.52264928817749
3,AT,AKC,urban,2023-07-15T13:00:00+00:00,2023-07-15T16:00:00+00:00,5.178648948669434,5.201375484466553,4.694600582122803
3,AT,AKC,urban,2023-07-15T14:00:00+00:00,2023-07-15T17:00:00+00:00,5.195300102233887,5.4185051918029785,4.822548866271973
3,AT,AKC,urban,2023-07-15T15:00:00+00:00,2023-07-15T18:00:00+00:00,5.868948936462402,5.474550724029541,4.775400161743164
3,AT,AKC,urban,2023-07-15T16:00:00+00:00,2023-07-15T19:00:00+00:00,6.630498886108398,5.911856651306152,5.178648948669434
3,AT,AKC,urban,2023-07-15T17:00:00+00:00,2023-07-15T20:00:00+00:00,6.871349811553955,5.9270100593566895,5.195300102233887
3,AT,AKC,urban,2023-07-15T18:00:00+00:00,2023-07-15T21:00:00+00:00,7.125800132751465,6.37799072265625,5.868948936462402
3,AT,AKC,urban,2023-07-15T19:00:00+00:00,2023-07-15T22:00:00+00:00,7.208398818969727,6.917972564697266,6.630498886108398
3,AT,AKC,urban,2023-07-15T20:00:00+00:00,2023-07-15T23:00:00+00:00,7.396900177001953,7.05653715133667,6.871349811553955
3,AT,AKC,urban,2023-07-15T21:00:00+00:00,2023-07-16T00:00:00+00:00,7.562150001525879,7.282102108001709,7.125800132751465
3,AT,AKC,urban,2023-07-15T22:00:00+00:00,2023-07-16T01:00:00+00:00,7.943799018859863,7.508942604064941,7.208398818969727
3,AT,AKC,urban,2023-07-15T23:00:00+00:00,2023-07-16T02:00:00+00:00,8.232149124145508,7.771683692932129,7.396900177001953
3,AT,AKC,urban,2023-07-16T00:00:00+00:00,2023-07-16T03:00:00+00:00,9.58224868774414,7.981022357940674,7.562150001525879
3,AT,AKC,urban,2023-07-16T01:00:00+00:00,2023-07-16T04:00:00+00:00,9.881999015808105,8.45373249053955,7.943799018859863
3,AT,AKC,urban,2023-07-16T02:00:00+00:00,2023-07-16T05:00:00+00:00,8.883699417114258,8.674713134765625,8.232149124145508
3,AT,AKC,urban,2023-07-16T03:00:00+00:00,2023-07-16T06:00:00+00:00,8.61775016784668,9.485427856445312,9.58224868774414
3,AT,AKC,urban,2023-07-16T04:00:00+00:00,2023-07-16T07:00:00+00:00,6.861248970031738,9.389713287353516,9.881999015808105
3,AT,AKC,urban,2023-07-16T05:00:00+00:00,2023-07-16T08:00:00+00:00,4.925498962402344,8.366929054260254,8.883699417114258
3,AT,AKC,urban,2023-07-16T06:00:00+00:00,2023-07-16T09:00:00+00:00,4.677749156951904,8.010684967041016,8.61775016784668
3,AT,AKC,urban,2023-07-16T07:00:00+00:00,2023-07-16T10:00:00+00:00,4.336850166320801,6.341803073883057,6.861248970031738
3,AT,AKC,urban,2023-07-16T08:00:00+00:00,2023-07-16T11:00:00+00:00,4.16855001449585,4.7736496925354,4.925498962402344
3,AT,AKC,urban,2023-07-16T09:00:00+00:00,2023-07-16T12:00:00+00:00,4.06519889831543,4.7553606033325195,4.677749156951904
3,AT,AKC,urban,2023-07-16T10:00:00+00:00,2023-07-16T13:00:00+00:00,3.8552989959716797,4.565966606140137,4.336850166320801
3,AT,AKC,urban,2023-07-16T11:00:00+00:00,2023-07-16T14:00:00+00:00,3.3821001052856445,4.547796726226807,4.16855001449585
3,AT,AKC,urban,2023-07-16T12:00:00+00:00,2023-07-16T15:00:00+00:00,3.2539005279541016,4.554672718048096,4.06519889831543
3,AT,AKC,urban,2023-07-16T13:00:00+00:00,2023-07-16T16:00:00+00:00,3.270599365234375,4.500093460083008,3.8552989959716797
3,AT,AKC,urban,2023-07-16T14:00:00+00:00,2023-07-16T17:00:00+00:00,3.367650032043457,4.412424564361572,3.3821001052856445
3,AT,AKC,urban,2023-07-16T15:00:00+00:00,2023-07-16T18:00:00+00:00,3.751749038696289,4.681908130645752,3.2539005279541016
3,AT,AKC,urban,2023-07-16T16:00:00+00:00,2023-07-16T19:00:00+00:00,4.637350082397461,4.79896354675293,3.270599365234375
3,AT,AKC,urban,2023-07-16T17:00:00+00:00,2023-07-16T20:00:00+00:00,4.811299800872803,4.761966705322266,3.367650032043457
3,AT,AKC,urban,2023-07-16T18:00:00+00:00,2023-07-16T21:00:00+00:00,5.151498794555664,5.019296169281006,3.751749038696289
3,AT,AKC,urban,2023-07-16T19:00:00+00:00,2023-07-16T22:00:00+00:00,5.158148765563965,5.613983631134033,4.637350082397461
3,AT,AKC,urban,2023-07-16T20:00:00+00:00,2023-07-16T23:00:00+00:00,5.519848823547363,5.771347999572754,4.811299800872803
3,AT,AKC,urban,2023-07-16T21:00:00+00:00,2023-07-17T00:00:00+00:00,5.497498989105225,6.348143100738525,5.151498794555664
3,AT,AKC,urban,2023-07-16T22:00:00+00:00,2023-07-17T01:00:00+00:00,5.6462483406066895,6.11080265045166,5.158148765563965
3,AT,AKC,urban,2023-07-16T23:00:00+00:00,2023-07-17T02:00:00+00:00,5.4493489265441895,6.331233024597168,5.519848823547363
3,AT,AKC,urban,2023-07-17T00:00:00+00:00,2023-07-17T03:00:00+00:00,6.126100063323975,6.847193241119385,5.497498989105225
3,AT,AKC,urban,2023-07-17T01:00:00+00:00,2023-07-17T04:00:00+00:00,5.584599018096924,6.249025821685791,5.6462483406066895
3,AT,AKC,urban,2023-07-17T02:00:00+00:00,2023-07-17T05:00:00+00:00,6.371899127960205,6.276160717010498,5.4493489265441895
3,AT,AKC,urban,2023-07-17T03:00:00+00:00,2023-07-17T06:00:00+00:00,5.632400035858154,6.737652778625488,6.126100063323975
3,AT,AKC,urban,2023-07-17T04:00:00+00:00,2023-07-17T07:00:00+00:00,6.347799301147461,6.041706085205078,5.584599018096924
3,AT,AKC,urban,2023-07-17T05:00:00+00:00,2023-07-17T08:00:00+00:00,6.758298873901367,6.409654140472412,6.371899127960205
3,AT,AKC,urban,2023-07-17T06:00:00+00:00,2023-07-17T09:00:00+00:00,7.494850158691406,5.60974645614624,5.632400035858154
3,AT,AKC,urban,2023-07-17T07:00:00+00:00,2023-07-17T10:00:00+00:00,7.28624963760376,6.240384578704834,6.347799301147461
3,AT,AKC,urban,2023-07-17T08:00:00+00:00,2023-07-17T11:00:00+00:00,8.467350006103516,6.586593151092529,6.758298873901367
3,AT,AKC,urban,2023-07-17T09:00:00+00:00,2023-07-17T12:00:00+00:00,9.04594898223877,7.29667329788208,7.494850158691406
3,AT,AKC,urban,2023-07-17T10:00:00+00:00,2023-07-17T13:00:00+00:00,7.768849849700928,7.136302471160889,7.28624963760376
3,AT,AKC,urban,2023-07-17T11:00:00+00:00,2023-07-17T14:00:00+00:00,6.4082489013671875,8.191083908081055,8.467350006103516
3,AT,AKC,urban,2023-07-17T12:00:00+00:00,2023-07-17T15:00:00+00:00,5.507450103759766,8.309025764465332,9.04594898223877
3,AT,AKC,urban,2023-07-17T13:00:00+00:00,2023-07-17T16:00:00+00:00,4.299348831176758,7.705936908721924,7.768849849700928
3,AT,AKC,urban,2023-07-17T14:00:00+00:00,2023-07-17T17:00:00+00:00,4.138099193572998,6.571640491485596,6.4082489013671875
3,AT,AKC,urban,2023-07-17T15:00:00+00:00,2023-07-17T18:00:00+00:00,3.8189496994018555,6.062758445739746,5.507450103759766
3,AT,AKC,urban,2023-07-17T16:00:00+00:00,2023-07-17T19:00:00+00:00,3.2191505432128906,5.09151554107666,4.299348831176758
3,AT,AKC,urban,2023-07-17T17:00:00+00:00,2023-07-17T20:00:00+00:00,4.1057000160217285,4.97321081161499,4.138099193572998
3,AT,AKC,urban,2023-07-17T18:00:00+00:00,2023-07-17T21:00:00+00:00,4.865300178527832,4.771594047546387,3.8189496994018555
3,AT,AKC,urban,2023-07-17T19:00:00+00:00,2023-07-17T22:00:00+00:00,5.223449230194092,3.9952917098999023,3.2191505432128906
3,AT,AKC,urban,2023-07-17T20:00:00+00:00,2023-07-17T23:00:00+00:00,5.00540018081665,4.546786785125732,4.1057000160217285
3,AT,AKC,urban,2023-07-17T21:00:00+00:00,2023-07-18T00:00:00+00:00,4.728250026702881,5.33142614364624,4.865300178527832
3,AT,AKC,urban,2023-07-17T22:00:00+00:00,2023-07-18T01:00:00+00:00,5.348400115966797,5.48695182800293,5.223449230194092
3,AT,AKC,urban,2023-07-17T23:00:00+00:00,2023-07-18T02:00:00+00:00,6.096098899841309,5.397945880889893,5.00540018081665
3,AT,AKC,urban,2023-07-18T00:00:00+00:00,2023-07-18T03:00:00+00:00,6.8055500984191895,5.3052568435668945,4.728250026702881
3,AT,AKC,urban,2023-07-18T01:00:00+00:00,2023-07-18T04:00:00+00:00,6.2382001876831055,5.984870433807373,5.348400115966797
3,AT,AKC,urban,2023-07-18T02:00:00+00:00,2023-07-18T05:00:00+00:00,6.71429967880249,6.72416877746582,6.096098899841309
3,AT,AKC,urban,2023-07-18T03:00:00+00:00,2023-07-18T06:00:00+00:00,6.21514892578125,7.442455291748047,6.8055500984191895
3,AT,AKC,urban,2023-07-18T04:00:00+00:00,2023-07-18T07:00:00+00:00,6.00600004196167,6.696143627166748,6.2382001876831055
3,AT,AKC,urban,2023-07-18T05:00:00+00:00,2023-07-18T08:00:00+00:00,5.339749813079834,6.888701915740967,6.71429967880249
3,AT,AKC,urban,2023-07-18T06:00:00+00:00,2023-07-18T09:00:00+00:00,4.900898456573486,6.175405502319336,6.21514892578125
3,AT,AKC,urban,2023-07-18T07:00:00+00:00,2023-07-18T10:00:00+00:00,4.731648921966553,5.833815097808838,6.00600004196167
3,AT,AKC,urban,2023-07-18T08:00:00+00:00,2023-07-18T11:00:00+00:00,5.16165018081665,5.24542236328125,5.339749813079834
3,AT,AKC,urban,2023-07-18T09:00:00+00:00,2023-07-18T12:00:00+00:00,5.900050163269043,4.943007946014404,4.900898456573486
3,AT,AKC,urban,2023-07-18T10:00:00+00:00,2023-07-18T13:00:00+00:00,6.212248802185059,4.941512107849121,4.731648921966553
3,AT,AKC,urban,2023-07-18T11:00:00+00:00,2023-07-18T14:00:00+00:00,6.638350009918213,5.3633599281311035,5.16165018081665
3,AT,AKC,urban,2023-07-18T12:00:00+00:00,2023-07-18T15:00:00+00:00,6.470499038696289,6.046403884887695,5.900050163269043
3,AT,AKC,urban,2023-07-18T13:00:00+00:00,2023-07-18T16:00:00+00:00,6.64194917678833,6.337848663330078,6.212248802185059
3,AT,AKC,urban,2023-07-18T14:00:00+00:00,2023-07-18T17:00:00+00:00,7.3045501708984375,6.861924648284912,6.638350009918213
3,AT,AKC,urban,2023-07-18T15:00:00+00:00,2023-07-18T18:00:00+00:00,8.480249404907227,6.9499101638793945,6.470499038696289
3,AT,AKC,urban,2023-07-18T16:00:00+00:00,2023-07-18T19:00:00+00:00,9.367500305175781,7.106071472167969,6.64194917678833
3,AT,AKC,urban,2023-07-18T17:00:00+00:00,2023-07-18T20:00:00+00:00,8.433548927307129,7.849478721618652,7.3045501708984375
3,AT,AKC,urban,2023-07-18T18:00:00+00:00,2023-07-18T21:00:00+00:00,7.36069917678833,8.949775695800781,8.480249404907227
3,AT,AKC,urban,2023-07-18T19:00:00+00:00,2023-07-18T22:00:00+00:00,6.8420000076293945,9.575689315795898,9.367500305175781
3,AT,AKC,urban,2023-07-18T20:00:00+00:00,2023-07-18T23:00:00+00:00,6.348198890686035,8.755863189697266,8.433548927307129
3,AT,AKC,urban,2023-07-18T21:00:00+00:00,2023-07-19T00:00:00+00:00,5.933699131011963,7.391446590423584,7.36069917678833
3,AT,AKC,urban,2023-07-18T22:00:00+00:00,2023-07-19T01:00:00+00:00,5.795350074768066,7.168797969818115,6.8420000076293945
3,AT,AKC,urban,2023-07-18T23:00:00+00:00,2023-07-19T02:00:00+00:00,6.1944990158081055,7.029204845428467,6.348198890686035
3,AT,AKC,urban,2023-07-19T00:00:00+00:00,2023-07-19T03:00:00+00:00,7.670848846435547,6.254787921905518,5.933699131011963
3,AT,AKC,urban,2023-07-19T01:00:00+00:00,2023-07-19T04:00:00+00:00,7.582550048828125,6.471919536590576,5.795350074768066
3,AT,AKC,urban,2023-07-19T02:00:00+00:00,2023-07-19T05:00:00+00:00,8.09424877166748,6.8641276359558105,6.1944990158081055
3,AT,AKC,urban,2023-07-19T03:00:00+00:00,2023-07-19T06:00:00+00:00,9.43544864654541,8.301958084106445,7.670848846435547
3,AT,AKC,urban,2023-07-19T04:00:00+00:00,2023-07-19T07:00:00+00:00,8.07925033569336,7.759991645812988,7.582550048828125
3,AT,AKC,urban,2023-07-19T05:00:00+00:00,2023-07-19T08:00:00+00:00,8.023200035095215,7.899979114532471,8.09424877166748
3,AT,AKC,urban,2023-07-19T06:00:00+00:00,2023-07-19T09:00:00+00:00,6.577699661254883,8.656235694885254,9.43544864654541
3,AT,AKC,urban,2023-07-19T07:00:00+00:00,2023-07-19T10:00:00+00:00,7.20944881439209,7.785224437713623,8.07925033569336
3,AT,AKC,urban,2023-07-19T08:00:00+00:00,2023-07-19T11:00:00+00:00,11.623499870300293,7.777241230010986,8.023200035095215
3,AT,AKC,urban,2023-07-19T09:00:00+00:00,2023-07-19T12:00:00+00:00,10.369099617004395,6.568397045135498,6.577699661254883
3,AT,AKC,urban,2023-07-19T10:00:00+00:00,2023-07-19T13:00:00+00:00,9.872248649597168,7.163679122924805,7.20944881439209
3,AT,AKC,urban,2023-07-19T11:00:00+00:00,2023-07-19T14:00:00+00:00,9.170350074768066,8.391839981079102,11.623499870300293
3,AT,AKC,urban,2023-07-19T12:00:00+00:00,2023-07-19T15:00:00+00:00,6.850200176239014,8.890153884887695,10.369099617004395
3,AT,AKC,urban,2023-07-19T13:00:00+00:00,2023-07-19T16:00:00+00:00,5.7733001708984375,9.598690032958984,9.872248649597168
3,AT,AKC,urban,2023-07-19T14:00:00+00:00,2023-07-19T17:00:00+00:00,5.353650093078613,9.012739181518555,9.170350074768066
3,AT,AKC,urban,2023-07-19T15:00:00+00:00,2023-07-19T18:00:00+00:00,3.714498519897461,6.986335754394531,6.850200176239014
3,AT,AKC,urban,2023-07-19T16:00:00+00:00,2023-07-19T19:00:00+00:00,4.407649040222168,5.923776149749756,5.7733001708984375
3,AT,AKC,urban,2023-07-19T17:00:00+00:00,2023-07-19T20:00:00+00:00,4.5300493240356445,5.512938022613525,5.353650093078613
3,AT,AKC,urban,2023-07-19T18:00:00+00:00,2023-07-19T21:00:00+00:00,4.509799480438232,3.9085006713867188,3.714498519897461
3,AT,AKC,urban,2023-07-19T19:00:00+00:00,2023-07-19T22:00:00+00:00,4.967299938201904,4.662757873535156,4.407649040222168
3,AT,AKC,urban,2023-07-19T20:00:00+00:00,2023-07-19T23:00:00+00:00,5.059199810028076,4.905884742736816,4.5300493240356445
3,AT,AKC,urban,2023-07-19T21:00:00+00:00,2023-07-20T00:00:00+00:00,5.414400577545166,4.713498592376709,4.509799480438232
3,AT,AKC,urban,2023-07-19T22:00:00+00:00,2023-07-20T01:00:00+00:00,5.87994909286499,5.156871318817139,4.967299938201904
3,AT,AKC,urban,2023-07-19T23:00:00+00:00,2023-07-20T02:00:00+00:00,5.663898944854736,5.243698596954346,5.059199810028076
3,AT,AKC,urban,2023-07-20T00:00:00+00:00,2023-07-20T03:00:00+00:00,6.131149768829346,5.7173967361450195,5.414400577545166
3,AT,AKC,urban,2023-07-20T01:00:00+00:00,2023-07-20T04:00:00+00:00,5.649199962615967,6.144542217254639,5.87994909286499
3,AT,AKC,urban,2023-07-20T02:00:00+00:00,2023-07-20T05:00:00+00:00,6.374198913574219,6.182916164398193,5.663898944854736
3,AT,AKC,urban,2023-07-20T03:00:00+00:00,2023-07-20T06:00:00+00:00,5.679248809814453,6.612138271331787,6.131149768829346
3,AT,AKC,urban,2023-07-20T04:00:00+00:00,2023-07-20T07:00:00+00:00,5.713099479675293,6.0267181396484375,5.649199962615967
3,AT,AKC,urban,2023-07-20T05:00:00+00:00,2023-07-20T08:00:00+00:00,6.045399188995361,6.600556373596191,6.374198913574219
3,AT,AKC,urban,2023-07-20T06:00:00+00:00,2023-07-20T09:00:00+00:00,5.894800186157227,5.83511209487915,5.679248809814453
3,AT,AKC,urban,2023-07-20T07:00:00+00:00,2023-07-20T10:00:00+00:00,7.225149631500244,5.8342976570129395,5.713099479675293
3,AT,AKC,urban,2023-07-20T08:00:00+00:00,2023-07-20T11:00:00+00:00,8.127750396728516,6.072929859161377,6.045399188995361
3,AT,AKC,urban,2023-07-20T09:00:00+00:00,2023-07-20T12:00:00+00:00,8.361848831176758,5.9377217292785645,5.894800186157227
3,AT,AKC,urban,2023-07-20T10:00:00+00:00,2023-07-20T13:00:00+00:00,7.057548999786377,6.777816295623779,7.225149631500244
3,AT,AKC,urban,2023-07-20T11:00:00+00:00,2023-07-20T14:00:00+00:00,4.342648983001709,6.793358325958252,8.127750396728516
3,AT,AKC,urban,2023-07-20T12:00:00+00:00,2023-07-20T15:00:00+00:00,5.000199317932129,7.568352699279785,8.361848831176758
3,AT,AKC,urban,2023-07-20T13:00:00+00:00,2023-07-20T16:00:00+00:00,3.7278995513916016,6.782207489013672,7.057548999786377
3,AT,AKC,urban,2023-07-20T14:00:00+00:00,2023-07-20T17:00:00+00:00,3.4918994903564453,4.620932579040527,4.342648983001709
3,AT,AKC,urban,2023-07-20T15:00:00+00:00,2023-07-20T18:00:00+00:00,3.4798498153686523,4.681314945220947,5.000199317932129
3,AT,AKC,urban,2023-07-20T16:00:00+00:00,2023-07-20T19:00:00+00:00,3.6642990112304688,3.832900047302246,3.7278995513916016
3,AT,AKC,urban,2023-07-20T17:00:00+00:00,2023-07-20T20:00:00+00:00,3.561748504638672,3.563234329223633,3.4918994903564453
3,AT,AKC,urban,2023-07-20T18:00:00+00:00,2023-07-20T21:00:00+00:00,3.767298698425293,3.6406946182250977,3.4798498153686523
3,AT,AKC,urban,2023-07-20T19:00:00+00:00,2023-07-20T22:00:00+00:00,4.058248519897461,3.805972099304199,3.6642990112304688
3,AT,AKC,urban,2023-07-20T20:00:00+00:00,2023-07-20T23:00:00+00:00,4.673149585723877,3.6888208389282227,3.561748504638672
3,AT,AKC,urban,2023-07-20T21:00:00+00:00,2023-07-21T00:00:00+00:00,4.9945502281188965,3.8911256790161133,3.767298698425293
3,AT,AKC,urban,2023-07-20T22:00:00+00:00,2023-07-21T01:00:00+00:00,4.437298774719238,4.190956115722656,4.058248519897461
3,AT,AKC,urban,2023-07-20T23:00:00+00:00,2023-07-21T02:00:00+00:00,4.6663498878479,4.88381814956665,4.673149585723877
3,AT,AKC,urban,2023-07-21T00:00:00+00:00,2023-07-21T03:00:00+00:00,5.471949100494385,5.659745693206787,4.9945502281188965
3,AT,AKC,urban,2023-07-21T01:00:00+00:00,2023-07-21T04:00:00+00:00,5.938600063323975,5.328056812286377,4.437298774719238
3,AT,AKC,urban,2023-07-21T02:00:00+00:00,2023-07-21T05:00:00+00:00,6.766448974609375,5.89672327041626,4.6663498878479
3,AT,AKC,urban,2023-07-21T03:00:00+00:00,2023-07-21T06:00:00+00:00,7.177498817443848,6.69257926940918,5.471949100494385
3,AT,AKC,urban,2023-07-21T04:00:00+00:00,2023-07-21T07:00:00+00:00,8.433849334716797,6.54957914352417,5.938600063323975
3,AT,AKC,urban,2023-07-21T05:00:00+00:00,2023-07-21T08:00:00+00:00,9.92309856414795,6.625268936157227,6.766448974609375
3,AT,AKC,urban,2023-07-21T06:00:00+00:00,2023-07-21T09:00:00+00:00,9.920799255371094,6.727775573730469,7.177498817443848
3,AT,AKC,urban,2023-07-21T07:00:00+00:00,2023-07-21T10:00:00+00:00,6.938599109649658,7.511080741882324,8.433849334716797
3,AT,AKC,urban,2023-07-21T08:00:00+00:00,2023-07-21T11:00:00+00:00,5.797049045562744,8.24770450592041,9.92309856414795
3,AT,AKC,urban,2023-07-21T09:00:00+00:00,2023-07-21T12:00:00+00:00,4.241650104522705,8.38719654083252,9.920799255371094
3,AT,AKC,urban,2023-07-21T10:00:00+00:00,2023-07-21T13:00:00+00:00,4.1543498039245605,6.363166809082031,6.938599109649658
3,AT,AKC,urban,2023-07-21T11:00:00+00:00,2023-07-21T14:00:00+00:00,4.24069881439209,5.534722328186035,5.797049045562744
3,AT,AKC,urban,2023-07-21T12:00:00+00:00,2023-07-21T15:00:00+00:00,4.547248840332031,4.320551872253418,4.241650104522705
3,AT,AKC,urban,2023-07-21T13:00:00+00:00,2023-07-21T16:00:00+00:00,6.423398971557617,4.13051700592041,4.1543498039245605
3,AT,AKC,urban,2023-07-21T14:00:00+00:00,2023-07-21T17:00:00+00:00,5.587948799133301,4.40536642074585,4.24069881439209
3,AT,AKC,urban,2023-07-21T15:00:00+00:00,2023-07-21T18:00:00+00:00,5.8632001876831055,4.750978946685791,4.547248840332031
3,AT,AKC,urban,2023-07-21T16:00:00+00:00,2023-07-21T19:00:00+00:00,6.656799793243408,6.4071197509765625,6.423398971557617
3,AT,AKC,urban,2023-07-21T17:00:00+00:00,2023-07-21T20:00:00+00:00,7.60814905166626,6.468590259552002,5.587948799133301
3,AT,AKC,urban,2023-07-21T18:00:00+00:00,2023-07-21T21:00:00+00:00,8.173898696899414,7.229068756103516,5.8632001876831055
3,AT,AKC,urban,2023-07-21T19:00:00+00:00,2023-07-21T22:00:00+00:00,5.930150032043457,7.701261520385742,6.656799793243408
3,AT,AKC,urban,2023-07-21T20:00:00+00:00,2023-07-21T23:00:00+00:00,3.9776487350463867,8.449728965759277,7.60814905166626
3,AT,AKC,urban,2023-07-21T21:00:00+00:00,2023-07-22T00:00:00+00:00,4.101998329162598,9.309599876403809,8.173898696899414
3,AT,AKC,urban,2023-07-21T22:00:00+00:00,2023-07-22T01:00:00+00:00,4.381898880004883,6.477614879608154,5.930150032043457
3,AT,AKC,urban,2023-07-21T23:00:00+00:00,2023-07-22T02:00:00+00:00,4.868549823760986,4.531040191650391,3.9776487350463867
3,AT,AKC,urban,2023-07-22T00:00:00+00:00,2023-07-22T03:00:00+00:00,5.699199199676514,4.318535804748535,4.101998329162598
3,AT,AKC,urban,2023-07-22T01:00:00+00:00,2023-07-22T04:00:00+00:00,4.713500022888184,4.728949069976807,4.381898880004883
3,AT,AKC,urban,2023-07-22T02:00:00+00:00,2023-07-22T05:00:00+00:00,4.901000022888184,5.3517165184021,4.868549823760986
3,AT,AKC,urban,2023-07-22T03:00:00+00:00,2023-07-22T06:00:00+00:00,4.493649959564209,6.046736717224121,5.699199199676514
3,AT,AKC,urban,2023-07-22T04:00:00+00:00,2023-07-22T07:00:00+00:00,3.7131500244140625,5.114633560180664,4.713500022888184
3,AT,AKC,urban,2023-07-22T05:00:00+00:00,2023-07-22T08:00:00+00:00,3.5495500564575195,5.147983551025391,4.901000022888184
3,AT,AKC,urban,2023-07-22T06:00:00+00:00,2023-07-22T09:00:00+00:00,3.1177005767822266,4.588898181915283,4.493649959564209
3,AT,AKC,urban,2023-07-22T07:00:00+00:00,2023-07-22T10:00:00+00:00,2.96099853515625,3.7967185974121094,3.7131500244140625
3,AT,AKC,urban,2023-07-22T08:00:00+00:00,2023-07-22T11:00:00+00:00,3.2410497665405273,3.6288328170776367,3.5495500564575195
3,AT,AKC,urban,2023-07-22T09:00:00+00:00,2023-07-22T12:00:00+00:00,2.9726505279541016,3.2628259658813477,3.1177005767822266
3,AT,AKC,urban,2023-07-22T10:00:00+00:00,2023-07-22T13:00:00+00:00,2.683349609375,3.2232093811035156,2.96099853515625
3,AT,AKC,urban,2023-07-22T11:00:00+00:00,2023-07-22T14:00:00+00:00,2.672849655151367,3.5605459213256836,3.2410497665405273
3,AT,AKC,urban,2023-07-22T12:00:00+00:00,2023-07-22T15:00:00+00:00,3.0174503326416016,3.4110889434814453,2.9726505279541016
3,AT,AKC,urban,2023-07-22T13:00:00+00:00,2023-07-22T16:00:00+00:00,3.2609004974365234,3.2580432891845703,2.683349609375
3,AT,AKC,urban,2023-07-22T14:00:00+00:00,2023-07-22T17:00:00+00:00,3.4795494079589844,3.3808374404907227,2.672849655151367
3,AT,AKC,urban,2023-07-22T15:00:00+00:00,2023-07-22T18:00:00+00:00,3.832900047302246,3.7951231002807617,3.0174503326416016
3,AT,AKC,urban,2023-07-22T16:00:00+00:00,2023-07-22T19:00:00+00:00,4.709599018096924,4.154260635375977,3.2609004974365234
3,AT,AKC,urban,2023-07-22T17:00:00+00:00,2023-07-22T20:00:00+00:00,4.565400123596191,4.427859783172607,3.4795494079589844
3,AT,AKC,urban,2023-07-22T18:00:00+00:00,2023-07-22T21:00:00+00:00,4.921449184417725,4.6600422859191895,3.832900047302246
3,AT,AKC,urban,2023-07-22T19:00:00+00:00,2023-07-22T22:00:00+00:00,4.459799289703369,5.29310941696167,4.709599018096924
3,AT,AKC,urban,2023-07-22T20:00:00+00:00,2023-07-22T23:00:00+00:00,4.104049205780029,5.042916774749756,4.565400123596191
3,AT,AKC,urban,2023-07-22T21:00:00+00:00,2023-07-23T00:00:00+00:00,4.521298885345459,5.373179912567139,4.921449184417725
3,AT,AKC,urban,2023-07-22T22:00:00+00:00,2023-07-23T01:00:00+00:00,4.941800117492676,4.783429145812988,4.459799289703369
3,AT,AKC,urban,2023-07-22T23:00:00+00:00,2023-07-23T02:00:00+00:00,5.084350109100342,4.463223457336426,4.104049205780029
3,AT,AKC,urban,2023-07-23T00:00:00+00:00,2023-07-23T03:00:00+00:00,5.551198959350586,4.755355358123779,4.521298885345459
3,AT,AKC,urban,2023-07-23T01:00:00+00:00,2023-07-23T04:00:00+00:00,5.308000087738037,5.485894203186035,4.941800117492676
3,AT,AKC,urban,2023-07-23T02:00:00+00:00,2023-07-23T05:00:00+00:00,4.8909502029418945,5.777158260345459,5.084350109100342
3,AT,AKC,urban,2023-07-23T03:00:00+00:00,2023-07-23T06:00:00+00:00,4.292599201202393,6.055678367614746,5.551198959350586
3,AT,AKC,urban,2023-07-23T04:00:00+00:00,2023-07-23T07:00:00+00:00,3.809748649597168,5.594323635101318,5.308000087738037
3,AT,AKC,urban,2023-07-23T05:00:00+00:00,2023-07-23T08:00:00+00:00,3.8754005432128906,4.831841468811035,4.8909502029418945
3,AT,AKC,urban,2023-07-23T06:00:00+00:00,2023-07-23T09:00:00+00:00,3.328998565673828,4.1975789070129395,4.292599201202393
3,AT,AKC,urban,2023-07-23T07:00:00+00:00,2023-07-23T10:00:00+00:00,3.227449417114258,3.7430458068847656,3.809748649597168
3,AT,AKC,urban,2023-07-23T08:00:00+00:00,2023-07-23T11:00:00+00:00,3.227849006652832,3.8002071380615234,3.8754005432128906
3,AT,AKC,urban,2023-07-23T09:00:00+00:00,2023-07-23T12:00:00+00:00,3.223750114440918,3.346014976501465,3.328998565673828
3,AT,AKC,urban,2023-07-23T10:00:00+00:00,2023-07-23T13:00:00+00:00,3.1611995697021484,3.329037666320801,3.227449417114258
3,AT,AKC,urban,2023-07-23T11:00:00+00:00,2023-07-23T14:00:00+00:00,3.419400215148926,3.421579360961914,3.227849006652832
3,AT,AKC,urban,2023-07-23T12:00:00+00:00,2023-07-23T15:00:00+00:00,3.644948959350586,3.5135345458984375,3.223750114440918
3,AT,AKC,urban,2023-07-23T13:00:00+00:00,2023-07-23T16:00:00+00:00,4.146749973297119,3.6352405548095703,3.1611995697021484
3,AT,AKC,urban,2023-07-23T14:00:00+00:00,2023-07-23T17:00:00+00:00,5.111649036407471,4.005766868591309,3.419400215148926
3,AT,AKC,urban,2023-07-23T15:00:00+00:00,2023-07-23T18:00:00+00:00,5.510799884796143,4.243824481964111,3.644948959350586
3,AT,AKC,urban,2023-07-23T16:00:00+00:00,2023-07-23T19:00:00+00:00,5.751399040222168,4.763298988342285,4.146749973297119
3,AT,AKC,urban,2023-07-23T17:00:00+00:00,2023-07-23T20:00:00+00:00,5.809548854827881,5.686587333679199,5.111649036407471
3,AT,AKC,urban,2023-07-23T18:00:00+00:00,2023-07-23T21:00:00+00:00,6.639400005340576,6.018919467926025,5.510799884796143
3,AT,AKC,urban,2023-07-23T19:00:00+00:00,2023-07-23T22:00:00+00:00,6.581500053405762,6.0427703857421875,5.751399040222168
3,AT,AKC,urban,2023-07-23T20:00:00+00:00,2023-07-23T23:00:00+00:00,5.6670989990234375,6.078482151031494,5.809548854827881
3,AT,AKC,urban,2023-07-23T21:00:00+00:00,2023-07-24T00:00:00+00:00,5.693900108337402,6.686025619506836,6.639400005340576
3,AT,AKC,urban,2023-07-23T22:00:00+00:00,2023-07-24T01:00:00+00:00,6.456298828125,6.914019584655762,6.581500053405762
3,AT,AKC,urban,2023-07-23T23:00:00+00:00,2023-07-24T02:00:00+00:00,8.218449592590332,6.163588523864746,5.6670989990234375
3,AT,AKC,urban,2023-07-24T00:00:00+00:00,2023-07-24T03:00:00+00:00,8.949150085449219,6.3705735206604,5.693900108337402
3,AT,AKC,urban,2023-07-24T01:00:00+00:00,2023-07-24T04:00:00+00:00,8.882200241088867,7.428146839141846,6.456298828125
3,AT,AKC,urban,2023-07-24T02:00:00+00:00,2023-07-24T05:00:00+00:00,9.846199035644531,8.513752937316895,8.218449592590332
3,AT,AKC,urban,2023-07-24T03:00:00+00:00,2023-07-24T06:00:00+00:00,8.716249465942383,8.328794479370117,8.949150085449219
3,AT,AKC,urban,2023-07-24T04:00:00+00:00,2023-07-24T07:00:00+00:00,8.365299224853516,8.266742706298828,8.882200241088867
3,AT,AKC,urban,2023-07-24T05:00:00+00:00,2023-07-24T08:00:00+00:00,8.879850387573242,8.828376770019531,9.846199035644531
3,AT,AKC,urban,2023-07-24T06:00:00+00:00,2023-07-24T09:00:00+00:00,8.160599708557129,7.900585174560547,8.716249465942383
3,AT,AKC,urban,2023-07-24T07:00:00+00:00,2023-07-24T10:00:00+00:00,6.28964900970459,7.648588180541992,8.365299224853516
3,AT,AKC,urban,2023-07-24T08:00:00+00:00,2023-07-24T11:00:00+00:00,6.917348861694336,8.348822593688965,8.879850387573242
3,AT,AKC,urban,2023-07-24T09:00:00+00:00,2023-07-24T12:00:00+00:00,8.178648948669434,7.870589733123779,8.160599708557129
3,AT,AKC,urban,2023-07-24T10:00:00+00:00,2023-07-24T13:00:00+00:00,9.600298881530762,6.1514201164245605,6.28964900970459
3,AT,AKC,urban,2023-07-24T11:00:00+00:00,2023-07-24T14:00:00+00:00,10.965999603271484,6.732270240783691,6.917348861694336
3,AT,AKC,urban,2023-07-24T12:00:00+00:00,2023-07-24T15:00:00+00:00,9.044548988342285,7.758401393890381,8.178648948669434
3,AT,AKC,urban,2023-07-24T13:00:00+00:00,2023-07-24T16:00:00+00:00,7.053750038146973,8.926207542419434,9.600298881530762
3,AT,AKC,urban,2023-07-24T14:00:00+00:00,2023-07-24T17:00:00+00:00,6.905300140380859,9.625055313110352,10.965999603271484
3,AT,AKC,urban,2023-07-24T15:00:00+00:00,2023-07-24T18:00:00+00:00,3.6841487884521484,8.587915420532227,9.044548988342285
3,AT,AKC,urban,2023-07-24T16:00:00+00:00,2023-07-24T19:00:00+00:00,5.116498947143555,7.240034580230713,7.053750038146973
3,AT,AKC,urban,2023-07-24T17:00:00+00:00,2023-07-24T20:00:00+00:00,3.8584489822387695,7.272568225860596,6.905300140380859
3,AT,AKC,urban,2023-07-24T18:00:00+00:00,2023-07-24T21:00:00+00:00,3.7843494415283203,4.042872428894043,3.6841487884521484
3,AT,AKC,urban,2023-07-24T19:00:00+00:00,2023-07-24T22:00:00+00:00,4.441598892211914,5.208349227905273,5.116498947143555
3,AT,AKC,urban,2023-07-24T20:00:00+00:00,2023-07-24T23:00:00+00:00,4.6892991065979,4.04326057434082,3.8584489822387695
3,AT,AKC,urban,2023-07-24T21:00:00+00:00,2023-07-25T00:00:00+00:00,3.7375497817993164,3.9834556579589844,3.7843494415283203
3,AT,AKC,urban,2023-07-24T22:00:00+00:00,2023-07-25T01:00:00+00:00,3.138599395751953,4.663578510284424,4.441598892211914
3,AT,AKC,urban,2023-07-24T23:00:00+00:00,2023-07-25T02:00:00+00:00,3.427499771118164,4.906537055969238,4.6892991065979
3,AT,AKC,urban,2023-07-25T00:00:00+00:00,2023-07-25T03:00:00+00:00,4.680500030517578,4.322253704071045,3.7375497817993164
3,AT,AKC,urban,2023-07-25T01:00:00+00:00,2023-07-25T04:00:00+00:00,4.068799018859863,4.044706344604492,3.138599395751953
3,AT,AKC,urban,2023-07-25T02:00:00+00:00,2023-07-25T05:00:00+00:00,4.966399669647217,4.398743629455566,3.427499771118164
3,AT,AKC,urban,2023-07-25T03:00:00+00:00,2023-07-25T06:00:00+00:00,6.627249240875244,5.572979927062988,4.680500030517578
3,AT,AKC,urban,2023-07-25T04:00:00+00:00,2023-07-25T07:00:00+00:00,6.804248809814453,4.783414840698242,4.068799018859863
3,AT,AKC,urban,2023-07-25T05:00:00+00:00,2023-07-25T08:00:00+00:00,7.189849376678467,5.482349395751953,4.966399669647217
3,AT,AKC,urban,2023-07-25T06:00:00+00:00,2023-07-25T09:00:00+00:00,6.516749858856201,6.798855304718018,6.627249240875244
3,AT,AKC,urban,2023-07-25T07:00:00+00:00,2023-07-25T10:00:00+00:00,3.8164501190185547,6.907009601593018,6.804248809814453
3,AT,AKC,urban,2023-07-25T08:00:00+00:00,2023-07-25T11:00:00+00:00,3.8320484161376953,7.378849983215332,7.189849376678467
3,AT,AKC,urban,2023-07-25T09:00:00+00:00,2023-07-25T12:00:00+00:00,2.967848777770996,6.670055389404297,6.516749858856201
3,AT,AKC,urban,2023-07-25T10:00:00+00:00,2023-07-25T13:00:00+00:00,3.7130489349365234,4.192316055297852,3.8164501190185547
3,AT,AKC,urban,2023-07-25T11:00:00+00:00,2023-07-25T14:00:00+00:00,4.8993988037109375,4.159886360168457,3.8320484161376953
3,AT,AKC,urban,2023-07-25T12:00:00+00:00,2023-07-25T15:00:00+00:00,3.775249481201172,3.554300308227539,2.967848777770996
3,AT,AKC,urban,2023-07-25T13:00:00+00:00,2023-07-25T16:00:00+00:00,2.9745988845825195,4.171428203582764,3.7130489349365234
3,AT,AKC,urban,2023-07-25T14:00:00+00:00,2023-07-25T17:00:00+00:00,3.1953001022338867,5.085476398468018,4.8993988037109375
3,AT,AKC,urban,2023-07-25T15:00:00+00:00,2023-07-25T18:00:00+00:00,3.5208492279052734,4.3858323097229,3.775249481201172
3,AT,AKC,urban,2023-07-25T16:00:00+00:00,2023-07-25T19:00:00+00:00,3.700249671936035,3.6754674911499023,2.9745988845825195
3,AT,AKC,urban,2023-07-25T17:00:00+00:00,2023-07-25T20:00:00+00:00,3.6090497970581055,3.947317123413086,3.1953001022338867
3,AT,AKC,urban,2023-07-25T18:00:00+00:00,2023-07-25T21:00:00+00:00,3.3037500381469727,4.167382717132568,3.5208492279052734
3,AT,AKC,urban,2023-07-25T19:00:00+00:00,2023-07-25T22:00:00+00:00,3.4672985076904297,4.053023338317871,3.700249671936035
3,AT,AKC,urban,2023-07-25T20:00:00+00:00,2023-07-25T23:00:00+00:00,2.159799575805664,3.783245086669922,3.6090497970581055
3,AT,AKC,urban,2023-07-25T21:00:00+00:00,2023-07-26T00:00:00+00:00,2.134799003601074,3.4890670776367188,3.3037500381469727
3,AT,AKC,urban,2023-07-25T22:00:00+00:00,2023-07-26T01:00:00+00:00,2.483499526977539,3.5978479385375977,3.4672985076904297
3,AT,AKC,urban,2023-07-25T23:00:00+00:00,2023-07-26T02:00:00+00:00,2.4666500091552734,2.358078956604004,2.159799575805664
3,AT,AKC,urban,2023-07-26T00:00:00+00:00,2023-07-26T03:00:00+00:00,3.5900001525878906,2.372406005859375,2.134799003601074
3,AT,AKC,urban,2023-07-26T01:00:00+00:00,2023-07-26T04:00:00+00:00,2.713550567626953,2.9433422088623047,2.483499526977539
3,AT,AKC,urban,2023-07-26T02:00:00+00:00,2023-07-26T05:00:00+00:00,2.815898895263672,3.025226593017578,2.4666500091552734
3,AT,AKC,urban,2023-07-26T03:00:00+00:00,2023-07-26T06:00:00+00:00,3.1135997772216797,3.9566736221313477,3.5900001525878906
3,AT,AKC,urban,2023-07-26T04:00:00+00:00,2023-07-26T07:00:00+00:00,3.6991004943847656,3.1017351150512695,2.713550567626953
3,AT,AKC,urban,2023-07-26T05:00:00+00:00,2023-07-26T08:00:00+00:00,6.275349140167236,3.186992645263672,2.815898895263672
3,AT,AKC,urban,2023-07-26T06:00:00+00:00,2023-07-26T09:00:00+00:00,6.441049098968506,3.384160041809082,3.1135997772216797
3,AT,AKC,urban,2023-07-26T07:00:00+00:00,2023-07-26T10:00:00+00:00,7.144299030303955,3.8358020782470703,3.6991004943847656
3,AT,AKC,urban,2023-07-26T08:00:00+00:00,2023-07-26T11:00:00+00:00,7.121500015258789,5.990839004516602,6.275349140167236
3,AT,AKC,urban,2023-07-26T09:00:00+00:00,2023-07-26T12:00:00+00:00,3.9804000854492188,6.036954402923584,6.441049098968506
3,AT,AKC,urban,2023-07-26T10:00:00+00:00,2023-07-26T13:00:00+00:00,2.026998519897461,6.754659652709961,7.144299030303955
3,AT,AKC,urban,2023-07-26T11:00:00+00:00,2023-07-26T14:00:00+00:00,5.2103986740112305,6.9313788414001465,7.121500015258789
3,AT,AKC,urban,2023-07-26T12:00:00+00:00,2023-07-26T15:00:00+00:00,3.82450008392334,4.01417350769043,3.9804000854492188
3,AT,AKC,urban,2023-07-26T13:00:00+00:00,2023-07-26T16:00:00+00:00,3.337948799133301,2.289858818054199,2.026998519897461
3,AT,AKC,urban,2023-07-26T14:00:00+00:00,2023-07-26T17:00:00+00:00,3.3463497161865234,5.094163417816162,5.2103986740112305
3,AT,AKC,urban,2023-07-26T15:00:00+00:00,2023-07-26T18:00:00+00:00,3.2177000045776367,4.027447700500488,3.82450008392334
3,AT,AKC,urban,2023-07-26T16:00:00+00:00,2023-07-26T19:00:00+00:00,2.4113502502441406,3.764392852783203,3.337948799133301
3,AT,AKC,urban,2023-07-26T17:00:00+00:00,2023-07-26T20:00:00+00:00,2.85575008392334,3.760446548461914,3.3463497161865234
3,AT,AKC,urban,2023-07-26T18:00:00+00:00,2023-07-26T21:00:00+00:00,2.9930496215820312,3.529939651489258,3.2177000045776367
3,AT,AKC,urban,2023-07-26T19:00:00+00:00,2023-07-26T22:00:00+00:00,3.3062000274658203,2.607290267944336,2.4113502502441406
3,AT,AKC,urban,2023-07-26T20:00:00+00:00,2023-07-26T23:00:00+00:00,3.37654972076416,2.9904870986938477,2.85575008392334
3,AT,AKC,urban,2023-07-26T21:00:00+00:00,2023-07-27T00:00:00+00:00,3.6813488006591797,3.124518394470215,2.9930496215820312
3,AT,AKC,urban,2023-07-26T22:00:00+00:00,2023-07-27T01:00:00+00:00,3.5739994049072266,3.429933547973633,3.3062000274658203
3,AT,AKC,urban,2023-07-26T23:00:00+00:00,2023-07-27T02:00:00+00:00,3.407949447631836,3.541189193725586,3.37654972076416
3,AT,AKC,urban,2023-07-27T00:00:00+00:00,2023-07-27T03:00:00+00:00,3.911550521850586,3.9694080352783203,3.6813488006591797
3,AT,AKC,urban,2023-07-27T01:00:00+00:00,2023-07-27T04:00:00+00:00,3.6192989349365234,4.015825271606445,3.5739994049072266
3,AT,AKC,urban,2023-07-27T02:00:00+00:00,2023-07-27T05:00:00+00:00,5.294400215148926,3.946207046508789,3.407949447631836
3,AT,AKC,urban,2023-07-27T03:00:00+00:00,2023-07-27T06:00:00+00:00,5.138150215148926,4.426374435424805,3.911550521850586
3,AT,AKC,urban,2023-07-27T04:00:00+00:00,2023-07-27T07:00:00+00:00,5.570199012756348,4.0787248611450195,3.6192989349365234
3,AT,AKC,urban,2023-07-27T05:00:00+00:00,2023-07-27T08:00:00+00:00,4.073800563812256,5.227486610412598,5.294400215148926
3,AT,AKC,urban,2023-07-27T06:00:00+00:00,2023-07-27T09:00:00+00:00,4.561398983001709,5.030750274658203,5.138150215148926
3,AT,AKC,urban,2023-07-27T07:00:00+00:00,2023-07-27T10:00:00+00:00,5.274250030517578,5.437263488769531,5.570199012756348
3,AT,AKC,urban,2023-07-27T08:00:00+00:00,2023-07-27T11:00:00+00:00,4.677398681640625,4.0756072998046875,4.073800563812256
3,AT,AKC,urban,2023-07-27T09:00:00+00:00,2023-07-27T12:00:00+00:00,5.208700180053711,4.409671306610107,4.561398983001709
3,AT,AKC,urban,2023-07-27T10:00:00+00:00,2023-07-27T13:00:00+00:00,5.882999420166016,5.111512184143066,5.274250030517578
3,AT,AKC,urban,2023-07-27T11:00:00+00:00,2023-07-27T14:00:00+00:00,4.881449222564697,4.735137939453125,4.677398681640625
3,AT,AKC,urban,2023-07-27T12:00:00+00:00,2023-07-27T15:00:00+00:00,4.029850006103516,5.171995162963867,5.208700180053711
3,AT,AKC,urban,2023-07-27T13:00:00+00:00,2023-07-27T16:00:00+00:00,3.570650100708008,5.704665660858154,5.882999420166016
3,AT,AKC,urban,2023-07-27T14:00:00+00:00,2023-07-27T17:00:00+00:00,3.703598976135254,5.149233341217041,4.881449222564697
3,AT,AKC,urban,2023-07-27T15:00:00+00:00,2023-07-27T18:00:00+00:00,3.7314987182617188,4.568413734436035,4.029850006103516
3,AT,AKC,urban,2023-07-27T16:00:00+00:00,2023-07-27T19:00:00+00:00,3.7761001586914062,4.069838523864746,3.570650100708008
3,AT,AKC,urban,2023-07-27T17:00:00+00:00,2023-07-27T20:00:00+00:00,4.117798805236816,4.168927192687988,3.703598976135254
3,AT,AKC,urban,2023-07-27T18:00:00+00:00,2023-07-27T21:00:00+00:00,3.9141502380371094,4.129662990570068,3.7314987182617188
3,AT,AKC,urban,2023-07-27T19:00:00+00:00,2023-07-27T22:00:00+00:00,3.1978988647460938,3.9955759048461914,3.7761001586914062
3,AT,AKC,urban,2023-07-27T20:00:00+00:00,2023-07-27T23:00:00+00:00,3.5973997116088867,4.298691272735596,4.117798805236816
3,AT,AKC,urban,2023-07-27T21:00:00+00:00,2023-07-28T00:00:00+00:00,3.3074989318847656,4.159657955169678,3.9141502380371094
3,AT,AKC,urban,2023-07-27T22:00:00+00:00,2023-07-28T01:00:00+00:00,3.1321496963500977,3.4142208099365234,3.1978988647460938
3,AT,AKC,urban,2023-07-27T23:00:00+00:00,2023-07-28T02:00:00+00:00,3.269948959350586,3.9555511474609375,3.5973997116088867
3,AT,AKC,urban,2023-07-28T00:00:00+00:00,2023-07-28T03:00:00+00:00,4.722898960113525,3.6705446243286133,3.3074989318847656
3,AT,AKC,urban,2023-07-28T01:00:00+00:00,2023-07-28T04:00:00+00:00,4.894399642944336,3.7571592330932617,3.1321496963500977
3,AT,AKC,urban,2023-07-28T02:00:00+00:00,2023-07-28T05:00:00+00:00,6.041950225830078,4.283848762512207,3.269948959350586
3,AT,AKC,urban,2023-07-28T03:00:00+00:00,2023-07-28T06:00:00+00:00,15.508000373840332,5.701061248779297,4.722898960113525
3,AT,AKC,urban,2023-07-28T04:00:00+00:00,2023-07-28T07:00:00+00:00,5.49324893951416,5.391397476196289,4.894399642944336
3,AT,AKC,urban,2023-07-28T05:00:00+00:00,2023-07-28T08:00:00+00:00,7.901700019836426,5.678312301635742,6.041950225830078
3,AT,AKC,urban,2023-07-28T06:00:00+00:00,2023-07-28T09:00:00+00:00,8.02449893951416,4.104970455169678,15.508000373840332
3,AT,AKC,urban,2023-07-28T07:00:00+00:00,2023-07-28T10:00:00+00:00,9.614899635314941,5.401645183563232,5.49324893951416
3,AT,AKC,urban,2023-07-28T08:00:00+00:00,2023-07-28T11:00:00+00:00,7.892299175262451,6.400290489196777,7.901700019836426
3,AT,AKC,urban,2023-07-28T09:00:00+00:00,2023-07-28T12:00:00+00:00,5.890550136566162,6.734238624572754,8.02449893951416
3,AT,AKC,urban,2023-07-28T10:00:00+00:00,2023-07-28T13:00:00+00:00,5.443148612976074,8.658956527709961,9.614899635314941
3,AT,AKC,urban,2023-07-28T11:00:00+00:00,2023-07-28T14:00:00+00:00,4.063199043273926,7.727227687835693,7.892299175262451
3,AT,AKC,urban,2023-07-28T12:00:00+00:00,2023-07-28T15:00:00+00:00,3.5770998001098633,5.827938079833984,5.890550136566162
3,AT,AKC,urban,2023-07-28T13:00:00+00:00,2023-07-28T16:00:00+00:00,3.7046985626220703,5.435346603393555,5.443148612976074
3,AT,AKC,urban,2023-07-28T14:00:00+00:00,2023-07-28T17:00:00+00:00,3.8841495513916016,4.09738826751709,4.063199043273926
3,AT,AKC,urban,2023-07-28T15:00:00+00:00,2023-07-28T18:00:00+00:00,4.153800010681152,3.6874656677246094,3.5770998001098633
3,AT,AKC,urban,2023-07-28T16:00:00+00:00,2023-07-28T19:00:00+00:00,3.7931995391845703,3.8727540969848633,3.7046985626220703
3,AT,AKC,urban,2023-07-28T17:00:00+00:00,2023-07-28T20:00:00+00:00,3.4281492233276367,4.0981364250183105,3.8841495513916016
3,AT,AKC,urban,2023-07-28T18:00:00+00:00,2023-07-28T21:00:00+00:00,3.1697492599487305,4.294719219207764,4.153800010681152
3,AT,AKC,urban,2023-07-28T19:00:00+00:00,2023-07-28T22:00:00+00:00,3.09945011138916,4.012292861938477,3.7931995391845703
3,AT,AKC,urban,2023-07-28T20:00:00+00:00,2023-07-28T23:00:00+00:00,3.302849769592285,3.593297004699707,3.4281492233276367
3,AT,AKC,urban,2023-07-28T21:00:00+00:00,2023-07-29T00:00:00+00:00,3.5672998428344727,3.3340625762939453,3.1697492599487305
3,AT,AKC,urban,2023-07-28T22:00:00+00:00,2023-07-29T01:00:00+00:00,3.743100166320801,3.2301769256591797,3.09945011138916
3,AT,AKC,urban,2023-07-28T23:00:00+00:00,2023-07-29T02:00:00+00:00,3.3335494995117188,3.5268478393554688,3.302849769592285
3,AT,AKC,urban,2023-07-29T00:00:00+00:00,2023-07-29T03:00:00+00:00,3.1049489974975586,3.9840192794799805,3.5672998428344727
3,AT,AKC,urban,2023-07-29T01:00:00+00:00,2023-07-29T04:00:00+00:00,2.6710996627807617,4.585968971252441,3.743100166320801
3,AT,AKC,urban,2023-07-29T02:00:00+00:00,2023-07-29T05:00:00+00:00,2.7452001571655273,4.33276891708374,3.3335494995117188
3,AT,AKC,urban,2023-07-29T03:00:00+00:00,2023-07-29T06:00:00+00:00,2.2305498123168945,4.115281105041504,3.1049489974975586
3,AT,AKC,urban,2023-07-29T04:00:00+00:00,2023-07-29T07:00:00+00:00,2.1232500076293945,3.4168882369995117,2.6710996627807617
3,AT,AKC,urban,2023-07-29T05:00:00+00:00,2023-07-29T08:00:00+00:00,2.395998954772949,3.3173303604125977,2.7452001571655273
3,AT,AKC,urban,2023-07-29T06:00:00+00:00,2023-07-29T09:00:00+00:00,1.8681001663208008,2.718583106994629,2.2305498123168945
3,AT,AKC,urban,2023-07-29T07:00:00+00:00,2023-07-29T10:00:00+00:00,1.7864503860473633,2.5697479248046875,2.1232500076293945
3,AT,AKC,urban,2023-07-29T08:00:00+00:00,2023-07-29T11:00:00+00:00,1.7273492813110352,2.725973129272461,2.395998954772949
3,AT,AKC,urban,2023-07-29T09:00:00+00:00,2023-07-29T12:00:00+00:00,2.460249900817871,2.220834732055664,1.8681001663208008
3,AT,AKC,urban,2023-07-29T10:00:00+00:00,2023-07-29T13:00:00+00:00,2.6298484802246094,2.1336069107055664,1.7864503860473633
3,AT,AKC,urban,2023-07-29T11:00:00+00:00,2023-07-29T14:00:00+00:00,2.08335018157959,2.089940071105957,1.7273492813110352
3,AT,AKC,urban,2023-07-29T12:00:00+00:00,2023-07-29T15:00:00+00:00,2.520099639892578,2.807830810546875,2.460249900817871
3,AT,AKC,urban,2023-07-29T13:00:00+00:00,2023-07-29T16:00:00+00:00,3.079549789428711,3.071382522583008,2.6298484802246094
3,AT,AKC,urban,2023-07-29T14:00:00+00:00,2023-07-29T17:00:00+00:00,2.4438486099243164,2.849043846130371,2.08335018157959
3,AT,AKC,urban,2023-07-29T15:00:00+00:00,2023-07-29T18:00:00+00:00,2.2011489868164062,3.2638702392578125,2.520099639892578
3,AT,AKC,urban,2023-07-29T16:00:00+00:00,2023-07-29T19:00:00+00:00,2.435800552368164,3.745488166809082,3.079549789428711
3,AT,AKC,urban,2023-07-29T17:00:00+00:00,2023-07-29T20:00:00+00:00,2.558198928833008,3.128695487976074,2.4438486099243164
3,AT,AKC,urban,2023-07-29T18:00:00+00:00,2023-07-29T21:00:00+00:00,2.6460494995117188,2.7479257583618164,2.2011489868164062
3,AT,AKC,urban,2023-07-29T19:00:00+00:00,2023-07-29T22:00:00+00:00,2.644399642944336,2.834127426147461,2.435800552368164
3,AT,AKC,urban,2023-07-29T20:00:00+00:00,2023-07-29T23:00:00+00:00,2.8386993408203125,2.784195899963379,2.558198928833008
3,AT,AKC,urban,2023-07-29T21:00:00+00:00,2023-07-30T00:00:00+00:00,2.6565990447998047,2.837216377258301,2.6460494995117188
3,AT,AKC,urban,2023-07-29T22:00:00+00:00,2023-07-30T01:00:00+00:00,2.658900260925293,2.788278579711914,2.644399642944336
3,AT,AKC,urban,2023-07-29T23:00:00+00:00,2023-07-30T02:00:00+00:00,2.7308998107910156,2.989755630493164,2.8386993408203125
3,AT,AKC,urban,2023-07-30T00:00:00+00:00,2023-07-30T03:00:00+00:00,3.448148727416992,3.298794746398926,2.6565990447998047
3,AT,AKC,urban,2023-07-30T01:00:00+00:00,2023-07-30T04:00:00+00:00,2.864649772644043,3.4257850646972656,2.658900260925293
3,AT,AKC,urban,2023-07-30T02:00:00+00:00,2023-07-30T05:00:00+00:00,2.8488502502441406,3.5691423416137695,2.7308998107910156
3,AT,AKC,urban,2023-07-30T03:00:00+00:00,2023-07-30T06:00:00+00:00,2.835399627685547,4.164996147155762,3.448148727416992
3,AT,AKC,urban,2023-07-30T04:00:00+00:00,2023-07-30T07:00:00+00:00,2.306399345397949,3.4411802291870117,2.864649772644043
3,AT,AKC,urban,2023-07-30T05:00:00+00:00,2023-07-30T08:00:00+00:00,2.4959487915039062,3.2451171875,2.8488502502441406
3,AT,AKC,urban,2023-07-30T06:00:00+00:00,2023-07-30T09:00:00+00:00,2.5392494201660156,3.2033090591430664,2.835399627685547
3,AT,AKC,urban,2023-07-30T07:00:00+00:00,2023-07-30T10:00:00+00:00,3.120849609375,2.7320404052734375,2.306399345397949
3,AT,AKC,urban,2023-07-30T08:00:00+00:00,2023-07-30T11:00:00+00:00,2.9180498123168945,2.7643957138061523,2.4959487915039062
3,AT,AKC,urban,2023-07-30T09:00:00+00:00,2023-07-30T12:00:00+00:00,2.3819990158081055,2.761969566345215,2.5392494201660156
3,AT,AKC,urban,2023-07-30T10:00:00+00:00,2023-07-30T13:00:00+00:00,1.8118505477905273,3.3396615982055664,3.120849609375
3,AT,AKC,urban,2023-07-30T11:00:00+00:00,2023-07-30T14:00:00+00:00,3.040050506591797,3.223036766052246,2.9180498123168945
3,AT,AKC,urban,2023-07-30T12:00:00+00:00,2023-07-30T15:00:00+00:00,3.2360000610351562,2.810736656188965,2.3819990158081055
3,AT,AKC,urban,2023-07-30T13:00:00+00:00,2023-07-30T16:00:00+00:00,4.032750129699707,2.4052486419677734,1.8118505477905273
3,AT,AKC,urban,2023-07-30T14:00:00+00:00,2023-07-30T17:00:00+00:00,3.0774002075195312,3.5543642044067383,3.040050506591797
3,AT,AKC,urban,2023-07-30T15:00:00+00:00,2023-07-30T18:00:00+00:00,2.6872501373291016,3.773456573486328,3.2360000610351562
3,AT,AKC,urban,2023-07-30T16:00:00+00:00,2023-07-30T19:00:00+00:00,2.689249038696289,4.50722074508667,4.032750129699707
3,AT,AKC,urban,2023-07-30T17:00:00+00:00,2023-07-30T20:00:00+00:00,2.8334503173828125,3.6548538208007812,3.0774002075195312
3,AT,AKC,urban,2023-07-30T18:00:00+00:00,2023-07-30T21:00:00+00:00,2.8339500427246094,3.3288373947143555,2.6872501373291016
3,AT,AKC,urban,2023-07-30T19:00:00+00:00,2023-07-30T22:00:00+00:00,3.1314001083374023,3.166184425354004,2.689249038696289
3,AT,AKC,urban,2023-07-30T20:00:00+00:00,2023-07-30T23:00:00+00:00,3.0553503036499023,3.0972509384155273,2.8334503173828125
3,AT,AKC,urban,2023-07-30T21:00:00+00:00,2023-07-31T00:00:00+00:00,3.046598434448242,3.016489028930664,2.8339500427246094
3,AT,AKC,urban,2023-07-30T22:00:00+00:00,2023-07-31T01:00:00+00:00,3.177898406982422,3.2658872604370117,3.1314001083374023
3,AT,AKC,urban,2023-07-30T23:00:00+00:00,2023-07-31T02:00:00+00:00,3.3883495330810547,3.2710132598876953,3.0553503036499023
3,AT,AKC,urban,2023-07-31T00:00:00+00:00,2023-07-31T03:00:00+00:00,4.421800136566162,3.6947784423828125,3.046598434448242
3,AT,AKC,urban,2023-07-31T01:00:00+00:00,2023-07-31T04:00:00+00:00,4.453299045562744,3.992772102355957,3.177898406982422
3,AT,AKC,urban,2023-07-31T02:00:00+00:00,2023-07-31T05:00:00+00:00,4.690948963165283,4.290141582489014,3.3883495330810547
3,AT,AKC,urban,2023-07-31T03:00:00+00:00,2023-07-31T06:00:00+00:00,4.619548797607422,5.050574779510498,4.421800136566162
3,AT,AKC,urban,2023-07-31T04:00:00+00:00,2023-07-31T07:00:00+00:00,3.944549560546875,4.922883033752441,4.453299045562744
3,AT,AKC,urban,2023-07-31T05:00:00+00:00,2023-07-31T08:00:00+00:00,4.062648773193359,4.887402534484863,4.690948963165283
3,AT,AKC,urban,2023-07-31T06:00:00+00:00,2023-07-31T09:00:00+00:00,4.1592488288879395,4.6890363693237305,4.619548797607422
3,AT,AKC,urban,2023-07-31T07:00:00+00:00,2023-07-31T10:00:00+00:00,3.8128490447998047,4.0284929275512695,3.944549560546875
3,AT,AKC,urban,2023-07-31T08:00:00+00:00,2023-07-31T11:00:00+00:00,4.031000137329102,4.132510185241699,4.062648773193359
3,AT,AKC,urban,2023-07-31T09:00:00+00:00,2023-07-31T12:00:00+00:00,3.933650016784668,4.237708568572998,4.1592488288879395
3,AT,AKC,urban,2023-07-31T10:00:00+00:00,2023-07-31T13:00:00+00:00,4.399700164794922,3.927145004272461,3.8128490447998047
3,AT,AKC,urban,2023-07-31T11:00:00+00:00,2023-07-31T14:00:00+00:00,3.656099319458008,4.165668964385986,4.031000137329102
3,AT,AKC,urban,2023-07-31T12:00:00+00:00,2023-07-31T15:00:00+00:00,3.551898956298828,4.112119674682617,3.933650016784668
3,AT,AKC,urban,2023-07-31T13:00:00+00:00,2023-07-31T16:00:00+00:00,3.2264490127563477,4.564645767211914,4.399700164794922
3,AT,AKC,urban,2023-07-31T14:00:00+00:00,2023-07-31T17:00:00+00:00,3.907750129699707,4.091228008270264,3.656099319458008
3,AT,AKC,urban,2023-07-31T15:00:00+00:00,2023-07-31T18:00:00+00:00,4.561698913574219,4.175686359405518,3.551898956298828
3,AT,AKC,urban,2023-07-31T16:00:00+00:00,2023-07-31T19:00:00+00:00,5.022900104522705,4.021258354187012,3.2264490127563477
3,AT,AKC,urban,2023-07-31T17:00:00+00:00,2023-07-31T20:00:00+00:00,5.307700157165527,4.621435642242432,3.907750129699707
3,AT,AKC,urban,2023-07-31T18:00:00+00:00,2023-07-31T21:00:00+00:00,5.485498905181885,5.325877666473389,4.561698913574219
3,AT,AKC,urban,2023-07-31T19:00:00+00:00,2023-07-31T22:00:00+00:00,5.507999897003174,5.523033618927002,5.022900104522705
3,AT,AKC,urban,2023-07-31T20:00:00+00:00,2023-07-31T23:00:00+00:00,6.175000190734863,5.625312805175781,5.307700157165527
3,AT,AKC,urban,2023-07-31T21:00:00+00:00,2023-08-01T00:00:00+00:00,5.671350002288818,5.733767032623291,5.485498905181885
3,AT,AKC,urban,2023-07-31T22:00:00+00:00,2023-08-01T01:00:00+00:00,5.516749858856201,5.637874126434326,5.507999897003174
3,AT,AKC,urban,2023-07-31T23:00:00+00:00,2023-08-01T02:00:00+00:00,5.500848770141602,6.283443450927734,6.175000190734863
3,AT,AKC,urban,2023-08-01T00:00:00+00:00,2023-08-01T03:00:00+00:00,5.9606499671936035,6.031874656677246,5.671350002288818
3,AT,AKC,urban,2023-08-01T01:00:00+00:00,2023-08-01T04:00:00+00:00,7.609649181365967,6.205399990081787,5.516749858856201
3,AT,AKC,urban,2023-08-01T02:00:00+00:00,2023-08-01T05:00:00+00:00,8.030448913574219,6.619701385498047,5.500848770141602
3,AT,AKC,urban,2023-08-01T03:00:00+00:00,2023-08-01T06:00:00+00:00,8.623148918151855,6.977641582489014,5.9606499671936035
3,AT,AKC,urban,2023-08-01T04:00:00+00:00,2023-08-01T07:00:00+00:00,8.486848831176758,7.73836612701416,7.609649181365967
3,AT,AKC,urban,2023-08-01T05:00:00+00:00,2023-08-01T08:00:00+00:00,8.463748931884766,7.357983589172363,8.030448913574219
3,AT,AKC,urban,2023-08-01T06:00:00+00:00,2023-08-01T09:00:00+00:00,6.797248840332031,7.703857421875,8.623148918151855
3,AT,AKC,urban,2023-08-01T07:00:00+00:00,2023-08-01T10:00:00+00:00,5.946700096130371,7.721748352050781,8.486848831176758
3,AT,AKC,urban,2023-08-01T08:00:00+00:00,2023-08-01T11:00:00+00:00,7.9523491859436035,7.708943843841553,8.463748931884766
3,AT,AKC,urban,2023-08-01T09:00:00+00:00,2023-08-01T12:00:00+00:00,8.010600090026855,6.240392208099365,6.797248840332031
3,AT,AKC,urban,2023-08-01T10:00:00+00:00,2023-08-01T13:00:00+00:00,10.190850257873535,5.824270725250244,5.946700096130371
3,AT,AKC,urban,2023-08-01T11:00:00+00:00,2023-08-01T14:00:00+00:00,6.658298969268799,7.299859523773193,7.9523491859436035
3,AT,AKC,urban,2023-08-01T12:00:00+00:00,2023-08-01T15:00:00+00:00,6.003199100494385,7.382660865783691,8.010600090026855
3,AT,AKC,urban,2023-08-01T13:00:00+00:00,2023-08-01T16:00:00+00:00,6.460498809814453,8.897092819213867,10.190850257873535
3,AT,AKC,urban,2023-08-01T14:00:00+00:00,2023-08-01T17:00:00+00:00,5.985449314117432,6.632622718811035,6.658298969268799
3,AT,AKC,urban,2023-08-01T15:00:00+00:00,2023-08-01T18:00:00+00:00,5.808700084686279,5.814659595489502,6.003199100494385
3,AT,AKC,urban,2023-08-01T16:00:00+00:00,2023-08-01T19:00:00+00:00,5.572999000549316,6.487834930419922,6.460498809814453
3,AT,AKC,urban,2023-08-01T17:00:00+00:00,2023-08-01T20:00:00+00:00,6.289898872375488,5.9672675132751465,5.985449314117432
3,AT,AKC,urban,2023-08-01T18:00:00+00:00,2023-08-01T21:00:00+00:00,4.56234884262085,6.404529571533203,5.808700084686279
3,AT,AKC,urban,2023-08-01T19:00:00+00:00,2023-08-01T22:00:00+00:00,3.108999252319336,6.372488498687744,5.572999000549316
3,AT,AKC,urban,2023-08-01T20:00:00+00:00,2023-08-01T23:00:00+00:00,3.152050018310547,6.768599987030029,6.289898872375488
3,AT,AKC,urban,2023-08-01T21:00:00+00:00,2023-08-02T00:00:00+00:00,2.817699432373047,4.80389404296875,4.56234884262085
3,AT,AKC,urban,2023-08-01T22:00:00+00:00,2023-08-02T01:00:00+00:00,2.5960493087768555,3.2396345138549805,3.108999252319336
3,AT,AKC,urban,2023-08-01T23:00:00+00:00,2023-08-02T02:00:00+00:00,2.239398956298828,3.4698829650878906,3.152050018310547
3,AT,AKC,urban,2023-08-02T00:00:00+00:00,2023-08-02T03:00:00+00:00,2.613650321960449,3.6658592224121094,2.817699432373047
3,AT,AKC,urban,2023-08-02T01:00:00+00:00,2023-08-02T04:00:00+00:00,2.8661489486694336,3.5269384384155273,2.5960493087768555
3,AT,AKC,urban,2023-08-02T02:00:00+00:00,2023-08-02T05:00:00+00:00,6.014300346374512,3.1648035049438477,2.239398956298828
3,AT,AKC,urban,2023-08-02T03:00:00+00:00,2023-08-02T06:00:00+00:00,5.1633992195129395,3.5026073455810547,2.613650321960449
3,AT,AKC,urban,2023-08-02T04:00:00+00:00,2023-08-02T07:00:00+00:00,4.720600128173828,3.625791549682617,2.8661489486694336
3,AT,AKC,urban,2023-08-02T05:00:00+00:00,2023-08-02T08:00:00+00:00,4.748600006103516,5.8298163414001465,6.014300346374512
3,AT,AKC,urban,2023-08-02T06:00:00+00:00,2023-08-02T09:00:00+00:00,3.90310001373291,5.07942533493042,5.1633992195129395
3,AT,AKC,urban,2023-08-02T07:00:00+00:00,2023-08-02T10:00:00+00:00,3.4076995849609375,4.80310583114624,4.720600128173828
3,AT,AKC,urban,2023-08-02T08:00:00+00:00,2023-08-02T11:00:00+00:00,3.295198440551758,4.838973045349121,4.748600006103516
3,AT,AKC,urban,2023-08-02T09:00:00+00:00,2023-08-02T12:00:00+00:00,3.2885990142822266,4.208649158477783,3.90310001373291
3,AT,AKC,urban,2023-08-02T10:00:00+00:00,2023-08-02T13:00:00+00:00,4.7268500328063965,3.707469940185547,3.4076995849609375
3,AT,AKC,urban,2023-08-02T11:00:00+00:00,2023-08-02T14:00:00+00:00,5.732748985290527,3.5297203063964844,3.295198440551758
3,AT,AKC,urban,2023-08-02T12:00:00+00:00,2023-08-02T15:00:00+00:00,2.7909984588623047,3.4910030364990234,3.2885990142822266
3,AT,AKC,urban,2023-08-02T13:00:00+00:00,2023-08-02T16:00:00+00:00,2.8042497634887695,4.495344161987305,4.7268500328063965
3,AT,AKC,urban,2023-08-02T14:00:00+00:00,2023-08-02T17:00:00+00:00,2.779298782348633,5.250596046447754,5.732748985290527
3,AT,AKC,urban,2023-08-02T15:00:00+00:00,2023-08-02T18:00:00+00:00,2.5341501235961914,3.0057058334350586,2.7909984588623047
3,AT,AKC,urban,2023-08-02T16:00:00+00:00,2023-08-02T19:00:00+00:00,2.717498779296875,2.994924545288086,2.8042497634887695
3,AT,AKC,urban,2023-08-02T17:00:00+00:00,2023-08-02T20:00:00+00:00,2.9384994506835938,3.2246198654174805,2.779298782348633
3,AT,AKC,urban,2023-08-02T18:00:00+00:00,2023-08-02T21:00:00+00:00,3.317500114440918,2.8108835220336914,2.5341501235961914
3,AT,AKC,urban,2023-08-02T19:00:00+00:00,2023-08-02T22:00:00+00:00,3.6541996002197266,2.882887840270996,2.717498779296875
3,AT,AKC,urban,2023-08-02T20:00:00+00:00,2023-08-02T23:00:00+00:00,3.890549659729004,2.99129581451416,2.9384994506835938
3,AT,AKC,urban,2023-08-02T21:00:00+00:00,2023-08-03T00:00:00+00:00,4.142899036407471,3.3746137619018555,3.317500114440918
3,AT,AKC,urban,2023-08-02T22:00:00+00:00,2023-08-03T01:00:00+00:00,4.276300430297852,3.766568183898926,3.6541996002197266
3,AT,AKC,urban,2023-08-02T23:00:00+00:00,2023-08-03T02:00:00+00:00,4.102550029754639,4.0466718673706055,3.890549659729004
3,AT,AKC,urban,2023-08-03T00:00:00+00:00,2023-08-03T03:00:00+00:00,4.350049018859863,4.5953874588012695,4.142899036407471
3,AT,AKC,urban,2023-08-03T01:00:00+00:00,2023-08-03T04:00:00+00:00,4.122498989105225,4.862025737762451,4.276300430297852
3,AT,AKC,urban,2023-08-03T02:00:00+00:00,2023-08-03T05:00:00+00:00,4.479700088500977,4.90600061416626,4.102550029754639
3,AT,AKC,urban,2023-08-03T03:00:00+00:00,2023-08-03T06:00:00+00:00,4.411698818206787,4.957212448120117,4.350049018859863
3,AT,AKC,urban,2023-08-03T04:00:00+00:00,2023-08-03T07:00:00+00:00,3.7491493225097656,4.733608245849609,4.122498989105225
3,AT,AKC,urban,2023-08-03T05:00:00+00:00,2023-08-03T08:00:00+00:00,5.8558502197265625,4.687469005584717,4.479700088500977
3,AT,AKC,urban,2023-08-03T06:00:00+00:00,2023-08-03T09:00:00+00:00,4.51064920425415,4.591428756713867,4.411698818206787
3,AT,AKC,urban,2023-08-03T07:00:00+00:00,2023-08-03T10:00:00+00:00,3.458250045776367,3.95351505279541,3.7491493225097656
3,AT,AKC,urban,2023-08-03T08:00:00+00:00,2023-08-03T11:00:00+00:00,6.240149974822998,5.405616760253906,5.8558502197265625
3,AT,AKC,urban,2023-08-03T09:00:00+00:00,2023-08-03T12:00:00+00:00,4.569749355316162,4.396445274353027,4.51064920425415
3,AT,AKC,urban,2023-08-03T10:00:00+00:00,2023-08-03T13:00:00+00:00,4.367898464202881,3.651926040649414,3.458250045776367
3,AT,AKC,urban,2023-08-03T11:00:00+00:00,2023-08-03T14:00:00+00:00,3.5069990158081055,5.416167259216309,6.240149974822998
3,AT,AKC,urban,2023-08-03T12:00:00+00:00,2023-08-03T15:00:00+00:00,3.6732492446899414,4.701539039611816,4.569749355316162
3,AT,AKC,urban,2023-08-03T13:00:00+00:00,2023-08-03T16:00:00+00:00,3.2328500747680664,4.61094331741333,4.367898464202881
3,AT,AKC,urban,2023-08-03T14:00:00+00:00,2023-08-03T17:00:00+00:00,3.4391002655029297,3.9554357528686523,3.5069990158081055
3,AT,AKC,urban,2023-08-03T15:00:00+00:00,2023-08-03T18:00:00+00:00,3.7107505798339844,4.29718542098999,3.6732492446899414
3,AT,AKC,urban,2023-08-03T16:00:00+00:00,2023-08-03T19:00:00+00:00,4.263548851013184,3.973202705383301,3.2328500747680664
3,AT,AKC,urban,2023-08-03T17:00:00+00:00,2023-08-03T20:00:00+00:00,3.995199203491211,3.6963605880737305,3.4391002655029297
3,AT,AKC,urban,2023-08-03T18:00:00+00:00,2023-08-03T21:00:00+00:00,4.313098907470703,4.115681171417236,3.7107505798339844
3,AT,AKC,urban,2023-08-03T19:00:00+00:00,2023-08-03T22:00:00+00:00,4.09644889831543,4.413815498352051,4.263548851013184
3,AT,AKC,urban,2023-08-03T20:00:00+00:00,2023-08-03T23:00:00+00:00,4.065548896789551,4.126513957977295,3.995199203491211
3,AT,AKC,urban,2023-08-03T21:00:00+00:00,2023-08-04T00:00:00+00:00,3.6659984588623047,4.433354377746582,4.313098907470703
3,AT,AKC,urban,2023-08-03T22:00:00+00:00,2023-08-04T01:00:00+00:00,3.0128002166748047,4.228338241577148,4.09644889831543
3,AT,AKC,urban,2023-08-03T23:00:00+00:00,2023-08-04T02:00:00+00:00,3.000948905944824,4.3842878341674805,4.065548896789551
3,AT,AKC,urban,2023-08-04T00:00:00+00:00,2023-08-04T03:00:00+00:00,3.5835494995117188,4.278442859649658,3.6659984588623047
3,AT,AKC,urban,2023-08-04T01:00:00+00:00,2023-08-04T04:00:00+00:00,3.5788497924804688,3.836444854736328,3.0128002166748047
3,AT,AKC,urban,2023-08-04T02:00:00+00:00,2023-08-04T05:00:00+00:00,4.684899806976318,4.386984348297119,3.000948905944824
3,AT,AKC,urban,2023-08-04T03:00:00+00:00,2023-08-04T06:00:00+00:00,4.581699848175049,4.968080520629883,3.5835494995117188
3,AT,AKC,urban,2023-08-04T04:00:00+00:00,2023-08-04T07:00:00+00:00,3.4935989379882812,4.365786552429199,3.5788497924804688
3,AT,AKC,urban,2023-08-04T05:00:00+00:00,2023-08-04T08:00:00+00:00,3.6180496215820312,4.989124298095703,4.684899806976318
3,AT,AKC,urban,2023-08-04T06:00:00+00:00,2023-08-04T09:00:00+00:00,4.8754987716674805,4.849633693695068,4.581699848175049
3,AT,AKC,urban,2023-08-04T07:00:00+00:00,2023-08-04T10:00:00+00:00,4.752348899841309,3.6690683364868164,3.4935989379882812
3,AT,AKC,urban,2023-08-04T08:00:00+00:00,2023-08-04T11:00:00+00:00,4.577098846435547,3.755366325378418,3.6180496215820312
3,AT,AKC,urban,2023-08-04T09:00:00+00:00,2023-08-04T12:00:00+00:00,5.689849376678467,4.924218654632568,4.8754987716674805
3,AT,AKC,urban,2023-08-04T10:00:00+00:00,2023-08-04T13:00:00+00:00,3.4906005859375,4.807497978210449,4.752348899841309
3,AT,AKC,urban,2023-08-04T11:00:00+00:00,2023-08-04T14:00:00+00:00,3.293649673461914,4.695143222808838,4.577098846435547
3,AT,AKC,urban,2023-08-04T12:00:00+00:00,2023-08-04T15:00:00+00:00,3.226999282836914,5.744961261749268,5.689849376678467
3,AT,AKC,urban,2023-08-04T13:00:00+00:00,2023-08-04T16:00:00+00:00,2.5720996856689453,3.63289737701416,3.4906005859375
3,AT,AKC,urban,2023-08-04T14:00:00+00:00,2023-08-04T17:00:00+00:00,2.8510494232177734,3.6336631774902344,3.293649673461914
3,AT,AKC,urban,2023-08-04T15:00:00+00:00,2023-08-04T18:00:00+00:00,3.4242496490478516,4.287875175476074,3.226999282836914
3,AT,AKC,urban,2023-08-04T16:00:00+00:00,2023-08-04T19:00:00+00:00,3.206449508666992,3.8960227966308594,2.5720996856689453
3,AT,AKC,urban,2023-08-04T17:00:00+00:00,2023-08-04T20:00:00+00:00,2.6716489791870117,4.181196689605713,2.8510494232177734
3,AT,AKC,urban,2023-08-04T18:00:00+00:00,2023-08-04T21:00:00+00:00,2.9678001403808594,4.8098578453063965,3.4242496490478516
3,AT,AKC,urban,2023-08-04T19:00:00+00:00,2023-08-04T22:00:00+00:00,2.9439496994018555,4.115657806396484,3.206449508666992
3,AT,AKC,urban,2023-08-04T20:00:00+00:00,2023-08-04T23:00:00+00:00,2.8407487869262695,3.4993324279785156,2.6716489791870117
3,AT,AKC,urban,2023-08-04T21:00:00+00:00,2023-08-05T00:00:00+00:00,3.033050537109375,3.75870418548584,2.9678001403808594
3,AT,AKC,urban,2023-08-04T22:00:00+00:00,2023-08-05T01:00:00+00:00,3.8470497131347656,3.4781618118286133,2.9439496994018555
3,AT,AKC,urban,2023-08-04T23:00:00+00:00,2023-08-05T02:00:00+00:00,3.316648483276367,3.411954879760742,2.8407487869262695
3,AT,AKC,urban,2023-08-05T00:00:00+00:00,2023-08-05T03:00:00+00:00,3.764899253845215,3.631863594055176,3.033050537109375
3,AT,AKC,urban,2023-08-05T01:00:00+00:00,2023-08-05T04:00:00+00:00,4.6231489181518555,4.074171543121338,3.8470497131347656
3,AT,AKC,urban,2023-08-05T02:00:00+00:00,2023-08-05T05:00:00+00:00,5.084198951721191,3.6469240188598633,3.316648483276367
3,AT,AKC,urban,2023-08-05T03:00:00+00:00,2023-08-05T06:00:00+00:00,4.977700233459473,4.195194721221924,3.764899253845215
3,AT,AKC,urban,2023-08-05T04:00:00+00:00,2023-08-05T07:00:00+00:00,4.731698989868164,4.853616714477539,4.6231489181518555
3,AT,AKC,urban,2023-08-05T05:00:00+00:00,2023-08-05T08:00:00+00:00,6.229498863220215,5.172872543334961,5.084198951721191
3,AT,AKC,urban,2023-08-05T06:00:00+00:00,2023-08-05T09:00:00+00:00,5.927999019622803,5.058363437652588,4.977700233459473
3,AT,AKC,urban,2023-08-05T07:00:00+00:00,2023-08-05T10:00:00+00:00,3.7981996536254883,4.811946392059326,4.731698989868164
3,AT,AKC,urban,2023-08-05T08:00:00+00:00,2023-08-05T11:00:00+00:00,3.732698440551758,6.082589626312256,6.229498863220215
3,AT,AKC,urban,2023-08-05T09:00:00+00:00,2023-08-05T12:00:00+00:00,2.5527496337890625,5.73204231262207,5.927999019622803
3,AT,AKC,urban,2023-08-05T10:00:00+00:00,2023-08-05T13:00:00+00:00,2.162698745727539,3.862100601196289,3.7981996536254883
3,AT,AKC,urban,2023-08-05T11:00:00+00:00,2023-08-05T14:00:00+00:00,2.624349594116211,3.954197883605957,3.732698440551758
3,AT,AKC,urban,2023-08-05T12:00:00+00:00,2023-08-05T15:00:00+00:00,2.4513492584228516,2.905790328979492,2.5527496337890625
3,AT,AKC,urban,2023-08-05T13:00:00+00:00,2023-08-05T16:00:00+00:00,2.0615501403808594,2.5562658309936523,2.162698745727539
3,AT,AKC,urban,2023-08-05T14:00:00+00:00,2023-08-05T17:00:00+00:00,1.6955490112304688,3.058314323425293,2.624349594116211
3,AT,AKC,urban,2023-08-05T15:00:00+00:00,2023-08-05T18:00:00+00:00,1.8255500793457031,2.9631433486938477,2.4513492584228516
3,AT,AKC,urban,2023-08-05T16:00:00+00:00,2023-08-05T19:00:00+00:00,2.224400520324707,2.6262283325195312,2.0615501403808594
3,AT,AKC,urban,2023-08-05T17:00:00+00:00,2023-08-05T20:00:00+00:00,1.7435503005981445,2.3043365478515625,1.6955490112304688
3,AT,AKC,urban,2023-08-05T18:00:00+00:00,2023-08-05T21:00:00+00:00,1.2940998077392578,2.271164894104004,1.8255500793457031
3,AT,AKC,urban,2023-08-05T19:00:00+00:00,2023-08-05T22:00:00+00:00,0.9562387466430664,2.4870243072509766,2.224400520324707
3,AT,AKC,urban,2023-08-05T20:00:00+00:00,2023-08-05T23:00:00+00:00,0.9311389923095703,1.9675607681274414,1.7435503005981445
3,AT,AKC,urban,2023-08-05T21:00:00+00:00,2023-08-06T00:00:00+00:00,0.9296245574951172,1.478327751159668,1.2940998077392578
3,AT,AKC,urban,2023-08-05T22:00:00+00:00,2023-08-06T01:00:00+00:00,1.0209312438964844,1.1243705749511719,0.9562387466430664
3,AT,AKC,urban,2023-08-05T23:00:00+00:00,2023-08-06T02:00:00+00:00,1.3011484146118164,1.1413249969482422,0.9311389923095703
3,AT,AKC,urban,2023-08-06T00:00:00+00:00,2023-08-06T03:00:00+00:00,2.0797996520996094,1.2686700820922852,0.9296245574951172
3,AT,AKC,urban,2023-08-06T01:00:00+00:00,2023-08-06T04:00:00+00:00,2.602749824523926,1.3258953094482422,1.0209312438964844
3,AT,AKC,urban,2023-08-06T02:00:00+00:00,2023-08-06T05:00:00+00:00,2.4978485107421875,1.6560821533203125,1.3011484146118164
3,AT,AKC,urban,2023-08-06T03:00:00+00:00,2023-08-06T06:00:00+00:00,2.5569000244140625,2.41719913482666,2.0797996520996094
3,AT,AKC,urban,2023-08-06T04:00:00+00:00,2023-08-06T07:00:00+00:00,2.6247997283935547,2.853348731994629,2.602749824523926
3,AT,AKC,urban,2023-08-06T05:00:00+00:00,2023-08-06T08:00:00+00:00,3.0370988845825195,2.6805553436279297,2.4978485107421875
3,AT,AKC,urban,2023-08-06T06:00:00+00:00,2023-08-06T09:00:00+00:00,3.6037492752075195,2.677750587463379,2.5569000244140625
3,AT,AKC,urban,2023-08-06T07:00:00+00:00,2023-08-06T10:00:00+00:00,3.555299758911133,2.745244026184082,2.6247997283935547
3,AT,AKC,urban,2023-08-06T08:00:00+00:00,2023-08-06T11:00:00+00:00,4.256598949432373,3.0849170684814453,3.0370988845825195
3,AT,AKC,urban,2023-08-06T09:00:00+00:00,2023-08-06T12:00:00+00:00,4.004600524902344,3.521714210510254,3.6037492752075195
3,AT,AKC,urban,2023-08-06T10:00:00+00:00,2023-08-06T13:00:00+00:00,4.1946492195129395,3.533559799194336,3.555299758911133
3,AT,AKC,urban,2023-08-06T11:00:00+00:00,2023-08-06T14:00:00+00:00,2.5625,4.220938205718994,4.256598949432373
3,AT,AKC,urban,2023-08-06T12:00:00+00:00,2023-08-06T15:00:00+00:00,1.6727991104125977,4.103456497192383,4.004600524902344
3,AT,AKC,urban,2023-08-06T13:00:00+00:00,2023-08-06T16:00:00+00:00,1.4306488037109375,4.295896530151367,4.1946492195129395
3,AT,AKC,urban,2023-08-06T14:00:00+00:00,2023-08-06T17:00:00+00:00,1.4042978286743164,2.9070510864257812,2.5625
3,AT,AKC,urban,2023-08-06T15:00:00+00:00,2023-08-06T18:00:00+00:00,1.2301998138427734,2.2568178176879883,1.6727991104125977
3,AT,AKC,urban,2023-08-06T16:00:00+00:00,2023-08-06T19:00:00+00:00,1.2607994079589844,2.0277719497680664,1.4306488037109375
3,AT,AKC,urban,2023-08-06T17:00:00+00:00,2023-08-06T20:00:00+00:00,1.1957988739013672,1.8186540603637695,1.4042978286743164
3,AT,AKC,urban,2023-08-06T18:00:00+00:00,2023-08-06T21:00:00+00:00,1.1346502304077148,1.4611692428588867,1.2301998138427734
3,AT,AKC,urban,2023-08-06T19:00:00+00:00,2023-08-06T22:00:00+00:00,1.2232494354248047,1.3931808471679688,1.2607994079589844
3,AT,AKC,urban,2023-08-06T20:00:00+00:00,2023-08-06T23:00:00+00:00,1.42974853515625,1.300583839416504,1.1957988739013672
3,AT,AKC,urban,2023-08-06T21:00:00+00:00,2023-08-07T00:00:00+00:00,1.5987987518310547,1.2169761657714844,1.1346502304077148
3,AT,AKC,urban,2023-08-06T22:00:00+00:00,2023-08-07T01:00:00+00:00,1.752349853515625,1.3469829559326172,1.2232494354248047
3,AT,AKC,urban,2023-08-06T23:00:00+00:00,2023-08-07T02:00:00+00:00,2.0228500366210938,1.5534820556640625,1.42974853515625
3,AT,AKC,urban,2023-08-07T00:00:00+00:00,2023-08-07T03:00:00+00:00,2.087850570678711,1.7439241409301758,1.5987987518310547
3,AT,AKC,urban,2023-08-07T01:00:00+00:00,2023-08-07T04:00:00+00:00,1.8980998992919922,1.9172391891479492,1.752349853515625
3,AT,AKC,urban,2023-08-07T02:00:00+00:00,2023-08-07T05:00:00+00:00,2.088399887084961,2.3104400634765625,2.0228500366210938
3,AT,AKC,urban,2023-08-07T03:00:00+00:00,2023-08-07T06:00:00+00:00,2.3969497680664062,2.416921615600586,2.087850570678711
3,AT,AKC,urban,2023-08-07T04:00:00+00:00,2023-08-07T07:00:00+00:00,2.329648971557617,2.187938690185547,1.8980998992919922
3,AT,AKC,urban,2023-08-07T05:00:00+00:00,2023-08-07T08:00:00+00:00,2.258899688720703,2.295228958129883,2.088399887084961
3,AT,AKC,urban,2023-08-07T06:00:00+00:00,2023-08-07T09:00:00+00:00,2.425848960876465,2.5424928665161133,2.3969497680664062
3,AT,AKC,urban,2023-08-07T07:00:00+00:00,2023-08-07T10:00:00+00:00,1.9271488189697266,2.447277069091797,2.329648971557617
3,AT,AKC,urban,2023-08-07T08:00:00+00:00,2023-08-07T11:00:00+00:00,2.3894004821777344,2.381315231323242,2.258899688720703
3,AT,AKC,urban,2023-08-07T09:00:00+00:00,2023-08-07T12:00:00+00:00,3.21090030670166,2.583311080932617,2.425848960876465
3,AT,AKC,urban,2023-08-07T10:00:00+00:00,2023-08-07T13:00:00+00:00,3.5343494415283203,2.115194320678711,1.9271488189697266
3,AT,AKC,urban,2023-08-07T11:00:00+00:00,2023-08-07T14:00:00+00:00,4.204648971557617,2.5713281631469727,2.3894004821777344
3,AT,AKC,urban,2023-08-07T12:00:00+00:00,2023-08-07T15:00:00+00:00,4.0457000732421875,3.3498048782348633,3.21090030670166
3,AT,AKC,urban,2023-08-07T13:00:00+00:00,2023-08-07T16:00:00+00:00,2.5899505615234375,3.6070775985717773,3.5343494415283203
3,AT,AKC,urban,2023-08-07T14:00:00+00:00,2023-08-07T17:00:00+00:00,1.8035993576049805,4.2855143547058105,4.204648971557617
3,AT,AKC,urban,2023-08-07T15:00:00+00:00,2023-08-07T18:00:00+00:00,1.6682004928588867,4.231506824493408,4.0457000732421875
3,AT,AKC,urban,2023-08-07T16:00:00+00:00,2023-08-07T19:00:00+00:00,2.2405996322631836,2.944307327270508,2.5899505615234375
3,AT,AKC,urban,2023-08-07T17:00:00+00:00,2023-08-07T20:00:00+00:00,2.336050033569336,2.139139175415039,1.8035993576049805
3,AT,AKC,urban,2023-08-07T18:00:00+00:00,2023-08-07T21:00:00+00:00,1.9091005325317383,1.977590560913086,1.6682004928588867
3,AT,AKC,urban,2023-08-07T19:00:00+00:00,2023-08-07T22:00:00+00:00,2.076448440551758,2.435309410095215,2.2405996322631836
3,AT,AKC,urban,2023-08-07T20:00:00+00:00,2023-08-07T23:00:00+00:00,2.410249710083008,2.4630327224731445,2.336050033569336
3,AT,AKC,urban,2023-08-07T21:00:00+00:00,2023-08-08T00:00:00+00:00,2.420199394226074,2.032834053039551,1.9091005325317383
3,AT,AKC,urban,2023-08-07T22:00:00+00:00,2023-08-08T01:00:00+00:00,2.415499687194824,2.2001819610595703,2.076448440551758
3,AT,AKC,urban,2023-08-07T23:00:00+00:00,2023-08-08T02:00:00+00:00,2.4531993865966797,2.533982276916504,2.410249710083008
3,AT,AKC,urban,2023-08-08T00:00:00+00:00,2023-08-08T03:00:00+00:00,2.9650001525878906,2.6496849060058594,2.420199394226074
3,AT,AKC,urban,2023-08-08T01:00:00+00:00,2023-08-08T04:00:00+00:00,2.8651485443115234,2.8482980728149414,2.415499687194824
3,AT,AKC,urban,2023-08-08T02:00:00+00:00,2023-08-08T05:00:00+00:00,4.050600051879883,3.0627975463867188,2.4531993865966797
3,AT,AKC,urban,2023-08-08T03:00:00+00:00,2023-08-08T06:00:00+00:00,5.866650104522705,3.6101579666137695,2.9650001525878906
3,AT,AKC,urban,2023-08-08T04:00:00+00:00,2023-08-08T07:00:00+00:00,5.090548515319824,3.4606637954711914,2.8651485443115234
3,AT,AKC,urban,2023-08-08T05:00:00+00:00,2023-08-08T08:00:00+00:00,6.216849327087402,4.272103309631348,4.050600051879883
3,AT,AKC,urban,2023-08-08T06:00:00+00:00,2023-08-08T09:00:00+00:00,5.879849910736084,5.299708843231201,5.866650104522705
3,AT,AKC,urban,2023-08-08T07:00:00+00:00,2023-08-08T10:00:00+00:00,4.51455020904541,4.781144142150879,5.090548515319824
3,AT,AKC,urban,2023-08-08T08:00:00+00:00,2023-08-08T11:00:00+00:00,5.65625,5.737687587738037,6.216849327087402
3,AT,AKC,urban,2023-08-08T09:00:00+00:00,2023-08-08T12:00:00+00:00,4.310598850250244,5.4431304931640625,5.879849910736084
3,AT,AKC,urban,2023-08-08T10:00:00+00:00,2023-08-08T13:00:00+00:00,4.334198951721191,4.393549919128418,4.51455020904541
3,AT,AKC,urban,2023-08-08T11:00:00+00:00,2023-08-08T14:00:00+00:00,3.795198440551758,5.395346164703369,5.65625
3,AT,AKC,urban,2023-08-08T12:00:00+00:00,2023-08-08T15:00:00+00:00,3.140348434448242,4.418925762176514,4.310598850250244
3,AT,AKC,urban,2023-08-08T13:00:00+00:00,2023-08-08T16:00:00+00:00,6.718898773193359,4.418570518493652,4.334198951721191
3,AT,AKC,urban,2023-08-08T14:00:00+00:00,2023-08-08T17:00:00+00:00,3.018448829650879,4.108205318450928,3.795198440551758
3,AT,AKC,urban,2023-08-08T15:00:00+00:00,2023-08-08T18:00:00+00:00,3.582900047302246,3.7599802017211914,3.140348434448242
3,AT,AKC,urban,2023-08-08T16:00:00+00:00,2023-08-08T19:00:00+00:00,4.051349639892578,5.553369045257568,6.718898773193359
3,AT,AKC,urban,2023-08-08T17:00:00+00:00,2023-08-08T20:00:00+00:00,4.390850067138672,3.4832630157470703,3.018448829650879
3,AT,AKC,urban,2023-08-08T18:00:00+00:00,2023-08-08T21:00:00+00:00,4.173048973083496,4.067551612854004,3.582900047302246
3,AT,AKC,urban,2023-08-08T19:00:00+00:00,2023-08-08T22:00:00+00:00,4.696700096130371,4.662059307098389,4.051349639892578
3,AT,AKC,urban,2023-08-08T20:00:00+00:00,2023-08-08T23:00:00+00:00,4.0405988693237305,4.890408992767334,4.390850067138672
3,AT,AKC,urban,2023-08-08T21:00:00+00:00,2023-08-09T00:00:00+00:00,4.386600017547607,4.591184139251709,4.173048973083496
3,AT,AKC,urban,2023-08-08T22:00:00+00:00,2023-08-09T01:00:00+00:00,4.244449615478516,4.810248374938965,4.696700096130371
3,AT,AKC,urban,2023-08-08T23:00:00+00:00,2023-08-09T02:00:00+00:00,3.974149703979492,4.274539947509766,4.0405988693237305
3,AT,AKC,urban,2023-08-09T00:00:00+00:00,2023-08-09T03:00:00+00:00,5.0233988761901855,4.809736251831055,4.386600017547607
3,AT,AKC,urban,2023-08-09T01:00:00+00:00,2023-08-09T04:00:00+00:00,4.892300128936768,4.803870677947998,4.244449615478516
3,AT,AKC,urban,2023-08-09T02:00:00+00:00,2023-08-09T05:00:00+00:00,5.84345006942749,4.826889514923096,3.974149703979492
3,AT,AKC,urban,2023-08-09T03:00:00+00:00,2023-08-09T06:00:00+00:00,5.808248996734619,6.336637496948242,5.0233988761901855
3,AT,AKC,urban,2023-08-09T04:00:00+00:00,2023-08-09T07:00:00+00:00,8.201748847961426,6.129114151000977,4.892300128936768
3,AT,AKC,urban,2023-08-09T05:00:00+00:00,2023-08-09T08:00:00+00:00,7.676400184631348,5.828455924987793,5.84345006942749
3,AT,AKC,urban,2023-08-09T06:00:00+00:00,2023-08-09T09:00:00+00:00,5.451498985290527,5.521755218505859,5.808248996734619
3,AT,AKC,urban,2023-08-09T07:00:00+00:00,2023-08-09T10:00:00+00:00,5.91779899597168,7.086747169494629,8.201748847961426
3,AT,AKC,urban,2023-08-09T08:00:00+00:00,2023-08-09T11:00:00+00:00,7.965799808502197,6.711759090423584,7.676400184631348
3,AT,AKC,urban,2023-08-09T09:00:00+00:00,2023-08-09T12:00:00+00:00,4.424798965454102,5.241684436798096,5.451498985290527
3,AT,AKC,urban,2023-08-09T10:00:00+00:00,2023-08-09T13:00:00+00:00,4.3525495529174805,5.723191738128662,5.91779899597168
3,AT,AKC,urban,2023-08-09T11:00:00+00:00,2023-08-09T14:00:00+00:00,3.2065000534057617,7.2406110763549805,7.965799808502197
3,AT,AKC,urban,2023-08-09T12:00:00+00:00,2023-08-09T15:00:00+00:00,2.919849395751953,4.570852756500244,4.424798965454102
3,AT,AKC,urban,2023-08-09T13:00:00+00:00,2023-08-09T16:00:00+00:00,2.6478500366210938,4.462579727172852,4.3525495529174805
3,AT,AKC,urban,2023-08-09T14:00:00+00:00,2023-08-09T17:00:00+00:00,2.662250518798828,3.740447998046875,3.2065000534057617
3,AT,AKC,urban,2023-08-09T15:00:00+00:00,2023-08-09T18:00:00+00:00,2.868549346923828,3.66890811920166,2.919849395751953
3,AT,AKC,urban,2023-08-09T16:00:00+00:00,2023-08-09T19:00:00+00:00,3.1294002532958984,3.495388984680176,2.6478500366210938
3,AT,AKC,urban,2023-08-09T17:00:00+00:00,2023-08-09T20:00:00+00:00,2.253148078918457,3.6153907775878906,2.662250518798828
3,AT,AKC,urban,2023-08-09T18:00:00+00:00,2023-08-09T21:00:00+00:00,1.8429975509643555,3.8159799575805664,2.868549346923828
3,AT,AKC,urban,2023-08-09T19:00:00+00:00,2023-08-09T22:00:00+00:00,1.9461498260498047,3.9163427352905273,3.1294002532958984
3,AT,AKC,urban,2023-08-09T20:00:00+00:00,2023-08-09T23:00:00+00:00,1.9212493896484375,2.935267448425293,2.253148078918457
3,AT,AKC,urban,2023-08-09T21:00:00+00:00,2023-08-10T00:00:00+00:00,1.9970998764038086,2.4878644943237305,1.8429975509643555
3,AT,AKC,urban,2023-08-09T22:00:00+00:00,2023-08-10T01:00:00+00:00,1.9456987380981445,2.4423294067382812,1.9461498260498047
3,AT,AKC,urban,2023-08-09T23:00:00+00:00,2023-08-10T02:00:00+00:00,2.0465993881225586,2.7316055297851562,1.9212493896484375
3,AT,AKC,urban,2023-08-10T00:00:00+00:00,2023-08-10T03:00:00+00:00,2.865750312805176,2.7982053756713867,1.9970998764038086
3,AT,AKC,urban,2023-08-10T01:00:00+00:00,2023-08-10T04:00:00+00:00,2.341350555419922,2.8562278747558594,1.9456987380981445
3,AT,AKC,urban,2023-08-10T02:00:00+00:00,2023-08-10T05:00:00+00:00,3.1791000366210938,3.0456104278564453,2.0465993881225586
3,AT,AKC,urban,2023-08-10T03:00:00+00:00,2023-08-10T06:00:00+00:00,4.113900661468506,3.889937400817871,2.865750312805176
3,AT,AKC,urban,2023-08-10T04:00:00+00:00,2023-08-10T07:00:00+00:00,3.5613489151000977,3.296436309814453,2.341350555419922
3,AT,AKC,urban,2023-08-10T05:00:00+00:00,2023-08-10T08:00:00+00:00,3.714448928833008,3.6783714294433594,3.1791000366210938
3,AT,AKC,urban,2023-08-10T06:00:00+00:00,2023-08-10T09:00:00+00:00,4.072649002075195,4.367800712585449,4.113900661468506
3,AT,AKC,urban,2023-08-10T07:00:00+00:00,2023-08-10T10:00:00+00:00,3.4330005645751953,3.6945695877075195,3.5613489151000977
3,AT,AKC,urban,2023-08-10T08:00:00+00:00,2023-08-10T11:00:00+00:00,4.054048538208008,3.866596221923828,3.714448928833008
3,AT,AKC,urban,2023-08-10T09:00:00+00:00,2023-08-10T12:00:00+00:00,6.745100498199463,4.177108287811279,4.072649002075195
3,AT,AKC,urban,2023-08-10T10:00:00+00:00,2023-08-10T13:00:00+00:00,3.563199043273926,3.6623363494873047,3.4330005645751953
3,AT,AKC,urban,2023-08-10T11:00:00+00:00,2023-08-10T14:00:00+00:00,3.282449722290039,4.3423638343811035,4.054048538208008
3,AT,AKC,urban,2023-08-10T12:00:00+00:00,2023-08-10T15:00:00+00:00,2.4139490127563477,6.329768657684326,6.745100498199463
3,AT,AKC,urban,2023-08-10T13:00:00+00:00,2023-08-10T16:00:00+00:00,2.277949333190918,3.9168338775634766,3.563199043273926
3,AT,AKC,urban,2023-08-10T14:00:00+00:00,2023-08-10T17:00:00+00:00,3.033900260925293,4.202362537384033,3.282449722290039
3,AT,AKC,urban,2023-08-10T15:00:00+00:00,2023-08-10T18:00:00+00:00,3.7469005584716797,3.537947654724121,2.4139490127563477
3,AT,AKC,urban,2023-08-10T16:00:00+00:00,2023-08-10T19:00:00+00:00,4.104400157928467,3.406810760498047,2.277949333190918
3,AT,AKC,urban,2023-08-10T17:00:00+00:00,2023-08-10T20:00:00+00:00,3.876950263977051,4.066716194152832,3.033900260925293
3,AT,AKC,urban,2023-08-10T18:00:00+00:00,2023-08-10T21:00:00+00:00,3.9354496002197266,4.669688701629639,3.7469005584716797
3,AT,AKC,urban,2023-08-10T19:00:00+00:00,2023-08-10T22:00:00+00:00,3.844799041748047,4.913132190704346,4.104400157928467
3,AT,AKC,urban,2023-08-10T20:00:00+00:00,2023-08-10T23:00:00+00:00,3.696000099182129,4.568761348724365,3.876950263977051
3,AT,AKC,urban,2023-08-10T21:00:00+00:00,2023-08-11T00:00:00+00:00,5.089698791503906,4.61799430847168,3.9354496002197266
3,AT,AKC,urban,2023-08-10T22:00:00+00:00,2023-08-11T01:00:00+00:00,5.396900653839111,4.456502437591553,3.844799041748047
3,AT,AKC,urban,2023-08-10T23:00:00+00:00,2023-08-11T02:00:00+00:00,5.165900707244873,4.3412065505981445,3.696000099182129
3,AT,AKC,urban,2023-08-11T00:00:00+00:00,2023-08-11T03:00:00+00:00,5.526198863983154,5.906861305236816,5.089698791503906
3,AT,AKC,urban,2023-08-11T01:00:00+00:00,2023-08-11T04:00:00+00:00,5.1431989669799805,6.742153644561768,5.396900653839111
3,AT,AKC,urban,2023-08-11T02:00:00+00:00,2023-08-11T05:00:00+00:00,6.644449710845947,7.291749954223633,5.165900707244873
3,AT,AKC,urban,2023-08-11T03:00:00+00:00,2023-08-11T06:00:00+00:00,6.632648944854736,6.16539192199707,5.526198863983154
3,AT,AKC,urban,2023-08-11T04:00:00+00:00,2023-08-11T07:00:00+00:00,5.25670051574707,5.605186462402344,5.1431989669799805
3,AT,AKC,urban,2023-08-11T05:00:00+00:00,2023-08-11T08:00:00+00:00,4.237549304962158,6.198968410491943,6.644449710845947
3,AT,AKC,urban,2023-08-11T06:00:00+00:00,2023-08-11T09:00:00+00:00,3.0927505493164062,5.806338787078857,6.632648944854736
3,AT,AKC,urban,2023-08-11T07:00:00+00:00,2023-08-11T10:00:00+00:00,3.0299501419067383,4.774670600891113,5.25670051574707
3,AT,AKC,urban,2023-08-11T08:00:00+00:00,2023-08-11T11:00:00+00:00,2.6679000854492188,4.007183074951172,4.237549304962158
3,AT,AKC,urban,2023-08-11T09:00:00+00:00,2023-08-11T12:00:00+00:00,2.9442996978759766,3.0975465774536133,3.0927505493164062
3,AT,AKC,urban,2023-08-11T10:00:00+00:00,2023-08-11T13:00:00+00:00,2.609999656677246,3.229344367980957,3.0299501419067383
3,AT,AKC,urban,2023-08-11T11:00:00+00:00,2023-08-11T14:00:00+00:00,2.8989505767822266,2.9839658737182617,2.6679000854492188
3,AT,AKC,urban,2023-08-11T12:00:00+00:00,2023-08-11T15:00:00+00:00,2.997349739074707,3.1731319427490234,2.9442996978759766
3,AT,AKC,urban,2023-08-11T13:00:00+00:00,2023-08-11T16:00:00+00:00,3.1834001541137695,3.051081657409668,2.609999656677246
3,AT,AKC,urban,2023-08-11T14:00:00+00:00,2023-08-11T17:00:00+00:00,3.2478485107421875,3.462606430053711,2.8989505767822266
3,AT,AKC,urban,2023-08-11T15:00:00+00:00,2023-08-11T18:00:00+00:00,4.1196489334106445,3.74533748626709,2.997349739074707
3,AT,AKC,urban,2023-08-11T16:00:00+00:00,2023-08-11T19:00:00+00:00,5.27655029296875,4.423070907592773,3.1834001541137695
3,AT,AKC,urban,2023-08-11T17:00:00+00:00,2023-08-11T20:00:00+00:00,6.394100189208984,4.562069892883301,3.2478485107421875
3,AT,AKC,urban,2023-08-11T18:00:00+00:00,2023-08-11T21:00:00+00:00,5.79189920425415,5.4673261642456055,4.1196489334106445
3,AT,AKC,urban,2023-08-11T19:00:00+00:00,2023-08-11T22:00:00+00:00,5.633398532867432,6.253510475158691,5.27655029296875
3,AT,AKC,urban,2023-08-11T20:00:00+00:00,2023-08-11T23:00:00+00:00,6.791299343109131,7.002631664276123,6.394100189208984
3,AT,AKC,urban,2023-08-11T21:00:00+00:00,2023-08-12T00:00:00+00:00,5.749350070953369,6.3429951667785645,5.79189920425415
3,AT,AKC,urban,2023-08-11T22:00:00+00:00,2023-08-12T01:00:00+00:00,6.049949645996094,6.089682102203369,5.633398532867432
