Country,SiteNumber,StationArea_Label,dt_utc,horizon,y_true,y_pred,y_persistence
AT,AKC,urban,2023-01-08T05:00:00,1,25.26099967956543,26.30746078491211,26.697999954223633
AT,AKC,urban,2023-01-08T06:00:00,1,23.80900001525879,24.607772827148438,25.26099967956543
AT,AKC,urban,2023-01-08T07:00:00,1,23.378000259399414,23.219131469726562,23.80900001525879
AT,AKC,urban,2023-01-08T08:00:00,1,22.274999618530273,23.00339126586914,23.378000259399414
AT,AKC,urban,2023-01-08T09:00:00,1,20.404499053955078,22.05510711669922,22.274999618530273
AT,AKC,urban,2023-01-08T10:00:00,1,19.767499923706055,20.083375930786133,20.404499053955078
AT,AKC,urban,2023-01-08T11:00:00,1,18.083499908447266,19.487468719482422,19.767499923706055
AT,AKC,urban,2023-01-08T12:00:00,1,19.02400016784668,17.826416015625,18.083499908447266
AT,AKC,urban,2023-01-08T13:00:00,1,16.697500228881836,19.134572982788086,19.02400016784668
AT,AKC,urban,2023-01-08T14:00:00,1,14.289999961853027,16.670616149902344,16.697500228881836
AT,AKC,urban,2023-01-08T15:00:00,1,16.517000198364258,14.172676086425781,14.289999961853027
AT,AKC,urban,2023-01-08T16:00:00,1,14.888999938964844,16.7261962890625,16.517000198364258
AT,AKC,urban,2023-01-08T17:00:00,1,15.541999816894531,15.02473258972168,14.888999938964844
AT,AKC,urban,2023-01-08T18:00:00,1,15.53600025177002,15.795063018798828,15.541999816894531
AT,AKC,urban,2023-01-08T19:00:00,1,18.452499389648438,15.790816307067871,15.53600025177002
AT,AKC,urban,2023-01-08T20:00:00,1,19.743499755859375,19.021120071411133,18.452499389648438
AT,AKC,urban,2023-01-08T21:00:00,1,17.301000595092773,19.88333511352539,19.743499755859375
AT,AKC,urban,2023-01-08T22:00:00,1,17.74799919128418,16.804933547973633,17.301000595092773
AT,AKC,urban,2023-01-08T23:00:00,1,18.098499298095703,17.394559860229492,17.74799919128418
AT,AKC,urban,2023-01-09T00:00:00,1,18.99850082397461,18.155452728271484,18.098499298095703
AT,AKC,urban,2023-01-09T01:00:00,1,19.45800018310547,19.124465942382812,18.99850082397461
AT,AKC,urban,2023-01-09T02:00:00,1,16.33449935913086,19.53153419494629,19.45800018310547
AT,AKC,urban,2023-01-09T03:00:00,1,16.15850067138672,15.811476707458496,16.33449935913086
AT,AKC,urban,2023-01-09T04:00:00,1,16.765499114990234,15.253485679626465,16.15850067138672
AT,AKC,urban,2023-01-09T05:00:00,1,13.50100040435791,16.148082733154297,16.765499114990234
AT,AKC,urban,2023-01-09T06:00:00,1,15.637999534606934,11.950333595275879,13.50100040435791
AT,AKC,urban,2023-01-09T07:00:00,1,12.484000205993652,14.530411720275879,15.637999534606934
AT,AKC,urban,2023-01-09T08:00:00,1,9.12600040435791,11.013999938964844,12.484000205993652
AT,AKC,urban,2023-01-09T09:00:00,1,4.093648910522461,8.439984321594238,9.12600040435791
AT,AKC,urban,2023-01-09T10:00:00,1,1.7453985214233398,3.7010936737060547,4.093648910522461
AT,AKC,urban,2023-01-09T11:00:00,1,1.773550033569336,1.6127233505249023,1.7453985214233398
AT,AKC,urban,2023-01-09T12:00:00,1,2.65625,1.8673324584960938,1.773550033569336
AT,AKC,urban,2023-01-09T13:00:00,1,3.2238502502441406,2.649944305419922,2.65625
AT,AKC,urban,2023-01-09T14:00:00,1,2.852499008178711,3.263739585876465,3.2238502502441406
AT,AKC,urban,2023-01-09T15:00:00,1,2.6603002548217773,2.913485527038574,2.852499008178711
AT,AKC,urban,2023-01-09T16:00:00,1,3.0255489349365234,2.7861785888671875,2.6603002548217773
AT,AKC,urban,2023-01-09T17:00:00,1,3.3543500900268555,3.25937557220459,3.0255489349365234
AT,AKC,urban,2023-01-09T18:00:00,1,3.4942493438720703,3.5297164916992188,3.3543500900268555
AT,AKC,urban,2023-01-09T19:00:00,1,3.5423994064331055,3.654216766357422,3.4942493438720703
AT,AKC,urban,2023-01-09T20:00:00,1,3.343648910522461,3.6559619903564453,3.5423994064331055
AT,AKC,urban,2023-01-09T21:00:00,1,3.324398994445801,3.40732479095459,3.343648910522461
AT,AKC,urban,2023-01-09T22:00:00,1,3.6050004959106445,3.357466697692871,3.324398994445801
AT,AKC,urban,2023-01-09T23:00:00,1,3.475449562072754,3.6941871643066406,3.6050004959106445
AT,AKC,urban,2023-01-10T00:00:00,1,3.1937990188598633,3.5476694107055664,3.475449562072754
AT,AKC,urban,2023-01-10T01:00:00,1,2.898249626159668,3.0833282470703125,3.1937990188598633
AT,AKC,urban,2023-01-10T02:00:00,1,2.771298408508301,2.7888612747192383,2.898249626159668
AT,AKC,urban,2023-01-10T03:00:00,1,2.8304500579833984,2.7979812622070312,2.771298408508301
AT,AKC,urban,2023-01-10T04:00:00,1,2.870999336242676,2.9462623596191406,2.8304500579833984
AT,AKC,urban,2023-01-10T05:00:00,1,3.078749656677246,3.0079994201660156,2.870999336242676
AT,AKC,urban,2023-01-10T06:00:00,1,3.6645994186401367,3.2154245376586914,3.078749656677246
AT,AKC,urban,2023-01-10T07:00:00,1,3.946000099182129,3.7975473403930664,3.6645994186401367
AT,AKC,urban,2023-01-10T08:00:00,1,4.428750038146973,4.007671356201172,3.946000099182129
AT,AKC,urban,2023-01-10T09:00:00,1,4.25,4.501377105712891,4.428750038146973
AT,AKC,urban,2023-01-10T10:00:00,1,4.2795491218566895,4.252849578857422,4.25
AT,AKC,urban,2023-01-10T11:00:00,1,3.979198932647705,4.179110527038574,4.2795491218566895
AT,AKC,urban,2023-01-10T12:00:00,1,3.883298397064209,3.8327064514160156,3.979198932647705
AT,AKC,urban,2023-01-10T13:00:00,1,3.335948944091797,3.771723747253418,3.883298397064209
AT,AKC,urban,2023-01-10T14:00:00,1,3.00985050201416,3.2852869033813477,3.335948944091797
AT,AKC,urban,2023-01-10T15:00:00,1,3.636699676513672,3.0549373626708984,3.00985050201416
AT,AKC,urban,2023-01-10T16:00:00,1,3.8025989532470703,3.770663261413574,3.636699676513672
AT,AKC,urban,2023-01-10T17:00:00,1,3.531649589538574,3.9688844680786133,3.8025989532470703
AT,AKC,urban,2023-01-10T18:00:00,1,4.25269889831543,3.672586441040039,3.531649589538574
AT,AKC,urban,2023-01-10T19:00:00,1,4.7019500732421875,4.416305065155029,4.25269889831543
AT,AKC,urban,2023-01-10T20:00:00,1,4.022500038146973,4.823456287384033,4.7019500732421875
AT,AKC,urban,2023-01-10T21:00:00,1,3.2327489852905273,4.030364036560059,4.022500038146973
AT,AKC,urban,2023-01-10T22:00:00,1,3.203248977661133,3.2086448669433594,3.2327489852905273
AT,AKC,urban,2023-01-10T23:00:00,1,4.124198913574219,3.243022918701172,3.203248977661133
AT,AKC,urban,2023-01-11T00:00:00,1,5.136050224304199,4.223094940185547,4.124198913574219
AT,AKC,urban,2023-01-11T01:00:00,1,5.273949146270752,5.247037887573242,5.136050224304199
AT,AKC,urban,2023-01-11T02:00:00,1,4.889900207519531,5.379674434661865,5.273949146270752
AT,AKC,urban,2023-01-11T03:00:00,1,5.393400192260742,5.081023216247559,4.889900207519531
AT,AKC,urban,2023-01-11T04:00:00,1,8.131500244140625,5.855334281921387,5.393400192260742
AT,AKC,urban,2023-01-11T05:00:00,1,10.631999969482422,9.14996337890625,8.131500244140625
AT,AKC,urban,2023-01-11T06:00:00,1,14.38700008392334,10.92370891571045,10.631999969482422
AT,AKC,urban,2023-01-11T07:00:00,1,12.642000198364258,14.13160514831543,14.38700008392334
AT,AKC,urban,2023-01-11T08:00:00,1,11.075200080871582,11.633162498474121,12.642000198364258
AT,AKC,urban,2023-01-11T09:00:00,1,10.372150421142578,10.120835304260254,11.075200080871582
AT,AKC,urban,2023-01-11T10:00:00,1,6.830100059509277,9.637330055236816,10.372150421142578
AT,AKC,urban,2023-01-11T11:00:00,1,7.170749187469482,6.069263935089111,6.830100059509277
AT,AKC,urban,2023-01-11T12:00:00,1,8.065098762512207,6.960109233856201,7.170749187469482
AT,AKC,urban,2023-01-11T13:00:00,1,7.361100196838379,8.38528060913086,8.065098762512207
AT,AKC,urban,2023-01-11T14:00:00,1,8.938650131225586,7.669082164764404,7.361100196838379
AT,AKC,urban,2023-01-11T15:00:00,1,9.494499206542969,9.579924583435059,8.938650131225586
AT,AKC,urban,2023-01-11T16:00:00,1,9.505800247192383,10.200750350952148,9.494499206542969
AT,AKC,urban,2023-01-11T17:00:00,1,12.462499618530273,9.900221824645996,9.505800247192383
AT,AKC,urban,2023-01-11T18:00:00,1,11.653499603271484,13.60012149810791,12.462499618530273
AT,AKC,urban,2023-01-11T19:00:00,1,3.2965993881225586,11.129129409790039,11.653499603271484
AT,AKC,urban,2023-01-11T20:00:00,1,3.233649253845215,3.061655044555664,3.2965993881225586
AT,AKC,urban,2023-01-11T21:00:00,1,4.84375,3.2147369384765625,3.233649253845215
AT,AKC,urban,2023-01-11T22:00:00,1,5.98629903793335,4.5519585609436035,4.84375
AT,AKC,urban,2023-01-11T23:00:00,1,6.147200107574463,5.416600704193115,5.98629903793335
AT,AKC,urban,2023-01-12T00:00:00,1,7.640799045562744,5.892116546630859,6.147200107574463
AT,AKC,urban,2023-01-12T01:00:00,1,6.693449020385742,7.434719562530518,7.640799045562744
AT,AKC,urban,2023-01-12T02:00:00,1,5.862750053405762,6.672751426696777,6.693449020385742
AT,AKC,urban,2023-01-12T03:00:00,1,5.5251994132995605,5.920581817626953,5.862750053405762
AT,AKC,urban,2023-01-12T04:00:00,1,4.414999008178711,5.835284233093262,5.5251994132995605
AT,AKC,urban,2023-01-12T05:00:00,1,4.576600074768066,4.789674282073975,4.414999008178711
AT,AKC,urban,2023-01-12T06:00:00,1,4.975349426269531,4.878643035888672,4.576600074768066
AT,AKC,urban,2023-01-12T07:00:00,1,3.097848892211914,5.176283836364746,4.975349426269531
AT,AKC,urban,2023-01-12T08:00:00,1,3.5648984909057617,3.123946189880371,3.097848892211914
AT,AKC,urban,2023-01-12T09:00:00,1,3.7924489974975586,3.606222152709961,3.5648984909057617
AT,AKC,urban,2023-01-12T10:00:00,1,3.867650032043457,3.850419044494629,3.7924489974975586
AT,AKC,urban,2023-01-12T11:00:00,1,4.125699520111084,3.848817825317383,3.867650032043457
AT,AKC,urban,2023-01-12T12:00:00,1,3.4604005813598633,4.147813320159912,4.125699520111084
AT,AKC,urban,2023-01-12T13:00:00,1,3.6142501831054688,3.576674461364746,3.4604005813598633
AT,AKC,urban,2023-01-12T14:00:00,1,5.116649627685547,3.780451774597168,3.6142501831054688
AT,AKC,urban,2023-01-12T15:00:00,1,6.078050136566162,5.717925548553467,5.116649627685547
AT,AKC,urban,2023-01-12T16:00:00,1,9.610548973083496,6.832027912139893,6.078050136566162
AT,AKC,urban,2023-01-12T17:00:00,1,12.020500183105469,10.662141799926758,9.610548973083496
AT,AKC,urban,2023-01-12T18:00:00,1,8.802799224853516,12.299036979675293,12.020500183105469
AT,AKC,urban,2023-01-12T19:00:00,1,7.1682000160217285,7.998831272125244,8.802799224853516
AT,AKC,urban,2023-01-12T20:00:00,1,11.65149974822998,6.156175136566162,7.1682000160217285
AT,AKC,urban,2023-01-12T21:00:00,1,11.962499618530273,11.042964935302734,11.65149974822998
AT,AKC,urban,2023-01-12T22:00:00,1,8.60890007019043,11.067378044128418,11.962499618530273
AT,AKC,urban,2023-01-12T23:00:00,1,7.1956000328063965,7.4062604904174805,8.60890007019043
AT,AKC,urban,2023-01-13T00:00:00,1,10.178000450134277,6.5087785720825195,7.1956000328063965
AT,AKC,urban,2023-01-13T01:00:00,1,6.713699817657471,9.88040828704834,10.178000450134277
AT,AKC,urban,2023-01-13T02:00:00,1,6.064300060272217,6.198195934295654,6.713699817657471
AT,AKC,urban,2023-01-13T03:00:00,1,5.716798782348633,6.009862422943115,6.064300060272217
AT,AKC,urban,2023-01-13T04:00:00,1,7.057199001312256,6.226434707641602,5.716798782348633
AT,AKC,urban,2023-01-13T05:00:00,1,10.939000129699707,7.877098560333252,7.057199001312256
AT,AKC,urban,2023-01-13T06:00:00,1,12.432499885559082,11.862188339233398,10.939000129699707
AT,AKC,urban,2023-01-13T07:00:00,1,13.821999549865723,12.423001289367676,12.432499885559082
AT,AKC,urban,2023-01-13T08:00:00,1,15.319000244140625,13.467924118041992,13.821999549865723
AT,AKC,urban,2023-01-13T09:00:00,1,16.927000045776367,14.930007934570312,15.319000244140625
AT,AKC,urban,2023-01-13T10:00:00,1,17.90999984741211,16.175912857055664,16.927000045776367
AT,AKC,urban,2023-01-13T11:00:00,1,16.052000045776367,17.165573120117188,17.90999984741211
AT,AKC,urban,2023-01-13T12:00:00,1,13.904999732971191,15.632392883300781,16.052000045776367
AT,AKC,urban,2023-01-13T13:00:00,1,15.581999778747559,13.368429183959961,13.904999732971191
AT,AKC,urban,2023-01-13T14:00:00,1,17.020000457763672,15.678773880004883,15.581999778747559
AT,AKC,urban,2023-01-13T15:00:00,1,18.75349998474121,17.262096405029297,17.020000457763672
AT,AKC,urban,2023-01-13T16:00:00,1,21.992000579833984,19.141210556030273,18.75349998474121
AT,AKC,urban,2023-01-13T17:00:00,1,23.988000869750977,22.928466796875,21.992000579833984
AT,AKC,urban,2023-01-13T18:00:00,1,19.68000030517578,23.987802505493164,23.988000869750977
AT,AKC,urban,2023-01-13T19:00:00,1,2.2197494506835938,18.10074234008789,19.68000030517578
AT,AKC,urban,2023-01-13T20:00:00,1,2.344550132751465,2.0361804962158203,2.2197494506835938
AT,AKC,urban,2023-01-13T21:00:00,1,2.37554931640625,2.6946897506713867,2.344550132751465
AT,AKC,urban,2023-01-13T22:00:00,1,2.5662002563476562,2.8469724655151367,2.37554931640625
AT,AKC,urban,2023-01-13T23:00:00,1,2.612149238586426,2.567013740539551,2.5662002563476562
AT,AKC,urban,2023-01-14T00:00:00,1,2.668349266052246,2.8449554443359375,2.612149238586426
AT,AKC,urban,2023-01-14T01:00:00,1,2.7095489501953125,2.9186506271362305,2.668349266052246
AT,AKC,urban,2023-01-14T02:00:00,1,2.2768001556396484,3.0745344161987305,2.7095489501953125
AT,AKC,urban,2023-01-14T03:00:00,1,2.364199638366699,2.482285499572754,2.2768001556396484
AT,AKC,urban,2023-01-14T04:00:00,1,2.5099992752075195,2.5677690505981445,2.364199638366699
AT,AKC,urban,2023-01-14T05:00:00,1,2.5357484817504883,2.7679996490478516,2.5099992752075195
AT,AKC,urban,2023-01-14T06:00:00,1,2.651948928833008,2.7669897079467773,2.5357484817504883
AT,AKC,urban,2023-01-14T07:00:00,1,2.9144487380981445,2.897024154663086,2.651948928833008
AT,AKC,urban,2023-01-14T08:00:00,1,2.867650032043457,3.1504812240600586,2.9144487380981445
AT,AKC,urban,2023-01-14T09:00:00,1,2.7105493545532227,3.0857362747192383,2.867650032043457
AT,AKC,urban,2023-01-14T10:00:00,1,2.9369993209838867,2.8835020065307617,2.7105493545532227
AT,AKC,urban,2023-01-14T11:00:00,1,2.6977500915527344,3.090606689453125,2.9369993209838867
AT,AKC,urban,2023-01-14T12:00:00,1,2.805398941040039,2.807803153991699,2.6977500915527344
AT,AKC,urban,2023-01-14T13:00:00,1,3.5060501098632812,2.922610282897949,2.805398941040039
AT,AKC,urban,2023-01-14T14:00:00,1,4.924149036407471,3.8994131088256836,3.5060501098632812
AT,AKC,urban,2023-01-14T15:00:00,1,7.223099231719971,5.4599609375,4.924149036407471
AT,AKC,urban,2023-01-14T16:00:00,1,7.638750076293945,7.673672676086426,7.223099231719971
AT,AKC,urban,2023-01-14T17:00:00,1,7.316050052642822,8.002042770385742,7.638750076293945
AT,AKC,urban,2023-01-14T18:00:00,1,8.915051460266113,6.999749660491943,7.316050052642822
AT,AKC,urban,2023-01-14T19:00:00,1,11.888500213623047,8.568290710449219,8.915051460266113
AT,AKC,urban,2023-01-14T20:00:00,1,11.564000129699707,11.320085525512695,11.888500213623047
AT,AKC,urban,2023-01-14T21:00:00,1,13.355999946594238,10.748956680297852,11.564000129699707
AT,AKC,urban,2023-01-14T22:00:00,1,11.246000289916992,12.6891450881958,13.355999946594238
AT,AKC,urban,2023-01-14T23:00:00,1,10.770500183105469,10.268319129943848,11.246000289916992
AT,AKC,urban,2023-01-15T00:00:00,1,11.478500366210938,10.103264808654785,10.770500183105469
AT,AKC,urban,2023-01-15T01:00:00,1,12.76099967956543,11.15726089477539,11.478500366210938
AT,AKC,urban,2023-01-15T02:00:00,1,9.717249870300293,12.41417121887207,12.76099967956543
AT,AKC,urban,2023-01-15T03:00:00,1,9.187150001525879,9.38378620147705,9.717249870300293
AT,AKC,urban,2023-01-15T04:00:00,1,8.381999015808105,9.138094902038574,9.187150001525879
AT,AKC,urban,2023-01-15T05:00:00,1,7.868750095367432,8.664443969726562,8.381999015808105
AT,AKC,urban,2023-01-15T06:00:00,1,7.676198959350586,8.021299362182617,7.868750095367432
AT,AKC,urban,2023-01-15T07:00:00,1,7.311800003051758,8.09498405456543,7.676198959350586
AT,AKC,urban,2023-01-15T08:00:00,1,7.3721489906311035,7.090479373931885,7.311800003051758
AT,AKC,urban,2023-01-15T09:00:00,1,7.777598857879639,7.449052333831787,7.3721489906311035
AT,AKC,urban,2023-01-15T10:00:00,1,8.07075023651123,8.170132637023926,7.777598857879639
AT,AKC,urban,2023-01-15T11:00:00,1,8.938650131225586,8.404159545898438,8.07075023651123
AT,AKC,urban,2023-01-15T12:00:00,1,10.500499725341797,9.52743911743164,8.938650131225586
AT,AKC,urban,2023-01-15T13:00:00,1,11.373499870300293,11.091005325317383,10.500499725341797
AT,AKC,urban,2023-01-15T14:00:00,1,11.794500350952148,11.095128059387207,11.373499870300293
AT,AKC,urban,2023-01-15T15:00:00,1,6.377500057220459,11.258233070373535,11.794500350952148
AT,AKC,urban,2023-01-15T16:00:00,1,2.5325498580932617,5.5291314125061035,6.377500057220459
AT,AKC,urban,2023-01-15T17:00:00,1,1.898249626159668,2.799283981323242,2.5325498580932617
AT,AKC,urban,2023-01-15T18:00:00,1,2.226649284362793,2.5072174072265625,1.898249626159668
AT,AKC,urban,2023-01-15T19:00:00,1,2.0156497955322266,2.835308074951172,2.226649284362793
AT,AKC,urban,2023-01-15T20:00:00,1,2.3338499069213867,2.427657127380371,2.0156497955322266
AT,AKC,urban,2023-01-15T21:00:00,1,2.478848457336426,2.6758289337158203,2.3338499069213867
AT,AKC,urban,2023-01-15T22:00:00,1,1.8325986862182617,2.7233572006225586,2.478848457336426
AT,AKC,urban,2023-01-15T23:00:00,1,1.904648780822754,1.9869766235351562,1.8325986862182617
AT,AKC,urban,2023-01-16T00:00:00,1,2.02449893951416,2.0743188858032227,1.904648780822754
AT,AKC,urban,2023-01-16T01:00:00,1,1.7624998092651367,2.1855077743530273,2.02449893951416
AT,AKC,urban,2023-01-16T02:00:00,1,1.7470502853393555,1.9419374465942383,1.7624998092651367
AT,AKC,urban,2023-01-16T03:00:00,1,1.9417486190795898,2.047311782836914,1.7470502853393555
AT,AKC,urban,2023-01-16T04:00:00,1,2.6519994735717773,2.377566337585449,1.9417486190795898
AT,AKC,urban,2023-01-16T05:00:00,1,2.5080995559692383,3.2830114364624023,2.6519994735717773
AT,AKC,urban,2023-01-16T06:00:00,1,3.241100311279297,2.8789138793945312,2.5080995559692383
AT,AKC,urban,2023-01-16T07:00:00,1,3.5135498046875,3.5445127487182617,3.241100311279297
AT,AKC,urban,2023-01-16T08:00:00,1,3.6401500701904297,3.621847152709961,3.5135498046875
AT,AKC,urban,2023-01-16T09:00:00,1,3.4924001693725586,3.650790214538574,3.6401500701904297
AT,AKC,urban,2023-01-16T10:00:00,1,3.068850517272949,3.6131820678710938,3.4924001693725586
AT,AKC,urban,2023-01-16T11:00:00,1,5.074150085449219,3.1685571670532227,3.068850517272949
AT,AKC,urban,2023-01-16T12:00:00,1,3.536799430847168,5.157951831817627,5.074150085449219
AT,AKC,urban,2023-01-16T13:00:00,1,3.913100242614746,3.6883630752563477,3.536799430847168
AT,AKC,urban,2023-01-16T14:00:00,1,5.6219000816345215,4.141191005706787,3.913100242614746
AT,AKC,urban,2023-01-16T15:00:00,1,6.160149097442627,5.917316913604736,5.6219000816345215
AT,AKC,urban,2023-01-16T16:00:00,1,6.136349201202393,6.33843994140625,6.160149097442627
AT,AKC,urban,2023-01-16T17:00:00,1,6.357648849487305,6.3093085289001465,6.136349201202393
AT,AKC,urban,2023-01-16T18:00:00,1,7.664848804473877,6.515251636505127,6.357648849487305
AT,AKC,urban,2023-01-16T19:00:00,1,7.09299898147583,7.767923355102539,7.664848804473877
AT,AKC,urban,2023-01-16T20:00:00,1,7.42710018157959,6.523290634155273,7.09299898147583
AT,AKC,urban,2023-01-16T21:00:00,1,8.293848991394043,6.73756742477417,7.42710018157959
AT,AKC,urban,2023-01-16T22:00:00,1,8.329400062561035,7.436295032501221,8.293848991394043
AT,AKC,urban,2023-01-16T23:00:00,1,8.264498710632324,7.351936340332031,8.329400062561035
AT,AKC,urban,2023-01-17T00:00:00,1,9.470100402832031,7.653921604156494,8.264498710632324
AT,AKC,urban,2023-01-17T01:00:00,1,11.821000099182129,8.991640090942383,9.470100402832031
AT,AKC,urban,2023-01-17T02:00:00,1,11.746500015258789,11.355920791625977,11.821000099182129
AT,AKC,urban,2023-01-17T03:00:00,1,12.297499656677246,11.135302543640137,11.746500015258789
AT,AKC,urban,2023-01-17T04:00:00,1,13.187999725341797,11.892462730407715,12.297499656677246
AT,AKC,urban,2023-01-17T05:00:00,1,14.820500373840332,13.043556213378906,13.187999725341797
AT,AKC,urban,2023-01-17T06:00:00,1,16.36949920654297,14.205265998840332,14.820500373840332
AT,AKC,urban,2023-01-17T07:00:00,1,15.420499801635742,14.612700462341309,16.36949920654297
AT,AKC,urban,2023-01-17T08:00:00,1,16.103500366210938,13.669212341308594,15.420499801635742
AT,AKC,urban,2023-01-17T09:00:00,1,10.282750129699707,14.502080917358398,16.103500366210938
AT,AKC,urban,2023-01-17T10:00:00,1,6.109950065612793,7.969102382659912,10.282750129699707
AT,AKC,urban,2023-01-17T11:00:00,1,3.9345993995666504,5.451474189758301,6.109950065612793
AT,AKC,urban,2023-01-17T12:00:00,1,5.003048896789551,3.9981894493103027,3.9345993995666504
AT,AKC,urban,2023-01-17T13:00:00,1,5.296350002288818,5.167707443237305,5.003048896789551
AT,AKC,urban,2023-01-17T14:00:00,1,7.737998962402344,5.426308631896973,5.296350002288818
AT,AKC,urban,2023-01-17T15:00:00,1,7.33699893951416,7.963115692138672,7.737998962402344
AT,AKC,urban,2023-01-17T16:00:00,1,5.699250221252441,7.576977252960205,7.33699893951416
AT,AKC,urban,2023-01-17T17:00:00,1,4.217350006103516,5.276568412780762,5.699250221252441
AT,AKC,urban,2023-01-17T18:00:00,1,4.250298976898193,3.8353309631347656,4.217350006103516
AT,AKC,urban,2023-01-17T19:00:00,1,4.977250099182129,3.931978225708008,4.250298976898193
AT,AKC,urban,2023-01-17T20:00:00,1,5.8119988441467285,4.701817989349365,4.977250099182129
AT,AKC,urban,2023-01-17T21:00:00,1,6.84329891204834,5.54298210144043,5.8119988441467285
AT,AKC,urban,2023-01-17T22:00:00,1,6.230898857116699,6.737244606018066,6.84329891204834
AT,AKC,urban,2023-01-17T23:00:00,1,4.491099834442139,5.959650993347168,6.230898857116699
AT,AKC,urban,2023-01-18T00:00:00,1,4.136699676513672,4.295651435852051,4.491099834442139
AT,AKC,urban,2023-01-18T01:00:00,1,4.01249885559082,4.047660827636719,4.136699676513672
AT,AKC,urban,2023-01-18T02:00:00,1,4.733348846435547,4.024176597595215,4.01249885559082
AT,AKC,urban,2023-01-18T03:00:00,1,6.052749156951904,4.934427738189697,4.733348846435547
AT,AKC,urban,2023-01-18T04:00:00,1,7.17604923248291,6.466677665710449,6.052749156951904
AT,AKC,urban,2023-01-18T05:00:00,1,10.827500343322754,7.509649276733398,7.17604923248291
AT,AKC,urban,2023-01-18T06:00:00,1,13.827500343322754,11.17736530303955,10.827500343322754
AT,AKC,urban,2023-01-18T07:00:00,1,14.335000038146973,13.239533424377441,13.827500343322754
AT,AKC,urban,2023-01-18T08:00:00,1,9.498398780822754,13.284952163696289,14.335000038146973
AT,AKC,urban,2023-01-18T09:00:00,1,6.501749038696289,7.514512062072754,9.498398780822754
AT,AKC,urban,2023-01-18T10:00:00,1,4.426148891448975,5.663430213928223,6.501749038696289
AT,AKC,urban,2023-01-18T11:00:00,1,2.4775495529174805,3.9948620796203613,4.426148891448975
AT,AKC,urban,2023-01-18T12:00:00,1,2.6832494735717773,2.3011255264282227,2.4775495529174805
AT,AKC,urban,2023-01-18T13:00:00,1,4.57480001449585,2.806807518005371,2.6832494735717773
AT,AKC,urban,2023-01-18T14:00:00,1,4.3520002365112305,4.779412269592285,4.57480001449585
AT,AKC,urban,2023-01-18T15:00:00,1,7.142848968505859,4.533576965332031,4.3520002365112305
AT,AKC,urban,2023-01-18T16:00:00,1,11.048999786376953,7.678591728210449,7.142848968505859
AT,AKC,urban,2023-01-18T17:00:00,1,15.166999816894531,11.248122215270996,11.048999786376953
AT,AKC,urban,2023-01-18T18:00:00,1,13.201499938964844,13.834924697875977,15.166999816894531
AT,AKC,urban,2023-01-18T19:00:00,1,14.564499855041504,12.257659912109375,13.201499938964844
AT,AKC,urban,2023-01-18T20:00:00,1,12.208499908447266,14.3279447555542,14.564499855041504
AT,AKC,urban,2023-01-18T21:00:00,1,6.894399166107178,11.608659744262695,12.208499908447266
AT,AKC,urban,2023-01-18T22:00:00,1,10.209799766540527,5.233364105224609,6.894399166107178
AT,AKC,urban,2023-01-18T23:00:00,1,10.130499839782715,9.679055213928223,10.209799766540527
AT,AKC,urban,2023-01-19T00:00:00,1,10.6274995803833,9.395349502563477,10.130499839782715
AT,AKC,urban,2023-01-19T01:00:00,1,10.456999778747559,10.028291702270508,10.6274995803833
AT,AKC,urban,2023-01-19T02:00:00,1,9.777250289916992,10.052722930908203,10.456999778747559
AT,AKC,urban,2023-01-19T03:00:00,1,11.78600025177002,9.463106155395508,9.777250289916992
AT,AKC,urban,2023-01-19T04:00:00,1,13.560999870300293,12.001270294189453,11.78600025177002
AT,AKC,urban,2023-01-19T05:00:00,1,13.3100004196167,14.043441772460938,13.560999870300293
AT,AKC,urban,2023-01-19T06:00:00,1,11.202500343322754,13.326252937316895,13.3100004196167
AT,AKC,urban,2023-01-19T07:00:00,1,11.418000221252441,10.927125930786133,11.202500343322754
AT,AKC,urban,2023-01-19T08:00:00,1,10.185999870300293,10.911764144897461,11.418000221252441
AT,AKC,urban,2023-01-19T09:00:00,1,10.296050071716309,9.623659133911133,10.185999870300293
AT,AKC,urban,2023-01-19T10:00:00,1,8.703350067138672,9.776456832885742,10.296050071716309
AT,AKC,urban,2023-01-19T11:00:00,1,7.480400085449219,8.31960678100586,8.703350067138672
AT,AKC,urban,2023-01-19T12:00:00,1,12.194049835205078,7.208682060241699,7.480400085449219
AT,AKC,urban,2023-01-19T13:00:00,1,16.731000900268555,12.114693641662598,12.194049835205078
AT,AKC,urban,2023-01-19T14:00:00,1,19.116500854492188,16.434917449951172,16.731000900268555
AT,AKC,urban,2023-01-19T15:00:00,1,18.84749984741211,18.54051971435547,19.116500854492188
AT,AKC,urban,2023-01-19T16:00:00,1,18.173500061035156,18.388423919677734,18.84749984741211
AT,AKC,urban,2023-01-19T17:00:00,1,18.259000778198242,17.398853302001953,18.173500061035156
AT,AKC,urban,2023-01-19T18:00:00,1,18.194000244140625,17.830326080322266,18.259000778198242
AT,AKC,urban,2023-01-19T19:00:00,1,18.134000778198242,17.92160987854004,18.194000244140625
AT,AKC,urban,2023-01-19T20:00:00,1,17.572999954223633,17.974538803100586,18.134000778198242
AT,AKC,urban,2023-01-19T21:00:00,1,15.525500297546387,17.536754608154297,17.572999954223633
AT,AKC,urban,2023-01-19T22:00:00,1,13.125499725341797,15.131842613220215,15.525500297546387
AT,AKC,urban,2023-01-19T23:00:00,1,14.189499855041504,12.500741004943848,13.125499725341797
AT,AKC,urban,2023-01-20T00:00:00,1,15.692999839782715,13.842103958129883,14.189499855041504
AT,AKC,urban,2023-01-20T01:00:00,1,16.299999237060547,15.716504096984863,15.692999839782715
AT,AKC,urban,2023-01-20T02:00:00,1,13.796500205993652,15.985040664672852,16.299999237060547
AT,AKC,urban,2023-01-20T03:00:00,1,15.019000053405762,13.52823257446289,13.796500205993652
AT,AKC,urban,2023-01-20T04:00:00,1,16.673500061035156,15.123201370239258,15.019000053405762
AT,AKC,urban,2023-01-20T05:00:00,1,16.158000946044922,17.06865119934082,16.673500061035156
AT,AKC,urban,2023-01-20T06:00:00,1,15.494500160217285,16.02797508239746,16.158000946044922
AT,AKC,urban,2023-01-20T07:00:00,1,15.174500465393066,15.091994285583496,15.494500160217285
AT,AKC,urban,2023-01-20T08:00:00,1,12.922499656677246,14.807710647583008,15.174500465393066
AT,AKC,urban,2023-01-20T09:00:00,1,13.519000053405762,12.006556510925293,12.922499656677246
AT,AKC,urban,2023-01-20T10:00:00,1,14.406499862670898,12.685264587402344,13.519000053405762
AT,AKC,urban,2023-01-20T11:00:00,1,13.345000267028809,13.935819625854492,14.406499862670898
AT,AKC,urban,2023-01-20T12:00:00,1,12.819999694824219,12.599135398864746,13.345000267028809
AT,AKC,urban,2023-01-20T13:00:00,1,13.432000160217285,12.391157150268555,12.819999694824219
AT,AKC,urban,2023-01-20T14:00:00,1,13.819000244140625,13.45167064666748,13.432000160217285
AT,AKC,urban,2023-01-20T15:00:00,1,13.88700008392334,14.035343170166016,13.819000244140625
AT,AKC,urban,2023-01-20T16:00:00,1,12.755000114440918,14.202810287475586,13.88700008392334
AT,AKC,urban,2023-01-20T17:00:00,1,13.233499526977539,12.940482139587402,12.755000114440918
AT,AKC,urban,2023-01-20T18:00:00,1,15.746500015258789,13.426769256591797,13.233499526977539
AT,AKC,urban,2023-01-20T19:00:00,1,16.798999786376953,15.978757858276367,15.746500015258789
AT,AKC,urban,2023-01-20T20:00:00,1,15.711999893188477,16.5456485748291,16.798999786376953
AT,AKC,urban,2023-01-20T21:00:00,1,16.18549919128418,15.396454811096191,15.711999893188477
AT,AKC,urban,2023-01-20T22:00:00,1,13.77750015258789,15.82448959350586,16.18549919128418
AT,AKC,urban,2023-01-20T23:00:00,1,12.808500289916992,13.203890800476074,13.77750015258789
AT,AKC,urban,2023-01-21T00:00:00,1,9.801898956298828,12.404380798339844,12.808500289916992
AT,AKC,urban,2023-01-21T01:00:00,1,9.319199562072754,9.414695739746094,9.801898956298828
AT,AKC,urban,2023-01-21T02:00:00,1,8.800748825073242,9.036277770996094,9.319199562072754
AT,AKC,urban,2023-01-21T03:00:00,1,9.369799613952637,8.708817481994629,8.800748825073242
AT,AKC,urban,2023-01-21T04:00:00,1,8.565500259399414,9.382011413574219,9.369799613952637
AT,AKC,urban,2023-01-21T05:00:00,1,8.32089900970459,8.637800216674805,8.565500259399414
AT,AKC,urban,2023-01-21T06:00:00,1,7.396399021148682,8.44516372680664,8.32089900970459
AT,AKC,urban,2023-01-21T07:00:00,1,6.432600021362305,7.481446266174316,7.396399021148682
AT,AKC,urban,2023-01-21T08:00:00,1,6.232550144195557,6.437536239624023,6.432600021362305
AT,AKC,urban,2023-01-21T09:00:00,1,5.92889928817749,6.253732681274414,6.232550144195557
AT,AKC,urban,2023-01-21T10:00:00,1,5.984600067138672,5.955068111419678,5.92889928817749
AT,AKC,urban,2023-01-21T11:00:00,1,6.665348529815674,6.020955562591553,5.984600067138672
AT,AKC,urban,2023-01-21T12:00:00,1,6.973548889160156,6.850917339324951,6.665348529815674
AT,AKC,urban,2023-01-21T13:00:00,1,7.088850021362305,7.25277042388916,6.973548889160156
AT,AKC,urban,2023-01-21T14:00:00,1,7.421949863433838,7.4489617347717285,7.088850021362305
AT,AKC,urban,2023-01-21T15:00:00,1,7.952098846435547,7.947198867797852,7.421949863433838
AT,AKC,urban,2023-01-21T16:00:00,1,9.520849227905273,8.476805686950684,7.952098846435547
AT,AKC,urban,2023-01-21T17:00:00,1,10.788000106811523,10.07394027709961,9.520849227905273
AT,AKC,urban,2023-01-21T18:00:00,1,11.909500122070312,11.19455623626709,10.788000106811523
AT,AKC,urban,2023-01-21T19:00:00,1,12.5649995803833,12.22413158416748,11.909500122070312
AT,AKC,urban,2023-01-21T20:00:00,1,10.982000350952148,12.748005867004395,12.5649995803833
AT,AKC,urban,2023-01-21T21:00:00,1,11.284000396728516,10.885197639465332,10.982000350952148
AT,AKC,urban,2023-01-21T22:00:00,1,13.03499984741211,11.20587158203125,11.284000396728516
AT,AKC,urban,2023-01-21T23:00:00,1,14.640000343322754,12.974793434143066,13.03499984741211
AT,AKC,urban,2023-01-22T00:00:00,1,15.177000045776367,14.35458755493164,14.640000343322754
AT,AKC,urban,2023-01-22T01:00:00,1,17.079500198364258,14.606285095214844,15.177000045776367
AT,AKC,urban,2023-01-22T02:00:00,1,16.62299919128418,16.503612518310547,17.079500198364258
AT,AKC,urban,2023-01-22T03:00:00,1,16.338499069213867,16.030651092529297,16.62299919128418
AT,AKC,urban,2023-01-22T04:00:00,1,16.07699966430664,15.759777069091797,16.338499069213867
AT,AKC,urban,2023-01-22T05:00:00,1,13.906499862670898,15.65333080291748,16.07699966430664
AT,AKC,urban,2023-01-22T06:00:00,1,10.501999855041504,12.949589729309082,13.906499862670898
AT,AKC,urban,2023-01-22T07:00:00,1,7.974699020385742,9.240381240844727,10.501999855041504
AT,AKC,urban,2023-01-22T08:00:00,1,8.520798683166504,7.088401794433594,7.974699020385742
AT,AKC,urban,2023-01-22T09:00:00,1,8.774298667907715,7.963528633117676,8.520798683166504
AT,AKC,urban,2023-01-22T10:00:00,1,8.079998970031738,8.39803409576416,8.774298667907715
AT,AKC,urban,2023-01-22T11:00:00,1,10.045100212097168,7.822514057159424,8.079998970031738
AT,AKC,urban,2023-01-22T12:00:00,1,10.920499801635742,10.034768104553223,10.045100212097168
AT,AKC,urban,2023-01-22T13:00:00,1,11.358499526977539,10.983534812927246,10.920499801635742
AT,AKC,urban,2023-01-22T14:00:00,1,13.048999786376953,11.525525093078613,11.358499526977539
AT,AKC,urban,2023-01-22T15:00:00,1,15.596500396728516,13.548511505126953,13.048999786376953
AT,AKC,urban,2023-01-22T16:00:00,1,15.672499656677246,16.280994415283203,15.596500396728516
AT,AKC,urban,2023-01-22T17:00:00,1,15.92650032043457,15.972392082214355,15.672499656677246
AT,AKC,urban,2023-01-22T18:00:00,1,16.31999969482422,16.2367000579834,15.92650032043457
AT,AKC,urban,2023-01-22T19:00:00,1,16.76799964904785,16.41225814819336,16.31999969482422
AT,AKC,urban,2023-01-22T20:00:00,1,16.860000610351562,16.808469772338867,16.76799964904785
AT,AKC,urban,2023-01-22T21:00:00,1,18.524999618530273,16.787445068359375,16.860000610351562
AT,AKC,urban,2023-01-22T22:00:00,1,19.90850067138672,18.390819549560547,18.524999618530273
AT,AKC,urban,2023-01-22T23:00:00,1,19.386499404907227,19.4822940826416,19.90850067138672
AT,AKC,urban,2023-01-23T00:00:00,1,20.503999710083008,19.04408836364746,19.386499404907227
AT,AKC,urban,2023-01-23T01:00:00,1,21.624000549316406,20.1549072265625,20.503999710083008
AT,AKC,urban,2023-01-23T02:00:00,1,22.537500381469727,21.218456268310547,21.624000549316406
AT,AKC,urban,2023-01-23T03:00:00,1,23.490497589111328,22.282546997070312,22.537500381469727
AT,AKC,urban,2023-01-23T04:00:00,1,19.799999237060547,23.455738067626953,23.490497589111328
AT,AKC,urban,2023-01-23T05:00:00,1,16.246999740600586,19.293899536132812,19.799999237060547
AT,AKC,urban,2023-01-23T06:00:00,1,15.732999801635742,15.304326057434082,16.246999740600586
AT,AKC,urban,2023-01-23T07:00:00,1,16.945499420166016,15.246711730957031,15.732999801635742
AT,AKC,urban,2023-01-23T08:00:00,1,16.196500778198242,16.825054168701172,16.945499420166016
AT,AKC,urban,2023-01-23T09:00:00,1,13.826499938964844,16.059545516967773,16.196500778198242
AT,AKC,urban,2023-01-23T10:00:00,1,14.635000228881836,13.647995948791504,13.826499938964844
AT,AKC,urban,2023-01-23T11:00:00,1,14.826000213623047,14.599519729614258,14.635000228881836
AT,AKC,urban,2023-01-23T12:00:00,1,14.329500198364258,14.82625961303711,14.826000213623047
AT,AKC,urban,2023-01-23T13:00:00,1,13.100500106811523,14.49534797668457,14.329500198364258
AT,AKC,urban,2023-01-23T14:00:00,1,12.393500328063965,13.349863052368164,13.100500106811523
AT,AKC,urban,2023-01-23T15:00:00,1,13.33899974822998,12.887948989868164,12.393500328063965
AT,AKC,urban,2023-01-23T16:00:00,1,14.482500076293945,14.162442207336426,13.33899974822998
AT,AKC,urban,2023-01-23T17:00:00,1,15.541500091552734,15.067872047424316,14.482500076293945
AT,AKC,urban,2023-01-23T18:00:00,1,16.667499542236328,16.114517211914062,15.541500091552734
AT,AKC,urban,2023-01-23T19:00:00,1,16.899499893188477,17.20626449584961,16.667499542236328
AT,AKC,urban,2023-01-23T20:00:00,1,16.139999389648438,17.171411514282227,16.899499893188477
AT,AKC,urban,2023-01-23T21:00:00,1,15.756500244140625,16.24027442932129,16.139999389648438
AT,AKC,urban,2023-01-23T22:00:00,1,15.342499732971191,15.823503494262695,15.756500244140625
AT,AKC,urban,2023-01-23T23:00:00,1,15.270000457763672,15.458717346191406,15.342499732971191
AT,AKC,urban,2023-01-24T00:00:00,1,14.825499534606934,15.461240768432617,15.270000457763672
AT,AKC,urban,2023-01-24T01:00:00,1,14.407999992370605,14.947235107421875,14.825499534606934
AT,AKC,urban,2023-01-24T02:00:00,1,14.312999725341797,14.426630973815918,14.407999992370605
AT,AKC,urban,2023-01-24T03:00:00,1,15.458499908447266,14.377028465270996,14.312999725341797
AT,AKC,urban,2023-01-24T04:00:00,1,16.63800048828125,15.72036361694336,15.458499908447266
AT,AKC,urban,2023-01-24T05:00:00,1,18.18000030517578,16.95545768737793,16.63800048828125
AT,AKC,urban,2023-01-24T06:00:00,1,18.922000885009766,18.45166015625,18.18000030517578
AT,AKC,urban,2023-01-24T07:00:00,1,19.422000885009766,19.08600616455078,18.922000885009766
AT,AKC,urban,2023-01-24T08:00:00,1,19.809499740600586,19.614974975585938,19.422000885009766
AT,AKC,urban,2023-01-24T09:00:00,1,18.503999710083008,19.971782684326172,19.809499740600586
AT,AKC,urban,2023-01-24T10:00:00,1,17.816499710083008,18.444255828857422,18.503999710083008
AT,AKC,urban,2023-01-24T11:00:00,1,16.89900016784668,17.84039878845215,17.816499710083008
AT,AKC,urban,2023-01-24T12:00:00,1,15.65999984741211,17.067750930786133,16.89900016784668
AT,AKC,urban,2023-01-24T13:00:00,1,15.105999946594238,15.720012664794922,15.65999984741211
AT,AKC,urban,2023-01-24T14:00:00,1,14.409000396728516,15.290021896362305,15.105999946594238
AT,AKC,urban,2023-01-24T15:00:00,1,13.655500411987305,14.915458679199219,14.409000396728516
AT,AKC,urban,2023-01-24T16:00:00,1,14.178999900817871,14.249534606933594,13.655500411987305
AT,AKC,urban,2023-01-24T17:00:00,1,14.550999641418457,14.910136222839355,14.178999900817871
AT,AKC,urban,2023-01-24T18:00:00,1,14.059499740600586,15.167363166809082,14.550999641418457
AT,AKC,urban,2023-01-24T19:00:00,1,13.80150032043457,14.479594230651855,14.059499740600586
AT,AKC,urban,2023-01-24T20:00:00,1,14.06149959564209,14.010542869567871,13.80150032043457
AT,AKC,urban,2023-01-24T21:00:00,1,14.177499771118164,14.229147911071777,14.06149959564209
AT,AKC,urban,2023-01-24T22:00:00,1,12.90250015258789,14.319123268127441,14.177499771118164
AT,AKC,urban,2023-01-24T23:00:00,1,12.217499732971191,12.977073669433594,12.90250015258789
AT,AKC,urban,2023-01-25T00:00:00,1,12.293999671936035,12.381118774414062,12.217499732971191
AT,AKC,urban,2023-01-25T01:00:00,1,12.942999839782715,12.551355361938477,12.293999671936035
AT,AKC,urban,2023-01-25T02:00:00,1,13.37600040435791,13.274300575256348,12.942999839782715
AT,AKC,urban,2023-01-25T03:00:00,1,14.927499771118164,13.865083694458008,13.37600040435791
AT,AKC,urban,2023-01-25T04:00:00,1,15.5600004196167,15.560246467590332,14.927499771118164
AT,AKC,urban,2023-01-25T05:00:00,1,14.376500129699707,16.228912353515625,15.5600004196167
AT,AKC,urban,2023-01-25T06:00:00,1,15.28499984741211,14.817935943603516,14.376500129699707
AT,AKC,urban,2023-01-25T07:00:00,1,14.619500160217285,15.84538459777832,15.28499984741211
AT,AKC,urban,2023-01-25T08:00:00,1,12.79699993133545,15.087647438049316,14.619500160217285
AT,AKC,urban,2023-01-25T09:00:00,1,12.307000160217285,12.946649551391602,12.79699993133545
AT,AKC,urban,2023-01-25T10:00:00,1,14.079999923706055,12.49055004119873,12.307000160217285
AT,AKC,urban,2023-01-25T11:00:00,1,14.42650032043457,14.327184677124023,14.079999923706055
AT,AKC,urban,2023-01-25T12:00:00,1,15.243000030517578,14.724249839782715,14.42650032043457
AT,AKC,urban,2023-01-25T13:00:00,1,15.387499809265137,15.624897003173828,15.243000030517578
AT,AKC,urban,2023-01-25T14:00:00,1,16.168500900268555,15.989677429199219,15.387499809265137
AT,AKC,urban,2023-01-25T15:00:00,1,16.73699951171875,16.889869689941406,16.168500900268555
AT,AKC,urban,2023-01-25T16:00:00,1,18.03849983215332,17.53682518005371,16.73699951171875
AT,AKC,urban,2023-01-25T17:00:00,1,18.871999740600586,18.818500518798828,18.03849983215332
AT,AKC,urban,2023-01-25T18:00:00,1,21.33300018310547,19.48613166809082,18.871999740600586
AT,AKC,urban,2023-01-25T19:00:00,1,22.148000717163086,21.7757568359375,21.33300018310547
AT,AKC,urban,2023-01-25T20:00:00,1,21.674999237060547,22.29783058166504,22.148000717163086
AT,AKC,urban,2023-01-25T21:00:00,1,15.071499824523926,21.770038604736328,21.674999237060547
AT,AKC,urban,2023-01-25T22:00:00,1,11.10200023651123,14.50600528717041,15.071499824523926
AT,AKC,urban,2023-01-25T23:00:00,1,8.55780029296875,11.056678771972656,11.10200023651123
AT,AKC,urban,2023-01-26T00:00:00,1,8.744298934936523,8.88813591003418,8.55780029296875
AT,AKC,urban,2023-01-26T01:00:00,1,9.375900268554688,9.397587776184082,8.744298934936523
AT,AKC,urban,2023-01-26T02:00:00,1,10.478500366210938,10.065357208251953,9.375900268554688
AT,AKC,urban,2023-01-26T03:00:00,1,11.017499923706055,11.297198295593262,10.478500366210938
AT,AKC,urban,2023-01-26T04:00:00,1,12.320500373840332,11.808391571044922,11.017499923706055
AT,AKC,urban,2023-01-26T05:00:00,1,13.706000328063965,13.534507751464844,12.320500373840332
AT,AKC,urban,2023-01-26T06:00:00,1,14.710000038146973,14.857800483703613,13.706000328063965
AT,AKC,urban,2023-01-26T07:00:00,1,17.17799949645996,15.438652992248535,14.710000038146973
AT,AKC,urban,2023-01-26T08:00:00,1,17.85849952697754,17.888940811157227,17.17799949645996
AT,AKC,urban,2023-01-26T09:00:00,1,18.074499130249023,18.70269775390625,17.85849952697754
AT,AKC,urban,2023-01-26T10:00:00,1,18.06999969482422,18.8471622467041,18.074499130249023
AT,AKC,urban,2023-01-26T11:00:00,1,21.320999145507812,18.679153442382812,18.06999969482422
AT,AKC,urban,2023-01-26T12:00:00,1,21.309999465942383,22.18927574157715,21.320999145507812
AT,AKC,urban,2023-01-26T13:00:00,1,20.363000869750977,22.208168029785156,21.309999465942383
AT,AKC,urban,2023-01-26T14:00:00,1,17.691499710083008,20.918087005615234,20.363000869750977
AT,AKC,urban,2023-01-26T15:00:00,1,15.5,18.215389251708984,17.691499710083008
AT,AKC,urban,2023-01-26T16:00:00,1,15.91100025177002,15.698920249938965,15.5
AT,AKC,urban,2023-01-26T17:00:00,1,15.899499893188477,16.29662322998047,15.91100025177002
AT,AKC,urban,2023-01-26T18:00:00,1,12.842499732971191,16.12369155883789,15.899499893188477
AT,AKC,urban,2023-01-26T19:00:00,1,10.991999626159668,12.507993698120117,12.842499732971191
AT,AKC,urban,2023-01-26T20:00:00,1,11.910499572753906,10.677504539489746,10.991999626159668
AT,AKC,urban,2023-01-26T21:00:00,1,12.105999946594238,11.587356567382812,11.910499572753906
AT,AKC,urban,2023-01-26T22:00:00,1,11.654500007629395,11.962766647338867,12.105999946594238
AT,AKC,urban,2023-01-26T23:00:00,1,8.707148551940918,11.506526947021484,11.654500007629395
AT,AKC,urban,2023-01-27T00:00:00,1,7.909399032592773,8.755546569824219,8.707148551940918
AT,AKC,urban,2023-01-27T01:00:00,1,11.458499908447266,8.135242462158203,7.909399032592773
AT,AKC,urban,2023-01-27T02:00:00,1,12.041000366210938,11.996310234069824,11.458499908447266
AT,AKC,urban,2023-01-27T03:00:00,1,11.445500373840332,12.557658195495605,12.041000366210938
AT,AKC,urban,2023-01-27T04:00:00,1,10.770500183105469,11.878856658935547,11.445500373840332
AT,AKC,urban,2023-01-27T05:00:00,1,11.952500343322754,11.398144721984863,10.770500183105469
AT,AKC,urban,2023-01-27T06:00:00,1,13.117500305175781,12.426461219787598,11.952500343322754
AT,AKC,urban,2023-01-27T07:00:00,1,14.125,13.411225318908691,13.117500305175781
AT,AKC,urban,2023-01-27T08:00:00,1,16.357999801635742,14.242198944091797,14.125
AT,AKC,urban,2023-01-27T09:00:00,1,17.777000427246094,16.448083877563477,16.357999801635742
AT,AKC,urban,2023-01-27T10:00:00,1,18.683000564575195,17.59563446044922,17.777000427246094
AT,AKC,urban,2023-01-27T11:00:00,1,18.893999099731445,18.323448181152344,18.683000564575195
AT,AKC,urban,2023-01-27T12:00:00,1,19.486499786376953,18.570337295532227,18.893999099731445
AT,AKC,urban,2023-01-27T13:00:00,1,22.04400062561035,19.25335121154785,19.486499786376953
AT,AKC,urban,2023-01-27T14:00:00,1,23.82349967956543,21.66681671142578,22.04400062561035
AT,AKC,urban,2023-01-27T15:00:00,1,23.280000686645508,23.425458908081055,23.82349967956543
AT,AKC,urban,2023-01-27T16:00:00,1,20.06100082397461,22.679821014404297,23.280000686645508
AT,AKC,urban,2023-01-27T17:00:00,1,19.993000030517578,19.05032730102539,20.06100082397461
AT,AKC,urban,2023-01-27T18:00:00,1,19.559999465942383,19.242700576782227,19.993000030517578
AT,AKC,urban,2023-01-27T19:00:00,1,19.825000762939453,19.090164184570312,19.559999465942383
AT,AKC,urban,2023-01-27T20:00:00,1,19.64150047302246,19.47739028930664,19.825000762939453
AT,AKC,urban,2023-01-27T21:00:00,1,19.10449981689453,19.175241470336914,19.64150047302246
AT,AKC,urban,2023-01-27T22:00:00,1,18.39150047302246,18.68349266052246,19.10449981689453
AT,AKC,urban,2023-01-27T23:00:00,1,18.039499282836914,17.997426986694336,18.39150047302246
AT,AKC,urban,2023-01-28T00:00:00,1,19.916000366210938,17.69308090209961,18.039499282836914
AT,AKC,urban,2023-01-28T01:00:00,1,20.22949981689453,19.580419540405273,19.916000366210938
AT,AKC,urban,2023-01-28T02:00:00,1,20.27549934387207,19.869226455688477,20.22949981689453
AT,AKC,urban,2023-01-28T03:00:00,1,20.94849967956543,19.92911148071289,20.27549934387207
AT,AKC,urban,2023-01-28T04:00:00,1,19.479999542236328,20.691884994506836,20.94849967956543
AT,AKC,urban,2023-01-28T05:00:00,1,18.477500915527344,19.11077117919922,19.479999542236328
AT,AKC,urban,2023-01-28T06:00:00,1,19.71150016784668,18.037548065185547,18.477500915527344
AT,AKC,urban,2023-01-28T07:00:00,1,19.28849983215332,19.32733917236328,19.71150016784668
AT,AKC,urban,2023-01-28T08:00:00,1,18.454500198364258,18.828826904296875,19.28849983215332
AT,AKC,urban,2023-01-28T09:00:00,1,17.960500717163086,17.889657974243164,18.454500198364258
AT,AKC,urban,2023-01-28T10:00:00,1,19.649999618530273,17.45170021057129,17.960500717163086
AT,AKC,urban,2023-01-28T11:00:00,1,18.230499267578125,19.19031524658203,19.649999618530273
AT,AKC,urban,2023-01-28T12:00:00,1,18.260499954223633,17.89708137512207,18.230499267578125
AT,AKC,urban,2023-01-28T13:00:00,1,17.694499969482422,17.841697692871094,18.260499954223633
AT,AKC,urban,2023-01-28T14:00:00,1,17.673999786376953,17.407129287719727,17.694499969482422
AT,AKC,urban,2023-01-28T15:00:00,1,16.886499404907227,17.452964782714844,17.673999786376953
AT,AKC,urban,2023-01-28T16:00:00,1,16.430999755859375,16.755504608154297,16.886499404907227
AT,AKC,urban,2023-01-28T17:00:00,1,13.111499786376953,16.397872924804688,16.430999755859375
AT,AKC,urban,2023-01-28T18:00:00,1,12.2524995803833,12.948881149291992,13.111499786376953
AT,AKC,urban,2023-01-28T19:00:00,1,11.927000045776367,12.277121543884277,12.2524995803833
AT,AKC,urban,2023-01-28T20:00:00,1,10.82349967956543,11.881629943847656,11.927000045776367
AT,AKC,urban,2023-01-28T21:00:00,1,10.206500053405762,10.624284744262695,10.82349967956543
AT,AKC,urban,2023-01-28T22:00:00,1,9.994099617004395,10.021102905273438,10.206500053405762
AT,AKC,urban,2023-01-28T23:00:00,1,9.81760025024414,9.88974380493164,9.994099617004395
AT,AKC,urban,2023-01-29T00:00:00,1,9.392450332641602,9.829193115234375,9.81760025024414
AT,AKC,urban,2023-01-29T01:00:00,1,9.09169864654541,9.394765853881836,9.392450332641602
AT,AKC,urban,2023-01-29T02:00:00,1,9.61365032196045,9.092851638793945,9.09169864654541
AT,AKC,urban,2023-01-29T03:00:00,1,9.674798965454102,9.607885360717773,9.61365032196045
AT,AKC,urban,2023-01-29T04:00:00,1,9.11664867401123,9.810264587402344,9.674798965454102
AT,AKC,urban,2023-01-29T05:00:00,1,10.1274995803833,9.253372192382812,9.11664867401123
AT,AKC,urban,2023-01-29T06:00:00,1,10.729999542236328,10.285075187683105,10.1274995803833
AT,AKC,urban,2023-01-29T07:00:00,1,11.965999603271484,10.832365036010742,10.729999542236328
AT,AKC,urban,2023-01-29T08:00:00,1,13.456999778747559,11.92387866973877,11.965999603271484
AT,AKC,urban,2023-01-29T09:00:00,1,14.974499702453613,13.233098030090332,13.456999778747559
AT,AKC,urban,2023-01-29T10:00:00,1,15.193499565124512,14.674041748046875,14.974499702453613
AT,AKC,urban,2023-01-29T11:00:00,1,15.491499900817871,14.815183639526367,15.193499565124512
AT,AKC,urban,2023-01-29T12:00:00,1,15.394499778747559,15.177850723266602,15.491499900817871
AT,AKC,urban,2023-01-29T13:00:00,1,15.043000221252441,15.26264762878418,15.394499778747559
AT,AKC,urban,2023-01-29T14:00:00,1,15.753499984741211,14.870868682861328,15.043000221252441
AT,AKC,urban,2023-01-29T15:00:00,1,15.345499992370605,15.962223052978516,15.753499984741211
AT,AKC,urban,2023-01-29T16:00:00,1,14.710000038146973,15.536323547363281,15.345499992370605
AT,AKC,urban,2023-01-29T17:00:00,1,13.84850025177002,14.94736385345459,14.710000038146973
AT,AKC,urban,2023-01-29T18:00:00,1,13.102999687194824,14.236085891723633,13.84850025177002
AT,AKC,urban,2023-01-29T19:00:00,1,13.626500129699707,13.278177261352539,13.102999687194824
AT,AKC,urban,2023-01-29T20:00:00,1,15.261500358581543,13.879101753234863,13.626500129699707
AT,AKC,urban,2023-01-29T21:00:00,1,16.612499237060547,15.431546211242676,15.261500358581543
AT,AKC,urban,2023-01-29T22:00:00,1,17.303499221801758,16.52002716064453,16.612499237060547
AT,AKC,urban,2023-01-29T23:00:00,1,17.862499237060547,16.995826721191406,17.303499221801758
AT,AKC,urban,2023-01-30T00:00:00,1,18.243499755859375,17.62669563293457,17.862499237060547
AT,AKC,urban,2023-01-30T01:00:00,1,17.73150062561035,17.973342895507812,18.243499755859375
AT,AKC,urban,2023-01-30T02:00:00,1,16.252500534057617,17.449926376342773,17.73150062561035
AT,AKC,urban,2023-01-30T03:00:00,1,16.739500045776367,16.02779769897461,16.252500534057617
AT,AKC,urban,2023-01-30T04:00:00,1,17.975500106811523,16.72782325744629,16.739500045776367
AT,AKC,urban,2023-01-30T05:00:00,1,17.3439998626709,18.024444580078125,17.975500106811523
AT,AKC,urban,2023-01-30T06:00:00,1,15.77400016784668,16.86301612854004,17.3439998626709
AT,AKC,urban,2023-01-30T07:00:00,1,15.158499717712402,15.318432807922363,15.77400016784668
AT,AKC,urban,2023-01-30T08:00:00,1,12.64799976348877,14.549528121948242,15.158499717712402
AT,AKC,urban,2023-01-30T09:00:00,1,8.524700164794922,11.941287994384766,12.64799976348877
AT,AKC,urban,2023-01-30T10:00:00,1,7.522348880767822,7.817812919616699,8.524700164794922
AT,AKC,urban,2023-01-30T11:00:00,1,7.598750114440918,7.025723934173584,7.522348880767822
AT,AKC,urban,2023-01-30T12:00:00,1,7.876150131225586,7.258023262023926,7.598750114440918
AT,AKC,urban,2023-01-30T13:00:00,1,6.900750160217285,7.622682571411133,7.876150131225586
AT,AKC,urban,2023-01-30T14:00:00,1,7.398149013519287,6.713613033294678,6.900750160217285
AT,AKC,urban,2023-01-30T15:00:00,1,7.781700134277344,7.264066696166992,7.398149013519287
AT,AKC,urban,2023-01-30T16:00:00,1,6.494100093841553,7.685666561126709,7.781700134277344
AT,AKC,urban,2023-01-30T17:00:00,1,7.267300128936768,6.317763805389404,6.494100093841553
AT,AKC,urban,2023-01-30T18:00:00,1,7.3681488037109375,7.150071620941162,7.267300128936768
AT,AKC,urban,2023-01-30T19:00:00,1,6.660599231719971,7.196141242980957,7.3681488037109375
AT,AKC,urban,2023-01-30T20:00:00,1,6.813448905944824,6.44124174118042,6.660599231719971
AT,AKC,urban,2023-01-30T21:00:00,1,5.239449977874756,6.593714237213135,6.813448905944824
AT,AKC,urban,2023-01-30T22:00:00,1,4.372300148010254,4.965996742248535,5.239449977874756
AT,AKC,urban,2023-01-30T23:00:00,1,3.857100486755371,4.134291648864746,4.372300148010254
AT,AKC,urban,2023-01-31T00:00:00,1,4.869598865509033,3.7905426025390625,3.857100486755371
AT,AKC,urban,2023-01-31T01:00:00,1,5.097700119018555,4.852069854736328,4.869598865509033
AT,AKC,urban,2023-01-31T02:00:00,1,4.694349765777588,5.033054828643799,5.097700119018555
AT,AKC,urban,2023-01-31T03:00:00,1,3.82504940032959,4.684930801391602,4.694349765777588
AT,AKC,urban,2023-01-31T04:00:00,1,3.4832000732421875,3.731133460998535,3.82504940032959
AT,AKC,urban,2023-01-31T05:00:00,1,3.4256486892700195,3.398043632507324,3.4832000732421875
AT,AKC,urban,2023-01-31T06:00:00,1,4.0567498207092285,3.5472869873046875,3.4256486892700195
AT,AKC,urban,2023-01-31T07:00:00,1,3.145199775695801,4.180306434631348,4.0567498207092285
AT,AKC,urban,2023-01-31T08:00:00,1,6.6336989402771,3.282149314880371,3.145199775695801
AT,AKC,urban,2023-01-31T09:00:00,1,5.9870991706848145,6.748566150665283,6.6336989402771
AT,AKC,urban,2023-01-31T10:00:00,1,5.393400192260742,5.828858375549316,5.9870991706848145
AT,AKC,urban,2023-01-31T11:00:00,1,6.60575008392334,5.2421698570251465,5.393400192260742
AT,AKC,urban,2023-01-31T12:00:00,1,6.427849292755127,6.52946662902832,6.60575008392334
AT,AKC,urban,2023-01-31T13:00:00,1,5.623848915100098,6.311532497406006,6.427849292755127
AT,AKC,urban,2023-01-31T14:00:00,1,5.517098903656006,5.577943325042725,5.623848915100098
AT,AKC,urban,2023-01-31T15:00:00,1,6.537749767303467,5.588072299957275,5.517098903656006
AT,AKC,urban,2023-01-31T16:00:00,1,5.908298969268799,6.69280481338501,6.537749767303467
AT,AKC,urban,2023-01-31T17:00:00,1,5.529699802398682,5.923466682434082,5.908298969268799
AT,AKC,urban,2023-01-31T18:00:00,1,6.107900142669678,5.4542107582092285,5.529699802398682
AT,AKC,urban,2023-01-31T19:00:00,1,5.979148864746094,5.9716668128967285,6.107900142669678
AT,AKC,urban,2023-01-31T20:00:00,1,6.318048477172852,5.761832237243652,5.979148864746094
AT,AKC,urban,2023-01-31T21:00:00,1,5.447948932647705,6.066607475280762,6.318048477172852
AT,AKC,urban,2023-01-31T22:00:00,1,4.269149303436279,5.209817886352539,5.447948932647705
AT,AKC,urban,2023-01-31T23:00:00,1,3.3986988067626953,4.081145763397217,4.269149303436279
AT,AKC,urban,2023-02-01T00:00:00,1,3.8690500259399414,3.3850622177124023,3.3986988067626953
AT,AKC,urban,2023-02-01T01:00:00,1,3.9344005584716797,3.842082977294922,3.8690500259399414
AT,AKC,urban,2023-02-01T02:00:00,1,3.959599018096924,3.9204912185668945,3.9344005584716797
AT,AKC,urban,2023-02-01T03:00:00,1,5.4039998054504395,4.102569580078125,3.959599018096924
AT,AKC,urban,2023-02-01T04:00:00,1,5.413400173187256,5.621885299682617,5.4039998054504395
AT,AKC,urban,2023-02-01T05:00:00,1,5.860050201416016,5.599874973297119,5.413400173187256
AT,AKC,urban,2023-02-01T06:00:00,1,5.532449245452881,6.004027366638184,5.860050201416016
AT,AKC,urban,2023-02-01T07:00:00,1,6.069648742675781,5.5728559494018555,5.532449245452881
AT,AKC,urban,2023-02-01T08:00:00,1,6.259850025177002,6.098476409912109,6.069648742675781
AT,AKC,urban,2023-02-01T09:00:00,1,4.489998817443848,6.190064430236816,6.259850025177002
AT,AKC,urban,2023-02-01T10:00:00,1,4.410449028015137,4.3613972663879395,4.489998817443848
AT,AKC,urban,2023-02-01T11:00:00,1,3.821000099182129,4.368594646453857,4.410449028015137
AT,AKC,urban,2023-02-01T12:00:00,1,3.308699607849121,3.942075252532959,3.821000099182129
AT,AKC,urban,2023-02-01T13:00:00,1,2.357699394226074,3.407078742980957,3.308699607849121
AT,AKC,urban,2023-02-01T14:00:00,1,2.7374000549316406,2.574427604675293,2.357699394226074
AT,AKC,urban,2023-02-01T15:00:00,1,3.7672500610351562,3.1730575561523438,2.7374000549316406
AT,AKC,urban,2023-02-01T16:00:00,1,5.509449005126953,4.2284016609191895,3.7672500610351562
AT,AKC,urban,2023-02-01T17:00:00,1,5.908100128173828,5.983746528625488,5.509449005126953
AT,AKC,urban,2023-02-01T18:00:00,1,5.9483489990234375,6.05438756942749,5.908100128173828
AT,AKC,urban,2023-02-01T19:00:00,1,5.094649791717529,5.932929515838623,5.9483489990234375
AT,AKC,urban,2023-02-01T20:00:00,1,4.758450031280518,5.009175777435303,5.094649791717529
AT,AKC,urban,2023-02-01T21:00:00,1,4.328999042510986,4.708855152130127,4.758450031280518
AT,AKC,urban,2023-02-01T22:00:00,1,2.8022985458374023,4.306795120239258,4.328999042510986
AT,AKC,urban,2023-02-01T23:00:00,1,0.8559389114379883,2.8209657669067383,2.8022985458374023
AT,AKC,urban,2023-02-02T00:00:00,1,0.8373489379882812,1.1406097412109375,0.8559389114379883
AT,AKC,urban,2023-02-02T01:00:00,1,0.7169151306152344,1.0567255020141602,0.8373489379882812
AT,AKC,urban,2023-02-02T02:00:00,1,1.1044750213623047,0.9093904495239258,0.7169151306152344
AT,AKC,urban,2023-02-02T03:00:00,1,1.5342988967895508,1.5502691268920898,1.1044750213623047
AT,AKC,urban,2023-02-02T04:00:00,1,1.8358488082885742,2.001882553100586,1.5342988967895508
AT,AKC,urban,2023-02-02T05:00:00,1,2.231149673461914,2.412120819091797,1.8358488082885742
AT,AKC,urban,2023-02-02T06:00:00,1,2.5416488647460938,2.8443470001220703,2.231149673461914
AT,AKC,urban,2023-02-02T07:00:00,1,3.2834997177124023,2.953333854675293,2.5416488647460938
AT,AKC,urban,2023-02-02T08:00:00,1,3.3166990280151367,3.5847768783569336,3.2834997177124023
AT,AKC,urban,2023-02-02T09:00:00,1,3.359898567199707,3.473752975463867,3.3166990280151367
AT,AKC,urban,2023-02-02T10:00:00,1,3.6023502349853516,3.4948339462280273,3.359898567199707
AT,AKC,urban,2023-02-02T11:00:00,1,4.09584903717041,3.7123937606811523,3.6023502349853516
AT,AKC,urban,2023-02-02T12:00:00,1,4.245698928833008,4.248926162719727,4.09584903717041
AT,AKC,urban,2023-02-02T13:00:00,1,3.4053497314453125,4.405009746551514,4.245698928833008
AT,AKC,urban,2023-02-02T14:00:00,1,2.8306503295898438,3.553816795349121,3.4053497314453125
AT,AKC,urban,2023-02-02T15:00:00,1,2.9640989303588867,3.049166679382324,2.8306503295898438
AT,AKC,urban,2023-02-02T16:00:00,1,3.5913000106811523,3.3081836700439453,2.9640989303588867
AT,AKC,urban,2023-02-02T17:00:00,1,3.7760000228881836,3.9256343841552734,3.5913000106811523
AT,AKC,urban,2023-02-02T18:00:00,1,3.9847989082336426,4.063477516174316,3.7760000228881836
AT,AKC,urban,2023-02-02T19:00:00,1,4.55210018157959,4.176577568054199,3.9847989082336426
AT,AKC,urban,2023-02-02T20:00:00,1,5.09014892578125,4.678426265716553,4.55210018157959
AT,AKC,urban,2023-02-02T21:00:00,1,5.374050140380859,5.182587623596191,5.09014892578125
AT,AKC,urban,2023-02-02T22:00:00,1,5.53095006942749,5.406898021697998,5.374050140380859
AT,AKC,urban,2023-02-02T23:00:00,1,5.984299182891846,5.564754486083984,5.53095006942749
AT,AKC,urban,2023-02-03T00:00:00,1,5.821100234985352,6.033827781677246,5.984299182891846
AT,AKC,urban,2023-02-03T01:00:00,1,3.359699249267578,5.886931419372559,5.821100234985352
AT,AKC,urban,2023-02-03T02:00:00,1,1.3440980911254883,3.475367546081543,3.359699249267578
AT,AKC,urban,2023-02-03T03:00:00,1,0.9191293716430664,1.695540428161621,1.3440980911254883
AT,AKC,urban,2023-02-03T04:00:00,1,1.3431501388549805,1.3659133911132812,0.9191293716430664
AT,AKC,urban,2023-02-03T05:00:00,1,1.6316003799438477,1.7806110382080078,1.3431501388549805
AT,AKC,urban,2023-02-03T06:00:00,1,1.8598499298095703,1.9503841400146484,1.6316003799438477
AT,AKC,urban,2023-02-03T07:00:00,1,2.4443492889404297,2.125905990600586,1.8598499298095703
AT,AKC,urban,2023-02-03T08:00:00,1,2.9103498458862305,2.657571792602539,2.4443492889404297
AT,AKC,urban,2023-02-03T09:00:00,1,2.389749526977539,3.114940643310547,2.9103498458862305
AT,AKC,urban,2023-02-03T10:00:00,1,2.3077001571655273,2.5930118560791016,2.389749526977539
AT,AKC,urban,2023-02-03T11:00:00,1,2.2791500091552734,2.5252981185913086,2.3077001571655273
AT,AKC,urban,2023-02-03T12:00:00,1,2.099750518798828,2.501920700073242,2.2791500091552734
AT,AKC,urban,2023-02-03T13:00:00,1,2.40524959564209,2.318854331970215,2.099750518798828
AT,AKC,urban,2023-02-03T14:00:00,1,2.466000556945801,2.6430845260620117,2.40524959564209
AT,AKC,urban,2023-02-03T15:00:00,1,2.318099021911621,2.705568313598633,2.466000556945801
AT,AKC,urban,2023-02-03T16:00:00,1,2.663649559020996,2.5969619750976562,2.318099021911621
AT,AKC,urban,2023-02-03T17:00:00,1,2.1048498153686523,2.9773569107055664,2.663649559020996
AT,AKC,urban,2023-02-03T18:00:00,1,1.5558500289916992,2.333827018737793,2.1048498153686523
AT,AKC,urban,2023-02-03T19:00:00,1,2.4437990188598633,1.8166131973266602,1.5558500289916992
AT,AKC,urban,2023-02-03T20:00:00,1,3.48075008392334,2.7711172103881836,2.4437990188598633
AT,AKC,urban,2023-02-03T21:00:00,1,3.2541494369506836,3.7731800079345703,3.48075008392334
AT,AKC,urban,2023-02-03T22:00:00,1,3.4972000122070312,3.417067527770996,3.2541494369506836
AT,AKC,urban,2023-02-03T23:00:00,1,3.497950553894043,3.566176414489746,3.4972000122070312
AT,AKC,urban,2023-02-04T00:00:00,1,3.151498794555664,3.5777482986450195,3.497950553894043
AT,AKC,urban,2023-02-04T01:00:00,1,2.767749786376953,3.2448949813842773,3.151498794555664
AT,AKC,urban,2023-02-04T02:00:00,1,2.236199378967285,2.7835731506347656,2.767749786376953
AT,AKC,urban,2023-02-04T03:00:00,1,1.3965997695922852,2.369091033935547,2.236199378967285
AT,AKC,urban,2023-02-04T04:00:00,1,1.7865991592407227,1.5560369491577148,1.3965997695922852
AT,AKC,urban,2023-02-04T05:00:00,1,3.0437498092651367,1.9743022918701172,1.7865991592407227
AT,AKC,urban,2023-02-04T06:00:00,1,3.7576990127563477,3.283754348754883,3.0437498092651367
AT,AKC,urban,2023-02-04T07:00:00,1,2.910048484802246,3.893950939178467,3.7576990127563477
AT,AKC,urban,2023-02-04T08:00:00,1,2.585799217224121,2.9521656036376953,2.910048484802246
AT,AKC,urban,2023-02-04T09:00:00,1,3.116349220275879,2.6011476516723633,2.585799217224121
AT,AKC,urban,2023-02-04T10:00:00,1,2.992049217224121,3.1364564895629883,3.116349220275879
AT,AKC,urban,2023-02-04T11:00:00,1,2.907750129699707,3.0018463134765625,2.992049217224121
AT,AKC,urban,2023-02-04T12:00:00,1,3.0105504989624023,2.942112922668457,2.907750129699707
AT,AKC,urban,2023-02-04T13:00:00,1,2.8917503356933594,3.078474998474121,3.0105504989624023
AT,AKC,urban,2023-02-04T14:00:00,1,3.2321996688842773,2.9795703887939453,2.8917503356933594
AT,AKC,urban,2023-02-04T15:00:00,1,3.1543989181518555,3.3702306747436523,3.2321996688842773
AT,AKC,urban,2023-02-04T16:00:00,1,2.9232988357543945,3.3058786392211914,3.1543989181518555
AT,AKC,urban,2023-02-04T17:00:00,1,3.3826990127563477,3.097641944885254,2.9232988357543945
AT,AKC,urban,2023-02-04T18:00:00,1,3.8972997665405273,3.56038761138916,3.3826990127563477
AT,AKC,urban,2023-02-04T19:00:00,1,4.3960490226745605,4.100493431091309,3.8972997665405273
AT,AKC,urban,2023-02-04T20:00:00,1,3.706099510192871,4.579550743103027,4.3960490226745605
AT,AKC,urban,2023-02-04T21:00:00,1,3.945749282836914,3.8659591674804688,3.706099510192871
AT,AKC,urban,2023-02-04T22:00:00,1,3.597148895263672,4.075854301452637,3.945749282836914
AT,AKC,urban,2023-02-04T23:00:00,1,3.6669492721557617,3.697628974914551,3.597148895263672
AT,AKC,urban,2023-02-05T00:00:00,1,3.6184988021850586,3.7252092361450195,3.6669492721557617
AT,AKC,urban,2023-02-05T01:00:00,1,3.3201990127563477,3.6550283432006836,3.6184988021850586
AT,AKC,urban,2023-02-05T02:00:00,1,3.42404842376709,3.4009828567504883,3.3201990127563477
AT,AKC,urban,2023-02-05T03:00:00,1,3.13385009765625,3.570486068725586,3.42404842376709
AT,AKC,urban,2023-02-05T04:00:00,1,3.2291994094848633,3.316094398498535,3.13385009765625
AT,AKC,urban,2023-02-05T05:00:00,1,3.0807485580444336,3.40482234954834,3.2291994094848633
AT,AKC,urban,2023-02-05T06:00:00,1,3.1222000122070312,3.270350456237793,3.0807485580444336
AT,AKC,urban,2023-02-05T07:00:00,1,3.6086997985839844,3.3144540786743164,3.1222000122070312
AT,AKC,urban,2023-02-05T08:00:00,1,3.8921990394592285,3.781461715698242,3.6086997985839844
AT,AKC,urban,2023-02-05T09:00:00,1,3.970798969268799,3.962270736694336,3.8921990394592285
AT,AKC,urban,2023-02-05T10:00:00,1,3.6262502670288086,3.9398465156555176,3.970798969268799
AT,AKC,urban,2023-02-05T11:00:00,1,3.7234487533569336,3.602804183959961,3.6262502670288086
AT,AKC,urban,2023-02-05T12:00:00,1,4.885149002075195,3.7861757278442383,3.7234487533569336
AT,AKC,urban,2023-02-05T13:00:00,1,6.138548851013184,5.019251823425293,4.885149002075195
AT,AKC,urban,2023-02-05T14:00:00,1,6.50985050201416,6.279263973236084,6.138548851013184
AT,AKC,urban,2023-02-05T15:00:00,1,8.239250183105469,6.723562717437744,6.50985050201416
AT,AKC,urban,2023-02-05T16:00:00,1,9.924798965454102,8.68545913696289,8.239250183105469
AT,AKC,urban,2023-02-05T17:00:00,1,10.145999908447266,10.536367416381836,9.924798965454102
AT,AKC,urban,2023-02-05T18:00:00,1,10.728500366210938,10.402953147888184,10.145999908447266
AT,AKC,urban,2023-02-05T19:00:00,1,12.550000190734863,11.048286437988281,10.728500366210938
AT,AKC,urban,2023-02-05T20:00:00,1,11.904000282287598,12.854886054992676,12.550000190734863
AT,AKC,urban,2023-02-05T21:00:00,1,11.545000076293945,12.00482177734375,11.904000282287598
AT,AKC,urban,2023-02-05T22:00:00,1,10.816499710083008,11.480950355529785,11.545000076293945
AT,AKC,urban,2023-02-05T23:00:00,1,11.160499572753906,10.679717063903809,10.816499710083008
AT,AKC,urban,2023-02-06T00:00:00,1,11.81149959564209,11.117569923400879,11.160499572753906
AT,AKC,urban,2023-02-06T01:00:00,1,12.503499984741211,11.805978775024414,11.81149959564209
AT,AKC,urban,2023-02-06T02:00:00,1,12.640000343322754,12.533858299255371,12.503499984741211
AT,AKC,urban,2023-02-06T03:00:00,1,12.725500106811523,12.845161437988281,12.640000343322754
AT,AKC,urban,2023-02-06T04:00:00,1,13.755999565124512,12.966387748718262,12.725500106811523
AT,AKC,urban,2023-02-06T05:00:00,1,13.771499633789062,14.1883544921875,13.755999565124512
AT,AKC,urban,2023-02-06T06:00:00,1,14.704999923706055,13.956703186035156,13.771499633789062
AT,AKC,urban,2023-02-06T07:00:00,1,13.539999961853027,14.761838912963867,14.704999923706055
AT,AKC,urban,2023-02-06T08:00:00,1,13.069999694824219,13.256382942199707,13.539999961853027
AT,AKC,urban,2023-02-06T09:00:00,1,12.775500297546387,12.53596019744873,13.069999694824219
AT,AKC,urban,2023-02-06T10:00:00,1,13.704000473022461,12.342534065246582,12.775500297546387
AT,AKC,urban,2023-02-06T11:00:00,1,14.809000015258789,13.377602577209473,13.704000473022461
AT,AKC,urban,2023-02-06T12:00:00,1,15.034000396728516,14.765514373779297,14.809000015258789
AT,AKC,urban,2023-02-06T13:00:00,1,13.722999572753906,15.081036567687988,15.034000396728516
AT,AKC,urban,2023-02-06T14:00:00,1,15.489500045776367,13.72773265838623,13.722999572753906
AT,AKC,urban,2023-02-06T15:00:00,1,16.05500030517578,16.125049591064453,15.489500045776367
AT,AKC,urban,2023-02-06T16:00:00,1,16.887500762939453,17.067138671875,16.05500030517578
AT,AKC,urban,2023-02-06T17:00:00,1,19.10099983215332,17.62993621826172,16.887500762939453
AT,AKC,urban,2023-02-06T18:00:00,1,21.26300048828125,19.854618072509766,19.10099983215332
AT,AKC,urban,2023-02-06T19:00:00,1,23.433500289916992,21.601593017578125,21.26300048828125
AT,AKC,urban,2023-02-06T20:00:00,1,24.625499725341797,23.483707427978516,23.433500289916992
AT,AKC,urban,2023-02-06T21:00:00,1,23.826499938964844,24.705957412719727,24.625499725341797
AT,AKC,urban,2023-02-06T22:00:00,1,27.809499740600586,23.594409942626953,23.826499938964844
AT,AKC,urban,2023-02-06T23:00:00,1,30.84000015258789,27.555452346801758,27.809499740600586
AT,AKC,urban,2023-02-07T00:00:00,1,32.30550003051758,30.494510650634766,30.84000015258789
AT,AKC,urban,2023-02-07T01:00:00,1,33.438499450683594,31.822101593017578,32.30550003051758
AT,AKC,urban,2023-02-07T02:00:00,1,33.127498626708984,33.04450988769531,33.438499450683594
AT,AKC,urban,2023-02-07T03:00:00,1,32.14149856567383,32.683929443359375,33.127498626708984
AT,AKC,urban,2023-02-07T04:00:00,1,30.969497680664062,31.870956420898438,32.14149856567383
AT,AKC,urban,2023-02-07T05:00:00,1,31.697002410888672,30.736141204833984,30.969497680664062
AT,AKC,urban,2023-02-07T06:00:00,1,30.256000518798828,31.85138702392578,31.697002410888672
AT,AKC,urban,2023-02-07T07:00:00,1,27.99500274658203,29.156234741210938,30.256000518798828
AT,AKC,urban,2023-02-07T08:00:00,1,25.68549919128418,25.23537826538086,27.99500274658203
AT,AKC,urban,2023-02-07T09:00:00,1,23.466999053955078,22.926239013671875,25.68549919128418
AT,AKC,urban,2023-02-07T10:00:00,1,23.790000915527344,21.039199829101562,23.466999053955078
AT,AKC,urban,2023-02-07T11:00:00,1,22.079999923706055,22.141109466552734,23.790000915527344
AT,AKC,urban,2023-02-07T12:00:00,1,21.70400047302246,21.281890869140625,22.079999923706055
AT,AKC,urban,2023-02-07T13:00:00,1,22.079999923706055,21.23883819580078,21.70400047302246
AT,AKC,urban,2023-02-07T14:00:00,1,21.65999984741211,22.095809936523438,22.079999923706055
AT,AKC,urban,2023-02-07T15:00:00,1,23.490497589111328,22.017166137695312,21.65999984741211
AT,AKC,urban,2023-02-07T16:00:00,1,25.12350082397461,24.826313018798828,23.490497589111328
AT,AKC,urban,2023-02-07T17:00:00,1,24.10099983215332,26.365047454833984,25.12350082397461
AT,AKC,urban,2023-02-07T18:00:00,1,21.910499572753906,24.943254470825195,24.10099983215332
AT,AKC,urban,2023-02-07T19:00:00,1,19.250499725341797,22.097278594970703,21.910499572753906
AT,AKC,urban,2023-02-07T20:00:00,1,17.767000198364258,19.250446319580078,19.250499725341797
AT,AKC,urban,2023-02-07T21:00:00,1,18.143999099731445,17.738704681396484,17.767000198364258
AT,AKC,urban,2023-02-07T22:00:00,1,19.29450035095215,18.14318084716797,18.143999099731445
AT,AKC,urban,2023-02-07T23:00:00,1,20.608999252319336,19.348506927490234,19.29450035095215
AT,AKC,urban,2023-02-08T00:00:00,1,23.58049964904785,20.580869674682617,20.608999252319336
AT,AKC,urban,2023-02-08T01:00:00,1,25.15999984741211,23.597087860107422,23.58049964904785
AT,AKC,urban,2023-02-08T02:00:00,1,25.094501495361328,25.145050048828125,25.15999984741211
AT,AKC,urban,2023-02-08T03:00:00,1,26.479000091552734,25.094831466674805,25.094501495361328
AT,AKC,urban,2023-02-08T04:00:00,1,27.35300064086914,26.737640380859375,26.479000091552734
AT,AKC,urban,2023-02-08T05:00:00,1,28.227001190185547,27.803138732910156,27.35300064086914
AT,AKC,urban,2023-02-08T06:00:00,1,31.215999603271484,28.269142150878906,28.227001190185547
AT,AKC,urban,2023-02-08T07:00:00,1,31.919002532958984,30.527610778808594,31.215999603271484
AT,AKC,urban,2023-02-08T08:00:00,1,33.99100112915039,30.711196899414062,31.919002532958984
AT,AKC,urban,2023-02-08T09:00:00,1,34.4635009765625,32.47123718261719,33.99100112915039
AT,AKC,urban,2023-02-08T10:00:00,1,32.68849563598633,32.76768112182617,34.4635009765625
AT,AKC,urban,2023-02-08T11:00:00,1,30.31650161743164,31.208179473876953,32.68849563598633
AT,AKC,urban,2023-02-08T12:00:00,1,21.604999542236328,29.503787994384766,30.31650161743164
AT,AKC,urban,2023-02-08T13:00:00,1,16.70599937438965,20.414941787719727,21.604999542236328
AT,AKC,urban,2023-02-08T14:00:00,1,15.992500305175781,16.989418029785156,16.70599937438965
AT,AKC,urban,2023-02-08T15:00:00,1,17.64150047302246,17.019323348999023,15.992500305175781
AT,AKC,urban,2023-02-08T16:00:00,1,16.952499389648438,19.69163703918457,17.64150047302246
AT,AKC,urban,2023-02-08T17:00:00,1,17.83099937438965,18.43363380432129,16.952499389648438
AT,AKC,urban,2023-02-08T18:00:00,1,19.243499755859375,18.96257781982422,17.83099937438965
AT,AKC,urban,2023-02-08T19:00:00,1,20.944000244140625,20.196762084960938,19.243499755859375
AT,AKC,urban,2023-02-08T20:00:00,1,24.054500579833984,21.60940933227539,20.944000244140625
AT,AKC,urban,2023-02-08T21:00:00,1,26.861499786376953,24.6356143951416,24.054500579833984
AT,AKC,urban,2023-02-08T22:00:00,1,25.683002471923828,27.221561431884766,26.861499786376953
AT,AKC,urban,2023-02-08T23:00:00,1,24.096500396728516,25.71225357055664,25.683002471923828
AT,AKC,urban,2023-02-09T00:00:00,1,23.24049949645996,24.048526763916016,24.096500396728516
AT,AKC,urban,2023-02-09T01:00:00,1,22.72599983215332,23.167715072631836,23.24049949645996
AT,AKC,urban,2023-02-09T02:00:00,1,23.753000259399414,22.571786880493164,22.72599983215332
AT,AKC,urban,2023-02-09T03:00:00,1,26.825000762939453,23.749378204345703,23.753000259399414
AT,AKC,urban,2023-02-09T04:00:00,1,32.59000015258789,27.106029510498047,26.825000762939453
AT,AKC,urban,2023-02-09T05:00:00,1,33.471500396728516,32.945499420166016,32.59000015258789
AT,AKC,urban,2023-02-09T06:00:00,1,30.73800277709961,32.33905029296875,33.471500396728516
AT,AKC,urban,2023-02-09T07:00:00,1,28.042999267578125,29.677814483642578,30.73800277709961
AT,AKC,urban,2023-02-09T08:00:00,1,24.444499969482422,26.036495208740234,28.042999267578125
AT,AKC,urban,2023-02-09T09:00:00,1,20.948999404907227,21.67548370361328,24.444499969482422
AT,AKC,urban,2023-02-09T10:00:00,1,18.648000717163086,18.94588279724121,20.948999404907227
AT,AKC,urban,2023-02-09T11:00:00,1,18.874000549316406,17.494083404541016,18.648000717163086
AT,AKC,urban,2023-02-09T12:00:00,1,18.897499084472656,18.373947143554688,18.874000549316406
AT,AKC,urban,2023-02-09T13:00:00,1,18.94849967956543,19.021390914916992,18.897499084472656
AT,AKC,urban,2023-02-09T14:00:00,1,18.260000228881836,19.230981826782227,18.94849967956543
AT,AKC,urban,2023-02-09T15:00:00,1,18.374000549316406,18.81344223022461,18.260000228881836
AT,AKC,urban,2023-02-09T16:00:00,1,18.815500259399414,19.229978561401367,18.374000549316406
AT,AKC,urban,2023-02-09T17:00:00,1,20.441999435424805,19.996826171875,18.815500259399414
AT,AKC,urban,2023-02-09T18:00:00,1,21.24650001525879,21.595218658447266,20.441999435424805
AT,AKC,urban,2023-02-09T19:00:00,1,22.411500930786133,22.157135009765625,21.24650001525879
AT,AKC,urban,2023-02-09T20:00:00,1,22.02899932861328,23.19754409790039,22.411500930786133
AT,AKC,urban,2023-02-09T21:00:00,1,22.23150062561035,22.49560546875,22.02899932861328
AT,AKC,urban,2023-02-09T22:00:00,1,23.17099952697754,22.601268768310547,22.23150062561035
AT,AKC,urban,2023-02-09T23:00:00,1,23.105499267578125,23.608322143554688,23.17099952697754
AT,AKC,urban,2023-02-10T00:00:00,1,19.80900001525879,23.484983444213867,23.105499267578125
AT,AKC,urban,2023-02-10T01:00:00,1,21.27549934387207,19.735492706298828,19.80900001525879
AT,AKC,urban,2023-02-10T02:00:00,1,21.66550064086914,21.399913787841797,21.27549934387207
AT,AKC,urban,2023-02-10T03:00:00,1,23.68400001525879,21.88826560974121,21.66550064086914
AT,AKC,urban,2023-02-10T04:00:00,1,25.113500595092773,23.828472137451172,23.68400001525879
AT,AKC,urban,2023-02-10T05:00:00,1,27.159000396728516,25.869258880615234,25.113500595092773
AT,AKC,urban,2023-02-10T06:00:00,1,24.645000457763672,27.014724731445312,27.159000396728516
AT,AKC,urban,2023-02-10T07:00:00,1,24.738502502441406,23.431713104248047,24.645000457763672
AT,AKC,urban,2023-02-10T08:00:00,1,27.71500015258789,23.170015335083008,24.738502502441406
AT,AKC,urban,2023-02-10T09:00:00,1,55.992000579833984,26.286731719970703,27.71500015258789
AT,AKC,urban,2023-02-10T10:00:00,1,28.239002227783203,39.00791549682617,55.992000579833984
AT,AKC,urban,2023-02-10T11:00:00,1,22.038999557495117,26.77420425415039,28.239002227783203
AT,AKC,urban,2023-02-10T12:00:00,1,19.429000854492188,21.81070327758789,22.038999557495117
AT,AKC,urban,2023-02-10T13:00:00,1,21.045000076293945,19.560569763183594,19.429000854492188
AT,AKC,urban,2023-02-10T14:00:00,1,23.954500198364258,20.610675811767578,21.045000076293945
AT,AKC,urban,2023-02-10T15:00:00,1,24.547500610351562,24.084468841552734,23.954500198364258
AT,AKC,urban,2023-02-10T16:00:00,1,25.54400062561035,24.684038162231445,24.547500610351562
AT,AKC,urban,2023-02-10T17:00:00,1,27.077999114990234,25.854907989501953,25.54400062561035
AT,AKC,urban,2023-02-10T18:00:00,1,26.364999771118164,27.893089294433594,27.077999114990234
AT,AKC,urban,2023-02-10T19:00:00,1,26.381000518798828,25.66498565673828,26.364999771118164
AT,AKC,urban,2023-02-10T20:00:00,1,26.280498504638672,26.206741333007812,26.381000518798828
AT,AKC,urban,2023-02-10T21:00:00,1,26.708499908447266,26.189664840698242,26.280498504638672
AT,AKC,urban,2023-02-10T22:00:00,1,26.109500885009766,26.469600677490234,26.708499908447266
AT,AKC,urban,2023-02-10T23:00:00,1,26.588499069213867,25.74024772644043,26.109500885009766
AT,AKC,urban,2023-02-11T00:00:00,1,29.556499481201172,26.317089080810547,26.588499069213867
AT,AKC,urban,2023-02-11T01:00:00,1,33.53850173950195,29.6654052734375,29.556499481201172
AT,AKC,urban,2023-02-11T02:00:00,1,33.08300018310547,33.71135711669922,33.53850173950195
AT,AKC,urban,2023-02-11T03:00:00,1,33.72800064086914,32.86565399169922,33.08300018310547
AT,AKC,urban,2023-02-11T04:00:00,1,31.75400161743164,33.514400482177734,33.72800064086914
AT,AKC,urban,2023-02-11T05:00:00,1,31.898502349853516,31.763179779052734,31.75400161743164
AT,AKC,urban,2023-02-11T06:00:00,1,30.048999786376953,31.67093276977539,31.898502349853516
AT,AKC,urban,2023-02-11T07:00:00,1,25.319000244140625,29.63580322265625,30.048999786376953
AT,AKC,urban,2023-02-11T08:00:00,1,25.05299949645996,23.36159896850586,25.319000244140625
AT,AKC,urban,2023-02-11T09:00:00,1,25.76099967956543,23.909793853759766,25.05299949645996
AT,AKC,urban,2023-02-11T10:00:00,1,21.131000518798828,24.71355628967285,25.76099967956543
AT,AKC,urban,2023-02-11T11:00:00,1,19.20549964904785,19.233522415161133,21.131000518798828
AT,AKC,urban,2023-02-11T12:00:00,1,18.621999740600586,18.118579864501953,19.20549964904785
AT,AKC,urban,2023-02-11T13:00:00,1,16.832500457763672,17.876331329345703,18.621999740600586
AT,AKC,urban,2023-02-11T14:00:00,1,15.645999908447266,16.35126495361328,16.832500457763672
AT,AKC,urban,2023-02-11T15:00:00,1,16.579500198364258,15.526294708251953,15.645999908447266
AT,AKC,urban,2023-02-11T16:00:00,1,18.06800079345703,16.616933822631836,16.579500198364258
AT,AKC,urban,2023-02-11T17:00:00,1,18.866500854492188,18.19092559814453,18.06800079345703
AT,AKC,urban,2023-02-11T18:00:00,1,19.5575008392334,19.025785446166992,18.866500854492188
AT,AKC,urban,2023-02-11T19:00:00,1,20.349000930786133,19.483089447021484,19.5575008392334
AT,AKC,urban,2023-02-11T20:00:00,1,20.80150032043457,20.170486450195312,20.349000930786133
AT,AKC,urban,2023-02-11T21:00:00,1,21.333999633789062,20.492835998535156,20.80150032043457
AT,AKC,urban,2023-02-11T22:00:00,1,19.56999969482422,21.050003051757812,21.333999633789062
AT,AKC,urban,2023-02-11T23:00:00,1,18.21150016784668,19.16417694091797,19.56999969482422
AT,AKC,urban,2023-02-12T00:00:00,1,17.28849983215332,17.77447509765625,18.21150016784668
AT,AKC,urban,2023-02-12T01:00:00,1,17.5049991607666,16.791610717773438,17.28849983215332
AT,AKC,urban,2023-02-12T02:00:00,1,18.97100067138672,17.124479293823242,17.5049991607666
AT,AKC,urban,2023-02-12T03:00:00,1,21.172000885009766,18.738887786865234,18.97100067138672
AT,AKC,urban,2023-02-12T04:00:00,1,21.70549964904785,20.97783660888672,21.172000885009766
AT,AKC,urban,2023-02-12T05:00:00,1,21.20549964904785,21.453134536743164,21.70549964904785
AT,AKC,urban,2023-02-12T06:00:00,1,20.374500274658203,20.745159149169922,21.20549964904785
AT,AKC,urban,2023-02-12T07:00:00,1,17.954500198364258,19.7426815032959,20.374500274658203
AT,AKC,urban,2023-02-12T08:00:00,1,15.467000007629395,16.893814086914062,17.954500198364258
AT,AKC,urban,2023-02-12T09:00:00,1,13.80150032043457,14.007566452026367,15.467000007629395
AT,AKC,urban,2023-02-12T10:00:00,1,12.621000289916992,12.61095905303955,13.80150032043457
AT,AKC,urban,2023-02-12T11:00:00,1,13.072999954223633,11.646745681762695,12.621000289916992
AT,AKC,urban,2023-02-12T12:00:00,1,14.93649959564209,12.552587509155273,13.072999954223633
AT,AKC,urban,2023-02-12T13:00:00,1,17.224000930786133,14.596797943115234,14.93649959564209
AT,AKC,urban,2023-02-12T14:00:00,1,17.26449966430664,17.091114044189453,17.224000930786133
AT,AKC,urban,2023-02-12T15:00:00,1,17.202499389648438,17.464187622070312,17.26449966430664
AT,AKC,urban,2023-02-12T16:00:00,1,18.58300018310547,17.888858795166016,17.202499389648438
AT,AKC,urban,2023-02-12T17:00:00,1,18.59950065612793,19.90085220336914,18.58300018310547
AT,AKC,urban,2023-02-12T18:00:00,1,17.508499145507812,19.711395263671875,18.59950065612793
AT,AKC,urban,2023-02-12T19:00:00,1,13.920999526977539,18.197948455810547,17.508499145507812
AT,AKC,urban,2023-02-12T20:00:00,1,11.626999855041504,14.339567184448242,13.920999526977539
AT,AKC,urban,2023-02-12T21:00:00,1,15.11299991607666,11.980257034301758,11.626999855041504
AT,AKC,urban,2023-02-12T22:00:00,1,15.640000343322754,15.667278289794922,15.11299991607666
AT,AKC,urban,2023-02-12T23:00:00,1,14.071999549865723,15.901966094970703,15.640000343322754
AT,AKC,urban,2023-02-13T00:00:00,1,14.70300006866455,14.233619689941406,14.071999549865723
AT,AKC,urban,2023-02-13T01:00:00,1,13.66450023651123,14.917068481445312,14.70300006866455
AT,AKC,urban,2023-02-13T02:00:00,1,11.373000144958496,13.900483131408691,13.66450023651123
AT,AKC,urban,2023-02-13T03:00:00,1,11.100500106811523,11.587669372558594,11.373000144958496
AT,AKC,urban,2023-02-13T04:00:00,1,12.293499946594238,11.66484546661377,11.100500106811523
AT,AKC,urban,2023-02-13T05:00:00,1,9.674850463867188,13.381321907043457,12.293499946594238
AT,AKC,urban,2023-02-13T06:00:00,1,10.996000289916992,9.313543319702148,9.674850463867188
AT,AKC,urban,2023-02-13T07:00:00,1,11.184499740600586,11.013155937194824,10.996000289916992
AT,AKC,urban,2023-02-13T08:00:00,1,10.084150314331055,11.303277969360352,11.184499740600586
AT,AKC,urban,2023-02-13T09:00:00,1,9.257299423217773,9.955147743225098,10.084150314331055
AT,AKC,urban,2023-02-13T10:00:00,1,7.721199035644531,9.326311111450195,9.257299423217773
AT,AKC,urban,2023-02-13T11:00:00,1,7.397298812866211,7.890825271606445,7.721199035644531
AT,AKC,urban,2023-02-13T12:00:00,1,7.810898780822754,7.6658782958984375,7.397298812866211
AT,AKC,urban,2023-02-13T13:00:00,1,6.081900119781494,8.397041320800781,7.810898780822754
AT,AKC,urban,2023-02-13T14:00:00,1,6.696399211883545,6.664637088775635,6.081900119781494
AT,AKC,urban,2023-02-13T15:00:00,1,7.348499774932861,7.60709810256958,6.696399211883545
AT,AKC,urban,2023-02-13T16:00:00,1,7.918000221252441,8.406169891357422,7.348499774932861
AT,AKC,urban,2023-02-13T17:00:00,1,8.012048721313477,8.772673606872559,7.918000221252441
AT,AKC,urban,2023-02-13T18:00:00,1,7.762948989868164,8.698647499084473,8.012048721313477
AT,AKC,urban,2023-02-13T19:00:00,1,7.714300155639648,8.298526763916016,7.762948989868164
AT,AKC,urban,2023-02-13T20:00:00,1,8.228899002075195,8.185630798339844,7.714300155639648
AT,AKC,urban,2023-02-13T21:00:00,1,6.2481489181518555,8.694324493408203,8.228899002075195
AT,AKC,urban,2023-02-13T22:00:00,1,5.652548313140869,6.447549343109131,6.2481489181518555
AT,AKC,urban,2023-02-13T23:00:00,1,7.3772501945495605,5.829307556152344,5.652548313140869
AT,AKC,urban,2023-02-14T00:00:00,1,10.753000259399414,7.772445201873779,7.3772501945495605
AT,AKC,urban,2023-02-14T01:00:00,1,12.53600025177002,11.199041366577148,10.753000259399414
AT,AKC,urban,2023-02-14T02:00:00,1,13.321499824523926,12.417654991149902,12.53600025177002
AT,AKC,urban,2023-02-14T03:00:00,1,13.48449993133545,13.18642520904541,13.321499824523926
AT,AKC,urban,2023-02-14T04:00:00,1,12.225500106811523,13.524680137634277,13.48449993133545
AT,AKC,urban,2023-02-14T05:00:00,1,12.446499824523926,12.150341033935547,12.225500106811523
AT,AKC,urban,2023-02-14T06:00:00,1,12.202500343322754,12.530488014221191,12.446499824523926
AT,AKC,urban,2023-02-14T07:00:00,1,14.411499977111816,12.016131401062012,12.202500343322754
AT,AKC,urban,2023-02-14T08:00:00,1,14.184499740600586,14.102306365966797,14.411499977111816
AT,AKC,urban,2023-02-14T09:00:00,1,15.830499649047852,13.465163230895996,14.184499740600586
AT,AKC,urban,2023-02-14T10:00:00,1,16.464500427246094,15.286279678344727,15.830499649047852
AT,AKC,urban,2023-02-14T11:00:00,1,17.01300048828125,15.985940933227539,16.464500427246094
AT,AKC,urban,2023-02-14T12:00:00,1,17.520999908447266,16.654796600341797,17.01300048828125
AT,AKC,urban,2023-02-14T13:00:00,1,17.414499282836914,17.261018753051758,17.520999908447266
AT,AKC,urban,2023-02-14T14:00:00,1,17.02899932861328,17.32158660888672,17.414499282836914
AT,AKC,urban,2023-02-14T15:00:00,1,17.81450080871582,17.02147102355957,17.02899932861328
AT,AKC,urban,2023-02-14T16:00:00,1,18.214500427246094,18.165145874023438,17.81450080871582
AT,AKC,urban,2023-02-14T17:00:00,1,18.24850082397461,18.7967586517334,18.214500427246094
AT,AKC,urban,2023-02-14T18:00:00,1,18.264999389648438,18.777210235595703,18.24850082397461
AT,AKC,urban,2023-02-14T19:00:00,1,18.12150001525879,18.752819061279297,18.264999389648438
AT,AKC,urban,2023-02-14T20:00:00,1,18.968000411987305,18.553071975708008,18.12150001525879
AT,AKC,urban,2023-02-14T21:00:00,1,18.77199935913086,19.360092163085938,18.968000411987305
AT,AKC,urban,2023-02-14T22:00:00,1,19.167999267578125,19.033720016479492,18.77199935913086
AT,AKC,urban,2023-02-14T23:00:00,1,19.664499282836914,19.371131896972656,19.167999267578125
AT,AKC,urban,2023-02-15T00:00:00,1,20.55150032043457,20.0985107421875,19.664499282836914
AT,AKC,urban,2023-02-15T01:00:00,1,21.03350067138672,20.948219299316406,20.55150032043457
AT,AKC,urban,2023-02-15T02:00:00,1,21.521499633789062,21.367464065551758,21.03350067138672
AT,AKC,urban,2023-02-15T03:00:00,1,21.53900146484375,21.822362899780273,21.521499633789062
AT,AKC,urban,2023-02-15T04:00:00,1,23.32900047302246,21.94925308227539,21.53900146484375
AT,AKC,urban,2023-02-15T05:00:00,1,25.865999221801758,24.115375518798828,23.32900047302246
AT,AKC,urban,2023-02-15T06:00:00,1,22.600000381469727,26.858543395996094,25.865999221801758
AT,AKC,urban,2023-02-15T07:00:00,1,22.30900001525879,22.47077178955078,22.600000381469727
AT,AKC,urban,2023-02-15T08:00:00,1,22.454998016357422,22.243486404418945,22.30900001525879
AT,AKC,urban,2023-02-15T09:00:00,1,22.92449951171875,22.70354461669922,22.454998016357422
AT,AKC,urban,2023-02-15T10:00:00,1,22.516000747680664,23.043651580810547,22.92449951171875
AT,AKC,urban,2023-02-15T11:00:00,1,22.8799991607666,22.466535568237305,22.516000747680664
AT,AKC,urban,2023-02-15T12:00:00,1,23.92300033569336,23.287208557128906,22.8799991607666
AT,AKC,urban,2023-02-15T13:00:00,1,22.663000106811523,24.503589630126953,23.92300033569336
AT,AKC,urban,2023-02-15T14:00:00,1,23.048999786376953,23.278610229492188,22.663000106811523
AT,AKC,urban,2023-02-15T15:00:00,1,25.135000228881836,24.15184783935547,23.048999786376953
AT,AKC,urban,2023-02-15T16:00:00,1,26.631000518798828,26.978267669677734,25.135000228881836
AT,AKC,urban,2023-02-15T17:00:00,1,29.839000701904297,27.898330688476562,26.631000518798828
AT,AKC,urban,2023-02-15T18:00:00,1,31.966999053955078,30.93619155883789,29.839000701904297
AT,AKC,urban,2023-02-15T19:00:00,1,33.33700180053711,32.65040969848633,31.966999053955078
AT,AKC,urban,2023-02-15T20:00:00,1,34.42599868774414,33.71522521972656,33.33700180053711
AT,AKC,urban,2023-02-15T21:00:00,1,34.0255012512207,34.12320327758789,34.42599868774414
AT,AKC,urban,2023-02-15T22:00:00,1,34.95199966430664,33.31200408935547,34.0255012512207
AT,AKC,urban,2023-02-15T23:00:00,1,35.02949905395508,34.38329315185547,34.95199966430664
AT,AKC,urban,2023-02-16T00:00:00,1,35.095001220703125,34.802162170410156,35.02949905395508
AT,AKC,urban,2023-02-16T01:00:00,1,34.755001068115234,34.760040283203125,35.095001220703125
AT,AKC,urban,2023-02-16T02:00:00,1,28.784500122070312,34.17752456665039,34.755001068115234
AT,AKC,urban,2023-02-16T03:00:00,1,19.79400062561035,27.59480857849121,28.784500122070312
AT,AKC,urban,2023-02-16T04:00:00,1,19.54599952697754,19.103374481201172,19.79400062561035
AT,AKC,urban,2023-02-16T05:00:00,1,21.636999130249023,19.531978607177734,19.54599952697754
AT,AKC,urban,2023-02-16T06:00:00,1,22.23849868774414,22.127748489379883,21.636999130249023
AT,AKC,urban,2023-02-16T07:00:00,1,22.030500411987305,22.47229766845703,22.23849868774414
AT,AKC,urban,2023-02-16T08:00:00,1,27.00200080871582,22.10150718688965,22.030500411987305
AT,AKC,urban,2023-02-16T09:00:00,1,28.654499053955078,27.413284301757812,27.00200080871582
AT,AKC,urban,2023-02-16T10:00:00,1,31.12750244140625,29.218769073486328,28.654499053955078
AT,AKC,urban,2023-02-16T11:00:00,1,29.858001708984375,31.486614227294922,31.12750244140625
AT,AKC,urban,2023-02-16T12:00:00,1,30.551502227783203,30.251022338867188,29.858001708984375
AT,AKC,urban,2023-02-16T13:00:00,1,29.27899932861328,30.944026947021484,30.551502227783203
AT,AKC,urban,2023-02-16T14:00:00,1,29.513999938964844,29.23556137084961,29.27899932861328
AT,AKC,urban,2023-02-16T15:00:00,1,29.66699981689453,29.843463897705078,29.513999938964844
AT,AKC,urban,2023-02-16T16:00:00,1,28.804500579833984,30.390705108642578,29.66699981689453
AT,AKC,urban,2023-02-16T17:00:00,1,28.980499267578125,28.817001342773438,28.804500579833984
AT,AKC,urban,2023-02-16T18:00:00,1,32.597999572753906,28.807857513427734,28.980499267578125
AT,AKC,urban,2023-02-16T19:00:00,1,34.698001861572266,31.67055892944336,32.597999572753906
AT,AKC,urban,2023-02-16T20:00:00,1,34.78200149536133,30.747142791748047,34.698001861572266
AT,AKC,urban,2023-02-16T21:00:00,1,34.119998931884766,32.15755081176758,34.78200149536133
AT,AKC,urban,2023-02-16T22:00:00,1,33.686500549316406,32.03314208984375,34.119998931884766
AT,AKC,urban,2023-02-16T23:00:00,1,33.089500427246094,32.006439208984375,33.686500549316406
AT,AKC,urban,2023-02-17T00:00:00,1,32.34600067138672,32.01299285888672,33.089500427246094
AT,AKC,urban,2023-02-17T01:00:00,1,31.685501098632812,31.648334503173828,32.34600067138672
AT,AKC,urban,2023-02-17T02:00:00,1,30.282001495361328,31.151290893554688,31.685501098632812
AT,AKC,urban,2023-02-17T03:00:00,1,22.364999771118164,29.896076202392578,30.282001495361328
AT,AKC,urban,2023-02-17T04:00:00,1,14.725150108337402,20.262338638305664,22.364999771118164
AT,AKC,urban,2023-02-17T05:00:00,1,9.88010025024414,13.39930534362793,14.725150108337402
AT,AKC,urban,2023-02-17T06:00:00,1,10.120550155639648,9.619824409484863,9.88010025024414
AT,AKC,urban,2023-02-17T07:00:00,1,9.541199684143066,10.09190845489502,10.120550155639648
AT,AKC,urban,2023-02-17T08:00:00,1,9.192998886108398,9.497335433959961,9.541199684143066
AT,AKC,urban,2023-02-17T09:00:00,1,8.367098808288574,9.058300971984863,9.192998886108398
AT,AKC,urban,2023-02-17T10:00:00,1,7.666549205780029,8.338479042053223,8.367098808288574
AT,AKC,urban,2023-02-17T11:00:00,1,6.854249000549316,7.876181125640869,7.666549205780029
AT,AKC,urban,2023-02-17T12:00:00,1,5.942249774932861,7.067615509033203,6.854249000549316
AT,AKC,urban,2023-02-17T13:00:00,1,4.602900505065918,6.196380138397217,5.942249774932861
AT,AKC,urban,2023-02-17T14:00:00,1,4.287899017333984,5.055583953857422,4.602900505065918
AT,AKC,urban,2023-02-17T15:00:00,1,5.031700134277344,4.676713943481445,4.287899017333984
AT,AKC,urban,2023-02-17T16:00:00,1,5.817500114440918,5.405010223388672,5.031700134277344
AT,AKC,urban,2023-02-17T17:00:00,1,5.816999912261963,6.123391628265381,5.817500114440918
AT,AKC,urban,2023-02-17T18:00:00,1,5.032999038696289,6.001010417938232,5.816999912261963
AT,AKC,urban,2023-02-17T19:00:00,1,4.558350086212158,4.995719909667969,5.032999038696289
AT,AKC,urban,2023-02-17T20:00:00,1,4.5903000831604,4.395712375640869,4.558350086212158
AT,AKC,urban,2023-02-17T21:00:00,1,4.066248893737793,4.388355255126953,4.5903000831604
AT,AKC,urban,2023-02-17T22:00:00,1,3.4044485092163086,3.9145383834838867,4.066248893737793
AT,AKC,urban,2023-02-17T23:00:00,1,3.1291990280151367,3.3385839462280273,3.4044485092163086
AT,AKC,urban,2023-02-18T00:00:00,1,2.987600326538086,3.1146631240844727,3.1291990280151367
AT,AKC,urban,2023-02-18T01:00:00,1,2.7708005905151367,3.0029735565185547,2.987600326538086
AT,AKC,urban,2023-02-18T02:00:00,1,2.785048484802246,2.799592971801758,2.7708005905151367
AT,AKC,urban,2023-02-18T03:00:00,1,2.5488996505737305,2.848165512084961,2.785048484802246
AT,AKC,urban,2023-02-18T04:00:00,1,2.1518993377685547,2.653024673461914,2.5488996505737305
AT,AKC,urban,2023-02-18T05:00:00,1,2.5045995712280273,2.3123035430908203,2.1518993377685547
AT,AKC,urban,2023-02-18T06:00:00,1,2.512099266052246,2.699535369873047,2.5045995712280273
AT,AKC,urban,2023-02-18T07:00:00,1,2.7325992584228516,2.6512832641601562,2.512099266052246
AT,AKC,urban,2023-02-18T08:00:00,1,3.0129995346069336,2.8855113983154297,2.7325992584228516
AT,AKC,urban,2023-02-18T09:00:00,1,3.2692489624023438,3.1625471115112305,3.0129995346069336
AT,AKC,urban,2023-02-18T10:00:00,1,3.2925500869750977,3.443882942199707,3.2692489624023438
AT,AKC,urban,2023-02-18T11:00:00,1,2.961050033569336,3.4560699462890625,3.2925500869750977
AT,AKC,urban,2023-02-18T12:00:00,1,2.4315500259399414,3.1193323135375977,2.961050033569336
AT,AKC,urban,2023-02-18T13:00:00,1,2.119647979736328,2.638141632080078,2.4315500259399414
AT,AKC,urban,2023-02-18T14:00:00,1,1.9617986679077148,2.4175281524658203,2.119647979736328
AT,AKC,urban,2023-02-18T15:00:00,1,2.131349563598633,2.3007688522338867,1.9617986679077148
AT,AKC,urban,2023-02-18T16:00:00,1,2.206549644470215,2.513347625732422,2.131349563598633
AT,AKC,urban,2023-02-18T17:00:00,1,2.3151988983154297,2.5941667556762695,2.206549644470215
AT,AKC,urban,2023-02-18T18:00:00,1,2.3864498138427734,2.6108036041259766,2.3151988983154297
AT,AKC,urban,2023-02-18T19:00:00,1,2.1229991912841797,2.6100053787231445,2.3864498138427734
AT,AKC,urban,2023-02-18T20:00:00,1,1.654250144958496,2.3090991973876953,2.1229991912841797
AT,AKC,urban,2023-02-18T21:00:00,1,1.564499855041504,1.7925958633422852,1.654250144958496
AT,AKC,urban,2023-02-18T22:00:00,1,1.674098014831543,1.700653076171875,1.564499855041504
AT,AKC,urban,2023-02-18T23:00:00,1,1.8855504989624023,1.812026023864746,1.674098014831543
AT,AKC,urban,2023-02-19T00:00:00,1,1.9452505111694336,2.0616159439086914,1.8855504989624023
AT,AKC,urban,2023-02-19T01:00:00,1,2.085049629211426,2.1378793716430664,1.9452505111694336
AT,AKC,urban,2023-02-19T02:00:00,1,3.4098005294799805,2.262340545654297,2.085049629211426
AT,AKC,urban,2023-02-19T03:00:00,1,4.175250053405762,3.673428535461426,3.4098005294799805
AT,AKC,urban,2023-02-19T04:00:00,1,4.006750106811523,4.500643730163574,4.175250053405762
AT,AKC,urban,2023-02-19T05:00:00,1,3.4307985305786133,4.286554336547852,4.006750106811523
AT,AKC,urban,2023-02-19T06:00:00,1,2.876049041748047,3.724419593811035,3.4307985305786133
AT,AKC,urban,2023-02-19T07:00:00,1,1.9432487487792969,3.123847007751465,2.876049041748047
AT,AKC,urban,2023-02-19T08:00:00,1,1.970250129699707,2.202073097229004,1.9432487487792969
AT,AKC,urban,2023-02-19T09:00:00,1,1.3697996139526367,2.2154130935668945,1.970250129699707
AT,AKC,urban,2023-02-19T10:00:00,1,1.553349494934082,1.5920610427856445,1.3697996139526367
AT,AKC,urban,2023-02-19T11:00:00,1,1.8582496643066406,1.765925407409668,1.553349494934082
AT,AKC,urban,2023-02-19T12:00:00,1,1.433150291442871,2.0867700576782227,1.8582496643066406
AT,AKC,urban,2023-02-19T13:00:00,1,1.7427988052368164,1.6686506271362305,1.433150291442871
AT,AKC,urban,2023-02-19T14:00:00,1,1.6743993759155273,1.955836296081543,1.7427988052368164
AT,AKC,urban,2023-02-19T15:00:00,1,1.2790002822875977,1.9069938659667969,1.6743993759155273
AT,AKC,urban,2023-02-19T16:00:00,1,1.3938989639282227,1.5570316314697266,1.2790002822875977
AT,AKC,urban,2023-02-19T17:00:00,1,1.7023000717163086,1.7309808731079102,1.3938989639282227
AT,AKC,urban,2023-02-19T18:00:00,1,2.123049736022949,2.025411605834961,1.7023000717163086
AT,AKC,urban,2023-02-19T19:00:00,1,3.2864990234375,2.3955020904541016,2.123049736022949
AT,AKC,urban,2023-02-19T20:00:00,1,5.428699970245361,3.555959701538086,3.2864990234375
AT,AKC,urban,2023-02-19T21:00:00,1,5.012148857116699,5.692022800445557,5.428699970245361
AT,AKC,urban,2023-02-19T22:00:00,1,5.018650054931641,5.170160293579102,5.012148857116699
AT,AKC,urban,2023-02-19T23:00:00,1,4.90654993057251,5.160604953765869,5.018650054931641
AT,AKC,urban,2023-02-20T00:00:00,1,4.727448463439941,5.184462070465088,4.90654993057251
AT,AKC,urban,2023-02-20T01:00:00,1,5.014648914337158,5.073116302490234,4.727448463439941
AT,AKC,urban,2023-02-20T02:00:00,1,5.933849811553955,5.448016166687012,5.014648914337158
AT,AKC,urban,2023-02-20T03:00:00,1,7.2308502197265625,6.481807708740234,5.933849811553955
AT,AKC,urban,2023-02-20T04:00:00,1,7.5433502197265625,7.778423309326172,7.2308502197265625
AT,AKC,urban,2023-02-20T05:00:00,1,7.74324893951416,7.718199729919434,7.5433502197265625
AT,AKC,urban,2023-02-20T06:00:00,1,7.622249126434326,7.59110689163208,7.74324893951416
AT,AKC,urban,2023-02-20T07:00:00,1,5.93704891204834,6.92064905166626,7.622249126434326
AT,AKC,urban,2023-02-20T08:00:00,1,5.909249305725098,5.5016021728515625,5.93704891204834
AT,AKC,urban,2023-02-20T09:00:00,1,5.773598670959473,5.582035541534424,5.909249305725098
AT,AKC,urban,2023-02-20T10:00:00,1,5.205749034881592,5.496363639831543,5.773598670959473
AT,AKC,urban,2023-02-20T11:00:00,1,4.982600212097168,4.911654949188232,5.205749034881592
AT,AKC,urban,2023-02-20T12:00:00,1,4.821800231933594,4.798708915710449,4.982600212097168
AT,AKC,urban,2023-02-20T13:00:00,1,4.085100173950195,4.813502788543701,4.821800231933594
AT,AKC,urban,2023-02-20T14:00:00,1,3.787600517272949,4.049928665161133,4.085100173950195
AT,AKC,urban,2023-02-20T15:00:00,1,3.956249237060547,3.925839900970459,3.787600517272949
AT,AKC,urban,2023-02-20T16:00:00,1,4.249448776245117,4.2308807373046875,3.956249237060547
AT,AKC,urban,2023-02-20T17:00:00,1,4.219399929046631,4.61299467086792,4.249448776245117
AT,AKC,urban,2023-02-20T18:00:00,1,4.030398845672607,4.479780673980713,4.219399929046631
AT,AKC,urban,2023-02-20T19:00:00,1,3.640199661254883,4.152792930603027,4.030398845672607
AT,AKC,urban,2023-02-20T20:00:00,1,3.565548896789551,3.6233911514282227,3.640199661254883
AT,AKC,urban,2023-02-20T21:00:00,1,3.8393993377685547,3.514822006225586,3.565548896789551
AT,AKC,urban,2023-02-20T22:00:00,1,3.703049659729004,3.770512580871582,3.8393993377685547
AT,AKC,urban,2023-02-20T23:00:00,1,3.8865489959716797,3.6584959030151367,3.703049659729004
AT,AKC,urban,2023-02-21T00:00:00,1,4.101449012756348,3.876715660095215,3.8865489959716797
AT,AKC,urban,2023-02-21T01:00:00,1,4.156000137329102,4.10353946685791,4.101449012756348
AT,AKC,urban,2023-02-21T02:00:00,1,4.422450065612793,4.150791168212891,4.156000137329102
AT,AKC,urban,2023-02-21T03:00:00,1,4.420848846435547,4.482156276702881,4.422450065612793
AT,AKC,urban,2023-02-21T04:00:00,1,4.956298828125,4.508266448974609,4.420848846435547
AT,AKC,urban,2023-02-21T05:00:00,1,5.85045051574707,5.042539596557617,4.956298828125
AT,AKC,urban,2023-02-21T06:00:00,1,6.370150089263916,5.837934970855713,5.85045051574707
AT,AKC,urban,2023-02-21T07:00:00,1,6.356400012969971,6.244992256164551,6.370150089263916
AT,AKC,urban,2023-02-21T08:00:00,1,6.992198944091797,6.149810314178467,6.356400012969971
AT,AKC,urban,2023-02-21T09:00:00,1,6.84060001373291,6.78779935836792,6.992198944091797
AT,AKC,urban,2023-02-21T10:00:00,1,5.833099842071533,6.5411529541015625,6.84060001373291
AT,AKC,urban,2023-02-21T11:00:00,1,5.109799861907959,5.556214809417725,5.833099842071533
AT,AKC,urban,2023-02-21T12:00:00,1,3.505849838256836,4.895287036895752,5.109799861907959
AT,AKC,urban,2023-02-21T13:00:00,1,3.2778491973876953,3.3812990188598633,3.505849838256836
AT,AKC,urban,2023-02-21T14:00:00,1,3.3566484451293945,3.353992462158203,3.2778491973876953
AT,AKC,urban,2023-02-21T15:00:00,1,3.7524490356445312,3.594912528991699,3.3566484451293945
AT,AKC,urban,2023-02-21T16:00:00,1,4.0383501052856445,4.064906597137451,3.7524490356445312
AT,AKC,urban,2023-02-21T17:00:00,1,4.302350044250488,4.504823207855225,4.0383501052856445
AT,AKC,urban,2023-02-21T18:00:00,1,4.500148773193359,4.707013130187988,4.302350044250488
AT,AKC,urban,2023-02-21T19:00:00,1,4.398049831390381,4.868957996368408,4.500148773193359
AT,AKC,urban,2023-02-21T20:00:00,1,3.959498882293701,4.604309558868408,4.398049831390381
AT,AKC,urban,2023-02-21T21:00:00,1,3.5214500427246094,4.005221366882324,3.959498882293701
AT,AKC,urban,2023-02-21T22:00:00,1,3.811199188232422,3.436966896057129,3.5214500427246094
AT,AKC,urban,2023-02-21T23:00:00,1,3.665999412536621,3.801877975463867,3.811199188232422
AT,AKC,urban,2023-02-22T00:00:00,1,3.564549446105957,3.736204147338867,3.665999412536621
AT,AKC,urban,2023-02-22T01:00:00,1,3.505049705505371,3.632077217102051,3.564549446105957
AT,AKC,urban,2023-02-22T02:00:00,1,3.9686989784240723,3.616452217102051,3.505049705505371
AT,AKC,urban,2023-02-22T03:00:00,1,4.379049777984619,4.221418380737305,3.9686989784240723
AT,AKC,urban,2023-02-22T04:00:00,1,4.892449855804443,4.807590007781982,4.379049777984619
AT,AKC,urban,2023-02-22T05:00:00,1,6.54010009765625,5.43839693069458,4.892449855804443
AT,AKC,urban,2023-02-22T06:00:00,1,7.243948936462402,7.446421146392822,6.54010009765625
AT,AKC,urban,2023-02-22T07:00:00,1,6.999999523162842,7.476245880126953,7.243948936462402
AT,AKC,urban,2023-02-22T08:00:00,1,9.6996488571167,7.03565788269043,6.999999523162842
AT,AKC,urban,2023-02-22T09:00:00,1,8.522600173950195,9.884264945983887,9.6996488571167
AT,AKC,urban,2023-02-22T10:00:00,1,6.278200149536133,8.136528015136719,8.522600173950195
AT,AKC,urban,2023-02-22T11:00:00,1,6.804450035095215,6.0995707511901855,6.278200149536133
AT,AKC,urban,2023-02-22T12:00:00,1,5.898698806762695,6.835844993591309,6.804450035095215
AT,AKC,urban,2023-02-22T13:00:00,1,4.30889892578125,6.0147576332092285,5.898698806762695
AT,AKC,urban,2023-02-22T14:00:00,1,5.065400123596191,4.554139137268066,4.30889892578125
AT,AKC,urban,2023-02-22T15:00:00,1,6.410449028015137,5.617565631866455,5.065400123596191
AT,AKC,urban,2023-02-22T16:00:00,1,8.208250045776367,7.360514163970947,6.410449028015137
AT,AKC,urban,2023-02-22T17:00:00,1,10.463000297546387,9.333043098449707,8.208250045776367
AT,AKC,urban,2023-02-22T18:00:00,1,15.246000289916992,11.4202880859375,10.463000297546387
AT,AKC,urban,2023-02-22T19:00:00,1,15.248499870300293,16.443302154541016,15.246000289916992
AT,AKC,urban,2023-02-22T20:00:00,1,16.260000228881836,15.285942077636719,15.248499870300293
AT,AKC,urban,2023-02-22T21:00:00,1,15.306500434875488,16.376333236694336,16.260000228881836
AT,AKC,urban,2023-02-22T22:00:00,1,15.609000205993652,15.417061805725098,15.306500434875488
AT,AKC,urban,2023-02-22T23:00:00,1,15.97599983215332,15.476560592651367,15.609000205993652
AT,AKC,urban,2023-02-23T00:00:00,1,17.114999771118164,15.895689010620117,15.97599983215332
AT,AKC,urban,2023-02-23T01:00:00,1,17.229999542236328,17.197795867919922,17.114999771118164
AT,AKC,urban,2023-02-23T02:00:00,1,17.27549934387207,17.264812469482422,17.229999542236328
AT,AKC,urban,2023-02-23T03:00:00,1,17.590999603271484,17.465049743652344,17.27549934387207
AT,AKC,urban,2023-02-23T04:00:00,1,16.531999588012695,17.809375762939453,17.590999603271484
AT,AKC,urban,2023-02-23T05:00:00,1,19.348499298095703,16.84914779663086,16.531999588012695
AT,AKC,urban,2023-02-23T06:00:00,1,20.36549949645996,20.16646957397461,19.348499298095703
AT,AKC,urban,2023-02-23T07:00:00,1,20.723499298095703,20.375713348388672,20.36549949645996
AT,AKC,urban,2023-02-23T08:00:00,1,20.06399917602539,20.367401123046875,20.723499298095703
AT,AKC,urban,2023-02-23T09:00:00,1,21.562000274658203,19.435470581054688,20.06399917602539
AT,AKC,urban,2023-02-23T10:00:00,1,23.648500442504883,20.856849670410156,21.562000274658203
AT,AKC,urban,2023-02-23T11:00:00,1,24.885499954223633,22.901941299438477,23.648500442504883
AT,AKC,urban,2023-02-23T12:00:00,1,24.410999298095703,24.256664276123047,24.885499954223633
AT,AKC,urban,2023-02-23T13:00:00,1,21.020000457763672,23.950239181518555,24.410999298095703
AT,AKC,urban,2023-02-23T14:00:00,1,18.89150047302246,20.617706298828125,21.020000457763672
AT,AKC,urban,2023-02-23T15:00:00,1,20.485000610351562,18.936141967773438,18.89150047302246
AT,AKC,urban,2023-02-23T16:00:00,1,21.659500122070312,20.97915267944336,20.485000610351562
AT,AKC,urban,2023-02-23T17:00:00,1,21.752500534057617,22.5189208984375,21.659500122070312
AT,AKC,urban,2023-02-23T18:00:00,1,21.72450065612793,22.241609573364258,21.752500534057617
AT,AKC,urban,2023-02-23T19:00:00,1,22.32349967956543,22.109088897705078,21.72450065612793
AT,AKC,urban,2023-02-23T20:00:00,1,22.587499618530273,22.529212951660156,22.32349967956543
AT,AKC,urban,2023-02-23T21:00:00,1,23.087499618530273,22.604700088500977,22.587499618530273
AT,AKC,urban,2023-02-23T22:00:00,1,24.554500579833984,22.837324142456055,23.087499618530273
AT,AKC,urban,2023-02-23T23:00:00,1,25.541000366210938,24.03577995300293,24.554500579833984
AT,AKC,urban,2023-02-24T00:00:00,1,25.879499435424805,24.69973373413086,25.541000366210938
AT,AKC,urban,2023-02-24T01:00:00,1,25.304500579833984,25.024883270263672,25.879499435424805
AT,AKC,urban,2023-02-24T02:00:00,1,25.476999282836914,24.317731857299805,25.304500579833984
AT,AKC,urban,2023-02-24T03:00:00,1,31.253002166748047,24.80384063720703,25.476999282836914
AT,AKC,urban,2023-02-24T04:00:00,1,31.227001190185547,30.957313537597656,31.253002166748047
AT,AKC,urban,2023-02-24T05:00:00,1,30.420501708984375,29.70810317993164,31.227001190185547
AT,AKC,urban,2023-02-24T06:00:00,1,28.195499420166016,28.80984115600586,30.420501708984375
AT,AKC,urban,2023-02-24T07:00:00,1,27.301502227783203,25.81666374206543,28.195499420166016
AT,AKC,urban,2023-02-24T08:00:00,1,19.86400032043457,25.486108779907227,27.301502227783203
AT,AKC,urban,2023-02-24T09:00:00,1,11.88700008392334,16.81711196899414,19.86400032043457
AT,AKC,urban,2023-02-24T10:00:00,1,14.39799976348877,11.015776634216309,11.88700008392334
AT,AKC,urban,2023-02-24T11:00:00,1,11.541000366210938,14.149150848388672,14.39799976348877
AT,AKC,urban,2023-02-24T12:00:00,1,7.701700210571289,11.357856750488281,11.541000366210938
AT,AKC,urban,2023-02-24T13:00:00,1,8.32925033569336,7.380377769470215,7.701700210571289
AT,AKC,urban,2023-02-24T14:00:00,1,9.518050193786621,7.954774856567383,8.32925033569336
AT,AKC,urban,2023-02-24T15:00:00,1,9.786999702453613,9.54347038269043,9.518050193786621
AT,AKC,urban,2023-02-24T16:00:00,1,11.077500343322754,10.467015266418457,9.786999702453613
AT,AKC,urban,2023-02-24T17:00:00,1,13.57699966430664,11.660457611083984,11.077500343322754
AT,AKC,urban,2023-02-24T18:00:00,1,14.897500038146973,14.125763893127441,13.57699966430664
AT,AKC,urban,2023-02-24T19:00:00,1,11.124950408935547,13.927227973937988,14.897500038146973
AT,AKC,urban,2023-02-24T20:00:00,1,8.0256986618042,8.71469497680664,11.124950408935547
AT,AKC,urban,2023-02-24T21:00:00,1,8.815950393676758,5.410767078399658,8.0256986618042
AT,AKC,urban,2023-02-24T22:00:00,1,6.932748794555664,6.816097259521484,8.815950393676758
AT,AKC,urban,2023-02-24T23:00:00,1,4.259949207305908,5.967134952545166,6.932748794555664
AT,AKC,urban,2023-02-25T00:00:00,1,3.1174488067626953,3.7680797576904297,4.259949207305908
AT,AKC,urban,2023-02-25T01:00:00,1,2.5000505447387695,2.955953598022461,3.1174488067626953
AT,AKC,urban,2023-02-25T02:00:00,1,1.6527996063232422,2.3539600372314453,2.5000505447387695
AT,AKC,urban,2023-02-25T03:00:00,1,1.2016992568969727,1.733689308166504,1.6527996063232422
AT,AKC,urban,2023-02-25T04:00:00,1,1.1759986877441406,1.3442392349243164,1.2016992568969727
AT,AKC,urban,2023-02-25T05:00:00,1,1.2128992080688477,1.3554353713989258,1.1759986877441406
AT,AKC,urban,2023-02-25T06:00:00,1,1.3666000366210938,1.3733491897583008,1.2128992080688477
AT,AKC,urban,2023-02-25T07:00:00,1,2.1738500595092773,1.570302963256836,1.3666000366210938
AT,AKC,urban,2023-02-25T08:00:00,1,2.9798994064331055,2.327256202697754,2.1738500595092773
AT,AKC,urban,2023-02-25T09:00:00,1,3.291548728942871,3.023251533508301,2.9798994064331055
AT,AKC,urban,2023-02-25T10:00:00,1,2.8152990341186523,3.1806020736694336,3.291548728942871
AT,AKC,urban,2023-02-25T11:00:00,1,2.8993988037109375,2.7206649780273438,2.8152990341186523
AT,AKC,urban,2023-02-25T12:00:00,1,2.532750129699707,2.775003433227539,2.8993988037109375
AT,AKC,urban,2023-02-25T13:00:00,1,2.607048988342285,2.462871551513672,2.532750129699707
AT,AKC,urban,2023-02-25T14:00:00,1,2.982150077819824,2.6568307876586914,2.607048988342285
AT,AKC,urban,2023-02-25T15:00:00,1,2.001500129699707,3.049105644226074,2.982150077819824
AT,AKC,urban,2023-02-25T16:00:00,1,3.1197996139526367,2.062790870666504,2.001500129699707
AT,AKC,urban,2023-02-25T17:00:00,1,1.7674503326416016,3.2614688873291016,3.1197996139526367
AT,AKC,urban,2023-02-25T18:00:00,1,2.134598731994629,1.9654903411865234,1.7674503326416016
AT,AKC,urban,2023-02-25T19:00:00,1,2.797299385070801,2.2705373764038086,2.134598731994629
AT,AKC,urban,2023-02-25T20:00:00,1,3.3466997146606445,2.9620065689086914,2.797299385070801
AT,AKC,urban,2023-02-25T21:00:00,1,3.9587488174438477,3.4180030822753906,3.3466997146606445
AT,AKC,urban,2023-02-25T22:00:00,1,3.9854989051818848,3.9270882606506348,3.9587488174438477
AT,AKC,urban,2023-02-25T23:00:00,1,4.239748954772949,3.856466293334961,3.9854989051818848
AT,AKC,urban,2023-02-26T00:00:00,1,4.253349781036377,4.1330671310424805,4.239748954772949
AT,AKC,urban,2023-02-26T01:00:00,1,3.5556488037109375,4.174520492553711,4.253349781036377
AT,AKC,urban,2023-02-26T02:00:00,1,3.587948799133301,3.357069969177246,3.5556488037109375
AT,AKC,urban,2023-02-26T03:00:00,1,4.29080057144165,3.504941940307617,3.587948799133301
AT,AKC,urban,2023-02-26T04:00:00,1,5.283598899841309,4.330177307128906,4.29080057144165
AT,AKC,urban,2023-02-26T05:00:00,1,5.777698993682861,5.419398784637451,5.283598899841309
AT,AKC,urban,2023-02-26T06:00:00,1,5.82165002822876,5.912312984466553,5.777698993682861
AT,AKC,urban,2023-02-26T07:00:00,1,4.866098880767822,5.853981971740723,5.82165002822876
AT,AKC,urban,2023-02-26T08:00:00,1,3.4028491973876953,4.8433732986450195,4.866098880767822
AT,AKC,urban,2023-02-26T09:00:00,1,3.270648956298828,3.4161758422851562,3.4028491973876953
AT,AKC,urban,2023-02-26T10:00:00,1,3.421548843383789,3.2559709548950195,3.270648956298828
AT,AKC,urban,2023-02-26T11:00:00,1,3.1518001556396484,3.4592695236206055,3.421548843383789
AT,AKC,urban,2023-02-26T12:00:00,1,3.344149589538574,3.2491941452026367,3.1518001556396484
AT,AKC,urban,2023-02-26T13:00:00,1,3.4924001693725586,3.5186357498168945,3.344149589538574
AT,AKC,urban,2023-02-26T14:00:00,1,3.3256988525390625,3.6882410049438477,3.4924001693725586
AT,AKC,urban,2023-02-26T15:00:00,1,3.8124494552612305,3.6232423782348633,3.3256988525390625
AT,AKC,urban,2023-02-26T16:00:00,1,4.637148857116699,4.169585227966309,3.8124494552612305
AT,AKC,urban,2023-02-26T17:00:00,1,5.825348854064941,5.050787925720215,4.637148857116699
AT,AKC,urban,2023-02-26T18:00:00,1,5.224499225616455,6.147774696350098,5.825348854064941
AT,AKC,urban,2023-02-26T19:00:00,1,5.060400009155273,5.398516654968262,5.224499225616455
AT,AKC,urban,2023-02-26T20:00:00,1,5.606348991394043,5.188976764678955,5.060400009155273
AT,AKC,urban,2023-02-26T21:00:00,1,5.978499889373779,5.741858005523682,5.606348991394043
AT,AKC,urban,2023-02-26T22:00:00,1,6.52094841003418,6.002077579498291,5.978499889373779
AT,AKC,urban,2023-02-26T23:00:00,1,6.603448390960693,6.574371337890625,6.52094841003418
AT,AKC,urban,2023-02-27T00:00:00,1,5.6533989906311035,6.695064067840576,6.603448390960693
AT,AKC,urban,2023-02-27T01:00:00,1,5.272449016571045,5.634786128997803,5.6533989906311035
AT,AKC,urban,2023-02-27T02:00:00,1,5.309450149536133,5.2727437019348145,5.272449016571045
AT,AKC,urban,2023-02-27T03:00:00,1,5.117599010467529,5.568689823150635,5.309450149536133
AT,AKC,urban,2023-02-27T04:00:00,1,5.130248546600342,5.514811992645264,5.117599010467529
AT,AKC,urban,2023-02-27T05:00:00,1,5.9620490074157715,5.61269474029541,5.130248546600342
AT,AKC,urban,2023-02-27T06:00:00,1,6.3983001708984375,6.412234783172607,5.9620490074157715
AT,AKC,urban,2023-02-27T07:00:00,1,5.85914945602417,6.612574100494385,6.3983001708984375
AT,AKC,urban,2023-02-27T08:00:00,1,5.191100120544434,5.96491003036499,5.85914945602417
AT,AKC,urban,2023-02-27T09:00:00,1,5.762700080871582,5.187826633453369,5.191100120544434
AT,AKC,urban,2023-02-27T10:00:00,1,6.039198875427246,5.738030433654785,5.762700080871582
AT,AKC,urban,2023-02-27T11:00:00,1,6.614349842071533,6.1113080978393555,6.039198875427246
AT,AKC,urban,2023-02-27T12:00:00,1,6.577300071716309,6.675502300262451,6.614349842071533
AT,AKC,urban,2023-02-27T13:00:00,1,6.193099498748779,6.716678619384766,6.577300071716309
AT,AKC,urban,2023-02-27T14:00:00,1,6.144800186157227,6.332308292388916,6.193099498748779
AT,AKC,urban,2023-02-27T15:00:00,1,6.385299205780029,6.3441548347473145,6.144800186157227
AT,AKC,urban,2023-02-27T16:00:00,1,8.45265007019043,6.7185959815979,6.385299205780029
AT,AKC,urban,2023-02-27T17:00:00,1,11.048500061035156,8.83570671081543,8.45265007019043
AT,AKC,urban,2023-02-27T18:00:00,1,10.760499954223633,11.14067554473877,11.048500061035156
AT,AKC,urban,2023-02-27T19:00:00,1,10.538000106811523,10.803045272827148,10.760499954223633
AT,AKC,urban,2023-02-27T20:00:00,1,11.263500213623047,10.586935043334961,10.538000106811523
AT,AKC,urban,2023-02-27T21:00:00,1,12.534000396728516,11.293780326843262,11.263500213623047
AT,AKC,urban,2023-02-27T22:00:00,1,12.650500297546387,12.49479866027832,12.534000396728516
AT,AKC,urban,2023-02-27T23:00:00,1,13.214500427246094,12.64345932006836,12.650500297546387
AT,AKC,urban,2023-02-28T00:00:00,1,14.069000244140625,13.318853378295898,13.214500427246094
AT,AKC,urban,2023-02-28T01:00:00,1,14.60949993133545,14.14019775390625,14.069000244140625
AT,AKC,urban,2023-02-28T02:00:00,1,15.182000160217285,14.659451484680176,14.60949993133545
AT,AKC,urban,2023-02-28T03:00:00,1,15.416500091552734,15.419661521911621,15.182000160217285
AT,AKC,urban,2023-02-28T04:00:00,1,16.840499877929688,15.960272789001465,15.416500091552734
AT,AKC,urban,2023-02-28T05:00:00,1,17.917999267578125,17.932472229003906,16.840499877929688
AT,AKC,urban,2023-02-28T06:00:00,1,19.46299934387207,18.77837371826172,17.917999267578125
AT,AKC,urban,2023-02-28T07:00:00,1,21.004499435424805,19.60422134399414,19.46299934387207
AT,AKC,urban,2023-02-28T08:00:00,1,19.451499938964844,20.672481536865234,21.004499435424805
AT,AKC,urban,2023-02-28T09:00:00,1,19.61949920654297,18.480506896972656,19.451499938964844
AT,AKC,urban,2023-02-28T10:00:00,1,19.613000869750977,18.87884521484375,19.61949920654297
AT,AKC,urban,2023-02-28T11:00:00,1,17.194499969482422,19.155155181884766,19.613000869750977
AT,AKC,urban,2023-02-28T12:00:00,1,15.664999961853027,16.899314880371094,17.194499969482422
AT,AKC,urban,2023-02-28T13:00:00,1,16.392000198364258,15.722414016723633,15.664999961853027
AT,AKC,urban,2023-02-28T14:00:00,1,17.354999542236328,16.630306243896484,16.392000198364258
AT,AKC,urban,2023-02-28T15:00:00,1,17.441499710083008,17.902963638305664,17.354999542236328
AT,AKC,urban,2023-02-28T16:00:00,1,20.161500930786133,18.56252670288086,17.441499710083008
AT,AKC,urban,2023-02-28T17:00:00,1,17.75550079345703,21.724441528320312,20.161500930786133
AT,AKC,urban,2023-02-28T18:00:00,1,19.433000564575195,18.072446823120117,17.75550079345703
AT,AKC,urban,2023-02-28T19:00:00,1,20.540000915527344,20.513700485229492,19.433000564575195
AT,AKC,urban,2023-02-28T20:00:00,1,23.04050064086914,21.29239273071289,20.540000915527344
AT,AKC,urban,2023-02-28T21:00:00,1,25.061500549316406,23.5191650390625,23.04050064086914
AT,AKC,urban,2023-02-28T22:00:00,1,26.062000274658203,25.625154495239258,25.061500549316406
AT,AKC,urban,2023-02-28T23:00:00,1,27.488000869750977,25.89352035522461,26.062000274658203
AT,AKC,urban,2023-03-01T00:00:00,1,28.599502563476562,27.527477264404297,27.488000869750977
AT,AKC,urban,2023-03-01T01:00:00,1,29.519001007080078,28.511402130126953,28.599502563476562
AT,AKC,urban,2023-03-01T02:00:00,1,30.41250228881836,29.278148651123047,29.519001007080078
AT,AKC,urban,2023-03-01T03:00:00,1,30.506999969482422,30.325733184814453,30.41250228881836
AT,AKC,urban,2023-03-01T04:00:00,1,30.56650161743164,30.54559326171875,30.506999969482422
AT,AKC,urban,2023-03-01T05:00:00,1,30.483501434326172,30.73438262939453,30.56650161743164
AT,AKC,urban,2023-03-01T06:00:00,1,31.43199920654297,30.71987533569336,30.483501434326172
AT,AKC,urban,2023-03-01T07:00:00,1,31.84400177001953,31.613426208496094,31.43199920654297
AT,AKC,urban,2023-03-01T08:00:00,1,30.0625,31.474346160888672,31.84400177001953
AT,AKC,urban,2023-03-01T09:00:00,1,24.28700065612793,28.972076416015625,30.0625
AT,AKC,urban,2023-03-01T10:00:00,1,24.416500091552734,21.784866333007812,24.28700065612793
AT,AKC,urban,2023-03-01T11:00:00,1,22.417499542236328,23.133670806884766,24.416500091552734
AT,AKC,urban,2023-03-01T12:00:00,1,22.01300048828125,21.664295196533203,22.417499542236328
AT,AKC,urban,2023-03-01T13:00:00,1,23.269500732421875,21.50334930419922,22.01300048828125
AT,AKC,urban,2023-03-01T14:00:00,1,22.99650001525879,23.394393920898438,23.269500732421875
AT,AKC,urban,2023-03-01T15:00:00,1,22.069499969482422,23.394615173339844,22.99650001525879
AT,AKC,urban,2023-03-01T16:00:00,1,24.020999908447266,22.899738311767578,22.069499969482422
AT,AKC,urban,2023-03-01T17:00:00,1,26.863000869750977,25.660934448242188,24.020999908447266
AT,AKC,urban,2023-03-01T18:00:00,1,28.819499969482422,27.91960906982422,26.863000869750977
AT,AKC,urban,2023-03-01T19:00:00,1,27.264999389648438,29.67138671875,28.819499969482422
AT,AKC,urban,2023-03-01T20:00:00,1,29.79800033569336,27.233867645263672,27.264999389648438
AT,AKC,urban,2023-03-01T21:00:00,1,33.582000732421875,29.510631561279297,29.79800033569336
AT,AKC,urban,2023-03-01T22:00:00,1,37.0724983215332,33.14702224731445,33.582000732421875
AT,AKC,urban,2023-03-01T23:00:00,1,38.919498443603516,36.338932037353516,37.0724983215332
AT,AKC,urban,2023-03-02T00:00:00,1,40.858001708984375,38.08244705200195,38.919498443603516
AT,AKC,urban,2023-03-02T01:00:00,1,39.37799835205078,39.80728530883789,40.858001708984375
AT,AKC,urban,2023-03-02T02:00:00,1,38.27750015258789,38.53948211669922,39.37799835205078
AT,AKC,urban,2023-03-02T03:00:00,1,38.417999267578125,37.80231475830078,38.27750015258789
AT,AKC,urban,2023-03-02T04:00:00,1,38.462501525878906,38.531864166259766,38.417999267578125
AT,AKC,urban,2023-03-02T05:00:00,1,39.554996490478516,38.70914077758789,38.462501525878906
AT,AKC,urban,2023-03-02T06:00:00,1,38.372501373291016,39.634037017822266,39.554996490478516
AT,AKC,urban,2023-03-02T07:00:00,1,40.270999908447266,37.213130950927734,38.372501373291016
AT,AKC,urban,2023-03-02T08:00:00,1,40.63999938964844,39.164424896240234,40.270999908447266
AT,AKC,urban,2023-03-02T09:00:00,1,38.83300018310547,39.40997314453125,40.63999938964844
AT,AKC,urban,2023-03-02T10:00:00,1,34.77799987792969,37.42985153198242,38.83300018310547
AT,AKC,urban,2023-03-02T11:00:00,1,25.80699920654297,32.8521614074707,34.77799987792969
AT,AKC,urban,2023-03-02T12:00:00,1,23.521499633789062,23.7324275970459,25.80699920654297
AT,AKC,urban,2023-03-02T13:00:00,1,23.1299991607666,23.244356155395508,23.521499633789062
AT,AKC,urban,2023-03-02T14:00:00,1,21.868499755859375,23.322490692138672,23.1299991607666
AT,AKC,urban,2023-03-02T15:00:00,1,20.47599983215332,22.187395095825195,21.868499755859375
AT,AKC,urban,2023-03-02T16:00:00,1,21.0674991607666,22.39410400390625,20.47599983215332
AT,AKC,urban,2023-03-02T17:00:00,1,20.555999755859375,22.803279876708984,21.0674991607666
AT,AKC,urban,2023-03-02T18:00:00,1,27.368999481201172,22.05284309387207,20.555999755859375
AT,AKC,urban,2023-03-02T19:00:00,1,23.75950050354004,29.529308319091797,27.368999481201172
AT,AKC,urban,2023-03-02T20:00:00,1,26.769500732421875,23.471878051757812,23.75950050354004
AT,AKC,urban,2023-03-02T21:00:00,1,22.535499572753906,27.242759704589844,26.769500732421875
AT,AKC,urban,2023-03-02T22:00:00,1,21.966999053955078,22.66149139404297,22.535499572753906
AT,AKC,urban,2023-03-02T23:00:00,1,20.719999313354492,22.055055618286133,21.966999053955078
AT,AKC,urban,2023-03-03T00:00:00,1,20.076499938964844,21.49697494506836,20.719999313354492
AT,AKC,urban,2023-03-03T01:00:00,1,22.792999267578125,20.655996322631836,20.076499938964844
AT,AKC,urban,2023-03-03T02:00:00,1,27.14550018310547,23.513660430908203,22.792999267578125
AT,AKC,urban,2023-03-03T03:00:00,1,32.10749816894531,28.214691162109375,27.14550018310547
AT,AKC,urban,2023-03-03T04:00:00,1,32.317501068115234,33.037322998046875,32.10749816894531
AT,AKC,urban,2023-03-03T05:00:00,1,35.997501373291016,33.97943878173828,32.317501068115234
AT,AKC,urban,2023-03-03T06:00:00,1,41.930999755859375,36.58259201049805,35.997501373291016
AT,AKC,urban,2023-03-03T07:00:00,1,37.486000061035156,40.52461242675781,41.930999755859375
AT,AKC,urban,2023-03-03T08:00:00,1,36.176998138427734,35.16399383544922,37.486000061035156
AT,AKC,urban,2023-03-03T09:00:00,1,33.8385009765625,33.10596466064453,36.176998138427734
AT,AKC,urban,2023-03-03T10:00:00,1,29.032001495361328,30.893692016601562,33.8385009765625
AT,AKC,urban,2023-03-03T11:00:00,1,28.528499603271484,24.46851921081543,29.032001495361328
AT,AKC,urban,2023-03-03T12:00:00,1,27.756000518798828,26.566736221313477,28.528499603271484
AT,AKC,urban,2023-03-03T13:00:00,1,24.480499267578125,27.073196411132812,27.756000518798828
AT,AKC,urban,2023-03-03T14:00:00,1,18.87299919128418,24.183902740478516,24.480499267578125
AT,AKC,urban,2023-03-03T15:00:00,1,21.160999298095703,19.58707618713379,18.87299919128418
AT,AKC,urban,2023-03-03T16:00:00,1,21.770999908447266,23.904964447021484,21.160999298095703
AT,AKC,urban,2023-03-03T17:00:00,1,21.56999969482422,24.422801971435547,21.770999908447266
AT,AKC,urban,2023-03-03T18:00:00,1,26.80500030517578,23.197437286376953,21.56999969482422
AT,AKC,urban,2023-03-03T19:00:00,1,26.211000442504883,27.71723175048828,26.80500030517578
AT,AKC,urban,2023-03-03T20:00:00,1,25.604999542236328,26.849132537841797,26.211000442504883
AT,AKC,urban,2023-03-03T21:00:00,1,24.83449935913086,25.880664825439453,25.604999542236328
AT,AKC,urban,2023-03-03T22:00:00,1,26.6875,25.6318359375,24.83449935913086
AT,AKC,urban,2023-03-03T23:00:00,1,26.11549949645996,27.151262283325195,26.6875
AT,AKC,urban,2023-03-04T00:00:00,1,19.892499923706055,26.669878005981445,26.11549949645996
AT,AKC,urban,2023-03-04T01:00:00,1,17.204500198364258,20.256690979003906,19.892499923706055
AT,AKC,urban,2023-03-04T02:00:00,1,23.849000930786133,17.742149353027344,17.204500198364258
AT,AKC,urban,2023-03-04T03:00:00,1,37.45750045776367,24.64520263671875,23.849000930786133
AT,AKC,urban,2023-03-04T04:00:00,1,35.39149856567383,38.197322845458984,37.45750045776367
AT,AKC,urban,2023-03-04T05:00:00,1,35.205501556396484,29.719585418701172,35.39149856567383
AT,AKC,urban,2023-03-04T06:00:00,1,35.81050109863281,30.322628021240234,35.205501556396484
AT,AKC,urban,2023-03-04T07:00:00,1,34.94749450683594,31.517196655273438,35.81050109863281
AT,AKC,urban,2023-03-04T08:00:00,1,22.586999893188477,31.50387954711914,34.94749450683594
AT,AKC,urban,2023-03-04T09:00:00,1,15.549500465393066,17.40842056274414,22.586999893188477
AT,AKC,urban,2023-03-04T10:00:00,1,15.475000381469727,14.380826950073242,15.549500465393066
AT,AKC,urban,2023-03-04T11:00:00,1,14.215999603271484,14.610067367553711,15.475000381469727
AT,AKC,urban,2023-03-04T12:00:00,1,16.27750015258789,12.947014808654785,14.215999603271484
AT,AKC,urban,2023-03-04T13:00:00,1,17.030000686645508,15.236186027526855,16.27750015258789
AT,AKC,urban,2023-03-04T14:00:00,1,19.886499404907227,16.175243377685547,17.030000686645508
AT,AKC,urban,2023-03-04T15:00:00,1,19.40850067138672,19.127147674560547,19.886499404907227
AT,AKC,urban,2023-03-04T16:00:00,1,18.16349983215332,19.016563415527344,19.40850067138672
AT,AKC,urban,2023-03-04T17:00:00,1,14.745499610900879,17.85042381286621,18.16349983215332
AT,AKC,urban,2023-03-04T18:00:00,1,13.913999557495117,14.381757736206055,14.745499610900879
AT,AKC,urban,2023-03-04T19:00:00,1,12.067999839782715,13.893123626708984,13.913999557495117
AT,AKC,urban,2023-03-04T20:00:00,1,13.36400032043457,12.216741561889648,12.067999839782715
AT,AKC,urban,2023-03-04T21:00:00,1,15.091500282287598,13.636382102966309,13.36400032043457
AT,AKC,urban,2023-03-04T22:00:00,1,16.118999481201172,15.26461124420166,15.091500282287598
AT,AKC,urban,2023-03-04T23:00:00,1,16.236000061035156,16.045989990234375,16.118999481201172
AT,AKC,urban,2023-03-05T00:00:00,1,15.161499977111816,16.093090057373047,16.236000061035156
AT,AKC,urban,2023-03-05T01:00:00,1,15.120499610900879,14.914432525634766,15.161499977111816
AT,AKC,urban,2023-03-05T02:00:00,1,15.196000099182129,14.804841995239258,15.120499610900879
AT,AKC,urban,2023-03-05T03:00:00,1,14.954500198364258,15.02256965637207,15.196000099182129
AT,AKC,urban,2023-03-05T04:00:00,1,15.053500175476074,14.823019027709961,14.954500198364258
AT,AKC,urban,2023-03-05T05:00:00,1,14.232000350952148,15.003129005432129,15.053500175476074
AT,AKC,urban,2023-03-05T06:00:00,1,16.136499404907227,14.085546493530273,14.232000350952148
AT,AKC,urban,2023-03-05T07:00:00,1,16.489500045776367,15.840401649475098,16.136499404907227
AT,AKC,urban,2023-03-05T08:00:00,1,16.670000076293945,15.906034469604492,16.489500045776367
AT,AKC,urban,2023-03-05T09:00:00,1,15.691499710083008,16.0750732421875,16.670000076293945
AT,AKC,urban,2023-03-05T10:00:00,1,15.805999755859375,14.443243980407715,15.691499710083008
AT,AKC,urban,2023-03-05T11:00:00,1,14.967000007629395,14.868705749511719,15.805999755859375
AT,AKC,urban,2023-03-05T12:00:00,1,7.206549644470215,14.39788818359375,14.967000007629395
AT,AKC,urban,2023-03-05T13:00:00,1,6.267798900604248,6.239555358886719,7.206549644470215
AT,AKC,urban,2023-03-05T14:00:00,1,6.499598979949951,6.343086242675781,6.267798900604248
AT,AKC,urban,2023-03-05T15:00:00,1,6.649899482727051,7.119852542877197,6.499598979949951
AT,AKC,urban,2023-03-05T16:00:00,1,6.5413498878479,7.278923034667969,6.649899482727051
AT,AKC,urban,2023-03-05T17:00:00,1,6.602999210357666,7.617188453674316,6.5413498878479
AT,AKC,urban,2023-03-05T18:00:00,1,7.215848445892334,7.517366409301758,6.602999210357666
AT,AKC,urban,2023-03-05T19:00:00,1,7.3927998542785645,8.090880393981934,7.215848445892334
AT,AKC,urban,2023-03-05T20:00:00,1,7.830149173736572,7.758378028869629,7.3927998542785645
AT,AKC,urban,2023-03-05T21:00:00,1,9.726948738098145,8.069363594055176,7.830149173736572
AT,AKC,urban,2023-03-05T22:00:00,1,11.131999969482422,9.96056842803955,9.726948738098145
AT,AKC,urban,2023-03-05T23:00:00,1,8.545598030090332,11.334428787231445,11.131999969482422
AT,AKC,urban,2023-03-06T00:00:00,1,6.465048789978027,8.388952255249023,8.545598030090332
AT,AKC,urban,2023-03-06T01:00:00,1,5.277198791503906,6.197155952453613,6.465048789978027
AT,AKC,urban,2023-03-06T02:00:00,1,5.02834939956665,5.223108768463135,5.277198791503906
AT,AKC,urban,2023-03-06T03:00:00,1,5.31804895401001,5.2765727043151855,5.02834939956665
AT,AKC,urban,2023-03-06T04:00:00,1,7.400699138641357,5.775218963623047,5.31804895401001
AT,AKC,urban,2023-03-06T05:00:00,1,9.934800148010254,8.0529203414917,7.400699138641357
AT,AKC,urban,2023-03-06T06:00:00,1,13.182000160217285,10.45897102355957,9.934800148010254
AT,AKC,urban,2023-03-06T07:00:00,1,14.067500114440918,12.654258728027344,13.182000160217285
AT,AKC,urban,2023-03-06T08:00:00,1,14.194999694824219,13.3351411819458,14.067500114440918
AT,AKC,urban,2023-03-06T09:00:00,1,14.47700023651123,13.586380004882812,14.194999694824219
AT,AKC,urban,2023-03-06T10:00:00,1,14.152999877929688,13.900689125061035,14.47700023651123
AT,AKC,urban,2023-03-06T11:00:00,1,15.156000137329102,13.446443557739258,14.152999877929688
AT,AKC,urban,2023-03-06T12:00:00,1,14.275500297546387,14.46424388885498,15.156000137329102
AT,AKC,urban,2023-03-06T13:00:00,1,14.358499526977539,13.564271926879883,14.275500297546387
AT,AKC,urban,2023-03-06T14:00:00,1,12.908499717712402,13.464272499084473,14.358499526977539
AT,AKC,urban,2023-03-06T15:00:00,1,13.388999938964844,12.024950981140137,12.908499717712402
AT,AKC,urban,2023-03-06T16:00:00,1,14.83650016784668,13.038613319396973,13.388999938964844
AT,AKC,urban,2023-03-06T17:00:00,1,15.991000175476074,15.09699535369873,14.83650016784668
AT,AKC,urban,2023-03-06T18:00:00,1,16.083999633789062,16.01165771484375,15.991000175476074
AT,AKC,urban,2023-03-06T19:00:00,1,14.842000007629395,15.351654052734375,16.083999633789062
AT,AKC,urban,2023-03-06T20:00:00,1,14.007499694824219,14.016814231872559,14.842000007629395
AT,AKC,urban,2023-03-06T21:00:00,1,14.954999923706055,13.413259506225586,14.007499694824219
AT,AKC,urban,2023-03-06T22:00:00,1,15.254500389099121,14.586605072021484,14.954999923706055
AT,AKC,urban,2023-03-06T23:00:00,1,16.339000701904297,14.878888130187988,15.254500389099121
AT,AKC,urban,2023-03-07T00:00:00,1,17.21500015258789,16.017108917236328,16.339000701904297
AT,AKC,urban,2023-03-07T01:00:00,1,17.18199920654297,17.04798698425293,17.21500015258789
AT,AKC,urban,2023-03-07T02:00:00,1,16.33799934387207,16.933311462402344,17.18199920654297
AT,AKC,urban,2023-03-07T03:00:00,1,16.853500366210938,16.27314567565918,16.33799934387207
AT,AKC,urban,2023-03-07T04:00:00,1,15.593000411987305,17.1562557220459,16.853500366210938
AT,AKC,urban,2023-03-07T05:00:00,1,16.11400032043457,15.924468994140625,15.593000411987305
AT,AKC,urban,2023-03-07T06:00:00,1,16.409500122070312,15.875960350036621,16.11400032043457
AT,AKC,urban,2023-03-07T07:00:00,1,19.033000946044922,15.470376968383789,16.409500122070312
AT,AKC,urban,2023-03-07T08:00:00,1,17.06599998474121,17.637855529785156,19.033000946044922
AT,AKC,urban,2023-03-07T09:00:00,1,14.557999610900879,16.02336311340332,17.06599998474121
AT,AKC,urban,2023-03-07T10:00:00,1,16.000499725341797,13.666533470153809,14.557999610900879
AT,AKC,urban,2023-03-07T11:00:00,1,14.498499870300293,15.45608139038086,16.000499725341797
AT,AKC,urban,2023-03-07T12:00:00,1,12.411499977111816,13.98962688446045,14.498499870300293
AT,AKC,urban,2023-03-07T13:00:00,1,10.371749877929688,12.091231346130371,12.411499977111816
AT,AKC,urban,2023-03-07T14:00:00,1,9.979998588562012,10.482860565185547,10.371749877929688
AT,AKC,urban,2023-03-07T15:00:00,1,12.30049991607666,9.959341049194336,9.979998588562012
AT,AKC,urban,2023-03-07T16:00:00,1,15.749500274658203,12.449317932128906,12.30049991607666
AT,AKC,urban,2023-03-07T17:00:00,1,17.410999298095703,16.146259307861328,15.749500274658203
AT,AKC,urban,2023-03-07T18:00:00,1,18.229999542236328,17.435579299926758,17.410999298095703
AT,AKC,urban,2023-03-07T19:00:00,1,20.29800033569336,18.091941833496094,18.229999542236328
AT,AKC,urban,2023-03-07T20:00:00,1,23.75200080871582,19.938766479492188,20.29800033569336
AT,AKC,urban,2023-03-07T21:00:00,1,24.724498748779297,22.472692489624023,23.75200080871582
AT,AKC,urban,2023-03-07T22:00:00,1,18.267000198364258,19.090991973876953,24.724498748779297
AT,AKC,urban,2023-03-07T23:00:00,1,16.387500762939453,10.600164413452148,18.267000198364258
AT,AKC,urban,2023-03-08T00:00:00,1,11.933500289916992,13.435898780822754,16.387500762939453
AT,AKC,urban,2023-03-08T01:00:00,1,11.779999732971191,10.135565757751465,11.933500289916992
AT,AKC,urban,2023-03-08T02:00:00,1,12.642000198364258,10.445631980895996,11.779999732971191
AT,AKC,urban,2023-03-08T03:00:00,1,12.031499862670898,11.914178848266602,12.642000198364258
AT,AKC,urban,2023-03-08T04:00:00,1,13.130499839782715,11.498590469360352,12.031499862670898
AT,AKC,urban,2023-03-08T05:00:00,1,13.69950008392334,12.561859130859375,13.130499839782715
AT,AKC,urban,2023-03-08T06:00:00,1,11.947999954223633,13.376578330993652,13.69950008392334
AT,AKC,urban,2023-03-08T07:00:00,1,8.95849895477295,11.30134391784668,11.947999954223633
AT,AKC,urban,2023-03-08T08:00:00,1,8.930048942565918,8.609197616577148,8.95849895477295
AT,AKC,urban,2023-03-08T09:00:00,1,10.779999732971191,8.956270217895508,8.930048942565918
AT,AKC,urban,2023-03-08T10:00:00,1,16.831499099731445,10.904994010925293,10.779999732971191
AT,AKC,urban,2023-03-08T11:00:00,1,17.632999420166016,16.540142059326172,16.831499099731445
AT,AKC,urban,2023-03-08T12:00:00,1,18.5575008392334,16.990514755249023,17.632999420166016
AT,AKC,urban,2023-03-08T13:00:00,1,17.181499481201172,18.038368225097656,18.5575008392334
AT,AKC,urban,2023-03-08T14:00:00,1,17.590499877929688,16.387657165527344,17.181499481201172
AT,AKC,urban,2023-03-08T15:00:00,1,19.136499404907227,16.724889755249023,17.590499877929688
AT,AKC,urban,2023-03-08T16:00:00,1,20.804000854492188,17.87661361694336,19.136499404907227
AT,AKC,urban,2023-03-08T17:00:00,1,24.520999908447266,19.282339096069336,20.804000854492188
AT,AKC,urban,2023-03-08T18:00:00,1,22.545499801635742,22.973407745361328,24.520999908447266
AT,AKC,urban,2023-03-08T19:00:00,1,19.38599967956543,20.12643814086914,22.545499801635742
AT,AKC,urban,2023-03-08T20:00:00,1,20.996000289916992,16.842878341674805,19.38599967956543
AT,AKC,urban,2023-03-08T21:00:00,1,19.690000534057617,19.82546043395996,20.996000289916992
AT,AKC,urban,2023-03-08T22:00:00,1,14.26550006866455,18.75555419921875,19.690000534057617
AT,AKC,urban,2023-03-08T23:00:00,1,6.968998908996582,11.291152954101562,14.26550006866455
AT,AKC,urban,2023-03-09T00:00:00,1,8.187700271606445,6.216603755950928,6.968998908996582
AT,AKC,urban,2023-03-09T01:00:00,1,8.631750106811523,7.838351726531982,8.187700271606445
AT,AKC,urban,2023-03-09T02:00:00,1,8.797249794006348,8.609636306762695,8.631750106811523
AT,AKC,urban,2023-03-09T03:00:00,1,9.955849647521973,8.841605186462402,8.797249794006348
AT,AKC,urban,2023-03-09T04:00:00,1,10.109999656677246,10.628686904907227,9.955849647521973
AT,AKC,urban,2023-03-09T05:00:00,1,4.434450149536133,10.688637733459473,10.109999656677246
AT,AKC,urban,2023-03-09T06:00:00,1,3.8366003036499023,4.667750358581543,4.434450149536133
AT,AKC,urban,2023-03-09T07:00:00,1,8.369898796081543,4.44305944442749,3.8366003036499023
AT,AKC,urban,2023-03-09T08:00:00,1,11.285200119018555,8.034846305847168,8.369898796081543
AT,AKC,urban,2023-03-09T09:00:00,1,7.919898986816406,7.956686019897461,11.285200119018555
AT,AKC,urban,2023-03-09T10:00:00,1,4.165499687194824,7.600329875946045,7.919898986816406
AT,AKC,urban,2023-03-09T11:00:00,1,3.346050262451172,4.214293956756592,4.165499687194824
AT,AKC,urban,2023-03-09T12:00:00,1,3.039400100708008,4.119822978973389,3.346050262451172
AT,AKC,urban,2023-03-09T13:00:00,1,2.560349464416504,3.5657854080200195,3.039400100708008
AT,AKC,urban,2023-03-09T14:00:00,1,2.4349489212036133,3.117382049560547,2.560349464416504
AT,AKC,urban,2023-03-09T15:00:00,1,2.1387996673583984,3.0870981216430664,2.4349489212036133
AT,AKC,urban,2023-03-09T16:00:00,1,2.807650566101074,2.869762420654297,2.1387996673583984
AT,AKC,urban,2023-03-09T17:00:00,1,5.629448890686035,3.584660530090332,2.807650566101074
AT,AKC,urban,2023-03-09T18:00:00,1,8.887350082397461,6.419036388397217,5.629448890686035
AT,AKC,urban,2023-03-09T19:00:00,1,11.545999526977539,9.256391525268555,8.887350082397461
AT,AKC,urban,2023-03-09T20:00:00,1,11.878499984741211,11.292786598205566,11.545999526977539
AT,AKC,urban,2023-03-09T21:00:00,1,9.735198974609375,11.243234634399414,11.878499984741211
AT,AKC,urban,2023-03-09T22:00:00,1,6.614999294281006,8.685791969299316,9.735198974609375
AT,AKC,urban,2023-03-09T23:00:00,1,7.9133501052856445,5.489391326904297,6.614999294281006
AT,AKC,urban,2023-03-10T00:00:00,1,6.977299213409424,7.507217884063721,7.9133501052856445
AT,AKC,urban,2023-03-10T01:00:00,1,6.316598892211914,6.934493064880371,6.977299213409424
AT,AKC,urban,2023-03-10T02:00:00,1,6.3632493019104,6.353315353393555,6.316598892211914
AT,AKC,urban,2023-03-10T03:00:00,1,6.306250095367432,6.968932628631592,6.3632493019104
AT,AKC,urban,2023-03-10T04:00:00,1,8.321949005126953,7.071010112762451,6.306250095367432
AT,AKC,urban,2023-03-10T05:00:00,1,10.418000221252441,9.60034465789795,8.321949005126953
AT,AKC,urban,2023-03-10T06:00:00,1,9.866250038146973,10.931346893310547,10.418000221252441
AT,AKC,urban,2023-03-10T07:00:00,1,12.491000175476074,9.654234886169434,9.866250038146973
AT,AKC,urban,2023-03-10T08:00:00,1,14.552499771118164,12.097277641296387,12.491000175476074
AT,AKC,urban,2023-03-10T09:00:00,1,14.537500381469727,13.06576156616211,14.552499771118164
AT,AKC,urban,2023-03-10T10:00:00,1,6.37354850769043,12.32896614074707,14.537500381469727
AT,AKC,urban,2023-03-10T11:00:00,1,4.4232988357543945,4.897355556488037,6.37354850769043
AT,AKC,urban,2023-03-10T12:00:00,1,4.384850025177002,4.182778358459473,4.4232988357543945
AT,AKC,urban,2023-03-10T13:00:00,1,3.9984493255615234,4.752964973449707,4.384850025177002
AT,AKC,urban,2023-03-10T14:00:00,1,3.4093990325927734,4.279358863830566,3.9984493255615234
AT,AKC,urban,2023-03-10T15:00:00,1,3.0011987686157227,4.275542259216309,3.4093990325927734
AT,AKC,urban,2023-03-10T16:00:00,1,3.786799430847168,3.8428640365600586,3.0011987686157227
AT,AKC,urban,2023-03-10T17:00:00,1,2.9298505783081055,4.907735347747803,3.786799430847168
AT,AKC,urban,2023-03-10T18:00:00,1,2.8265504837036133,3.5616016387939453,2.9298505783081055
AT,AKC,urban,2023-03-10T19:00:00,1,1.738800048828125,3.00614070892334,2.8265504837036133
AT,AKC,urban,2023-03-10T20:00:00,1,1.5333490371704102,1.5456657409667969,1.738800048828125
AT,AKC,urban,2023-03-10T21:00:00,1,1.8663997650146484,1.4819755554199219,1.5333490371704102
AT,AKC,urban,2023-03-10T22:00:00,1,2.076798439025879,1.8901491165161133,1.8663997650146484
AT,AKC,urban,2023-03-10T23:00:00,1,2.193598747253418,2.1721572875976562,2.076798439025879
AT,AKC,urban,2023-03-11T00:00:00,1,2.0565996170043945,2.333489418029785,2.193598747253418
AT,AKC,urban,2023-03-11T01:00:00,1,2.0847997665405273,2.2322301864624023,2.0565996170043945
AT,AKC,urban,2023-03-11T02:00:00,1,2.3660993576049805,2.20217227935791,2.0847997665405273
AT,AKC,urban,2023-03-11T03:00:00,1,1.9931488037109375,2.64517879486084,2.3660993576049805
AT,AKC,urban,2023-03-11T04:00:00,1,1.7771492004394531,2.273550033569336,1.9931488037109375
AT,AKC,urban,2023-03-11T05:00:00,1,2.204899787902832,2.163590431213379,1.7771492004394531
AT,AKC,urban,2023-03-11T06:00:00,1,2.4127988815307617,2.4025793075561523,2.204899787902832
AT,AKC,urban,2023-03-11T07:00:00,1,2.1117000579833984,2.537355422973633,2.4127988815307617
AT,AKC,urban,2023-03-11T08:00:00,1,1.9799003601074219,2.2125587463378906,2.1117000579833984
AT,AKC,urban,2023-03-11T09:00:00,1,1.711099624633789,2.102325439453125,1.9799003601074219
AT,AKC,urban,2023-03-11T10:00:00,1,2.0043487548828125,1.8402414321899414,1.711099624633789
AT,AKC,urban,2023-03-11T11:00:00,1,1.8321495056152344,2.1893348693847656,2.0043487548828125
AT,AKC,urban,2023-03-11T12:00:00,1,2.007899284362793,2.058892250061035,1.8321495056152344
AT,AKC,urban,2023-03-11T13:00:00,1,2.0858993530273438,2.277109146118164,2.007899284362793
AT,AKC,urban,2023-03-11T14:00:00,1,1.8968486785888672,2.2996044158935547,2.0858993530273438
AT,AKC,urban,2023-03-11T15:00:00,1,1.9031486511230469,2.137052536010742,1.8968486785888672
AT,AKC,urban,2023-03-11T16:00:00,1,2.200150489807129,2.171171188354492,1.9031486511230469
AT,AKC,urban,2023-03-11T17:00:00,1,2.588250160217285,2.560983657836914,2.200150489807129
AT,AKC,urban,2023-03-11T18:00:00,1,2.7122488021850586,2.9424667358398438,2.588250160217285
AT,AKC,urban,2023-03-11T19:00:00,1,2.9964494705200195,3.057877540588379,2.7122488021850586
AT,AKC,urban,2023-03-11T20:00:00,1,3.6356000900268555,3.2790613174438477,2.9964494705200195
AT,AKC,urban,2023-03-11T21:00:00,1,4.212800025939941,3.932034492492676,3.6356000900268555
AT,AKC,urban,2023-03-11T22:00:00,1,4.513050079345703,4.476243019104004,4.212800025939941
AT,AKC,urban,2023-03-11T23:00:00,1,4.433349132537842,4.786245822906494,4.513050079345703
AT,AKC,urban,2023-03-12T00:00:00,1,4.340548992156982,4.723508358001709,4.433349132537842
AT,AKC,urban,2023-03-12T01:00:00,1,4.563549041748047,4.659184455871582,4.340548992156982
AT,AKC,urban,2023-03-12T02:00:00,1,4.858799457550049,4.798652172088623,4.563549041748047
AT,AKC,urban,2023-03-12T03:00:00,1,5.070650100708008,5.16430139541626,4.858799457550049
AT,AKC,urban,2023-03-12T04:00:00,1,4.931250095367432,5.501006126403809,5.070650100708008
AT,AKC,urban,2023-03-12T05:00:00,1,4.788300037384033,5.5232415199279785,4.931250095367432
AT,AKC,urban,2023-03-12T06:00:00,1,3.589900016784668,5.267134189605713,4.788300037384033
AT,AKC,urban,2023-03-12T07:00:00,1,3.322598457336426,3.7815113067626953,3.589900016784668
AT,AKC,urban,2023-03-12T08:00:00,1,3.744500160217285,3.4341115951538086,3.322598457336426
AT,AKC,urban,2023-03-12T09:00:00,1,4.842899799346924,3.8330068588256836,3.744500160217285
AT,AKC,urban,2023-03-12T10:00:00,1,6.496448993682861,4.886740207672119,4.842899799346924
AT,AKC,urban,2023-03-12T11:00:00,1,6.843949794769287,6.499687671661377,6.496448993682861
AT,AKC,urban,2023-03-12T12:00:00,1,6.285600185394287,6.734713077545166,6.843949794769287
AT,AKC,urban,2023-03-12T13:00:00,1,6.623048782348633,6.314326286315918,6.285600185394287
AT,AKC,urban,2023-03-12T14:00:00,1,8.042900085449219,6.7516655921936035,6.623048782348633
AT,AKC,urban,2023-03-12T15:00:00,1,7.979098796844482,8.28358268737793,8.042900085449219
AT,AKC,urban,2023-03-12T16:00:00,1,9.39164924621582,8.33066177368164,7.979098796844482
AT,AKC,urban,2023-03-12T17:00:00,1,10.168999671936035,10.009709358215332,9.39164924621582
AT,AKC,urban,2023-03-12T18:00:00,1,8.219550132751465,10.62205982208252,10.168999671936035
AT,AKC,urban,2023-03-12T19:00:00,1,8.03079891204834,7.87770414352417,8.219550132751465
AT,AKC,urban,2023-03-12T20:00:00,1,5.046298980712891,7.7948126792907715,8.03079891204834
AT,AKC,urban,2023-03-12T21:00:00,1,5.436248779296875,4.32084846496582,5.046298980712891
AT,AKC,urban,2023-03-12T22:00:00,1,5.039750099182129,5.3253302574157715,5.436248779296875
AT,AKC,urban,2023-03-12T23:00:00,1,7.172049045562744,5.139643669128418,5.039750099182129
AT,AKC,urban,2023-03-13T00:00:00,1,5.877799034118652,7.250424385070801,7.172049045562744
AT,AKC,urban,2023-03-13T01:00:00,1,7.169650077819824,5.888758659362793,5.877799034118652
AT,AKC,urban,2023-03-13T02:00:00,1,7.923150062561035,7.301728248596191,7.169650077819824
AT,AKC,urban,2023-03-13T03:00:00,1,7.730249881744385,8.469468116760254,7.923150062561035
AT,AKC,urban,2023-03-13T04:00:00,1,6.651350021362305,8.169675827026367,7.730249881744385
AT,AKC,urban,2023-03-13T05:00:00,1,8.415650367736816,7.046945095062256,6.651350021362305
AT,AKC,urban,2023-03-13T06:00:00,1,9.906599044799805,7.947639465332031,8.415650367736816
AT,AKC,urban,2023-03-13T07:00:00,1,6.900149822235107,8.671846389770508,9.906599044799805
AT,AKC,urban,2023-03-13T08:00:00,1,8.838448524475098,6.218840599060059,6.900149822235107
AT,AKC,urban,2023-03-13T09:00:00,1,11.039999961853027,8.43057632446289,8.838448524475098
AT,AKC,urban,2023-03-13T10:00:00,1,11.409500122070312,10.900444984436035,11.039999961853027
AT,AKC,urban,2023-03-13T11:00:00,1,8.154998779296875,11.135422706604004,11.409500122070312
AT,AKC,urban,2023-03-13T12:00:00,1,7.762898921966553,7.940217018127441,8.154998779296875
AT,AKC,urban,2023-03-13T13:00:00,1,7.07105016708374,7.769804000854492,7.762898921966553
AT,AKC,urban,2023-03-13T14:00:00,1,8.962048530578613,7.349981307983398,7.07105016708374
AT,AKC,urban,2023-03-13T15:00:00,1,9.268600463867188,9.319713592529297,8.962048530578613
AT,AKC,urban,2023-03-13T16:00:00,1,9.131050109863281,9.320043563842773,9.268600463867188
AT,AKC,urban,2023-03-13T17:00:00,1,9.15250015258789,9.299100875854492,9.131050109863281
AT,AKC,urban,2023-03-13T18:00:00,1,9.90304946899414,8.974801063537598,9.15250015258789
AT,AKC,urban,2023-03-13T19:00:00,1,9.184800148010254,9.805051803588867,9.90304946899414
AT,AKC,urban,2023-03-13T20:00:00,1,9.414249420166016,8.927124977111816,9.184800148010254
AT,AKC,urban,2023-03-13T21:00:00,1,10.215999603271484,9.012311935424805,9.414249420166016
AT,AKC,urban,2023-03-13T22:00:00,1,8.735650062561035,9.873710632324219,10.215999603271484
AT,AKC,urban,2023-03-13T23:00:00,1,7.857398986816406,8.422822952270508,8.735650062561035
AT,AKC,urban,2023-03-14T00:00:00,1,7.5260491371154785,7.645564556121826,7.857398986816406
AT,AKC,urban,2023-03-14T01:00:00,1,7.812398910522461,7.539631366729736,7.5260491371154785
AT,AKC,urban,2023-03-14T02:00:00,1,8.116498947143555,7.908947467803955,7.812398910522461
AT,AKC,urban,2023-03-14T03:00:00,1,9.600798606872559,8.263086318969727,8.116498947143555
AT,AKC,urban,2023-03-14T04:00:00,1,8.755199432373047,9.71314811706543,9.600798606872559
AT,AKC,urban,2023-03-14T05:00:00,1,11.3125,8.791566848754883,8.755199432373047
AT,AKC,urban,2023-03-14T06:00:00,1,12.314499855041504,11.477227210998535,11.3125
AT,AKC,urban,2023-03-14T07:00:00,1,3.0612001419067383,11.247681617736816,12.314499855041504
AT,AKC,urban,2023-03-14T08:00:00,1,4.012650489807129,3.246929168701172,3.0612001419067383
AT,AKC,urban,2023-03-14T09:00:00,1,8.079548835754395,4.338138103485107,4.012650489807129
AT,AKC,urban,2023-03-14T10:00:00,1,3.1087989807128906,8.247200012207031,8.079548835754395
AT,AKC,urban,2023-03-14T11:00:00,1,2.6006994247436523,2.713104248046875,3.1087989807128906
AT,AKC,urban,2023-03-14T12:00:00,1,2.5243988037109375,2.8938140869140625,2.6006994247436523
AT,AKC,urban,2023-03-14T13:00:00,1,1.9119491577148438,2.807353973388672,2.5243988037109375
AT,AKC,urban,2023-03-14T14:00:00,1,3.5089492797851562,1.9885692596435547,1.9119491577148438
AT,AKC,urban,2023-03-14T15:00:00,1,4.873600006103516,4.011822700500488,3.5089492797851562
AT,AKC,urban,2023-03-14T16:00:00,1,6.933300018310547,5.350871562957764,4.873600006103516
AT,AKC,urban,2023-03-14T17:00:00,1,8.690449714660645,7.623433589935303,6.933300018310547
AT,AKC,urban,2023-03-14T18:00:00,1,2.2547998428344727,8.19694995880127,8.690449714660645
AT,AKC,urban,2023-03-14T19:00:00,1,2.42819881439209,1.7309856414794922,2.2547998428344727
AT,AKC,urban,2023-03-14T20:00:00,1,2.476149559020996,2.6197261810302734,2.42819881439209
AT,AKC,urban,2023-03-14T21:00:00,1,2.383450508117676,2.7206287384033203,2.476149559020996
AT,AKC,urban,2023-03-14T22:00:00,1,2.5559492111206055,2.3192262649536133,2.383450508117676
AT,AKC,urban,2023-03-14T23:00:00,1,2.634749412536621,2.5122175216674805,2.5559492111206055
AT,AKC,urban,2023-03-15T00:00:00,1,2.3540000915527344,2.602752685546875,2.634749412536621
AT,AKC,urban,2023-03-15T01:00:00,1,2.751500129699707,2.5026559829711914,2.3540000915527344
AT,AKC,urban,2023-03-15T02:00:00,1,3.9678993225097656,2.9568967819213867,2.751500129699707
AT,AKC,urban,2023-03-15T03:00:00,1,4.014800071716309,4.471986293792725,3.9678993225097656
AT,AKC,urban,2023-03-15T04:00:00,1,3.9386000633239746,4.651201248168945,4.014800071716309
AT,AKC,urban,2023-03-15T05:00:00,1,4.025798797607422,4.494227886199951,3.9386000633239746
AT,AKC,urban,2023-03-15T06:00:00,1,3.8773488998413086,4.371651649475098,4.025798797607422
AT,AKC,urban,2023-03-15T07:00:00,1,4.675300121307373,3.893165111541748,3.8773488998413086
AT,AKC,urban,2023-03-15T08:00:00,1,4.745200157165527,4.677294731140137,4.675300121307373
AT,AKC,urban,2023-03-15T09:00:00,1,4.707550525665283,4.842408180236816,4.745200157165527
AT,AKC,urban,2023-03-15T10:00:00,1,4.548599720001221,4.697564125061035,4.707550525665283
AT,AKC,urban,2023-03-15T11:00:00,1,5.566400051116943,4.5590291023254395,4.548599720001221
AT,AKC,urban,2023-03-15T12:00:00,1,4.420848846435547,5.573829650878906,5.566400051116943
AT,AKC,urban,2023-03-15T13:00:00,1,3.843499183654785,4.432253837585449,4.420848846435547
AT,AKC,urban,2023-03-15T14:00:00,1,4.090400218963623,3.7770118713378906,3.843499183654785
AT,AKC,urban,2023-03-15T15:00:00,1,3.320749282836914,4.118657112121582,4.090400218963623
AT,AKC,urban,2023-03-15T16:00:00,1,4.051249027252197,3.366835594177246,3.320749282836914
AT,AKC,urban,2023-03-15T17:00:00,1,4.15834903717041,4.2305073738098145,4.051249027252197
AT,AKC,urban,2023-03-15T18:00:00,1,4.2392988204956055,4.488875865936279,4.15834903717041
AT,AKC,urban,2023-03-15T19:00:00,1,4.945849418640137,4.614565372467041,4.2392988204956055
AT,AKC,urban,2023-03-15T20:00:00,1,5.196949005126953,5.3917365074157715,4.945849418640137
AT,AKC,urban,2023-03-15T21:00:00,1,4.104249000549316,5.490957736968994,5.196949005126953
AT,AKC,urban,2023-03-15T22:00:00,1,3.8010997772216797,4.158871650695801,4.104249000549316
AT,AKC,urban,2023-03-15T23:00:00,1,4.352999210357666,3.837143898010254,3.8010997772216797
AT,AKC,urban,2023-03-16T00:00:00,1,5.280600070953369,4.40808629989624,4.352999210357666
AT,AKC,urban,2023-03-16T01:00:00,1,6.734148979187012,5.438566207885742,5.280600070953369
AT,AKC,urban,2023-03-16T02:00:00,1,8.149398803710938,6.907853126525879,6.734148979187012
AT,AKC,urban,2023-03-16T03:00:00,1,8.880200386047363,8.489458084106445,8.149398803710938
AT,AKC,urban,2023-03-16T04:00:00,1,9.302048683166504,9.294852256774902,8.880200386047363
AT,AKC,urban,2023-03-16T05:00:00,1,10.044400215148926,9.880882263183594,9.302048683166504
AT,AKC,urban,2023-03-16T06:00:00,1,9.251798629760742,10.321510314941406,10.044400215148926
AT,AKC,urban,2023-03-16T07:00:00,1,7.544548988342285,9.020523071289062,9.251798629760742
AT,AKC,urban,2023-03-16T08:00:00,1,5.078948974609375,7.141791820526123,7.544548988342285
AT,AKC,urban,2023-03-16T09:00:00,1,5.065499782562256,4.779551982879639,5.078948974609375
AT,AKC,urban,2023-03-16T10:00:00,1,6.526148796081543,4.97550630569458,5.065499782562256
AT,AKC,urban,2023-03-16T11:00:00,1,6.284399509429932,6.553056716918945,6.526148796081543
AT,AKC,urban,2023-03-16T12:00:00,1,6.643098831176758,6.416060447692871,6.284399509429932
AT,AKC,urban,2023-03-16T13:00:00,1,5.9433488845825195,6.946868896484375,6.643098831176758
AT,AKC,urban,2023-03-16T14:00:00,1,5.232199668884277,6.1779375076293945,5.9433488845825195
AT,AKC,urban,2023-03-16T15:00:00,1,5.507100582122803,5.509642601013184,5.232199668884277
AT,AKC,urban,2023-03-16T16:00:00,1,5.873600006103516,5.927515983581543,5.507100582122803
AT,AKC,urban,2023-03-16T17:00:00,1,8.690099716186523,6.877357482910156,5.873600006103516
AT,AKC,urban,2023-03-16T18:00:00,1,10.320650100708008,10.121288299560547,8.690099716186523
AT,AKC,urban,2023-03-16T19:00:00,1,12.265000343322754,11.361017227172852,10.320650100708008
AT,AKC,urban,2023-03-16T20:00:00,1,12.14900016784668,12.867571830749512,12.265000343322754
AT,AKC,urban,2023-03-16T21:00:00,1,12.946999549865723,12.202818870544434,12.14900016784668
AT,AKC,urban,2023-03-16T22:00:00,1,12.657500267028809,12.791986465454102,12.946999549865723
AT,AKC,urban,2023-03-16T23:00:00,1,10.846500396728516,12.512750625610352,12.657500267028809
AT,AKC,urban,2023-03-17T00:00:00,1,8.988499641418457,10.618180274963379,10.846500396728516
AT,AKC,urban,2023-03-17T01:00:00,1,8.579548835754395,8.737504959106445,8.988499641418457
AT,AKC,urban,2023-03-17T02:00:00,1,8.70219898223877,8.508709907531738,8.579548835754395
AT,AKC,urban,2023-03-17T03:00:00,1,9.2264986038208,8.826559066772461,8.70219898223877
AT,AKC,urban,2023-03-17T04:00:00,1,10.0514497756958,9.397127151489258,9.2264986038208
AT,AKC,urban,2023-03-17T05:00:00,1,11.511500358581543,10.325234413146973,10.0514497756958
AT,AKC,urban,2023-03-17T06:00:00,1,10.466099739074707,11.692927360534668,11.511500358581543
AT,AKC,urban,2023-03-17T07:00:00,1,9.695850372314453,10.122647285461426,10.466099739074707
AT,AKC,urban,2023-03-17T08:00:00,1,10.558500289916992,9.336005210876465,9.695850372314453
AT,AKC,urban,2023-03-17T09:00:00,1,9.988698959350586,10.177994728088379,10.558500289916992
AT,AKC,urban,2023-03-17T10:00:00,1,8.65095043182373,9.594048500061035,9.988698959350586
AT,AKC,urban,2023-03-17T11:00:00,1,7.735650062561035,8.346238136291504,8.65095043182373
AT,AKC,urban,2023-03-17T12:00:00,1,7.4732489585876465,7.406254768371582,7.735650062561035
AT,AKC,urban,2023-03-17T13:00:00,1,8.189899444580078,7.3064045906066895,7.4732489585876465
AT,AKC,urban,2023-03-17T14:00:00,1,8.127148628234863,8.207066535949707,8.189899444580078
AT,AKC,urban,2023-03-17T15:00:00,1,7.270998954772949,8.232453346252441,8.127148628234863
AT,AKC,urban,2023-03-17T16:00:00,1,7.707249164581299,7.405147075653076,7.270998954772949
AT,AKC,urban,2023-03-17T17:00:00,1,8.043950080871582,8.086267471313477,7.707249164581299
AT,AKC,urban,2023-03-17T18:00:00,1,8.005200386047363,8.49715805053711,8.043950080871582
AT,AKC,urban,2023-03-17T19:00:00,1,7.653698921203613,8.38245964050293,8.005200386047363
AT,AKC,urban,2023-03-17T20:00:00,1,7.260299205780029,7.892505168914795,7.653698921203613
AT,AKC,urban,2023-03-17T21:00:00,1,6.8358988761901855,7.409342288970947,7.260299205780029
AT,AKC,urban,2023-03-17T22:00:00,1,7.254149913787842,6.938752174377441,6.8358988761901855
AT,AKC,urban,2023-03-17T23:00:00,1,8.460350036621094,7.372536659240723,7.254149913787842
AT,AKC,urban,2023-03-18T00:00:00,1,8.442448616027832,8.59415054321289,8.460350036621094
AT,AKC,urban,2023-03-18T01:00:00,1,8.999798774719238,8.581053733825684,8.442448616027832
AT,AKC,urban,2023-03-18T02:00:00,1,9.261150360107422,9.147136688232422,8.999798774719238
AT,AKC,urban,2023-03-18T03:00:00,1,9.550148963928223,9.468673706054688,9.261150360107422
AT,AKC,urban,2023-03-18T04:00:00,1,9.979748725891113,9.815597534179688,9.550148963928223
AT,AKC,urban,2023-03-18T05:00:00,1,10.147000312805176,10.293798446655273,9.979748725891113
AT,AKC,urban,2023-03-18T06:00:00,1,10.67199993133545,10.434231758117676,10.147000312805176
AT,AKC,urban,2023-03-18T07:00:00,1,10.680500030517578,10.90384292602539,10.67199993133545
AT,AKC,urban,2023-03-18T08:00:00,1,10.97249984741211,10.646637916564941,10.680500030517578
AT,AKC,urban,2023-03-18T09:00:00,1,11.20199966430664,10.865973472595215,10.97249984741211
AT,AKC,urban,2023-03-18T10:00:00,1,11.031999588012695,10.972780227661133,11.20199966430664
AT,AKC,urban,2023-03-18T11:00:00,1,10.995499610900879,10.76686954498291,11.031999588012695
AT,AKC,urban,2023-03-18T12:00:00,1,10.018600463867188,10.713086128234863,10.995499610900879
AT,AKC,urban,2023-03-18T13:00:00,1,9.316848754882812,9.805630683898926,10.018600463867188
AT,AKC,urban,2023-03-18T14:00:00,1,9.784250259399414,9.200981140136719,9.316848754882812
AT,AKC,urban,2023-03-18T15:00:00,1,9.471098899841309,9.826559066772461,9.784250259399414
AT,AKC,urban,2023-03-18T16:00:00,1,9.734000205993652,9.712126731872559,9.471098899841309
AT,AKC,urban,2023-03-18T17:00:00,1,10.444499969482422,10.09156608581543,9.734000205993652
AT,AKC,urban,2023-03-18T18:00:00,1,10.971500396728516,10.949516296386719,10.444499969482422
AT,AKC,urban,2023-03-18T19:00:00,1,11.41450023651123,11.39535903930664,10.971500396728516
AT,AKC,urban,2023-03-18T20:00:00,1,12.899999618530273,11.650484085083008,11.41450023651123
AT,AKC,urban,2023-03-18T21:00:00,1,15.195500373840332,13.08985424041748,12.899999618530273
AT,AKC,urban,2023-03-18T22:00:00,1,15.756999969482422,15.2784423828125,15.195500373840332
AT,AKC,urban,2023-03-18T23:00:00,1,15.398500442504883,15.635130882263184,15.756999969482422
AT,AKC,urban,2023-03-19T00:00:00,1,14.878999710083008,15.338371276855469,15.398500442504883
AT,AKC,urban,2023-03-19T01:00:00,1,14.581000328063965,14.83250617980957,14.878999710083008
AT,AKC,urban,2023-03-19T02:00:00,1,14.480999946594238,14.615875244140625,14.581000328063965
AT,AKC,urban,2023-03-19T03:00:00,1,14.589500427246094,14.623491287231445,14.480999946594238
AT,AKC,urban,2023-03-19T04:00:00,1,15.11050033569336,14.885972023010254,14.589500427246094
AT,AKC,urban,2023-03-19T05:00:00,1,15.652000427246094,15.497344970703125,15.11050033569336
AT,AKC,urban,2023-03-19T06:00:00,1,16.572500228881836,15.868892669677734,15.652000427246094
AT,AKC,urban,2023-03-19T07:00:00,1,17.133499145507812,16.53646469116211,16.572500228881836
AT,AKC,urban,2023-03-19T08:00:00,1,18.141000747680664,16.858230590820312,17.133499145507812
AT,AKC,urban,2023-03-19T09:00:00,1,18.374500274658203,17.69647216796875,18.141000747680664
AT,AKC,urban,2023-03-19T10:00:00,1,18.454500198364258,17.660018920898438,18.374500274658203
AT,AKC,urban,2023-03-19T11:00:00,1,17.847999572753906,17.85003662109375,18.454500198364258
AT,AKC,urban,2023-03-19T12:00:00,1,16.350000381469727,17.184234619140625,17.847999572753906
AT,AKC,urban,2023-03-19T13:00:00,1,16.12700080871582,15.729032516479492,16.350000381469727
AT,AKC,urban,2023-03-19T14:00:00,1,15.730999946594238,15.752729415893555,16.12700080871582
AT,AKC,urban,2023-03-19T15:00:00,1,15.896499633789062,15.676552772521973,15.730999946594238
AT,AKC,urban,2023-03-19T16:00:00,1,18.68199920654297,16.31110954284668,15.896499633789062
AT,AKC,urban,2023-03-19T17:00:00,1,20.245500564575195,19.7983341217041,18.68199920654297
AT,AKC,urban,2023-03-19T18:00:00,1,20.058000564575195,20.709251403808594,20.245500564575195
AT,AKC,urban,2023-03-19T19:00:00,1,24.249500274658203,19.899202346801758,20.058000564575195
AT,AKC,urban,2023-03-19T20:00:00,1,20.872499465942383,24.551265716552734,24.249500274658203
AT,AKC,urban,2023-03-19T21:00:00,1,20.045499801635742,19.003311157226562,20.872499465942383
AT,AKC,urban,2023-03-19T22:00:00,1,18.765499114990234,19.17324447631836,20.045499801635742
AT,AKC,urban,2023-03-19T23:00:00,1,20.68899917602539,18.13473892211914,18.765499114990234
AT,AKC,urban,2023-03-20T00:00:00,1,20.8174991607666,20.428394317626953,20.68899917602539
AT,AKC,urban,2023-03-20T01:00:00,1,22.058500289916992,20.418289184570312,20.8174991607666
AT,AKC,urban,2023-03-20T02:00:00,1,23.291000366210938,21.836261749267578,22.058500289916992
AT,AKC,urban,2023-03-20T03:00:00,1,25.336002349853516,23.500652313232422,23.291000366210938
AT,AKC,urban,2023-03-20T04:00:00,1,26.979999542236328,25.570037841796875,25.336002349853516
AT,AKC,urban,2023-03-20T05:00:00,1,28.368000030517578,27.7950439453125,26.979999542236328
AT,AKC,urban,2023-03-20T06:00:00,1,22.334999084472656,26.187843322753906,28.368000030517578
AT,AKC,urban,2023-03-20T07:00:00,1,16.346500396728516,19.560283660888672,22.334999084472656
AT,AKC,urban,2023-03-20T08:00:00,1,10.316499710083008,15.288064956665039,16.346500396728516
AT,AKC,urban,2023-03-20T09:00:00,1,8.346598625183105,9.838260650634766,10.316499710083008
AT,AKC,urban,2023-03-20T10:00:00,1,9.962300300598145,8.126617431640625,8.346598625183105
AT,AKC,urban,2023-03-20T11:00:00,1,12.27299976348877,9.91458797454834,9.962300300598145
AT,AKC,urban,2023-03-20T12:00:00,1,9.683950424194336,11.82717227935791,12.27299976348877
AT,AKC,urban,2023-03-20T13:00:00,1,10.529000282287598,9.13408088684082,9.683950424194336
AT,AKC,urban,2023-03-20T14:00:00,1,8.910650253295898,10.305137634277344,10.529000282287598
AT,AKC,urban,2023-03-20T15:00:00,1,8.239150047302246,8.760248184204102,8.910650253295898
AT,AKC,urban,2023-03-20T16:00:00,1,8.865400314331055,8.480157852172852,8.239150047302246
AT,AKC,urban,2023-03-20T17:00:00,1,10.762499809265137,9.413145065307617,8.865400314331055
AT,AKC,urban,2023-03-20T18:00:00,1,11.362500190734863,11.21492862701416,10.762499809265137
AT,AKC,urban,2023-03-20T19:00:00,1,10.53600025177002,11.652915000915527,11.362500190734863
AT,AKC,urban,2023-03-20T20:00:00,1,9.476149559020996,10.754026412963867,10.53600025177002
AT,AKC,urban,2023-03-20T21:00:00,1,9.079648971557617,9.644822120666504,9.476149559020996
AT,AKC,urban,2023-03-20T22:00:00,1,10.767000198364258,9.361324310302734,9.079648971557617
AT,AKC,urban,2023-03-20T23:00:00,1,9.806098937988281,11.12600040435791,10.767000198364258
AT,AKC,urban,2023-03-21T00:00:00,1,7.959650039672852,10.128763198852539,9.806098937988281
AT,AKC,urban,2023-03-21T01:00:00,1,8.263500213623047,8.033716201782227,7.959650039672852
AT,AKC,urban,2023-03-21T02:00:00,1,9.711798667907715,8.287466049194336,8.263500213623047
AT,AKC,urban,2023-03-21T03:00:00,1,9.73379898071289,9.75157356262207,9.711798667907715
AT,AKC,urban,2023-03-21T04:00:00,1,10.540550231933594,9.76016616821289,9.73379898071289
AT,AKC,urban,2023-03-21T05:00:00,1,13.181500434875488,10.686123847961426,10.540550231933594
AT,AKC,urban,2023-03-21T06:00:00,1,9.655750274658203,12.76635456085205,13.181500434875488
AT,AKC,urban,2023-03-21T07:00:00,1,8.517200469970703,9.262858390808105,9.655750274658203
AT,AKC,urban,2023-03-21T08:00:00,1,8.848698616027832,8.111946105957031,8.517200469970703
AT,AKC,urban,2023-03-21T09:00:00,1,8.36935043334961,8.606529235839844,8.848698616027832
AT,AKC,urban,2023-03-21T10:00:00,1,8.792200088500977,8.178760528564453,8.36935043334961
AT,AKC,urban,2023-03-21T11:00:00,1,7.910200119018555,8.839042663574219,8.792200088500977
AT,AKC,urban,2023-03-21T12:00:00,1,5.763899326324463,8.047317504882812,7.910200119018555
AT,AKC,urban,2023-03-21T13:00:00,1,7.034450054168701,5.942477226257324,5.763899326324463
AT,AKC,urban,2023-03-21T14:00:00,1,7.626198768615723,7.567437648773193,7.034450054168701
AT,AKC,urban,2023-03-21T15:00:00,1,5.842748641967773,8.00914478302002,7.626198768615723
AT,AKC,urban,2023-03-21T16:00:00,1,5.394598960876465,6.207619667053223,5.842748641967773
AT,AKC,urban,2023-03-21T17:00:00,1,8.45259952545166,6.022014141082764,5.394598960876465
AT,AKC,urban,2023-03-21T18:00:00,1,8.925800323486328,10.098090171813965,8.45259952545166
AT,AKC,urban,2023-03-21T19:00:00,1,12.189000129699707,9.759492874145508,8.925800323486328
AT,AKC,urban,2023-03-21T20:00:00,1,12.715999603271484,12.859317779541016,12.189000129699707
AT,AKC,urban,2023-03-21T21:00:00,1,11.993000030517578,12.579610824584961,12.715999603271484
AT,AKC,urban,2023-03-21T22:00:00,1,12.470000267028809,11.641201972961426,11.993000030517578
AT,AKC,urban,2023-03-21T23:00:00,1,8.459198951721191,12.31343936920166,12.470000267028809
AT,AKC,urban,2023-03-22T00:00:00,1,10.784000396728516,8.02085018157959,8.459198951721191
AT,AKC,urban,2023-03-22T01:00:00,1,8.233248710632324,10.644251823425293,10.784000396728516
AT,AKC,urban,2023-03-22T02:00:00,1,8.067049026489258,8.054426193237305,8.233248710632324
AT,AKC,urban,2023-03-22T03:00:00,1,10.624750137329102,7.99074649810791,8.067049026489258
AT,AKC,urban,2023-03-22T04:00:00,1,13.86050033569336,11.060226440429688,10.624750137329102
AT,AKC,urban,2023-03-22T05:00:00,1,19.587499618530273,14.33415699005127,13.86050033569336
AT,AKC,urban,2023-03-22T06:00:00,1,23.99850082397461,18.962425231933594,19.587499618530273
AT,AKC,urban,2023-03-22T07:00:00,1,16.354999542236328,21.208587646484375,23.99850082397461
AT,AKC,urban,2023-03-22T08:00:00,1,28.816001892089844,14.86392593383789,16.354999542236328
AT,AKC,urban,2023-03-22T09:00:00,1,17.6299991607666,22.576082229614258,28.816001892089844
AT,AKC,urban,2023-03-22T10:00:00,1,10.601499557495117,15.839654922485352,17.6299991607666
AT,AKC,urban,2023-03-22T11:00:00,1,10.699000358581543,10.324009895324707,10.601499557495117
AT,AKC,urban,2023-03-22T12:00:00,1,7.794149875640869,11.049887657165527,10.699000358581543
AT,AKC,urban,2023-03-22T13:00:00,1,8.28394889831543,7.820243835449219,7.794149875640869
AT,AKC,urban,2023-03-22T14:00:00,1,6.083448886871338,8.745964050292969,8.28394889831543
AT,AKC,urban,2023-03-22T15:00:00,1,6.842148303985596,6.215007305145264,6.083448886871338
AT,AKC,urban,2023-03-22T16:00:00,1,8.629948616027832,7.2557172775268555,6.842148303985596
AT,AKC,urban,2023-03-22T17:00:00,1,9.032150268554688,9.933300018310547,8.629948616027832
AT,AKC,urban,2023-03-22T18:00:00,1,9.824548721313477,10.043045997619629,9.032150268554688
AT,AKC,urban,2023-03-22T19:00:00,1,13.173500061035156,10.331371307373047,9.824548721313477
AT,AKC,urban,2023-03-22T20:00:00,1,12.409500122070312,14.007999420166016,13.173500061035156
AT,AKC,urban,2023-03-22T21:00:00,1,11.529999732971191,11.937946319580078,12.409500122070312
AT,AKC,urban,2023-03-22T22:00:00,1,10.980400085449219,10.7344331741333,11.529999732971191
AT,AKC,urban,2023-03-22T23:00:00,1,11.45199966430664,10.530536651611328,10.980400085449219
AT,AKC,urban,2023-03-23T00:00:00,1,9.011499404907227,11.206658363342285,11.45199966430664
AT,AKC,urban,2023-03-23T01:00:00,1,10.378499984741211,8.816418647766113,9.011499404907227
AT,AKC,urban,2023-03-23T02:00:00,1,11.687000274658203,10.540616989135742,10.378499984741211
AT,AKC,urban,2023-03-23T03:00:00,1,11.86299991607666,12.610166549682617,11.687000274658203
AT,AKC,urban,2023-03-23T04:00:00,1,12.78499984741211,12.833565711975098,11.86299991607666
AT,AKC,urban,2023-03-23T05:00:00,1,18.3700008392334,14.323545455932617,12.78499984741211
AT,AKC,urban,2023-03-23T06:00:00,1,19.849000930786133,19.628009796142578,18.3700008392334
AT,AKC,urban,2023-03-23T07:00:00,1,20.073999404907227,19.125450134277344,19.849000930786133
AT,AKC,urban,2023-03-23T08:00:00,1,21.31800079345703,18.347999572753906,20.073999404907227
AT,AKC,urban,2023-03-23T09:00:00,1,21.725500106811523,18.968929290771484,21.31800079345703
AT,AKC,urban,2023-03-23T10:00:00,1,17.6825008392334,19.247142791748047,21.725500106811523
AT,AKC,urban,2023-03-23T11:00:00,1,12.541500091552734,16.183944702148438,17.6825008392334
AT,AKC,urban,2023-03-23T12:00:00,1,10.697500228881836,11.449790954589844,12.541500091552734
AT,AKC,urban,2023-03-23T13:00:00,1,9.56554889678955,10.087517738342285,10.697500228881836
AT,AKC,urban,2023-03-23T14:00:00,1,8.695599555969238,9.043957710266113,9.56554889678955
AT,AKC,urban,2023-03-23T15:00:00,1,10.193900108337402,8.60295295715332,8.695599555969238
AT,AKC,urban,2023-03-23T16:00:00,1,15.136500358581543,10.648760795593262,10.193900108337402
AT,AKC,urban,2023-03-23T17:00:00,1,18.516000747680664,16.619304656982422,15.136500358581543
AT,AKC,urban,2023-03-23T18:00:00,1,19.534500122070312,20.04454231262207,18.516000747680664
AT,AKC,urban,2023-03-23T19:00:00,1,16.649499893188477,18.987855911254883,19.534500122070312
AT,AKC,urban,2023-03-23T20:00:00,1,18.011999130249023,14.969327926635742,16.649499893188477
AT,AKC,urban,2023-03-23T21:00:00,1,20.2549991607666,16.247215270996094,18.011999130249023
AT,AKC,urban,2023-03-23T22:00:00,1,20.38249969482422,18.27027130126953,20.2549991607666
AT,AKC,urban,2023-03-23T23:00:00,1,26.336999893188477,17.782512664794922,20.38249969482422
AT,AKC,urban,2023-03-24T00:00:00,1,25.340499877929688,24.07923126220703,26.336999893188477
AT,AKC,urban,2023-03-24T01:00:00,1,27.229999542236328,23.867042541503906,25.340499877929688
AT,AKC,urban,2023-03-24T02:00:00,1,28.67850112915039,26.196800231933594,27.229999542236328
AT,AKC,urban,2023-03-24T03:00:00,1,28.547500610351562,28.31330108642578,28.67850112915039
AT,AKC,urban,2023-03-24T04:00:00,1,25.793500900268555,28.991180419921875,28.547500610351562
AT,AKC,urban,2023-03-24T05:00:00,1,23.458999633789062,26.961986541748047,25.793500900268555
AT,AKC,urban,2023-03-24T06:00:00,1,23.900999069213867,24.237621307373047,23.458999633789062
AT,AKC,urban,2023-03-24T07:00:00,1,23.585500717163086,24.23280906677246,23.900999069213867
AT,AKC,urban,2023-03-24T08:00:00,1,25.579999923706055,23.765155792236328,23.585500717163086
AT,AKC,urban,2023-03-24T09:00:00,1,23.809499740600586,25.404220581054688,25.579999923706055
AT,AKC,urban,2023-03-24T10:00:00,1,21.481502532958984,22.784862518310547,23.809499740600586
AT,AKC,urban,2023-03-24T11:00:00,1,19.8700008392334,20.615039825439453,21.481502532958984
AT,AKC,urban,2023-03-24T12:00:00,1,18.91200065612793,19.186561584472656,19.8700008392334
AT,AKC,urban,2023-03-24T13:00:00,1,17.75550079345703,18.340656280517578,18.91200065612793
AT,AKC,urban,2023-03-24T14:00:00,1,8.201250076293945,17.016231536865234,17.75550079345703
AT,AKC,urban,2023-03-24T15:00:00,1,3.3724489212036133,8.347705841064453,8.201250076293945
AT,AKC,urban,2023-03-24T16:00:00,1,4.900798797607422,4.452916622161865,3.3724489212036133
AT,AKC,urban,2023-03-24T17:00:00,1,5.005399703979492,6.533205032348633,4.900798797607422
AT,AKC,urban,2023-03-24T18:00:00,1,5.2681989669799805,5.927707195281982,5.005399703979492
AT,AKC,urban,2023-03-24T19:00:00,1,7.579998970031738,6.110089302062988,5.2681989669799805
AT,AKC,urban,2023-03-24T20:00:00,1,3.953350067138672,8.901994705200195,7.579998970031738
AT,AKC,urban,2023-03-24T21:00:00,1,1.8541498184204102,4.852046489715576,3.953350067138672
AT,AKC,urban,2023-03-24T22:00:00,1,1.857100486755371,2.3951263427734375,1.8541498184204102
AT,AKC,urban,2023-03-24T23:00:00,1,1.3792505264282227,2.3025426864624023,1.857100486755371
AT,AKC,urban,2023-03-25T00:00:00,1,1.3959989547729492,1.6183748245239258,1.3792505264282227
AT,AKC,urban,2023-03-25T01:00:00,1,1.8525495529174805,1.663055419921875,1.3959989547729492
AT,AKC,urban,2023-03-25T02:00:00,1,2.512700080871582,2.0176048278808594,1.8525495529174805
AT,AKC,urban,2023-03-25T03:00:00,1,3.105849266052246,2.723461151123047,2.512700080871582
AT,AKC,urban,2023-03-25T04:00:00,1,3.082148551940918,3.240194320678711,3.105849266052246
AT,AKC,urban,2023-03-25T05:00:00,1,2.997049331665039,3.311717987060547,3.082148551940918
AT,AKC,urban,2023-03-25T06:00:00,1,2.4862985610961914,3.147378921508789,2.997049331665039
AT,AKC,urban,2023-03-25T07:00:00,1,2.7948484420776367,2.630551338195801,2.4862985610961914
AT,AKC,urban,2023-03-25T08:00:00,1,2.635648727416992,2.8044939041137695,2.7948484420776367
AT,AKC,urban,2023-03-25T09:00:00,1,2.544198989868164,2.5760679244995117,2.635648727416992
AT,AKC,urban,2023-03-25T10:00:00,1,2.35360050201416,2.4182653427124023,2.544198989868164
AT,AKC,urban,2023-03-25T11:00:00,1,2.4724502563476562,2.2945852279663086,2.35360050201416
AT,AKC,urban,2023-03-25T12:00:00,1,2.0393991470336914,2.403911590576172,2.4724502563476562
AT,AKC,urban,2023-03-25T13:00:00,1,1.8547992706298828,1.9671545028686523,2.0393991470336914
AT,AKC,urban,2023-03-25T14:00:00,1,1.7592992782592773,1.814467430114746,1.8547992706298828
AT,AKC,urban,2023-03-25T15:00:00,1,1.8351993560791016,1.8327856063842773,1.7592992782592773
AT,AKC,urban,2023-03-25T16:00:00,1,1.4080495834350586,1.9234752655029297,1.8351993560791016
AT,AKC,urban,2023-03-25T17:00:00,1,2.078648567199707,1.6070451736450195,1.4080495834350586
AT,AKC,urban,2023-03-25T18:00:00,1,1.4932003021240234,2.33984375,2.078648567199707
AT,AKC,urban,2023-03-25T19:00:00,1,1.2559490203857422,1.6600265502929688,1.4932003021240234
AT,AKC,urban,2023-03-25T20:00:00,1,1.2908992767333984,1.3955698013305664,1.2559490203857422
AT,AKC,urban,2023-03-25T21:00:00,1,1.4403505325317383,1.4146242141723633,1.2908992767333984
AT,AKC,urban,2023-03-25T22:00:00,1,1.4469995498657227,1.4793338775634766,1.4403505325317383
AT,AKC,urban,2023-03-25T23:00:00,1,1.6350488662719727,1.4759445190429688,1.4469995498657227
AT,AKC,urban,2023-03-26T00:00:00,1,1.7494001388549805,1.6567115783691406,1.6350488662719727
AT,AKC,urban,2023-03-26T01:00:00,1,1.8934993743896484,1.8304424285888672,1.7494001388549805
AT,AKC,urban,2023-03-26T02:00:00,1,2.1122989654541016,1.9316320419311523,1.8934993743896484
AT,AKC,urban,2023-03-26T03:00:00,1,2.0074501037597656,2.223966598510742,2.1122989654541016
AT,AKC,urban,2023-03-26T04:00:00,1,1.9558477401733398,2.114339828491211,2.0074501037597656
AT,AKC,urban,2023-03-26T05:00:00,1,2.8150501251220703,2.1248130798339844,1.9558477401733398
AT,AKC,urban,2023-03-26T06:00:00,1,2.7676496505737305,2.9769554138183594,2.8150501251220703
AT,AKC,urban,2023-03-26T07:00:00,1,2.896500587463379,2.946287155151367,2.7676496505737305
AT,AKC,urban,2023-03-26T08:00:00,1,2.963250160217285,2.9972305297851562,2.896500587463379
AT,AKC,urban,2023-03-26T09:00:00,1,2.5662002563476562,3.066277503967285,2.963250160217285
AT,AKC,urban,2023-03-26T10:00:00,1,2.44320011138916,2.626079559326172,2.5662002563476562
AT,AKC,urban,2023-03-26T11:00:00,1,2.0978498458862305,2.5472726821899414,2.44320011138916
AT,AKC,urban,2023-03-26T12:00:00,1,1.6205987930297852,2.2335214614868164,2.0978498458862305
AT,AKC,urban,2023-03-26T13:00:00,1,1.9781503677368164,1.8160896301269531,1.6205987930297852
AT,AKC,urban,2023-03-26T14:00:00,1,3.117650032043457,2.1443824768066406,1.9781503677368164
AT,AKC,urban,2023-03-26T15:00:00,1,2.4026002883911133,3.3792619705200195,3.117650032043457
AT,AKC,urban,2023-03-26T16:00:00,1,2.0625009536743164,2.532510757446289,2.4026002883911133
AT,AKC,urban,2023-03-26T17:00:00,1,2.4192495346069336,2.3003807067871094,2.0625009536743164
AT,AKC,urban,2023-03-26T18:00:00,1,2.547849655151367,2.712137222290039,2.4192495346069336
AT,AKC,urban,2023-03-26T19:00:00,1,2.279250144958496,2.837930679321289,2.547849655151367
AT,AKC,urban,2023-03-26T20:00:00,1,2.3238000869750977,2.5227603912353516,2.279250144958496
AT,AKC,urban,2023-03-26T21:00:00,1,2.096848487854004,2.4588823318481445,2.3238000869750977
AT,AKC,urban,2023-03-26T22:00:00,1,2.2216501235961914,2.109842300415039,2.096848487854004
AT,AKC,urban,2023-03-26T23:00:00,1,2.5717992782592773,2.2600479125976562,2.2216501235961914
AT,AKC,urban,2023-03-27T00:00:00,1,2.6971988677978516,2.5185203552246094,2.5717992782592773
AT,AKC,urban,2023-03-27T01:00:00,1,2.6969995498657227,2.6909475326538086,2.6971988677978516
AT,AKC,urban,2023-03-27T02:00:00,1,2.095099449157715,2.776555061340332,2.6969995498657227
AT,AKC,urban,2023-03-27T03:00:00,1,1.8338994979858398,2.221341133117676,2.095099449157715
AT,AKC,urban,2023-03-27T04:00:00,1,2.0186996459960938,1.9383058547973633,1.8338994979858398
AT,AKC,urban,2023-03-27T05:00:00,1,1.8885498046875,2.153554916381836,2.0186996459960938
AT,AKC,urban,2023-03-27T06:00:00,1,1.9383001327514648,1.9448699951171875,1.8885498046875
AT,AKC,urban,2023-03-27T07:00:00,1,2.884099006652832,2.0146713256835938,1.9383001327514648
AT,AKC,urban,2023-03-27T08:00:00,1,1.9167490005493164,2.9352426528930664,2.884099006652832
AT,AKC,urban,2023-03-27T09:00:00,1,2.2394495010375977,1.7994003295898438,1.9167490005493164
AT,AKC,urban,2023-03-27T10:00:00,1,4.300099849700928,2.1691770553588867,2.2394495010375977
AT,AKC,urban,2023-03-27T11:00:00,1,4.617348670959473,4.249694347381592,4.300099849700928
AT,AKC,urban,2023-03-27T12:00:00,1,4.105350017547607,4.560122013092041,4.617348670959473
AT,AKC,urban,2023-03-27T13:00:00,1,3.521298408508301,4.098714828491211,4.105350017547607
AT,AKC,urban,2023-03-27T14:00:00,1,3.5323495864868164,3.377950668334961,3.521298408508301
AT,AKC,urban,2023-03-27T15:00:00,1,3.705899238586426,3.481308937072754,3.5323495864868164
AT,AKC,urban,2023-03-27T16:00:00,1,3.9292993545532227,3.665464401245117,3.705899238586426
AT,AKC,urban,2023-03-27T17:00:00,1,3.6529998779296875,3.9464573860168457,3.9292993545532227
AT,AKC,urban,2023-03-27T18:00:00,1,3.766049385070801,3.6124343872070312,3.6529998779296875
AT,AKC,urban,2023-03-27T19:00:00,1,3.221050262451172,3.7729063034057617,3.766049385070801
AT,AKC,urban,2023-03-27T20:00:00,1,3.2525997161865234,3.209178924560547,3.221050262451172
AT,AKC,urban,2023-03-27T21:00:00,1,2.794949531555176,3.2551918029785156,3.2525997161865234
AT,AKC,urban,2023-03-27T22:00:00,1,2.553500175476074,2.8356847763061523,2.794949531555176
AT,AKC,urban,2023-03-27T23:00:00,1,3.764399528503418,2.639751434326172,2.553500175476074
AT,AKC,urban,2023-03-28T00:00:00,1,3.415499687194824,3.8959622383117676,3.764399528503418
AT,AKC,urban,2023-03-28T01:00:00,1,3.257399559020996,3.4674243927001953,3.415499687194824
AT,AKC,urban,2023-03-28T02:00:00,1,2.8148984909057617,3.3290138244628906,3.257399559020996
AT,AKC,urban,2023-03-28T03:00:00,1,3.262948989868164,2.9927968978881836,2.8148984909057617
AT,AKC,urban,2023-03-28T04:00:00,1,4.109048843383789,3.425644874572754,3.262948989868164
AT,AKC,urban,2023-03-28T05:00:00,1,4.828299045562744,4.248182773590088,4.109048843383789
AT,AKC,urban,2023-03-28T06:00:00,1,4.848649024963379,4.681214809417725,4.828299045562744
AT,AKC,urban,2023-03-28T07:00:00,1,3.8612499237060547,4.696193218231201,4.848649024963379
AT,AKC,urban,2023-03-28T08:00:00,1,3.6503496170043945,3.6573848724365234,3.8612499237060547
AT,AKC,urban,2023-03-28T09:00:00,1,3.6753997802734375,3.510234832763672,3.6503496170043945
AT,AKC,urban,2023-03-28T10:00:00,1,4.149999141693115,3.6330528259277344,3.6753997802734375
AT,AKC,urban,2023-03-28T11:00:00,1,3.8205995559692383,4.1892242431640625,4.149999141693115
AT,AKC,urban,2023-03-28T12:00:00,1,3.512650489807129,3.8478851318359375,3.8205995559692383
AT,AKC,urban,2023-03-28T13:00:00,1,4.545750141143799,3.584747314453125,3.512650489807129
AT,AKC,urban,2023-03-28T14:00:00,1,4.298900127410889,4.603466033935547,4.545750141143799
AT,AKC,urban,2023-03-28T15:00:00,1,4.165150165557861,4.3676958084106445,4.298900127410889
AT,AKC,urban,2023-03-28T16:00:00,1,3.675950050354004,4.282984733581543,4.165150165557861
AT,AKC,urban,2023-03-28T17:00:00,1,3.326798439025879,3.882781982421875,3.675950050354004
AT,AKC,urban,2023-03-28T18:00:00,1,3.501850128173828,3.5742931365966797,3.326798439025879
AT,AKC,urban,2023-03-28T19:00:00,1,3.552548408508301,3.747821807861328,3.501850128173828
AT,AKC,urban,2023-03-28T20:00:00,1,3.472498893737793,3.771115303039551,3.552548408508301
AT,AKC,urban,2023-03-28T21:00:00,1,4.106400012969971,3.642104148864746,3.472498893737793
AT,AKC,urban,2023-03-28T22:00:00,1,3.671499252319336,4.262598991394043,4.106400012969971
AT,AKC,urban,2023-03-28T23:00:00,1,3.7674503326416016,3.8555212020874023,3.671499252319336
AT,AKC,urban,2023-03-29T00:00:00,1,5.713099002838135,3.8281097412109375,3.7674503326416016
AT,AKC,urban,2023-03-29T01:00:00,1,6.480599880218506,5.868558883666992,5.713099002838135
AT,AKC,urban,2023-03-29T02:00:00,1,5.664099216461182,6.881582736968994,6.480599880218506
AT,AKC,urban,2023-03-29T03:00:00,1,6.669000148773193,6.148015975952148,5.664099216461182
AT,AKC,urban,2023-03-29T04:00:00,1,7.186399936676025,7.700546741485596,6.669000148773193
AT,AKC,urban,2023-03-29T05:00:00,1,8.710700035095215,7.951204299926758,7.186399936676025
AT,AKC,urban,2023-03-29T06:00:00,1,7.754549026489258,8.681053161621094,8.710700035095215
AT,AKC,urban,2023-03-29T07:00:00,1,7.160749435424805,7.26684045791626,7.754549026489258
AT,AKC,urban,2023-03-29T08:00:00,1,7.023348808288574,6.440557479858398,7.160749435424805
AT,AKC,urban,2023-03-29T09:00:00,1,7.299900054931641,6.592213153839111,7.023348808288574
AT,AKC,urban,2023-03-29T10:00:00,1,6.413449764251709,7.016574859619141,7.299900054931641
AT,AKC,urban,2023-03-29T11:00:00,1,5.404849529266357,6.191479682922363,6.413449764251709
AT,AKC,urban,2023-03-29T12:00:00,1,4.984950065612793,5.392547130584717,5.404849529266357
AT,AKC,urban,2023-03-29T13:00:00,1,4.017899036407471,5.150656700134277,4.984950065612793
AT,AKC,urban,2023-03-29T14:00:00,1,4.4215989112854,4.3413238525390625,4.017899036407471
AT,AKC,urban,2023-03-29T15:00:00,1,4.784800052642822,4.747507572174072,4.4215989112854
AT,AKC,urban,2023-03-29T16:00:00,1,5.696700096130371,5.255594253540039,4.784800052642822
AT,AKC,urban,2023-03-29T17:00:00,1,6.858500003814697,6.395569324493408,5.696700096130371
AT,AKC,urban,2023-03-29T18:00:00,1,7.967800140380859,7.257867813110352,6.858500003814697
AT,AKC,urban,2023-03-29T19:00:00,1,9.265800476074219,8.235777854919434,7.967800140380859
AT,AKC,urban,2023-03-29T20:00:00,1,10.737000465393066,9.404109001159668,9.265800476074219
AT,AKC,urban,2023-03-29T21:00:00,1,10.869999885559082,10.565018653869629,10.737000465393066
AT,AKC,urban,2023-03-29T22:00:00,1,12.005499839782715,10.619843482971191,10.869999885559082
AT,AKC,urban,2023-03-29T23:00:00,1,12.744500160217285,11.88245964050293,12.005499839782715
AT,AKC,urban,2023-03-30T00:00:00,1,12.427000045776367,12.764206886291504,12.744500160217285
AT,AKC,urban,2023-03-30T01:00:00,1,12.376500129699707,12.40325927734375,12.427000045776367
AT,AKC,urban,2023-03-30T02:00:00,1,12.288999557495117,12.550309181213379,12.376500129699707
AT,AKC,urban,2023-03-30T03:00:00,1,11.307999610900879,12.56414794921875,12.288999557495117
AT,AKC,urban,2023-03-30T04:00:00,1,12.074000358581543,11.498133659362793,11.307999610900879
AT,AKC,urban,2023-03-30T05:00:00,1,12.357500076293945,12.529305458068848,12.074000358581543
AT,AKC,urban,2023-03-30T06:00:00,1,13.82699966430664,12.42662239074707,12.357500076293945
AT,AKC,urban,2023-03-30T07:00:00,1,13.587499618530273,13.686084747314453,13.82699966430664
AT,AKC,urban,2023-03-30T08:00:00,1,13.868000030517578,13.081701278686523,13.587499618530273
AT,AKC,urban,2023-03-30T09:00:00,1,14.422499656677246,13.377546310424805,13.868000030517578
AT,AKC,urban,2023-03-30T10:00:00,1,15.052499771118164,14.106639862060547,14.422499656677246
AT,AKC,urban,2023-03-30T11:00:00,1,15.435500144958496,14.720117568969727,15.052499771118164
AT,AKC,urban,2023-03-30T12:00:00,1,15.454999923706055,15.223536491394043,15.435500144958496
AT,AKC,urban,2023-03-30T13:00:00,1,14.201000213623047,15.281281471252441,15.454999923706055
AT,AKC,urban,2023-03-30T14:00:00,1,13.344499588012695,13.965188026428223,14.201000213623047
AT,AKC,urban,2023-03-30T15:00:00,1,14.17650032043457,13.401778221130371,13.344499588012695
AT,AKC,urban,2023-03-30T16:00:00,1,6.453049659729004,14.30008316040039,14.17650032043457
AT,AKC,urban,2023-03-30T17:00:00,1,4.965250015258789,5.694441795349121,6.453049659729004
AT,AKC,urban,2023-03-30T18:00:00,1,3.7407989501953125,5.425889492034912,4.965250015258789
AT,AKC,urban,2023-03-30T19:00:00,1,4.490499019622803,4.014624118804932,3.7407989501953125
AT,AKC,urban,2023-03-30T20:00:00,1,5.146248817443848,4.648026943206787,4.490499019622803
AT,AKC,urban,2023-03-30T21:00:00,1,4.826000213623047,5.291296482086182,5.146248817443848
AT,AKC,urban,2023-03-30T22:00:00,1,3.2705001831054688,4.974268913269043,4.826000213623047
AT,AKC,urban,2023-03-30T23:00:00,1,2.969649314880371,3.4319915771484375,3.2705001831054688
AT,AKC,urban,2023-03-31T00:00:00,1,4.5694990158081055,3.241636276245117,2.969649314880371
AT,AKC,urban,2023-03-31T01:00:00,1,5.650400161743164,4.822394371032715,4.5694990158081055
AT,AKC,urban,2023-03-31T02:00:00,1,6.3340983390808105,5.861351013183594,5.650400161743164
AT,AKC,urban,2023-03-31T03:00:00,1,8.027000427246094,6.613790512084961,6.3340983390808105
AT,AKC,urban,2023-03-31T04:00:00,1,9.967650413513184,8.514379501342773,8.027000427246094
AT,AKC,urban,2023-03-31T05:00:00,1,10.293499946594238,9.857232093811035,9.967650413513184
AT,AKC,urban,2023-03-31T06:00:00,1,7.587348937988281,9.83214282989502,10.293499946594238
AT,AKC,urban,2023-03-31T07:00:00,1,8.763699531555176,7.001551151275635,7.587348937988281
AT,AKC,urban,2023-03-31T08:00:00,1,8.025650024414062,8.332806587219238,8.763699531555176
AT,AKC,urban,2023-03-31T09:00:00,1,8.516050338745117,7.693772315979004,8.025650024414062
AT,AKC,urban,2023-03-31T10:00:00,1,8.382049560546875,8.308187484741211,8.516050338745117
AT,AKC,urban,2023-03-31T11:00:00,1,7.456549167633057,8.374759674072266,8.382049560546875
AT,AKC,urban,2023-03-31T12:00:00,1,5.93804931640625,7.398777008056641,7.456549167633057
AT,AKC,urban,2023-03-31T13:00:00,1,5.683350086212158,5.612381458282471,5.93804931640625
AT,AKC,urban,2023-03-31T14:00:00,1,4.853300094604492,5.354275226593018,5.683350086212158
AT,AKC,urban,2023-03-31T15:00:00,1,3.994198799133301,4.527715682983398,4.853300094604492
AT,AKC,urban,2023-03-31T16:00:00,1,4.954649448394775,3.7701215744018555,3.994198799133301
AT,AKC,urban,2023-03-31T17:00:00,1,3.71614933013916,4.751946449279785,4.954649448394775
AT,AKC,urban,2023-03-31T18:00:00,1,3.7992992401123047,3.4252090454101562,3.71614933013916
AT,AKC,urban,2023-03-31T19:00:00,1,3.4086990356445312,3.554398536682129,3.7992992401123047
AT,AKC,urban,2023-03-31T20:00:00,1,2.8681488037109375,3.231265068054199,3.4086990356445312
AT,AKC,urban,2023-03-31T21:00:00,1,2.1382503509521484,2.5283079147338867,2.8681488037109375
AT,AKC,urban,2023-03-31T22:00:00,1,1.9785490036010742,1.7826433181762695,2.1382503509521484
AT,AKC,urban,2023-03-31T23:00:00,1,2.023900032043457,1.789982795715332,1.9785490036010742
AT,AKC,urban,2023-04-01T00:00:00,1,1.9511995315551758,1.9746580123901367,2.023900032043457
AT,AKC,urban,2023-04-01T01:00:00,1,2.048048973083496,1.9687623977661133,1.9511995315551758
AT,AKC,urban,2023-04-01T02:00:00,1,2.0859994888305664,2.1603918075561523,2.048048973083496
AT,AKC,urban,2023-04-01T03:00:00,1,2.109250068664551,2.194896697998047,2.0859994888305664
AT,AKC,urban,2023-04-01T04:00:00,1,2.25209903717041,2.1959609985351562,2.109250068664551
AT,AKC,urban,2023-04-01T05:00:00,1,2.164198875427246,2.296942710876465,2.25209903717041
AT,AKC,urban,2023-04-01T06:00:00,1,2.498898506164551,2.0587158203125,2.164198875427246
AT,AKC,urban,2023-04-01T07:00:00,1,2.297149658203125,2.468477249145508,2.498898506164551
AT,AKC,urban,2023-04-01T08:00:00,1,2.003899574279785,2.2395811080932617,2.297149658203125
AT,AKC,urban,2023-04-01T09:00:00,1,1.6861000061035156,1.9459590911865234,2.003899574279785
AT,AKC,urban,2023-04-01T10:00:00,1,1.553849220275879,1.6466350555419922,1.6861000061035156
AT,AKC,urban,2023-04-01T11:00:00,1,1.3734502792358398,1.5765047073364258,1.553849220275879
AT,AKC,urban,2023-04-01T12:00:00,1,1.2585983276367188,1.4495296478271484,1.3734502792358398
AT,AKC,urban,2023-01-08T05:00:00,3,23.378000259399414,22.39856719970703,26.697999954223633
AT,AKC,urban,2023-01-08T06:00:00,3,22.274999618530273,21.320674896240234,25.26099967956543
AT,AKC,urban,2023-01-08T07:00:00,3,20.404499053955078,20.61209487915039,23.80900001525879
AT,AKC,urban,2023-01-08T08:00:00,3,19.767499923706055,20.79507827758789,23.378000259399414
AT,AKC,urban,2023-01-08T09:00:00,3,18.083499908447266,20.364540100097656,22.274999618530273
AT,AKC,urban,2023-01-08T10:00:00,3,19.02400016784668,18.895221710205078,20.404499053955078
AT,AKC,urban,2023-01-08T11:00:00,3,16.697500228881836,18.762432098388672,19.767499923706055
AT,AKC,urban,2023-01-08T12:00:00,3,14.289999961853027,17.50406265258789,18.083499908447266
AT,AKC,urban,2023-01-08T13:00:00,3,16.517000198364258,19.110580444335938,19.02400016784668
AT,AKC,urban,2023-01-08T14:00:00,3,14.888999938964844,17.26061248779297,16.697500228881836
AT,AKC,urban,2023-01-08T15:00:00,3,15.541999816894531,15.306845664978027,14.289999961853027
AT,AKC,urban,2023-01-08T16:00:00,3,15.53600025177002,17.380952835083008,16.517000198364258
AT,AKC,urban,2023-01-08T17:00:00,3,18.452499389648438,15.637792587280273,14.888999938964844
AT,AKC,urban,2023-01-08T18:00:00,3,19.743499755859375,15.52898120880127,15.541999816894531
AT,AKC,urban,2023-01-08T19:00:00,3,17.301000595092773,14.430451393127441,15.53600025177002
AT,AKC,urban,2023-01-08T20:00:00,3,17.74799919128418,14.560470581054688,18.452499389648438
AT,AKC,urban,2023-01-08T21:00:00,3,18.098499298095703,14.016462326049805,19.743499755859375
AT,AKC,urban,2023-01-08T22:00:00,3,18.99850082397461,12.145381927490234,17.301000595092773
AT,AKC,urban,2023-01-08T23:00:00,3,19.45800018310547,13.942503929138184,17.74799919128418
AT,AKC,urban,2023-01-09T00:00:00,3,16.33449935913086,15.443818092346191,18.098499298095703
AT,AKC,urban,2023-01-09T01:00:00,3,16.15850067138672,17.452899932861328,18.99850082397461
AT,AKC,urban,2023-01-09T02:00:00,3,16.765499114990234,17.866817474365234,19.45800018310547
AT,AKC,urban,2023-01-09T03:00:00,3,13.50100040435791,15.83624267578125,16.33449935913086
AT,AKC,urban,2023-01-09T04:00:00,3,15.637999534606934,15.466972351074219,16.15850067138672
AT,AKC,urban,2023-01-09T05:00:00,3,12.484000205993652,12.40733528137207,16.765499114990234
AT,AKC,urban,2023-01-09T06:00:00,3,9.12600040435791,7.48358154296875,13.50100040435791
AT,AKC,urban,2023-01-09T07:00:00,3,4.093648910522461,6.935583114624023,15.637999534606934
AT,AKC,urban,2023-01-09T08:00:00,3,1.7453985214233398,8.026430130004883,12.484000205993652
AT,AKC,urban,2023-01-09T09:00:00,3,1.773550033569336,6.786654949188232,9.12600040435791
AT,AKC,urban,2023-01-09T10:00:00,3,2.65625,4.687549591064453,4.093648910522461
AT,AKC,urban,2023-01-09T11:00:00,3,3.2238502502441406,2.917051315307617,1.7453985214233398
AT,AKC,urban,2023-01-09T12:00:00,3,2.852499008178711,3.390191078186035,1.773550033569336
AT,AKC,urban,2023-01-09T13:00:00,3,2.6603002548217773,4.0771074295043945,2.65625
AT,AKC,urban,2023-01-09T14:00:00,3,3.0255489349365234,5.074551582336426,3.2238502502441406
AT,AKC,urban,2023-01-09T15:00:00,3,3.3543500900268555,4.17183256149292,2.852499008178711
AT,AKC,urban,2023-01-09T16:00:00,3,3.4942493438720703,3.8146629333496094,2.6603002548217773
AT,AKC,urban,2023-01-09T17:00:00,3,3.5423994064331055,3.606466293334961,3.0255489349365234
AT,AKC,urban,2023-01-09T18:00:00,3,3.343648910522461,3.858546257019043,3.3543500900268555
AT,AKC,urban,2023-01-09T19:00:00,3,3.324398994445801,4.033184051513672,3.4942493438720703
AT,AKC,urban,2023-01-09T20:00:00,3,3.6050004959106445,4.357876300811768,3.5423994064331055
AT,AKC,urban,2023-01-09T21:00:00,3,3.475449562072754,4.148770332336426,3.343648910522461
AT,AKC,urban,2023-01-09T22:00:00,3,3.1937990188598633,4.056044101715088,3.324398994445801
AT,AKC,urban,2023-01-09T23:00:00,3,2.898249626159668,3.975085735321045,3.6050004959106445
AT,AKC,urban,2023-01-10T00:00:00,3,2.771298408508301,3.6815052032470703,3.475449562072754
AT,AKC,urban,2023-01-10T01:00:00,3,2.8304500579833984,3.5940189361572266,3.1937990188598633
AT,AKC,urban,2023-01-10T02:00:00,3,2.870999336242676,3.56320858001709,2.898249626159668
AT,AKC,urban,2023-01-10T03:00:00,3,3.078749656677246,3.6560888290405273,2.771298408508301
AT,AKC,urban,2023-01-10T04:00:00,3,3.6645994186401367,3.809619903564453,2.8304500579833984
AT,AKC,urban,2023-01-10T05:00:00,3,3.946000099182129,3.8930282592773438,2.870999336242676
AT,AKC,urban,2023-01-10T06:00:00,3,4.428750038146973,3.9460630416870117,3.078749656677246
AT,AKC,urban,2023-01-10T07:00:00,3,4.25,4.183906555175781,3.6645994186401367
AT,AKC,urban,2023-01-10T08:00:00,3,4.2795491218566895,4.293780326843262,3.946000099182129
AT,AKC,urban,2023-01-10T09:00:00,3,3.979198932647705,4.6685638427734375,4.428750038146973
AT,AKC,urban,2023-01-10T10:00:00,3,3.883298397064209,4.460206985473633,4.25
AT,AKC,urban,2023-01-10T11:00:00,3,3.335948944091797,4.5037431716918945,4.2795491218566895
AT,AKC,urban,2023-01-10T12:00:00,3,3.00985050201416,4.197916507720947,3.979198932647705
AT,AKC,urban,2023-01-10T13:00:00,3,3.636699676513672,4.197520732879639,3.883298397064209
AT,AKC,urban,2023-01-10T14:00:00,3,3.8025989532470703,3.815911293029785,3.335948944091797
AT,AKC,urban,2023-01-10T15:00:00,3,3.531649589538574,3.644474983215332,3.00985050201416
AT,AKC,urban,2023-01-10T16:00:00,3,4.25269889831543,4.285321235656738,3.636699676513672
AT,AKC,urban,2023-01-10T17:00:00,3,4.7019500732421875,4.405797004699707,3.8025989532470703
AT,AKC,urban,2023-01-10T18:00:00,3,4.022500038146973,4.026169300079346,3.531649589538574
AT,AKC,urban,2023-01-10T19:00:00,3,3.2327489852905273,4.631845474243164,4.25269889831543
AT,AKC,urban,2023-01-10T20:00:00,3,3.203248977661133,4.9078898429870605,4.7019500732421875
AT,AKC,urban,2023-01-10T21:00:00,3,4.124198913574219,4.166540145874023,4.022500038146973
AT,AKC,urban,2023-01-10T22:00:00,3,5.136050224304199,3.318251609802246,3.2327489852905273
AT,AKC,urban,2023-01-10T23:00:00,3,5.273949146270752,3.332097053527832,3.203248977661133
AT,AKC,urban,2023-01-11T00:00:00,3,4.889900207519531,4.333325386047363,4.124198913574219
AT,AKC,urban,2023-01-11T01:00:00,3,5.393400192260742,5.6764326095581055,5.136050224304199
AT,AKC,urban,2023-01-11T02:00:00,3,8.131500244140625,6.218282222747803,5.273949146270752
AT,AKC,urban,2023-01-11T03:00:00,3,10.631999969482422,6.583259105682373,4.889900207519531
AT,AKC,urban,2023-01-11T04:00:00,3,14.38700008392334,7.443478584289551,5.393400192260742
AT,AKC,urban,2023-01-11T05:00:00,3,12.642000198364258,9.92973804473877,8.131500244140625
AT,AKC,urban,2023-01-11T06:00:00,3,11.075200080871582,10.023001670837402,10.631999969482422
AT,AKC,urban,2023-01-11T07:00:00,3,10.372150421142578,11.466773986816406,14.38700008392334
AT,AKC,urban,2023-01-11T08:00:00,3,6.830100059509277,9.517691612243652,12.642000198364258
AT,AKC,urban,2023-01-11T09:00:00,3,7.170749187469482,8.681386947631836,11.075200080871582
AT,AKC,urban,2023-01-11T10:00:00,3,8.065098762512207,8.565268516540527,10.372150421142578
AT,AKC,urban,2023-01-11T11:00:00,3,7.361100196838379,6.933541297912598,6.830100059509277
AT,AKC,urban,2023-01-11T12:00:00,3,8.938650131225586,8.383378028869629,7.170749187469482
AT,AKC,urban,2023-01-11T13:00:00,3,9.494499206542969,9.79892635345459,8.065098762512207
AT,AKC,urban,2023-01-11T14:00:00,3,9.505800247192383,9.526123046875,7.361100196838379
AT,AKC,urban,2023-01-11T15:00:00,3,12.462499618530273,10.588964462280273,8.938650131225586
AT,AKC,urban,2023-01-11T16:00:00,3,11.653499603271484,10.292121887207031,9.494499206542969
AT,AKC,urban,2023-01-11T17:00:00,3,3.2965993881225586,9.0679292678833,9.505800247192383
AT,AKC,urban,2023-01-11T18:00:00,3,3.233649253845215,10.458659172058105,12.462499618530273
AT,AKC,urban,2023-01-11T19:00:00,3,4.84375,8.231629371643066,11.653499603271484
AT,AKC,urban,2023-01-11T20:00:00,3,5.98629903793335,2.725092887878418,3.2965993881225586
AT,AKC,urban,2023-01-11T21:00:00,3,6.147200107574463,2.579352378845215,3.233649253845215
AT,AKC,urban,2023-01-11T22:00:00,3,7.640799045562744,4.316143035888672,4.84375
AT,AKC,urban,2023-01-11T23:00:00,3,6.693449020385742,3.6120195388793945,5.98629903793335
AT,AKC,urban,2023-01-12T00:00:00,3,5.862750053405762,4.130909442901611,6.147200107574463
AT,AKC,urban,2023-01-12T01:00:00,3,5.5251994132995605,6.595793724060059,7.640799045562744
AT,AKC,urban,2023-01-12T02:00:00,3,4.414999008178711,5.854541301727295,6.693449020385742
AT,AKC,urban,2023-01-12T03:00:00,3,4.576600074768066,6.254142761230469,5.862750053405762
AT,AKC,urban,2023-01-12T04:00:00,3,4.975349426269531,5.820618629455566,5.5251994132995605
AT,AKC,urban,2023-01-12T05:00:00,3,3.097848892211914,5.150149822235107,4.414999008178711
AT,AKC,urban,2023-01-12T06:00:00,3,3.5648984909057617,4.982329368591309,4.576600074768066
AT,AKC,urban,2023-01-12T07:00:00,3,3.7924489974975586,4.861971378326416,4.975349426269531
AT,AKC,urban,2023-01-12T08:00:00,3,3.867650032043457,3.1512155532836914,3.097848892211914
AT,AKC,urban,2023-01-12T09:00:00,3,4.125699520111084,3.6632490158081055,3.5648984909057617
AT,AKC,urban,2023-01-12T10:00:00,3,3.4604005813598633,4.028834342956543,3.7924489974975586
AT,AKC,urban,2023-01-12T11:00:00,3,3.6142501831054688,4.199519157409668,3.867650032043457
AT,AKC,urban,2023-01-12T12:00:00,3,5.116649627685547,4.788069248199463,4.125699520111084
AT,AKC,urban,2023-01-12T13:00:00,3,6.078050136566162,4.434466361999512,3.4604005813598633
AT,AKC,urban,2023-01-12T14:00:00,3,9.610548973083496,5.1584625244140625,3.6142501831054688
AT,AKC,urban,2023-01-12T15:00:00,3,12.020500183105469,6.86220645904541,5.116649627685547
AT,AKC,urban,2023-01-12T16:00:00,3,8.802799224853516,7.916591167449951,6.078050136566162
AT,AKC,urban,2023-01-12T17:00:00,3,7.1682000160217285,10.747289657592773,9.610548973083496
AT,AKC,urban,2023-01-12T18:00:00,3,11.65149974822998,11.37353801727295,12.020500183105469
AT,AKC,urban,2023-01-12T19:00:00,3,11.962499618530273,7.747594833374023,8.802799224853516
AT,AKC,urban,2023-01-12T20:00:00,3,8.60890007019043,5.436262130737305,7.1682000160217285
AT,AKC,urban,2023-01-12T21:00:00,3,7.1956000328063965,8.185653686523438,11.65149974822998
AT,AKC,urban,2023-01-12T22:00:00,3,10.178000450134277,6.642867565155029,11.962499618530273
AT,AKC,urban,2023-01-12T23:00:00,3,6.713699817657471,4.705608367919922,8.60890007019043
AT,AKC,urban,2023-01-13T00:00:00,3,6.064300060272217,4.2062835693359375,7.1956000328063965
AT,AKC,urban,2023-01-13T01:00:00,3,5.716798782348633,7.762710094451904,10.178000450134277
AT,AKC,urban,2023-01-13T02:00:00,3,7.057199001312256,4.5897088050842285,6.713699817657471
AT,AKC,urban,2023-01-13T03:00:00,3,10.939000129699707,5.162908554077148,6.064300060272217
AT,AKC,urban,2023-01-13T04:00:00,3,12.432499885559082,5.254849910736084,5.716798782348633
AT,AKC,urban,2023-01-13T05:00:00,3,13.821999549865723,6.55910062789917,7.057199001312256
AT,AKC,urban,2023-01-13T06:00:00,3,15.319000244140625,7.985954284667969,10.939000129699707
AT,AKC,urban,2023-01-13T07:00:00,3,16.927000045776367,8.502192497253418,12.432499885559082
AT,AKC,urban,2023-01-13T08:00:00,3,17.90999984741211,9.140633583068848,13.821999549865723
AT,AKC,urban,2023-01-13T09:00:00,3,16.052000045776367,10.887838363647461,15.319000244140625
AT,AKC,urban,2023-01-13T10:00:00,3,13.904999732971191,12.41343879699707,16.927000045776367
AT,AKC,urban,2023-01-13T11:00:00,3,15.581999778747559,13.329361915588379,17.90999984741211
AT,AKC,urban,2023-01-13T12:00:00,3,17.020000457763672,12.224609375,16.052000045776367
AT,AKC,urban,2023-01-13T13:00:00,3,18.75349998474121,11.683257102966309,13.904999732971191
AT,AKC,urban,2023-01-13T14:00:00,3,21.992000579833984,14.750526428222656,15.581999778747559
AT,AKC,urban,2023-01-13T15:00:00,3,23.988000869750977,16.966747283935547,17.020000457763672
AT,AKC,urban,2023-01-13T16:00:00,3,19.68000030517578,19.02397918701172,18.75349998474121
AT,AKC,urban,2023-01-13T17:00:00,3,2.2197494506835938,21.94579315185547,21.992000579833984
AT,AKC,urban,2023-01-13T18:00:00,3,2.344550132751465,23.66720962524414,23.988000869750977
AT,AKC,urban,2023-01-13T19:00:00,3,2.37554931640625,19.052104949951172,19.68000030517578
AT,AKC,urban,2023-01-13T20:00:00,3,2.5662002563476562,4.03123140335083,2.2197494506835938
AT,AKC,urban,2023-01-13T21:00:00,3,2.612149238586426,3.278609275817871,2.344550132751465
AT,AKC,urban,2023-01-13T22:00:00,3,2.668349266052246,3.185235023498535,2.37554931640625
AT,AKC,urban,2023-01-13T23:00:00,3,2.7095489501953125,2.9880075454711914,2.5662002563476562
AT,AKC,urban,2023-01-14T00:00:00,3,2.2768001556396484,3.0983686447143555,2.612149238586426
AT,AKC,urban,2023-01-14T01:00:00,3,2.364199638366699,3.3951282501220703,2.668349266052246
AT,AKC,urban,2023-01-14T02:00:00,3,2.5099992752075195,3.213907241821289,2.7095489501953125
AT,AKC,urban,2023-01-14T03:00:00,3,2.5357484817504883,2.764200210571289,2.2768001556396484
AT,AKC,urban,2023-01-14T04:00:00,3,2.651948928833008,2.7402305603027344,2.364199638366699
AT,AKC,urban,2023-01-14T05:00:00,3,2.9144487380981445,2.919285774230957,2.5099992752075195
AT,AKC,urban,2023-01-14T06:00:00,3,2.867650032043457,2.8807945251464844,2.5357484817504883
AT,AKC,urban,2023-01-14T07:00:00,3,2.7105493545532227,2.915787696838379,2.651948928833008
AT,AKC,urban,2023-01-14T08:00:00,3,2.9369993209838867,3.0416784286499023,2.9144487380981445
AT,AKC,urban,2023-01-14T09:00:00,3,2.6977500915527344,3.183502197265625,2.867650032043457
AT,AKC,urban,2023-01-14T10:00:00,3,2.805398941040039,3.2681474685668945,2.7105493545532227
AT,AKC,urban,2023-01-14T11:00:00,3,3.5060501098632812,3.7753992080688477,2.9369993209838867
AT,AKC,urban,2023-01-14T12:00:00,3,4.924149036407471,4.2860846519470215,2.6977500915527344
AT,AKC,urban,2023-01-14T13:00:00,3,7.223099231719971,5.104132652282715,2.805398941040039
AT,AKC,urban,2023-01-14T14:00:00,3,7.638750076293945,7.067162990570068,3.5060501098632812
AT,AKC,urban,2023-01-14T15:00:00,3,7.316050052642822,9.320189476013184,4.924149036407471
AT,AKC,urban,2023-01-14T16:00:00,3,8.915051460266113,11.399129867553711,7.223099231719971
AT,AKC,urban,2023-01-14T17:00:00,3,11.888500213623047,10.646553993225098,7.638750076293945
AT,AKC,urban,2023-01-14T18:00:00,3,11.564000129699707,9.319747924804688,7.316050052642822
AT,AKC,urban,2023-01-14T19:00:00,3,13.355999946594238,10.06611442565918,8.915051460266113
AT,AKC,urban,2023-01-14T20:00:00,3,11.246000289916992,11.233867645263672,11.888500213623047
AT,AKC,urban,2023-01-14T21:00:00,3,10.770500183105469,10.224010467529297,11.564000129699707
AT,AKC,urban,2023-01-14T22:00:00,3,11.478500366210938,11.408524513244629,13.355999946594238
AT,AKC,urban,2023-01-14T23:00:00,3,12.76099967956543,9.918907165527344,11.246000289916992
AT,AKC,urban,2023-01-15T00:00:00,3,9.717249870300293,9.716177940368652,10.770500183105469
AT,AKC,urban,2023-01-15T01:00:00,3,9.187150001525879,10.938621520996094,11.478500366210938
AT,AKC,urban,2023-01-15T02:00:00,3,8.381999015808105,12.75640869140625,12.76099967956543
AT,AKC,urban,2023-01-15T03:00:00,3,7.868750095367432,10.041601181030273,9.717249870300293
AT,AKC,urban,2023-01-15T04:00:00,3,7.676198959350586,10.127317428588867,9.187150001525879
AT,AKC,urban,2023-01-15T05:00:00,3,7.311800003051758,9.814292907714844,8.381999015808105
AT,AKC,urban,2023-01-15T06:00:00,3,7.3721489906311035,9.564064979553223,7.868750095367432
AT,AKC,urban,2023-01-15T07:00:00,3,7.777598857879639,9.35453987121582,7.676198959350586
AT,AKC,urban,2023-01-15T08:00:00,3,8.07075023651123,8.757078170776367,7.311800003051758
AT,AKC,urban,2023-01-15T09:00:00,3,8.938650131225586,8.874469757080078,7.3721489906311035
AT,AKC,urban,2023-01-15T10:00:00,3,10.500499725341797,9.431120872497559,7.777598857879639
AT,AKC,urban,2023-01-15T11:00:00,3,11.373499870300293,10.123040199279785,8.07075023651123
AT,AKC,urban,2023-01-15T12:00:00,3,11.794500350952148,11.329326629638672,8.938650131225586
AT,AKC,urban,2023-01-15T13:00:00,3,6.377500057220459,13.336562156677246,10.500499725341797
AT,AKC,urban,2023-01-15T14:00:00,3,2.5325498580932617,13.686454772949219,11.373499870300293
AT,AKC,urban,2023-01-15T15:00:00,3,1.898249626159668,13.648442268371582,11.794500350952148
AT,AKC,urban,2023-01-15T16:00:00,3,2.226649284362793,7.9853057861328125,6.377500057220459
AT,AKC,urban,2023-01-15T17:00:00,3,2.0156497955322266,4.374238014221191,2.5325498580932617
AT,AKC,urban,2023-01-15T18:00:00,3,2.3338499069213867,3.1373443603515625,1.898249626159668
AT,AKC,urban,2023-01-15T19:00:00,3,2.478848457336426,3.1205196380615234,2.226649284362793
AT,AKC,urban,2023-01-15T20:00:00,3,1.8325986862182617,2.543463706970215,2.0156497955322266
AT,AKC,urban,2023-01-15T21:00:00,3,1.904648780822754,2.6734390258789062,2.3338499069213867
AT,AKC,urban,2023-01-15T22:00:00,3,2.02449893951416,2.7174463272094727,2.478848457336426
AT,AKC,urban,2023-01-15T23:00:00,3,1.7624998092651367,2.1245107650756836,1.8325986862182617
AT,AKC,urban,2023-01-16T00:00:00,3,1.7470502853393555,2.303621292114258,1.904648780822754
AT,AKC,urban,2023-01-16T01:00:00,3,1.9417486190795898,2.599996566772461,2.02449893951416
AT,AKC,urban,2023-01-16T02:00:00,3,2.6519994735717773,2.493131637573242,1.7624998092651367
AT,AKC,urban,2023-01-16T03:00:00,3,2.5080995559692383,3.189816474914551,1.7470502853393555
AT,AKC,urban,2023-01-16T04:00:00,3,3.241100311279297,3.865041732788086,1.9417486190795898
AT,AKC,urban,2023-01-16T05:00:00,3,3.5135498046875,4.335736274719238,2.6519994735717773
AT,AKC,urban,2023-01-16T06:00:00,3,3.6401500701904297,3.500227928161621,2.5080995559692383
AT,AKC,urban,2023-01-16T07:00:00,3,3.4924001693725586,3.1884260177612305,3.241100311279297
AT,AKC,urban,2023-01-16T08:00:00,3,3.068850517272949,2.709975242614746,3.5135498046875
AT,AKC,urban,2023-01-16T09:00:00,3,5.074150085449219,3.2286205291748047,3.6401500701904297
AT,AKC,urban,2023-01-16T10:00:00,3,3.536799430847168,3.4272232055664062,3.4924001693725586
AT,AKC,urban,2023-01-16T11:00:00,3,3.913100242614746,3.369762420654297,3.068850517272949
AT,AKC,urban,2023-01-16T12:00:00,3,5.6219000816345215,5.264470100402832,5.074150085449219
AT,AKC,urban,2023-01-16T13:00:00,3,6.160149097442627,3.586305618286133,3.536799430847168
AT,AKC,urban,2023-01-16T14:00:00,3,6.136349201202393,3.8987154960632324,3.913100242614746
AT,AKC,urban,2023-01-16T15:00:00,3,6.357648849487305,5.375568389892578,5.6219000816345215
AT,AKC,urban,2023-01-16T16:00:00,3,7.664848804473877,5.963052272796631,6.160149097442627
AT,AKC,urban,2023-01-16T17:00:00,3,7.09299898147583,5.614808559417725,6.136349201202393
AT,AKC,urban,2023-01-16T18:00:00,3,7.42710018157959,5.594451427459717,6.357648849487305
AT,AKC,urban,2023-01-16T19:00:00,3,8.293848991394043,5.9818525314331055,7.664848804473877
AT,AKC,urban,2023-01-16T20:00:00,3,8.329400062561035,4.623445510864258,7.09299898147583
AT,AKC,urban,2023-01-16T21:00:00,3,8.264498710632324,4.569087505340576,7.42710018157959
AT,AKC,urban,2023-01-16T22:00:00,3,9.470100402832031,4.86644172668457,8.293848991394043
AT,AKC,urban,2023-01-16T23:00:00,3,11.821000099182129,5.2642693519592285,8.329400062561035
AT,AKC,urban,2023-01-17T00:00:00,3,11.746500015258789,5.6486406326293945,8.264498710632324
AT,AKC,urban,2023-01-17T01:00:00,3,12.297499656677246,7.19782018661499,9.470100402832031
AT,AKC,urban,2023-01-17T02:00:00,3,13.187999725341797,9.860438346862793,11.821000099182129
AT,AKC,urban,2023-01-17T03:00:00,3,14.820500373840332,10.974485397338867,11.746500015258789
AT,AKC,urban,2023-01-17T04:00:00,3,16.36949920654297,12.645095825195312,12.297499656677246
AT,AKC,urban,2023-01-17T05:00:00,3,15.420499801635742,12.313545227050781,13.187999725341797
AT,AKC,urban,2023-01-17T06:00:00,3,16.103500366210938,12.490918159484863,14.820500373840332
AT,AKC,urban,2023-01-17T07:00:00,3,10.282750129699707,12.251077651977539,16.36949920654297
AT,AKC,urban,2023-01-17T08:00:00,3,6.109950065612793,11.677433013916016,15.420499801635742
AT,AKC,urban,2023-01-17T09:00:00,3,3.9345993995666504,12.406271934509277,16.103500366210938
AT,AKC,urban,2023-01-17T10:00:00,3,5.003048896789551,7.536733150482178,10.282750129699707
AT,AKC,urban,2023-01-17T11:00:00,3,5.296350002288818,5.4637837409973145,6.109950065612793
AT,AKC,urban,2023-01-17T12:00:00,3,7.737998962402344,4.418906211853027,3.9345993995666504
AT,AKC,urban,2023-01-17T13:00:00,3,7.33699893951416,5.278256416320801,5.003048896789551
AT,AKC,urban,2023-01-17T14:00:00,3,5.699250221252441,5.569457054138184,5.296350002288818
AT,AKC,urban,2023-01-17T15:00:00,3,4.217350006103516,7.826210975646973,7.737998962402344
AT,AKC,urban,2023-01-17T16:00:00,3,4.250298976898193,6.897467136383057,7.33699893951416
AT,AKC,urban,2023-01-17T17:00:00,3,4.977250099182129,5.699948310852051,5.699250221252441
AT,AKC,urban,2023-01-17T18:00:00,3,5.8119988441467285,4.791575908660889,4.217350006103516
AT,AKC,urban,2023-01-17T19:00:00,3,6.84329891204834,4.926713466644287,4.250298976898193
AT,AKC,urban,2023-01-17T20:00:00,3,6.230898857116699,5.54544734954834,4.977250099182129
AT,AKC,urban,2023-01-17T21:00:00,3,4.491099834442139,6.167236328125,5.8119988441467285
AT,AKC,urban,2023-01-17T22:00:00,3,4.136699676513672,6.867915630340576,6.84329891204834
AT,AKC,urban,2023-01-17T23:00:00,3,4.01249885559082,5.744449138641357,6.230898857116699
AT,AKC,urban,2023-01-18T00:00:00,3,4.733348846435547,4.344946384429932,4.491099834442139
AT,AKC,urban,2023-01-18T01:00:00,3,6.052749156951904,4.516977787017822,4.136699676513672
AT,AKC,urban,2023-01-18T02:00:00,3,7.17604923248291,5.181004524230957,4.01249885559082
AT,AKC,urban,2023-01-18T03:00:00,3,10.827500343322754,6.842432498931885,4.733348846435547
AT,AKC,urban,2023-01-18T04:00:00,3,13.827500343322754,8.727924346923828,6.052749156951904
AT,AKC,urban,2023-01-18T05:00:00,3,14.335000038146973,9.737545013427734,7.17604923248291
AT,AKC,urban,2023-01-18T06:00:00,3,9.498398780822754,11.274496078491211,10.827500343322754
AT,AKC,urban,2023-01-18T07:00:00,3,6.501749038696289,12.12830638885498,13.827500343322754
AT,AKC,urban,2023-01-18T08:00:00,3,4.426148891448975,10.751996994018555,14.335000038146973
AT,AKC,urban,2023-01-18T09:00:00,3,2.4775495529174805,8.110318183898926,9.498398780822754
AT,AKC,urban,2023-01-18T10:00:00,3,2.6832494735717773,6.146141052246094,6.501749038696289
AT,AKC,urban,2023-01-18T11:00:00,3,4.57480001449585,4.7329254150390625,4.426148891448975
AT,AKC,urban,2023-01-18T12:00:00,3,4.3520002365112305,3.426971435546875,2.4775495529174805
AT,AKC,urban,2023-01-18T13:00:00,3,7.142848968505859,3.5515146255493164,2.6832494735717773
AT,AKC,urban,2023-01-18T14:00:00,3,11.048999786376953,4.992442607879639,4.57480001449585
AT,AKC,urban,2023-01-18T15:00:00,3,15.166999816894531,4.577560901641846,4.3520002365112305
AT,AKC,urban,2023-01-18T16:00:00,3,13.201499938964844,6.903245449066162,7.142848968505859
AT,AKC,urban,2023-01-18T17:00:00,3,14.564499855041504,8.854393005371094,11.048999786376953
AT,AKC,urban,2023-01-18T18:00:00,3,12.208499908447266,12.092171669006348,15.166999816894531
AT,AKC,urban,2023-01-18T19:00:00,3,6.894399166107178,10.767574310302734,13.201499938964844
AT,AKC,urban,2023-01-18T20:00:00,3,10.209799766540527,12.275864601135254,14.564499855041504
AT,AKC,urban,2023-01-18T21:00:00,3,10.130499839782715,9.49459171295166,12.208499908447266
AT,AKC,urban,2023-01-18T22:00:00,3,10.6274995803833,5.454036712646484,6.894399166107178
AT,AKC,urban,2023-01-18T23:00:00,3,10.456999778747559,8.231040954589844,10.209799766540527
AT,AKC,urban,2023-01-19T00:00:00,3,9.777250289916992,7.00302791595459,10.130499839782715
AT,AKC,urban,2023-01-19T01:00:00,3,11.78600025177002,7.538820743560791,10.6274995803833
AT,AKC,urban,2023-01-19T02:00:00,3,13.560999870300293,7.793625354766846,10.456999778747559
AT,AKC,urban,2023-01-19T03:00:00,3,13.3100004196167,8.392477989196777,9.777250289916992
AT,AKC,urban,2023-01-19T04:00:00,3,11.202500343322754,11.04569149017334,11.78600025177002
AT,AKC,urban,2023-01-19T05:00:00,3,11.418000221252441,13.596136093139648,13.560999870300293
AT,AKC,urban,2023-01-19T06:00:00,3,10.185999870300293,13.518442153930664,13.3100004196167
AT,AKC,urban,2023-01-19T07:00:00,3,10.296050071716309,11.63932991027832,11.202500343322754
AT,AKC,urban,2023-01-19T08:00:00,3,8.703350067138672,11.893514633178711,11.418000221252441
AT,AKC,urban,2023-01-19T09:00:00,3,7.480400085449219,10.633417129516602,10.185999870300293
AT,AKC,urban,2023-01-19T10:00:00,3,12.194049835205078,10.946743965148926,10.296050071716309
AT,AKC,urban,2023-01-19T11:00:00,3,16.731000900268555,9.065594673156738,8.703350067138672
AT,AKC,urban,2023-01-19T12:00:00,3,19.116500854492188,7.576483249664307,7.480400085449219
AT,AKC,urban,2023-01-19T13:00:00,3,18.84749984741211,10.4296875,12.194049835205078
AT,AKC,urban,2023-01-19T14:00:00,3,18.173500061035156,12.897510528564453,16.731000900268555
AT,AKC,urban,2023-01-19T15:00:00,3,18.259000778198242,14.321271896362305,19.116500854492188
AT,AKC,urban,2023-01-19T16:00:00,3,18.194000244140625,13.617795944213867,18.84749984741211
AT,AKC,urban,2023-01-19T17:00:00,3,18.134000778198242,13.07166862487793,18.173500061035156
AT,AKC,urban,2023-01-19T18:00:00,3,17.572999954223633,13.597596168518066,18.259000778198242
AT,AKC,urban,2023-01-19T19:00:00,3,15.525500297546387,14.50334358215332,18.194000244140625
AT,AKC,urban,2023-01-19T20:00:00,3,13.125499725341797,15.721363067626953,18.134000778198242
AT,AKC,urban,2023-01-19T21:00:00,3,14.189499855041504,16.209945678710938,17.572999954223633
AT,AKC,urban,2023-01-19T22:00:00,3,15.692999839782715,14.938389778137207,15.525500297546387
AT,AKC,urban,2023-01-19T23:00:00,3,16.299999237060547,13.11130428314209,13.125499725341797
AT,AKC,urban,2023-01-20T00:00:00,3,13.796500205993652,14.284442901611328,14.189499855041504
AT,AKC,urban,2023-01-20T01:00:00,3,15.019000053405762,15.817188262939453,15.692999839782715
AT,AKC,urban,2023-01-20T02:00:00,3,16.673500061035156,16.4410457611084,16.299999237060547
AT,AKC,urban,2023-01-20T03:00:00,3,16.158000946044922,15.007621765136719,13.796500205993652
AT,AKC,urban,2023-01-20T04:00:00,3,15.494500160217285,16.00373077392578,15.019000053405762
AT,AKC,urban,2023-01-20T05:00:00,3,15.174500465393066,16.949600219726562,16.673500061035156
AT,AKC,urban,2023-01-20T06:00:00,3,12.922499656677246,14.868208885192871,16.158000946044922
AT,AKC,urban,2023-01-20T07:00:00,3,13.519000053405762,12.6428804397583,15.494500160217285
AT,AKC,urban,2023-01-20T08:00:00,3,14.406499862670898,12.05824089050293,15.174500465393066
AT,AKC,urban,2023-01-20T09:00:00,3,13.345000267028809,9.240457534790039,12.922499656677246
AT,AKC,urban,2023-01-20T10:00:00,3,12.819999694824219,10.368706703186035,13.519000053405762
AT,AKC,urban,2023-01-20T11:00:00,3,13.432000160217285,11.482500076293945,14.406499862670898
AT,AKC,urban,2023-01-20T12:00:00,3,13.819000244140625,10.964608192443848,13.345000267028809
AT,AKC,urban,2023-01-20T13:00:00,3,13.88700008392334,11.122211456298828,12.819999694824219
AT,AKC,urban,2023-01-20T14:00:00,3,12.755000114440918,12.278971672058105,13.432000160217285
AT,AKC,urban,2023-01-20T15:00:00,3,13.233499526977539,12.944908142089844,13.819000244140625
AT,AKC,urban,2023-01-20T16:00:00,3,15.746500015258789,12.948047637939453,13.88700008392334
AT,AKC,urban,2023-01-20T17:00:00,3,16.798999786376953,11.883743286132812,12.755000114440918
AT,AKC,urban,2023-01-20T18:00:00,3,15.711999893188477,12.250372886657715,13.233499526977539
AT,AKC,urban,2023-01-20T19:00:00,3,16.18549919128418,14.205281257629395,15.746500015258789
AT,AKC,urban,2023-01-20T20:00:00,3,13.77750015258789,14.858089447021484,16.798999786376953
AT,AKC,urban,2023-01-20T21:00:00,3,12.808500289916992,13.573339462280273,15.711999893188477
AT,AKC,urban,2023-01-20T22:00:00,3,9.801898956298828,14.017435073852539,16.18549919128418
AT,AKC,urban,2023-01-20T23:00:00,3,9.319199562072754,11.650140762329102,13.77750015258789
AT,AKC,urban,2023-01-21T00:00:00,3,8.800748825073242,10.862314224243164,12.808500289916992
AT,AKC,urban,2023-01-21T01:00:00,3,9.369799613952637,8.141383171081543,9.801898956298828
AT,AKC,urban,2023-01-21T02:00:00,3,8.565500259399414,7.986919403076172,9.319199562072754
AT,AKC,urban,2023-01-21T03:00:00,3,8.32089900970459,7.973670959472656,8.800748825073242
AT,AKC,urban,2023-01-21T04:00:00,3,7.396399021148682,8.92930793762207,9.369799613952637
AT,AKC,urban,2023-01-21T05:00:00,3,6.432600021362305,8.176253318786621,8.565500259399414
AT,AKC,urban,2023-01-21T06:00:00,3,6.232550144195557,8.31680679321289,8.32089900970459
AT,AKC,urban,2023-01-21T07:00:00,3,5.92889928817749,7.632726192474365,7.396399021148682
AT,AKC,urban,2023-01-21T08:00:00,3,5.984600067138672,6.978410720825195,6.432600021362305
AT,AKC,urban,2023-01-21T09:00:00,3,6.665348529815674,6.870156764984131,6.232550144195557
AT,AKC,urban,2023-01-21T10:00:00,3,6.973548889160156,6.694512367248535,5.92889928817749
AT,AKC,urban,2023-01-21T11:00:00,3,7.088850021362305,6.814855575561523,5.984600067138672
AT,AKC,urban,2023-01-21T12:00:00,3,7.421949863433838,7.69932746887207,6.665348529815674
AT,AKC,urban,2023-01-21T13:00:00,3,7.952098846435547,8.129755020141602,6.973548889160156
AT,AKC,urban,2023-01-21T14:00:00,3,9.520849227905273,8.721159934997559,7.088850021362305
AT,AKC,urban,2023-01-21T15:00:00,3,10.788000106811523,9.277506828308105,7.421949863433838
AT,AKC,urban,2023-01-21T16:00:00,3,11.909500122070312,9.547239303588867,7.952098846435547
AT,AKC,urban,2023-01-21T17:00:00,3,12.5649995803833,10.697982788085938,9.520849227905273
AT,AKC,urban,2023-01-21T18:00:00,3,10.982000350952148,10.82065486907959,10.788000106811523
AT,AKC,urban,2023-01-21T19:00:00,3,11.284000396728516,11.088251113891602,11.909500122070312
AT,AKC,urban,2023-01-21T20:00:00,3,13.03499984741211,11.467184066772461,12.5649995803833
AT,AKC,urban,2023-01-21T21:00:00,3,14.640000343322754,10.152764320373535,10.982000350952148
AT,AKC,urban,2023-01-21T22:00:00,3,15.177000045776367,10.817054748535156,11.284000396728516
AT,AKC,urban,2023-01-21T23:00:00,3,17.079500198364258,12.803053855895996,13.03499984741211
AT,AKC,urban,2023-01-22T00:00:00,3,16.62299919128418,14.453495025634766,14.640000343322754
AT,AKC,urban,2023-01-22T01:00:00,3,16.338499069213867,14.697966575622559,15.177000045776367
AT,AKC,urban,2023-01-22T02:00:00,3,16.07699966430664,16.118820190429688,17.079500198364258
AT,AKC,urban,2023-01-22T03:00:00,3,13.906499862670898,15.827197074890137,16.62299919128418
AT,AKC,urban,2023-01-22T04:00:00,3,10.501999855041504,15.565107345581055,16.338499069213867
AT,AKC,urban,2023-01-22T05:00:00,3,7.974699020385742,15.414199829101562,16.07699966430664
AT,AKC,urban,2023-01-22T06:00:00,3,8.520798683166504,13.082456588745117,13.906499862670898
AT,AKC,urban,2023-01-22T07:00:00,3,8.774298667907715,9.581453323364258,10.501999855041504
AT,AKC,urban,2023-01-22T08:00:00,3,8.079998970031738,7.613116264343262,7.974699020385742
AT,AKC,urban,2023-01-22T09:00:00,3,10.045100212097168,8.50049877166748,8.520798683166504
AT,AKC,urban,2023-01-22T10:00:00,3,10.920499801635742,8.901618957519531,8.774298667907715
AT,AKC,urban,2023-01-22T11:00:00,3,11.358499526977539,8.442171096801758,8.079998970031738
AT,AKC,urban,2023-01-22T12:00:00,3,13.048999786376953,10.1709566116333,10.045100212097168
AT,AKC,urban,2023-01-22T13:00:00,3,15.596500396728516,11.287663459777832,10.920499801635742
AT,AKC,urban,2023-01-22T14:00:00,3,15.672499656677246,11.623200416564941,11.358499526977539
AT,AKC,urban,2023-01-22T15:00:00,3,15.92650032043457,13.351545333862305,13.048999786376953
AT,AKC,urban,2023-01-22T16:00:00,3,16.31999969482422,15.634828567504883,15.596500396728516
AT,AKC,urban,2023-01-22T17:00:00,3,16.76799964904785,14.865461349487305,15.672499656677246
AT,AKC,urban,2023-01-22T18:00:00,3,16.860000610351562,15.171161651611328,15.92650032043457
AT,AKC,urban,2023-01-22T19:00:00,3,18.524999618530273,15.235254287719727,16.31999969482422
AT,AKC,urban,2023-01-22T20:00:00,3,19.90850067138672,15.67464828491211,16.76799964904785
AT,AKC,urban,2023-01-22T21:00:00,3,19.386499404907227,15.802485466003418,16.860000610351562
AT,AKC,urban,2023-01-22T22:00:00,3,20.503999710083008,17.479604721069336,18.524999618530273
AT,AKC,urban,2023-01-22T23:00:00,3,21.624000549316406,18.84164047241211,19.90850067138672
AT,AKC,urban,2023-01-23T00:00:00,3,22.537500381469727,18.23980712890625,19.386499404907227
AT,AKC,urban,2023-01-23T01:00:00,3,23.490497589111328,19.45541000366211,20.503999710083008
AT,AKC,urban,2023-01-23T02:00:00,3,19.799999237060547,20.227266311645508,21.624000549316406
AT,AKC,urban,2023-01-23T03:00:00,3,16.246999740600586,21.296459197998047,22.537500381469727
AT,AKC,urban,2023-01-23T04:00:00,3,15.732999801635742,22.51541519165039,23.490497589111328
AT,AKC,urban,2023-01-23T05:00:00,3,16.945499420166016,20.172380447387695,19.799999237060547
AT,AKC,urban,2023-01-23T06:00:00,3,16.196500778198242,18.97138023376465,16.246999740600586
AT,AKC,urban,2023-01-23T07:00:00,3,13.826499938964844,19.764759063720703,15.732999801635742
AT,AKC,urban,2023-01-23T08:00:00,3,14.635000228881836,21.172325134277344,16.945499420166016
AT,AKC,urban,2023-01-23T09:00:00,3,14.826000213623047,20.232982635498047,16.196500778198242
AT,AKC,urban,2023-01-23T10:00:00,3,14.329500198364258,17.380687713623047,13.826499938964844
AT,AKC,urban,2023-01-23T11:00:00,3,13.100500106811523,17.54367446899414,14.635000228881836
AT,AKC,urban,2023-01-23T12:00:00,3,12.393500328063965,16.91758918762207,14.826000213623047
AT,AKC,urban,2023-01-23T13:00:00,3,13.33899974822998,15.617582321166992,14.329500198364258
AT,AKC,urban,2023-01-23T14:00:00,3,14.482500076293945,14.509867668151855,13.100500106811523
AT,AKC,urban,2023-01-23T15:00:00,3,15.541500091552734,13.168200492858887,12.393500328063965
AT,AKC,urban,2023-01-23T16:00:00,3,16.667499542236328,13.575371742248535,13.33899974822998
AT,AKC,urban,2023-01-23T17:00:00,3,16.899499893188477,13.973350524902344,14.482500076293945
AT,AKC,urban,2023-01-23T18:00:00,3,16.139999389648438,14.92796516418457,15.541500091552734
AT,AKC,urban,2023-01-23T19:00:00,3,15.756500244140625,15.971997261047363,16.667499542236328
AT,AKC,urban,2023-01-23T20:00:00,3,15.342499732971191,16.040075302124023,16.899499893188477
AT,AKC,urban,2023-01-23T21:00:00,3,15.270000457763672,15.224384307861328,16.139999389648438
AT,AKC,urban,2023-01-23T22:00:00,3,14.825499534606934,14.66682243347168,15.756500244140625
AT,AKC,urban,2023-01-23T23:00:00,3,14.407999992370605,14.197122573852539,15.342499732971191
AT,AKC,urban,2023-01-24T00:00:00,3,14.312999725341797,14.091209411621094,15.270000457763672
AT,AKC,urban,2023-01-24T01:00:00,3,15.458499908447266,14.06650447845459,14.825499534606934
AT,AKC,urban,2023-01-24T02:00:00,3,16.63800048828125,14.417309761047363,14.407999992370605
AT,AKC,urban,2023-01-24T03:00:00,3,18.18000030517578,15.167215347290039,14.312999725341797
AT,AKC,urban,2023-01-24T04:00:00,3,18.922000885009766,16.756229400634766,15.458499908447266
AT,AKC,urban,2023-01-24T05:00:00,3,19.422000885009766,18.390621185302734,16.63800048828125
AT,AKC,urban,2023-01-24T06:00:00,3,19.809499740600586,20.355453491210938,18.18000030517578
AT,AKC,urban,2023-01-24T07:00:00,3,18.503999710083008,20.929786682128906,18.922000885009766
AT,AKC,urban,2023-01-24T08:00:00,3,17.816499710083008,21.49665641784668,19.422000885009766
AT,AKC,urban,2023-01-24T09:00:00,3,16.89900016784668,21.691600799560547,19.809499740600586
AT,AKC,urban,2023-01-24T10:00:00,3,15.65999984741211,20.445972442626953,18.503999710083008
AT,AKC,urban,2023-01-24T11:00:00,3,15.105999946594238,19.577285766601562,17.816499710083008
AT,AKC,urban,2023-01-24T12:00:00,3,14.409000396728516,18.734682083129883,16.89900016784668
AT,AKC,urban,2023-01-24T13:00:00,3,13.655500411987305,17.596179962158203,15.65999984741211
AT,AKC,urban,2023-01-24T14:00:00,3,14.178999900817871,17.101226806640625,15.105999946594238
AT,AKC,urban,2023-01-24T15:00:00,3,14.550999641418457,16.24932861328125,14.409000396728516
AT,AKC,urban,2023-01-24T16:00:00,3,14.059499740600586,15.006715774536133,13.655500411987305
AT,AKC,urban,2023-01-24T17:00:00,3,13.80150032043457,15.00777816772461,14.178999900817871
AT,AKC,urban,2023-01-24T18:00:00,3,14.06149959564209,15.06006908416748,14.550999641418457
AT,AKC,urban,2023-01-24T19:00:00,3,14.177499771118164,14.41462516784668,14.059499740600586
AT,AKC,urban,2023-01-24T20:00:00,3,12.90250015258789,14.166342735290527,13.80150032043457
AT,AKC,urban,2023-01-24T21:00:00,3,12.217499732971191,14.446053504943848,14.06149959564209
AT,AKC,urban,2023-01-24T22:00:00,3,12.293999671936035,14.672680854797363,14.177499771118164
AT,AKC,urban,2023-01-24T23:00:00,3,12.942999839782715,13.56075382232666,12.90250015258789
AT,AKC,urban,2023-01-25T00:00:00,3,13.37600040435791,13.069445610046387,12.217499732971191
AT,AKC,urban,2023-01-25T01:00:00,3,14.927499771118164,13.38674259185791,12.293999671936035
AT,AKC,urban,2023-01-25T02:00:00,3,15.5600004196167,14.37645149230957,12.942999839782715
AT,AKC,urban,2023-01-25T03:00:00,3,14.376500129699707,15.362096786499023,13.37600040435791
AT,AKC,urban,2023-01-25T04:00:00,3,15.28499984741211,17.50956916809082,14.927499771118164
AT,AKC,urban,2023-01-25T05:00:00,3,14.619500160217285,18.79355812072754,15.5600004196167
AT,AKC,urban,2023-01-25T06:00:00,3,12.79699993133545,18.27924919128418,14.376500129699707
AT,AKC,urban,2023-01-25T07:00:00,3,12.307000160217285,18.964569091796875,15.28499984741211
AT,AKC,urban,2023-01-25T08:00:00,3,14.079999923706055,18.472816467285156,14.619500160217285
AT,AKC,urban,2023-01-25T09:00:00,3,14.42650032043457,16.073471069335938,12.79699993133545
AT,AKC,urban,2023-01-25T10:00:00,3,15.243000030517578,15.258684158325195,12.307000160217285
AT,AKC,urban,2023-01-25T11:00:00,3,15.387499809265137,16.427143096923828,14.079999923706055
AT,AKC,urban,2023-01-25T12:00:00,3,16.168500900268555,16.400985717773438,14.42650032043457
AT,AKC,urban,2023-01-25T13:00:00,3,16.73699951171875,17.23750877380371,15.243000030517578
AT,AKC,urban,2023-01-25T14:00:00,3,18.03849983215332,17.204998016357422,15.387499809265137
AT,AKC,urban,2023-01-25T15:00:00,3,18.871999740600586,18.03541374206543,16.168500900268555
AT,AKC,urban,2023-01-25T16:00:00,3,21.33300018310547,18.350269317626953,16.73699951171875
AT,AKC,urban,2023-01-25T17:00:00,3,22.148000717163086,19.34933853149414,18.03849983215332
AT,AKC,urban,2023-01-25T18:00:00,3,21.674999237060547,19.803876876831055,18.871999740600586
AT,AKC,urban,2023-01-25T19:00:00,3,15.071499824523926,21.71367073059082,21.33300018310547
AT,AKC,urban,2023-01-25T20:00:00,3,11.10200023651123,21.983671188354492,22.148000717163086
AT,AKC,urban,2023-01-25T21:00:00,3,8.55780029296875,21.143272399902344,21.674999237060547
AT,AKC,urban,2023-01-25T22:00:00,3,8.744298934936523,14.646011352539062,15.071499824523926
AT,AKC,urban,2023-01-25T23:00:00,3,9.375900268554688,11.468466758728027,11.10200023651123
AT,AKC,urban,2023-01-26T00:00:00,3,10.478500366210938,9.589520454406738,8.55780029296875
AT,AKC,urban,2023-01-26T01:00:00,3,11.017499923706055,10.402284622192383,8.744298934936523
AT,AKC,urban,2023-01-26T02:00:00,3,12.320500373840332,11.669193267822266,9.375900268554688
AT,AKC,urban,2023-01-26T03:00:00,3,13.706000328063965,13.496952056884766,10.478500366210938
AT,AKC,urban,2023-01-26T04:00:00,3,14.710000038146973,14.267585754394531,11.017499923706055
AT,AKC,urban,2023-01-26T05:00:00,3,17.17799949645996,15.602713584899902,12.320500373840332
AT,AKC,urban,2023-01-26T06:00:00,3,17.85849952697754,17.046415328979492,13.706000328063965
AT,AKC,urban,2023-01-26T07:00:00,3,18.074499130249023,17.758071899414062,14.710000038146973
AT,AKC,urban,2023-01-26T08:00:00,3,18.06999969482422,20.31362533569336,17.17799949645996
AT,AKC,urban,2023-01-26T09:00:00,3,21.320999145507812,20.285743713378906,17.85849952697754
AT,AKC,urban,2023-01-26T10:00:00,3,21.309999465942383,20.344375610351562,18.074499130249023
AT,AKC,urban,2023-01-26T11:00:00,3,20.363000869750977,19.897594451904297,18.06999969482422
AT,AKC,urban,2023-01-26T12:00:00,3,17.691499710083008,22.983518600463867,21.320999145507812
AT,AKC,urban,2023-01-26T13:00:00,3,15.5,22.398681640625,21.309999465942383
AT,AKC,urban,2023-01-26T14:00:00,3,15.91100025177002,21.772029876708984,20.363000869750977
AT,AKC,urban,2023-01-26T15:00:00,3,15.899499893188477,19.18706512451172,17.691499710083008
AT,AKC,urban,2023-01-26T16:00:00,3,12.842499732971191,17.534791946411133,15.5
AT,AKC,urban,2023-01-26T17:00:00,3,10.991999626159668,17.99376106262207,15.91100025177002
AT,AKC,urban,2023-01-26T18:00:00,3,11.910499572753906,16.76220703125,15.899499893188477
AT,AKC,urban,2023-01-26T19:00:00,3,12.105999946594238,13.287399291992188,12.842499732971191
AT,AKC,urban,2023-01-26T20:00:00,3,11.654500007629395,10.577710151672363,10.991999626159668
AT,AKC,urban,2023-01-26T21:00:00,3,8.707148551940918,11.19861888885498,11.910499572753906
AT,AKC,urban,2023-01-26T22:00:00,3,7.909399032592773,11.327442169189453,12.105999946594238
AT,AKC,urban,2023-01-26T23:00:00,3,11.458499908447266,10.948920249938965,11.654500007629395
AT,AKC,urban,2023-01-27T00:00:00,3,12.041000366210938,8.381376266479492,8.707148551940918
AT,AKC,urban,2023-01-27T01:00:00,3,11.445500373840332,8.090059280395508,7.909399032592773
AT,AKC,urban,2023-01-27T02:00:00,3,10.770500183105469,11.870898246765137,11.458499908447266
AT,AKC,urban,2023-01-27T03:00:00,3,11.952500343322754,12.631078720092773,12.041000366210938
AT,AKC,urban,2023-01-27T04:00:00,3,13.117500305175781,12.27669906616211,11.445500373840332
AT,AKC,urban,2023-01-27T05:00:00,3,14.125,12.08468246459961,10.770500183105469
AT,AKC,urban,2023-01-27T06:00:00,3,16.357999801635742,13.212292671203613,11.952500343322754
AT,AKC,urban,2023-01-27T07:00:00,3,17.777000427246094,14.235066413879395,13.117500305175781
AT,AKC,urban,2023-01-27T08:00:00,3,18.683000564575195,14.834493637084961,14.125
AT,AKC,urban,2023-01-27T09:00:00,3,18.893999099731445,16.9773006439209,16.357999801635742
AT,AKC,urban,2023-01-27T10:00:00,3,19.486499786376953,17.594858169555664,17.777000427246094
AT,AKC,urban,2023-01-27T11:00:00,3,22.04400062561035,17.698617935180664,18.683000564575195
AT,AKC,urban,2023-01-27T12:00:00,3,23.82349967956543,17.33649253845215,18.893999099731445
AT,AKC,urban,2023-01-27T13:00:00,3,23.280000686645508,17.000110626220703,19.486499786376953
AT,AKC,urban,2023-01-27T14:00:00,3,20.06100082397461,18.472932815551758,22.04400062561035
AT,AKC,urban,2023-01-27T15:00:00,3,19.993000030517578,20.115867614746094,23.82349967956543
AT,AKC,urban,2023-01-27T16:00:00,3,19.559999465942383,20.443462371826172,23.280000686645508
AT,AKC,urban,2023-01-27T17:00:00,3,19.825000762939453,17.821983337402344,20.06100082397461
AT,AKC,urban,2023-01-27T18:00:00,3,19.64150047302246,18.3909912109375,19.993000030517578
AT,AKC,urban,2023-01-27T19:00:00,3,19.10449981689453,18.56475067138672,19.559999465942383
AT,AKC,urban,2023-01-27T20:00:00,3,18.39150047302246,19.262609481811523,19.825000762939453
AT,AKC,urban,2023-01-27T21:00:00,3,18.039499282836914,19.212894439697266,19.64150047302246
AT,AKC,urban,2023-01-27T22:00:00,3,19.916000366210938,18.738853454589844,19.10449981689453
AT,AKC,urban,2023-01-27T23:00:00,3,20.22949981689453,18.111534118652344,18.39150047302246
AT,AKC,urban,2023-01-28T00:00:00,3,20.27549934387207,17.492847442626953,18.039499282836914
AT,AKC,urban,2023-01-28T01:00:00,3,20.94849967956543,19.00323486328125,19.916000366210938
AT,AKC,urban,2023-01-28T02:00:00,3,19.479999542236328,18.56595230102539,20.22949981689453
AT,AKC,urban,2023-01-28T03:00:00,3,18.477500915527344,18.261035919189453,20.27549934387207
AT,AKC,urban,2023-01-28T04:00:00,3,19.71150016784668,18.436805725097656,20.94849967956543
AT,AKC,urban,2023-01-28T05:00:00,3,19.28849983215332,16.653705596923828,19.479999542236328
AT,AKC,urban,2023-01-28T06:00:00,3,18.454500198364258,16.063398361206055,18.477500915527344
AT,AKC,urban,2023-01-28T07:00:00,3,17.960500717163086,17.68454360961914,19.71150016784668
AT,AKC,urban,2023-01-28T08:00:00,3,19.649999618530273,17.689064025878906,19.28849983215332
AT,AKC,urban,2023-01-28T09:00:00,3,18.230499267578125,17.267393112182617,18.454500198364258
AT,AKC,urban,2023-01-28T10:00:00,3,18.260499954223633,17.02389144897461,17.960500717163086
AT,AKC,urban,2023-01-28T11:00:00,3,17.694499969482422,18.222759246826172,19.649999618530273
AT,AKC,urban,2023-01-28T12:00:00,3,17.673999786376953,16.94937515258789,18.230499267578125
AT,AKC,urban,2023-01-28T13:00:00,3,16.886499404907227,16.466447830200195,18.260499954223633
AT,AKC,urban,2023-01-28T14:00:00,3,16.430999755859375,15.607796669006348,17.694499969482422
AT,AKC,urban,2023-01-28T15:00:00,3,13.111499786376953,15.627164840698242,17.673999786376953
AT,AKC,urban,2023-01-28T16:00:00,3,12.2524995803833,14.762810707092285,16.886499404907227
AT,AKC,urban,2023-01-28T17:00:00,3,11.927000045776367,14.96380615234375,16.430999755859375
AT,AKC,urban,2023-01-28T18:00:00,3,10.82349967956543,11.828944206237793,13.111499786376953
AT,AKC,urban,2023-01-28T19:00:00,3,10.206500053405762,11.447105407714844,12.2524995803833
AT,AKC,urban,2023-01-28T20:00:00,3,9.994099617004395,11.428030967712402,11.927000045776367
AT,AKC,urban,2023-01-28T21:00:00,3,9.81760025024414,10.674391746520996,10.82349967956543
AT,AKC,urban,2023-01-28T22:00:00,3,9.392450332641602,10.318437576293945,10.206500053405762
AT,AKC,urban,2023-01-28T23:00:00,3,9.09169864654541,10.075214385986328,9.994099617004395
AT,AKC,urban,2023-01-29T00:00:00,3,9.61365032196045,10.077520370483398,9.81760025024414
AT,AKC,urban,2023-01-29T01:00:00,3,9.674798965454102,9.679757118225098,9.392450332641602
AT,AKC,urban,2023-01-29T02:00:00,3,9.11664867401123,9.669371604919434,9.09169864654541
AT,AKC,urban,2023-01-29T03:00:00,3,10.1274995803833,10.336673736572266,9.61365032196045
AT,AKC,urban,2023-01-29T04:00:00,3,10.729999542236328,10.594985008239746,9.674798965454102
AT,AKC,urban,2023-01-29T05:00:00,3,11.965999603271484,9.98808479309082,9.11664867401123
AT,AKC,urban,2023-01-29T06:00:00,3,13.456999778747559,10.788429260253906,10.1274995803833
AT,AKC,urban,2023-01-29T07:00:00,3,14.974499702453613,11.034170150756836,10.729999542236328
AT,AKC,urban,2023-01-29T08:00:00,3,15.193499565124512,12.073293685913086,11.965999603271484
AT,AKC,urban,2023-01-29T09:00:00,3,15.491499900817871,13.293878555297852,13.456999778747559
AT,AKC,urban,2023-01-29T10:00:00,3,15.394499778747559,14.282129287719727,14.974499702453613
AT,AKC,urban,2023-01-29T11:00:00,3,15.043000221252441,14.457977294921875,15.193499565124512
AT,AKC,urban,2023-01-29T12:00:00,3,15.753499984741211,15.027058601379395,15.491499900817871
AT,AKC,urban,2023-01-29T13:00:00,3,15.345499992370605,14.947408676147461,15.394499778747559
AT,AKC,urban,2023-01-29T14:00:00,3,14.710000038146973,14.447434425354004,15.043000221252441
AT,AKC,urban,2023-01-29T15:00:00,3,13.84850025177002,15.624467849731445,15.753499984741211
AT,AKC,urban,2023-01-29T16:00:00,3,13.102999687194824,15.438587188720703,15.345499992370605
AT,AKC,urban,2023-01-29T17:00:00,3,13.626500129699707,15.043183326721191,14.710000038146973
AT,AKC,urban,2023-01-29T18:00:00,3,15.261500358581543,13.971942901611328,13.84850025177002
AT,AKC,urban,2023-01-29T19:00:00,3,16.612499237060547,13.255152702331543,13.102999687194824
AT,AKC,urban,2023-01-29T20:00:00,3,17.303499221801758,13.713001251220703,13.626500129699707
AT,AKC,urban,2023-01-29T21:00:00,3,17.862499237060547,14.967863082885742,15.261500358581543
AT,AKC,urban,2023-01-29T22:00:00,3,18.243499755859375,15.916606903076172,16.612499237060547
AT,AKC,urban,2023-01-29T23:00:00,3,17.73150062561035,16.278615951538086,17.303499221801758
AT,AKC,urban,2023-01-30T00:00:00,3,16.252500534057617,17.0828914642334,17.862499237060547
AT,AKC,urban,2023-01-30T01:00:00,3,16.739500045776367,17.659961700439453,18.243499755859375
AT,AKC,urban,2023-01-30T02:00:00,3,17.975500106811523,17.160762786865234,17.73150062561035
AT,AKC,urban,2023-01-30T03:00:00,3,17.3439998626709,16.08306884765625,16.252500534057617
AT,AKC,urban,2023-01-30T04:00:00,3,15.77400016784668,16.143922805786133,16.739500045776367
AT,AKC,urban,2023-01-30T05:00:00,3,15.158499717712402,15.657544136047363,17.975500106811523
AT,AKC,urban,2023-01-30T06:00:00,3,12.64799976348877,13.528010368347168,17.3439998626709
AT,AKC,urban,2023-01-30T07:00:00,3,8.524700164794922,12.443099975585938,15.77400016784668
AT,AKC,urban,2023-01-30T08:00:00,3,7.522348880767822,11.628284454345703,15.158499717712402
AT,AKC,urban,2023-01-30T09:00:00,3,7.598750114440918,9.867467880249023,12.64799976348877
AT,AKC,urban,2023-01-30T10:00:00,3,7.876150131225586,7.0797858238220215,8.524700164794922
AT,AKC,urban,2023-01-30T11:00:00,3,6.900750160217285,6.317615509033203,7.522348880767822
AT,AKC,urban,2023-01-30T12:00:00,3,7.398149013519287,6.728801250457764,7.598750114440918
AT,AKC,urban,2023-01-30T13:00:00,3,7.781700134277344,6.978152751922607,7.876150131225586
AT,AKC,urban,2023-01-30T14:00:00,3,6.494100093841553,6.146792411804199,6.900750160217285
AT,AKC,urban,2023-01-30T15:00:00,3,7.267300128936768,6.612782955169678,7.398149013519287
AT,AKC,urban,2023-01-30T16:00:00,3,7.3681488037109375,6.936654090881348,7.781700134277344
AT,AKC,urban,2023-01-30T17:00:00,3,6.660599231719971,5.79041862487793,6.494100093841553
AT,AKC,urban,2023-01-30T18:00:00,3,6.813448905944824,6.689389228820801,7.267300128936768
AT,AKC,urban,2023-01-30T19:00:00,3,5.239449977874756,6.794649124145508,7.3681488037109375
AT,AKC,urban,2023-01-30T20:00:00,3,4.372300148010254,6.1387176513671875,6.660599231719971
AT,AKC,urban,2023-01-30T21:00:00,3,3.857100486755371,6.31683349609375,6.813448905944824
AT,AKC,urban,2023-01-30T22:00:00,3,4.869598865509033,4.713052749633789,5.239449977874756
AT,AKC,urban,2023-01-30T23:00:00,3,5.097700119018555,4.113275051116943,4.372300148010254
AT,AKC,urban,2023-01-31T00:00:00,3,4.694349765777588,3.8701953887939453,3.857100486755371
AT,AKC,urban,2023-01-31T01:00:00,3,3.82504940032959,5.179505348205566,4.869598865509033
AT,AKC,urban,2023-01-31T02:00:00,3,3.4832000732421875,5.693352222442627,5.097700119018555
AT,AKC,urban,2023-01-31T03:00:00,3,3.4256486892700195,5.672488212585449,4.694349765777588
AT,AKC,urban,2023-01-31T04:00:00,3,4.0567498207092285,4.8232197761535645,3.82504940032959
AT,AKC,urban,2023-01-31T05:00:00,3,3.145199775695801,4.226001739501953,3.4832000732421875
AT,AKC,urban,2023-01-31T06:00:00,3,6.6336989402771,4.133780479431152,3.4256486892700195
AT,AKC,urban,2023-01-31T07:00:00,3,5.9870991706848145,4.644820213317871,4.0567498207092285
AT,AKC,urban,2023-01-31T08:00:00,3,5.393400192260742,3.876789093017578,3.145199775695801
AT,AKC,urban,2023-01-31T09:00:00,3,6.60575008392334,6.93624210357666,6.6336989402771
AT,AKC,urban,2023-01-31T10:00:00,3,6.427849292755127,6.035398006439209,5.9870991706848145
AT,AKC,urban,2023-01-31T11:00:00,3,5.623848915100098,5.579154014587402,5.393400192260742
AT,AKC,urban,2023-01-31T12:00:00,3,5.517098903656006,6.644681453704834,6.60575008392334
AT,AKC,urban,2023-01-31T13:00:00,3,6.537749767303467,6.573933124542236,6.427849292755127
AT,AKC,urban,2023-01-31T14:00:00,3,5.908298969268799,5.861337184906006,5.623848915100098
AT,AKC,urban,2023-01-31T15:00:00,3,5.529699802398682,6.065149307250977,5.517098903656006
AT,AKC,urban,2023-01-31T16:00:00,3,6.107900142669678,6.95120096206665,6.537749767303467
AT,AKC,urban,2023-01-31T17:00:00,3,5.979148864746094,6.166947364807129,5.908298969268799
AT,AKC,urban,2023-01-31T18:00:00,3,6.318048477172852,5.608710765838623,5.529699802398682
AT,AKC,urban,2023-01-31T19:00:00,3,5.447948932647705,5.868747711181641,6.107900142669678
AT,AKC,urban,2023-01-31T20:00:00,3,4.269149303436279,5.398580074310303,5.979148864746094
AT,AKC,urban,2023-01-31T21:00:00,3,3.3986988067626953,5.449711799621582,6.318048477172852
AT,AKC,urban,2023-01-31T22:00:00,3,3.8690500259399414,4.5388503074646,5.447948932647705
AT,AKC,urban,2023-01-31T23:00:00,3,3.9344005584716797,3.586669921875,4.269149303436279
AT,AKC,urban,2023-02-01T00:00:00,3,3.959599018096924,3.2603416442871094,3.3986988067626953
AT,AKC,urban,2023-02-01T01:00:00,3,5.4039998054504395,4.024678707122803,3.8690500259399414
AT,AKC,urban,2023-02-01T02:00:00,3,5.413400173187256,4.2503132820129395,3.9344005584716797
AT,AKC,urban,2023-02-01T03:00:00,3,5.860050201416016,4.497330665588379,3.959599018096924
AT,AKC,urban,2023-02-01T04:00:00,3,5.532449245452881,5.800586700439453,5.4039998054504395
AT,AKC,urban,2023-02-01T05:00:00,3,6.069648742675781,5.62314510345459,5.413400173187256
AT,AKC,urban,2023-02-01T06:00:00,3,6.259850025177002,5.953029632568359,5.860050201416016
AT,AKC,urban,2023-02-01T07:00:00,3,4.489998817443848,5.110087871551514,5.532449245452881
AT,AKC,urban,2023-02-01T08:00:00,3,4.410449028015137,5.654000282287598,6.069648742675781
AT,AKC,urban,2023-02-01T09:00:00,3,3.821000099182129,5.765775203704834,6.259850025177002
AT,AKC,urban,2023-02-01T10:00:00,3,3.308699607849121,4.448100566864014,4.489998817443848
AT,AKC,urban,2023-02-01T11:00:00,3,2.357699394226074,4.578490734100342,4.410449028015137
AT,AKC,urban,2023-02-01T12:00:00,3,2.7374000549316406,4.251553058624268,3.821000099182129
AT,AKC,urban,2023-02-01T13:00:00,3,3.7672500610351562,3.6943674087524414,3.308699607849121
AT,AKC,urban,2023-02-01T14:00:00,3,5.509449005126953,3.191920280456543,2.357699394226074
AT,AKC,urban,2023-02-01T15:00:00,3,5.908100128173828,3.5922164916992188,2.7374000549316406
AT,AKC,urban,2023-02-01T16:00:00,3,5.9483489990234375,4.6109209060668945,3.7672500610351562
AT,AKC,urban,2023-02-01T17:00:00,3,5.094649791717529,5.767638683319092,5.509449005126953
AT,AKC,urban,2023-02-01T18:00:00,3,4.758450031280518,5.3920578956604,5.908100128173828
AT,AKC,urban,2023-02-01T19:00:00,3,4.328999042510986,5.342101097106934,5.9483489990234375
AT,AKC,urban,2023-02-01T20:00:00,3,2.8022985458374023,4.404419422149658,5.094649791717529
AT,AKC,urban,2023-02-01T21:00:00,3,0.8559389114379883,4.042097568511963,4.758450031280518
AT,AKC,urban,2023-02-01T22:00:00,3,0.8373489379882812,3.781169891357422,4.328999042510986
AT,AKC,urban,2023-02-01T23:00:00,3,0.7169151306152344,2.594280242919922,2.8022985458374023
AT,AKC,urban,2023-02-02T00:00:00,3,1.1044750213623047,1.1174983978271484,0.8559389114379883
AT,AKC,urban,2023-02-02T01:00:00,3,1.5342988967895508,1.2786941528320312,0.8373489379882812
AT,AKC,urban,2023-02-02T02:00:00,3,1.8358488082885742,1.3718128204345703,0.7169151306152344
AT,AKC,urban,2023-02-02T03:00:00,3,2.231149673461914,2.27935791015625,1.1044750213623047
AT,AKC,urban,2023-02-02T04:00:00,3,2.5416488647460938,3.0322093963623047,1.5342988967895508
AT,AKC,urban,2023-02-02T05:00:00,3,3.2834997177124023,3.3702993392944336,1.8358488082885742
AT,AKC,urban,2023-02-02T06:00:00,3,3.3166990280151367,3.344205856323242,2.231149673461914
AT,AKC,urban,2023-02-02T07:00:00,3,3.359898567199707,3.2672386169433594,2.5416488647460938
AT,AKC,urban,2023-02-02T08:00:00,3,3.6023502349853516,3.543924331665039,3.2834997177124023
AT,AKC,urban,2023-02-02T09:00:00,3,4.09584903717041,3.4239330291748047,3.3166990280151367
AT,AKC,urban,2023-02-02T10:00:00,3,4.245698928833008,3.427064895629883,3.359898567199707
AT,AKC,urban,2023-02-02T11:00:00,3,3.4053497314453125,3.7425308227539062,3.6023502349853516
AT,AKC,urban,2023-02-02T12:00:00,3,2.8306503295898438,4.3293352127075195,4.09584903717041
AT,AKC,urban,2023-02-02T13:00:00,3,2.9640989303588867,4.744449615478516,4.245698928833008
AT,AKC,urban,2023-02-02T14:00:00,3,3.5913000106811523,4.276787757873535,3.4053497314453125
AT,AKC,urban,2023-02-02T15:00:00,3,3.7760000228881836,3.658529281616211,2.8306503295898438
AT,AKC,urban,2023-02-02T16:00:00,3,3.9847989082336426,3.6184253692626953,2.9640989303588867
AT,AKC,urban,2023-02-02T17:00:00,3,4.55210018157959,3.8759660720825195,3.5913000106811523
AT,AKC,urban,2023-02-02T18:00:00,3,5.09014892578125,3.895106792449951,3.7760000228881836
AT,AKC,urban,2023-02-02T19:00:00,3,5.374050140380859,3.973839282989502,3.9847989082336426
AT,AKC,urban,2023-02-02T20:00:00,3,5.53095006942749,4.462823390960693,4.55210018157959
AT,AKC,urban,2023-02-02T21:00:00,3,5.984299182891846,4.961287498474121,5.09014892578125
AT,AKC,urban,2023-02-02T22:00:00,3,5.821100234985352,5.246465682983398,5.374050140380859
AT,AKC,urban,2023-02-02T23:00:00,3,3.359699249267578,5.491800308227539,5.53095006942749
AT,AKC,urban,2023-02-03T00:00:00,3,1.3440980911254883,6.129541397094727,5.984299182891846
AT,AKC,urban,2023-02-03T01:00:00,3,0.9191293716430664,6.171146869659424,5.821100234985352
AT,AKC,urban,2023-02-03T02:00:00,3,1.3431501388549805,4.1435441970825195,3.359699249267578
AT,AKC,urban,2023-02-03T03:00:00,3,1.6316003799438477,2.899770736694336,1.3440980911254883
AT,AKC,urban,2023-02-03T04:00:00,3,1.8598499298095703,2.446138381958008,0.9191293716430664
AT,AKC,urban,2023-02-03T05:00:00,3,2.4443492889404297,2.611128807067871,1.3431501388549805
AT,AKC,urban,2023-02-03T06:00:00,3,2.9103498458862305,2.353984832763672,1.6316003799438477
AT,AKC,urban,2023-02-03T07:00:00,3,2.389749526977539,2.2606334686279297,1.8598499298095703
AT,AKC,urban,2023-02-03T08:00:00,3,2.3077001571655273,2.6840524673461914,2.4443492889404297
AT,AKC,urban,2023-02-03T09:00:00,3,2.2791500091552734,3.1573781967163086,2.9103498458862305
AT,AKC,urban,2023-02-03T10:00:00,3,2.099750518798828,2.7389659881591797,2.389749526977539
AT,AKC,urban,2023-02-03T11:00:00,3,2.40524959564209,2.8222875595092773,2.3077001571655273
AT,AKC,urban,2023-02-03T12:00:00,3,2.466000556945801,2.7973642349243164,2.2791500091552734
AT,AKC,urban,2023-02-03T13:00:00,3,2.318099021911621,2.6469173431396484,2.099750518798828
AT,AKC,urban,2023-02-03T14:00:00,3,2.663649559020996,2.9436264038085938,2.40524959564209
AT,AKC,urban,2023-02-03T15:00:00,3,2.1048498153686523,2.982196807861328,2.466000556945801
AT,AKC,urban,2023-02-03T16:00:00,3,1.5558500289916992,2.791088104248047,2.318099021911621
AT,AKC,urban,2023-02-03T17:00:00,3,2.4437990188598633,3.104891777038574,2.663649559020996
AT,AKC,urban,2023-02-03T18:00:00,3,3.48075008392334,2.4924192428588867,2.1048498153686523
AT,AKC,urban,2023-02-03T19:00:00,3,3.2541494369506836,1.9943170547485352,1.5558500289916992
AT,AKC,urban,2023-02-03T20:00:00,3,3.4972000122070312,2.9115753173828125,2.4437990188598633
AT,AKC,urban,2023-02-03T21:00:00,3,3.497950553894043,3.8377609252929688,3.48075008392334
AT,AKC,urban,2023-02-03T22:00:00,3,3.151498794555664,3.565969467163086,3.2541494369506836
AT,AKC,urban,2023-02-03T23:00:00,3,2.767749786376953,3.700930595397949,3.4972000122070312
AT,AKC,urban,2023-02-04T00:00:00,3,2.236199378967285,3.7427139282226562,3.497950553894043
AT,AKC,urban,2023-02-04T01:00:00,3,1.3965997695922852,3.4482173919677734,3.151498794555664
AT,AKC,urban,2023-02-04T02:00:00,3,1.7865991592407227,3.0953636169433594,2.767749786376953
AT,AKC,urban,2023-02-04T03:00:00,3,3.0437498092651367,2.5958166122436523,2.236199378967285
AT,AKC,urban,2023-02-04T04:00:00,3,3.7576990127563477,1.7970542907714844,1.3965997695922852
AT,AKC,urban,2023-02-04T05:00:00,3,2.910048484802246,2.14505672454834,1.7865991592407227
AT,AKC,urban,2023-02-04T06:00:00,3,2.585799217224121,3.422572135925293,3.0437498092651367
AT,AKC,urban,2023-02-04T07:00:00,3,3.116349220275879,4.026314735412598,3.7576990127563477
AT,AKC,urban,2023-02-04T08:00:00,3,2.992049217224121,3.2652101516723633,2.910048484802246
AT,AKC,urban,2023-02-04T09:00:00,3,2.907750129699707,3.055307388305664,2.585799217224121
AT,AKC,urban,2023-02-04T10:00:00,3,3.0105504989624023,3.5917491912841797,3.116349220275879
AT,AKC,urban,2023-02-04T11:00:00,3,2.8917503356933594,3.4695510864257812,2.992049217224121
AT,AKC,urban,2023-02-04T12:00:00,3,3.2321996688842773,3.3609743118286133,2.907750129699707
AT,AKC,urban,2023-02-04T13:00:00,3,3.1543989181518555,3.5548524856567383,3.0105504989624023
AT,AKC,urban,2023-02-04T14:00:00,3,2.9232988357543945,3.5424137115478516,2.8917503356933594
AT,AKC,urban,2023-02-04T15:00:00,3,3.3826990127563477,4.0892438888549805,3.2321996688842773
AT,AKC,urban,2023-02-04T16:00:00,3,3.8972997665405273,4.016542434692383,3.1543989181518555
AT,AKC,urban,2023-02-04T17:00:00,3,4.3960490226745605,3.744844436645508,2.9232988357543945
AT,AKC,urban,2023-02-04T18:00:00,3,3.706099510192871,4.108475208282471,3.3826990127563477
AT,AKC,urban,2023-02-04T19:00:00,3,3.945749282836914,4.54609489440918,3.8972997665405273
AT,AKC,urban,2023-02-04T20:00:00,3,3.597148895263672,5.000254154205322,4.3960490226745605
AT,AKC,urban,2023-02-04T21:00:00,3,3.6669492721557617,4.2443108558654785,3.706099510192871
AT,AKC,urban,2023-02-04T22:00:00,3,3.6184988021850586,4.476358890533447,3.945749282836914
AT,AKC,urban,2023-02-04T23:00:00,3,3.3201990127563477,4.109143257141113,3.597148895263672
AT,AKC,urban,2023-02-05T00:00:00,3,3.42404842376709,4.198987007141113,3.6669492721557617
AT,AKC,urban,2023-02-05T01:00:00,3,3.13385009765625,4.1699066162109375,3.6184988021850586
AT,AKC,urban,2023-02-05T02:00:00,3,3.2291994094848633,3.9287543296813965,3.3201990127563477
AT,AKC,urban,2023-02-05T03:00:00,3,3.0807485580444336,4.059335708618164,3.42404842376709
AT,AKC,urban,2023-02-05T04:00:00,3,3.1222000122070312,3.7565174102783203,3.13385009765625
AT,AKC,urban,2023-02-05T05:00:00,3,3.6086997985839844,3.790452003479004,3.2291994094848633
AT,AKC,urban,2023-02-05T06:00:00,3,3.8921990394592285,3.473456382751465,3.0807485580444336
AT,AKC,urban,2023-02-05T07:00:00,3,3.970798969268799,3.390721321105957,3.1222000122070312
AT,AKC,urban,2023-02-05T08:00:00,3,3.6262502670288086,3.7942676544189453,3.6086997985839844
AT,AKC,urban,2023-02-05T09:00:00,3,3.7234487533569336,4.071238994598389,3.8921990394592285
AT,AKC,urban,2023-02-05T10:00:00,3,4.885149002075195,4.237031936645508,3.970798969268799
AT,AKC,urban,2023-02-05T11:00:00,3,6.138548851013184,4.095752716064453,3.6262502670288086
AT,AKC,urban,2023-02-05T12:00:00,3,6.50985050201416,4.445523262023926,3.7234487533569336
AT,AKC,urban,2023-02-05T13:00:00,3,8.239250183105469,5.929766654968262,4.885149002075195
AT,AKC,urban,2023-02-05T14:00:00,3,9.924798965454102,7.505224704742432,6.138548851013184
AT,AKC,urban,2023-02-05T15:00:00,3,10.145999908447266,8.267450332641602,6.50985050201416
AT,AKC,urban,2023-02-05T16:00:00,3,10.728500366210938,10.129897117614746,8.239250183105469
AT,AKC,urban,2023-02-05T17:00:00,3,12.550000190734863,11.736313819885254,9.924798965454102
AT,AKC,urban,2023-02-05T18:00:00,3,11.904000282287598,11.460901260375977,10.145999908447266
AT,AKC,urban,2023-02-05T19:00:00,3,11.545000076293945,11.760555267333984,10.728500366210938
AT,AKC,urban,2023-02-05T20:00:00,3,10.816499710083008,13.149314880371094,12.550000190734863
AT,AKC,urban,2023-02-05T21:00:00,3,11.160499572753906,12.213628768920898,11.904000282287598
AT,AKC,urban,2023-02-05T22:00:00,3,11.81149959564209,11.693326950073242,11.545000076293945
AT,AKC,urban,2023-02-05T23:00:00,3,12.503499984741211,10.924306869506836,10.816499710083008
AT,AKC,urban,2023-02-06T00:00:00,3,12.640000343322754,11.44286060333252,11.160499572753906
AT,AKC,urban,2023-02-06T01:00:00,3,12.725500106811523,12.262961387634277,11.81149959564209
AT,AKC,urban,2023-02-06T02:00:00,3,13.755999565124512,13.246301651000977,12.503499984741211
AT,AKC,urban,2023-02-06T03:00:00,3,13.771499633789062,13.6854829788208,12.640000343322754
AT,AKC,urban,2023-02-06T04:00:00,3,14.704999923706055,14.06615924835205,12.725500106811523
AT,AKC,urban,2023-02-06T05:00:00,3,13.539999961853027,14.705913543701172,13.755999565124512
AT,AKC,urban,2023-02-06T06:00:00,3,13.069999694824219,14.311561584472656,13.771499633789062
AT,AKC,urban,2023-02-06T07:00:00,3,12.775500297546387,14.225997924804688,14.704999923706055
AT,AKC,urban,2023-02-06T08:00:00,3,13.704000473022461,12.67778205871582,13.539999961853027
AT,AKC,urban,2023-02-06T09:00:00,3,14.809000015258789,12.188201904296875,13.069999694824219
AT,AKC,urban,2023-02-06T10:00:00,3,15.034000396728516,12.126483917236328,12.775500297546387
AT,AKC,urban,2023-02-06T11:00:00,3,13.722999572753906,13.378029823303223,13.704000473022461
AT,AKC,urban,2023-02-06T12:00:00,3,15.489500045776367,14.921364784240723,14.809000015258789
AT,AKC,urban,2023-02-06T13:00:00,3,16.05500030517578,15.495738983154297,15.034000396728516
AT,AKC,urban,2023-02-06T14:00:00,3,16.887500762939453,14.61311149597168,13.722999572753906
AT,AKC,urban,2023-02-06T15:00:00,3,19.10099983215332,16.77337074279785,15.489500045776367
AT,AKC,urban,2023-02-06T16:00:00,3,21.26300048828125,17.196369171142578,16.05500030517578
AT,AKC,urban,2023-02-06T17:00:00,3,23.433500289916992,17.52475929260254,16.887500762939453
AT,AKC,urban,2023-02-06T18:00:00,3,24.625499725341797,19.229736328125,19.10099983215332
AT,AKC,urban,2023-02-06T19:00:00,3,23.826499938964844,20.87890625,21.26300048828125
AT,AKC,urban,2023-02-06T20:00:00,3,27.809499740600586,22.758914947509766,23.433500289916992
AT,AKC,urban,2023-02-06T21:00:00,3,30.84000015258789,23.83224105834961,24.625499725341797
AT,AKC,urban,2023-02-06T22:00:00,3,32.30550003051758,23.00960922241211,23.826499938964844
AT,AKC,urban,2023-02-06T23:00:00,3,33.438499450683594,26.737350463867188,27.809499740600586
AT,AKC,urban,2023-02-07T00:00:00,3,33.127498626708984,29.619705200195312,30.84000015258789
AT,AKC,urban,2023-02-07T01:00:00,3,32.14149856567383,30.90406036376953,32.30550003051758
AT,AKC,urban,2023-02-07T02:00:00,3,30.969497680664062,32.28831100463867,33.438499450683594
AT,AKC,urban,2023-02-07T03:00:00,3,31.697002410888672,32.67558288574219,33.127498626708984
AT,AKC,urban,2023-02-07T04:00:00,3,30.256000518798828,31.941761016845703,32.14149856567383
AT,AKC,urban,2023-02-07T05:00:00,3,27.99500274658203,30.918033599853516,30.969497680664062
AT,AKC,urban,2023-02-07T06:00:00,3,25.68549919128418,31.499778747558594,31.697002410888672
AT,AKC,urban,2023-02-07T07:00:00,3,23.466999053955078,28.64260482788086,30.256000518798828
AT,AKC,urban,2023-02-07T08:00:00,3,23.790000915527344,26.151628494262695,27.99500274658203
AT,AKC,urban,2023-02-07T09:00:00,3,22.079999923706055,23.41745376586914,25.68549919128418
AT,AKC,urban,2023-02-07T10:00:00,3,21.70400047302246,21.68511962890625,23.466999053955078
AT,AKC,urban,2023-02-07T11:00:00,3,22.079999923706055,21.84757423400879,23.790000915527344
AT,AKC,urban,2023-02-07T12:00:00,3,21.65999984741211,20.5429630279541,22.079999923706055
AT,AKC,urban,2023-02-07T13:00:00,3,23.490497589111328,20.6364803314209,21.70400047302246
AT,AKC,urban,2023-02-07T14:00:00,3,25.12350082397461,21.8514347076416,22.079999923706055
AT,AKC,urban,2023-02-07T15:00:00,3,24.10099983215332,22.30561065673828,21.65999984741211
AT,AKC,urban,2023-02-07T16:00:00,3,21.910499572753906,24.547536849975586,23.490497589111328
AT,AKC,urban,2023-02-07T17:00:00,3,19.250499725341797,25.76918601989746,25.12350082397461
AT,AKC,urban,2023-02-07T18:00:00,3,17.767000198364258,24.031444549560547,24.10099983215332
AT,AKC,urban,2023-02-07T19:00:00,3,18.143999099731445,21.756616592407227,21.910499572753906
AT,AKC,urban,2023-02-07T20:00:00,3,19.29450035095215,19.248035430908203,19.250499725341797
AT,AKC,urban,2023-02-07T21:00:00,3,20.608999252319336,18.09157371520996,17.767000198364258
AT,AKC,urban,2023-02-07T22:00:00,3,23.58049964904785,18.33568572998047,18.143999099731445
AT,AKC,urban,2023-02-07T23:00:00,3,25.15999984741211,19.46619415283203,19.29450035095215
AT,AKC,urban,2023-02-08T00:00:00,3,25.094501495361328,20.807327270507812,20.608999252319336
AT,AKC,urban,2023-02-08T01:00:00,3,26.479000091552734,23.84839630126953,23.58049964904785
AT,AKC,urban,2023-02-08T02:00:00,3,27.35300064086914,25.375324249267578,25.15999984741211
AT,AKC,urban,2023-02-08T03:00:00,3,28.227001190185547,25.73564910888672,25.094501495361328
AT,AKC,urban,2023-02-08T04:00:00,3,31.215999603271484,27.00729751586914,26.479000091552734
AT,AKC,urban,2023-02-08T05:00:00,3,31.919002532958984,27.803756713867188,27.35300064086914
AT,AKC,urban,2023-02-08T06:00:00,3,33.99100112915039,27.858257293701172,28.227001190185547
AT,AKC,urban,2023-02-08T07:00:00,3,34.4635009765625,29.017589569091797,31.215999603271484
AT,AKC,urban,2023-02-08T08:00:00,3,32.68849563598633,29.134662628173828,31.919002532958984
AT,AKC,urban,2023-02-08T09:00:00,3,30.31650161743164,30.17760467529297,33.99100112915039
AT,AKC,urban,2023-02-08T10:00:00,3,21.604999542236328,30.65323257446289,34.4635009765625
AT,AKC,urban,2023-02-08T11:00:00,3,16.70599937438965,28.63387680053711,32.68849563598633
AT,AKC,urban,2023-02-08T12:00:00,3,15.992500305175781,27.170469284057617,30.31650161743164
AT,AKC,urban,2023-02-08T13:00:00,3,17.64150047302246,20.373722076416016,21.604999542236328
AT,AKC,urban,2023-02-08T14:00:00,3,16.952499389648438,17.820444107055664,16.70599937438965
AT,AKC,urban,2023-02-08T15:00:00,3,17.83099937438965,17.637348175048828,15.992500305175781
AT,AKC,urban,2023-02-08T16:00:00,3,19.243499755859375,19.711257934570312,17.64150047302246
AT,AKC,urban,2023-02-08T17:00:00,3,20.944000244140625,19.053430557250977,16.952499389648438
AT,AKC,urban,2023-02-08T18:00:00,3,24.054500579833984,20.08771514892578,17.83099937438965
AT,AKC,urban,2023-02-08T19:00:00,3,26.861499786376953,21.397607803344727,19.243499755859375
AT,AKC,urban,2023-02-08T20:00:00,3,25.683002471923828,22.708099365234375,20.944000244140625
AT,AKC,urban,2023-02-08T21:00:00,3,24.096500396728516,25.56001853942871,24.054500579833984
AT,AKC,urban,2023-02-08T22:00:00,3,23.24049949645996,28.25467300415039,26.861499786376953
AT,AKC,urban,2023-02-08T23:00:00,3,22.72599983215332,27.459453582763672,25.683002471923828
AT,AKC,urban,2023-02-09T00:00:00,3,23.753000259399414,26.316272735595703,24.096500396728516
AT,AKC,urban,2023-02-09T01:00:00,3,26.825000762939453,25.67249298095703,23.24049949645996
AT,AKC,urban,2023-02-09T02:00:00,3,32.59000015258789,25.565210342407227,22.72599983215332
AT,AKC,urban,2023-02-09T03:00:00,3,33.471500396728516,26.736595153808594,23.753000259399414
AT,AKC,urban,2023-02-09T04:00:00,3,30.73800277709961,29.25851058959961,26.825000762939453
AT,AKC,urban,2023-02-09T05:00:00,3,28.042999267578125,33.97018814086914,32.59000015258789
AT,AKC,urban,2023-02-09T06:00:00,3,24.444499969482422,32.67619323730469,33.471500396728516
AT,AKC,urban,2023-02-09T07:00:00,3,20.948999404907227,29.696083068847656,30.73800277709961
AT,AKC,urban,2023-02-09T08:00:00,3,18.648000717163086,25.348880767822266,28.042999267578125
AT,AKC,urban,2023-02-09T09:00:00,3,18.874000549316406,21.057647705078125,24.444499969482422
AT,AKC,urban,2023-02-09T10:00:00,3,18.897499084472656,16.957319259643555,20.948999404907227
AT,AKC,urban,2023-02-09T11:00:00,3,18.94849967956543,15.798319816589355,18.648000717163086
AT,AKC,urban,2023-02-09T12:00:00,3,18.260000228881836,17.29768180847168,18.874000549316406
AT,AKC,urban,2023-02-09T13:00:00,3,18.374000549316406,18.396026611328125,18.897499084472656
AT,AKC,urban,2023-02-09T14:00:00,3,18.815500259399414,19.590036392211914,18.94849967956543
AT,AKC,urban,2023-02-09T15:00:00,3,20.441999435424805,19.718429565429688,18.260000228881836
AT,AKC,urban,2023-02-09T16:00:00,3,21.24650001525879,20.809032440185547,18.374000549316406
AT,AKC,urban,2023-02-09T17:00:00,3,22.411500930786133,21.61745834350586,18.815500259399414
AT,AKC,urban,2023-02-09T18:00:00,3,22.02899932861328,23.564491271972656,20.441999435424805
AT,AKC,urban,2023-02-09T19:00:00,3,22.23150062561035,24.02979850769043,21.24650001525879
AT,AKC,urban,2023-02-09T20:00:00,3,23.17099952697754,24.59210205078125,22.411500930786133
AT,AKC,urban,2023-02-09T21:00:00,3,23.105499267578125,23.25531005859375,22.02899932861328
AT,AKC,urban,2023-02-09T22:00:00,3,19.80900001525879,22.622081756591797,22.23150062561035
AT,AKC,urban,2023-02-09T23:00:00,3,21.27549934387207,23.075939178466797,23.17099952697754
AT,AKC,urban,2023-02-10T00:00:00,3,21.66550064086914,22.509002685546875,23.105499267578125
AT,AKC,urban,2023-02-10T01:00:00,3,23.68400001525879,19.73223114013672,19.80900001525879
AT,AKC,urban,2023-02-10T02:00:00,3,25.113500595092773,21.463756561279297,21.27549934387207
AT,AKC,urban,2023-02-10T03:00:00,3,27.159000396728516,22.935245513916016,21.66550064086914
AT,AKC,urban,2023-02-10T04:00:00,3,24.645000457763672,24.95911979675293,23.68400001525879
AT,AKC,urban,2023-02-10T05:00:00,3,24.738502502441406,25.469783782958984,25.113500595092773
AT,AKC,urban,2023-02-10T06:00:00,3,27.71500015258789,23.633224487304688,27.159000396728516
AT,AKC,urban,2023-02-10T07:00:00,3,55.992000579833984,19.750471115112305,24.645000457763672
AT,AKC,urban,2023-02-10T08:00:00,3,28.239002227783203,18.52349853515625,24.738502502441406
AT,AKC,urban,2023-02-10T09:00:00,3,22.038999557495117,21.184688568115234,27.71500015258789
AT,AKC,urban,2023-02-10T10:00:00,3,19.429000854492188,24.076133728027344,55.992000579833984
AT,AKC,urban,2023-02-10T11:00:00,3,21.045000076293945,21.807641983032227,28.239002227783203
AT,AKC,urban,2023-02-10T12:00:00,3,23.954500198364258,19.335163116455078,22.038999557495117
AT,AKC,urban,2023-02-10T13:00:00,3,24.547500610351562,19.186717987060547,19.429000854492188
AT,AKC,urban,2023-02-10T14:00:00,3,25.54400062561035,20.37240219116211,21.045000076293945
AT,AKC,urban,2023-02-10T15:00:00,3,27.077999114990234,24.92683219909668,23.954500198364258
AT,AKC,urban,2023-02-10T16:00:00,3,26.364999771118164,23.729877471923828,24.547500610351562
AT,AKC,urban,2023-02-10T17:00:00,3,26.381000518798828,26.912635803222656,25.54400062561035
AT,AKC,urban,2023-02-10T18:00:00,3,26.280498504638672,26.586891174316406,27.077999114990234
AT,AKC,urban,2023-02-10T19:00:00,3,26.708499908447266,26.6600284576416,26.364999771118164
AT,AKC,urban,2023-02-10T20:00:00,3,26.109500885009766,24.40270233154297,26.381000518798828
AT,AKC,urban,2023-02-10T21:00:00,3,26.588499069213867,23.788166046142578,26.280498504638672
AT,AKC,urban,2023-02-10T22:00:00,3,29.556499481201172,23.332483291625977,26.708499908447266
AT,AKC,urban,2023-02-10T23:00:00,3,33.53850173950195,23.661401748657227,26.109500885009766
AT,AKC,urban,2023-02-11T00:00:00,3,33.08300018310547,24.247146606445312,26.588499069213867
AT,AKC,urban,2023-02-11T01:00:00,3,33.72800064086914,27.35808563232422,29.556499481201172
AT,AKC,urban,2023-02-11T02:00:00,3,31.75400161743164,31.97894287109375,33.53850173950195
AT,AKC,urban,2023-02-11T03:00:00,3,31.898502349853516,32.0589485168457,33.08300018310547
AT,AKC,urban,2023-02-11T04:00:00,3,30.048999786376953,32.67293167114258,33.72800064086914
AT,AKC,urban,2023-02-11T05:00:00,3,25.319000244140625,28.701114654541016,31.75400161743164
AT,AKC,urban,2023-02-11T06:00:00,3,25.05299949645996,26.6001033782959,31.898502349853516
AT,AKC,urban,2023-02-11T07:00:00,3,25.76099967956543,22.981300354003906,30.048999786376953
AT,AKC,urban,2023-02-11T08:00:00,3,21.131000518798828,16.85047721862793,25.319000244140625
AT,AKC,urban,2023-02-11T09:00:00,3,19.20549964904785,16.580904006958008,25.05299949645996
AT,AKC,urban,2023-02-11T10:00:00,3,18.621999740600586,17.55305290222168,25.76099967956543
AT,AKC,urban,2023-02-11T11:00:00,3,16.832500457763672,15.738787651062012,21.131000518798828
AT,AKC,urban,2023-02-11T12:00:00,3,15.645999908447266,15.867109298706055,19.20549964904785
AT,AKC,urban,2023-02-11T13:00:00,3,16.579500198364258,16.318782806396484,18.621999740600586
AT,AKC,urban,2023-02-11T14:00:00,3,18.06800079345703,15.13624095916748,16.832500457763672
AT,AKC,urban,2023-02-11T15:00:00,3,18.866500854492188,13.176112174987793,15.645999908447266
AT,AKC,urban,2023-02-11T16:00:00,3,19.5575008392334,14.892678260803223,16.579500198364258
AT,AKC,urban,2023-02-11T17:00:00,3,20.349000930786133,16.420425415039062,18.06800079345703
AT,AKC,urban,2023-02-11T18:00:00,3,20.80150032043457,17.106992721557617,18.866500854492188
AT,AKC,urban,2023-02-11T19:00:00,3,21.333999633789062,17.457897186279297,19.5575008392334
AT,AKC,urban,2023-02-11T20:00:00,3,19.56999969482422,17.730606079101562,20.349000930786133
AT,AKC,urban,2023-02-11T21:00:00,3,18.21150016784668,17.5238037109375,20.80150032043457
AT,AKC,urban,2023-02-11T22:00:00,3,17.28849983215332,17.670425415039062,21.333999633789062
AT,AKC,urban,2023-02-11T23:00:00,3,17.5049991607666,15.473243713378906,19.56999969482422
AT,AKC,urban,2023-02-12T00:00:00,3,18.97100067138672,14.250100135803223,18.21150016784668
AT,AKC,urban,2023-02-12T01:00:00,3,21.172000885009766,13.489557266235352,17.28849983215332
AT,AKC,urban,2023-02-12T02:00:00,3,21.70549964904785,13.936098098754883,17.5049991607666
AT,AKC,urban,2023-02-12T03:00:00,3,21.20549964904785,15.567354202270508,18.97100067138672
AT,AKC,urban,2023-02-12T04:00:00,3,20.374500274658203,17.637096405029297,21.172000885009766
AT,AKC,urban,2023-02-12T05:00:00,3,17.954500198364258,17.816207885742188,21.70549964904785
AT,AKC,urban,2023-02-12T06:00:00,3,15.467000007629395,17.349315643310547,21.20549964904785
AT,AKC,urban,2023-02-12T07:00:00,3,13.80150032043457,16.49979019165039,20.374500274658203
AT,AKC,urban,2023-02-12T08:00:00,3,12.621000289916992,14.916748046875,17.954500198364258
AT,AKC,urban,2023-02-12T09:00:00,3,13.072999954223633,13.096590042114258,15.467000007629395
AT,AKC,urban,2023-02-12T10:00:00,3,14.93649959564209,11.75273323059082,13.80150032043457
AT,AKC,urban,2023-02-12T11:00:00,3,17.224000930786133,11.335083961486816,12.621000289916992
AT,AKC,urban,2023-02-12T12:00:00,3,17.26449966430664,13.243928909301758,13.072999954223633
AT,AKC,urban,2023-02-12T13:00:00,3,17.202499389648438,16.116899490356445,14.93649959564209
AT,AKC,urban,2023-02-12T14:00:00,3,18.58300018310547,19.51694107055664,17.224000930786133
AT,AKC,urban,2023-02-12T15:00:00,3,18.59950065612793,20.52460479736328,17.26449966430664
AT,AKC,urban,2023-02-12T16:00:00,3,17.508499145507812,21.415136337280273,17.202499389648438
AT,AKC,urban,2023-02-12T17:00:00,3,13.920999526977539,22.440608978271484,18.58300018310547
AT,AKC,urban,2023-02-12T18:00:00,3,11.626999855041504,21.535493850708008,18.59950065612793
AT,AKC,urban,2023-02-12T19:00:00,3,15.11299991607666,19.57259750366211,17.508499145507812
AT,AKC,urban,2023-02-12T20:00:00,3,15.640000343322754,15.391196250915527,13.920999526977539
AT,AKC,urban,2023-02-12T21:00:00,3,14.071999549865723,12.842761993408203,11.626999855041504
AT,AKC,urban,2023-02-12T22:00:00,3,14.70300006866455,15.819046974182129,15.11299991607666
AT,AKC,urban,2023-02-12T23:00:00,3,13.66450023651123,16.02350616455078,15.640000343322754
AT,AKC,urban,2023-02-13T00:00:00,3,11.373000144958496,14.667637825012207,14.071999549865723
AT,AKC,urban,2023-02-13T01:00:00,3,11.100500106811523,15.462265968322754,14.70300006866455
AT,AKC,urban,2023-02-13T02:00:00,3,12.293499946594238,15.127483367919922,13.66450023651123
AT,AKC,urban,2023-02-13T03:00:00,3,9.674850463867188,13.586987495422363,11.373000144958496
AT,AKC,urban,2023-02-13T04:00:00,3,10.996000289916992,14.505452156066895,11.100500106811523
AT,AKC,urban,2023-02-13T05:00:00,3,11.184499740600586,15.572084426879883,12.293499946594238
AT,AKC,urban,2023-02-13T06:00:00,3,10.084150314331055,13.51939868927002,9.674850463867188
AT,AKC,urban,2023-02-13T07:00:00,3,9.257299423217773,14.805963516235352,10.996000289916992
AT,AKC,urban,2023-02-13T08:00:00,3,7.721199035644531,14.223311424255371,11.184499740600586
AT,AKC,urban,2023-02-13T09:00:00,3,7.397298812866211,12.534440994262695,10.084150314331055
AT,AKC,urban,2023-02-13T10:00:00,3,7.810898780822754,11.20427131652832,9.257299423217773
AT,AKC,urban,2023-02-13T11:00:00,3,6.081900119781494,9.68425464630127,7.721199035644531
AT,AKC,urban,2023-02-13T12:00:00,3,6.696399211883545,10.137350082397461,7.397298812866211
AT,AKC,urban,2023-02-13T13:00:00,3,7.348499774932861,10.85356330871582,7.810898780822754
AT,AKC,urban,2023-02-13T14:00:00,3,7.918000221252441,9.64156723022461,6.081900119781494
AT,AKC,urban,2023-02-13T15:00:00,3,8.012048721313477,10.048646926879883,6.696399211883545
AT,AKC,urban,2023-02-13T16:00:00,3,7.762948989868164,10.295488357543945,7.348499774932861
AT,AKC,urban,2023-02-13T17:00:00,3,7.714300155639648,10.058857917785645,7.918000221252441
AT,AKC,urban,2023-02-13T18:00:00,3,8.228899002075195,9.343452453613281,8.012048721313477
AT,AKC,urban,2023-02-13T19:00:00,3,6.2481489181518555,8.592451095581055,7.762948989868164
AT,AKC,urban,2023-02-13T20:00:00,3,5.652548313140869,8.248780250549316,7.714300155639648
AT,AKC,urban,2023-02-13T21:00:00,3,7.3772501945495605,8.535914421081543,8.228899002075195
AT,AKC,urban,2023-02-13T22:00:00,3,10.753000259399414,6.56134557723999,6.2481489181518555
AT,AKC,urban,2023-02-13T23:00:00,3,12.53600025177002,6.030887603759766,5.652548313140869
AT,AKC,urban,2023-02-14T00:00:00,3,13.321499824523926,7.815553665161133,7.3772501945495605
AT,AKC,urban,2023-02-14T01:00:00,3,13.48449993133545,11.107958793640137,10.753000259399414
AT,AKC,urban,2023-02-14T02:00:00,3,12.225500106811523,12.98703384399414,12.53600025177002
AT,AKC,urban,2023-02-14T03:00:00,3,12.446499824523926,13.911760330200195,13.321499824523926
AT,AKC,urban,2023-02-14T04:00:00,3,12.202500343322754,14.225241661071777,13.48449993133545
AT,AKC,urban,2023-02-14T05:00:00,3,14.411499977111816,12.84995174407959,12.225500106811523
AT,AKC,urban,2023-02-14T06:00:00,3,14.184499740600586,12.788378715515137,12.446499824523926
AT,AKC,urban,2023-02-14T07:00:00,3,15.830499649047852,11.850459098815918,12.202500343322754
AT,AKC,urban,2023-02-14T08:00:00,3,16.464500427246094,13.57555866241455,14.411499977111816
AT,AKC,urban,2023-02-14T09:00:00,3,17.01300048828125,13.143465042114258,14.184499740600586
AT,AKC,urban,2023-02-14T10:00:00,3,17.520999908447266,14.832042694091797,15.830499649047852
AT,AKC,urban,2023-02-14T11:00:00,3,17.414499282836914,15.667871475219727,16.464500427246094
AT,AKC,urban,2023-02-14T12:00:00,3,17.02899932861328,16.708850860595703,17.01300048828125
AT,AKC,urban,2023-02-14T13:00:00,3,17.81450080871582,17.807371139526367,17.520999908447266
AT,AKC,urban,2023-02-14T14:00:00,3,18.214500427246094,18.174455642700195,17.414499282836914
AT,AKC,urban,2023-02-14T15:00:00,3,18.24850082397461,18.27392578125,17.02899932861328
AT,AKC,urban,2023-02-14T16:00:00,3,18.264999389648438,19.278614044189453,17.81450080871582
AT,AKC,urban,2023-02-14T17:00:00,3,18.12150001525879,19.567758560180664,18.214500427246094
AT,AKC,urban,2023-02-14T18:00:00,3,18.968000411987305,19.216663360595703,18.24850082397461
AT,AKC,urban,2023-02-14T19:00:00,3,18.77199935913086,18.92325210571289,18.264999389648438
AT,AKC,urban,2023-02-14T20:00:00,3,19.167999267578125,18.624969482421875,18.12150001525879
AT,AKC,urban,2023-02-14T21:00:00,3,19.664499282836914,19.313251495361328,18.968000411987305
AT,AKC,urban,2023-02-14T22:00:00,3,20.55150032043457,19.050643920898438,18.77199935913086
AT,AKC,urban,2023-02-14T23:00:00,3,21.03350067138672,19.413965225219727,19.167999267578125
AT,AKC,urban,2023-02-15T00:00:00,3,21.521499633789062,19.892608642578125,19.664499282836914
AT,AKC,urban,2023-02-15T01:00:00,3,21.53900146484375,20.818265914916992,20.55150032043457
AT,AKC,urban,2023-02-15T02:00:00,3,23.32900047302246,21.452625274658203,21.03350067138672
AT,AKC,urban,2023-02-15T03:00:00,3,25.865999221801758,22.178455352783203,21.521499633789062
AT,AKC,urban,2023-02-15T04:00:00,3,22.600000381469727,22.853473663330078,21.53900146484375
AT,AKC,urban,2023-02-15T05:00:00,3,22.30900001525879,24.573204040527344,23.32900047302246
AT,AKC,urban,2023-02-15T06:00:00,3,22.454998016357422,25.146739959716797,25.865999221801758
AT,AKC,urban,2023-02-15T07:00:00,3,22.92449951171875,22.60628318786621,22.600000381469727
AT,AKC,urban,2023-02-15T08:00:00,3,22.516000747680664,22.759357452392578,22.30900001525879
AT,AKC,urban,2023-02-15T09:00:00,3,22.8799991607666,23.298534393310547,22.454998016357422
AT,AKC,urban,2023-02-15T10:00:00,3,23.92300033569336,23.68997573852539,22.92449951171875
AT,AKC,urban,2023-02-15T11:00:00,3,22.663000106811523,23.585620880126953,22.516000747680664
AT,AKC,urban,2023-02-15T12:00:00,3,23.048999786376953,24.163681030273438,22.8799991607666
AT,AKC,urban,2023-02-15T13:00:00,3,25.135000228881836,25.866092681884766,23.92300033569336
AT,AKC,urban,2023-02-15T14:00:00,3,26.631000518798828,24.908950805664062,22.663000106811523
AT,AKC,urban,2023-02-15T15:00:00,3,29.839000701904297,25.54698371887207,23.048999786376953
AT,AKC,urban,2023-02-15T16:00:00,3,31.966999053955078,27.239154815673828,25.135000228881836
AT,AKC,urban,2023-02-15T17:00:00,3,33.33700180053711,28.27478790283203,26.631000518798828
AT,AKC,urban,2023-02-15T18:00:00,3,34.42599868774414,30.848613739013672,29.839000701904297
AT,AKC,urban,2023-02-15T19:00:00,3,34.0255012512207,32.118038177490234,31.966999053955078
AT,AKC,urban,2023-02-15T20:00:00,3,34.95199966430664,31.620349884033203,33.33700180053711
AT,AKC,urban,2023-02-15T21:00:00,3,35.02949905395508,30.333251953125,34.42599868774414
AT,AKC,urban,2023-02-15T22:00:00,3,35.095001220703125,28.24639892578125,34.0255012512207
AT,AKC,urban,2023-02-15T23:00:00,3,34.755001068115234,28.68527603149414,34.95199966430664
AT,AKC,urban,2023-02-16T00:00:00,3,28.784500122070312,30.097557067871094,35.02949905395508
AT,AKC,urban,2023-02-16T01:00:00,3,19.79400062561035,31.231765747070312,35.095001220703125
AT,AKC,urban,2023-02-16T02:00:00,3,19.54599952697754,32.2086296081543,34.755001068115234
AT,AKC,urban,2023-02-16T03:00:00,3,21.636999130249023,27.663265228271484,28.784500122070312
AT,AKC,urban,2023-02-16T04:00:00,3,22.23849868774414,22.40915298461914,19.79400062561035
AT,AKC,urban,2023-02-16T05:00:00,3,22.030500411987305,23.25783348083496,19.54599952697754
AT,AKC,urban,2023-02-16T06:00:00,3,27.00200080871582,25.320886611938477,21.636999130249023
AT,AKC,urban,2023-02-16T07:00:00,3,28.654499053955078,25.250469207763672,22.23849868774414
AT,AKC,urban,2023-02-16T08:00:00,3,31.12750244140625,24.371286392211914,22.030500411987305
AT,AKC,urban,2023-02-16T09:00:00,3,29.858001708984375,28.52289581298828,27.00200080871582
AT,AKC,urban,2023-02-16T10:00:00,3,30.551502227783203,28.81084442138672,28.654499053955078
AT,AKC,urban,2023-02-16T11:00:00,3,29.27899932861328,30.45965576171875,31.12750244140625
AT,AKC,urban,2023-02-16T12:00:00,3,29.513999938964844,31.171428680419922,29.858001708984375
AT,AKC,urban,2023-02-16T13:00:00,3,29.66699981689453,29.985450744628906,30.551502227783203
AT,AKC,urban,2023-02-16T14:00:00,3,28.804500579833984,31.195743560791016,29.27899932861328
AT,AKC,urban,2023-02-16T15:00:00,3,28.980499267578125,28.26287078857422,29.513999938964844
AT,AKC,urban,2023-02-16T16:00:00,3,32.597999572753906,27.239654541015625,29.66699981689453
AT,AKC,urban,2023-02-16T17:00:00,3,34.698001861572266,20.59734344482422,28.804500579833984
AT,AKC,urban,2023-02-16T18:00:00,3,34.78200149536133,17.29599952697754,28.980499267578125
AT,AKC,urban,2023-02-16T19:00:00,3,34.119998931884766,16.744415283203125,32.597999572753906
AT,AKC,urban,2023-02-16T20:00:00,3,33.686500549316406,17.023500442504883,34.698001861572266
AT,AKC,urban,2023-02-16T21:00:00,3,33.089500427246094,18.935646057128906,34.78200149536133
AT,AKC,urban,2023-02-16T22:00:00,3,32.34600067138672,19.471832275390625,34.119998931884766
AT,AKC,urban,2023-02-16T23:00:00,3,31.685501098632812,22.67014503479004,33.686500549316406
AT,AKC,urban,2023-02-17T00:00:00,3,30.282001495361328,24.260650634765625,33.089500427246094
AT,AKC,urban,2023-02-17T01:00:00,3,22.364999771118164,27.15764045715332,32.34600067138672
AT,AKC,urban,2023-02-17T02:00:00,3,14.725150108337402,27.637758255004883,31.685501098632812
AT,AKC,urban,2023-02-17T03:00:00,3,9.88010025024414,28.09585189819336,30.282001495361328
AT,AKC,urban,2023-02-17T04:00:00,3,10.120550155639648,20.26974105834961,22.364999771118164
AT,AKC,urban,2023-02-17T05:00:00,3,9.541199684143066,14.829710006713867,14.725150108337402
AT,AKC,urban,2023-02-17T06:00:00,3,9.192998886108398,11.210423469543457,9.88010025024414
AT,AKC,urban,2023-02-17T07:00:00,3,8.367098808288574,11.413986206054688,10.120550155639648
AT,AKC,urban,2023-02-17T08:00:00,3,7.666549205780029,9.827337265014648,9.541199684143066
AT,AKC,urban,2023-02-17T09:00:00,3,6.854249000549316,9.499086380004883,9.192998886108398
AT,AKC,urban,2023-02-17T10:00:00,3,5.942249774932861,8.410646438598633,8.367098808288574
AT,AKC,urban,2023-02-17T11:00:00,3,4.602900505065918,8.190864562988281,7.666549205780029
AT,AKC,urban,2023-02-17T12:00:00,3,4.287899017333984,7.387369155883789,6.854249000549316
AT,AKC,urban,2023-02-17T13:00:00,3,5.031700134277344,7.108966827392578,5.942249774932861
AT,AKC,urban,2023-02-17T14:00:00,3,5.817500114440918,6.144711971282959,4.602900505065918
AT,AKC,urban,2023-02-17T15:00:00,3,5.816999912261963,5.9361395835876465,4.287899017333984
AT,AKC,urban,2023-02-17T16:00:00,3,5.032999038696289,6.622645854949951,5.031700134277344
AT,AKC,urban,2023-02-17T17:00:00,3,4.558350086212158,7.270605564117432,5.817500114440918
AT,AKC,urban,2023-02-17T18:00:00,3,4.5903000831604,6.5964884757995605,5.816999912261963
AT,AKC,urban,2023-02-17T19:00:00,3,4.066248893737793,5.523034572601318,5.032999038696289
AT,AKC,urban,2023-02-17T20:00:00,3,3.4044485092163086,4.8314032554626465,4.558350086212158
AT,AKC,urban,2023-02-17T21:00:00,3,3.1291990280151367,4.826301574707031,4.5903000831604
AT,AKC,urban,2023-02-17T22:00:00,3,2.987600326538086,4.33020544052124,4.066248893737793
AT,AKC,urban,2023-02-17T23:00:00,3,2.7708005905151367,3.9314770698547363,3.4044485092163086
AT,AKC,urban,2023-02-18T00:00:00,3,2.785048484802246,3.725274085998535,3.1291990280151367
AT,AKC,urban,2023-02-18T01:00:00,3,2.5488996505737305,3.695751190185547,2.987600326538086
AT,AKC,urban,2023-02-18T02:00:00,3,2.1518993377685547,3.520069122314453,2.7708005905151367
AT,AKC,urban,2023-02-18T03:00:00,3,2.5045995712280273,3.5737533569335938,2.785048484802246
AT,AKC,urban,2023-02-18T04:00:00,3,2.512099266052246,3.421937942504883,2.5488996505737305
AT,AKC,urban,2023-02-18T05:00:00,3,2.7325992584228516,3.177183151245117,2.1518993377685547
AT,AKC,urban,2023-02-18T06:00:00,3,3.0129995346069336,3.563383102416992,2.5045995712280273
AT,AKC,urban,2023-02-18T07:00:00,3,3.2692489624023438,3.4463119506835938,2.512099266052246
AT,AKC,urban,2023-02-18T08:00:00,3,3.2925500869750977,3.3351564407348633,2.7325992584228516
AT,AKC,urban,2023-02-18T09:00:00,3,2.961050033569336,3.4824342727661133,3.0129995346069336
AT,AKC,urban,2023-02-18T10:00:00,3,2.4315500259399414,3.700162887573242,3.2692489624023438
AT,AKC,urban,2023-02-18T11:00:00,3,2.119647979736328,3.6419448852539062,3.2925500869750977
AT,AKC,urban,2023-02-18T12:00:00,3,1.9617986679077148,3.274261474609375,2.961050033569336
AT,AKC,urban,2023-02-18T13:00:00,3,2.131349563598633,2.9459619522094727,2.4315500259399414
AT,AKC,urban,2023-02-18T14:00:00,3,2.206549644470215,2.6996707916259766,2.119647979736328
AT,AKC,urban,2023-02-18T15:00:00,3,2.3151988983154297,2.9477462768554688,1.9617986679077148
AT,AKC,urban,2023-02-18T16:00:00,3,2.3864498138427734,3.015960693359375,2.131349563598633
AT,AKC,urban,2023-02-18T17:00:00,3,2.1229991912841797,2.9236326217651367,2.206549644470215
AT,AKC,urban,2023-02-18T18:00:00,3,1.654250144958496,2.5162906646728516,2.3151988983154297
AT,AKC,urban,2023-02-18T19:00:00,3,1.564499855041504,2.294576644897461,2.3864498138427734
AT,AKC,urban,2023-02-18T20:00:00,3,1.674098014831543,2.114010810852051,2.1229991912841797
AT,AKC,urban,2023-02-18T21:00:00,3,1.8855504989624023,1.7199592590332031,1.654250144958496
AT,AKC,urban,2023-02-18T22:00:00,3,1.9452505111694336,1.7426977157592773,1.564499855041504
AT,AKC,urban,2023-02-18T23:00:00,3,2.085049629211426,1.891836166381836,1.674098014831543
AT,AKC,urban,2023-02-19T00:00:00,3,3.4098005294799805,2.1851654052734375,1.8855504989624023
AT,AKC,urban,2023-02-19T01:00:00,3,4.175250053405762,2.3598527908325195,1.9452505111694336
AT,AKC,urban,2023-02-19T02:00:00,3,4.006750106811523,2.5229883193969727,2.085049629211426
AT,AKC,urban,2023-02-19T03:00:00,3,3.4307985305786133,3.910060405731201,3.4098005294799805
AT,AKC,urban,2023-02-19T04:00:00,3,2.876049041748047,4.7176971435546875,4.175250053405762
AT,AKC,urban,2023-02-19T05:00:00,3,1.9432487487792969,4.841170310974121,4.006750106811523
AT,AKC,urban,2023-02-19T06:00:00,3,1.970250129699707,4.550881385803223,3.4307985305786133
AT,AKC,urban,2023-02-19T07:00:00,3,1.3697996139526367,3.6517515182495117,2.876049041748047
AT,AKC,urban,2023-02-19T08:00:00,3,1.553349494934082,2.542721748352051,1.9432487487792969
AT,AKC,urban,2023-02-19T09:00:00,3,1.8582496643066406,2.4426393508911133,1.970250129699707
AT,AKC,urban,2023-02-19T10:00:00,3,1.433150291442871,1.7987985610961914,1.3697996139526367
AT,AKC,urban,2023-02-19T11:00:00,3,1.7427988052368164,1.8815593719482422,1.553349494934082
AT,AKC,urban,2023-02-19T12:00:00,3,1.6743993759155273,2.1292285919189453,1.8582496643066406
AT,AKC,urban,2023-02-19T13:00:00,3,1.2790002822875977,1.7208833694458008,1.433150291442871
AT,AKC,urban,2023-02-19T14:00:00,3,1.3938989639282227,2.069896697998047,1.7427988052368164
AT,AKC,urban,2023-02-19T15:00:00,3,1.7023000717163086,1.99609375,1.6743993759155273
AT,AKC,urban,2023-02-19T16:00:00,3,2.123049736022949,1.5429058074951172,1.2790002822875977
AT,AKC,urban,2023-02-19T17:00:00,3,3.2864990234375,1.7042646408081055,1.3938989639282227
AT,AKC,urban,2023-02-19T18:00:00,3,5.428699970245361,1.949533462524414,1.7023000717163086
AT,AKC,urban,2023-02-19T19:00:00,3,5.012148857116699,2.3604488372802734,2.123049736022949
AT,AKC,urban,2023-02-19T20:00:00,3,5.018650054931641,3.482903480529785,3.2864990234375
AT,AKC,urban,2023-02-19T21:00:00,3,4.90654993057251,5.590534210205078,5.428699970245361
AT,AKC,urban,2023-02-19T22:00:00,3,4.727448463439941,5.103147983551025,5.012148857116699
AT,AKC,urban,2023-02-19T23:00:00,3,5.014648914337158,5.073356628417969,5.018650054931641
AT,AKC,urban,2023-02-20T00:00:00,3,5.933849811553955,5.27949333190918,4.90654993057251
AT,AKC,urban,2023-02-20T01:00:00,3,7.2308502197265625,5.635608196258545,4.727448463439941
AT,AKC,urban,2023-02-20T02:00:00,3,7.5433502197265625,6.261696815490723,5.014648914337158
AT,AKC,urban,2023-02-20T03:00:00,3,7.74324893951416,7.7108964920043945,5.933849811553955
AT,AKC,urban,2023-02-20T04:00:00,3,7.622249126434326,8.650249481201172,7.2308502197265625
AT,AKC,urban,2023-02-20T05:00:00,3,5.93704891204834,7.642422676086426,7.5433502197265625
AT,AKC,urban,2023-02-20T06:00:00,3,5.909249305725098,6.0431294441223145,7.74324893951416
AT,AKC,urban,2023-02-20T07:00:00,3,5.773598670959473,5.282391548156738,7.622249126434326
AT,AKC,urban,2023-02-20T08:00:00,3,5.205749034881592,4.53957986831665,5.93704891204834
AT,AKC,urban,2023-02-20T09:00:00,3,4.982600212097168,4.848865985870361,5.909249305725098
AT,AKC,urban,2023-02-20T10:00:00,3,4.821800231933594,5.008606910705566,5.773598670959473
AT,AKC,urban,2023-02-20T11:00:00,3,4.085100173950195,4.616019248962402,5.205749034881592
AT,AKC,urban,2023-02-20T12:00:00,3,3.787600517272949,4.930143356323242,4.982600212097168
AT,AKC,urban,2023-02-20T13:00:00,3,3.956249237060547,5.172493934631348,4.821800231933594
AT,AKC,urban,2023-02-20T14:00:00,3,4.249448776245117,5.0075507164001465,4.085100173950195
AT,AKC,urban,2023-02-20T15:00:00,3,4.219399929046631,4.949615955352783,3.787600517272949
AT,AKC,urban,2023-02-20T16:00:00,3,4.030398845672607,5.168513774871826,3.956249237060547
AT,AKC,urban,2023-02-20T17:00:00,3,3.640199661254883,5.131551265716553,4.249448776245117
AT,AKC,urban,2023-02-20T18:00:00,3,3.565548896789551,4.743044376373291,4.219399929046631
AT,AKC,urban,2023-02-20T19:00:00,3,3.8393993377685547,4.282073974609375,4.030398845672607
AT,AKC,urban,2023-02-20T20:00:00,3,3.703049659729004,3.6788291931152344,3.640199661254883
AT,AKC,urban,2023-02-20T21:00:00,3,3.8865489959716797,3.5776634216308594,3.565548896789551
AT,AKC,urban,2023-02-20T22:00:00,3,4.101449012756348,3.830211639404297,3.8393993377685547
AT,AKC,urban,2023-02-20T23:00:00,3,4.156000137329102,3.624723434448242,3.703049659729004
AT,AKC,urban,2023-02-21T00:00:00,3,4.422450065612793,3.971320629119873,3.8865489959716797
AT,AKC,urban,2023-02-21T01:00:00,3,4.420848846435547,4.313086032867432,4.101449012756348
AT,AKC,urban,2023-02-21T02:00:00,3,4.956298828125,4.8639655113220215,4.156000137329102
AT,AKC,urban,2023-02-21T03:00:00,3,5.85045051574707,5.57742166519165,4.422450065612793
AT,AKC,urban,2023-02-21T04:00:00,3,6.370150089263916,5.696849346160889,4.420848846435547
AT,AKC,urban,2023-02-21T05:00:00,3,6.356400012969971,5.676424980163574,4.956298828125
AT,AKC,urban,2023-02-21T06:00:00,3,6.992198944091797,5.780564308166504,5.85045051574707
AT,AKC,urban,2023-02-21T07:00:00,3,6.84060001373291,5.514096736907959,6.370150089263916
AT,AKC,urban,2023-02-21T08:00:00,3,5.833099842071533,5.261256694793701,6.356400012969971
AT,AKC,urban,2023-02-21T09:00:00,3,5.109799861907959,5.962364196777344,6.992198944091797
AT,AKC,urban,2023-02-21T10:00:00,3,3.505849838256836,5.940357685089111,6.84060001373291
AT,AKC,urban,2023-02-21T11:00:00,3,3.2778491973876953,5.289122581481934,5.833099842071533
AT,AKC,urban,2023-02-21T12:00:00,3,3.3566484451293945,5.114055633544922,5.109799861907959
AT,AKC,urban,2023-02-21T13:00:00,3,3.7524490356445312,4.095941066741943,3.505849838256836
AT,AKC,urban,2023-02-21T14:00:00,3,4.0383501052856445,4.263160228729248,3.2778491973876953
AT,AKC,urban,2023-02-21T15:00:00,3,4.302350044250488,4.5670366287231445,3.3566484451293945
AT,AKC,urban,2023-02-21T16:00:00,3,4.500148773193359,4.844897270202637,3.7524490356445312
AT,AKC,urban,2023-02-21T17:00:00,3,4.398049831390381,5.016628742218018,4.0383501052856445
AT,AKC,urban,2023-02-21T18:00:00,3,3.959498882293701,4.772171497344971,4.302350044250488
AT,AKC,urban,2023-02-21T19:00:00,3,3.5214500427246094,4.606858730316162,4.500148773193359
AT,AKC,urban,2023-02-21T20:00:00,3,3.811199188232422,4.192101955413818,4.398049831390381
AT,AKC,urban,2023-02-21T21:00:00,3,3.665999412536621,3.581144332885742,3.959498882293701
AT,AKC,urban,2023-02-21T22:00:00,3,3.564549446105957,3.2001352310180664,3.5214500427246094
AT,AKC,urban,2023-02-21T23:00:00,3,3.505049705505371,3.4528894424438477,3.811199188232422
AT,AKC,urban,2023-02-22T00:00:00,3,3.9686989784240723,3.594522476196289,3.665999412536621
AT,AKC,urban,2023-02-22T01:00:00,3,4.379049777984619,3.910247325897217,3.564549446105957
AT,AKC,urban,2023-02-22T02:00:00,3,4.892449855804443,4.484670162200928,3.505049705505371
AT,AKC,urban,2023-02-22T03:00:00,3,6.54010009765625,5.792965412139893,3.9686989784240723
AT,AKC,urban,2023-02-22T04:00:00,3,7.243948936462402,6.890451908111572,4.379049777984619
AT,AKC,urban,2023-02-22T05:00:00,3,6.999999523162842,7.425418853759766,4.892449855804443
AT,AKC,urban,2023-02-22T06:00:00,3,9.6996488571167,8.252223014831543,6.54010009765625
AT,AKC,urban,2023-02-22T07:00:00,3,8.522600173950195,7.579846382141113,7.243948936462402
AT,AKC,urban,2023-02-22T08:00:00,3,6.278200149536133,6.5131449699401855,6.999999523162842
AT,AKC,urban,2023-02-22T09:00:00,3,6.804450035095215,9.260763168334961,9.6996488571167
AT,AKC,urban,2023-02-22T10:00:00,3,5.898698806762695,7.239287376403809,8.522600173950195
AT,AKC,urban,2023-02-22T11:00:00,3,4.30889892578125,6.247736930847168,6.278200149536133
AT,AKC,urban,2023-02-22T12:00:00,3,5.065400123596191,6.807255744934082,6.804450035095215
AT,AKC,urban,2023-02-22T13:00:00,3,6.410449028015137,7.494296073913574,5.898698806762695
AT,AKC,urban,2023-02-22T14:00:00,3,8.208250045776367,7.803793907165527,4.30889892578125
AT,AKC,urban,2023-02-22T15:00:00,3,10.463000297546387,9.388607025146484,5.065400123596191
AT,AKC,urban,2023-02-22T16:00:00,3,15.246000289916992,11.37571907043457,6.410449028015137
AT,AKC,urban,2023-02-22T17:00:00,3,15.248499870300293,11.527355194091797,8.208250045776367
AT,AKC,urban,2023-02-22T18:00:00,3,16.260000228881836,13.064769744873047,10.463000297546387
AT,AKC,urban,2023-02-22T19:00:00,3,15.306500434875488,16.183767318725586,15.246000289916992
AT,AKC,urban,2023-02-22T20:00:00,3,15.609000205993652,14.594181060791016,15.248499870300293
AT,AKC,urban,2023-02-22T21:00:00,3,15.97599983215332,13.971043586730957,16.260000228881836
AT,AKC,urban,2023-02-22T22:00:00,3,17.114999771118164,11.831382751464844,15.306500434875488
AT,AKC,urban,2023-02-22T23:00:00,3,17.229999542236328,11.556275367736816,15.609000205993652
AT,AKC,urban,2023-02-23T00:00:00,3,17.27549934387207,12.319487571716309,15.97599983215332
AT,AKC,urban,2023-02-23T01:00:00,3,17.590999603271484,13.659867286682129,17.114999771118164
AT,AKC,urban,2023-02-23T02:00:00,3,16.531999588012695,13.98710823059082,17.229999542236328
AT,AKC,urban,2023-02-23T03:00:00,3,19.348499298095703,14.813224792480469,17.27549934387207
AT,AKC,urban,2023-02-23T04:00:00,3,20.36549949645996,15.622693061828613,17.590999603271484
AT,AKC,urban,2023-02-23T05:00:00,3,20.723499298095703,15.454726219177246,16.531999588012695
AT,AKC,urban,2023-02-23T06:00:00,3,20.06399917602539,18.993947982788086,19.348499298095703
AT,AKC,urban,2023-02-23T07:00:00,3,21.562000274658203,19.902462005615234,20.36549949645996
AT,AKC,urban,2023-02-23T08:00:00,3,23.648500442504883,20.314590454101562,20.723499298095703
AT,AKC,urban,2023-02-23T09:00:00,3,24.885499954223633,19.575803756713867,20.06399917602539
AT,AKC,urban,2023-02-23T10:00:00,3,24.410999298095703,21.227703094482422,21.562000274658203
AT,AKC,urban,2023-02-23T11:00:00,3,21.020000457763672,23.817474365234375,23.648500442504883
AT,AKC,urban,2023-02-23T12:00:00,3,18.89150047302246,25.321834564208984,24.885499954223633
AT,AKC,urban,2023-02-23T13:00:00,3,20.485000610351562,25.380573272705078,24.410999298095703
AT,AKC,urban,2023-02-23T14:00:00,3,21.659500122070312,21.907102584838867,21.020000457763672
AT,AKC,urban,2023-02-23T15:00:00,3,21.752500534057617,20.25645637512207,18.89150047302246
AT,AKC,urban,2023-02-23T16:00:00,3,21.72450065612793,20.979663848876953,20.485000610351562
AT,AKC,urban,2023-02-23T17:00:00,3,22.32349967956543,20.345903396606445,21.659500122070312
AT,AKC,urban,2023-02-23T18:00:00,3,22.587499618530273,17.829120635986328,21.752500534057617
AT,AKC,urban,2023-02-23T19:00:00,3,23.087499618530273,14.749235153198242,21.72450065612793
AT,AKC,urban,2023-02-23T20:00:00,3,24.554500579833984,13.640592575073242,22.32349967956543
AT,AKC,urban,2023-02-23T21:00:00,3,25.541000366210938,13.446510314941406,22.587499618530273
AT,AKC,urban,2023-02-23T22:00:00,3,25.879499435424805,14.416752815246582,23.087499618530273
AT,AKC,urban,2023-02-23T23:00:00,3,25.304500579833984,16.27729606628418,24.554500579833984
AT,AKC,urban,2023-02-24T00:00:00,3,25.476999282836914,16.48544692993164,25.541000366210938
AT,AKC,urban,2023-02-24T01:00:00,3,31.253002166748047,17.189311981201172,25.879499435424805
AT,AKC,urban,2023-02-24T02:00:00,3,31.227001190185547,16.758373260498047,25.304500579833984
AT,AKC,urban,2023-02-24T03:00:00,3,30.420501708984375,17.556501388549805,25.476999282836914
AT,AKC,urban,2023-02-24T04:00:00,3,28.195499420166016,20.36539077758789,31.253002166748047
AT,AKC,urban,2023-02-24T05:00:00,3,27.301502227783203,19.86895751953125,31.227001190185547
AT,AKC,urban,2023-02-24T06:00:00,3,19.86400032043457,19.88591194152832,30.420501708984375
AT,AKC,urban,2023-02-24T07:00:00,3,11.88700008392334,20.343158721923828,28.195499420166016
AT,AKC,urban,2023-02-24T08:00:00,3,14.39799976348877,21.77088737487793,27.301502227783203
AT,AKC,urban,2023-02-24T09:00:00,3,11.541000366210938,16.877437591552734,19.86400032043457
AT,AKC,urban,2023-02-24T10:00:00,3,7.701700210571289,12.06315803527832,11.88700008392334
AT,AKC,urban,2023-02-24T11:00:00,3,8.32925033569336,14.094505310058594,14.39799976348877
AT,AKC,urban,2023-02-24T12:00:00,3,9.518050193786621,11.415431022644043,11.541000366210938
AT,AKC,urban,2023-02-24T13:00:00,3,9.786999702453613,9.17641830444336,7.701700210571289
AT,AKC,urban,2023-02-24T14:00:00,3,11.077500343322754,9.17168140411377,8.32925033569336
AT,AKC,urban,2023-02-24T15:00:00,3,13.57699966430664,10.505574226379395,9.518050193786621
AT,AKC,urban,2023-02-24T16:00:00,3,14.897500038146973,10.443949699401855,9.786999702453613
AT,AKC,urban,2023-02-24T17:00:00,3,11.124950408935547,10.031509399414062,11.077500343322754
AT,AKC,urban,2023-02-24T18:00:00,3,8.0256986618042,12.114534378051758,13.57699966430664
AT,AKC,urban,2023-02-24T19:00:00,3,8.815950393676758,10.432485580444336,14.897500038146973
AT,AKC,urban,2023-02-24T20:00:00,3,6.932748794555664,6.547121524810791,11.124950408935547
AT,AKC,urban,2023-02-24T21:00:00,3,4.259949207305908,4.735569953918457,8.0256986618042
AT,AKC,urban,2023-02-24T22:00:00,3,3.1174488067626953,3.2017154693603516,8.815950393676758
AT,AKC,urban,2023-02-24T23:00:00,3,2.5000505447387695,2.865964889526367,6.932748794555664
AT,AKC,urban,2023-02-25T00:00:00,3,1.6527996063232422,2.447368621826172,4.259949207305908
AT,AKC,urban,2023-02-25T01:00:00,3,1.2016992568969727,2.397610664367676,3.1174488067626953
AT,AKC,urban,2023-02-25T02:00:00,3,1.1759986877441406,2.638002395629883,2.5000505447387695
AT,AKC,urban,2023-02-25T03:00:00,3,1.2128992080688477,2.0568361282348633,1.6527996063232422
AT,AKC,urban,2023-02-25T04:00:00,3,1.3666000366210938,1.8099899291992188,1.2016992568969727
AT,AKC,urban,2023-02-25T05:00:00,3,2.1738500595092773,1.8823423385620117,1.1759986877441406
AT,AKC,urban,2023-02-25T06:00:00,3,2.9798994064331055,1.9753532409667969,1.2128992080688477
AT,AKC,urban,2023-02-25T07:00:00,3,3.291548728942871,2.1399221420288086,1.3666000366210938
AT,AKC,urban,2023-02-25T08:00:00,3,2.8152990341186523,2.794125556945801,2.1738500595092773
AT,AKC,urban,2023-02-25T09:00:00,3,2.8993988037109375,3.4610300064086914,2.9798994064331055
AT,AKC,urban,2023-02-25T10:00:00,3,2.532750129699707,3.5876235961914062,3.291548728942871
AT,AKC,urban,2023-02-25T11:00:00,3,2.607048988342285,3.054689407348633,2.8152990341186523
AT,AKC,urban,2023-02-25T12:00:00,3,2.982150077819824,3.10540771484375,2.8993988037109375
AT,AKC,urban,2023-02-25T13:00:00,3,2.001500129699707,2.882704734802246,2.532750129699707
AT,AKC,urban,2023-02-25T14:00:00,3,3.1197996139526367,3.1128835678100586,2.607048988342285
AT,AKC,urban,2023-02-25T15:00:00,3,1.7674503326416016,3.61000919342041,2.982150077819824
AT,AKC,urban,2023-02-25T16:00:00,3,2.134598731994629,2.6880578994750977,2.001500129699707
AT,AKC,urban,2023-02-25T17:00:00,3,2.797299385070801,3.813976287841797,3.1197996139526367
AT,AKC,urban,2023-02-25T18:00:00,3,3.3466997146606445,2.3888893127441406,1.7674503326416016
AT,AKC,urban,2023-02-25T19:00:00,3,3.9587488174438477,2.6836729049682617,2.134598731994629
AT,AKC,urban,2023-02-25T20:00:00,3,3.9854989051818848,3.1942873001098633,2.797299385070801
AT,AKC,urban,2023-02-25T21:00:00,3,4.239748954772949,3.9266810417175293,3.3466997146606445
AT,AKC,urban,2023-02-25T22:00:00,3,4.253349781036377,4.473526477813721,3.9587488174438477
AT,AKC,urban,2023-02-25T23:00:00,3,3.5556488037109375,4.581314563751221,3.9854989051818848
AT,AKC,urban,2023-02-26T00:00:00,3,3.587948799133301,4.9161858558654785,4.239748954772949
AT,AKC,urban,2023-02-26T01:00:00,3,4.29080057144165,5.0867018699646,4.253349781036377
AT,AKC,urban,2023-02-26T02:00:00,3,5.283598899841309,4.606756687164307,3.5556488037109375
AT,AKC,urban,2023-02-26T03:00:00,3,5.777698993682861,4.8137617111206055,3.587948799133301
AT,AKC,urban,2023-02-26T04:00:00,3,5.82165002822876,5.52345085144043,4.29080057144165
AT,AKC,urban,2023-02-26T05:00:00,3,4.866098880767822,6.316049098968506,5.283598899841309
AT,AKC,urban,2023-02-26T06:00:00,3,3.4028491973876953,6.3637590408325195,5.777698993682861
AT,AKC,urban,2023-02-26T07:00:00,3,3.270648956298828,6.251392364501953,5.82165002822876
AT,AKC,urban,2023-02-26T08:00:00,3,3.421548843383789,5.3498945236206055,4.866098880767822
AT,AKC,urban,2023-02-26T09:00:00,3,3.1518001556396484,4.177651405334473,3.4028491973876953
AT,AKC,urban,2023-02-26T10:00:00,3,3.344149589538574,4.330783367156982,3.270648956298828
AT,AKC,urban,2023-02-26T11:00:00,3,3.4924001693725586,4.581593036651611,3.421548843383789
AT,AKC,urban,2023-02-26T12:00:00,3,3.3256988525390625,4.463341236114502,3.1518001556396484
AT,AKC,urban,2023-02-26T13:00:00,3,3.8124494552612305,4.719442367553711,3.344149589538574
AT,AKC,urban,2023-02-26T14:00:00,3,4.637148857116699,4.862449645996094,3.4924001693725586
AT,AKC,urban,2023-02-26T15:00:00,3,5.825348854064941,4.549714088439941,3.3256988525390625
AT,AKC,urban,2023-02-26T16:00:00,3,5.224499225616455,4.905367851257324,3.8124494552612305
AT,AKC,urban,2023-02-26T17:00:00,3,5.060400009155273,5.4590559005737305,4.637148857116699
AT,AKC,urban,2023-02-26T18:00:00,3,5.606348991394043,6.146613597869873,5.825348854064941
AT,AKC,urban,2023-02-26T19:00:00,3,5.978499889373779,5.40270471572876,5.224499225616455
AT,AKC,urban,2023-02-26T20:00:00,3,6.52094841003418,5.023700714111328,5.060400009155273
AT,AKC,urban,2023-02-26T21:00:00,3,6.603448390960693,5.584662914276123,5.606348991394043
AT,AKC,urban,2023-02-26T22:00:00,3,5.6533989906311035,5.990158557891846,5.978499889373779
AT,AKC,urban,2023-02-26T23:00:00,3,5.272449016571045,6.598597526550293,6.52094841003418
AT,AKC,urban,2023-02-27T00:00:00,3,5.309450149536133,7.010875701904297,6.603448390960693
AT,AKC,urban,2023-02-27T01:00:00,3,5.117599010467529,6.238056182861328,5.6533989906311035
AT,AKC,urban,2023-02-27T02:00:00,3,5.130248546600342,6.586453914642334,5.272449016571045
AT,AKC,urban,2023-02-27T03:00:00,3,5.9620490074157715,7.106110095977783,5.309450149536133
AT,AKC,urban,2023-02-27T04:00:00,3,6.3983001708984375,7.599514484405518,5.117599010467529
AT,AKC,urban,2023-02-27T05:00:00,3,5.85914945602417,7.29638671875,5.130248546600342
AT,AKC,urban,2023-02-27T06:00:00,3,5.191100120544434,7.945310592651367,5.9620490074157715
AT,AKC,urban,2023-02-27T07:00:00,3,5.762700080871582,7.5964035987854,6.3983001708984375
AT,AKC,urban,2023-02-27T08:00:00,3,6.039198875427246,6.547049522399902,5.85914945602417
AT,AKC,urban,2023-02-27T09:00:00,3,6.614349842071533,5.562069416046143,5.191100120544434
AT,AKC,urban,2023-02-27T10:00:00,3,6.577300071716309,5.945984363555908,5.762700080871582
AT,AKC,urban,2023-02-27T11:00:00,3,6.193099498748779,6.260800838470459,6.039198875427246
AT,AKC,urban,2023-02-27T12:00:00,3,6.144800186157227,6.7761149406433105,6.614349842071533
AT,AKC,urban,2023-02-27T13:00:00,3,6.385299205780029,6.946939468383789,6.577300071716309
AT,AKC,urban,2023-02-27T14:00:00,3,8.45265007019043,6.727834224700928,6.193099498748779
AT,AKC,urban,2023-02-27T15:00:00,3,11.048500061035156,6.888997554779053,6.144800186157227
AT,AKC,urban,2023-02-27T16:00:00,3,10.760499954223633,7.1860857009887695,6.385299205780029
AT,AKC,urban,2023-02-27T17:00:00,3,10.538000106811523,9.14352035522461,8.45265007019043
AT,AKC,urban,2023-02-27T18:00:00,3,11.263500213623047,11.040802955627441,11.048500061035156
AT,AKC,urban,2023-02-27T19:00:00,3,12.534000396728516,10.600695610046387,10.760499954223633
AT,AKC,urban,2023-02-27T20:00:00,3,12.650500297546387,10.232298851013184,10.538000106811523
AT,AKC,urban,2023-02-27T21:00:00,3,13.214500427246094,10.973490715026855,11.263500213623047
AT,AKC,urban,2023-02-27T22:00:00,3,14.069000244140625,12.502467155456543,12.534000396728516
AT,AKC,urban,2023-02-27T23:00:00,3,14.60949993133545,12.771843910217285,12.650500297546387
AT,AKC,urban,2023-02-28T00:00:00,3,15.182000160217285,13.682648658752441,13.214500427246094
AT,AKC,urban,2023-02-28T01:00:00,3,15.416500091552734,14.74014663696289,14.069000244140625
AT,AKC,urban,2023-02-28T02:00:00,3,16.840499877929688,15.686468124389648,14.60949993133545
AT,AKC,urban,2023-02-28T03:00:00,3,17.917999267578125,16.87815284729004,15.182000160217285
AT,AKC,urban,2023-02-28T04:00:00,3,19.46299934387207,17.5863037109375,15.416500091552734
AT,AKC,urban,2023-02-28T05:00:00,3,21.004499435424805,18.920724868774414,16.840499877929688
AT,AKC,urban,2023-02-28T06:00:00,3,19.451499938964844,19.69997215270996,17.917999267578125
AT,AKC,urban,2023-02-28T07:00:00,3,19.61949920654297,20.453975677490234,19.46299934387207
AT,AKC,urban,2023-02-28T08:00:00,3,19.613000869750977,21.282316207885742,21.004499435424805
AT,AKC,urban,2023-02-28T09:00:00,3,17.194499969482422,19.14392852783203,19.451499938964844
AT,AKC,urban,2023-02-28T10:00:00,3,15.664999961853027,19.082923889160156,19.61949920654297
AT,AKC,urban,2023-02-28T11:00:00,3,16.392000198364258,19.71632194519043,19.613000869750977
AT,AKC,urban,2023-02-28T12:00:00,3,17.354999542236328,17.486356735229492,17.194499969482422
AT,AKC,urban,2023-02-28T13:00:00,3,17.441499710083008,17.23920440673828,15.664999961853027
AT,AKC,urban,2023-02-28T14:00:00,3,20.161500930786133,18.754405975341797,16.392000198364258
AT,AKC,urban,2023-02-28T15:00:00,3,17.75550079345703,20.493206024169922,17.354999542236328
AT,AKC,urban,2023-02-28T16:00:00,3,19.433000564575195,20.62742805480957,17.441499710083008
AT,AKC,urban,2023-02-28T17:00:00,3,20.540000915527344,22.968006134033203,20.161500930786133
AT,AKC,urban,2023-02-28T18:00:00,3,23.04050064086914,19.69454002380371,17.75550079345703
AT,AKC,urban,2023-02-28T19:00:00,3,25.061500549316406,20.62887191772461,19.433000564575195
AT,AKC,urban,2023-02-28T20:00:00,3,26.062000274658203,20.74407958984375,20.540000915527344
AT,AKC,urban,2023-02-28T21:00:00,3,27.488000869750977,22.61553192138672,23.04050064086914
AT,AKC,urban,2023-02-28T22:00:00,3,28.599502563476562,23.88272476196289,25.061500549316406
AT,AKC,urban,2023-02-28T23:00:00,3,29.519001007080078,24.979148864746094,26.062000274658203
AT,AKC,urban,2023-03-01T00:00:00,3,30.41250228881836,26.8768367767334,27.488000869750977
AT,AKC,urban,2023-03-01T01:00:00,3,30.506999969482422,28.396099090576172,28.599502563476562
AT,AKC,urban,2023-03-01T02:00:00,3,30.56650161743164,29.82347869873047,29.519001007080078
AT,AKC,urban,2023-03-01T03:00:00,3,30.483501434326172,31.250293731689453,30.41250228881836
AT,AKC,urban,2023-03-01T04:00:00,3,31.43199920654297,31.678783416748047,30.506999969482422
AT,AKC,urban,2023-03-01T05:00:00,3,31.84400177001953,31.58639144897461,30.56650161743164
AT,AKC,urban,2023-03-01T06:00:00,3,30.0625,30.232837677001953,30.483501434326172
AT,AKC,urban,2023-03-01T07:00:00,3,24.28700065612793,28.962223052978516,31.43199920654297
AT,AKC,urban,2023-03-01T08:00:00,3,24.416500091552734,27.229450225830078,31.84400177001953
AT,AKC,urban,2023-03-01T09:00:00,3,22.417499542236328,24.904460906982422,30.0625
AT,AKC,urban,2023-03-01T10:00:00,3,22.01300048828125,20.46959686279297,24.28700065612793
AT,AKC,urban,2023-03-01T11:00:00,3,23.269500732421875,22.122562408447266,24.416500091552734
AT,AKC,urban,2023-03-01T12:00:00,3,22.99650001525879,20.66581153869629,22.417499542236328
AT,AKC,urban,2023-03-01T13:00:00,3,22.069499969482422,22.025606155395508,22.01300048828125
AT,AKC,urban,2023-03-01T14:00:00,3,24.020999908447266,23.93785858154297,23.269500732421875
AT,AKC,urban,2023-03-01T15:00:00,3,26.863000869750977,24.8289852142334,22.99650001525879
AT,AKC,urban,2023-03-01T16:00:00,3,28.819499969482422,24.266542434692383,22.069499969482422
AT,AKC,urban,2023-03-01T17:00:00,3,27.264999389648438,25.759761810302734,24.020999908447266
AT,AKC,urban,2023-03-01T18:00:00,3,29.79800033569336,27.235309600830078,26.863000869750977
AT,AKC,urban,2023-03-01T19:00:00,3,33.582000732421875,28.050846099853516,28.819499969482422
AT,AKC,urban,2023-03-01T20:00:00,3,37.0724983215332,26.100732803344727,27.264999389648438
AT,AKC,urban,2023-03-01T21:00:00,3,38.919498443603516,28.584484100341797,29.79800033569336
AT,AKC,urban,2023-03-01T22:00:00,3,40.858001708984375,30.642810821533203,33.582000732421875
AT,AKC,urban,2023-03-01T23:00:00,3,39.37799835205078,31.997821807861328,37.0724983215332
AT,AKC,urban,2023-03-02T00:00:00,3,38.27750015258789,33.05874252319336,38.919498443603516
AT,AKC,urban,2023-03-02T01:00:00,3,38.417999267578125,34.84138107299805,40.858001708984375
AT,AKC,urban,2023-03-02T02:00:00,3,38.462501525878906,34.96315002441406,39.37799835205078
AT,AKC,urban,2023-03-02T03:00:00,3,39.554996490478516,37.11170196533203,38.27750015258789
AT,AKC,urban,2023-03-02T04:00:00,3,38.372501373291016,38.83787155151367,38.417999267578125
AT,AKC,urban,2023-03-02T05:00:00,3,40.270999908447266,39.0295295715332,38.462501525878906
AT,AKC,urban,2023-03-02T06:00:00,3,40.63999938964844,38.1410026550293,39.554996490478516
AT,AKC,urban,2023-03-02T07:00:00,3,38.83300018310547,35.88616180419922,38.372501373291016
AT,AKC,urban,2023-03-02T08:00:00,3,34.77799987792969,36.00271224975586,40.270999908447266
AT,AKC,urban,2023-03-02T09:00:00,3,25.80699920654297,35.55931091308594,40.63999938964844
AT,AKC,urban,2023-03-02T10:00:00,3,23.521499633789062,34.023311614990234,38.83300018310547
AT,AKC,urban,2023-03-02T11:00:00,3,23.1299991607666,31.527671813964844,34.77799987792969
AT,AKC,urban,2023-03-02T12:00:00,3,21.868499755859375,26.998703002929688,25.80699920654297
AT,AKC,urban,2023-03-02T13:00:00,3,20.47599983215332,26.708744049072266,23.521499633789062
AT,AKC,urban,2023-03-02T14:00:00,3,21.0674991607666,27.910564422607422,23.1299991607666
AT,AKC,urban,2023-03-02T15:00:00,3,20.555999755859375,26.704593658447266,21.868499755859375
AT,AKC,urban,2023-03-02T16:00:00,3,27.368999481201172,25.868743896484375,20.47599983215332
AT,AKC,urban,2023-03-02T17:00:00,3,23.75950050354004,25.520000457763672,21.0674991607666
AT,AKC,urban,2023-03-02T18:00:00,3,26.769500732421875,22.664560317993164,20.555999755859375
AT,AKC,urban,2023-03-02T19:00:00,3,22.535499572753906,25.08203125,27.368999481201172
AT,AKC,urban,2023-03-02T20:00:00,3,21.966999053955078,20.56494140625,23.75950050354004
AT,AKC,urban,2023-03-02T21:00:00,3,20.719999313354492,22.807720184326172,26.769500732421875
AT,AKC,urban,2023-03-02T22:00:00,3,20.076499938964844,19.839576721191406,22.535499572753906
AT,AKC,urban,2023-03-02T23:00:00,3,22.792999267578125,20.144554138183594,21.966999053955078
AT,AKC,urban,2023-03-03T00:00:00,3,27.14550018310547,21.77295684814453,20.719999313354492
AT,AKC,urban,2023-03-03T01:00:00,3,32.10749816894531,22.59813690185547,20.076499938964844
AT,AKC,urban,2023-03-03T02:00:00,3,32.317501068115234,27.099559783935547,22.792999267578125
AT,AKC,urban,2023-03-03T03:00:00,3,35.997501373291016,31.349056243896484,27.14550018310547
AT,AKC,urban,2023-03-03T04:00:00,3,41.930999755859375,35.48286819458008,32.10749816894531
AT,AKC,urban,2023-03-03T05:00:00,3,37.486000061035156,33.515716552734375,32.317501068115234
AT,AKC,urban,2023-03-03T06:00:00,3,36.176998138427734,33.699249267578125,35.997501373291016
AT,AKC,urban,2023-03-03T07:00:00,3,33.8385009765625,34.12596893310547,41.930999755859375
AT,AKC,urban,2023-03-03T08:00:00,3,29.032001495361328,28.200035095214844,37.486000061035156
AT,AKC,urban,2023-03-03T09:00:00,3,28.528499603271484,25.578105926513672,36.176998138427734
AT,AKC,urban,2023-03-03T10:00:00,3,27.756000518798828,22.877660751342773,33.8385009765625
AT,AKC,urban,2023-03-03T11:00:00,3,24.480499267578125,19.77410888671875,29.032001495361328
AT,AKC,urban,2023-03-03T12:00:00,3,18.87299919128418,23.087841033935547,28.528499603271484
AT,AKC,urban,2023-03-03T13:00:00,3,21.160999298095703,25.90142059326172,27.756000518798828
AT,AKC,urban,2023-03-03T14:00:00,3,21.770999908447266,25.86808967590332,24.480499267578125
AT,AKC,urban,2023-03-03T15:00:00,3,21.56999969482422,22.779945373535156,18.87299919128418
AT,AKC,urban,2023-03-03T16:00:00,3,26.80500030517578,25.62735366821289,21.160999298095703
AT,AKC,urban,2023-03-03T17:00:00,3,26.211000442504883,25.83090591430664,21.770999908447266
AT,AKC,urban,2023-03-03T18:00:00,3,25.604999542236328,23.589881896972656,21.56999969482422
AT,AKC,urban,2023-03-03T19:00:00,3,24.83449935913086,27.541805267333984,26.80500030517578
AT,AKC,urban,2023-03-03T20:00:00,3,26.6875,26.666332244873047,26.211000442504883
AT,AKC,urban,2023-03-03T21:00:00,3,26.11549949645996,26.77025032043457,25.604999542236328
AT,AKC,urban,2023-03-03T22:00:00,3,19.892499923706055,27.29491424560547,24.83449935913086
AT,AKC,urban,2023-03-03T23:00:00,3,17.204500198364258,29.900920867919922,26.6875
AT,AKC,urban,2023-03-04T00:00:00,3,23.849000930786133,29.807090759277344,26.11549949645996
AT,AKC,urban,2023-03-04T01:00:00,3,37.45750045776367,24.306468963623047,19.892499923706055
AT,AKC,urban,2023-03-04T02:00:00,3,35.39149856567383,22.663698196411133,17.204500198364258
AT,AKC,urban,2023-03-04T03:00:00,3,35.205501556396484,26.44610595703125,23.849000930786133
AT,AKC,urban,2023-03-04T04:00:00,3,35.81050109863281,30.850452423095703,37.45750045776367
AT,AKC,urban,2023-03-04T05:00:00,3,34.94749450683594,27.063953399658203,35.39149856567383
AT,AKC,urban,2023-03-04T06:00:00,3,22.586999893188477,26.6988525390625,35.205501556396484
AT,AKC,urban,2023-03-04T07:00:00,3,15.549500465393066,25.663623809814453,35.81050109863281
AT,AKC,urban,2023-03-04T08:00:00,3,15.475000381469727,25.840015411376953,34.94749450683594
AT,AKC,urban,2023-03-04T09:00:00,3,14.215999603271484,16.30217170715332,22.586999893188477
AT,AKC,urban,2023-03-04T10:00:00,3,16.27750015258789,11.849018096923828,15.549500465393066
AT,AKC,urban,2023-03-04T11:00:00,3,17.030000686645508,12.725689888000488,15.475000381469727
AT,AKC,urban,2023-03-04T12:00:00,3,19.886499404907227,11.896224975585938,14.215999603271484
AT,AKC,urban,2023-03-04T13:00:00,3,19.40850067138672,14.78061294555664,16.27750015258789
AT,AKC,urban,2023-03-04T14:00:00,3,18.16349983215332,15.154752731323242,17.030000686645508
AT,AKC,urban,2023-03-04T15:00:00,3,14.745499610900879,17.652774810791016,19.886499404907227
AT,AKC,urban,2023-03-04T16:00:00,3,13.913999557495117,16.40414047241211,19.40850067138672
AT,AKC,urban,2023-03-04T17:00:00,3,12.067999839782715,15.91270923614502,18.16349983215332
AT,AKC,urban,2023-03-04T18:00:00,3,13.36400032043457,12.654470443725586,14.745499610900879
AT,AKC,urban,2023-03-04T19:00:00,3,15.091500282287598,12.206730842590332,13.913999557495117
AT,AKC,urban,2023-03-04T20:00:00,3,16.118999481201172,10.794355392456055,12.067999839782715
AT,AKC,urban,2023-03-04T21:00:00,3,16.236000061035156,12.053037643432617,13.36400032043457
AT,AKC,urban,2023-03-04T22:00:00,3,15.161499977111816,13.394525527954102,15.091500282287598
AT,AKC,urban,2023-03-04T23:00:00,3,15.120499610900879,13.949085235595703,16.118999481201172
AT,AKC,urban,2023-03-05T00:00:00,3,15.196000099182129,13.632722854614258,16.236000061035156
AT,AKC,urban,2023-03-05T01:00:00,3,14.954500198364258,11.907217025756836,15.161499977111816
AT,AKC,urban,2023-03-05T02:00:00,3,15.053500175476074,11.371155738830566,15.120499610900879
AT,AKC,urban,2023-03-05T03:00:00,3,14.232000350952148,10.851994514465332,15.196000099182129
AT,AKC,urban,2023-03-05T04:00:00,3,16.136499404907227,10.662219047546387,14.954500198364258
AT,AKC,urban,2023-03-05T05:00:00,3,16.489500045776367,10.673078536987305,15.053500175476074
AT,AKC,urban,2023-03-05T06:00:00,3,16.670000076293945,10.123764038085938,14.232000350952148
AT,AKC,urban,2023-03-05T07:00:00,3,15.691499710083008,11.522924423217773,16.136499404907227
AT,AKC,urban,2023-03-05T08:00:00,3,15.805999755859375,11.689894676208496,16.489500045776367
AT,AKC,urban,2023-03-05T09:00:00,3,14.967000007629395,12.555655479431152,16.670000076293945
AT,AKC,urban,2023-03-05T10:00:00,3,7.206549644470215,11.796163558959961,15.691499710083008
AT,AKC,urban,2023-03-05T11:00:00,3,6.267798900604248,13.004617691040039,15.805999755859375
AT,AKC,urban,2023-03-05T12:00:00,3,6.499598979949951,12.831947326660156,14.967000007629395
AT,AKC,urban,2023-03-05T13:00:00,3,6.649899482727051,7.266340732574463,7.206549644470215
AT,AKC,urban,2023-03-05T14:00:00,3,6.5413498878479,7.819899082183838,6.267798900604248
AT,AKC,urban,2023-03-05T15:00:00,3,6.602999210357666,8.674518585205078,6.499598979949951
AT,AKC,urban,2023-03-05T16:00:00,3,7.215848445892334,9.603466033935547,6.649899482727051
AT,AKC,urban,2023-03-05T17:00:00,3,7.3927998542785645,9.57942008972168,6.5413498878479
AT,AKC,urban,2023-03-05T18:00:00,3,7.830149173736572,9.150751113891602,6.602999210357666
AT,AKC,urban,2023-03-05T19:00:00,3,9.726948738098145,8.707823753356934,7.215848445892334
AT,AKC,urban,2023-03-05T20:00:00,3,11.131999969482422,7.610713958740234,7.3927998542785645
AT,AKC,urban,2023-03-05T21:00:00,3,8.545598030090332,7.3288044929504395,7.830149173736572
AT,AKC,urban,2023-03-05T22:00:00,3,6.465048789978027,8.322183609008789,9.726948738098145
AT,AKC,urban,2023-03-05T23:00:00,3,5.277198791503906,9.533132553100586,11.131999969482422
AT,AKC,urban,2023-03-06T00:00:00,3,5.02834939956665,6.588820934295654,8.545598030090332
AT,AKC,urban,2023-03-06T01:00:00,3,5.31804895401001,5.356905937194824,6.465048789978027
AT,AKC,urban,2023-03-06T02:00:00,3,7.400699138641357,5.326396942138672,5.277198791503906
AT,AKC,urban,2023-03-06T03:00:00,3,9.934800148010254,5.990408897399902,5.02834939956665
AT,AKC,urban,2023-03-06T04:00:00,3,13.182000160217285,6.884387493133545,5.31804895401001
AT,AKC,urban,2023-03-06T05:00:00,3,14.067500114440918,7.471987724304199,7.400699138641357
AT,AKC,urban,2023-03-06T06:00:00,3,14.194999694824219,7.8129072189331055,9.934800148010254
AT,AKC,urban,2023-03-06T07:00:00,3,14.47700023651123,9.2114896774292,13.182000160217285
AT,AKC,urban,2023-03-06T08:00:00,3,14.152999877929688,10.63180160522461,14.067500114440918
AT,AKC,urban,2023-03-06T09:00:00,3,15.156000137329102,11.656512260437012,14.194999694824219
AT,AKC,urban,2023-03-06T10:00:00,3,14.275500297546387,12.083513259887695,14.47700023651123
AT,AKC,urban,2023-03-06T11:00:00,3,14.358499526977539,12.27365779876709,14.152999877929688
AT,AKC,urban,2023-03-06T12:00:00,3,12.908499717712402,13.419973373413086,15.156000137329102
AT,AKC,urban,2023-03-06T13:00:00,3,13.388999938964844,12.51687240600586,14.275500297546387
AT,AKC,urban,2023-03-06T14:00:00,3,14.83650016784668,12.947128295898438,14.358499526977539
AT,AKC,urban,2023-03-06T15:00:00,3,15.991000175476074,11.787384986877441,12.908499717712402
AT,AKC,urban,2023-03-06T16:00:00,3,16.083999633789062,12.687015533447266,13.388999938964844
AT,AKC,urban,2023-03-06T17:00:00,3,14.842000007629395,14.320894241333008,14.83650016784668
AT,AKC,urban,2023-03-06T18:00:00,3,14.007499694824219,14.835025787353516,15.991000175476074
AT,AKC,urban,2023-03-06T19:00:00,3,14.954999923706055,15.563617706298828,16.083999633789062
AT,AKC,urban,2023-03-06T20:00:00,3,15.254500389099121,14.654640197753906,14.842000007629395
AT,AKC,urban,2023-03-06T21:00:00,3,16.339000701904297,14.139546394348145,14.007499694824219
AT,AKC,urban,2023-03-06T22:00:00,3,17.21500015258789,14.351158142089844,14.954999923706055
AT,AKC,urban,2023-03-06T23:00:00,3,17.18199920654297,14.377336502075195,15.254500389099121
AT,AKC,urban,2023-03-07T00:00:00,3,16.33799934387207,14.747836112976074,16.339000701904297
AT,AKC,urban,2023-03-07T01:00:00,3,16.853500366210938,15.501354217529297,17.21500015258789
AT,AKC,urban,2023-03-07T02:00:00,3,15.593000411987305,15.435901641845703,17.18199920654297
AT,AKC,urban,2023-03-07T03:00:00,3,16.11400032043457,15.687148094177246,16.33799934387207
AT,AKC,urban,2023-03-07T04:00:00,3,16.409500122070312,15.89433765411377,16.853500366210938
AT,AKC,urban,2023-03-07T05:00:00,3,19.033000946044922,13.658182144165039,15.593000411987305
AT,AKC,urban,2023-03-07T06:00:00,3,17.06599998474121,10.503262519836426,16.11400032043457
AT,AKC,urban,2023-03-07T07:00:00,3,14.557999610900879,9.103466033935547,16.409500122070312
AT,AKC,urban,2023-03-07T08:00:00,3,16.000499725341797,10.645894050598145,19.033000946044922
AT,AKC,urban,2023-03-07T09:00:00,3,14.498499870300293,11.348010063171387,17.06599998474121
AT,AKC,urban,2023-03-07T10:00:00,3,12.411499977111816,10.912636756896973,14.557999610900879
AT,AKC,urban,2023-03-07T11:00:00,3,10.371749877929688,13.073620796203613,16.000499725341797
AT,AKC,urban,2023-03-07T12:00:00,3,9.979998588562012,13.052532196044922,14.498499870300293
AT,AKC,urban,2023-03-07T13:00:00,3,12.30049991607666,11.82409954071045,12.411499977111816
AT,AKC,urban,2023-03-07T14:00:00,3,15.749500274658203,11.080337524414062,10.371749877929688
AT,AKC,urban,2023-03-07T15:00:00,3,17.410999298095703,10.609572410583496,9.979998588562012
AT,AKC,urban,2023-03-07T16:00:00,3,18.229999542236328,13.208488464355469,12.30049991607666
AT,AKC,urban,2023-03-07T17:00:00,3,20.29800033569336,15.658397674560547,15.749500274658203
AT,AKC,urban,2023-03-07T18:00:00,3,23.75200080871582,15.760784149169922,17.410999298095703
AT,AKC,urban,2023-03-07T19:00:00,3,24.724498748779297,14.402801513671875,18.229999542236328
AT,AKC,urban,2023-03-07T20:00:00,3,18.267000198364258,13.307424545288086,20.29800033569336
AT,AKC,urban,2023-03-07T21:00:00,3,16.387500762939453,11.491307258605957,23.75200080871582
AT,AKC,urban,2023-03-07T22:00:00,3,11.933500289916992,8.7095947265625,24.724498748779297
AT,AKC,urban,2023-03-07T23:00:00,3,11.779999732971191,4.248617649078369,18.267000198364258
AT,AKC,urban,2023-03-08T00:00:00,3,12.642000198364258,6.499396324157715,16.387500762939453
AT,AKC,urban,2023-03-08T01:00:00,3,12.031499862670898,6.077517509460449,11.933500289916992
AT,AKC,urban,2023-03-08T02:00:00,3,13.130499839782715,8.091706275939941,11.779999732971191
AT,AKC,urban,2023-03-08T03:00:00,3,13.69950008392334,9.655339241027832,12.642000198364258
AT,AKC,urban,2023-03-08T04:00:00,3,11.947999954223633,10.463743209838867,12.031499862670898
AT,AKC,urban,2023-03-08T05:00:00,3,8.95849895477295,11.492196083068848,13.130499839782715
AT,AKC,urban,2023-03-08T06:00:00,3,8.930048942565918,12.184778213500977,13.69950008392334
AT,AKC,urban,2023-03-08T07:00:00,3,10.779999732971191,10.463133811950684,11.947999954223633
AT,AKC,urban,2023-03-08T08:00:00,3,16.831499099731445,8.744709014892578,8.95849895477295
AT,AKC,urban,2023-03-08T09:00:00,3,17.632999420166016,9.127340316772461,8.930048942565918
AT,AKC,urban,2023-03-08T10:00:00,3,18.5575008392334,11.268506050109863,10.779999732971191
AT,AKC,urban,2023-03-08T11:00:00,3,17.181499481201172,15.667791366577148,16.831499099731445
AT,AKC,urban,2023-03-08T12:00:00,3,17.590499877929688,15.928943634033203,17.632999420166016
AT,AKC,urban,2023-03-08T13:00:00,3,19.136499404907227,15.132376670837402,18.5575008392334
AT,AKC,urban,2023-03-08T14:00:00,3,20.804000854492188,12.996262550354004,17.181499481201172
AT,AKC,urban,2023-03-08T15:00:00,3,24.520999908447266,13.138275146484375,17.590499877929688
AT,AKC,urban,2023-03-08T16:00:00,3,22.545499801635742,14.23410701751709,19.136499404907227
AT,AKC,urban,2023-03-08T17:00:00,3,19.38599967956543,15.372941017150879,20.804000854492188
AT,AKC,urban,2023-03-08T18:00:00,3,20.996000289916992,13.432544708251953,24.520999908447266
AT,AKC,urban,2023-03-08T19:00:00,3,19.690000534057617,12.906283378601074,22.545499801635742
AT,AKC,urban,2023-03-08T20:00:00,3,14.26550006866455,11.433939933776855,19.38599967956543
AT,AKC,urban,2023-03-08T21:00:00,3,6.968998908996582,14.86266803741455,20.996000289916992
AT,AKC,urban,2023-03-08T22:00:00,3,8.187700271606445,14.250696182250977,19.690000534057617
AT,AKC,urban,2023-03-08T23:00:00,3,8.631750106811523,11.041158676147461,14.26550006866455
AT,AKC,urban,2023-03-09T00:00:00,3,8.797249794006348,7.092893123626709,6.968998908996582
AT,AKC,urban,2023-03-09T01:00:00,3,9.955849647521973,8.837301254272461,8.187700271606445
AT,AKC,urban,2023-03-09T02:00:00,3,10.109999656677246,9.18321704864502,8.631750106811523
AT,AKC,urban,2023-03-09T03:00:00,3,4.434450149536133,9.744955062866211,8.797249794006348
AT,AKC,urban,2023-03-09T04:00:00,3,3.8366003036499023,10.580549240112305,9.955849647521973
AT,AKC,urban,2023-03-09T05:00:00,3,8.369898796081543,10.026966094970703,10.109999656677246
AT,AKC,urban,2023-03-09T06:00:00,3,11.285200119018555,5.5568318367004395,4.434450149536133
AT,AKC,urban,2023-03-09T07:00:00,3,7.919898986816406,4.927910804748535,3.8366003036499023
AT,AKC,urban,2023-03-09T08:00:00,3,4.165499687194824,5.05199670791626,8.369898796081543
AT,AKC,urban,2023-03-09T09:00:00,3,3.346050262451172,8.410350799560547,11.285200119018555
AT,AKC,urban,2023-03-09T10:00:00,3,3.039400100708008,6.581610202789307,7.919898986816406
AT,AKC,urban,2023-03-09T11:00:00,3,2.560349464416504,3.605706214904785,4.165499687194824
AT,AKC,urban,2023-03-09T12:00:00,3,2.4349489212036133,3.393052101135254,3.346050262451172
AT,AKC,urban,2023-03-09T13:00:00,3,2.1387996673583984,3.385176658630371,3.039400100708008
AT,AKC,urban,2023-03-09T14:00:00,3,2.807650566101074,3.3234481811523438,2.560349464416504
AT,AKC,urban,2023-03-09T15:00:00,3,5.629448890686035,3.7970876693725586,2.4349489212036133
AT,AKC,urban,2023-03-09T16:00:00,3,8.887350082397461,3.604741096496582,2.1387996673583984
AT,AKC,urban,2023-03-09T17:00:00,3,11.545999526977539,4.421478748321533,2.807650566101074
AT,AKC,urban,2023-03-09T18:00:00,3,11.878499984741211,6.8506245613098145,5.629448890686035
AT,AKC,urban,2023-03-09T19:00:00,3,9.735198974609375,8.646081924438477,8.887350082397461
AT,AKC,urban,2023-03-09T20:00:00,3,6.614999294281006,8.806783676147461,11.545999526977539
AT,AKC,urban,2023-03-09T21:00:00,3,7.9133501052856445,8.167089462280273,11.878499984741211
AT,AKC,urban,2023-03-09T22:00:00,3,6.977299213409424,7.549952507019043,9.735198974609375
AT,AKC,urban,2023-03-09T23:00:00,3,6.316598892211914,5.408007621765137,6.614999294281006
AT,AKC,urban,2023-03-10T00:00:00,3,6.3632493019104,7.802014350891113,7.9133501052856445
AT,AKC,urban,2023-03-10T01:00:00,3,6.306250095367432,7.912552833557129,6.977299213409424
AT,AKC,urban,2023-03-10T02:00:00,3,8.321949005126953,8.117364883422852,6.316598892211914
AT,AKC,urban,2023-03-10T03:00:00,3,10.418000221252441,9.246646881103516,6.3632493019104
AT,AKC,urban,2023-03-10T04:00:00,3,9.866250038146973,8.387036323547363,6.306250095367432
AT,AKC,urban,2023-03-10T05:00:00,3,12.491000175476074,9.440485954284668,8.321949005126953
AT,AKC,urban,2023-03-10T06:00:00,3,14.552499771118164,8.544536590576172,10.418000221252441
AT,AKC,urban,2023-03-10T07:00:00,3,14.537500381469727,7.45453405380249,9.866250038146973
AT,AKC,urban,2023-03-10T08:00:00,3,6.37354850769043,9.430974960327148,12.491000175476074
AT,AKC,urban,2023-03-10T09:00:00,3,4.4232988357543945,9.997424125671387,14.552499771118164
AT,AKC,urban,2023-03-10T10:00:00,3,4.384850025177002,10.485457420349121,14.537500381469727
AT,AKC,urban,2023-03-10T11:00:00,3,3.9984493255615234,4.910698413848877,6.37354850769043
AT,AKC,urban,2023-03-10T12:00:00,3,3.4093990325927734,4.703477382659912,4.4232988357543945
AT,AKC,urban,2023-03-10T13:00:00,3,3.0011987686157227,5.153174877166748,4.384850025177002
AT,AKC,urban,2023-03-10T14:00:00,3,3.786799430847168,5.077552318572998,3.9984493255615234
AT,AKC,urban,2023-03-10T15:00:00,3,2.9298505783081055,5.4449286460876465,3.4093990325927734
AT,AKC,urban,2023-03-10T16:00:00,3,2.8265504837036133,5.425365924835205,3.0011987686157227
AT,AKC,urban,2023-03-10T17:00:00,3,1.738800048828125,5.713413715362549,3.786799430847168
AT,AKC,urban,2023-03-10T18:00:00,3,1.5333490371704102,4.1131720542907715,2.9298505783081055
AT,AKC,urban,2023-03-10T19:00:00,3,1.8663997650146484,2.0830507278442383,2.8265504837036133
AT,AKC,urban,2023-03-10T20:00:00,3,2.076798439025879,1.0472841262817383,1.738800048828125
AT,AKC,urban,2023-03-10T21:00:00,3,2.193598747253418,0.9804515838623047,1.5333490371704102
AT,AKC,urban,2023-03-10T22:00:00,3,2.0565996170043945,1.460373878479004,1.8663997650146484
AT,AKC,urban,2023-03-10T23:00:00,3,2.0847997665405273,1.9371614456176758,2.076798439025879
AT,AKC,urban,2023-03-11T00:00:00,3,2.3660993576049805,2.1677846908569336,2.193598747253418
AT,AKC,urban,2023-03-11T01:00:00,3,1.9931488037109375,2.2137041091918945,2.0565996170043945
AT,AKC,urban,2023-03-11T02:00:00,3,1.7771492004394531,2.295783042907715,2.0847997665405273
AT,AKC,urban,2023-03-11T03:00:00,3,2.204899787902832,2.7369213104248047,2.3660993576049805
AT,AKC,urban,2023-03-11T04:00:00,3,2.4127988815307617,2.5153684616088867,1.9931488037109375
AT,AKC,urban,2023-03-11T05:00:00,3,2.1117000579833984,2.354337692260742,1.7771492004394531
AT,AKC,urban,2023-03-11T06:00:00,3,1.9799003601074219,2.735065460205078,2.204899787902832
AT,AKC,urban,2023-03-11T07:00:00,3,1.711099624633789,2.7793798446655273,2.4127988815307617
AT,AKC,urban,2023-03-11T08:00:00,3,2.0043487548828125,2.4512577056884766,2.1117000579833984
AT,AKC,urban,2023-03-11T09:00:00,3,1.8321495056152344,2.081221580505371,1.9799003601074219
AT,AKC,urban,2023-03-11T10:00:00,3,2.007899284362793,1.7495126724243164,1.711099624633789
AT,AKC,urban,2023-03-11T11:00:00,3,2.0858993530273438,2.0278825759887695,2.0043487548828125
AT,AKC,urban,2023-03-11T12:00:00,3,1.8968486785888672,1.9159927368164062,1.8321495056152344
AT,AKC,urban,2023-03-11T13:00:00,3,1.9031486511230469,2.273575782775879,2.007899284362793
AT,AKC,urban,2023-03-11T14:00:00,3,2.200150489807129,2.5802221298217773,2.0858993530273438
AT,AKC,urban,2023-03-11T15:00:00,3,2.588250160217285,2.4467945098876953,1.8968486785888672
AT,AKC,urban,2023-03-11T16:00:00,3,2.7122488021850586,2.5120019912719727,1.9031486511230469
AT,AKC,urban,2023-03-11T17:00:00,3,2.9964494705200195,2.801952362060547,2.200150489807129
AT,AKC,urban,2023-03-11T18:00:00,3,3.6356000900268555,3.277576446533203,2.588250160217285
AT,AKC,urban,2023-03-11T19:00:00,3,4.212800025939941,3.315980911254883,2.7122488021850586
AT,AKC,urban,2023-03-11T20:00:00,3,4.513050079345703,3.543119430541992,2.9964494705200195
AT,AKC,urban,2023-03-11T21:00:00,3,4.433349132537842,4.082441329956055,3.6356000900268555
AT,AKC,urban,2023-03-11T22:00:00,3,4.340548992156982,4.610910415649414,4.212800025939941
AT,AKC,urban,2023-03-11T23:00:00,3,4.563549041748047,4.83677339553833,4.513050079345703
AT,AKC,urban,2023-03-12T00:00:00,3,4.858799457550049,4.862673759460449,4.433349132537842
AT,AKC,urban,2023-03-12T01:00:00,3,5.070650100708008,4.95424222946167,4.340548992156982
AT,AKC,urban,2023-03-12T02:00:00,3,4.931250095367432,5.463869094848633,4.563549041748047
AT,AKC,urban,2023-03-12T03:00:00,3,4.788300037384033,5.887836933135986,4.858799457550049
AT,AKC,urban,2023-03-12T04:00:00,3,3.589900016784668,5.96834659576416,5.070650100708008
AT,AKC,urban,2023-03-12T05:00:00,3,3.322598457336426,5.600923538208008,4.931250095367432
AT,AKC,urban,2023-03-12T06:00:00,3,3.744500160217285,5.063878059387207,4.788300037384033
AT,AKC,urban,2023-03-12T07:00:00,3,4.842899799346924,3.734529495239258,3.589900016784668
AT,AKC,urban,2023-03-12T08:00:00,3,6.496448993682861,3.4589290618896484,3.322598457336426
AT,AKC,urban,2023-03-12T09:00:00,3,6.843949794769287,3.675546646118164,3.744500160217285
AT,AKC,urban,2023-03-12T10:00:00,3,6.285600185394287,4.366529941558838,4.842899799346924
AT,AKC,urban,2023-03-12T11:00:00,3,6.623048782348633,5.830654144287109,6.496448993682861
AT,AKC,urban,2023-03-12T12:00:00,3,8.042900085449219,6.221347808837891,6.843949794769287
AT,AKC,urban,2023-03-12T13:00:00,3,7.979098796844482,6.1399993896484375,6.285600185394287
AT,AKC,urban,2023-03-12T14:00:00,3,9.39164924621582,6.95556116104126,6.623048782348633
AT,AKC,urban,2023-03-12T15:00:00,3,10.168999671936035,8.765206336975098,8.042900085449219
AT,AKC,urban,2023-03-12T16:00:00,3,8.219550132751465,9.310381889343262,7.979098796844482
AT,AKC,urban,2023-03-12T17:00:00,3,8.03079891204834,11.129668235778809,9.39164924621582
AT,AKC,urban,2023-03-12T18:00:00,3,5.046298980712891,11.418265342712402,10.168999671936035
AT,AKC,urban,2023-03-12T19:00:00,3,5.436248779296875,9.223322868347168,8.219550132751465
AT,AKC,urban,2023-03-12T20:00:00,3,5.039750099182129,8.8084077835083,8.03079891204834
AT,AKC,urban,2023-03-12T21:00:00,3,7.172049045562744,5.847772598266602,5.046298980712891
AT,AKC,urban,2023-03-12T22:00:00,3,5.877799034118652,6.333332061767578,5.436248779296875
AT,AKC,urban,2023-03-12T23:00:00,3,7.169650077819824,6.028650283813477,5.039750099182129
AT,AKC,urban,2023-03-13T00:00:00,3,7.923150062561035,8.339112281799316,7.172049045562744
AT,AKC,urban,2023-03-13T01:00:00,3,7.730249881744385,7.607443332672119,5.877799034118652
AT,AKC,urban,2023-03-13T02:00:00,3,6.651350021362305,9.152373313903809,7.169650077819824
AT,AKC,urban,2023-03-13T03:00:00,3,8.415650367736816,10.72509765625,7.923150062561035
AT,AKC,urban,2023-03-13T04:00:00,3,9.906599044799805,10.83991813659668,7.730249881744385
AT,AKC,urban,2023-03-13T05:00:00,3,6.900149822235107,9.059932708740234,6.651350021362305
AT,AKC,urban,2023-03-13T06:00:00,3,8.838448524475098,7.906163215637207,8.415650367736816
AT,AKC,urban,2023-03-13T07:00:00,3,11.039999961853027,6.547203540802002,9.906599044799805
AT,AKC,urban,2023-03-13T08:00:00,3,11.409500122070312,5.413782596588135,6.900149822235107
AT,AKC,urban,2023-03-13T09:00:00,3,8.154998779296875,7.118791103363037,8.838448524475098
AT,AKC,urban,2023-03-13T10:00:00,3,7.762898921966553,9.2294340133667,11.039999961853027
AT,AKC,urban,2023-03-13T11:00:00,3,7.07105016708374,9.586740493774414,11.409500122070312
AT,AKC,urban,2023-03-13T12:00:00,3,8.962048530578613,7.388508319854736,8.154998779296875
AT,AKC,urban,2023-03-13T13:00:00,3,9.268600463867188,8.014935493469238,7.762898921966553
AT,AKC,urban,2023-03-13T14:00:00,3,9.131050109863281,8.486635208129883,7.07105016708374
AT,AKC,urban,2023-03-13T15:00:00,3,9.15250015258789,10.607392311096191,8.962048530578613
AT,AKC,urban,2023-03-13T16:00:00,3,9.90304946899414,11.197425842285156,9.268600463867188
AT,AKC,urban,2023-03-13T17:00:00,3,9.184800148010254,10.73584270477295,9.131050109863281
AT,AKC,urban,2023-03-13T18:00:00,3,9.414249420166016,10.485835075378418,9.15250015258789
AT,AKC,urban,2023-03-13T19:00:00,3,10.215999603271484,10.53753662109375,9.90304946899414
AT,AKC,urban,2023-03-13T20:00:00,3,8.735650062561035,9.439663887023926,9.184800148010254
AT,AKC,urban,2023-03-13T21:00:00,3,7.857398986816406,8.816587448120117,9.414249420166016
AT,AKC,urban,2023-03-13T22:00:00,3,7.5260491371154785,9.259020805358887,10.215999603271484
AT,AKC,urban,2023-03-13T23:00:00,3,7.812398910522461,7.259405136108398,8.735650062561035
AT,AKC,urban,2023-03-14T00:00:00,3,8.116498947143555,6.77112340927124,7.857398986816406
AT,AKC,urban,2023-03-14T01:00:00,3,9.600798606872559,6.782686233520508,7.5260491371154785
AT,AKC,urban,2023-03-14T02:00:00,3,8.755199432373047,7.7110795974731445,7.812398910522461
AT,AKC,urban,2023-03-14T03:00:00,3,11.3125,8.02331256866455,8.116498947143555
AT,AKC,urban,2023-03-14T04:00:00,3,12.314499855041504,9.08397102355957,9.600798606872559
AT,AKC,urban,2023-03-14T05:00:00,3,3.0612001419067383,8.622970581054688,8.755199432373047
AT,AKC,urban,2023-03-14T06:00:00,3,4.012650489807129,9.584134101867676,11.3125
AT,AKC,urban,2023-03-14T07:00:00,3,8.079548835754395,9.158294677734375,12.314499855041504
AT,AKC,urban,2023-03-14T08:00:00,3,3.1087989807128906,4.538608551025391,3.0612001419067383
AT,AKC,urban,2023-03-14T09:00:00,3,2.6006994247436523,5.163380146026611,4.012650489807129
AT,AKC,urban,2023-03-14T10:00:00,3,2.5243988037109375,7.692923545837402,8.079548835754395
AT,AKC,urban,2023-03-14T11:00:00,3,1.9119491577148438,4.004890441894531,3.1087989807128906
AT,AKC,urban,2023-03-14T12:00:00,3,3.5089492797851562,3.8664045333862305,2.6006994247436523
AT,AKC,urban,2023-03-14T13:00:00,3,4.873600006103516,3.47686767578125,2.5243988037109375
AT,AKC,urban,2023-03-14T14:00:00,3,6.933300018310547,2.7895679473876953,1.9119491577148438
AT,AKC,urban,2023-03-14T15:00:00,3,8.690449714660645,4.559345722198486,3.5089492797851562
AT,AKC,urban,2023-03-14T16:00:00,3,2.2547998428344727,5.882927417755127,4.873600006103516
AT,AKC,urban,2023-03-14T17:00:00,3,2.42819881439209,7.4879865646362305,6.933300018310547
AT,AKC,urban,2023-03-14T18:00:00,3,2.476149559020996,6.108737468719482,8.690449714660645
AT,AKC,urban,2023-03-14T19:00:00,3,2.383450508117676,2.5476818084716797,2.2547998428344727
AT,AKC,urban,2023-03-14T20:00:00,3,2.5559492111206055,2.7023496627807617,2.42819881439209
AT,AKC,urban,2023-03-14T21:00:00,3,2.634749412536621,2.946025848388672,2.476149559020996
AT,AKC,urban,2023-03-14T22:00:00,3,2.3540000915527344,2.285271644592285,2.383450508117676
AT,AKC,urban,2023-03-14T23:00:00,3,2.751500129699707,2.132906913757324,2.5559492111206055
AT,AKC,urban,2023-03-15T00:00:00,3,3.9678993225097656,2.48175048828125,2.634749412536621
AT,AKC,urban,2023-03-15T01:00:00,3,4.014800071716309,2.560892105102539,2.3540000915527344
AT,AKC,urban,2023-03-15T02:00:00,3,3.9386000633239746,3.477776527404785,2.751500129699707
AT,AKC,urban,2023-03-15T03:00:00,3,4.025798797607422,5.743314743041992,3.9678993225097656
AT,AKC,urban,2023-03-15T04:00:00,3,3.8773488998413086,6.0502777099609375,4.014800071716309
AT,AKC,urban,2023-03-15T05:00:00,3,4.675300121307373,6.22637414932251,3.9386000633239746
AT,AKC,urban,2023-03-15T06:00:00,3,4.745200157165527,5.562222957611084,4.025798797607422
AT,AKC,urban,2023-03-15T07:00:00,3,4.707550525665283,4.505536079406738,3.8773488998413086
AT,AKC,urban,2023-03-15T08:00:00,3,4.548599720001221,4.984825134277344,4.675300121307373
AT,AKC,urban,2023-03-15T09:00:00,3,5.566400051116943,4.648356914520264,4.745200157165527
AT,AKC,urban,2023-03-15T10:00:00,3,4.420848846435547,4.106967449188232,4.707550525665283
AT,AKC,urban,2023-03-15T11:00:00,3,3.843499183654785,3.8298187255859375,4.548599720001221
AT,AKC,urban,2023-03-15T12:00:00,3,4.090400218963623,4.998009204864502,5.566400051116943
AT,AKC,urban,2023-03-15T13:00:00,3,3.320749282836914,4.390439033508301,4.420848846435547
AT,AKC,urban,2023-03-15T14:00:00,3,4.051249027252197,4.107877254486084,3.843499183654785
AT,AKC,urban,2023-03-15T15:00:00,3,4.15834903717041,4.528610706329346,4.090400218963623
AT,AKC,urban,2023-03-15T16:00:00,3,4.2392988204956055,4.000866413116455,3.320749282836914
AT,AKC,urban,2023-03-15T17:00:00,3,4.945849418640137,5.075842380523682,4.051249027252197
AT,AKC,urban,2023-03-15T18:00:00,3,5.196949005126953,5.254367351531982,4.15834903717041
AT,AKC,urban,2023-03-15T19:00:00,3,4.104249000549316,5.305568218231201,4.2392988204956055
AT,AKC,urban,2023-03-15T20:00:00,3,3.8010997772216797,5.891476154327393,4.945849418640137
AT,AKC,urban,2023-03-15T21:00:00,3,4.352999210357666,5.87916374206543,5.196949005126953
AT,AKC,urban,2023-03-15T22:00:00,3,5.280600070953369,4.744662761688232,4.104249000549316
AT,AKC,urban,2023-03-15T23:00:00,3,6.734148979187012,4.297433853149414,3.8010997772216797
AT,AKC,urban,2023-03-16T00:00:00,3,8.149398803710938,4.770965576171875,4.352999210357666
AT,AKC,urban,2023-03-16T01:00:00,3,8.880200386047363,5.75836181640625,5.280600070953369
AT,AKC,urban,2023-03-16T02:00:00,3,9.302048683166504,7.829476833343506,6.734148979187012
AT,AKC,urban,2023-03-16T03:00:00,3,10.044400215148926,9.657378196716309,8.149398803710938
AT,AKC,urban,2023-03-16T04:00:00,3,9.251798629760742,10.07533073425293,8.880200386047363
AT,AKC,urban,2023-03-16T05:00:00,3,7.544548988342285,10.066378593444824,9.302048683166504
AT,AKC,urban,2023-03-16T06:00:00,3,5.078948974609375,9.682433128356934,10.044400215148926
AT,AKC,urban,2023-03-16T07:00:00,3,5.065499782562256,8.208263397216797,9.251798629760742
AT,AKC,urban,2023-03-16T08:00:00,3,6.526148796081543,6.6301188468933105,7.544548988342285
AT,AKC,urban,2023-03-16T09:00:00,3,6.284399509429932,4.982550144195557,5.078948974609375
AT,AKC,urban,2023-03-16T10:00:00,3,6.643098831176758,5.338411331176758,5.065499782562256
AT,AKC,urban,2023-03-16T11:00:00,3,5.9433488845825195,6.730349063873291,6.526148796081543
AT,AKC,urban,2023-03-16T12:00:00,3,5.232199668884277,6.452456951141357,6.284399509429932
AT,AKC,urban,2023-03-16T13:00:00,3,5.507100582122803,7.064868450164795,6.643098831176758
AT,AKC,urban,2023-03-16T14:00:00,3,5.873600006103516,7.068216800689697,5.9433488845825195
AT,AKC,urban,2023-03-16T15:00:00,3,8.690099716186523,7.062736988067627,5.232199668884277
AT,AKC,urban,2023-03-16T16:00:00,3,10.320650100708008,7.923830509185791,5.507100582122803
AT,AKC,urban,2023-03-16T17:00:00,3,12.265000343322754,8.35777473449707,5.873600006103516
AT,AKC,urban,2023-03-16T18:00:00,3,12.14900016784668,10.678251266479492,8.690099716186523
AT,AKC,urban,2023-03-16T19:00:00,3,12.946999549865723,11.163658142089844,10.320650100708008
AT,AKC,urban,2023-03-16T20:00:00,3,12.657500267028809,12.295026779174805,12.265000343322754
AT,AKC,urban,2023-03-16T21:00:00,3,10.846500396728516,11.554935455322266,12.14900016784668
AT,AKC,urban,2023-03-16T22:00:00,3,8.988499641418457,12.200984001159668,12.946999549865723
AT,AKC,urban,2023-03-16T23:00:00,3,8.579548835754395,11.913860321044922,12.657500267028809
AT,AKC,urban,2023-03-17T00:00:00,3,8.70219898223877,10.308145523071289,10.846500396728516
AT,AKC,urban,2023-03-17T01:00:00,3,9.2264986038208,9.178972244262695,8.988499641418457
AT,AKC,urban,2023-03-17T02:00:00,3,10.0514497756958,9.297271728515625,8.579548835754395
AT,AKC,urban,2023-03-17T03:00:00,3,11.511500358581543,9.857894897460938,8.70219898223877
AT,AKC,urban,2023-03-17T04:00:00,3,10.466099739074707,10.759788513183594,9.2264986038208
AT,AKC,urban,2023-03-17T05:00:00,3,9.695850372314453,10.744874954223633,10.0514497756958
AT,AKC,urban,2023-03-17T06:00:00,3,10.558500289916992,10.828392028808594,11.511500358581543
AT,AKC,urban,2023-03-17T07:00:00,3,9.988698959350586,9.291025161743164,10.466099739074707
AT,AKC,urban,2023-03-17T08:00:00,3,8.65095043182373,8.729673385620117,9.695850372314453
AT,AKC,urban,2023-03-17T09:00:00,3,7.735650062561035,9.590988159179688,10.558500289916992
AT,AKC,urban,2023-03-17T10:00:00,3,7.4732489585876465,9.177557945251465,9.988698959350586
AT,AKC,urban,2023-03-17T11:00:00,3,8.189899444580078,8.04686164855957,8.65095043182373
AT,AKC,urban,2023-03-17T12:00:00,3,8.127148628234863,7.549663066864014,7.735650062561035
AT,AKC,urban,2023-03-17T13:00:00,3,7.270998954772949,7.7318339347839355,7.4732489585876465
AT,AKC,urban,2023-03-17T14:00:00,3,7.707249164581299,8.825505256652832,8.189899444580078
AT,AKC,urban,2023-03-17T15:00:00,3,8.043950080871582,9.107340812683105,8.127148628234863
AT,AKC,urban,2023-03-17T16:00:00,3,8.005200386047363,8.53843879699707,7.270998954772949
AT,AKC,urban,2023-03-17T17:00:00,3,7.653698921203613,9.052389144897461,7.707249164581299
AT,AKC,urban,2023-03-17T18:00:00,3,7.260299205780029,9.398195266723633,8.043950080871582
AT,AKC,urban,2023-03-17T19:00:00,3,6.8358988761901855,9.03765869140625,8.005200386047363
AT,AKC,urban,2023-03-17T20:00:00,3,7.254149913787842,8.571392059326172,7.653698921203613
AT,AKC,urban,2023-03-17T21:00:00,3,8.460350036621094,7.846099853515625,7.260299205780029
AT,AKC,urban,2023-03-17T22:00:00,3,8.442448616027832,7.406628131866455,6.8358988761901855
AT,AKC,urban,2023-03-17T23:00:00,3,8.999798774719238,7.728232383728027,7.254149913787842
AT,AKC,urban,2023-03-18T00:00:00,3,9.261150360107422,8.888843536376953,8.460350036621094
AT,AKC,urban,2023-03-18T01:00:00,3,9.550148963928223,8.830394744873047,8.442448616027832
AT,AKC,urban,2023-03-18T02:00:00,3,9.979748725891113,9.353652954101562,8.999798774719238
AT,AKC,urban,2023-03-18T03:00:00,3,10.147000312805176,9.677644729614258,9.261150360107422
AT,AKC,urban,2023-03-18T04:00:00,3,10.67199993133545,9.625930786132812,9.550148963928223
AT,AKC,urban,2023-03-18T05:00:00,3,10.680500030517578,9.625187873840332,9.979748725891113
AT,AKC,urban,2023-03-18T06:00:00,3,10.97249984741211,9.239959716796875,10.147000312805176
AT,AKC,urban,2023-03-18T07:00:00,3,11.20199966430664,9.17416000366211,10.67199993133545
AT,AKC,urban,2023-03-18T08:00:00,3,11.031999588012695,9.109222412109375,10.680500030517578
AT,AKC,urban,2023-03-18T09:00:00,3,10.995499610900879,9.537505149841309,10.97249984741211
AT,AKC,urban,2023-03-18T10:00:00,3,10.018600463867188,9.930681228637695,11.20199966430664
AT,AKC,urban,2023-03-18T11:00:00,3,9.316848754882812,10.067243576049805,11.031999588012695
AT,AKC,urban,2023-03-18T12:00:00,3,9.784250259399414,10.304717063903809,10.995499610900879
AT,AKC,urban,2023-03-18T13:00:00,3,9.471098899841309,9.572261810302734,10.018600463867188
AT,AKC,urban,2023-03-18T14:00:00,3,9.734000205993652,9.195561408996582,9.316848754882812
AT,AKC,urban,2023-03-18T15:00:00,3,10.444499969482422,9.966164588928223,9.784250259399414
AT,AKC,urban,2023-03-18T16:00:00,3,10.971500396728516,9.93173885345459,9.471098899841309
AT,AKC,urban,2023-03-18T17:00:00,3,11.41450023651123,10.416038513183594,9.734000205993652
AT,AKC,urban,2023-03-18T18:00:00,3,12.899999618530273,11.218294143676758,10.444499969482422
AT,AKC,urban,2023-03-18T19:00:00,3,15.195500373840332,11.6111478805542,10.971500396728516
AT,AKC,urban,2023-03-18T20:00:00,3,15.756999969482422,11.974248886108398,11.41450023651123
AT,AKC,urban,2023-03-18T21:00:00,3,15.398500442504883,13.170483589172363,12.899999618530273
AT,AKC,urban,2023-03-18T22:00:00,3,14.878999710083008,14.656577110290527,15.195500373840332
AT,AKC,urban,2023-03-18T23:00:00,3,14.581000328063965,15.029891967773438,15.756999969482422
AT,AKC,urban,2023-03-19T00:00:00,3,14.480999946594238,14.894826889038086,15.398500442504883
AT,AKC,urban,2023-03-19T01:00:00,3,14.589500427246094,14.552637100219727,14.878999710083008
AT,AKC,urban,2023-03-19T02:00:00,3,15.11050033569336,14.823285102844238,14.581000328063965
AT,AKC,urban,2023-03-19T03:00:00,3,15.652000427246094,14.891288757324219,14.480999946594238
AT,AKC,urban,2023-03-19T04:00:00,3,16.572500228881836,15.223576545715332,14.589500427246094
AT,AKC,urban,2023-03-19T05:00:00,3,17.133499145507812,15.407818794250488,15.11050033569336
AT,AKC,urban,2023-03-19T06:00:00,3,18.141000747680664,14.939872741699219,15.652000427246094
AT,AKC,urban,2023-03-19T07:00:00,3,18.374500274658203,14.808935165405273,16.572500228881836
AT,AKC,urban,2023-03-19T08:00:00,3,18.454500198364258,14.624866485595703,17.133499145507812
AT,AKC,urban,2023-03-19T09:00:00,3,17.847999572753906,14.795598030090332,18.141000747680664
AT,AKC,urban,2023-03-19T10:00:00,3,16.350000381469727,15.162124633789062,18.374500274658203
AT,AKC,urban,2023-03-19T11:00:00,3,16.12700080871582,15.760519027709961,18.454500198364258
AT,AKC,urban,2023-03-19T12:00:00,3,15.730999946594238,15.649076461791992,17.847999572753906
AT,AKC,urban,2023-03-19T13:00:00,3,15.896499633789062,14.933663368225098,16.350000381469727
AT,AKC,urban,2023-03-19T14:00:00,3,18.68199920654297,16.28250503540039,16.12700080871582
AT,AKC,urban,2023-03-19T15:00:00,3,20.245500564575195,17.6602783203125,15.730999946594238
AT,AKC,urban,2023-03-19T16:00:00,3,20.058000564575195,18.739383697509766,15.896499633789062
AT,AKC,urban,2023-03-19T17:00:00,3,24.249500274658203,21.678443908691406,18.68199920654297
AT,AKC,urban,2023-03-19T18:00:00,3,20.872499465942383,21.39959716796875,20.245500564575195
AT,AKC,urban,2023-03-19T19:00:00,3,20.045499801635742,19.649858474731445,20.058000564575195
AT,AKC,urban,2023-03-19T20:00:00,3,18.765499114990234,20.682573318481445,24.249500274658203
AT,AKC,urban,2023-03-19T21:00:00,3,20.68899917602539,16.550539016723633,20.872499465942383
AT,AKC,urban,2023-03-19T22:00:00,3,20.8174991607666,16.412965774536133,20.045499801635742
AT,AKC,urban,2023-03-19T23:00:00,3,22.058500289916992,15.613021850585938,18.765499114990234
AT,AKC,urban,2023-03-20T00:00:00,3,23.291000366210938,17.183876037597656,20.68899917602539
AT,AKC,urban,2023-03-20T01:00:00,3,25.336002349853516,17.380300521850586,20.8174991607666
AT,AKC,urban,2023-03-20T02:00:00,3,26.979999542236328,19.636211395263672,22.058500289916992
AT,AKC,urban,2023-03-20T03:00:00,3,28.368000030517578,21.02096939086914,23.291000366210938
AT,AKC,urban,2023-03-20T04:00:00,3,22.334999084472656,21.58268165588379,25.336002349853516
AT,AKC,urban,2023-03-20T05:00:00,3,16.346500396728516,19.50139045715332,26.979999542236328
AT,AKC,urban,2023-03-20T06:00:00,3,10.316499710083008,16.75311279296875,28.368000030517578
AT,AKC,urban,2023-03-20T07:00:00,3,8.346598625183105,12.859869956970215,22.334999084472656
AT,AKC,urban,2023-03-20T08:00:00,3,9.962300300598145,12.079216003417969,16.346500396728516
AT,AKC,urban,2023-03-20T09:00:00,3,12.27299976348877,8.248555183410645,10.316499710083008
AT,AKC,urban,2023-03-20T10:00:00,3,9.683950424194336,7.954483985900879,8.346598625183105
AT,AKC,urban,2023-03-20T11:00:00,3,10.529000282287598,9.918938636779785,9.962300300598145
AT,AKC,urban,2023-03-20T12:00:00,3,8.910650253295898,11.458771705627441,12.27299976348877
AT,AKC,urban,2023-03-20T13:00:00,3,8.239150047302246,9.548526763916016,9.683950424194336
AT,AKC,urban,2023-03-20T14:00:00,3,8.865400314331055,9.958502769470215,10.529000282287598
AT,AKC,urban,2023-03-20T15:00:00,3,10.762499809265137,9.391093254089355,8.910650253295898
AT,AKC,urban,2023-03-20T16:00:00,3,11.362500190734863,9.970332145690918,8.239150047302246
AT,AKC,urban,2023-03-20T17:00:00,3,10.53600025177002,10.533241271972656,8.865400314331055
AT,AKC,urban,2023-03-20T18:00:00,3,9.476149559020996,11.698506355285645,10.762499809265137
AT,AKC,urban,2023-03-20T19:00:00,3,9.079648971557617,11.899280548095703,11.362500190734863
AT,AKC,urban,2023-03-20T20:00:00,3,10.767000198364258,10.810099601745605,10.53600025177002
AT,AKC,urban,2023-03-20T21:00:00,3,9.806098937988281,9.757660865783691,9.476149559020996
AT,AKC,urban,2023-03-20T22:00:00,3,7.959650039672852,9.201034545898438,9.079648971557617
AT,AKC,urban,2023-03-20T23:00:00,3,8.263500213623047,10.541511535644531,10.767000198364258
AT,AKC,urban,2023-03-21T00:00:00,3,9.711798667907715,9.266633987426758,9.806098937988281
AT,AKC,urban,2023-03-21T01:00:00,3,9.73379898071289,8.496171951293945,7.959650039672852
AT,AKC,urban,2023-03-21T02:00:00,3,10.540550231933594,10.020339965820312,8.263500213623047
AT,AKC,urban,2023-03-21T03:00:00,3,13.181500434875488,12.155740737915039,9.711798667907715
AT,AKC,urban,2023-03-21T04:00:00,3,9.655750274658203,12.384629249572754,9.73379898071289
AT,AKC,urban,2023-03-21T05:00:00,3,8.517200469970703,11.735404014587402,10.540550231933594
AT,AKC,urban,2023-03-21T06:00:00,3,8.848698616027832,10.981697082519531,13.181500434875488
AT,AKC,urban,2023-03-21T07:00:00,3,8.36935043334961,8.354776382446289,9.655750274658203
AT,AKC,urban,2023-03-21T08:00:00,3,8.792200088500977,7.853158950805664,8.517200469970703
AT,AKC,urban,2023-03-21T09:00:00,3,7.910200119018555,8.080443382263184,8.848698616027832
AT,AKC,urban,2023-03-21T10:00:00,3,5.763899326324463,8.297643661499023,8.36935043334961
AT,AKC,urban,2023-03-21T11:00:00,3,7.034450054168701,8.456229209899902,8.792200088500977
AT,AKC,urban,2023-03-21T12:00:00,3,7.626198768615723,8.23237419128418,7.910200119018555
AT,AKC,urban,2023-03-21T13:00:00,3,5.842748641967773,6.90626859664917,5.763899326324463
AT,AKC,urban,2023-03-21T14:00:00,3,5.394598960876465,8.900174140930176,7.034450054168701
AT,AKC,urban,2023-03-21T15:00:00,3,8.45259952545166,9.895761489868164,7.626198768615723
AT,AKC,urban,2023-03-21T16:00:00,3,8.925800323486328,9.088068008422852,5.842748641967773
AT,AKC,urban,2023-03-21T17:00:00,3,12.189000129699707,8.127968788146973,5.394598960876465
AT,AKC,urban,2023-03-21T18:00:00,3,12.715999603271484,11.019407272338867,8.45259952545166
AT,AKC,urban,2023-03-21T19:00:00,3,11.993000030517578,9.554636001586914,8.925800323486328
AT,AKC,urban,2023-03-21T20:00:00,3,12.470000267028809,12.098358154296875,12.189000129699707
AT,AKC,urban,2023-03-21T21:00:00,3,8.459198951721191,11.551887512207031,12.715999603271484
AT,AKC,urban,2023-03-21T22:00:00,3,10.784000396728516,10.833314895629883,11.993000030517578
AT,AKC,urban,2023-03-21T23:00:00,3,8.233248710632324,11.120766639709473,12.470000267028809
AT,AKC,urban,2023-03-22T00:00:00,3,8.067049026489258,7.722823143005371,8.459198951721191
AT,AKC,urban,2023-03-22T01:00:00,3,10.624750137329102,11.32069206237793,10.784000396728516
AT,AKC,urban,2023-03-22T02:00:00,3,13.86050033569336,9.627310752868652,8.233248710632324
AT,AKC,urban,2023-03-22T03:00:00,3,19.587499618530273,10.472007751464844,8.067049026489258
AT,AKC,urban,2023-03-22T04:00:00,3,23.99850082397461,12.809455871582031,10.624750137329102
AT,AKC,urban,2023-03-22T05:00:00,3,16.354999542236328,11.822169303894043,13.86050033569336
AT,AKC,urban,2023-03-22T06:00:00,3,28.816001892089844,12.388346672058105,19.587499618530273
AT,AKC,urban,2023-03-22T07:00:00,3,17.6299991607666,13.545793533325195,23.99850082397461
AT,AKC,urban,2023-03-22T08:00:00,3,10.601499557495117,10.670660972595215,16.354999542236328
AT,AKC,urban,2023-03-22T09:00:00,3,10.699000358581543,15.022149085998535,28.816001892089844
AT,AKC,urban,2023-03-22T10:00:00,3,7.794149875640869,10.894949913024902,17.6299991607666
AT,AKC,urban,2023-03-22T11:00:00,3,8.28394889831543,8.514158248901367,10.601499557495117
AT,AKC,urban,2023-03-22T12:00:00,3,6.083448886871338,9.495851516723633,10.699000358581543
AT,AKC,urban,2023-03-22T13:00:00,3,6.842148303985596,7.7026567459106445,7.794149875640869
AT,AKC,urban,2023-03-22T14:00:00,3,8.629948616027832,8.716742515563965,8.28394889831543
AT,AKC,urban,2023-03-22T15:00:00,3,9.032150268554688,7.337299823760986,6.083448886871338
AT,AKC,urban,2023-03-22T16:00:00,3,9.824548721313477,8.891256332397461,6.842148303985596
AT,AKC,urban,2023-03-22T17:00:00,3,13.173500061035156,11.219135284423828,8.629948616027832
AT,AKC,urban,2023-03-22T18:00:00,3,12.409500122070312,11.638334274291992,9.032150268554688
AT,AKC,urban,2023-03-22T19:00:00,3,11.529999732971191,12.569825172424316,9.824548721313477
AT,AKC,urban,2023-03-22T20:00:00,3,10.980400085449219,14.73475170135498,13.173500061035156
AT,AKC,urban,2023-03-22T21:00:00,3,11.45199966430664,13.05263900756836,12.409500122070312
AT,AKC,urban,2023-03-22T22:00:00,3,9.011499404907227,11.941852569580078,11.529999732971191
AT,AKC,urban,2023-03-22T23:00:00,3,10.378499984741211,11.400136947631836,10.980400085449219
AT,AKC,urban,2023-03-23T00:00:00,3,11.687000274658203,12.257227897644043,11.45199966430664
AT,AKC,urban,2023-03-23T01:00:00,3,11.86299991607666,10.443291664123535,9.011499404907227
AT,AKC,urban,2023-03-23T02:00:00,3,12.78499984741211,13.080669403076172,10.378499984741211
AT,AKC,urban,2023-03-23T03:00:00,3,18.3700008392334,17.451637268066406,11.687000274658203
AT,AKC,urban,2023-03-23T04:00:00,3,19.849000930786133,19.350351333618164,11.86299991607666
AT,AKC,urban,2023-03-23T05:00:00,3,20.073999404907227,19.569026947021484,12.78499984741211
AT,AKC,urban,2023-03-23T06:00:00,3,21.31800079345703,19.198219299316406,18.3700008392334
AT,AKC,urban,2023-03-23T07:00:00,3,21.725500106811523,15.19516658782959,19.849000930786133
AT,AKC,urban,2023-03-23T08:00:00,3,17.6825008392334,13.019874572753906,20.073999404907227
AT,AKC,urban,2023-03-23T09:00:00,3,12.541500091552734,14.29513168334961,21.31800079345703
AT,AKC,urban,2023-03-23T10:00:00,3,10.697500228881836,14.441004753112793,21.725500106811523
AT,AKC,urban,2023-03-23T11:00:00,3,9.56554889678955,12.782031059265137,17.6825008392334
AT,AKC,urban,2023-03-23T12:00:00,3,8.695599555969238,9.655988693237305,12.541500091552734
AT,AKC,urban,2023-03-23T13:00:00,3,10.193900108337402,8.490250587463379,10.697500228881836
AT,AKC,urban,2023-03-23T14:00:00,3,15.136500358581543,8.293902397155762,9.56554889678955
AT,AKC,urban,2023-03-23T15:00:00,3,18.516000747680664,9.009678840637207,8.695599555969238
AT,AKC,urban,2023-03-23T16:00:00,3,19.534500122070312,11.61880874633789,10.193900108337402
AT,AKC,urban,2023-03-23T17:00:00,3,16.649499893188477,15.382165908813477,15.136500358581543
AT,AKC,urban,2023-03-23T18:00:00,3,18.011999130249023,14.709259033203125,18.516000747680664
AT,AKC,urban,2023-03-23T19:00:00,3,20.2549991607666,14.137399673461914,19.534500122070312
AT,AKC,urban,2023-03-23T20:00:00,3,20.38249969482422,10.451601028442383,16.649499893188477
AT,AKC,urban,2023-03-23T21:00:00,3,26.336999893188477,11.091144561767578,18.011999130249023
AT,AKC,urban,2023-03-23T22:00:00,3,25.340499877929688,12.632002830505371,20.2549991607666
AT,AKC,urban,2023-03-23T23:00:00,3,27.229999542236328,13.297126770019531,20.38249969482422
AT,AKC,urban,2023-03-24T00:00:00,3,28.67850112915039,19.361560821533203,26.336999893188477
AT,AKC,urban,2023-03-24T01:00:00,3,28.547500610351562,20.060035705566406,25.340499877929688
AT,AKC,urban,2023-03-24T02:00:00,3,25.793500900268555,25.208145141601562,27.229999542236328
AT,AKC,urban,2023-03-24T03:00:00,3,23.458999633789062,27.510513305664062,28.67850112915039
AT,AKC,urban,2023-03-24T04:00:00,3,23.900999069213867,29.093242645263672,28.547500610351562
AT,AKC,urban,2023-03-24T05:00:00,3,23.585500717163086,25.879104614257812,25.793500900268555
AT,AKC,urban,2023-03-24T06:00:00,3,25.579999923706055,21.528114318847656,23.458999633789062
AT,AKC,urban,2023-03-24T07:00:00,3,23.809499740600586,21.305767059326172,23.900999069213867
AT,AKC,urban,2023-03-24T08:00:00,3,21.481502532958984,20.1346435546875,23.585500717163086
AT,AKC,urban,2023-03-24T09:00:00,3,19.8700008392334,20.989547729492188,25.579999923706055
AT,AKC,urban,2023-03-24T10:00:00,3,18.91200065612793,19.28594970703125,23.809499740600586
AT,AKC,urban,2023-03-24T11:00:00,3,17.75550079345703,17.768352508544922,21.481502532958984
AT,AKC,urban,2023-03-24T12:00:00,3,8.201250076293945,16.338308334350586,19.8700008392334
AT,AKC,urban,2023-03-24T13:00:00,3,3.3724489212036133,15.937931060791016,18.91200065612793
AT,AKC,urban,2023-03-24T14:00:00,3,4.900798797607422,14.335456848144531,17.75550079345703
AT,AKC,urban,2023-03-24T15:00:00,3,5.005399703979492,9.76838493347168,8.201250076293945
AT,AKC,urban,2023-03-24T16:00:00,3,5.2681989669799805,5.694694519042969,3.3724489212036133
AT,AKC,urban,2023-03-24T17:00:00,3,7.579998970031738,6.657789707183838,4.900798797607422
AT,AKC,urban,2023-03-24T18:00:00,3,3.953350067138672,6.075512409210205,5.005399703979492
AT,AKC,urban,2023-03-24T19:00:00,3,1.8541498184204102,6.076291561126709,5.2681989669799805
AT,AKC,urban,2023-03-24T20:00:00,3,1.857100486755371,8.483951568603516,7.579998970031738
AT,AKC,urban,2023-03-24T21:00:00,3,1.3792505264282227,4.932416915893555,3.953350067138672
AT,AKC,urban,2023-03-24T22:00:00,3,1.3959989547729492,2.7713088989257812,1.8541498184204102
AT,AKC,urban,2023-03-24T23:00:00,3,1.8525495529174805,2.3978023529052734,1.857100486755371
AT,AKC,urban,2023-03-25T00:00:00,3,2.512700080871582,1.8141021728515625,1.3792505264282227
AT,AKC,urban,2023-03-25T01:00:00,3,3.105849266052246,1.6956672668457031,1.3959989547729492
AT,AKC,urban,2023-03-25T02:00:00,3,3.082148551940918,2.166171073913574,1.8525495529174805
AT,AKC,urban,2023-03-25T03:00:00,3,2.997049331665039,2.758622169494629,2.512700080871582
AT,AKC,urban,2023-03-25T04:00:00,3,2.4862985610961914,3.313528060913086,3.105849266052246
AT,AKC,urban,2023-03-25T05:00:00,3,2.7948484420776367,3.395906448364258,3.082148551940918
AT,AKC,urban,2023-03-25T06:00:00,3,2.635648727416992,3.509518623352051,2.997049331665039
AT,AKC,urban,2023-03-25T07:00:00,3,2.544198989868164,3.145400047302246,2.4862985610961914
AT,AKC,urban,2023-03-25T08:00:00,3,2.35360050201416,3.4348020553588867,2.7948484420776367
AT,AKC,urban,2023-03-25T09:00:00,3,2.4724502563476562,3.184835433959961,2.635648727416992
AT,AKC,urban,2023-03-25T10:00:00,3,2.0393991470336914,3.064730644226074,2.544198989868164
AT,AKC,urban,2023-03-25T11:00:00,3,1.8547992706298828,2.8505325317382812,2.35360050201416
AT,AKC,urban,2023-03-25T12:00:00,3,1.7592992782592773,2.930178642272949,2.4724502563476562
AT,AKC,urban,2023-03-25T13:00:00,3,1.8351993560791016,2.3235483169555664,2.0393991470336914
AT,AKC,urban,2023-03-25T14:00:00,3,1.4080495834350586,2.3753833770751953,1.8547992706298828
AT,AKC,urban,2023-03-25T15:00:00,3,2.078648567199707,2.6968765258789062,1.7592992782592773
AT,AKC,urban,2023-03-25T16:00:00,3,1.4932003021240234,3.0928688049316406,1.8351993560791016
AT,AKC,urban,2023-03-25T17:00:00,3,1.2559490203857422,2.725534439086914,1.4080495834350586
AT,AKC,urban,2023-03-25T18:00:00,3,1.2908992767333984,2.835439682006836,2.078648567199707
AT,AKC,urban,2023-03-25T19:00:00,3,1.4403505325317383,1.9396324157714844,1.4932003021240234
AT,AKC,urban,2023-03-25T20:00:00,3,1.4469995498657227,1.5895061492919922,1.2559490203857422
AT,AKC,urban,2023-03-25T21:00:00,3,1.6350488662719727,1.566115379333496,1.2908992767333984
AT,AKC,urban,2023-03-25T22:00:00,3,1.7494001388549805,1.683577537536621,1.4403505325317383
AT,AKC,urban,2023-03-25T23:00:00,3,1.8934993743896484,1.6658172607421875,1.4469995498657227
AT,AKC,urban,2023-03-26T00:00:00,3,2.1122989654541016,1.8656015396118164,1.6350488662719727
AT,AKC,urban,2023-03-26T01:00:00,3,2.0074501037597656,2.0634756088256836,1.7494001388549805
AT,AKC,urban,2023-03-26T02:00:00,3,1.9558477401733398,2.2599267959594727,1.8934993743896484
AT,AKC,urban,2023-03-26T03:00:00,3,2.8150501251220703,2.5066022872924805,2.1122989654541016
AT,AKC,urban,2023-03-26T04:00:00,3,2.7676496505737305,2.460618019104004,2.0074501037597656
AT,AKC,urban,2023-03-26T05:00:00,3,2.896500587463379,2.330965042114258,1.9558477401733398
AT,AKC,urban,2023-03-26T06:00:00,3,2.963250160217285,3.109661102294922,2.8150501251220703
AT,AKC,urban,2023-03-26T07:00:00,3,2.5662002563476562,2.888850212097168,2.7676496505737305
AT,AKC,urban,2023-03-26T08:00:00,3,2.44320011138916,2.752945899963379,2.896500587463379
AT,AKC,urban,2023-03-26T09:00:00,3,2.0978498458862305,2.5655126571655273,2.963250160217285
AT,AKC,urban,2023-03-26T10:00:00,3,1.6205987930297852,2.1754369735717773,2.5662002563476562
AT,AKC,urban,2023-03-26T11:00:00,3,1.9781503677368164,2.132847785949707,2.44320011138916
AT,AKC,urban,2023-03-26T12:00:00,3,3.117650032043457,2.407036781311035,2.0978498458862305
AT,AKC,urban,2023-03-26T13:00:00,3,2.4026002883911133,2.462517738342285,1.6205987930297852
AT,AKC,urban,2023-03-26T14:00:00,3,2.0625009536743164,3.2589006423950195,1.9781503677368164
AT,AKC,urban,2023-03-26T15:00:00,3,2.4192495346069336,4.4110026359558105,3.117650032043457
AT,AKC,urban,2023-03-26T16:00:00,3,2.547849655151367,3.1847896575927734,2.4026002883911133
AT,AKC,urban,2023-03-26T17:00:00,3,2.279250144958496,2.2891931533813477,2.0625009536743164
AT,AKC,urban,2023-03-26T18:00:00,3,2.3238000869750977,1.7560739517211914,2.4192495346069336
AT,AKC,urban,2023-03-26T19:00:00,3,2.096848487854004,1.5775423049926758,2.547849655151367
AT,AKC,urban,2023-03-26T20:00:00,3,2.2216501235961914,1.3284645080566406,2.279250144958496
AT,AKC,urban,2023-03-26T21:00:00,3,2.5717992782592773,1.1909103393554688,2.3238000869750977
AT,AKC,urban,2023-03-26T22:00:00,3,2.6971988677978516,0.9261102676391602,2.096848487854004
AT,AKC,urban,2023-03-26T23:00:00,3,2.6969995498657227,1.031839370727539,2.2216501235961914
AT,AKC,urban,2023-03-27T00:00:00,3,2.095099449157715,1.5863685607910156,2.5717992782592773
AT,AKC,urban,2023-03-27T01:00:00,3,1.8338994979858398,2.035244941711426,2.6971988677978516
AT,AKC,urban,2023-03-27T02:00:00,3,2.0186996459960938,2.2268505096435547,2.6969995498657227
AT,AKC,urban,2023-03-27T03:00:00,3,1.8885498046875,1.8830175399780273,2.095099449157715
AT,AKC,urban,2023-03-27T04:00:00,3,1.9383001327514648,1.8034210205078125,1.8338994979858398
AT,AKC,urban,2023-03-27T05:00:00,3,2.884099006652832,2.0852603912353516,2.0186996459960938
AT,AKC,urban,2023-03-27T06:00:00,3,1.9167490005493164,1.9726181030273438,1.8885498046875
AT,AKC,urban,2023-03-27T07:00:00,3,2.2394495010375977,2.131220817565918,1.9383001327514648
AT,AKC,urban,2023-03-27T08:00:00,3,4.300099849700928,3.0658092498779297,2.884099006652832
AT,AKC,urban,2023-03-27T09:00:00,3,4.617348670959473,2.109114646911621,1.9167490005493164
AT,AKC,urban,2023-03-27T10:00:00,3,4.105350017547607,2.470761299133301,2.2394495010375977
AT,AKC,urban,2023-03-27T11:00:00,3,3.521298408508301,4.35624885559082,4.300099849700928
AT,AKC,urban,2023-03-27T12:00:00,3,3.5323495864868164,4.802799224853516,4.617348670959473
AT,AKC,urban,2023-03-27T13:00:00,3,3.705899238586426,4.537697792053223,4.105350017547607
AT,AKC,urban,2023-03-27T14:00:00,3,3.9292993545532227,4.000395774841309,3.521298408508301
AT,AKC,urban,2023-03-27T15:00:00,3,3.6529998779296875,3.9484825134277344,3.5323495864868164
AT,AKC,urban,2023-03-27T16:00:00,3,3.766049385070801,4.07343053817749,3.705899238586426
AT,AKC,urban,2023-03-27T17:00:00,3,3.221050262451172,4.323635578155518,3.9292993545532227
AT,AKC,urban,2023-03-27T18:00:00,3,3.2525997161865234,4.133671760559082,3.6529998779296875
AT,AKC,urban,2023-03-27T19:00:00,3,2.794949531555176,4.23196268081665,3.766049385070801
AT,AKC,urban,2023-03-27T20:00:00,3,2.553500175476074,3.64127254486084,3.221050262451172
AT,AKC,urban,2023-03-27T21:00:00,3,3.764399528503418,3.542891502380371,3.2525997161865234
AT,AKC,urban,2023-03-27T22:00:00,3,3.415499687194824,3.060593605041504,2.794949531555176
AT,AKC,urban,2023-03-27T23:00:00,3,3.257399559020996,2.853107452392578,2.553500175476074
AT,AKC,urban,2023-03-28T00:00:00,3,2.8148984909057617,4.209343433380127,3.764399528503418
AT,AKC,urban,2023-03-28T01:00:00,3,3.262948989868164,3.9743518829345703,3.415499687194824
AT,AKC,urban,2023-03-28T02:00:00,3,4.109048843383789,3.9281153678894043,3.257399559020996
AT,AKC,urban,2023-03-28T03:00:00,3,4.828299045562744,3.499405860900879,2.8148984909057617
AT,AKC,urban,2023-03-28T04:00:00,3,4.848649024963379,3.687466621398926,3.262948989868164
AT,AKC,urban,2023-03-28T05:00:00,3,3.8612499237060547,4.262363433837891,4.109048843383789
AT,AKC,urban,2023-03-28T06:00:00,3,3.6503496170043945,4.560532093048096,4.828299045562744
AT,AKC,urban,2023-03-28T07:00:00,3,3.6753997802734375,4.408631324768066,4.848649024963379
AT,AKC,urban,2023-03-28T08:00:00,3,4.149999141693115,3.7072534561157227,3.8612499237060547
AT,AKC,urban,2023-03-28T09:00:00,3,3.8205995559692383,3.713846206665039,3.6503496170043945
AT,AKC,urban,2023-03-28T10:00:00,3,3.512650489807129,3.9710617065429688,3.6753997802734375
AT,AKC,urban,2023-03-28T11:00:00,3,4.545750141143799,4.453012466430664,4.149999141693115
AT,AKC,urban,2023-03-28T12:00:00,3,4.298900127410889,4.47804594039917,3.8205995559692383
AT,AKC,urban,2023-03-28T13:00:00,3,4.165150165557861,4.3419671058654785,3.512650489807129
AT,AKC,urban,2023-03-28T14:00:00,3,3.675950050354004,5.482149124145508,4.545750141143799
AT,AKC,urban,2023-03-28T15:00:00,3,3.326798439025879,5.31384801864624,4.298900127410889
AT,AKC,urban,2023-03-28T16:00:00,3,3.501850128173828,5.153113842010498,4.165150165557861
AT,AKC,urban,2023-03-28T17:00:00,3,3.552548408508301,4.727168560028076,3.675950050354004
AT,AKC,urban,2023-03-28T18:00:00,3,3.472498893737793,4.337532997131348,3.326798439025879
AT,AKC,urban,2023-03-28T19:00:00,3,4.106400012969971,4.417434215545654,3.501850128173828
AT,AKC,urban,2023-03-28T20:00:00,3,3.671499252319336,4.356713771820068,3.552548408508301
AT,AKC,urban,2023-03-28T21:00:00,3,3.7674503326416016,4.066534519195557,3.472498893737793
AT,AKC,urban,2023-03-28T22:00:00,3,5.713099002838135,4.52279806137085,4.106400012969971
AT,AKC,urban,2023-03-28T23:00:00,3,6.480599880218506,3.9830098152160645,3.671499252319336
AT,AKC,urban,2023-03-29T00:00:00,3,5.664099216461182,4.17360258102417,3.7674503326416016
AT,AKC,urban,2023-03-29T01:00:00,3,6.669000148773193,6.368281841278076,5.713099002838135
AT,AKC,urban,2023-03-29T02:00:00,3,7.186399936676025,7.656534194946289,6.480599880218506
AT,AKC,urban,2023-03-29T03:00:00,3,8.710700035095215,7.46513032913208,5.664099216461182
AT,AKC,urban,2023-03-29T04:00:00,3,7.754549026489258,7.929020881652832,6.669000148773193
AT,AKC,urban,2023-03-29T05:00:00,3,7.160749435424805,7.389434814453125,7.186399936676025
AT,AKC,urban,2023-03-29T06:00:00,3,7.023348808288574,7.595739364624023,8.710700035095215
AT,AKC,urban,2023-03-29T07:00:00,3,7.299900054931641,6.525672912597656,7.754549026489258
AT,AKC,urban,2023-03-29T08:00:00,3,6.413449764251709,6.081086158752441,7.160749435424805
AT,AKC,urban,2023-03-29T09:00:00,3,5.404849529266357,6.288417339324951,7.023348808288574
AT,AKC,urban,2023-03-29T10:00:00,3,4.984950065612793,6.846450328826904,7.299900054931641
AT,AKC,urban,2023-03-29T11:00:00,3,4.017899036407471,6.255496501922607,6.413449764251709
AT,AKC,urban,2023-03-29T12:00:00,3,4.4215989112854,5.6656060218811035,5.404849529266357
AT,AKC,urban,2023-03-29T13:00:00,3,4.784800052642822,5.673033237457275,4.984950065612793
AT,AKC,urban,2023-03-29T14:00:00,3,5.696700096130371,5.316649436950684,4.017899036407471
AT,AKC,urban,2023-03-29T15:00:00,3,6.858500003814697,6.022518634796143,4.4215989112854
AT,AKC,urban,2023-03-29T16:00:00,3,7.967800140380859,6.397994518280029,4.784800052642822
AT,AKC,urban,2023-03-29T17:00:00,3,9.265800476074219,7.133856296539307,5.696700096130371
AT,AKC,urban,2023-03-29T18:00:00,3,10.737000465393066,7.878646373748779,6.858500003814697
AT,AKC,urban,2023-03-29T19:00:00,3,10.869999885559082,8.759641647338867,7.967800140380859
AT,AKC,urban,2023-03-29T20:00:00,3,12.005499839782715,9.613390922546387,9.265800476074219
AT,AKC,urban,2023-03-29T21:00:00,3,12.744500160217285,10.447994232177734,10.737000465393066
AT,AKC,urban,2023-03-29T22:00:00,3,12.427000045776367,10.280496597290039,10.869999885559082
AT,AKC,urban,2023-03-29T23:00:00,3,12.376500129699707,11.176414489746094,12.005499839782715
AT,AKC,urban,2023-03-30T00:00:00,3,12.288999557495117,12.562520980834961,12.744500160217285
AT,AKC,urban,2023-03-30T01:00:00,3,11.307999610900879,12.623371124267578,12.427000045776367
AT,AKC,urban,2023-03-30T02:00:00,3,12.074000358581543,13.162028312683105,12.376500129699707
AT,AKC,urban,2023-03-30T03:00:00,3,12.357500076293945,13.486695289611816,12.288999557495117
AT,AKC,urban,2023-03-30T04:00:00,3,13.82699966430664,12.393600463867188,11.307999610900879
AT,AKC,urban,2023-03-30T05:00:00,3,13.587499618530273,13.336830139160156,12.074000358581543
AT,AKC,urban,2023-03-30T06:00:00,3,13.868000030517578,13.273209571838379,12.357500076293945
AT,AKC,urban,2023-03-30T07:00:00,3,14.422499656677246,14.095697402954102,13.82699966430664
AT,AKC,urban,2023-03-30T08:00:00,3,15.052499771118164,13.421544075012207,13.587499618530273
AT,AKC,urban,2023-03-30T09:00:00,3,15.435500144958496,13.062103271484375,13.868000030517578
AT,AKC,urban,2023-03-30T10:00:00,3,15.454999923706055,13.550374031066895,14.422499656677246
AT,AKC,urban,2023-03-30T11:00:00,3,14.201000213623047,14.080560684204102,15.052499771118164
AT,AKC,urban,2023-03-30T12:00:00,3,13.344499588012695,14.82983112335205,15.435500144958496
AT,AKC,urban,2023-03-30T13:00:00,3,14.17650032043457,15.4762544631958,15.454999923706055
AT,AKC,urban,2023-03-30T14:00:00,3,6.453049659729004,14.844494819641113,14.201000213623047
AT,AKC,urban,2023-03-30T15:00:00,3,4.965250015258789,14.53046989440918,13.344499588012695
AT,AKC,urban,2023-03-30T16:00:00,3,3.7407989501953125,14.886942863464355,14.17650032043457
AT,AKC,urban,2023-03-30T17:00:00,3,4.490499019622803,8.189996719360352,6.453049659729004
AT,AKC,urban,2023-03-30T18:00:00,3,5.146248817443848,5.829410076141357,4.965250015258789
AT,AKC,urban,2023-03-30T19:00:00,3,4.826000213623047,4.73369026184082,3.7407989501953125
AT,AKC,urban,2023-03-30T20:00:00,3,3.2705001831054688,5.122171878814697,4.490499019622803
AT,AKC,urban,2023-03-30T21:00:00,3,2.969649314880371,5.476666450500488,5.146248817443848
AT,AKC,urban,2023-03-30T22:00:00,3,4.5694990158081055,5.06536865234375,4.826000213623047
AT,AKC,urban,2023-03-30T23:00:00,3,5.650400161743164,3.555622100830078,3.2705001831054688
AT,AKC,urban,2023-03-31T00:00:00,3,6.3340983390808105,3.3286943435668945,2.969649314880371
AT,AKC,urban,2023-03-31T01:00:00,3,8.027000427246094,5.142192840576172,4.5694990158081055
AT,AKC,urban,2023-03-31T02:00:00,3,9.967650413513184,6.184044361114502,5.650400161743164
AT,AKC,urban,2023-03-31T03:00:00,3,10.293499946594238,7.15166711807251,6.3340983390808105
AT,AKC,urban,2023-03-31T04:00:00,3,7.587348937988281,8.292352676391602,8.027000427246094
AT,AKC,urban,2023-03-31T05:00:00,3,8.763699531555176,8.83535385131836,9.967650413513184
AT,AKC,urban,2023-03-31T06:00:00,3,8.025650024414062,8.046741485595703,10.293499946594238
AT,AKC,urban,2023-03-31T07:00:00,3,8.516050338745117,6.386068344116211,7.587348937988281
AT,AKC,urban,2023-03-31T08:00:00,3,8.382049560546875,7.761285305023193,8.763699531555176
AT,AKC,urban,2023-03-31T09:00:00,3,7.456549167633057,7.0654449462890625,8.025650024414062
AT,AKC,urban,2023-03-31T10:00:00,3,5.93804931640625,8.004344940185547,8.516050338745117
AT,AKC,urban,2023-03-31T11:00:00,3,5.683350086212158,7.753761291503906,8.382049560546875
AT,AKC,urban,2023-03-31T12:00:00,3,4.853300094604492,7.667851448059082,7.456549167633057
AT,AKC,urban,2023-03-31T13:00:00,3,3.994198799133301,6.362979888916016,5.93804931640625
AT,AKC,urban,2023-03-31T14:00:00,3,4.954649448394775,6.915144920349121,5.683350086212158
AT,AKC,urban,2023-03-31T15:00:00,3,3.71614933013916,5.520937442779541,4.853300094604492
AT,AKC,urban,2023-03-31T16:00:00,3,3.7992992401123047,4.989884376525879,3.994198799133301
AT,AKC,urban,2023-03-31T17:00:00,3,3.4086990356445312,5.742569923400879,4.954649448394775
AT,AKC,urban,2023-03-31T18:00:00,3,2.8681488037109375,3.807745933532715,3.71614933013916
AT,AKC,urban,2023-03-31T19:00:00,3,2.1382503509521484,3.1589298248291016,3.7992992401123047
AT,AKC,urban,2023-03-31T20:00:00,3,1.9785490036010742,2.514266014099121,3.4086990356445312
AT,AKC,urban,2023-03-31T21:00:00,3,2.023900032043457,2.2772226333618164,2.8681488037109375
AT,AKC,urban,2023-03-31T22:00:00,3,1.9511995315551758,1.7717504501342773,2.1382503509521484
AT,AKC,urban,2023-03-31T23:00:00,3,2.048048973083496,2.264950752258301,1.9785490036010742
AT,AKC,urban,2023-04-01T00:00:00,3,2.0859994888305664,2.42594051361084,2.023900032043457
AT,AKC,urban,2023-04-01T01:00:00,3,2.109250068664551,2.4859619140625,1.9511995315551758
AT,AKC,urban,2023-04-01T02:00:00,3,2.25209903717041,2.671579360961914,2.048048973083496
AT,AKC,urban,2023-04-01T03:00:00,3,2.164198875427246,2.644228935241699,2.0859994888305664
AT,AKC,urban,2023-04-01T04:00:00,3,2.498898506164551,2.6177902221679688,2.109250068664551
AT,AKC,urban,2023-04-01T05:00:00,3,2.297149658203125,2.538182258605957,2.25209903717041
AT,AKC,urban,2023-04-01T06:00:00,3,2.003899574279785,2.54019832611084,2.164198875427246
AT,AKC,urban,2023-04-01T07:00:00,3,1.6861000061035156,2.878591537475586,2.498898506164551
AT,AKC,urban,2023-04-01T08:00:00,3,1.553849220275879,2.711796760559082,2.297149658203125
AT,AKC,urban,2023-04-01T09:00:00,3,1.3734502792358398,2.3704633712768555,2.003899574279785
AT,AKC,urban,2023-04-01T10:00:00,3,1.2585983276367188,2.086549758911133,1.6861000061035156
AT,AKC,urban,2023-04-01T11:00:00,3,1.3200998306274414,2.0749521255493164,1.553849220275879
AT,AKC,urban,2023-04-01T12:00:00,3,1.3777990341186523,2.0777406692504883,1.3734502792358398
AT,AKC,urban,2023-01-08T05:00:00,6,19.767499923706055,21.7584171295166,26.697999954223633
AT,AKC,urban,2023-01-08T06:00:00,6,18.083499908447266,20.944353103637695,25.26099967956543
AT,AKC,urban,2023-01-08T07:00:00,6,19.02400016784668,20.448719024658203,23.80900001525879
AT,AKC,urban,2023-01-08T08:00:00,6,16.697500228881836,21.307863235473633,23.378000259399414
AT,AKC,urban,2023-01-08T09:00:00,6,14.289999961853027,20.892587661743164,22.274999618530273
AT,AKC,urban,2023-01-08T10:00:00,6,16.517000198364258,20.420368194580078,20.404499053955078
AT,AKC,urban,2023-01-08T11:00:00,6,14.888999938964844,20.9484806060791,19.767499923706055
AT,AKC,urban,2023-01-08T12:00:00,6,15.541999816894531,19.843599319458008,18.083499908447266
AT,AKC,urban,2023-01-08T13:00:00,6,15.53600025177002,19.625465393066406,19.02400016784668
AT,AKC,urban,2023-01-08T14:00:00,6,18.452499389648438,16.185016632080078,16.697500228881836
AT,AKC,urban,2023-01-08T15:00:00,6,19.743499755859375,13.854479789733887,14.289999961853027
AT,AKC,urban,2023-01-08T16:00:00,6,17.301000595092773,13.98171615600586,16.517000198364258
AT,AKC,urban,2023-01-08T17:00:00,6,17.74799919128418,11.06680965423584,14.888999938964844
AT,AKC,urban,2023-01-08T18:00:00,6,18.098499298095703,11.223780632019043,15.541999816894531
AT,AKC,urban,2023-01-08T19:00:00,6,18.99850082397461,10.190899848937988,15.53600025177002
AT,AKC,urban,2023-01-08T20:00:00,6,19.45800018310547,11.875932693481445,18.452499389648438
AT,AKC,urban,2023-01-08T21:00:00,6,16.33449935913086,11.769143104553223,19.743499755859375
AT,AKC,urban,2023-01-08T22:00:00,6,16.15850067138672,11.582926750183105,17.301000595092773
AT,AKC,urban,2023-01-08T23:00:00,6,16.765499114990234,13.168659210205078,17.74799919128418
AT,AKC,urban,2023-01-09T00:00:00,6,13.50100040435791,14.387296676635742,18.098499298095703
AT,AKC,urban,2023-01-09T01:00:00,6,15.637999534606934,15.589590072631836,18.99850082397461
AT,AKC,urban,2023-01-09T02:00:00,6,12.484000205993652,16.465225219726562,19.45800018310547
AT,AKC,urban,2023-01-09T03:00:00,6,9.12600040435791,14.259695053100586,16.33449935913086
AT,AKC,urban,2023-01-09T04:00:00,6,4.093648910522461,14.091896057128906,16.15850067138672
AT,AKC,urban,2023-01-09T05:00:00,6,1.7453985214233398,13.23749828338623,16.765499114990234
AT,AKC,urban,2023-01-09T06:00:00,6,1.773550033569336,11.440749168395996,13.50100040435791
AT,AKC,urban,2023-01-09T07:00:00,6,2.65625,12.390043258666992,15.637999534606934
AT,AKC,urban,2023-01-09T08:00:00,6,3.2238502502441406,11.919088363647461,12.484000205993652
AT,AKC,urban,2023-01-09T09:00:00,6,2.852499008178711,10.240154266357422,9.12600040435791
AT,AKC,urban,2023-01-09T10:00:00,6,2.6603002548217773,7.192442893981934,4.093648910522461
AT,AKC,urban,2023-01-09T11:00:00,6,3.0255489349365234,5.122559070587158,1.7453985214233398
AT,AKC,urban,2023-01-09T12:00:00,6,3.3543500900268555,4.799673557281494,1.773550033569336
AT,AKC,urban,2023-01-09T13:00:00,6,3.4942493438720703,5.319799423217773,2.65625
AT,AKC,urban,2023-01-09T14:00:00,6,3.5423994064331055,4.772420883178711,3.2238502502441406
AT,AKC,urban,2023-01-09T15:00:00,6,3.343648910522461,4.199718475341797,2.852499008178711
AT,AKC,urban,2023-01-09T16:00:00,6,3.324398994445801,3.268259048461914,2.6603002548217773
AT,AKC,urban,2023-01-09T17:00:00,6,3.6050004959106445,3.41286563873291,3.0255489349365234
AT,AKC,urban,2023-01-09T18:00:00,6,3.475449562072754,2.983578681945801,3.3543500900268555
AT,AKC,urban,2023-01-09T19:00:00,6,3.1937990188598633,2.806708335876465,3.4942493438720703
AT,AKC,urban,2023-01-09T20:00:00,6,2.898249626159668,2.726045608520508,3.5423994064331055
AT,AKC,urban,2023-01-09T21:00:00,6,2.771298408508301,2.792003631591797,3.343648910522461
AT,AKC,urban,2023-01-09T22:00:00,6,2.8304500579833984,2.974376678466797,3.324398994445801
AT,AKC,urban,2023-01-09T23:00:00,6,2.870999336242676,3.7030906677246094,3.6050004959106445
AT,AKC,urban,2023-01-10T00:00:00,6,3.078749656677246,4.065244197845459,3.475449562072754
AT,AKC,urban,2023-01-10T01:00:00,6,3.6645994186401367,4.063831806182861,3.1937990188598633
AT,AKC,urban,2023-01-10T02:00:00,6,3.946000099182129,4.0097575187683105,2.898249626159668
AT,AKC,urban,2023-01-10T03:00:00,6,4.428750038146973,3.937772274017334,2.771298408508301
AT,AKC,urban,2023-01-10T04:00:00,6,4.25,4.083654880523682,2.8304500579833984
AT,AKC,urban,2023-01-10T05:00:00,6,4.2795491218566895,4.01269006729126,2.870999336242676
AT,AKC,urban,2023-01-10T06:00:00,6,3.979198932647705,4.157142162322998,3.078749656677246
AT,AKC,urban,2023-01-10T07:00:00,6,3.883298397064209,4.604788780212402,3.6645994186401367
AT,AKC,urban,2023-01-10T08:00:00,6,3.335948944091797,4.765954494476318,3.946000099182129
AT,AKC,urban,2023-01-10T09:00:00,6,3.00985050201416,4.9920830726623535,4.428750038146973
AT,AKC,urban,2023-01-10T10:00:00,6,3.636699676513672,4.908145904541016,4.25
AT,AKC,urban,2023-01-10T11:00:00,6,3.8025989532470703,4.807746887207031,4.2795491218566895
AT,AKC,urban,2023-01-10T12:00:00,6,3.531649589538574,4.257440567016602,3.979198932647705
AT,AKC,urban,2023-01-10T13:00:00,6,4.25269889831543,4.314417362213135,3.883298397064209
AT,AKC,urban,2023-01-10T14:00:00,6,4.7019500732421875,4.064840793609619,3.335948944091797
AT,AKC,urban,2023-01-10T15:00:00,6,4.022500038146973,4.045949935913086,3.00985050201416
AT,AKC,urban,2023-01-10T16:00:00,6,3.2327489852905273,4.643956661224365,3.636699676513672
AT,AKC,urban,2023-01-10T17:00:00,6,3.203248977661133,4.687173366546631,3.8025989532470703
AT,AKC,urban,2023-01-10T18:00:00,6,4.124198913574219,4.35198450088501,3.531649589538574
AT,AKC,urban,2023-01-10T19:00:00,6,5.136050224304199,4.961343765258789,4.25269889831543
AT,AKC,urban,2023-01-10T20:00:00,6,5.273949146270752,5.365181922912598,4.7019500732421875
AT,AKC,urban,2023-01-10T21:00:00,6,4.889900207519531,4.916788101196289,4.022500038146973
AT,AKC,urban,2023-01-10T22:00:00,6,5.393400192260742,4.385684490203857,3.2327489852905273
AT,AKC,urban,2023-01-10T23:00:00,6,8.131500244140625,4.615025043487549,3.203248977661133
AT,AKC,urban,2023-01-11T00:00:00,6,10.631999969482422,5.807389259338379,4.124198913574219
AT,AKC,urban,2023-01-11T01:00:00,6,14.38700008392334,6.727379322052002,5.136050224304199
AT,AKC,urban,2023-01-11T02:00:00,6,12.642000198364258,6.625286102294922,5.273949146270752
AT,AKC,urban,2023-01-11T03:00:00,6,11.075200080871582,5.986110687255859,4.889900207519531
AT,AKC,urban,2023-01-11T04:00:00,6,10.372150421142578,6.186628341674805,5.393400192260742
AT,AKC,urban,2023-01-11T05:00:00,6,6.830100059509277,7.975295066833496,8.131500244140625
AT,AKC,urban,2023-01-11T06:00:00,6,7.170749187469482,8.680685043334961,10.631999969482422
AT,AKC,urban,2023-01-11T07:00:00,6,8.065098762512207,10.86415958404541,14.38700008392334
AT,AKC,urban,2023-01-11T08:00:00,6,7.361100196838379,9.513065338134766,12.642000198364258
AT,AKC,urban,2023-01-11T09:00:00,6,8.938650131225586,9.502103805541992,11.075200080871582
AT,AKC,urban,2023-01-11T10:00:00,6,9.494499206542969,9.296109199523926,10.372150421142578
AT,AKC,urban,2023-01-11T11:00:00,6,9.505800247192383,8.708917617797852,6.830100059509277
AT,AKC,urban,2023-01-11T12:00:00,6,12.462499618530273,9.498826026916504,7.170749187469482
AT,AKC,urban,2023-01-11T13:00:00,6,11.653499603271484,10.545268058776855,8.065098762512207
AT,AKC,urban,2023-01-11T14:00:00,6,3.2965993881225586,10.324562072753906,7.361100196838379
AT,AKC,urban,2023-01-11T15:00:00,6,3.233649253845215,11.33739948272705,8.938650131225586
AT,AKC,urban,2023-01-11T16:00:00,6,4.84375,11.574974060058594,9.494499206542969
AT,AKC,urban,2023-01-11T17:00:00,6,5.98629903793335,11.031438827514648,9.505800247192383
AT,AKC,urban,2023-01-11T18:00:00,6,6.147200107574463,12.265120506286621,12.462499618530273
AT,AKC,urban,2023-01-11T19:00:00,6,7.640799045562744,10.500875473022461,11.653499603271484
AT,AKC,urban,2023-01-11T20:00:00,6,6.693449020385742,5.472811698913574,3.2965993881225586
AT,AKC,urban,2023-01-11T21:00:00,6,5.862750053405762,5.906889915466309,3.233649253845215
AT,AKC,urban,2023-01-11T22:00:00,6,5.5251994132995605,6.820041179656982,4.84375
AT,AKC,urban,2023-01-11T23:00:00,6,4.414999008178711,7.999828338623047,5.98629903793335
AT,AKC,urban,2023-01-12T00:00:00,6,4.576600074768066,8.209161758422852,6.147200107574463
AT,AKC,urban,2023-01-12T01:00:00,6,4.975349426269531,9.978144645690918,7.640799045562744
AT,AKC,urban,2023-01-12T02:00:00,6,3.097848892211914,9.077947616577148,6.693449020385742
AT,AKC,urban,2023-01-12T03:00:00,6,3.5648984909057617,8.154031753540039,5.862750053405762
AT,AKC,urban,2023-01-12T04:00:00,6,3.7924489974975586,7.4381890296936035,5.5251994132995605
AT,AKC,urban,2023-01-12T05:00:00,6,3.867650032043457,5.966799259185791,4.414999008178711
AT,AKC,urban,2023-01-12T06:00:00,6,4.125699520111084,5.770615577697754,4.576600074768066
AT,AKC,urban,2023-01-12T07:00:00,6,3.4604005813598633,5.592174530029297,4.975349426269531
AT,AKC,urban,2023-01-12T08:00:00,6,3.6142501831054688,4.218084812164307,3.097848892211914
AT,AKC,urban,2023-01-12T09:00:00,6,5.116649627685547,4.512186050415039,3.5648984909057617
AT,AKC,urban,2023-01-12T10:00:00,6,6.078050136566162,4.566654682159424,3.7924489974975586
AT,AKC,urban,2023-01-12T11:00:00,6,9.610548973083496,4.788271427154541,3.867650032043457
AT,AKC,urban,2023-01-12T12:00:00,6,12.020500183105469,5.2022833824157715,4.125699520111084
AT,AKC,urban,2023-01-12T13:00:00,6,8.802799224853516,5.069277763366699,3.4604005813598633
AT,AKC,urban,2023-01-12T14:00:00,6,7.1682000160217285,5.4612298011779785,3.6142501831054688
AT,AKC,urban,2023-01-12T15:00:00,6,11.65149974822998,6.031957626342773,5.116649627685547
AT,AKC,urban,2023-01-12T16:00:00,6,11.962499618530273,6.07953405380249,6.078050136566162
AT,AKC,urban,2023-01-12T17:00:00,6,8.60890007019043,6.9763007164001465,9.610548973083496
AT,AKC,urban,2023-01-12T18:00:00,6,7.1956000328063965,7.684020519256592,12.020500183105469
AT,AKC,urban,2023-01-12T19:00:00,6,10.178000450134277,5.335262775421143,8.802799224853516
AT,AKC,urban,2023-01-12T20:00:00,6,6.713699817657471,4.384012699127197,7.1682000160217285
AT,AKC,urban,2023-01-12T21:00:00,6,6.064300060272217,7.57607889175415,11.65149974822998
AT,AKC,urban,2023-01-12T22:00:00,6,5.716798782348633,8.095298767089844,11.962499618530273
AT,AKC,urban,2023-01-12T23:00:00,6,7.057199001312256,6.347194671630859,8.60890007019043
AT,AKC,urban,2023-01-13T00:00:00,6,10.939000129699707,6.847480773925781,7.1956000328063965
AT,AKC,urban,2023-01-13T01:00:00,6,12.432499885559082,9.958672523498535,10.178000450134277
AT,AKC,urban,2023-01-13T02:00:00,6,13.821999549865723,8.046000480651855,6.713699817657471
AT,AKC,urban,2023-01-13T03:00:00,6,15.319000244140625,7.850433349609375,6.064300060272217
AT,AKC,urban,2023-01-13T04:00:00,6,16.927000045776367,6.996264457702637,5.716798782348633
AT,AKC,urban,2023-01-13T05:00:00,6,17.90999984741211,7.717138767242432,7.057199001312256
AT,AKC,urban,2023-01-13T06:00:00,6,16.052000045776367,8.672798156738281,10.939000129699707
AT,AKC,urban,2023-01-13T07:00:00,6,13.904999732971191,9.534424781799316,12.432499885559082
AT,AKC,urban,2023-01-13T08:00:00,6,15.581999778747559,10.649408340454102,13.821999549865723
AT,AKC,urban,2023-01-13T09:00:00,6,17.020000457763672,12.849176406860352,15.319000244140625
AT,AKC,urban,2023-01-13T10:00:00,6,18.75349998474121,15.171518325805664,16.927000045776367
AT,AKC,urban,2023-01-13T11:00:00,6,21.992000579833984,17.347929000854492,17.90999984741211
AT,AKC,urban,2023-01-13T12:00:00,6,23.988000869750977,17.769386291503906,16.052000045776367
AT,AKC,urban,2023-01-13T13:00:00,6,19.68000030517578,17.419830322265625,13.904999732971191
AT,AKC,urban,2023-01-13T14:00:00,6,2.2197494506835938,19.881559371948242,15.581999778747559
AT,AKC,urban,2023-01-13T15:00:00,6,2.344550132751465,20.94635009765625,17.020000457763672
AT,AKC,urban,2023-01-13T16:00:00,6,2.37554931640625,21.64025115966797,18.75349998474121
AT,AKC,urban,2023-01-13T17:00:00,6,2.5662002563476562,22.368534088134766,21.992000579833984
AT,AKC,urban,2023-01-13T18:00:00,6,2.612149238586426,22.32569122314453,23.988000869750977
AT,AKC,urban,2023-01-13T19:00:00,6,2.668349266052246,17.816539764404297,19.68000030517578
AT,AKC,urban,2023-01-13T20:00:00,6,2.7095489501953125,5.348881244659424,2.2197494506835938
AT,AKC,urban,2023-01-13T21:00:00,6,2.2768001556396484,5.695597171783447,2.344550132751465
AT,AKC,urban,2023-01-13T22:00:00,6,2.364199638366699,4.809759616851807,2.37554931640625
AT,AKC,urban,2023-01-13T23:00:00,6,2.5099992752075195,5.029616832733154,2.5662002563476562
AT,AKC,urban,2023-01-14T00:00:00,6,2.5357484817504883,4.501406669616699,2.612149238586426
AT,AKC,urban,2023-01-14T01:00:00,6,2.651948928833008,4.283025741577148,2.668349266052246
AT,AKC,urban,2023-01-14T02:00:00,6,2.9144487380981445,3.5376462936401367,2.7095489501953125
AT,AKC,urban,2023-01-14T03:00:00,6,2.867650032043457,2.0005483627319336,2.2768001556396484
AT,AKC,urban,2023-01-14T04:00:00,6,2.7105493545532227,1.9047660827636719,2.364199638366699
AT,AKC,urban,2023-01-14T05:00:00,6,2.9369993209838867,1.587158203125,2.5099992752075195
AT,AKC,urban,2023-01-14T06:00:00,6,2.6977500915527344,1.9247159957885742,2.5357484817504883
AT,AKC,urban,2023-01-14T07:00:00,6,2.805398941040039,1.9386920928955078,2.651948928833008
AT,AKC,urban,2023-01-14T08:00:00,6,3.5060501098632812,2.237338066101074,2.9144487380981445
AT,AKC,urban,2023-01-14T09:00:00,6,4.924149036407471,2.381443977355957,2.867650032043457
AT,AKC,urban,2023-01-14T10:00:00,6,7.223099231719971,2.727410316467285,2.7105493545532227
AT,AKC,urban,2023-01-14T11:00:00,6,7.638750076293945,3.283048629760742,2.9369993209838867
AT,AKC,urban,2023-01-14T12:00:00,6,7.316050052642822,3.5973281860351562,2.6977500915527344
AT,AKC,urban,2023-01-14T13:00:00,6,8.915051460266113,3.734739303588867,2.805398941040039
AT,AKC,urban,2023-01-14T14:00:00,6,11.888500213623047,4.803425312042236,3.5060501098632812
AT,AKC,urban,2023-01-14T15:00:00,6,11.564000129699707,5.446640968322754,4.924149036407471
AT,AKC,urban,2023-01-14T16:00:00,6,13.355999946594238,5.403655529022217,7.223099231719971
AT,AKC,urban,2023-01-14T17:00:00,6,11.246000289916992,4.948827743530273,7.638750076293945
AT,AKC,urban,2023-01-14T18:00:00,6,10.770500183105469,4.714519500732422,7.316050052642822
AT,AKC,urban,2023-01-14T19:00:00,6,11.478500366210938,5.9695611000061035,8.915051460266113
AT,AKC,urban,2023-01-14T20:00:00,6,12.76099967956543,8.636672973632812,11.888500213623047
AT,AKC,urban,2023-01-14T21:00:00,6,9.717249870300293,8.464027404785156,11.564000129699707
AT,AKC,urban,2023-01-14T22:00:00,6,9.187150001525879,11.113580703735352,13.355999946594238
AT,AKC,urban,2023-01-14T23:00:00,6,8.381999015808105,9.511892318725586,11.246000289916992
AT,AKC,urban,2023-01-15T00:00:00,6,7.868750095367432,10.253213882446289,10.770500183105469
AT,AKC,urban,2023-01-15T01:00:00,6,7.676198959350586,11.775358200073242,11.478500366210938
AT,AKC,urban,2023-01-15T02:00:00,6,7.311800003051758,12.986388206481934,12.76099967956543
AT,AKC,urban,2023-01-15T03:00:00,6,7.3721489906311035,11.484543800354004,9.717249870300293
AT,AKC,urban,2023-01-15T04:00:00,6,7.777598857879639,11.885394096374512,9.187150001525879
AT,AKC,urban,2023-01-15T05:00:00,6,8.07075023651123,11.855813026428223,8.381999015808105
AT,AKC,urban,2023-01-15T06:00:00,6,8.938650131225586,11.61574649810791,7.868750095367432
AT,AKC,urban,2023-01-15T07:00:00,6,10.500499725341797,12.178908348083496,7.676198959350586
AT,AKC,urban,2023-01-15T08:00:00,6,11.373499870300293,12.02225112915039,7.311800003051758
AT,AKC,urban,2023-01-15T09:00:00,6,11.794500350952148,13.172798156738281,7.3721489906311035
AT,AKC,urban,2023-01-15T10:00:00,6,6.377500057220459,13.951180458068848,7.777598857879639
AT,AKC,urban,2023-01-15T11:00:00,6,2.5325498580932617,14.94682502746582,8.07075023651123
AT,AKC,urban,2023-01-15T12:00:00,6,1.898249626159668,15.978864669799805,8.938650131225586
AT,AKC,urban,2023-01-15T13:00:00,6,2.226649284362793,16.260936737060547,10.500499725341797
AT,AKC,urban,2023-01-15T14:00:00,6,2.0156497955322266,16.470714569091797,11.373499870300293
AT,AKC,urban,2023-01-15T15:00:00,6,2.3338499069213867,15.837627410888672,11.794500350952148
AT,AKC,urban,2023-01-15T16:00:00,6,2.478848457336426,11.55595874786377,6.377500057220459
AT,AKC,urban,2023-01-15T17:00:00,6,1.8325986862182617,8.170602798461914,2.5325498580932617
AT,AKC,urban,2023-01-15T18:00:00,6,1.904648780822754,6.269378185272217,1.898249626159668
AT,AKC,urban,2023-01-15T19:00:00,6,2.02449893951416,5.6920061111450195,2.226649284362793
AT,AKC,urban,2023-01-15T20:00:00,6,1.7624998092651367,4.346048355102539,2.0156497955322266
AT,AKC,urban,2023-01-15T21:00:00,6,1.7470502853393555,4.411165714263916,2.3338499069213867
AT,AKC,urban,2023-01-15T22:00:00,6,1.9417486190795898,4.057743072509766,2.478848457336426
AT,AKC,urban,2023-01-15T23:00:00,6,2.6519994735717773,4.126992702484131,1.8325986862182617
AT,AKC,urban,2023-01-16T00:00:00,6,2.5080995559692383,4.643240928649902,1.904648780822754
AT,AKC,urban,2023-01-16T01:00:00,6,3.241100311279297,5.244165420532227,2.02449893951416
AT,AKC,urban,2023-01-16T02:00:00,6,3.5135498046875,5.359316825866699,1.7624998092651367
AT,AKC,urban,2023-01-16T03:00:00,6,3.6401500701904297,5.173813819885254,1.7470502853393555
AT,AKC,urban,2023-01-16T04:00:00,6,3.4924001693725586,4.641971111297607,1.9417486190795898
AT,AKC,urban,2023-01-16T05:00:00,6,3.068850517272949,4.3945817947387695,2.6519994735717773
AT,AKC,urban,2023-01-16T06:00:00,6,5.074150085449219,3.4717206954956055,2.5080995559692383
AT,AKC,urban,2023-01-16T07:00:00,6,3.536799430847168,3.36533260345459,3.241100311279297
AT,AKC,urban,2023-01-16T08:00:00,6,3.913100242614746,3.022256851196289,3.5135498046875
AT,AKC,urban,2023-01-16T09:00:00,6,5.6219000816345215,3.0990991592407227,3.6401500701904297
AT,AKC,urban,2023-01-16T10:00:00,6,6.160149097442627,3.4524803161621094,3.4924001693725586
AT,AKC,urban,2023-01-16T11:00:00,6,6.136349201202393,3.0834789276123047,3.068850517272949
AT,AKC,urban,2023-01-16T12:00:00,6,6.357648849487305,4.740653038024902,5.074150085449219
AT,AKC,urban,2023-01-16T13:00:00,6,7.664848804473877,3.676036834716797,3.536799430847168
AT,AKC,urban,2023-01-16T14:00:00,6,7.09299898147583,4.33502721786499,3.913100242614746
AT,AKC,urban,2023-01-16T15:00:00,6,7.42710018157959,4.520613670349121,5.6219000816345215
AT,AKC,urban,2023-01-16T16:00:00,6,8.293848991394043,4.6542558670043945,6.160149097442627
AT,AKC,urban,2023-01-16T17:00:00,6,8.329400062561035,3.493927001953125,6.136349201202393
AT,AKC,urban,2023-01-16T18:00:00,6,8.264498710632324,3.681450843811035,6.357648849487305
AT,AKC,urban,2023-01-16T19:00:00,6,9.470100402832031,3.8008108139038086,7.664848804473877
AT,AKC,urban,2023-01-16T20:00:00,6,11.821000099182129,3.2118406295776367,7.09299898147583
AT,AKC,urban,2023-01-16T21:00:00,6,11.746500015258789,3.657224655151367,7.42710018157959
AT,AKC,urban,2023-01-16T22:00:00,6,12.297499656677246,4.563861846923828,8.293848991394043
AT,AKC,urban,2023-01-16T23:00:00,6,13.187999725341797,5.109769821166992,8.329400062561035
AT,AKC,urban,2023-01-17T00:00:00,6,14.820500373840332,5.226592063903809,8.264498710632324
AT,AKC,urban,2023-01-17T01:00:00,6,16.36949920654297,7.083751201629639,9.470100402832031
AT,AKC,urban,2023-01-17T02:00:00,6,15.420499801635742,8.00592041015625,11.821000099182129
AT,AKC,urban,2023-01-17T03:00:00,6,16.103500366210938,8.0469970703125,11.746500015258789
AT,AKC,urban,2023-01-17T04:00:00,6,10.282750129699707,7.804032325744629,12.297499656677246
AT,AKC,urban,2023-01-17T05:00:00,6,6.109950065612793,7.435577869415283,13.187999725341797
AT,AKC,urban,2023-01-17T06:00:00,6,3.9345993995666504,7.639533996582031,14.820500373840332
AT,AKC,urban,2023-01-17T07:00:00,6,5.003048896789551,7.991045951843262,16.36949920654297
AT,AKC,urban,2023-01-17T08:00:00,6,5.296350002288818,7.039866924285889,15.420499801635742
AT,AKC,urban,2023-01-17T09:00:00,6,7.737998962402344,7.627628803253174,16.103500366210938
AT,AKC,urban,2023-01-17T10:00:00,6,7.33699893951416,4.640429973602295,10.282750129699707
AT,AKC,urban,2023-01-17T11:00:00,6,5.699250221252441,3.5376319885253906,6.109950065612793
AT,AKC,urban,2023-01-17T12:00:00,6,4.217350006103516,3.2995176315307617,3.9345993995666504
AT,AKC,urban,2023-01-17T13:00:00,6,4.250298976898193,4.253485679626465,5.003048896789551
AT,AKC,urban,2023-01-17T14:00:00,6,4.977250099182129,3.906118392944336,5.296350002288818
AT,AKC,urban,2023-01-17T15:00:00,6,5.8119988441467285,4.129941463470459,7.737998962402344
AT,AKC,urban,2023-01-17T16:00:00,6,6.84329891204834,3.0908308029174805,7.33699893951416
AT,AKC,urban,2023-01-17T17:00:00,6,6.230898857116699,0.6182727813720703,5.699250221252441
AT,AKC,urban,2023-01-17T18:00:00,6,4.491099834442139,-0.343536376953125,4.217350006103516
AT,AKC,urban,2023-01-17T19:00:00,6,4.136699676513672,-0.9589471817016602,4.250298976898193
AT,AKC,urban,2023-01-17T20:00:00,6,4.01249885559082,-0.6392145156860352,4.977250099182129
AT,AKC,urban,2023-01-17T21:00:00,6,4.733348846435547,0.1990814208984375,5.8119988441467285
AT,AKC,urban,2023-01-17T22:00:00,6,6.052749156951904,1.5126590728759766,6.84329891204834
AT,AKC,urban,2023-01-17T23:00:00,6,7.17604923248291,1.9116010665893555,6.230898857116699
AT,AKC,urban,2023-01-18T00:00:00,6,10.827500343322754,1.5159988403320312,4.491099834442139
AT,AKC,urban,2023-01-18T01:00:00,6,13.827500343322754,2.5089120864868164,4.136699676513672
AT,AKC,urban,2023-01-18T02:00:00,6,14.335000038146973,3.045161247253418,4.01249885559082
AT,AKC,urban,2023-01-18T03:00:00,6,9.498398780822754,4.000400066375732,4.733348846435547
AT,AKC,urban,2023-01-18T04:00:00,6,6.501749038696289,4.327796459197998,6.052749156951904
AT,AKC,urban,2023-01-18T05:00:00,6,4.426148891448975,4.393954277038574,7.17604923248291
AT,AKC,urban,2023-01-18T06:00:00,6,2.4775495529174805,6.276907920837402,10.827500343322754
AT,AKC,urban,2023-01-18T07:00:00,6,2.6832494735717773,7.973715782165527,13.827500343322754
AT,AKC,urban,2023-01-18T08:00:00,6,4.57480001449585,8.311765670776367,14.335000038146973
AT,AKC,urban,2023-01-18T09:00:00,6,4.3520002365112305,5.265172004699707,9.498398780822754
AT,AKC,urban,2023-01-18T10:00:00,6,7.142848968505859,5.051097869873047,6.501749038696289
AT,AKC,urban,2023-01-18T11:00:00,6,11.048999786376953,4.357781887054443,4.426148891448975
AT,AKC,urban,2023-01-18T12:00:00,6,15.166999816894531,4.019377708435059,2.4775495529174805
AT,AKC,urban,2023-01-18T13:00:00,6,13.201499938964844,4.816413879394531,2.6832494735717773
AT,AKC,urban,2023-01-18T14:00:00,6,14.564499855041504,6.315028190612793,4.57480001449585
AT,AKC,urban,2023-01-18T15:00:00,6,12.208499908447266,6.056286811828613,4.3520002365112305
AT,AKC,urban,2023-01-18T16:00:00,6,6.894399166107178,7.509482383728027,7.142848968505859
AT,AKC,urban,2023-01-18T17:00:00,6,10.209799766540527,9.055978775024414,11.048999786376953
AT,AKC,urban,2023-01-18T18:00:00,6,10.130499839782715,11.527486801147461,15.166999816894531
AT,AKC,urban,2023-01-18T19:00:00,6,10.6274995803833,9.640727996826172,13.201499938964844
AT,AKC,urban,2023-01-18T20:00:00,6,10.456999778747559,12.0164794921875,14.564499855041504
AT,AKC,urban,2023-01-18T21:00:00,6,9.777250289916992,10.250428199768066,12.208499908447266
AT,AKC,urban,2023-01-18T22:00:00,6,11.78600025177002,7.647572040557861,6.894399166107178
AT,AKC,urban,2023-01-18T23:00:00,6,13.560999870300293,9.507869720458984,10.209799766540527
AT,AKC,urban,2023-01-19T00:00:00,6,13.3100004196167,9.329442024230957,10.130499839782715
AT,AKC,urban,2023-01-19T01:00:00,6,11.202500343322754,10.180200576782227,10.6274995803833
AT,AKC,urban,2023-01-19T02:00:00,6,11.418000221252441,10.440594673156738,10.456999778747559
AT,AKC,urban,2023-01-19T03:00:00,6,10.185999870300293,10.506056785583496,9.777250289916992
AT,AKC,urban,2023-01-19T04:00:00,6,10.296050071716309,12.880388259887695,11.78600025177002
AT,AKC,urban,2023-01-19T05:00:00,6,8.703350067138672,13.631345748901367,13.560999870300293
AT,AKC,urban,2023-01-19T06:00:00,6,7.480400085449219,13.099989891052246,13.3100004196167
AT,AKC,urban,2023-01-19T07:00:00,6,12.194049835205078,10.562573432922363,11.202500343322754
AT,AKC,urban,2023-01-19T08:00:00,6,16.731000900268555,11.777039527893066,11.418000221252441
AT,AKC,urban,2023-01-19T09:00:00,6,19.116500854492188,9.718622207641602,10.185999870300293
AT,AKC,urban,2023-01-19T10:00:00,6,18.84749984741211,10.526007652282715,10.296050071716309
AT,AKC,urban,2023-01-19T11:00:00,6,18.173500061035156,8.715947151184082,8.703350067138672
AT,AKC,urban,2023-01-19T12:00:00,6,18.259000778198242,7.50093936920166,7.480400085449219
AT,AKC,urban,2023-01-19T13:00:00,6,18.194000244140625,9.902502059936523,12.194049835205078
AT,AKC,urban,2023-01-19T14:00:00,6,18.134000778198242,10.62546443939209,16.731000900268555
AT,AKC,urban,2023-01-19T15:00:00,6,17.572999954223633,11.388677597045898,19.116500854492188
AT,AKC,urban,2023-01-19T16:00:00,6,15.525500297546387,10.386102676391602,18.84749984741211
AT,AKC,urban,2023-01-19T17:00:00,6,13.125499725341797,12.152092933654785,18.173500061035156
AT,AKC,urban,2023-01-19T18:00:00,6,14.189499855041504,12.549030303955078,18.259000778198242
AT,AKC,urban,2023-01-19T19:00:00,6,15.692999839782715,14.193717002868652,18.194000244140625
AT,AKC,urban,2023-01-19T20:00:00,6,16.299999237060547,14.281211853027344,18.134000778198242
AT,AKC,urban,2023-01-19T21:00:00,6,13.796500205993652,14.74451732635498,17.572999954223633
AT,AKC,urban,2023-01-19T22:00:00,6,15.019000053405762,12.222373962402344,15.525500297546387
AT,AKC,urban,2023-01-19T23:00:00,6,16.673500061035156,10.438592910766602,13.125499725341797
AT,AKC,urban,2023-01-20T00:00:00,6,16.158000946044922,11.404032707214355,14.189499855041504
AT,AKC,urban,2023-01-20T01:00:00,6,15.494500160217285,12.038202285766602,15.692999839782715
AT,AKC,urban,2023-01-20T02:00:00,6,15.174500465393066,12.563570976257324,16.299999237060547
AT,AKC,urban,2023-01-20T03:00:00,6,12.922499656677246,10.570001602172852,13.796500205993652
AT,AKC,urban,2023-01-20T04:00:00,6,13.519000053405762,13.03943920135498,15.019000053405762
AT,AKC,urban,2023-01-20T05:00:00,6,14.406499862670898,13.908586502075195,16.673500061035156
AT,AKC,urban,2023-01-20T06:00:00,6,13.345000267028809,14.810148239135742,16.158000946044922
AT,AKC,urban,2023-01-20T07:00:00,6,12.819999694824219,14.584505081176758,15.494500160217285
AT,AKC,urban,2023-01-20T08:00:00,6,13.432000160217285,16.154415130615234,15.174500465393066
AT,AKC,urban,2023-01-20T09:00:00,6,13.819000244140625,15.176498413085938,12.922499656677246
AT,AKC,urban,2023-01-20T10:00:00,6,13.88700008392334,16.520328521728516,13.519000053405762
AT,AKC,urban,2023-01-20T11:00:00,6,12.755000114440918,17.80998420715332,14.406499862670898
AT,AKC,urban,2023-01-20T12:00:00,6,13.233499526977539,16.83172607421875,13.345000267028809
AT,AKC,urban,2023-01-20T13:00:00,6,15.746500015258789,16.637819290161133,12.819999694824219
AT,AKC,urban,2023-01-20T14:00:00,6,16.798999786376953,16.956327438354492,13.432000160217285
AT,AKC,urban,2023-01-20T15:00:00,6,15.711999893188477,17.24421501159668,13.819000244140625
AT,AKC,urban,2023-01-20T16:00:00,6,16.18549919128418,16.65389633178711,13.88700008392334
AT,AKC,urban,2023-01-20T17:00:00,6,13.77750015258789,15.344465255737305,12.755000114440918
AT,AKC,urban,2023-01-20T18:00:00,6,12.808500289916992,15.107098579406738,13.233499526977539
AT,AKC,urban,2023-01-20T19:00:00,6,9.801898956298828,16.220584869384766,15.746500015258789
AT,AKC,urban,2023-01-20T20:00:00,6,9.319199562072754,16.43925666809082,16.798999786376953
AT,AKC,urban,2023-01-20T21:00:00,6,8.800748825073242,15.435373306274414,15.711999893188477
AT,AKC,urban,2023-01-20T22:00:00,6,9.369799613952637,15.797333717346191,16.18549919128418
AT,AKC,urban,2023-01-20T23:00:00,6,8.565500259399414,13.270216941833496,13.77750015258789
AT,AKC,urban,2023-01-21T00:00:00,6,8.32089900970459,12.189067840576172,12.808500289916992
AT,AKC,urban,2023-01-21T01:00:00,6,7.396399021148682,9.705148696899414,9.801898956298828
AT,AKC,urban,2023-01-21T02:00:00,6,6.432600021362305,9.055627822875977,9.319199562072754
AT,AKC,urban,2023-01-21T03:00:00,6,6.232550144195557,8.137405395507812,8.800748825073242
AT,AKC,urban,2023-01-21T04:00:00,6,5.92889928817749,8.343384742736816,9.369799613952637
AT,AKC,urban,2023-01-21T05:00:00,6,5.984600067138672,7.633668422698975,8.565500259399414
AT,AKC,urban,2023-01-21T06:00:00,6,6.665348529815674,7.872337818145752,8.32089900970459
AT,AKC,urban,2023-01-21T07:00:00,6,6.973548889160156,7.622426986694336,7.396399021148682
AT,AKC,urban,2023-01-21T08:00:00,6,7.088850021362305,7.883023262023926,6.432600021362305
AT,AKC,urban,2023-01-21T09:00:00,6,7.421949863433838,8.305789947509766,6.232550144195557
AT,AKC,urban,2023-01-21T10:00:00,6,7.952098846435547,8.502614974975586,5.92889928817749
AT,AKC,urban,2023-01-21T11:00:00,6,9.520849227905273,8.990494728088379,5.984600067138672
AT,AKC,urban,2023-01-21T12:00:00,6,10.788000106811523,9.631698608398438,6.665348529815674
AT,AKC,urban,2023-01-21T13:00:00,6,11.909500122070312,9.896391868591309,6.973548889160156
AT,AKC,urban,2023-01-21T14:00:00,6,12.5649995803833,9.827143669128418,7.088850021362305
AT,AKC,urban,2023-01-21T15:00:00,6,10.982000350952148,9.930718421936035,7.421949863433838
AT,AKC,urban,2023-01-21T16:00:00,6,11.284000396728516,9.730462074279785,7.952098846435547
AT,AKC,urban,2023-01-21T17:00:00,6,13.03499984741211,10.409791946411133,9.520849227905273
AT,AKC,urban,2023-01-21T18:00:00,6,14.640000343322754,10.939095497131348,10.788000106811523
AT,AKC,urban,2023-01-21T19:00:00,6,15.177000045776367,11.827244758605957,11.909500122070312
AT,AKC,urban,2023-01-21T20:00:00,6,17.079500198364258,12.475016593933105,12.5649995803833
AT,AKC,urban,2023-01-21T21:00:00,6,16.62299919128418,11.4725923538208,10.982000350952148
AT,AKC,urban,2023-01-21T22:00:00,6,16.338499069213867,12.18862533569336,11.284000396728516
AT,AKC,urban,2023-01-21T23:00:00,6,16.07699966430664,13.509842872619629,13.03499984741211
AT,AKC,urban,2023-01-22T00:00:00,6,13.906499862670898,14.32698917388916,14.640000343322754
AT,AKC,urban,2023-01-22T01:00:00,6,10.501999855041504,13.874933242797852,15.177000045776367
AT,AKC,urban,2023-01-22T02:00:00,6,7.974699020385742,15.228181838989258,17.079500198364258
AT,AKC,urban,2023-01-22T03:00:00,6,8.520798683166504,13.90968132019043,16.62299919128418
AT,AKC,urban,2023-01-22T04:00:00,6,8.774298667907715,13.085586547851562,16.338499069213867
AT,AKC,urban,2023-01-22T05:00:00,6,8.079998970031738,11.64903736114502,16.07699966430664
AT,AKC,urban,2023-01-22T06:00:00,6,10.045100212097168,9.484380722045898,13.906499862670898
AT,AKC,urban,2023-01-22T07:00:00,6,10.920499801635742,7.619146347045898,10.501999855041504
AT,AKC,urban,2023-01-22T08:00:00,6,11.358499526977539,7.058838367462158,7.974699020385742
AT,AKC,urban,2023-01-22T09:00:00,6,13.048999786376953,8.05222225189209,8.520798683166504
AT,AKC,urban,2023-01-22T10:00:00,6,15.596500396728516,8.691681861877441,8.774298667907715
AT,AKC,urban,2023-01-22T11:00:00,6,15.672499656677246,8.888480186462402,8.079998970031738
AT,AKC,urban,2023-01-22T12:00:00,6,15.92650032043457,10.67399787902832,10.045100212097168
AT,AKC,urban,2023-01-22T13:00:00,6,16.31999969482422,11.693955421447754,10.920499801635742
AT,AKC,urban,2023-01-22T14:00:00,6,16.76799964904785,12.162704467773438,11.358499526977539
AT,AKC,urban,2023-01-22T15:00:00,6,16.860000610351562,13.479998588562012,13.048999786376953
AT,AKC,urban,2023-01-22T16:00:00,6,18.524999618530273,14.688864707946777,15.596500396728516
AT,AKC,urban,2023-01-22T17:00:00,6,19.90850067138672,13.879303932189941,15.672499656677246
AT,AKC,urban,2023-01-22T18:00:00,6,19.386499404907227,14.472136497497559,15.92650032043457
AT,AKC,urban,2023-01-22T19:00:00,6,20.503999710083008,14.933405876159668,16.31999969482422
AT,AKC,urban,2023-01-22T20:00:00,6,21.624000549316406,15.362850189208984,16.76799964904785
AT,AKC,urban,2023-01-22T21:00:00,6,22.537500381469727,15.29992389678955,16.860000610351562
AT,AKC,urban,2023-01-22T22:00:00,6,23.490497589111328,17.03097152709961,18.524999618530273
AT,AKC,urban,2023-01-22T23:00:00,6,19.799999237060547,18.078203201293945,19.90850067138672
AT,AKC,urban,2023-01-23T00:00:00,6,16.246999740600586,17.785429000854492,19.386499404907227
AT,AKC,urban,2023-01-23T01:00:00,6,15.732999801635742,18.91948127746582,20.503999710083008
AT,AKC,urban,2023-01-23T02:00:00,6,16.945499420166016,18.97907829284668,21.624000549316406
AT,AKC,urban,2023-01-23T03:00:00,6,16.196500778198242,18.552017211914062,22.537500381469727
AT,AKC,urban,2023-01-23T04:00:00,6,13.826499938964844,18.71744728088379,23.490497589111328
AT,AKC,urban,2023-01-23T05:00:00,6,14.635000228881836,14.719842910766602,19.799999237060547
AT,AKC,urban,2023-01-23T06:00:00,6,14.826000213623047,13.589471817016602,16.246999740600586
AT,AKC,urban,2023-01-23T07:00:00,6,14.329500198364258,13.480917930603027,15.732999801635742
AT,AKC,urban,2023-01-23T08:00:00,6,13.100500106811523,15.063044548034668,16.945499420166016
AT,AKC,urban,2023-01-23T09:00:00,6,12.393500328063965,14.922089576721191,16.196500778198242
AT,AKC,urban,2023-01-23T10:00:00,6,13.33899974822998,14.834671020507812,13.826499938964844
AT,AKC,urban,2023-01-23T11:00:00,6,14.482500076293945,17.138668060302734,14.635000228881836
AT,AKC,urban,2023-01-23T12:00:00,6,15.541500091552734,18.007089614868164,14.826000213623047
AT,AKC,urban,2023-01-23T13:00:00,6,16.667499542236328,18.551240921020508,14.329500198364258
AT,AKC,urban,2023-01-23T14:00:00,6,16.899499893188477,18.02678108215332,13.100500106811523
AT,AKC,urban,2023-01-23T15:00:00,6,16.139999389648438,17.68718719482422,12.393500328063965
AT,AKC,urban,2023-01-23T16:00:00,6,15.756500244140625,17.895156860351562,13.33899974822998
AT,AKC,urban,2023-01-23T17:00:00,6,15.342499732971191,18.086299896240234,14.482500076293945
AT,AKC,urban,2023-01-23T18:00:00,6,15.270000457763672,18.227657318115234,15.541500091552734
AT,AKC,urban,2023-01-23T19:00:00,6,14.825499534606934,18.586624145507812,16.667499542236328
AT,AKC,urban,2023-01-23T20:00:00,6,14.407999992370605,18.408893585205078,16.899499893188477
AT,AKC,urban,2023-01-23T21:00:00,6,14.312999725341797,17.414165496826172,16.139999389648438
AT,AKC,urban,2023-01-23T22:00:00,6,15.458499908447266,17.025226593017578,15.756500244140625
AT,AKC,urban,2023-01-23T23:00:00,6,16.63800048828125,16.78919792175293,15.342499732971191
AT,AKC,urban,2023-01-24T00:00:00,6,18.18000030517578,17.10566520690918,15.270000457763672
AT,AKC,urban,2023-01-24T01:00:00,6,18.922000885009766,16.552610397338867,14.825499534606934
AT,AKC,urban,2023-01-24T02:00:00,6,19.422000885009766,15.966094970703125,14.407999992370605
AT,AKC,urban,2023-01-24T03:00:00,6,19.809499740600586,15.075078964233398,14.312999725341797
AT,AKC,urban,2023-01-24T04:00:00,6,18.503999710083008,15.644563674926758,15.458499908447266
AT,AKC,urban,2023-01-24T05:00:00,6,17.816499710083008,15.327856063842773,16.63800048828125
AT,AKC,urban,2023-01-24T06:00:00,6,16.89900016784668,16.244144439697266,18.18000030517578
AT,AKC,urban,2023-01-24T07:00:00,6,15.65999984741211,16.6196231842041,18.922000885009766
AT,AKC,urban,2023-01-24T08:00:00,6,15.105999946594238,17.444337844848633,19.422000885009766
AT,AKC,urban,2023-01-24T09:00:00,6,14.409000396728516,18.449783325195312,19.809499740600586
AT,AKC,urban,2023-01-24T10:00:00,6,13.655500411987305,18.94348907470703,18.503999710083008
AT,AKC,urban,2023-01-24T11:00:00,6,14.178999900817871,19.43906593322754,17.816499710083008
AT,AKC,urban,2023-01-24T12:00:00,6,14.550999641418457,19.73217010498047,16.89900016784668
AT,AKC,urban,2023-01-24T13:00:00,6,14.059499740600586,18.771358489990234,15.65999984741211
AT,AKC,urban,2023-01-24T14:00:00,6,13.80150032043457,18.234359741210938,15.105999946594238
AT,AKC,urban,2023-01-24T15:00:00,6,14.06149959564209,17.294231414794922,14.409000396728516
AT,AKC,urban,2023-01-24T16:00:00,6,14.177499771118164,16.235794067382812,13.655500411987305
AT,AKC,urban,2023-01-24T17:00:00,6,12.90250015258789,16.285459518432617,14.178999900817871
AT,AKC,urban,2023-01-24T18:00:00,6,12.217499732971191,16.119895935058594,14.550999641418457
AT,AKC,urban,2023-01-24T19:00:00,6,12.293999671936035,15.49067497253418,14.059499740600586
AT,AKC,urban,2023-01-24T20:00:00,6,12.942999839782715,14.919900894165039,13.80150032043457
AT,AKC,urban,2023-01-24T21:00:00,6,13.37600040435791,15.223522186279297,14.06149959564209
AT,AKC,urban,2023-01-24T22:00:00,6,14.927499771118164,15.13715934753418,14.177499771118164
AT,AKC,urban,2023-01-24T23:00:00,6,15.5600004196167,14.348936080932617,12.90250015258789
AT,AKC,urban,2023-01-25T00:00:00,6,14.376500129699707,13.823053359985352,12.217499732971191
AT,AKC,urban,2023-01-25T01:00:00,6,15.28499984741211,14.001792907714844,12.293999671936035
AT,AKC,urban,2023-01-25T02:00:00,6,14.619500160217285,14.439776420593262,12.942999839782715
AT,AKC,urban,2023-01-25T03:00:00,6,12.79699993133545,14.396714210510254,13.37600040435791
AT,AKC,urban,2023-01-25T04:00:00,6,12.307000160217285,15.25086498260498,14.927499771118164
AT,AKC,urban,2023-01-25T05:00:00,6,14.079999923706055,14.29808235168457,15.5600004196167
AT,AKC,urban,2023-01-25T06:00:00,6,14.42650032043457,13.29460620880127,14.376500129699707
AT,AKC,urban,2023-01-25T07:00:00,6,15.243000030517578,13.886329650878906,15.28499984741211
AT,AKC,urban,2023-01-25T08:00:00,6,15.387499809265137,14.071344375610352,14.619500160217285
AT,AKC,urban,2023-01-25T09:00:00,6,16.168500900268555,14.405783653259277,12.79699993133545
AT,AKC,urban,2023-01-25T10:00:00,6,16.73699951171875,14.984684944152832,12.307000160217285
AT,AKC,urban,2023-01-25T11:00:00,6,18.03849983215332,17.44634246826172,14.079999923706055
AT,AKC,urban,2023-01-25T12:00:00,6,18.871999740600586,17.972585678100586,14.42650032043457
AT,AKC,urban,2023-01-25T13:00:00,6,21.33300018310547,19.05673599243164,15.243000030517578
AT,AKC,urban,2023-01-25T14:00:00,6,22.148000717163086,18.73052978515625,15.387499809265137
AT,AKC,urban,2023-01-25T15:00:00,6,21.674999237060547,18.962203979492188,16.168500900268555
AT,AKC,urban,2023-01-25T16:00:00,6,15.071499824523926,18.59742546081543,16.73699951171875
AT,AKC,urban,2023-01-25T17:00:00,6,11.10200023651123,19.078842163085938,18.03849983215332
AT,AKC,urban,2023-01-25T18:00:00,6,8.55780029296875,19.48638343811035,18.871999740600586
AT,AKC,urban,2023-01-25T19:00:00,6,8.744298934936523,21.579381942749023,21.33300018310547
AT,AKC,urban,2023-01-25T20:00:00,6,9.375900268554688,22.331911087036133,22.148000717163086
AT,AKC,urban,2023-01-25T21:00:00,6,10.478500366210938,22.481372833251953,21.674999237060547
AT,AKC,urban,2023-01-25T22:00:00,6,11.017499923706055,17.104822158813477,15.071499824523926
AT,AKC,urban,2023-01-25T23:00:00,6,12.320500373840332,14.367610931396484,11.10200023651123
AT,AKC,urban,2023-01-26T00:00:00,6,13.706000328063965,13.14162826538086,8.55780029296875
AT,AKC,urban,2023-01-26T01:00:00,6,14.710000038146973,13.876798629760742,8.744298934936523
AT,AKC,urban,2023-01-26T02:00:00,6,17.17799949645996,14.118660926818848,9.375900268554688
AT,AKC,urban,2023-01-26T03:00:00,6,17.85849952697754,14.944596290588379,10.478500366210938
AT,AKC,urban,2023-01-26T04:00:00,6,18.074499130249023,15.071569442749023,11.017499923706055
AT,AKC,urban,2023-01-26T05:00:00,6,18.06999969482422,16.032238006591797,12.320500373840332
AT,AKC,urban,2023-01-26T06:00:00,6,21.320999145507812,16.505157470703125,13.706000328063965
AT,AKC,urban,2023-01-26T07:00:00,6,21.309999465942383,17.135433197021484,14.710000038146973
AT,AKC,urban,2023-01-26T08:00:00,6,20.363000869750977,18.566585540771484,17.17799949645996
AT,AKC,urban,2023-01-26T09:00:00,6,17.691499710083008,19.07422637939453,17.85849952697754
AT,AKC,urban,2023-01-26T10:00:00,6,15.5,19.12840461730957,18.074499130249023
AT,AKC,urban,2023-01-26T11:00:00,6,15.91100025177002,19.302898406982422,18.06999969482422
AT,AKC,urban,2023-01-26T12:00:00,6,15.899499893188477,22.282108306884766,21.320999145507812
AT,AKC,urban,2023-01-26T13:00:00,6,12.842499732971191,22.99880599975586,21.309999465942383
AT,AKC,urban,2023-01-26T14:00:00,6,10.991999626159668,22.432525634765625,20.363000869750977
AT,AKC,urban,2023-01-26T15:00:00,6,11.910499572753906,20.157390594482422,17.691499710083008
AT,AKC,urban,2023-01-26T16:00:00,6,12.105999946594238,18.534866333007812,15.5
AT,AKC,urban,2023-01-26T17:00:00,6,11.654500007629395,19.102725982666016,15.91100025177002
AT,AKC,urban,2023-01-26T18:00:00,6,8.707148551940918,18.662572860717773,15.899499893188477
AT,AKC,urban,2023-01-26T19:00:00,6,7.909399032592773,15.655404090881348,12.842499732971191
AT,AKC,urban,2023-01-26T20:00:00,6,11.458499908447266,13.762747764587402,10.991999626159668
AT,AKC,urban,2023-01-26T21:00:00,6,12.041000366210938,14.737569808959961,11.910499572753906
AT,AKC,urban,2023-01-26T22:00:00,6,11.445500373840332,14.859573364257812,12.105999946594238
AT,AKC,urban,2023-01-26T23:00:00,6,10.770500183105469,14.632711410522461,11.654500007629395
AT,AKC,urban,2023-01-27T00:00:00,6,11.952500343322754,12.171350479125977,8.707148551940918
AT,AKC,urban,2023-01-27T01:00:00,6,13.117500305175781,11.173612594604492,7.909399032592773
AT,AKC,urban,2023-01-27T02:00:00,6,14.125,13.786320686340332,11.458499908447266
AT,AKC,urban,2023-01-27T03:00:00,6,16.357999801635742,13.82632064819336,12.041000366210938
AT,AKC,urban,2023-01-27T04:00:00,6,17.777000427246094,13.911561965942383,11.445500373840332
AT,AKC,urban,2023-01-27T05:00:00,6,18.683000564575195,13.318077087402344,10.770500183105469
AT,AKC,urban,2023-01-27T06:00:00,6,18.893999099731445,14.389860153198242,11.952500343322754
AT,AKC,urban,2023-01-27T07:00:00,6,19.486499786376953,14.432780265808105,13.117500305175781
AT,AKC,urban,2023-01-27T08:00:00,6,22.04400062561035,15.335283279418945,14.125
AT,AKC,urban,2023-01-27T09:00:00,6,23.82349967956543,16.239139556884766,16.357999801635742
AT,AKC,urban,2023-01-27T10:00:00,6,23.280000686645508,17.900453567504883,17.777000427246094
AT,AKC,urban,2023-01-27T11:00:00,6,20.06100082397461,18.243175506591797,18.683000564575195
AT,AKC,urban,2023-01-27T12:00:00,6,19.993000030517578,18.844301223754883,18.893999099731445
AT,AKC,urban,2023-01-27T13:00:00,6,19.559999465942383,18.61482048034668,19.486499786376953
AT,AKC,urban,2023-01-27T14:00:00,6,19.825000762939453,19.496490478515625,22.04400062561035
AT,AKC,urban,2023-01-27T15:00:00,6,19.64150047302246,19.494129180908203,23.82349967956543
AT,AKC,urban,2023-01-27T16:00:00,6,19.10449981689453,17.192529678344727,23.280000686645508
AT,AKC,urban,2023-01-27T17:00:00,6,18.39150047302246,12.8882474899292,20.06100082397461
AT,AKC,urban,2023-01-27T18:00:00,6,18.039499282836914,11.695623397827148,19.993000030517578
AT,AKC,urban,2023-01-27T19:00:00,6,19.916000366210938,11.029519081115723,19.559999465942383
AT,AKC,urban,2023-01-27T20:00:00,6,20.22949981689453,11.682735443115234,19.825000762939453
AT,AKC,urban,2023-01-27T21:00:00,6,20.27549934387207,11.900684356689453,19.64150047302246
AT,AKC,urban,2023-01-27T22:00:00,6,20.94849967956543,12.703713417053223,19.10449981689453
AT,AKC,urban,2023-01-27T23:00:00,6,19.479999542236328,12.678703308105469,18.39150047302246
AT,AKC,urban,2023-01-28T00:00:00,6,18.477500915527344,12.866646766662598,18.039499282836914
AT,AKC,urban,2023-01-28T01:00:00,6,19.71150016784668,13.522353172302246,19.916000366210938
AT,AKC,urban,2023-01-28T02:00:00,6,19.28849983215332,13.362135887145996,20.22949981689453
AT,AKC,urban,2023-01-28T03:00:00,6,18.454500198364258,12.780821800231934,20.27549934387207
AT,AKC,urban,2023-01-28T04:00:00,6,17.960500717163086,13.379746437072754,20.94849967956543
AT,AKC,urban,2023-01-28T05:00:00,6,19.649999618530273,11.824758529663086,19.479999542236328
AT,AKC,urban,2023-01-28T06:00:00,6,18.230499267578125,10.958909034729004,18.477500915527344
AT,AKC,urban,2023-01-28T07:00:00,6,18.260499954223633,12.134461402893066,19.71150016784668
AT,AKC,urban,2023-01-28T08:00:00,6,17.694499969482422,11.421805381774902,19.28849983215332
AT,AKC,urban,2023-01-28T09:00:00,6,17.673999786376953,10.726295471191406,18.454500198364258
AT,AKC,urban,2023-01-28T10:00:00,6,16.886499404907227,10.301385879516602,17.960500717163086
AT,AKC,urban,2023-01-28T11:00:00,6,16.430999755859375,11.65992259979248,19.649999618530273
AT,AKC,urban,2023-01-28T12:00:00,6,13.111499786376953,11.186617851257324,18.230499267578125
AT,AKC,urban,2023-01-28T13:00:00,6,12.2524995803833,12.112789154052734,18.260499954223633
AT,AKC,urban,2023-01-28T14:00:00,6,11.927000045776367,12.42753791809082,17.694499969482422
AT,AKC,urban,2023-01-28T15:00:00,6,10.82349967956543,13.848347663879395,17.673999786376953
AT,AKC,urban,2023-01-28T16:00:00,6,10.206500053405762,14.096869468688965,16.886499404907227
AT,AKC,urban,2023-01-28T17:00:00,6,9.994099617004395,14.636434555053711,16.430999755859375
AT,AKC,urban,2023-01-28T18:00:00,6,9.81760025024414,12.507452011108398,13.111499786376953
AT,AKC,urban,2023-01-28T19:00:00,6,9.392450332641602,12.889639854431152,12.2524995803833
AT,AKC,urban,2023-01-28T20:00:00,6,9.09169864654541,12.771526336669922,11.927000045776367
AT,AKC,urban,2023-01-28T21:00:00,6,9.61365032196045,12.812860488891602,10.82349967956543
AT,AKC,urban,2023-01-28T22:00:00,6,9.674798965454102,12.463459014892578,10.206500053405762
AT,AKC,urban,2023-01-28T23:00:00,6,9.11664867401123,12.647102355957031,9.994099617004395
AT,AKC,urban,2023-01-29T00:00:00,6,10.1274995803833,12.84536075592041,9.81760025024414
AT,AKC,urban,2023-01-29T01:00:00,6,10.729999542236328,13.035819053649902,9.392450332641602
AT,AKC,urban,2023-01-29T02:00:00,6,11.965999603271484,13.327201843261719,9.09169864654541
AT,AKC,urban,2023-01-29T03:00:00,6,13.456999778747559,13.886947631835938,9.61365032196045
AT,AKC,urban,2023-01-29T04:00:00,6,14.974499702453613,13.891265869140625,9.674798965454102
AT,AKC,urban,2023-01-29T05:00:00,6,15.193499565124512,12.986265182495117,9.11664867401123
AT,AKC,urban,2023-01-29T06:00:00,6,15.491499900817871,13.270794868469238,10.1274995803833
AT,AKC,urban,2023-01-29T07:00:00,6,15.394499778747559,12.761149406433105,10.729999542236328
AT,AKC,urban,2023-01-29T08:00:00,6,15.043000221252441,12.486283302307129,11.965999603271484
AT,AKC,urban,2023-01-29T09:00:00,6,15.753499984741211,13.041132926940918,13.456999778747559
AT,AKC,urban,2023-01-29T10:00:00,6,15.345499992370605,13.58142375946045,14.974499702453613
AT,AKC,urban,2023-01-29T11:00:00,6,14.710000038146973,13.850415229797363,15.193499565124512
AT,AKC,urban,2023-01-29T12:00:00,6,13.84850025177002,13.960895538330078,15.491499900817871
AT,AKC,urban,2023-01-29T13:00:00,6,13.102999687194824,13.615774154663086,15.394499778747559
AT,AKC,urban,2023-01-29T14:00:00,6,13.626500129699707,13.051796913146973,15.043000221252441
AT,AKC,urban,2023-01-29T15:00:00,6,15.261500358581543,13.731295585632324,15.753499984741211
AT,AKC,urban,2023-01-29T16:00:00,6,16.612499237060547,13.39755630493164,15.345499992370605
AT,AKC,urban,2023-01-29T17:00:00,6,17.303499221801758,12.612744331359863,14.710000038146973
AT,AKC,urban,2023-01-29T18:00:00,6,17.862499237060547,11.717750549316406,13.84850025177002
AT,AKC,urban,2023-01-29T19:00:00,6,18.243499755859375,11.054155349731445,13.102999687194824
AT,AKC,urban,2023-01-29T20:00:00,6,17.73150062561035,11.906476020812988,13.626500129699707
AT,AKC,urban,2023-01-29T21:00:00,6,16.252500534057617,12.926990509033203,15.261500358581543
AT,AKC,urban,2023-01-29T22:00:00,6,16.739500045776367,13.678815841674805,16.612499237060547
AT,AKC,urban,2023-01-29T23:00:00,6,17.975500106811523,14.47905445098877,17.303499221801758
AT,AKC,urban,2023-01-30T00:00:00,6,17.3439998626709,15.602041244506836,17.862499237060547
AT,AKC,urban,2023-01-30T01:00:00,6,15.77400016784668,16.298641204833984,18.243499755859375
AT,AKC,urban,2023-01-30T02:00:00,6,15.158499717712402,16.00640106201172,17.73150062561035
AT,AKC,urban,2023-01-30T03:00:00,6,12.64799976348877,14.889219284057617,16.252500534057617
AT,AKC,urban,2023-01-30T04:00:00,6,8.524700164794922,15.262216567993164,16.739500045776367
AT,AKC,urban,2023-01-30T05:00:00,6,7.522348880767822,14.99341869354248,17.975500106811523
AT,AKC,urban,2023-01-30T06:00:00,6,7.598750114440918,13.243408203125,17.3439998626709
AT,AKC,urban,2023-01-30T07:00:00,6,7.876150131225586,11.756752967834473,15.77400016784668
AT,AKC,urban,2023-01-30T08:00:00,6,6.900750160217285,11.268837928771973,15.158499717712402
AT,AKC,urban,2023-01-30T09:00:00,6,7.398149013519287,9.14515495300293,12.64799976348877
AT,AKC,urban,2023-01-30T10:00:00,6,7.781700134277344,7.382416725158691,8.524700164794922
AT,AKC,urban,2023-01-30T11:00:00,6,6.494100093841553,6.6872687339782715,7.522348880767822
AT,AKC,urban,2023-01-30T12:00:00,6,7.267300128936768,6.497413158416748,7.598750114440918
AT,AKC,urban,2023-01-30T13:00:00,6,7.3681488037109375,6.551333904266357,7.876150131225586
AT,AKC,urban,2023-01-30T14:00:00,6,6.660599231719971,5.335785865783691,6.900750160217285
AT,AKC,urban,2023-01-30T15:00:00,6,6.813448905944824,5.589326858520508,7.398149013519287
AT,AKC,urban,2023-01-30T16:00:00,6,5.239449977874756,5.179982662200928,7.781700134277344
AT,AKC,urban,2023-01-30T17:00:00,6,4.372300148010254,4.051523208618164,6.494100093841553
AT,AKC,urban,2023-01-30T18:00:00,6,3.857100486755371,4.479469299316406,7.267300128936768
AT,AKC,urban,2023-01-30T19:00:00,6,4.869598865509033,4.653469562530518,7.3681488037109375
AT,AKC,urban,2023-01-30T20:00:00,6,5.097700119018555,4.143197536468506,6.660599231719971
AT,AKC,urban,2023-01-30T21:00:00,6,4.694349765777588,4.655117034912109,6.813448905944824
AT,AKC,urban,2023-01-30T22:00:00,6,3.82504940032959,3.788900375366211,5.239449977874756
AT,AKC,urban,2023-01-30T23:00:00,6,3.4832000732421875,4.034244537353516,4.372300148010254
AT,AKC,urban,2023-01-31T00:00:00,6,3.4256486892700195,4.693276405334473,3.857100486755371
AT,AKC,urban,2023-01-31T01:00:00,6,4.0567498207092285,6.363976001739502,4.869598865509033
AT,AKC,urban,2023-01-31T02:00:00,6,3.145199775695801,6.90092658996582,5.097700119018555
AT,AKC,urban,2023-01-31T03:00:00,6,6.6336989402771,7.1599202156066895,4.694349765777588
AT,AKC,urban,2023-01-31T04:00:00,6,5.9870991706848145,6.793713569641113,3.82504940032959
AT,AKC,urban,2023-01-31T05:00:00,6,5.393400192260742,6.177069187164307,3.4832000732421875
AT,AKC,urban,2023-01-31T06:00:00,6,6.60575008392334,6.037457466125488,3.4256486892700195
AT,AKC,urban,2023-01-31T07:00:00,6,6.427849292755127,6.309505939483643,4.0567498207092285
AT,AKC,urban,2023-01-31T08:00:00,6,5.623848915100098,5.605045795440674,3.145199775695801
AT,AKC,urban,2023-01-31T09:00:00,6,5.517098903656006,8.488372802734375,6.6336989402771
AT,AKC,urban,2023-01-31T10:00:00,6,6.537749767303467,7.54466438293457,5.9870991706848145
AT,AKC,urban,2023-01-31T11:00:00,6,5.908298969268799,6.778371334075928,5.393400192260742
AT,AKC,urban,2023-01-31T12:00:00,6,5.529699802398682,7.460136413574219,6.60575008392334
AT,AKC,urban,2023-01-31T13:00:00,6,6.107900142669678,7.154824256896973,6.427849292755127
AT,AKC,urban,2023-01-31T14:00:00,6,5.979148864746094,6.272243976593018,5.623848915100098
AT,AKC,urban,2023-01-31T15:00:00,6,6.318048477172852,6.365818023681641,5.517098903656006
AT,AKC,urban,2023-01-31T16:00:00,6,5.447948932647705,6.964598655700684,6.537749767303467
AT,AKC,urban,2023-01-31T17:00:00,6,4.269149303436279,6.161938190460205,5.908298969268799
AT,AKC,urban,2023-01-31T18:00:00,6,3.3986988067626953,5.2384257316589355,5.529699802398682
AT,AKC,urban,2023-01-31T19:00:00,6,3.8690500259399414,5.256040573120117,6.107900142669678
AT,AKC,urban,2023-01-31T20:00:00,6,3.9344005584716797,4.872322082519531,5.979148864746094
AT,AKC,urban,2023-01-31T21:00:00,6,3.959599018096924,5.012051582336426,6.318048477172852
AT,AKC,urban,2023-01-31T22:00:00,6,5.4039998054504395,4.302797317504883,5.447948932647705
AT,AKC,urban,2023-01-31T23:00:00,6,5.413400173187256,3.770867347717285,4.269149303436279
AT,AKC,urban,2023-02-01T00:00:00,6,5.860050201416016,3.764468193054199,3.3986988067626953
AT,AKC,urban,2023-02-01T01:00:00,6,5.532449245452881,4.401017665863037,3.8690500259399414
AT,AKC,urban,2023-02-01T02:00:00,6,6.069648742675781,4.395263671875,3.9344005584716797
AT,AKC,urban,2023-02-01T03:00:00,6,6.259850025177002,4.682003021240234,3.959599018096924
AT,AKC,urban,2023-02-01T04:00:00,6,4.489998817443848,5.755144119262695,5.4039998054504395
AT,AKC,urban,2023-02-01T05:00:00,6,4.410449028015137,5.291340351104736,5.413400173187256
AT,AKC,urban,2023-02-01T06:00:00,6,3.821000099182129,5.60474967956543,5.860050201416016
AT,AKC,urban,2023-02-01T07:00:00,6,3.308699607849121,5.166636943817139,5.532449245452881
AT,AKC,urban,2023-02-01T08:00:00,6,2.357699394226074,5.840258598327637,6.069648742675781
AT,AKC,urban,2023-02-01T09:00:00,6,2.7374000549316406,6.058262348175049,6.259850025177002
AT,AKC,urban,2023-02-01T10:00:00,6,3.7672500610351562,5.333146095275879,4.489998817443848
AT,AKC,urban,2023-02-01T11:00:00,6,5.509449005126953,5.389283180236816,4.410449028015137
AT,AKC,urban,2023-02-01T12:00:00,6,5.908100128173828,5.090622901916504,3.821000099182129
AT,AKC,urban,2023-02-01T13:00:00,6,5.9483489990234375,4.801632404327393,3.308699607849121
AT,AKC,urban,2023-02-01T14:00:00,6,5.094649791717529,3.9501705169677734,2.357699394226074
AT,AKC,urban,2023-02-01T15:00:00,6,4.758450031280518,4.288561820983887,2.7374000549316406
AT,AKC,urban,2023-02-01T16:00:00,6,4.328999042510986,4.950217247009277,3.7672500610351562
AT,AKC,urban,2023-02-01T17:00:00,6,2.8022985458374023,6.252282619476318,5.509449005126953
AT,AKC,urban,2023-02-01T18:00:00,6,0.8559389114379883,5.709549903869629,5.908100128173828
AT,AKC,urban,2023-02-01T19:00:00,6,0.8373489379882812,5.913384914398193,5.9483489990234375
AT,AKC,urban,2023-02-01T20:00:00,6,0.7169151306152344,5.1067280769348145,5.094649791717529
AT,AKC,urban,2023-02-01T21:00:00,6,1.1044750213623047,5.193492889404297,4.758450031280518
AT,AKC,urban,2023-02-01T22:00:00,6,1.5342988967895508,5.087101936340332,4.328999042510986
AT,AKC,urban,2023-02-01T23:00:00,6,1.8358488082885742,4.236575603485107,2.8022985458374023
AT,AKC,urban,2023-02-02T00:00:00,6,2.231149673461914,3.3312692642211914,0.8559389114379883
AT,AKC,urban,2023-02-02T01:00:00,6,2.5416488647460938,4.006638526916504,0.8373489379882812
AT,AKC,urban,2023-02-02T02:00:00,6,3.2834997177124023,3.491323471069336,0.7169151306152344
AT,AKC,urban,2023-02-02T03:00:00,6,3.3166990280151367,4.016902446746826,1.1044750213623047
AT,AKC,urban,2023-02-02T04:00:00,6,3.359898567199707,3.6499757766723633,1.5342988967895508
AT,AKC,urban,2023-02-02T05:00:00,6,3.6023502349853516,3.876649856567383,1.8358488082885742
AT,AKC,urban,2023-02-02T06:00:00,6,4.09584903717041,3.613062858581543,2.231149673461914
AT,AKC,urban,2023-02-02T07:00:00,6,4.245698928833008,3.821560859680176,2.5416488647460938
AT,AKC,urban,2023-02-02T08:00:00,6,3.4053497314453125,4.198064804077148,3.2834997177124023
AT,AKC,urban,2023-02-02T09:00:00,6,2.8306503295898438,4.368203639984131,3.3166990280151367
AT,AKC,urban,2023-02-02T10:00:00,6,2.9640989303588867,4.416229248046875,3.359898567199707
AT,AKC,urban,2023-02-02T11:00:00,6,3.5913000106811523,4.587161540985107,3.6023502349853516
AT,AKC,urban,2023-02-02T12:00:00,6,3.7760000228881836,5.061305522918701,4.09584903717041
AT,AKC,urban,2023-02-02T13:00:00,6,3.9847989082336426,5.0868964195251465,4.245698928833008
AT,AKC,urban,2023-02-02T14:00:00,6,4.55210018157959,4.362122058868408,3.4053497314453125
AT,AKC,urban,2023-02-02T15:00:00,6,5.09014892578125,3.6243724822998047,2.8306503295898438
AT,AKC,urban,2023-02-02T16:00:00,6,5.374050140380859,3.8366127014160156,2.9640989303588867
AT,AKC,urban,2023-02-02T17:00:00,6,5.53095006942749,4.449296474456787,3.5913000106811523
AT,AKC,urban,2023-02-02T18:00:00,6,5.984299182891846,4.819488525390625,3.7760000228881836
AT,AKC,urban,2023-02-02T19:00:00,6,5.821100234985352,5.061908721923828,3.9847989082336426
AT,AKC,urban,2023-02-02T20:00:00,6,3.359699249267578,5.793063163757324,4.55210018157959
AT,AKC,urban,2023-02-02T21:00:00,6,1.3440980911254883,6.305447578430176,5.09014892578125
AT,AKC,urban,2023-02-02T22:00:00,6,0.9191293716430664,6.646615028381348,5.374050140380859
AT,AKC,urban,2023-02-02T23:00:00,6,1.3431501388549805,7.016445159912109,5.53095006942749
AT,AKC,urban,2023-02-03T00:00:00,6,1.6316003799438477,7.720828056335449,5.984299182891846
AT,AKC,urban,2023-02-03T01:00:00,6,1.8598499298095703,7.473968505859375,5.821100234985352
AT,AKC,urban,2023-02-03T02:00:00,6,2.4443492889404297,5.662176132202148,3.359699249267578
AT,AKC,urban,2023-02-03T03:00:00,6,2.9103498458862305,4.03769063949585,1.3440980911254883
AT,AKC,urban,2023-02-03T04:00:00,6,2.389749526977539,3.789968490600586,0.9191293716430664
AT,AKC,urban,2023-02-03T05:00:00,6,2.3077001571655273,4.059934616088867,1.3431501388549805
AT,AKC,urban,2023-02-03T06:00:00,6,2.2791500091552734,4.0353102684021,1.6316003799438477
AT,AKC,urban,2023-02-03T07:00:00,6,2.099750518798828,3.6647462844848633,1.8598499298095703
AT,AKC,urban,2023-02-03T08:00:00,6,2.40524959564209,3.6401567459106445,2.4443492889404297
AT,AKC,urban,2023-02-03T09:00:00,6,2.466000556945801,3.56658935546875,2.9103498458862305
AT,AKC,urban,2023-02-03T10:00:00,6,2.318099021911621,2.904714584350586,2.389749526977539
AT,AKC,urban,2023-02-03T11:00:00,6,2.663649559020996,2.8884220123291016,2.3077001571655273
AT,AKC,urban,2023-02-03T12:00:00,6,2.1048498153686523,2.9453001022338867,2.2791500091552734
AT,AKC,urban,2023-02-03T13:00:00,6,1.5558500289916992,2.7456321716308594,2.099750518798828
AT,AKC,urban,2023-02-03T14:00:00,6,2.4437990188598633,2.999603271484375,2.40524959564209
AT,AKC,urban,2023-02-03T15:00:00,6,3.48075008392334,3.0513954162597656,2.466000556945801
AT,AKC,urban,2023-02-03T16:00:00,6,3.2541494369506836,2.977841377258301,2.318099021911621
AT,AKC,urban,2023-02-03T17:00:00,6,3.4972000122070312,3.2636585235595703,2.663649559020996
AT,AKC,urban,2023-02-03T18:00:00,6,3.497950553894043,2.9322586059570312,2.1048498153686523
AT,AKC,urban,2023-02-03T19:00:00,6,3.151498794555664,2.7762651443481445,1.5558500289916992
AT,AKC,urban,2023-02-03T20:00:00,6,2.767749786376953,3.7022924423217773,2.4437990188598633
AT,AKC,urban,2023-02-03T21:00:00,6,2.236199378967285,4.542063236236572,3.48075008392334
AT,AKC,urban,2023-02-03T22:00:00,6,1.3965997695922852,4.345414161682129,3.2541494369506836
AT,AKC,urban,2023-02-03T23:00:00,6,1.7865991592407227,4.635465145111084,3.4972000122070312
AT,AKC,urban,2023-02-04T00:00:00,6,3.0437498092651367,4.800792694091797,3.497950553894043
AT,AKC,urban,2023-02-04T01:00:00,6,3.7576990127563477,4.601876735687256,3.151498794555664
AT,AKC,urban,2023-02-04T02:00:00,6,2.910048484802246,4.161250591278076,2.767749786376953
AT,AKC,urban,2023-02-04T03:00:00,6,2.585799217224121,3.6913862228393555,2.236199378967285
AT,AKC,urban,2023-02-04T04:00:00,6,3.116349220275879,2.763991355895996,1.3965997695922852
AT,AKC,urban,2023-02-04T05:00:00,6,2.992049217224121,2.9126577377319336,1.7865991592407227
AT,AKC,urban,2023-02-04T06:00:00,6,2.907750129699707,3.841853141784668,3.0437498092651367
AT,AKC,urban,2023-02-04T07:00:00,6,3.0105504989624023,4.11609411239624,3.7576990127563477
AT,AKC,urban,2023-02-04T08:00:00,6,2.8917503356933594,3.6683425903320312,2.910048484802246
AT,AKC,urban,2023-02-04T09:00:00,6,3.2321996688842773,3.3451995849609375,2.585799217224121
AT,AKC,urban,2023-02-04T10:00:00,6,3.1543989181518555,3.9352383613586426,3.116349220275879
AT,AKC,urban,2023-02-04T11:00:00,6,2.9232988357543945,4.050539016723633,2.992049217224121
AT,AKC,urban,2023-02-04T12:00:00,6,3.3826990127563477,4.341259002685547,2.907750129699707
AT,AKC,urban,2023-02-04T13:00:00,6,3.8972997665405273,4.747410297393799,3.0105504989624023
AT,AKC,urban,2023-02-04T14:00:00,6,4.3960490226745605,4.95397424697876,2.8917503356933594
AT,AKC,urban,2023-02-04T15:00:00,6,3.706099510192871,5.393640518188477,3.2321996688842773
AT,AKC,urban,2023-02-04T16:00:00,6,3.945749282836914,5.188950061798096,3.1543989181518555
AT,AKC,urban,2023-02-04T17:00:00,6,3.597148895263672,4.759108066558838,2.9232988357543945
AT,AKC,urban,2023-02-04T18:00:00,6,3.6669492721557617,4.93078088760376,3.3826990127563477
AT,AKC,urban,2023-02-04T19:00:00,6,3.6184988021850586,5.239237308502197,3.8972997665405273
AT,AKC,urban,2023-02-04T20:00:00,6,3.3201990127563477,5.52803897857666,4.3960490226745605
AT,AKC,urban,2023-02-04T21:00:00,6,3.42404842376709,4.873990058898926,3.706099510192871
AT,AKC,urban,2023-02-04T22:00:00,6,3.13385009765625,5.036125659942627,3.945749282836914
AT,AKC,urban,2023-02-04T23:00:00,6,3.2291994094848633,4.76666259765625,3.597148895263672
AT,AKC,urban,2023-02-05T00:00:00,6,3.0807485580444336,4.91107177734375,3.6669492721557617
AT,AKC,urban,2023-02-05T01:00:00,6,3.1222000122070312,4.73583984375,3.6184988021850586
AT,AKC,urban,2023-02-05T02:00:00,6,3.6086997985839844,4.387023448944092,3.3201990127563477
AT,AKC,urban,2023-02-05T03:00:00,6,3.8921990394592285,4.158387660980225,3.42404842376709
AT,AKC,urban,2023-02-05T04:00:00,6,3.970798969268799,3.682025909423828,3.13385009765625
AT,AKC,urban,2023-02-05T05:00:00,6,3.6262502670288086,3.5725831985473633,3.2291994094848633
AT,AKC,urban,2023-02-05T06:00:00,6,3.7234487533569336,3.455552101135254,3.0807485580444336
AT,AKC,urban,2023-02-05T07:00:00,6,4.885149002075195,3.6815528869628906,3.1222000122070312
AT,AKC,urban,2023-02-05T08:00:00,6,6.138548851013184,4.178572177886963,3.6086997985839844
AT,AKC,urban,2023-02-05T09:00:00,6,6.50985050201416,4.721877098083496,3.8921990394592285
AT,AKC,urban,2023-02-05T10:00:00,6,8.239250183105469,5.088797092437744,3.970798969268799
AT,AKC,urban,2023-02-05T11:00:00,6,9.924798965454102,5.1953229904174805,3.6262502670288086
AT,AKC,urban,2023-02-05T12:00:00,6,10.145999908447266,5.926879405975342,3.7234487533569336
AT,AKC,urban,2023-02-05T13:00:00,6,10.728500366210938,7.1297478675842285,4.885149002075195
AT,AKC,urban,2023-02-05T14:00:00,6,12.550000190734863,8.446036338806152,6.138548851013184
AT,AKC,urban,2023-02-05T15:00:00,6,11.904000282287598,8.653976440429688,6.50985050201416
AT,AKC,urban,2023-02-05T16:00:00,6,11.545000076293945,9.793451309204102,8.239250183105469
AT,AKC,urban,2023-02-05T17:00:00,6,10.816499710083008,10.628619194030762,9.924798965454102
AT,AKC,urban,2023-02-05T18:00:00,6,11.160499572753906,10.255802154541016,10.145999908447266
AT,AKC,urban,2023-02-05T19:00:00,6,11.81149959564209,10.50049114227295,10.728500366210938
AT,AKC,urban,2023-02-05T20:00:00,6,12.503499984741211,11.832069396972656,12.550000190734863
AT,AKC,urban,2023-02-05T21:00:00,6,12.640000343322754,11.110221862792969,11.904000282287598
AT,AKC,urban,2023-02-05T22:00:00,6,12.725500106811523,10.9253568649292,11.545000076293945
AT,AKC,urban,2023-02-05T23:00:00,6,13.755999565124512,10.88379955291748,10.816499710083008
AT,AKC,urban,2023-02-06T00:00:00,6,13.771499633789062,11.99663257598877,11.160499572753906
AT,AKC,urban,2023-02-06T01:00:00,6,14.704999923706055,12.554357528686523,11.81149959564209
AT,AKC,urban,2023-02-06T02:00:00,6,13.539999961853027,13.313665390014648,12.503499984741211
AT,AKC,urban,2023-02-06T03:00:00,6,13.069999694824219,13.166006088256836,12.640000343322754
AT,AKC,urban,2023-02-06T04:00:00,6,12.775500297546387,13.161116600036621,12.725500106811523
AT,AKC,urban,2023-02-06T05:00:00,6,13.704000473022461,13.71380615234375,13.755999565124512
AT,AKC,urban,2023-02-06T06:00:00,6,14.809000015258789,13.865865707397461,13.771499633789062
AT,AKC,urban,2023-02-06T07:00:00,6,15.034000396728516,14.947900772094727,14.704999923706055
AT,AKC,urban,2023-02-06T08:00:00,6,13.722999572753906,14.45993423461914,13.539999961853027
AT,AKC,urban,2023-02-06T09:00:00,6,15.489500045776367,14.641175270080566,13.069999694824219
AT,AKC,urban,2023-02-06T10:00:00,6,16.05500030517578,15.291659355163574,12.775500297546387
AT,AKC,urban,2023-02-06T11:00:00,6,16.887500762939453,16.551597595214844,13.704000473022461
AT,AKC,urban,2023-02-06T12:00:00,6,19.10099983215332,17.87808609008789,14.809000015258789
AT,AKC,urban,2023-02-06T13:00:00,6,21.26300048828125,17.99012565612793,15.034000396728516
AT,AKC,urban,2023-02-06T14:00:00,6,23.433500289916992,16.731975555419922,13.722999572753906
AT,AKC,urban,2023-02-06T15:00:00,6,24.625499725341797,17.626873016357422,15.489500045776367
AT,AKC,urban,2023-02-06T16:00:00,6,23.826499938964844,17.554719924926758,16.05500030517578
AT,AKC,urban,2023-02-06T17:00:00,6,27.809499740600586,17.96529769897461,16.887500762939453
AT,AKC,urban,2023-02-06T18:00:00,6,30.84000015258789,19.865554809570312,19.10099983215332
AT,AKC,urban,2023-02-06T19:00:00,6,32.30550003051758,21.956676483154297,21.26300048828125
AT,AKC,urban,2023-02-06T20:00:00,6,33.438499450683594,24.208473205566406,23.433500289916992
AT,AKC,urban,2023-02-06T21:00:00,6,33.127498626708984,25.852012634277344,24.625499725341797
AT,AKC,urban,2023-02-06T22:00:00,6,32.14149856567383,25.531108856201172,23.826499938964844
AT,AKC,urban,2023-02-06T23:00:00,6,30.969497680664062,29.47978973388672,27.809499740600586
AT,AKC,urban,2023-02-07T00:00:00,6,31.697002410888672,31.754161834716797,30.84000015258789
AT,AKC,urban,2023-02-07T01:00:00,6,30.256000518798828,32.52912139892578,32.30550003051758
AT,AKC,urban,2023-02-07T02:00:00,6,27.99500274658203,32.14039611816406,33.438499450683594
AT,AKC,urban,2023-02-07T03:00:00,6,25.68549919128418,30.201396942138672,33.127498626708984
AT,AKC,urban,2023-02-07T04:00:00,6,23.466999053955078,26.96990966796875,32.14149856567383
AT,AKC,urban,2023-02-07T05:00:00,6,23.790000915527344,23.838600158691406,30.969497680664062
AT,AKC,urban,2023-02-07T06:00:00,6,22.079999923706055,22.5353946685791,31.697002410888672
AT,AKC,urban,2023-02-07T07:00:00,6,21.70400047302246,20.564369201660156,30.256000518798828
AT,AKC,urban,2023-02-07T08:00:00,6,22.079999923706055,19.160398483276367,27.99500274658203
AT,AKC,urban,2023-02-07T09:00:00,6,21.65999984741211,18.960289001464844,25.68549919128418
AT,AKC,urban,2023-02-07T10:00:00,6,23.490497589111328,19.587677001953125,23.466999053955078
AT,AKC,urban,2023-02-07T11:00:00,6,25.12350082397461,21.94192886352539,23.790000915527344
AT,AKC,urban,2023-02-07T12:00:00,6,24.10099983215332,22.89341163635254,22.079999923706055
AT,AKC,urban,2023-02-07T13:00:00,6,21.910499572753906,24.05076026916504,21.70400047302246
AT,AKC,urban,2023-02-07T14:00:00,6,19.250499725341797,25.581771850585938,22.079999923706055
AT,AKC,urban,2023-02-07T15:00:00,6,17.767000198364258,25.625526428222656,21.65999984741211
AT,AKC,urban,2023-02-07T16:00:00,6,18.143999099731445,27.461780548095703,23.490497589111328
AT,AKC,urban,2023-02-07T17:00:00,6,19.29450035095215,28.57115936279297,25.12350082397461
AT,AKC,urban,2023-02-07T18:00:00,6,20.608999252319336,27.19330596923828,24.10099983215332
AT,AKC,urban,2023-02-07T19:00:00,6,23.58049964904785,24.856348037719727,21.910499572753906
AT,AKC,urban,2023-02-07T20:00:00,6,25.15999984741211,22.24817657470703,19.250499725341797
AT,AKC,urban,2023-02-07T21:00:00,6,25.094501495361328,20.82311248779297,17.767000198364258
AT,AKC,urban,2023-02-07T22:00:00,6,26.479000091552734,20.855178833007812,18.143999099731445
AT,AKC,urban,2023-02-07T23:00:00,6,27.35300064086914,21.726276397705078,19.29450035095215
AT,AKC,urban,2023-02-08T00:00:00,6,28.227001190185547,22.80807876586914,20.608999252319336
AT,AKC,urban,2023-02-08T01:00:00,6,31.215999603271484,24.690902709960938,23.58049964904785
AT,AKC,urban,2023-02-08T02:00:00,6,31.919002532958984,24.681718826293945,25.15999984741211
AT,AKC,urban,2023-02-08T03:00:00,6,33.99100112915039,23.459482192993164,25.094501495361328
AT,AKC,urban,2023-02-08T04:00:00,6,34.4635009765625,22.797199249267578,26.479000091552734
AT,AKC,urban,2023-02-08T05:00:00,6,32.68849563598633,21.740455627441406,27.35300064086914
AT,AKC,urban,2023-02-08T06:00:00,6,30.31650161743164,21.327308654785156,28.227001190185547
AT,AKC,urban,2023-02-08T07:00:00,6,21.604999542236328,23.062551498413086,31.215999603271484
AT,AKC,urban,2023-02-08T08:00:00,6,16.70599937438965,23.887405395507812,31.919002532958984
AT,AKC,urban,2023-02-08T09:00:00,6,15.992500305175781,27.06725311279297,33.99100112915039
AT,AKC,urban,2023-02-08T10:00:00,6,17.64150047302246,29.100997924804688,34.4635009765625
AT,AKC,urban,2023-02-08T11:00:00,6,16.952499389648438,30.04828643798828,32.68849563598633
AT,AKC,urban,2023-02-08T12:00:00,6,17.83099937438965,31.56265640258789,30.31650161743164
AT,AKC,urban,2023-02-08T13:00:00,6,19.243499755859375,29.429698944091797,21.604999542236328
AT,AKC,urban,2023-02-08T14:00:00,6,20.944000244140625,28.056312561035156,16.70599937438965
AT,AKC,urban,2023-02-08T15:00:00,6,24.054500579833984,27.24660873413086,15.992500305175781
AT,AKC,urban,2023-02-08T16:00:00,6,26.861499786376953,27.332286834716797,17.64150047302246
AT,AKC,urban,2023-02-08T17:00:00,6,25.683002471923828,24.359619140625,16.952499389648438
AT,AKC,urban,2023-02-08T18:00:00,6,24.096500396728516,23.985877990722656,17.83099937438965
AT,AKC,urban,2023-02-08T19:00:00,6,23.24049949645996,24.842145919799805,19.243499755859375
AT,AKC,urban,2023-02-08T20:00:00,6,22.72599983215332,25.890047073364258,20.944000244140625
AT,AKC,urban,2023-02-08T21:00:00,6,23.753000259399414,28.214515686035156,24.054500579833984
AT,AKC,urban,2023-02-08T22:00:00,6,26.825000762939453,30.256420135498047,26.861499786376953
AT,AKC,urban,2023-02-08T23:00:00,6,32.59000015258789,28.766780853271484,25.683002471923828
AT,AKC,urban,2023-02-09T00:00:00,6,33.471500396728516,27.653013229370117,24.096500396728516
AT,AKC,urban,2023-02-09T01:00:00,6,30.73800277709961,26.392833709716797,23.24049949645996
AT,AKC,urban,2023-02-09T02:00:00,6,28.042999267578125,26.133310317993164,22.72599983215332
AT,AKC,urban,2023-02-09T03:00:00,6,24.444499969482422,25.781105041503906,23.753000259399414
AT,AKC,urban,2023-02-09T04:00:00,6,20.948999404907227,26.62970733642578,26.825000762939453
AT,AKC,urban,2023-02-09T05:00:00,6,18.648000717163086,28.197113037109375,32.59000015258789
AT,AKC,urban,2023-02-09T06:00:00,6,18.874000549316406,27.413780212402344,33.471500396728516
AT,AKC,urban,2023-02-09T07:00:00,6,18.897499084472656,25.176773071289062,30.73800277709961
AT,AKC,urban,2023-02-09T08:00:00,6,18.94849967956543,23.16677474975586,28.042999267578125
AT,AKC,urban,2023-02-09T09:00:00,6,18.260000228881836,20.73283576965332,24.444499969482422
AT,AKC,urban,2023-02-09T10:00:00,6,18.374000549316406,19.14935874938965,20.948999404907227
AT,AKC,urban,2023-02-09T11:00:00,6,18.815500259399414,19.16646957397461,18.648000717163086
AT,AKC,urban,2023-02-09T12:00:00,6,20.441999435424805,20.365123748779297,18.874000549316406
AT,AKC,urban,2023-02-09T13:00:00,6,21.24650001525879,22.03338623046875,18.897499084472656
AT,AKC,urban,2023-02-09T14:00:00,6,22.411500930786133,22.295791625976562,18.94849967956543
AT,AKC,urban,2023-02-09T15:00:00,6,22.02899932861328,22.438217163085938,18.260000228881836
AT,AKC,urban,2023-02-09T16:00:00,6,22.23150062561035,22.49282455444336,18.374000549316406
AT,AKC,urban,2023-02-09T17:00:00,6,23.17099952697754,23.077377319335938,18.815500259399414
AT,AKC,urban,2023-02-09T18:00:00,6,23.105499267578125,23.899333953857422,20.441999435424805
AT,AKC,urban,2023-02-09T19:00:00,6,19.80900001525879,24.425487518310547,21.24650001525879
AT,AKC,urban,2023-02-09T20:00:00,6,21.27549934387207,24.84743881225586,22.411500930786133
AT,AKC,urban,2023-02-09T21:00:00,6,21.66550064086914,24.479694366455078,22.02899932861328
AT,AKC,urban,2023-02-09T22:00:00,6,23.68400001525879,24.323551177978516,22.23150062561035
AT,AKC,urban,2023-02-09T23:00:00,6,25.113500595092773,25.783052444458008,23.17099952697754
AT,AKC,urban,2023-02-10T00:00:00,6,27.159000396728516,25.852785110473633,23.105499267578125
AT,AKC,urban,2023-02-10T01:00:00,6,24.645000457763672,23.88064193725586,19.80900001525879
AT,AKC,urban,2023-02-10T02:00:00,6,24.738502502441406,25.168676376342773,21.27549934387207
AT,AKC,urban,2023-02-10T03:00:00,6,27.71500015258789,25.887039184570312,21.66550064086914
AT,AKC,urban,2023-02-10T04:00:00,6,55.992000579833984,26.996784210205078,23.68400001525879
AT,AKC,urban,2023-02-10T05:00:00,6,28.239002227783203,26.731847763061523,25.113500595092773
AT,AKC,urban,2023-02-10T06:00:00,6,22.038999557495117,25.386646270751953,27.159000396728516
AT,AKC,urban,2023-02-10T07:00:00,6,19.429000854492188,21.633472442626953,24.645000457763672
AT,AKC,urban,2023-02-10T08:00:00,6,21.045000076293945,20.924570083618164,24.738502502441406
AT,AKC,urban,2023-02-10T09:00:00,6,23.954500198364258,22.254425048828125,27.71500015258789
AT,AKC,urban,2023-02-10T10:00:00,6,24.547500610351562,30.45433807373047,55.992000579833984
AT,AKC,urban,2023-02-10T11:00:00,6,25.54400062561035,19.30000114440918,28.239002227783203
AT,AKC,urban,2023-02-10T12:00:00,6,27.077999114990234,18.363128662109375,22.038999557495117
AT,AKC,urban,2023-02-10T13:00:00,6,26.364999771118164,17.659719467163086,19.429000854492188
AT,AKC,urban,2023-02-10T14:00:00,6,26.381000518798828,21.6419677734375,21.045000076293945
AT,AKC,urban,2023-02-10T15:00:00,6,26.280498504638672,22.638309478759766,23.954500198364258
AT,AKC,urban,2023-02-10T16:00:00,6,26.708499908447266,24.105602264404297,24.547500610351562
AT,AKC,urban,2023-02-10T17:00:00,6,26.109500885009766,21.738187789916992,25.54400062561035
AT,AKC,urban,2023-02-10T18:00:00,6,26.588499069213867,22.649566650390625,27.077999114990234
AT,AKC,urban,2023-02-10T19:00:00,6,29.556499481201172,21.871929168701172,26.364999771118164
AT,AKC,urban,2023-02-10T20:00:00,6,33.53850173950195,23.935129165649414,26.381000518798828
AT,AKC,urban,2023-02-10T21:00:00,6,33.08300018310547,24.94780158996582,26.280498504638672
AT,AKC,urban,2023-02-10T22:00:00,6,33.72800064086914,27.129634857177734,26.708499908447266
AT,AKC,urban,2023-02-10T23:00:00,6,31.75400161743164,29.886859893798828,26.109500885009766
AT,AKC,urban,2023-02-11T00:00:00,6,31.898502349853516,30.272052764892578,26.588499069213867
AT,AKC,urban,2023-02-11T01:00:00,6,30.048999786376953,34.77009201049805,29.556499481201172
AT,AKC,urban,2023-02-11T02:00:00,6,25.319000244140625,35.9591178894043,33.53850173950195
AT,AKC,urban,2023-02-11T03:00:00,6,25.05299949645996,35.374027252197266,33.08300018310547
AT,AKC,urban,2023-02-11T04:00:00,6,25.76099967956543,30.95706558227539,33.72800064086914
AT,AKC,urban,2023-02-11T05:00:00,6,21.131000518798828,27.43838882446289,31.75400161743164
AT,AKC,urban,2023-02-11T06:00:00,6,19.20549964904785,24.02035140991211,31.898502349853516
AT,AKC,urban,2023-02-11T07:00:00,6,18.621999740600586,21.66961669921875,30.048999786376953
AT,AKC,urban,2023-02-11T08:00:00,6,16.832500457763672,17.46085548400879,25.319000244140625
AT,AKC,urban,2023-02-11T09:00:00,6,15.645999908447266,17.423696517944336,25.05299949645996
AT,AKC,urban,2023-02-11T10:00:00,6,16.579500198364258,17.07179069519043,25.76099967956543
AT,AKC,urban,2023-02-11T11:00:00,6,18.06800079345703,14.397096633911133,21.131000518798828
AT,AKC,urban,2023-02-11T12:00:00,6,18.866500854492188,12.79693603515625,19.20549964904785
AT,AKC,urban,2023-02-11T13:00:00,6,19.5575008392334,12.906603813171387,18.621999740600586
AT,AKC,urban,2023-02-11T14:00:00,6,20.349000930786133,14.110024452209473,16.832500457763672
AT,AKC,urban,2023-02-11T15:00:00,6,20.80150032043457,14.199285507202148,15.645999908447266
AT,AKC,urban,2023-02-11T16:00:00,6,21.333999633789062,16.092571258544922,16.579500198364258
AT,AKC,urban,2023-02-11T17:00:00,6,19.56999969482422,17.196945190429688,18.06800079345703
AT,AKC,urban,2023-02-11T18:00:00,6,18.21150016784668,17.42786979675293,18.866500854492188
AT,AKC,urban,2023-02-11T19:00:00,6,17.28849983215332,17.17479705810547,19.5575008392334
AT,AKC,urban,2023-02-11T20:00:00,6,17.5049991607666,16.646162033081055,20.349000930786133
AT,AKC,urban,2023-02-11T21:00:00,6,18.97100067138672,16.64817237854004,20.80150032043457
AT,AKC,urban,2023-02-11T22:00:00,6,21.172000885009766,16.684993743896484,21.333999633789062
AT,AKC,urban,2023-02-11T23:00:00,6,21.70549964904785,15.467354774475098,19.56999969482422
AT,AKC,urban,2023-02-12T00:00:00,6,21.20549964904785,14.635941505432129,18.21150016784668
AT,AKC,urban,2023-02-12T01:00:00,6,20.374500274658203,13.977985382080078,17.28849983215332
AT,AKC,urban,2023-02-12T02:00:00,6,17.954500198364258,13.903430938720703,17.5049991607666
AT,AKC,urban,2023-02-12T03:00:00,6,15.467000007629395,14.319093704223633,18.97100067138672
AT,AKC,urban,2023-02-12T04:00:00,6,13.80150032043457,15.08041000366211,21.172000885009766
AT,AKC,urban,2023-02-12T05:00:00,6,12.621000289916992,14.47008991241455,21.70549964904785
AT,AKC,urban,2023-02-12T06:00:00,6,13.072999954223633,13.487298965454102,21.20549964904785
AT,AKC,urban,2023-02-12T07:00:00,6,14.93649959564209,12.570612907409668,20.374500274658203
AT,AKC,urban,2023-02-12T08:00:00,6,17.224000930786133,11.330892562866211,17.954500198364258
AT,AKC,urban,2023-02-12T09:00:00,6,17.26449966430664,10.250391960144043,15.467000007629395
AT,AKC,urban,2023-02-12T10:00:00,6,17.202499389648438,10.148327827453613,13.80150032043457
AT,AKC,urban,2023-02-12T11:00:00,6,18.58300018310547,10.373274803161621,12.621000289916992
AT,AKC,urban,2023-02-12T12:00:00,6,18.59950065612793,11.199315071105957,13.072999954223633
AT,AKC,urban,2023-02-12T13:00:00,6,17.508499145507812,12.719250679016113,14.93649959564209
AT,AKC,urban,2023-02-12T14:00:00,6,13.920999526977539,13.826681137084961,17.224000930786133
AT,AKC,urban,2023-02-12T15:00:00,6,11.626999855041504,14.129620552062988,17.26449966430664
AT,AKC,urban,2023-02-12T16:00:00,6,15.11299991607666,14.680814743041992,17.202499389648438
AT,AKC,urban,2023-02-12T17:00:00,6,15.640000343322754,17.2367000579834,18.58300018310547
AT,AKC,urban,2023-02-12T18:00:00,6,14.071999549865723,17.81288719177246,18.59950065612793
AT,AKC,urban,2023-02-12T19:00:00,6,14.70300006866455,17.772212982177734,17.508499145507812
AT,AKC,urban,2023-02-12T20:00:00,6,13.66450023651123,15.307882308959961,13.920999526977539
AT,AKC,urban,2023-02-12T21:00:00,6,11.373000144958496,14.106548309326172,11.626999855041504
AT,AKC,urban,2023-02-12T22:00:00,6,11.100500106811523,17.14518165588379,15.11299991607666
AT,AKC,urban,2023-02-12T23:00:00,6,12.293499946594238,17.833003997802734,15.640000343322754
AT,AKC,urban,2023-02-13T00:00:00,6,9.674850463867188,17.03896141052246,14.071999549865723
AT,AKC,urban,2023-02-13T01:00:00,6,10.996000289916992,17.891036987304688,14.70300006866455
AT,AKC,urban,2023-02-13T02:00:00,6,11.184499740600586,17.42638397216797,13.66450023651123
AT,AKC,urban,2023-02-13T03:00:00,6,10.084150314331055,15.735723495483398,11.373000144958496
AT,AKC,urban,2023-02-13T04:00:00,6,9.257299423217773,16.186243057250977,11.100500106811523
AT,AKC,urban,2023-02-13T05:00:00,6,7.721199035644531,16.239707946777344,12.293499946594238
AT,AKC,urban,2023-02-13T06:00:00,6,7.397298812866211,15.04824447631836,9.674850463867188
AT,AKC,urban,2023-02-13T07:00:00,6,7.810898780822754,16.608810424804688,10.996000289916992
AT,AKC,urban,2023-02-13T08:00:00,6,6.081900119781494,17.420873641967773,11.184499740600586
AT,AKC,urban,2023-02-13T09:00:00,6,6.696399211883545,17.590160369873047,10.084150314331055
AT,AKC,urban,2023-02-13T10:00:00,6,7.348499774932861,16.50405502319336,9.257299423217773
AT,AKC,urban,2023-02-13T11:00:00,6,7.918000221252441,16.617034912109375,7.721199035644531
AT,AKC,urban,2023-02-13T12:00:00,6,8.012048721313477,15.84662914276123,7.397298812866211
AT,AKC,urban,2023-02-13T13:00:00,6,7.762948989868164,16.19344711303711,7.810898780822754
AT,AKC,urban,2023-02-13T14:00:00,6,7.714300155639648,13.918825149536133,6.081900119781494
AT,AKC,urban,2023-02-13T15:00:00,6,8.228899002075195,13.339006423950195,6.696399211883545
AT,AKC,urban,2023-02-13T16:00:00,6,6.2481489181518555,13.092084884643555,7.348499774932861
AT,AKC,urban,2023-02-13T17:00:00,6,5.652548313140869,12.48388671875,7.918000221252441
AT,AKC,urban,2023-02-13T18:00:00,6,7.3772501945495605,11.810819625854492,8.012048721313477
AT,AKC,urban,2023-02-13T19:00:00,6,10.753000259399414,11.067754745483398,7.762948989868164
AT,AKC,urban,2023-02-13T20:00:00,6,12.53600025177002,10.54740047454834,7.714300155639648
AT,AKC,urban,2023-02-13T21:00:00,6,13.321499824523926,10.858726501464844,8.228899002075195
AT,AKC,urban,2023-02-13T22:00:00,6,13.48449993133545,8.765705108642578,6.2481489181518555
AT,AKC,urban,2023-02-13T23:00:00,6,12.225500106811523,8.550711631774902,5.652548313140869
AT,AKC,urban,2023-02-14T00:00:00,6,12.446499824523926,10.416643142700195,7.3772501945495605
AT,AKC,urban,2023-02-14T01:00:00,6,12.202500343322754,13.418187141418457,10.753000259399414
AT,AKC,urban,2023-02-14T02:00:00,6,14.411499977111816,14.61036491394043,12.53600025177002
AT,AKC,urban,2023-02-14T03:00:00,6,14.184499740600586,14.59197998046875,13.321499824523926
AT,AKC,urban,2023-02-14T04:00:00,6,15.830499649047852,13.793106079101562,13.48449993133545
AT,AKC,urban,2023-02-14T05:00:00,6,16.464500427246094,12.203550338745117,12.225500106811523
AT,AKC,urban,2023-02-14T06:00:00,6,17.01300048828125,11.959941864013672,12.446499824523926
AT,AKC,urban,2023-02-14T07:00:00,6,17.520999908447266,11.019437789916992,12.202500343322754
AT,AKC,urban,2023-02-14T08:00:00,6,17.414499282836914,12.805912017822266,14.411499977111816
AT,AKC,urban,2023-02-14T09:00:00,6,17.02899932861328,12.384866714477539,14.184499740600586
AT,AKC,urban,2023-02-14T10:00:00,6,17.81450080871582,14.728096008300781,15.830499649047852
AT,AKC,urban,2023-02-14T11:00:00,6,18.214500427246094,16.442665100097656,16.464500427246094
AT,AKC,urban,2023-02-14T12:00:00,6,18.24850082397461,17.860477447509766,17.01300048828125
AT,AKC,urban,2023-02-14T13:00:00,6,18.264999389648438,18.512453079223633,17.520999908447266
AT,AKC,urban,2023-02-14T14:00:00,6,18.12150001525879,18.43187713623047,17.414499282836914
AT,AKC,urban,2023-02-14T15:00:00,6,18.968000411987305,17.784616470336914,17.02899932861328
AT,AKC,urban,2023-02-14T16:00:00,6,18.77199935913086,18.427471160888672,17.81450080871582
AT,AKC,urban,2023-02-14T17:00:00,6,19.167999267578125,18.72983741760254,18.214500427246094
AT,AKC,urban,2023-02-14T18:00:00,6,19.664499282836914,19.07582664489746,18.24850082397461
AT,AKC,urban,2023-02-14T19:00:00,6,20.55150032043457,19.18868064880371,18.264999389648438
AT,AKC,urban,2023-02-14T20:00:00,6,21.03350067138672,19.186172485351562,18.12150001525879
AT,AKC,urban,2023-02-14T21:00:00,6,21.521499633789062,20.065744400024414,18.968000411987305
AT,AKC,urban,2023-02-14T22:00:00,6,21.53900146484375,19.915687561035156,18.77199935913086
AT,AKC,urban,2023-02-14T23:00:00,6,23.32900047302246,20.270593643188477,19.167999267578125
AT,AKC,urban,2023-02-15T00:00:00,6,25.865999221801758,20.60897445678711,19.664499282836914
AT,AKC,urban,2023-02-15T01:00:00,6,22.600000381469727,21.056289672851562,20.55150032043457
AT,AKC,urban,2023-02-15T02:00:00,6,22.30900001525879,21.201927185058594,21.03350067138672
AT,AKC,urban,2023-02-15T03:00:00,6,22.454998016357422,20.627483367919922,21.521499633789062
AT,AKC,urban,2023-02-15T04:00:00,6,22.92449951171875,19.162845611572266,21.53900146484375
AT,AKC,urban,2023-02-15T05:00:00,6,22.516000747680664,19.06923484802246,23.32900047302246
AT,AKC,urban,2023-02-15T06:00:00,6,22.8799991607666,19.181941986083984,25.865999221801758
AT,AKC,urban,2023-02-15T07:00:00,6,23.92300033569336,18.389009475708008,22.600000381469727
AT,AKC,urban,2023-02-15T08:00:00,6,22.663000106811523,18.810720443725586,22.30900001525879
AT,AKC,urban,2023-02-15T09:00:00,6,23.048999786376953,20.03191375732422,22.454998016357422
AT,AKC,urban,2023-02-15T10:00:00,6,25.135000228881836,21.531688690185547,22.92449951171875
AT,AKC,urban,2023-02-15T11:00:00,6,26.631000518798828,22.089012145996094,22.516000747680664
AT,AKC,urban,2023-02-15T12:00:00,6,29.839000701904297,23.850688934326172,22.8799991607666
AT,AKC,urban,2023-02-15T13:00:00,6,31.966999053955078,25.470016479492188,23.92300033569336
AT,AKC,urban,2023-02-15T14:00:00,6,33.33700180053711,25.962970733642578,22.663000106811523
AT,AKC,urban,2023-02-15T15:00:00,6,34.42599868774414,26.44439697265625,23.048999786376953
AT,AKC,urban,2023-02-15T16:00:00,6,34.0255012512207,28.102867126464844,25.135000228881836
AT,AKC,urban,2023-02-15T17:00:00,6,34.95199966430664,25.904701232910156,26.631000518798828
AT,AKC,urban,2023-02-15T18:00:00,6,35.02949905395508,25.855060577392578,29.839000701904297
AT,AKC,urban,2023-02-15T19:00:00,6,35.095001220703125,24.525110244750977,31.966999053955078
AT,AKC,urban,2023-02-15T20:00:00,6,34.755001068115234,24.833232879638672,33.33700180053711
AT,AKC,urban,2023-02-15T21:00:00,6,28.784500122070312,23.885961532592773,34.42599868774414
AT,AKC,urban,2023-02-15T22:00:00,6,19.79400062561035,24.574445724487305,34.0255012512207
AT,AKC,urban,2023-02-15T23:00:00,6,19.54599952697754,26.000926971435547,34.95199966430664
AT,AKC,urban,2023-02-16T00:00:00,6,21.636999130249023,27.461811065673828,35.02949905395508
AT,AKC,urban,2023-02-16T01:00:00,6,22.23849868774414,28.298263549804688,35.095001220703125
AT,AKC,urban,2023-02-16T02:00:00,6,22.030500411987305,27.47774314880371,34.755001068115234
AT,AKC,urban,2023-02-16T03:00:00,6,27.00200080871582,23.236942291259766,28.784500122070312
AT,AKC,urban,2023-02-16T04:00:00,6,28.654499053955078,18.28233528137207,19.79400062561035
AT,AKC,urban,2023-02-16T05:00:00,6,31.12750244140625,18.632095336914062,19.54599952697754
AT,AKC,urban,2023-02-16T06:00:00,6,29.858001708984375,18.011478424072266,21.636999130249023
AT,AKC,urban,2023-02-16T07:00:00,6,30.551502227783203,18.97536849975586,22.23849868774414
AT,AKC,urban,2023-02-16T08:00:00,6,29.27899932861328,18.813539505004883,22.030500411987305
AT,AKC,urban,2023-02-16T09:00:00,6,29.513999938964844,21.544689178466797,27.00200080871582
AT,AKC,urban,2023-02-16T10:00:00,6,29.66699981689453,22.535884857177734,28.654499053955078
AT,AKC,urban,2023-02-16T11:00:00,6,28.804500579833984,25.94879913330078,31.12750244140625
AT,AKC,urban,2023-02-16T12:00:00,6,28.980499267578125,26.93012237548828,29.858001708984375
AT,AKC,urban,2023-02-16T13:00:00,6,32.597999572753906,28.65536117553711,30.551502227783203
AT,AKC,urban,2023-02-16T14:00:00,6,34.698001861572266,27.716411590576172,29.27899932861328
AT,AKC,urban,2023-02-16T15:00:00,6,34.78200149536133,27.67460823059082,29.513999938964844
AT,AKC,urban,2023-02-16T16:00:00,6,34.119998931884766,26.134056091308594,29.66699981689453
AT,AKC,urban,2023-02-16T17:00:00,6,33.686500549316406,25.223384857177734,28.804500579833984
AT,AKC,urban,2023-02-16T18:00:00,6,33.089500427246094,23.246671676635742,28.980499267578125
AT,AKC,urban,2023-02-16T19:00:00,6,32.34600067138672,22.752798080444336,32.597999572753906
AT,AKC,urban,2023-02-16T20:00:00,6,31.685501098632812,20.895381927490234,34.698001861572266
AT,AKC,urban,2023-02-16T21:00:00,6,30.282001495361328,19.451276779174805,34.78200149536133
AT,AKC,urban,2023-02-16T22:00:00,6,22.364999771118164,18.734634399414062,34.119998931884766
AT,AKC,urban,2023-02-16T23:00:00,6,14.725150108337402,19.22865104675293,33.686500549316406
AT,AKC,urban,2023-02-17T00:00:00,6,9.88010025024414,20.283390045166016,33.089500427246094
AT,AKC,urban,2023-02-17T01:00:00,6,10.120550155639648,21.87207794189453,32.34600067138672
AT,AKC,urban,2023-02-17T02:00:00,6,9.541199684143066,22.834714889526367,31.685501098632812
AT,AKC,urban,2023-02-17T03:00:00,6,9.192998886108398,22.51350975036621,30.282001495361328
AT,AKC,urban,2023-02-17T04:00:00,6,8.367098808288574,16.676433563232422,22.364999771118164
AT,AKC,urban,2023-02-17T05:00:00,6,7.666549205780029,14.835373878479004,14.725150108337402
AT,AKC,urban,2023-02-17T06:00:00,6,6.854249000549316,12.518178939819336,9.88010025024414
AT,AKC,urban,2023-02-17T07:00:00,6,5.942249774932861,12.781026840209961,10.120550155639648
AT,AKC,urban,2023-02-17T08:00:00,6,4.602900505065918,11.663050651550293,9.541199684143066
AT,AKC,urban,2023-02-17T09:00:00,6,4.287899017333984,11.095099449157715,9.192998886108398
AT,AKC,urban,2023-02-17T10:00:00,6,5.031700134277344,9.980862617492676,8.367098808288574
AT,AKC,urban,2023-02-17T11:00:00,6,5.817500114440918,8.654478073120117,7.666549205780029
AT,AKC,urban,2023-02-17T12:00:00,6,5.816999912261963,8.036778450012207,6.854249000549316
AT,AKC,urban,2023-02-17T13:00:00,6,5.032999038696289,6.680632591247559,5.942249774932861
AT,AKC,urban,2023-02-17T14:00:00,6,4.558350086212158,6.057425498962402,4.602900505065918
AT,AKC,urban,2023-02-17T15:00:00,6,4.5903000831604,5.30507755279541,4.287899017333984
AT,AKC,urban,2023-02-17T16:00:00,6,4.066248893737793,5.067216396331787,5.031700134277344
AT,AKC,urban,2023-02-17T17:00:00,6,3.4044485092163086,4.933174133300781,5.817500114440918
AT,AKC,urban,2023-02-17T18:00:00,6,3.1291990280151367,4.6483473777771,5.816999912261963
AT,AKC,urban,2023-02-17T19:00:00,6,2.987600326538086,3.968480110168457,5.032999038696289
AT,AKC,urban,2023-02-17T20:00:00,6,2.7708005905151367,3.75223445892334,4.558350086212158
AT,AKC,urban,2023-02-17T21:00:00,6,2.785048484802246,4.053409576416016,4.5903000831604
AT,AKC,urban,2023-02-17T22:00:00,6,2.5488996505737305,3.9389724731445312,4.066248893737793
AT,AKC,urban,2023-02-17T23:00:00,6,2.1518993377685547,3.7285194396972656,3.4044485092163086
AT,AKC,urban,2023-02-18T00:00:00,6,2.5045995712280273,3.824808120727539,3.1291990280151367
AT,AKC,urban,2023-02-18T01:00:00,6,2.512099266052246,4.037296295166016,2.987600326538086
AT,AKC,urban,2023-02-18T02:00:00,6,2.7325992584228516,3.979011058807373,2.7708005905151367
AT,AKC,urban,2023-02-18T03:00:00,6,3.0129995346069336,3.9324073791503906,2.785048484802246
AT,AKC,urban,2023-02-18T04:00:00,6,3.2692489624023438,3.7022790908813477,2.5488996505737305
AT,AKC,urban,2023-02-18T05:00:00,6,3.2925500869750977,3.454104423522949,2.1518993377685547
AT,AKC,urban,2023-02-18T06:00:00,6,2.961050033569336,3.994997024536133,2.5045995712280273
AT,AKC,urban,2023-02-18T07:00:00,6,2.4315500259399414,3.8448801040649414,2.512099266052246
AT,AKC,urban,2023-02-18T08:00:00,6,2.119647979736328,4.432559013366699,2.7325992584228516
AT,AKC,urban,2023-02-18T09:00:00,6,1.9617986679077148,4.537935733795166,3.0129995346069336
AT,AKC,urban,2023-02-18T10:00:00,6,2.131349563598633,5.1059064865112305,3.2692489624023438
AT,AKC,urban,2023-02-18T11:00:00,6,2.206549644470215,4.876412868499756,3.2925500869750977
AT,AKC,urban,2023-02-18T12:00:00,6,2.3151988983154297,4.778024196624756,2.961050033569336
AT,AKC,urban,2023-02-18T13:00:00,6,2.3864498138427734,4.302002429962158,2.4315500259399414
AT,AKC,urban,2023-02-18T14:00:00,6,2.1229991912841797,4.145535945892334,2.119647979736328
AT,AKC,urban,2023-02-18T15:00:00,6,1.654250144958496,3.9514122009277344,1.9617986679077148
AT,AKC,urban,2023-02-18T16:00:00,6,1.564499855041504,3.865321159362793,2.131349563598633
AT,AKC,urban,2023-02-18T17:00:00,6,1.674098014831543,3.87648868560791,2.206549644470215
AT,AKC,urban,2023-02-18T18:00:00,6,1.8855504989624023,3.3838253021240234,2.3151988983154297
AT,AKC,urban,2023-02-18T19:00:00,6,1.9452505111694336,3.31125545501709,2.3864498138427734
AT,AKC,urban,2023-02-18T20:00:00,6,2.085049629211426,2.957012176513672,2.1229991912841797
AT,AKC,urban,2023-02-18T21:00:00,6,3.4098005294799805,2.7327346801757812,1.654250144958496
AT,AKC,urban,2023-02-18T22:00:00,6,4.175250053405762,2.7610654830932617,1.564499855041504
AT,AKC,urban,2023-02-18T23:00:00,6,4.006750106811523,3.237640380859375,1.674098014831543
AT,AKC,urban,2023-02-19T00:00:00,6,3.4307985305786133,3.9505624771118164,1.8855504989624023
AT,AKC,urban,2023-02-19T01:00:00,6,2.876049041748047,4.766942024230957,1.9452505111694336
AT,AKC,urban,2023-02-19T02:00:00,6,1.9432487487792969,5.327946662902832,2.085049629211426
AT,AKC,urban,2023-02-19T03:00:00,6,1.970250129699707,6.259552478790283,3.4098005294799805
AT,AKC,urban,2023-02-19T04:00:00,6,1.3697996139526367,6.594607830047607,4.175250053405762
AT,AKC,urban,2023-02-19T05:00:00,6,1.553349494934082,5.946218490600586,4.006750106811523
AT,AKC,urban,2023-02-19T06:00:00,6,1.8582496643066406,5.283003330230713,3.4307985305786133
AT,AKC,urban,2023-02-19T07:00:00,6,1.433150291442871,4.4808125495910645,2.876049041748047
AT,AKC,urban,2023-02-19T08:00:00,6,1.7427988052368164,3.5677785873413086,1.9432487487792969
AT,AKC,urban,2023-02-19T09:00:00,6,1.6743993759155273,3.3692522048950195,1.970250129699707
AT,AKC,urban,2023-02-19T10:00:00,6,1.2790002822875977,2.8432130813598633,1.3697996139526367
AT,AKC,urban,2023-02-19T11:00:00,6,1.3938989639282227,2.732407569885254,1.553349494934082
AT,AKC,urban,2023-02-19T12:00:00,6,1.7023000717163086,2.934659004211426,1.8582496643066406
AT,AKC,urban,2023-02-19T13:00:00,6,2.123049736022949,2.5285234451293945,1.433150291442871
AT,AKC,urban,2023-02-19T14:00:00,6,3.2864990234375,2.760862350463867,1.7427988052368164
AT,AKC,urban,2023-02-19T15:00:00,6,5.428699970245361,2.714360237121582,1.6743993759155273
AT,AKC,urban,2023-02-19T16:00:00,6,5.012148857116699,2.462641716003418,1.2790002822875977
AT,AKC,urban,2023-02-19T17:00:00,6,5.018650054931641,2.64016056060791,1.3938989639282227
AT,AKC,urban,2023-02-19T18:00:00,6,4.90654993057251,2.9689598083496094,1.7023000717163086
AT,AKC,urban,2023-02-19T19:00:00,6,4.727448463439941,3.5053157806396484,2.123049736022949
AT,AKC,urban,2023-02-19T20:00:00,6,5.014648914337158,4.835989475250244,3.2864990234375
AT,AKC,urban,2023-02-19T21:00:00,6,5.933849811553955,7.035624027252197,5.428699970245361
AT,AKC,urban,2023-02-19T22:00:00,6,7.2308502197265625,6.854186058044434,5.012148857116699
AT,AKC,urban,2023-02-19T23:00:00,6,7.5433502197265625,7.106631278991699,5.018650054931641
AT,AKC,urban,2023-02-20T00:00:00,6,7.74324893951416,7.278223037719727,4.90654993057251
AT,AKC,urban,2023-02-20T01:00:00,6,7.622249126434326,7.412487506866455,4.727448463439941
AT,AKC,urban,2023-02-20T02:00:00,6,5.93704891204834,7.811252117156982,5.014648914337158
AT,AKC,urban,2023-02-20T03:00:00,6,5.909249305725098,8.673720359802246,5.933849811553955
AT,AKC,urban,2023-02-20T04:00:00,6,5.773598670959473,9.653305053710938,7.2308502197265625
AT,AKC,urban,2023-02-20T05:00:00,6,5.205749034881592,9.3387451171875,7.5433502197265625
AT,AKC,urban,2023-02-20T06:00:00,6,4.982600212097168,8.470355987548828,7.74324893951416
AT,AKC,urban,2023-02-20T07:00:00,6,4.821800231933594,7.181384563446045,7.622249126434326
AT,AKC,urban,2023-02-20T08:00:00,6,4.085100173950195,5.891469955444336,5.93704891204834
AT,AKC,urban,2023-02-20T09:00:00,6,3.787600517272949,5.576388835906982,5.909249305725098
AT,AKC,urban,2023-02-20T10:00:00,6,3.956249237060547,5.1633477210998535,5.773598670959473
AT,AKC,urban,2023-02-20T11:00:00,6,4.249448776245117,5.291764736175537,5.205749034881592
AT,AKC,urban,2023-02-20T12:00:00,6,4.219399929046631,5.637456893920898,4.982600212097168
AT,AKC,urban,2023-02-20T13:00:00,6,4.030398845672607,5.733025550842285,4.821800231933594
AT,AKC,urban,2023-02-20T14:00:00,6,3.640199661254883,5.239941596984863,4.085100173950195
AT,AKC,urban,2023-02-20T15:00:00,6,3.565548896789551,4.921607971191406,3.787600517272949
AT,AKC,urban,2023-02-20T16:00:00,6,3.8393993377685547,4.845891952514648,3.956249237060547
AT,AKC,urban,2023-02-20T17:00:00,6,3.703049659729004,4.881053924560547,4.249448776245117
AT,AKC,urban,2023-02-20T18:00:00,6,3.8865489959716797,4.702773571014404,4.219399929046631
AT,AKC,urban,2023-02-20T19:00:00,6,4.101449012756348,4.560201644897461,4.030398845672607
AT,AKC,urban,2023-02-20T20:00:00,6,4.156000137329102,4.17643404006958,3.640199661254883
AT,AKC,urban,2023-02-20T21:00:00,6,4.422450065612793,4.347157001495361,3.565548896789551
AT,AKC,urban,2023-02-20T22:00:00,6,4.420848846435547,4.782382011413574,3.8393993377685547
AT,AKC,urban,2023-02-20T23:00:00,6,4.956298828125,4.994447231292725,3.703049659729004
AT,AKC,urban,2023-02-21T00:00:00,6,5.85045051574707,5.578523635864258,3.8865489959716797
AT,AKC,urban,2023-02-21T01:00:00,6,6.370150089263916,5.803220272064209,4.101449012756348
AT,AKC,urban,2023-02-21T02:00:00,6,6.356400012969971,5.499512672424316,4.156000137329102
AT,AKC,urban,2023-02-21T03:00:00,6,6.992198944091797,5.422828674316406,4.422450065612793
AT,AKC,urban,2023-02-21T04:00:00,6,6.84060001373291,5.034775257110596,4.420848846435547
AT,AKC,urban,2023-02-21T05:00:00,6,5.833099842071533,5.107264518737793,4.956298828125
AT,AKC,urban,2023-02-21T06:00:00,6,5.109799861907959,5.502479076385498,5.85045051574707
AT,AKC,urban,2023-02-21T07:00:00,6,3.505849838256836,5.7416300773620605,6.370150089263916
AT,AKC,urban,2023-02-21T08:00:00,6,3.2778491973876953,5.665128231048584,6.356400012969971
AT,AKC,urban,2023-02-21T09:00:00,6,3.3566484451293945,6.185245513916016,6.992198944091797
AT,AKC,urban,2023-02-21T10:00:00,6,3.7524490356445312,5.805155277252197,6.84060001373291
AT,AKC,urban,2023-02-21T11:00:00,6,4.0383501052856445,5.552024841308594,5.833099842071533
AT,AKC,urban,2023-02-21T12:00:00,6,4.302350044250488,5.566733360290527,5.109799861907959
AT,AKC,urban,2023-02-21T13:00:00,6,4.500148773193359,4.878194332122803,3.505849838256836
AT,AKC,urban,2023-02-21T14:00:00,6,4.398049831390381,4.875453948974609,3.2778491973876953
AT,AKC,urban,2023-02-21T15:00:00,6,3.959498882293701,4.869319915771484,3.3566484451293945
AT,AKC,urban,2023-02-21T16:00:00,6,3.5214500427246094,5.013209819793701,3.7524490356445312
AT,AKC,urban,2023-02-21T17:00:00,6,3.811199188232422,5.063666343688965,4.0383501052856445
AT,AKC,urban,2023-02-21T18:00:00,6,3.665999412536621,5.352828502655029,4.302350044250488
AT,AKC,urban,2023-02-21T19:00:00,6,3.564549446105957,5.521233081817627,4.500148773193359
AT,AKC,urban,2023-02-21T20:00:00,6,3.505049705505371,5.52370548248291,4.398049831390381
AT,AKC,urban,2023-02-21T21:00:00,6,3.9686989784240723,5.113846778869629,3.959498882293701
AT,AKC,urban,2023-02-21T22:00:00,6,4.379049777984619,4.904397964477539,3.5214500427246094
AT,AKC,urban,2023-02-21T23:00:00,6,4.892449855804443,5.537864685058594,3.811199188232422
AT,AKC,urban,2023-02-22T00:00:00,6,6.54010009765625,6.095499038696289,3.665999412536621
AT,AKC,urban,2023-02-22T01:00:00,6,7.243948936462402,6.39904260635376,3.564549446105957
AT,AKC,urban,2023-02-22T02:00:00,6,6.999999523162842,6.696961402893066,3.505049705505371
AT,AKC,urban,2023-02-22T03:00:00,6,9.6996488571167,7.176065444946289,3.9686989784240723
AT,AKC,urban,2023-02-22T04:00:00,6,8.522600173950195,7.141597747802734,4.379049777984619
AT,AKC,urban,2023-02-22T05:00:00,6,6.278200149536133,7.219012260437012,4.892449855804443
AT,AKC,urban,2023-02-22T06:00:00,6,6.804450035095215,7.938877105712891,6.54010009765625
AT,AKC,urban,2023-02-22T07:00:00,6,5.898698806762695,8.005989074707031,7.243948936462402
AT,AKC,urban,2023-02-22T08:00:00,6,4.30889892578125,7.7627949714660645,6.999999523162842
AT,AKC,urban,2023-02-22T09:00:00,6,5.065400123596191,9.64503002166748,9.6996488571167
AT,AKC,urban,2023-02-22T10:00:00,6,6.410449028015137,9.065486907958984,8.522600173950195
AT,AKC,urban,2023-02-22T11:00:00,6,8.208250045776367,7.789072513580322,6.278200149536133
AT,AKC,urban,2023-02-22T12:00:00,6,10.463000297546387,8.763137817382812,6.804450035095215
AT,AKC,urban,2023-02-22T13:00:00,6,15.246000289916992,8.384496688842773,5.898698806762695
AT,AKC,urban,2023-02-22T14:00:00,6,15.248499870300293,7.271032810211182,4.30889892578125
AT,AKC,urban,2023-02-22T15:00:00,6,16.260000228881836,7.433477401733398,5.065400123596191
AT,AKC,urban,2023-02-22T16:00:00,6,15.306500434875488,8.089643478393555,6.410449028015137
AT,AKC,urban,2023-02-22T17:00:00,6,15.609000205993652,7.288991928100586,8.208250045776367
AT,AKC,urban,2023-02-22T18:00:00,6,15.97599983215332,7.5547709465026855,10.463000297546387
AT,AKC,urban,2023-02-22T19:00:00,6,17.114999771118164,7.686506748199463,15.246000289916992
AT,AKC,urban,2023-02-22T20:00:00,6,17.229999542236328,7.604854583740234,15.248499870300293
AT,AKC,urban,2023-02-22T21:00:00,6,17.27549934387207,8.82646369934082,16.260000228881836
AT,AKC,urban,2023-02-22T22:00:00,6,17.590999603271484,9.296144485473633,15.306500434875488
AT,AKC,urban,2023-02-22T23:00:00,6,16.531999588012695,10.947047233581543,15.609000205993652
AT,AKC,urban,2023-02-23T00:00:00,6,19.348499298095703,12.93941593170166,15.97599983215332
AT,AKC,urban,2023-02-23T01:00:00,6,20.36549949645996,15.081270217895508,17.114999771118164
AT,AKC,urban,2023-02-23T02:00:00,6,20.723499298095703,15.894801139831543,17.229999542236328
AT,AKC,urban,2023-02-23T03:00:00,6,20.06399917602539,16.21826934814453,17.27549934387207
AT,AKC,urban,2023-02-23T04:00:00,6,21.562000274658203,16.783994674682617,17.590999603271484
AT,AKC,urban,2023-02-23T05:00:00,6,23.648500442504883,16.136510848999023,16.531999588012695
AT,AKC,urban,2023-02-23T06:00:00,6,24.885499954223633,17.057554244995117,19.348499298095703
AT,AKC,urban,2023-02-23T07:00:00,6,24.410999298095703,17.405860900878906,20.36549949645996
AT,AKC,urban,2023-02-23T08:00:00,6,21.020000457763672,16.897573471069336,20.723499298095703
AT,AKC,urban,2023-02-23T09:00:00,6,18.89150047302246,16.436817169189453,20.06399917602539
AT,AKC,urban,2023-02-23T10:00:00,6,20.485000610351562,17.080638885498047,21.562000274658203
AT,AKC,urban,2023-02-23T11:00:00,6,21.659500122070312,18.314491271972656,23.648500442504883
AT,AKC,urban,2023-02-23T12:00:00,6,21.752500534057617,18.285030364990234,24.885499954223633
AT,AKC,urban,2023-02-23T13:00:00,6,21.72450065612793,17.341079711914062,24.410999298095703
AT,AKC,urban,2023-02-23T14:00:00,6,22.32349967956543,14.243642807006836,21.020000457763672
AT,AKC,urban,2023-02-23T15:00:00,6,22.587499618530273,13.972440719604492,18.89150047302246
AT,AKC,urban,2023-02-23T16:00:00,6,23.087499618530273,15.853499412536621,20.485000610351562
AT,AKC,urban,2023-02-23T17:00:00,6,24.554500579833984,15.332193374633789,21.659500122070312
AT,AKC,urban,2023-02-23T18:00:00,6,25.541000366210938,15.007539749145508,21.752500534057617
AT,AKC,urban,2023-02-23T19:00:00,6,25.879499435424805,15.381797790527344,21.72450065612793
AT,AKC,urban,2023-02-23T20:00:00,6,25.304500579833984,16.387104034423828,22.32349967956543
AT,AKC,urban,2023-02-23T21:00:00,6,25.476999282836914,16.5555419921875,22.587499618530273
AT,AKC,urban,2023-02-23T22:00:00,6,31.253002166748047,17.19361114501953,23.087499618530273
AT,AKC,urban,2023-02-23T23:00:00,6,31.227001190185547,18.42094612121582,24.554500579833984
AT,AKC,urban,2023-02-24T00:00:00,6,30.420501708984375,18.988182067871094,25.541000366210938
AT,AKC,urban,2023-02-24T01:00:00,6,28.195499420166016,20.01885986328125,25.879499435424805
AT,AKC,urban,2023-02-24T02:00:00,6,27.301502227783203,19.952505111694336,25.304500579833984
AT,AKC,urban,2023-02-24T03:00:00,6,19.86400032043457,21.870655059814453,25.476999282836914
AT,AKC,urban,2023-02-24T04:00:00,6,11.88700008392334,20.78915786743164,31.253002166748047
AT,AKC,urban,2023-02-24T05:00:00,6,14.39799976348877,20.599727630615234,31.227001190185547
AT,AKC,urban,2023-02-24T06:00:00,6,11.541000366210938,22.39010238647461,30.420501708984375
AT,AKC,urban,2023-02-24T07:00:00,6,7.701700210571289,18.33554458618164,28.195499420166016
AT,AKC,urban,2023-02-24T08:00:00,6,8.32925033569336,17.534374237060547,27.301502227783203
AT,AKC,urban,2023-02-24T09:00:00,6,9.518050193786621,13.479310035705566,19.86400032043457
AT,AKC,urban,2023-02-24T10:00:00,6,9.786999702453613,10.741954803466797,11.88700008392334
AT,AKC,urban,2023-02-24T11:00:00,6,11.077500343322754,11.972343444824219,14.39799976348877
AT,AKC,urban,2023-02-24T12:00:00,6,13.57699966430664,8.910353660583496,11.541000366210938
AT,AKC,urban,2023-02-24T13:00:00,6,14.897500038146973,6.0048112869262695,7.701700210571289
AT,AKC,urban,2023-02-24T14:00:00,6,11.124950408935547,5.32344913482666,8.32925033569336
AT,AKC,urban,2023-02-24T15:00:00,6,8.0256986618042,4.346033573150635,9.518050193786621
AT,AKC,urban,2023-02-24T16:00:00,6,8.815950393676758,3.308903694152832,9.786999702453613
AT,AKC,urban,2023-02-24T17:00:00,6,6.932748794555664,3.8447341918945312,11.077500343322754
AT,AKC,urban,2023-02-24T18:00:00,6,4.259949207305908,5.380478382110596,13.57699966430664
AT,AKC,urban,2023-02-24T19:00:00,6,3.1174488067626953,6.051441669464111,14.897500038146973
AT,AKC,urban,2023-02-24T20:00:00,6,2.5000505447387695,4.305037975311279,11.124950408935547
AT,AKC,urban,2023-02-24T21:00:00,6,1.6527996063232422,3.6990365982055664,8.0256986618042
AT,AKC,urban,2023-02-24T22:00:00,6,1.2016992568969727,4.450617790222168,8.815950393676758
AT,AKC,urban,2023-02-24T23:00:00,6,1.1759986877441406,3.588576316833496,6.932748794555664
AT,AKC,urban,2023-02-25T00:00:00,6,1.2128992080688477,3.1692514419555664,4.259949207305908
AT,AKC,urban,2023-02-25T01:00:00,6,1.3666000366210938,3.1267480850219727,3.1174488067626953
AT,AKC,urban,2023-02-25T02:00:00,6,2.1738500595092773,3.17836856842041,2.5000505447387695
AT,AKC,urban,2023-02-25T03:00:00,6,2.9798994064331055,2.592127799987793,1.6527996063232422
AT,AKC,urban,2023-02-25T04:00:00,6,3.291548728942871,2.25533390045166,1.2016992568969727
AT,AKC,urban,2023-02-25T05:00:00,6,2.8152990341186523,2.120471954345703,1.1759986877441406
AT,AKC,urban,2023-02-25T06:00:00,6,2.8993988037109375,2.0250940322875977,1.2128992080688477
AT,AKC,urban,2023-02-25T07:00:00,6,2.532750129699707,2.2677078247070312,1.3666000366210938
AT,AKC,urban,2023-02-25T08:00:00,6,2.607048988342285,3.0756874084472656,2.1738500595092773
AT,AKC,urban,2023-02-25T09:00:00,6,2.982150077819824,3.6776933670043945,2.9798994064331055
AT,AKC,urban,2023-02-25T10:00:00,6,2.001500129699707,3.773198127746582,3.291548728942871
AT,AKC,urban,2023-02-25T11:00:00,6,3.1197996139526367,3.3404111862182617,2.8152990341186523
AT,AKC,urban,2023-02-25T12:00:00,6,1.7674503326416016,3.169693946838379,2.8993988037109375
AT,AKC,urban,2023-02-25T13:00:00,6,2.134598731994629,2.7580060958862305,2.532750129699707
AT,AKC,urban,2023-02-25T14:00:00,6,2.797299385070801,2.876363754272461,2.607048988342285
AT,AKC,urban,2023-02-25T15:00:00,6,3.3466997146606445,3.1969833374023438,2.982150077819824
AT,AKC,urban,2023-02-25T16:00:00,6,3.9587488174438477,2.542189598083496,2.001500129699707
AT,AKC,urban,2023-02-25T17:00:00,6,3.9854989051818848,3.7619991302490234,3.1197996139526367
AT,AKC,urban,2023-02-25T18:00:00,6,4.239748954772949,2.828707695007324,1.7674503326416016
AT,AKC,urban,2023-02-25T19:00:00,6,4.253349781036377,3.33864688873291,2.134598731994629
AT,AKC,urban,2023-02-25T20:00:00,6,3.5556488037109375,3.6757612228393555,2.797299385070801
AT,AKC,urban,2023-02-25T21:00:00,6,3.587948799133301,4.587751865386963,3.3466997146606445
AT,AKC,urban,2023-02-25T22:00:00,6,4.29080057144165,4.956942081451416,3.9587488174438477
AT,AKC,urban,2023-02-25T23:00:00,6,5.283598899841309,5.378518581390381,3.9854989051818848
AT,AKC,urban,2023-02-26T00:00:00,6,5.777698993682861,5.539970874786377,4.239748954772949
AT,AKC,urban,2023-02-26T01:00:00,6,5.82165002822876,5.8506178855896,4.253349781036377
AT,AKC,urban,2023-02-26T02:00:00,6,4.866098880767822,5.374856472015381,3.5556488037109375
AT,AKC,urban,2023-02-26T03:00:00,6,3.4028491973876953,5.586672306060791,3.587948799133301
AT,AKC,urban,2023-02-26T04:00:00,6,3.270648956298828,5.8300886154174805,4.29080057144165
AT,AKC,urban,2023-02-26T05:00:00,6,3.421548843383789,6.285605430603027,5.283598899841309
AT,AKC,urban,2023-02-26T06:00:00,6,3.1518001556396484,6.011692523956299,5.777698993682861
AT,AKC,urban,2023-02-26T07:00:00,6,3.344149589538574,6.075109958648682,5.82165002822876
AT,AKC,urban,2023-02-26T08:00:00,6,3.4924001693725586,5.598970413208008,4.866098880767822
AT,AKC,urban,2023-02-26T09:00:00,6,3.3256988525390625,5.094506740570068,3.4028491973876953
AT,AKC,urban,2023-02-26T10:00:00,6,3.8124494552612305,5.634650707244873,3.270648956298828
AT,AKC,urban,2023-02-26T11:00:00,6,4.637148857116699,6.230819225311279,3.421548843383789
AT,AKC,urban,2023-02-26T12:00:00,6,5.825348854064941,6.708682537078857,3.1518001556396484
AT,AKC,urban,2023-02-26T13:00:00,6,5.224499225616455,7.171443462371826,3.344149589538574
AT,AKC,urban,2023-02-26T14:00:00,6,5.060400009155273,7.484363079071045,3.4924001693725586
AT,AKC,urban,2023-02-26T15:00:00,6,5.606348991394043,7.1293158531188965,3.3256988525390625
AT,AKC,urban,2023-02-26T16:00:00,6,5.978499889373779,7.104048728942871,3.8124494552612305
AT,AKC,urban,2023-02-26T17:00:00,6,6.52094841003418,7.3619585037231445,4.637148857116699
AT,AKC,urban,2023-02-26T18:00:00,6,6.603448390960693,7.822507858276367,5.825348854064941
AT,AKC,urban,2023-02-26T19:00:00,6,5.6533989906311035,6.8651204109191895,5.224499225616455
AT,AKC,urban,2023-02-26T20:00:00,6,5.272449016571045,6.545409679412842,5.060400009155273
AT,AKC,urban,2023-02-26T21:00:00,6,5.309450149536133,6.964303493499756,5.606348991394043
AT,AKC,urban,2023-02-26T22:00:00,6,5.117599010467529,7.374990940093994,5.978499889373779
AT,AKC,urban,2023-02-26T23:00:00,6,5.130248546600342,8.211352348327637,6.52094841003418
AT,AKC,urban,2023-02-27T00:00:00,6,5.9620490074157715,8.836252212524414,6.603448390960693
AT,AKC,urban,2023-02-27T01:00:00,6,6.3983001708984375,8.354405403137207,5.6533989906311035
AT,AKC,urban,2023-02-27T02:00:00,6,5.85914945602417,8.641718864440918,5.272449016571045
AT,AKC,urban,2023-02-27T03:00:00,6,5.191100120544434,8.585262298583984,5.309450149536133
AT,AKC,urban,2023-02-27T04:00:00,6,5.762700080871582,8.384149551391602,5.117599010467529
AT,AKC,urban,2023-02-27T05:00:00,6,6.039198875427246,8.009330749511719,5.130248546600342
AT,AKC,urban,2023-02-27T06:00:00,6,6.614349842071533,8.428921699523926,5.9620490074157715
AT,AKC,urban,2023-02-27T07:00:00,6,6.577300071716309,8.482683181762695,6.3983001708984375
AT,AKC,urban,2023-02-27T08:00:00,6,6.193099498748779,7.879749298095703,5.85914945602417
AT,AKC,urban,2023-02-27T09:00:00,6,6.144800186157227,7.300632953643799,5.191100120544434
AT,AKC,urban,2023-02-27T10:00:00,6,6.385299205780029,7.954608917236328,5.762700080871582
AT,AKC,urban,2023-02-27T11:00:00,6,8.45265007019043,8.393434524536133,6.039198875427246
AT,AKC,urban,2023-02-27T12:00:00,6,11.048500061035156,9.107455253601074,6.614349842071533
AT,AKC,urban,2023-02-27T13:00:00,6,10.760499954223633,9.196174621582031,6.577300071716309
AT,AKC,urban,2023-02-27T14:00:00,6,10.538000106811523,8.894025802612305,6.193099498748779
AT,AKC,urban,2023-02-27T15:00:00,6,11.263500213623047,8.780706405639648,6.144800186157227
AT,AKC,urban,2023-02-27T16:00:00,6,12.534000396728516,8.781534194946289,6.385299205780029
AT,AKC,urban,2023-02-27T17:00:00,6,12.650500297546387,10.13180923461914,8.45265007019043
AT,AKC,urban,2023-02-27T18:00:00,6,13.214500427246094,11.480393409729004,11.048500061035156
AT,AKC,urban,2023-02-27T19:00:00,6,14.069000244140625,11.174044609069824,10.760499954223633
AT,AKC,urban,2023-02-27T20:00:00,6,14.60949993133545,11.135335922241211,10.538000106811523
AT,AKC,urban,2023-02-27T21:00:00,6,15.182000160217285,12.073683738708496,11.263500213623047
AT,AKC,urban,2023-02-27T22:00:00,6,15.416500091552734,13.419065475463867,12.534000396728516
AT,AKC,urban,2023-02-27T23:00:00,6,16.840499877929688,14.0894775390625,12.650500297546387
AT,AKC,urban,2023-02-28T00:00:00,6,17.917999267578125,15.256563186645508,13.214500427246094
AT,AKC,urban,2023-02-28T01:00:00,6,19.46299934387207,16.47703742980957,14.069000244140625
AT,AKC,urban,2023-02-28T02:00:00,6,21.004499435424805,17.140512466430664,14.60949993133545
AT,AKC,urban,2023-02-28T03:00:00,6,19.451499938964844,17.11946678161621,15.182000160217285
AT,AKC,urban,2023-02-28T04:00:00,6,19.61949920654297,16.460662841796875,15.416500091552734
AT,AKC,urban,2023-02-28T05:00:00,6,19.613000869750977,16.728675842285156,16.840499877929688
AT,AKC,urban,2023-02-28T06:00:00,6,17.194499969482422,16.206947326660156,17.917999267578125
AT,AKC,urban,2023-02-28T07:00:00,6,15.664999961853027,16.59286880493164,19.46299934387207
AT,AKC,urban,2023-02-28T08:00:00,6,16.392000198364258,17.041170120239258,21.004499435424805
AT,AKC,urban,2023-02-28T09:00:00,6,17.354999542236328,16.182811737060547,19.451499938964844
AT,AKC,urban,2023-02-28T10:00:00,6,17.441499710083008,16.999034881591797,19.61949920654297
AT,AKC,urban,2023-02-28T11:00:00,6,20.161500930786133,18.7584228515625,19.613000869750977
AT,AKC,urban,2023-02-28T12:00:00,6,17.75550079345703,17.951780319213867,17.194499969482422
AT,AKC,urban,2023-02-28T13:00:00,6,19.433000564575195,17.722503662109375,15.664999961853027
AT,AKC,urban,2023-02-28T14:00:00,6,20.540000915527344,18.911590576171875,16.392000198364258
AT,AKC,urban,2023-02-28T15:00:00,6,23.04050064086914,19.591094970703125,17.354999542236328
AT,AKC,urban,2023-02-28T16:00:00,6,25.061500549316406,19.339841842651367,17.441499710083008
AT,AKC,urban,2023-02-28T17:00:00,6,26.062000274658203,20.547500610351562,20.161500930786133
AT,AKC,urban,2023-02-28T18:00:00,6,27.488000869750977,17.867233276367188,17.75550079345703
AT,AKC,urban,2023-02-28T19:00:00,6,28.599502563476562,19.443805694580078,19.433000564575195
AT,AKC,urban,2023-02-28T20:00:00,6,29.519001007080078,19.549842834472656,20.540000915527344
AT,AKC,urban,2023-02-28T21:00:00,6,30.41250228881836,21.317276000976562,23.04050064086914
AT,AKC,urban,2023-02-28T22:00:00,6,30.506999969482422,22.772785186767578,25.061500549316406
AT,AKC,urban,2023-02-28T23:00:00,6,30.56650161743164,23.68819808959961,26.062000274658203
AT,AKC,urban,2023-03-01T00:00:00,6,30.483501434326172,25.026966094970703,27.488000869750977
AT,AKC,urban,2023-03-01T01:00:00,6,31.43199920654297,25.74295425415039,28.599502563476562
AT,AKC,urban,2023-03-01T02:00:00,6,31.84400177001953,25.829776763916016,29.519001007080078
AT,AKC,urban,2023-03-01T03:00:00,6,30.0625,26.038326263427734,30.41250228881836
AT,AKC,urban,2023-03-01T04:00:00,6,24.28700065612793,25.284963607788086,30.506999969482422
AT,AKC,urban,2023-03-01T05:00:00,6,24.416500091552734,24.16931915283203,30.56650161743164
AT,AKC,urban,2023-03-01T06:00:00,6,22.417499542236328,22.5699462890625,30.483501434326172
AT,AKC,urban,2023-03-01T07:00:00,6,22.01300048828125,22.348201751708984,31.43199920654297
AT,AKC,urban,2023-03-01T08:00:00,6,23.269500732421875,22.54153060913086,31.84400177001953
AT,AKC,urban,2023-03-01T09:00:00,6,22.99650001525879,21.347457885742188,30.0625
AT,AKC,urban,2023-03-01T10:00:00,6,22.069499969482422,18.966388702392578,24.28700065612793
AT,AKC,urban,2023-03-01T11:00:00,6,24.020999908447266,21.57799530029297,24.416500091552734
AT,AKC,urban,2023-03-01T12:00:00,6,26.863000869750977,21.806034088134766,22.417499542236328
AT,AKC,urban,2023-03-01T13:00:00,6,28.819499969482422,22.6202392578125,22.01300048828125
AT,AKC,urban,2023-03-01T14:00:00,6,27.264999389648438,24.91258430480957,23.269500732421875
AT,AKC,urban,2023-03-01T15:00:00,6,29.79800033569336,25.298606872558594,22.99650001525879
AT,AKC,urban,2023-03-01T16:00:00,6,33.582000732421875,24.66860580444336,22.069499969482422
AT,AKC,urban,2023-03-01T17:00:00,6,37.0724983215332,25.503664016723633,24.020999908447266
AT,AKC,urban,2023-03-01T18:00:00,6,38.919498443603516,25.964019775390625,26.863000869750977
AT,AKC,urban,2023-03-01T19:00:00,6,40.858001708984375,25.52046012878418,28.819499969482422
AT,AKC,urban,2023-03-01T20:00:00,6,39.37799835205078,23.156877517700195,27.264999389648438
AT,AKC,urban,2023-03-01T21:00:00,6,38.27750015258789,24.81374740600586,29.79800033569336
AT,AKC,urban,2023-03-01T22:00:00,6,38.417999267578125,24.982189178466797,33.582000732421875
AT,AKC,urban,2023-03-01T23:00:00,6,38.462501525878906,26.63921356201172,37.0724983215332
AT,AKC,urban,2023-03-02T00:00:00,6,39.554996490478516,27.997657775878906,38.919498443603516
AT,AKC,urban,2023-03-02T01:00:00,6,38.372501373291016,29.391204833984375,40.858001708984375
AT,AKC,urban,2023-03-02T02:00:00,6,40.270999908447266,28.174301147460938,39.37799835205078
AT,AKC,urban,2023-03-02T03:00:00,6,40.63999938964844,27.62686538696289,38.27750015258789
AT,AKC,urban,2023-03-02T04:00:00,6,38.83300018310547,28.011280059814453,38.417999267578125
AT,AKC,urban,2023-03-02T05:00:00,6,34.77799987792969,27.56085968017578,38.462501525878906
AT,AKC,urban,2023-03-02T06:00:00,6,25.80699920654297,28.309181213378906,39.554996490478516
AT,AKC,urban,2023-03-02T07:00:00,6,23.521499633789062,26.222686767578125,38.372501373291016
AT,AKC,urban,2023-03-02T08:00:00,6,23.1299991607666,28.555591583251953,40.270999908447266
AT,AKC,urban,2023-03-02T09:00:00,6,21.868499755859375,28.405723571777344,40.63999938964844
AT,AKC,urban,2023-03-02T10:00:00,6,20.47599983215332,27.92829132080078,38.83300018310547
AT,AKC,urban,2023-03-02T11:00:00,6,21.0674991607666,25.309856414794922,34.77799987792969
AT,AKC,urban,2023-03-02T12:00:00,6,20.555999755859375,24.276729583740234,25.80699920654297
AT,AKC,urban,2023-03-02T13:00:00,6,27.368999481201172,25.880739212036133,23.521499633789062
AT,AKC,urban,2023-03-02T14:00:00,6,23.75950050354004,29.162853240966797,23.1299991607666
AT,AKC,urban,2023-03-02T15:00:00,6,26.769500732421875,29.64422607421875,21.868499755859375
AT,AKC,urban,2023-03-02T16:00:00,6,22.535499572753906,31.368751525878906,20.47599983215332
AT,AKC,urban,2023-03-02T17:00:00,6,21.966999053955078,31.70770263671875,21.0674991607666
AT,AKC,urban,2023-03-02T18:00:00,6,20.719999313354492,29.757915496826172,20.555999755859375
AT,AKC,urban,2023-03-02T19:00:00,6,20.076499938964844,27.494394302368164,27.368999481201172
AT,AKC,urban,2023-03-02T20:00:00,6,22.792999267578125,23.11629867553711,23.75950050354004
AT,AKC,urban,2023-03-02T21:00:00,6,27.14550018310547,23.256160736083984,26.769500732421875
AT,AKC,urban,2023-03-02T22:00:00,6,32.10749816894531,19.297260284423828,22.535499572753906
AT,AKC,urban,2023-03-02T23:00:00,6,32.317501068115234,20.453853607177734,21.966999053955078
AT,AKC,urban,2023-03-03T00:00:00,6,35.997501373291016,19.8459529876709,20.719999313354492
AT,AKC,urban,2023-03-03T01:00:00,6,41.930999755859375,23.816396713256836,20.076499938964844
AT,AKC,urban,2023-03-03T02:00:00,6,37.486000061035156,25.71227264404297,22.792999267578125
AT,AKC,urban,2023-03-03T03:00:00,6,36.176998138427734,31.477825164794922,27.14550018310547
AT,AKC,urban,2023-03-03T04:00:00,6,33.8385009765625,32.55177307128906,32.10749816894531
AT,AKC,urban,2023-03-03T05:00:00,6,29.032001495361328,32.590484619140625,32.317501068115234
AT,AKC,urban,2023-03-03T06:00:00,6,28.528499603271484,32.656211853027344,35.997501373291016
AT,AKC,urban,2023-03-03T07:00:00,6,27.756000518798828,33.855857849121094,41.930999755859375
AT,AKC,urban,2023-03-03T08:00:00,6,24.480499267578125,28.541473388671875,37.486000061035156
AT,AKC,urban,2023-03-03T09:00:00,6,18.87299919128418,27.971973419189453,36.176998138427734
AT,AKC,urban,2023-03-03T10:00:00,6,21.160999298095703,26.956775665283203,33.8385009765625
AT,AKC,urban,2023-03-03T11:00:00,6,21.770999908447266,23.619518280029297,29.032001495361328
AT,AKC,urban,2023-03-03T12:00:00,6,21.56999969482422,25.617137908935547,28.528499603271484
AT,AKC,urban,2023-03-03T13:00:00,6,26.80500030517578,25.138465881347656,27.756000518798828
AT,AKC,urban,2023-03-03T14:00:00,6,26.211000442504883,24.2940616607666,24.480499267578125
AT,AKC,urban,2023-03-03T15:00:00,6,25.604999542236328,21.701087951660156,18.87299919128418
AT,AKC,urban,2023-03-03T16:00:00,6,24.83449935913086,25.599103927612305,21.160999298095703
AT,AKC,urban,2023-03-03T17:00:00,6,26.6875,27.266942977905273,21.770999908447266
AT,AKC,urban,2023-03-03T18:00:00,6,26.11549949645996,27.16039276123047,21.56999969482422
AT,AKC,urban,2023-03-03T19:00:00,6,19.892499923706055,31.140705108642578,26.80500030517578
AT,AKC,urban,2023-03-03T20:00:00,6,17.204500198364258,29.892688751220703,26.211000442504883
AT,AKC,urban,2023-03-03T21:00:00,6,23.849000930786133,30.458805084228516,25.604999542236328
AT,AKC,urban,2023-03-03T22:00:00,6,37.45750045776367,30.209659576416016,24.83449935913086
AT,AKC,urban,2023-03-03T23:00:00,6,35.39149856567383,33.84938049316406,26.6875
AT,AKC,urban,2023-03-04T00:00:00,6,35.205501556396484,32.774635314941406,26.11549949645996
AT,AKC,urban,2023-03-04T01:00:00,6,35.81050109863281,28.739730834960938,19.892499923706055
AT,AKC,urban,2023-03-04T02:00:00,6,34.94749450683594,24.860116958618164,17.204500198364258
AT,AKC,urban,2023-03-04T03:00:00,6,22.586999893188477,27.681888580322266,23.849000930786133
AT,AKC,urban,2023-03-04T04:00:00,6,15.549500465393066,31.490646362304688,37.45750045776367
AT,AKC,urban,2023-03-04T05:00:00,6,15.475000381469727,27.62995147705078,35.39149856567383
AT,AKC,urban,2023-03-04T06:00:00,6,14.215999603271484,27.76400375366211,35.205501556396484
AT,AKC,urban,2023-03-04T07:00:00,6,16.27750015258789,25.96868133544922,35.81050109863281
AT,AKC,urban,2023-03-04T08:00:00,6,17.030000686645508,23.859718322753906,34.94749450683594
AT,AKC,urban,2023-03-04T09:00:00,6,19.886499404907227,14.637502670288086,22.586999893188477
AT,AKC,urban,2023-03-04T10:00:00,6,19.40850067138672,10.262864112854004,15.549500465393066
AT,AKC,urban,2023-03-04T11:00:00,6,18.16349983215332,9.592058181762695,15.475000381469727
AT,AKC,urban,2023-03-04T12:00:00,6,14.745499610900879,7.84494161605835,14.215999603271484
AT,AKC,urban,2023-03-04T13:00:00,6,13.913999557495117,7.774198055267334,16.27750015258789
AT,AKC,urban,2023-03-04T14:00:00,6,12.067999839782715,8.743831634521484,17.030000686645508
AT,AKC,urban,2023-03-04T15:00:00,6,13.36400032043457,9.464264869689941,19.886499404907227
AT,AKC,urban,2023-03-04T16:00:00,6,15.091500282287598,10.492691040039062,19.40850067138672
AT,AKC,urban,2023-03-04T17:00:00,6,16.118999481201172,9.744218826293945,18.16349983215332
AT,AKC,urban,2023-03-04T18:00:00,6,16.236000061035156,9.288369178771973,14.745499610900879
AT,AKC,urban,2023-03-04T19:00:00,6,15.161499977111816,9.038410186767578,13.913999557495117
AT,AKC,urban,2023-03-04T20:00:00,6,15.120499610900879,9.28060245513916,12.067999839782715
AT,AKC,urban,2023-03-04T21:00:00,6,15.196000099182129,10.656396865844727,13.36400032043457
AT,AKC,urban,2023-03-04T22:00:00,6,14.954500198364258,11.60790729522705,15.091500282287598
AT,AKC,urban,2023-03-04T23:00:00,6,15.053500175476074,11.434235572814941,16.118999481201172
AT,AKC,urban,2023-03-05T00:00:00,6,14.232000350952148,10.685896873474121,16.236000061035156
AT,AKC,urban,2023-03-05T01:00:00,6,16.136499404907227,8.665029525756836,15.161499977111816
AT,AKC,urban,2023-03-05T02:00:00,6,16.489500045776367,8.348066329956055,15.120499610900879
AT,AKC,urban,2023-03-05T03:00:00,6,16.670000076293945,7.64235782623291,15.196000099182129
AT,AKC,urban,2023-03-05T04:00:00,6,15.691499710083008,7.402627468109131,14.954500198364258
AT,AKC,urban,2023-03-05T05:00:00,6,15.805999755859375,6.8521294593811035,15.053500175476074
AT,AKC,urban,2023-03-05T06:00:00,6,14.967000007629395,6.741939544677734,14.232000350952148
AT,AKC,urban,2023-03-05T07:00:00,6,7.206549644470215,8.299524307250977,16.136499404907227
AT,AKC,urban,2023-03-05T08:00:00,6,6.267798900604248,8.956254959106445,16.489500045776367
AT,AKC,urban,2023-03-05T09:00:00,6,6.499598979949951,9.199445724487305,16.670000076293945
AT,AKC,urban,2023-03-05T10:00:00,6,6.649899482727051,8.81875991821289,15.691499710083008
AT,AKC,urban,2023-03-05T11:00:00,6,6.5413498878479,9.261896133422852,15.805999755859375
AT,AKC,urban,2023-03-05T12:00:00,6,6.602999210357666,9.861347198486328,14.967000007629395
AT,AKC,urban,2023-03-05T13:00:00,6,7.215848445892334,6.964008331298828,7.206549644470215
AT,AKC,urban,2023-03-05T14:00:00,6,7.3927998542785645,8.166711807250977,6.267798900604248
AT,AKC,urban,2023-03-05T15:00:00,6,7.830149173736572,8.161883354187012,6.499598979949951
AT,AKC,urban,2023-03-05T16:00:00,6,9.726948738098145,8.669675827026367,6.649899482727051
AT,AKC,urban,2023-03-05T17:00:00,6,11.131999969482422,8.288229942321777,6.5413498878479
AT,AKC,urban,2023-03-05T18:00:00,6,8.545598030090332,8.17603588104248,6.602999210357666
AT,AKC,urban,2023-03-05T19:00:00,6,6.465048789978027,8.072713851928711,7.215848445892334
AT,AKC,urban,2023-03-05T20:00:00,6,5.277198791503906,7.813140392303467,7.3927998542785645
AT,AKC,urban,2023-03-05T21:00:00,6,5.02834939956665,7.873498916625977,7.830149173736572
AT,AKC,urban,2023-03-05T22:00:00,6,5.31804895401001,9.150472640991211,9.726948738098145
AT,AKC,urban,2023-03-05T23:00:00,6,7.400699138641357,10.269500732421875,11.131999969482422
AT,AKC,urban,2023-03-06T00:00:00,6,9.934800148010254,8.501840591430664,8.545598030090332
AT,AKC,urban,2023-03-06T01:00:00,6,13.182000160217285,7.83189582824707,6.465048789978027
AT,AKC,urban,2023-03-06T02:00:00,6,14.067500114440918,7.391378402709961,5.277198791503906
AT,AKC,urban,2023-03-06T03:00:00,6,14.194999694824219,7.278850078582764,5.02834939956665
AT,AKC,urban,2023-03-06T04:00:00,6,14.47700023651123,6.915617942810059,5.31804895401001
AT,AKC,urban,2023-03-06T05:00:00,6,14.152999877929688,7.8495283126831055,7.400699138641357
AT,AKC,urban,2023-03-06T06:00:00,6,15.156000137329102,8.478026390075684,9.934800148010254
AT,AKC,urban,2023-03-06T07:00:00,6,14.275500297546387,9.999890327453613,13.182000160217285
AT,AKC,urban,2023-03-06T08:00:00,6,14.358499526977539,10.215354919433594,14.067500114440918
AT,AKC,urban,2023-03-06T09:00:00,6,12.908499717712402,10.52319622039795,14.194999694824219
AT,AKC,urban,2023-03-06T10:00:00,6,13.388999938964844,10.548913955688477,14.47700023651123
AT,AKC,urban,2023-03-06T11:00:00,6,14.83650016784668,10.729500770568848,14.152999877929688
AT,AKC,urban,2023-03-06T12:00:00,6,15.991000175476074,12.432149887084961,15.156000137329102
AT,AKC,urban,2023-03-06T13:00:00,6,16.083999633789062,12.672436714172363,14.275500297546387
AT,AKC,urban,2023-03-06T14:00:00,6,14.842000007629395,13.70891284942627,14.358499526977539
AT,AKC,urban,2023-03-06T15:00:00,6,14.007499694824219,13.319026947021484,12.908499717712402
AT,AKC,urban,2023-03-06T16:00:00,6,14.954999923706055,14.49085521697998,13.388999938964844
AT,AKC,urban,2023-03-06T17:00:00,6,15.254500389099121,15.310382843017578,14.83650016784668
AT,AKC,urban,2023-03-06T18:00:00,6,16.339000701904297,14.093745231628418,15.991000175476074
AT,AKC,urban,2023-03-06T19:00:00,6,17.21500015258789,12.4896240234375,16.083999633789062
AT,AKC,urban,2023-03-06T20:00:00,6,17.18199920654297,10.883973121643066,14.842000007629395
AT,AKC,urban,2023-03-06T21:00:00,6,16.33799934387207,10.758064270019531,14.007499694824219
AT,AKC,urban,2023-03-06T22:00:00,6,16.853500366210938,10.847291946411133,14.954999923706055
AT,AKC,urban,2023-03-06T23:00:00,6,15.593000411987305,11.831098556518555,15.254500389099121
AT,AKC,urban,2023-03-07T00:00:00,6,16.11400032043457,12.188830375671387,16.339000701904297
AT,AKC,urban,2023-03-07T01:00:00,6,16.409500122070312,13.349318504333496,17.21500015258789
AT,AKC,urban,2023-03-07T02:00:00,6,19.033000946044922,12.34616470336914,17.18199920654297
AT,AKC,urban,2023-03-07T03:00:00,6,17.06599998474121,12.129169464111328,16.33799934387207
AT,AKC,urban,2023-03-07T04:00:00,6,14.557999610900879,11.837072372436523,16.853500366210938
AT,AKC,urban,2023-03-07T05:00:00,6,16.000499725341797,11.287446975708008,15.593000411987305
AT,AKC,urban,2023-03-07T06:00:00,6,14.498499870300293,11.592029571533203,16.11400032043457
AT,AKC,urban,2023-03-07T07:00:00,6,12.411499977111816,11.942181587219238,16.409500122070312
AT,AKC,urban,2023-03-07T08:00:00,6,10.371749877929688,14.454257011413574,19.033000946044922
AT,AKC,urban,2023-03-07T09:00:00,6,9.979998588562012,12.643208503723145,17.06599998474121
AT,AKC,urban,2023-03-07T10:00:00,6,12.30049991607666,12.226887702941895,14.557999610900879
AT,AKC,urban,2023-03-07T11:00:00,6,15.749500274658203,13.198042869567871,16.000499725341797
AT,AKC,urban,2023-03-07T12:00:00,6,17.410999298095703,13.220791816711426,14.498499870300293
AT,AKC,urban,2023-03-07T13:00:00,6,18.229999542236328,12.660612106323242,12.411499977111816
AT,AKC,urban,2023-03-07T14:00:00,6,20.29800033569336,12.287196159362793,10.371749877929688
AT,AKC,urban,2023-03-07T15:00:00,6,23.75200080871582,11.49651050567627,9.979998588562012
AT,AKC,urban,2023-03-07T16:00:00,6,24.724498748779297,13.167271614074707,12.30049991607666
AT,AKC,urban,2023-03-07T17:00:00,6,18.267000198364258,13.011281967163086,15.749500274658203
AT,AKC,urban,2023-03-07T18:00:00,6,16.387500762939453,12.458892822265625,17.410999298095703
AT,AKC,urban,2023-03-07T19:00:00,6,11.933500289916992,11.35057544708252,18.229999542236328
AT,AKC,urban,2023-03-07T20:00:00,6,11.779999732971191,10.842214584350586,20.29800033569336
AT,AKC,urban,2023-03-07T21:00:00,6,12.642000198364258,10.968156814575195,23.75200080871582
AT,AKC,urban,2023-03-07T22:00:00,6,12.031499862670898,9.66972541809082,24.724498748779297
AT,AKC,urban,2023-03-07T23:00:00,6,13.130499839782715,5.1100969314575195,18.267000198364258
AT,AKC,urban,2023-03-08T00:00:00,6,13.69950008392334,4.617603302001953,16.387500762939453
AT,AKC,urban,2023-03-08T01:00:00,6,11.947999954223633,4.331453323364258,11.933500289916992
AT,AKC,urban,2023-03-08T02:00:00,6,8.95849895477295,5.853324890136719,11.779999732971191
AT,AKC,urban,2023-03-08T03:00:00,6,8.930048942565918,5.971860408782959,12.642000198364258
AT,AKC,urban,2023-03-08T04:00:00,6,10.779999732971191,7.383844375610352,12.031499862670898
AT,AKC,urban,2023-03-08T05:00:00,6,16.831499099731445,8.358749389648438,13.130499839782715
AT,AKC,urban,2023-03-08T06:00:00,6,17.632999420166016,10.115934371948242,13.69950008392334
AT,AKC,urban,2023-03-08T07:00:00,6,18.5575008392334,8.979358673095703,11.947999954223633
AT,AKC,urban,2023-03-08T08:00:00,6,17.181499481201172,9.048541069030762,8.95849895477295
AT,AKC,urban,2023-03-08T09:00:00,6,17.590499877929688,9.703124046325684,8.930048942565918
AT,AKC,urban,2023-03-08T10:00:00,6,19.136499404907227,11.061405181884766,10.779999732971191
AT,AKC,urban,2023-03-08T11:00:00,6,20.804000854492188,11.221639633178711,16.831499099731445
AT,AKC,urban,2023-03-08T12:00:00,6,24.520999908447266,10.705928802490234,17.632999420166016
AT,AKC,urban,2023-03-08T13:00:00,6,22.545499801635742,10.665244102478027,18.5575008392334
AT,AKC,urban,2023-03-08T14:00:00,6,19.38599967956543,9.412267684936523,17.181499481201172
AT,AKC,urban,2023-03-08T15:00:00,6,20.996000289916992,12.211913108825684,17.590499877929688
AT,AKC,urban,2023-03-08T16:00:00,6,19.690000534057617,12.84064769744873,19.136499404907227
AT,AKC,urban,2023-03-08T17:00:00,6,14.26550006866455,12.367076873779297,20.804000854492188
AT,AKC,urban,2023-03-08T18:00:00,6,6.968998908996582,10.995929718017578,24.520999908447266
AT,AKC,urban,2023-03-08T19:00:00,6,8.187700271606445,9.129621505737305,22.545499801635742
AT,AKC,urban,2023-03-08T20:00:00,6,8.631750106811523,9.747227668762207,19.38599967956543
AT,AKC,urban,2023-03-08T21:00:00,6,8.797249794006348,12.714879035949707,20.996000289916992
AT,AKC,urban,2023-03-08T22:00:00,6,9.955849647521973,12.212956428527832,19.690000534057617
AT,AKC,urban,2023-03-08T23:00:00,6,10.109999656677246,11.067893981933594,14.26550006866455
AT,AKC,urban,2023-03-09T00:00:00,6,4.434450149536133,8.73194694519043,6.968998908996582
AT,AKC,urban,2023-03-09T01:00:00,6,3.8366003036499023,11.362236976623535,8.187700271606445
AT,AKC,urban,2023-03-09T02:00:00,6,8.369898796081543,11.098140716552734,8.631750106811523
AT,AKC,urban,2023-03-09T03:00:00,6,11.285200119018555,12.154668807983398,8.797249794006348
AT,AKC,urban,2023-03-09T04:00:00,6,7.919898986816406,11.757743835449219,9.955849647521973
AT,AKC,urban,2023-03-09T05:00:00,6,4.165499687194824,10.768056869506836,10.109999656677246
AT,AKC,urban,2023-03-09T06:00:00,6,3.346050262451172,6.6966400146484375,4.434450149536133
AT,AKC,urban,2023-03-09T07:00:00,6,3.039400100708008,6.997334957122803,3.8366003036499023
AT,AKC,urban,2023-03-09T08:00:00,6,2.560349464416504,5.807591438293457,8.369898796081543
AT,AKC,urban,2023-03-09T09:00:00,6,2.4349489212036133,6.3499979972839355,11.285200119018555
AT,AKC,urban,2023-03-09T10:00:00,6,2.1387996673583984,5.19196081161499,7.919898986816406
AT,AKC,urban,2023-03-09T11:00:00,6,2.807650566101074,4.144345283508301,4.165499687194824
AT,AKC,urban,2023-03-09T12:00:00,6,5.629448890686035,4.100518226623535,3.346050262451172
AT,AKC,urban,2023-03-09T13:00:00,6,8.887350082397461,4.1044745445251465,3.039400100708008
AT,AKC,urban,2023-03-09T14:00:00,6,11.545999526977539,3.8818206787109375,2.560349464416504
AT,AKC,urban,2023-03-09T15:00:00,6,11.878499984741211,3.9450464248657227,2.4349489212036133
AT,AKC,urban,2023-03-09T16:00:00,6,9.735198974609375,3.991034507751465,2.1387996673583984
AT,AKC,urban,2023-03-09T17:00:00,6,6.614999294281006,4.0692596435546875,2.807650566101074
AT,AKC,urban,2023-03-09T18:00:00,6,7.9133501052856445,5.551348686218262,5.629448890686035
AT,AKC,urban,2023-03-09T19:00:00,6,6.977299213409424,6.784239292144775,8.887350082397461
AT,AKC,urban,2023-03-09T20:00:00,6,6.316598892211914,8.569388389587402,11.545999526977539
AT,AKC,urban,2023-03-09T21:00:00,6,6.3632493019104,8.7677640914917,11.878499984741211
AT,AKC,urban,2023-03-09T22:00:00,6,6.306250095367432,9.386564254760742,9.735198974609375
AT,AKC,urban,2023-03-09T23:00:00,6,8.321949005126953,7.626608848571777,6.614999294281006
AT,AKC,urban,2023-03-10T00:00:00,6,10.418000221252441,10.636837005615234,7.9133501052856445
AT,AKC,urban,2023-03-10T01:00:00,6,9.866250038146973,9.707868576049805,6.977299213409424
AT,AKC,urban,2023-03-10T02:00:00,6,12.491000175476074,10.409566879272461,6.316598892211914
AT,AKC,urban,2023-03-10T03:00:00,6,14.552499771118164,9.414786338806152,6.3632493019104
AT,AKC,urban,2023-03-10T04:00:00,6,14.537500381469727,9.529318809509277,6.306250095367432
AT,AKC,urban,2023-03-10T05:00:00,6,6.37354850769043,9.346826553344727,8.321949005126953
AT,AKC,urban,2023-03-10T06:00:00,6,4.4232988357543945,10.573017120361328,10.418000221252441
AT,AKC,urban,2023-03-10T07:00:00,6,4.384850025177002,9.11515998840332,9.866250038146973
AT,AKC,urban,2023-03-10T08:00:00,6,3.9984493255615234,10.936864852905273,12.491000175476074
AT,AKC,urban,2023-03-10T09:00:00,6,3.4093990325927734,12.314268112182617,14.552499771118164
AT,AKC,urban,2023-03-10T10:00:00,6,3.0011987686157227,12.74154281616211,14.537500381469727
AT,AKC,urban,2023-03-10T11:00:00,6,3.786799430847168,9.178380012512207,6.37354850769043
AT,AKC,urban,2023-03-10T12:00:00,6,2.9298505783081055,8.579261779785156,4.4232988357543945
AT,AKC,urban,2023-03-10T13:00:00,6,2.8265504837036133,8.770441055297852,4.384850025177002
AT,AKC,urban,2023-03-10T14:00:00,6,1.738800048828125,7.877625942230225,3.9984493255615234
AT,AKC,urban,2023-03-10T15:00:00,6,1.5333490371704102,6.712698936462402,3.4093990325927734
AT,AKC,urban,2023-03-10T16:00:00,6,1.8663997650146484,5.259787082672119,3.0011987686157227
AT,AKC,urban,2023-03-10T17:00:00,6,2.076798439025879,4.857621192932129,3.786799430847168
AT,AKC,urban,2023-03-10T18:00:00,6,2.193598747253418,2.9784345626831055,2.9298505783081055
AT,AKC,urban,2023-03-10T19:00:00,6,2.0565996170043945,2.3788623809814453,2.8265504837036133
AT,AKC,urban,2023-03-10T20:00:00,6,2.0847997665405273,1.5793180465698242,1.738800048828125
AT,AKC,urban,2023-03-10T21:00:00,6,2.3660993576049805,1.7963809967041016,1.5333490371704102
AT,AKC,urban,2023-03-10T22:00:00,6,1.9931488037109375,2.368518829345703,1.8663997650146484
AT,AKC,urban,2023-03-10T23:00:00,6,1.7771492004394531,2.9031572341918945,2.076798439025879
AT,AKC,urban,2023-03-11T00:00:00,6,2.204899787902832,3.036179542541504,2.193598747253418
AT,AKC,urban,2023-03-11T01:00:00,6,2.4127988815307617,2.977191925048828,2.0565996170043945
AT,AKC,urban,2023-03-11T02:00:00,6,2.1117000579833984,2.8461971282958984,2.0847997665405273
AT,AKC,urban,2023-03-11T03:00:00,6,1.9799003601074219,3.3895578384399414,2.3660993576049805
AT,AKC,urban,2023-03-11T04:00:00,6,1.711099624633789,3.276580810546875,1.9931488037109375
AT,AKC,urban,2023-03-11T05:00:00,6,2.0043487548828125,3.2384634017944336,1.7771492004394531
AT,AKC,urban,2023-03-11T06:00:00,6,1.8321495056152344,3.533738136291504,2.204899787902832
AT,AKC,urban,2023-03-11T07:00:00,6,2.007899284362793,3.528449058532715,2.4127988815307617
AT,AKC,urban,2023-03-11T08:00:00,6,2.0858993530273438,3.0499467849731445,2.1117000579833984
AT,AKC,urban,2023-03-11T09:00:00,6,1.8968486785888672,3.0464324951171875,1.9799003601074219
AT,AKC,urban,2023-03-11T10:00:00,6,1.9031486511230469,2.8389673233032227,1.711099624633789
AT,AKC,urban,2023-03-11T11:00:00,6,2.200150489807129,3.3692197799682617,2.0043487548828125
AT,AKC,urban,2023-03-11T12:00:00,6,2.588250160217285,3.3158206939697266,1.8321495056152344
AT,AKC,urban,2023-03-11T13:00:00,6,2.7122488021850586,3.8075618743896484,2.007899284362793
AT,AKC,urban,2023-03-11T14:00:00,6,2.9964494705200195,4.111059665679932,2.0858993530273438
AT,AKC,urban,2023-03-11T15:00:00,6,3.6356000900268555,4.1047821044921875,1.8968486785888672
AT,AKC,urban,2023-03-11T16:00:00,6,4.212800025939941,4.270321369171143,1.9031486511230469
AT,AKC,urban,2023-03-11T17:00:00,6,4.513050079345703,4.622581481933594,2.200150489807129
AT,AKC,urban,2023-03-11T18:00:00,6,4.433349132537842,4.967205047607422,2.588250160217285
AT,AKC,urban,2023-03-11T19:00:00,6,4.340548992156982,4.9652581214904785,2.7122488021850586
AT,AKC,urban,2023-03-11T20:00:00,6,4.563549041748047,5.178250312805176,2.9964494705200195
AT,AKC,urban,2023-03-11T21:00:00,6,4.858799457550049,5.626502990722656,3.6356000900268555
AT,AKC,urban,2023-03-11T22:00:00,6,5.070650100708008,6.058375835418701,4.212800025939941
AT,AKC,urban,2023-03-11T23:00:00,6,4.931250095367432,6.31765079498291,4.513050079345703
AT,AKC,urban,2023-03-12T00:00:00,6,4.788300037384033,6.442785739898682,4.433349132537842
AT,AKC,urban,2023-03-12T01:00:00,6,3.589900016784668,6.497252941131592,4.340548992156982
AT,AKC,urban,2023-03-12T02:00:00,6,3.322598457336426,6.462386131286621,4.563549041748047
AT,AKC,urban,2023-03-12T03:00:00,6,3.744500160217285,6.3298773765563965,4.858799457550049
AT,AKC,urban,2023-03-12T04:00:00,6,4.842899799346924,6.2756781578063965,5.070650100708008
AT,AKC,urban,2023-03-12T05:00:00,6,6.496448993682861,5.953595161437988,4.931250095367432
AT,AKC,urban,2023-03-12T06:00:00,6,6.843949794769287,5.505764961242676,4.788300037384033
AT,AKC,urban,2023-03-12T07:00:00,6,6.285600185394287,4.872201442718506,3.589900016784668
AT,AKC,urban,2023-03-12T08:00:00,6,6.623048782348633,4.5991363525390625,3.322598457336426
AT,AKC,urban,2023-03-12T09:00:00,6,8.042900085449219,5.104935169219971,3.744500160217285
AT,AKC,urban,2023-03-12T10:00:00,6,7.979098796844482,5.80348539352417,4.842899799346924
AT,AKC,urban,2023-03-12T11:00:00,6,9.39164924621582,6.933549404144287,6.496448993682861
AT,AKC,urban,2023-03-12T12:00:00,6,10.168999671936035,7.429128170013428,6.843949794769287
AT,AKC,urban,2023-03-12T13:00:00,6,8.219550132751465,7.781581401824951,6.285600185394287
AT,AKC,urban,2023-03-12T14:00:00,6,8.03079891204834,8.817682266235352,6.623048782348633
AT,AKC,urban,2023-03-12T15:00:00,6,5.046298980712891,10.317675590515137,8.042900085449219
AT,AKC,urban,2023-03-12T16:00:00,6,5.436248779296875,10.759840965270996,7.979098796844482
AT,AKC,urban,2023-03-12T17:00:00,6,5.039750099182129,11.332865715026855,9.39164924621582
AT,AKC,urban,2023-03-12T18:00:00,6,7.172049045562744,10.922905921936035,10.168999671936035
AT,AKC,urban,2023-03-12T19:00:00,6,5.877799034118652,9.333024024963379,8.219550132751465
AT,AKC,urban,2023-03-12T20:00:00,6,7.169650077819824,9.391321182250977,8.03079891204834
AT,AKC,urban,2023-03-12T21:00:00,6,7.923150062561035,6.902339458465576,5.046298980712891
AT,AKC,urban,2023-03-12T22:00:00,6,7.730249881744385,7.633245468139648,5.436248779296875
AT,AKC,urban,2023-03-12T23:00:00,6,6.651350021362305,7.415159702301025,5.039750099182129
AT,AKC,urban,2023-03-13T00:00:00,6,8.415650367736816,9.948317527770996,7.172049045562744
AT,AKC,urban,2023-03-13T01:00:00,6,9.906599044799805,9.165096282958984,5.877799034118652
AT,AKC,urban,2023-03-13T02:00:00,6,6.900149822235107,10.488075256347656,7.169650077819824
AT,AKC,urban,2023-03-13T03:00:00,6,8.838448524475098,9.89246654510498,7.923150062561035
AT,AKC,urban,2023-03-13T04:00:00,6,11.039999961853027,8.264396667480469,7.730249881744385
AT,AKC,urban,2023-03-13T05:00:00,6,11.409500122070312,6.8472442626953125,6.651350021362305
AT,AKC,urban,2023-03-13T06:00:00,6,8.154998779296875,6.608761787414551,8.415650367736816
AT,AKC,urban,2023-03-13T07:00:00,6,7.762898921966553,7.3475775718688965,9.906599044799805
AT,AKC,urban,2023-03-13T08:00:00,6,7.07105016708374,6.230893611907959,6.900149822235107
AT,AKC,urban,2023-03-13T09:00:00,6,8.962048530578613,8.31098461151123,8.838448524475098
AT,AKC,urban,2023-03-13T10:00:00,6,9.268600463867188,10.004485130310059,11.039999961853027
AT,AKC,urban,2023-03-13T11:00:00,6,9.131050109863281,10.774008750915527,11.409500122070312
AT,AKC,urban,2023-03-13T12:00:00,6,9.15250015258789,9.57442855834961,8.154998779296875
AT,AKC,urban,2023-03-13T13:00:00,6,9.90304946899414,9.978436470031738,7.762898921966553
AT,AKC,urban,2023-03-13T14:00:00,6,9.184800148010254,9.623688697814941,7.07105016708374
AT,AKC,urban,2023-03-13T15:00:00,6,9.414249420166016,10.39977741241455,8.962048530578613
AT,AKC,urban,2023-03-13T16:00:00,6,10.215999603271484,9.603692054748535,9.268600463867188
AT,AKC,urban,2023-03-13T17:00:00,6,8.735650062561035,8.05678939819336,9.131050109863281
AT,AKC,urban,2023-03-13T18:00:00,6,7.857398986816406,7.921544551849365,9.15250015258789
AT,AKC,urban,2023-03-13T19:00:00,6,7.5260491371154785,7.575589656829834,9.90304946899414
AT,AKC,urban,2023-03-13T20:00:00,6,7.812398910522461,7.250614166259766,9.184800148010254
AT,AKC,urban,2023-03-13T21:00:00,6,8.116498947143555,7.2261857986450195,9.414249420166016
AT,AKC,urban,2023-03-13T22:00:00,6,9.600798606872559,7.926992416381836,10.215999603271484
AT,AKC,urban,2023-03-13T23:00:00,6,8.755199432373047,6.533293724060059,8.735650062561035
AT,AKC,urban,2023-03-14T00:00:00,6,11.3125,6.228268623352051,7.857398986816406
AT,AKC,urban,2023-03-14T01:00:00,6,12.314499855041504,6.225046157836914,7.5260491371154785
AT,AKC,urban,2023-03-14T02:00:00,6,3.0612001419067383,6.315501689910889,7.812398910522461
AT,AKC,urban,2023-03-14T03:00:00,6,4.012650489807129,6.304929256439209,8.116498947143555
AT,AKC,urban,2023-03-14T04:00:00,6,8.079548835754395,7.328789710998535,9.600798606872559
AT,AKC,urban,2023-03-14T05:00:00,6,3.1087989807128906,6.273955821990967,8.755199432373047
AT,AKC,urban,2023-03-14T06:00:00,6,2.6006994247436523,7.798432350158691,11.3125
AT,AKC,urban,2023-03-14T07:00:00,6,2.5243988037109375,7.670463562011719,12.314499855041504
AT,AKC,urban,2023-03-14T08:00:00,6,1.9119491577148438,3.0951414108276367,3.0612001419067383
AT,AKC,urban,2023-03-14T09:00:00,6,3.5089492797851562,4.630893230438232,4.012650489807129
AT,AKC,urban,2023-03-14T10:00:00,6,4.873600006103516,6.595254421234131,8.079548835754395
AT,AKC,urban,2023-03-14T11:00:00,6,6.933300018310547,3.4095020294189453,3.1087989807128906
AT,AKC,urban,2023-03-14T12:00:00,6,8.690449714660645,3.9511852264404297,2.6006994247436523
AT,AKC,urban,2023-03-14T13:00:00,6,2.2547998428344727,3.4174957275390625,2.5243988037109375
AT,AKC,urban,2023-03-14T14:00:00,6,2.42819881439209,2.6945552825927734,1.9119491577148438
AT,AKC,urban,2023-03-14T15:00:00,6,2.476149559020996,4.059388637542725,3.5089492797851562
AT,AKC,urban,2023-03-14T16:00:00,6,2.383450508117676,3.914140224456787,4.873600006103516
AT,AKC,urban,2023-03-14T17:00:00,6,2.5559492111206055,4.89481782913208,6.933300018310547
AT,AKC,urban,2023-03-14T18:00:00,6,2.634749412536621,5.907838821411133,8.690449714660645
AT,AKC,urban,2023-03-14T19:00:00,6,2.3540000915527344,2.082962989807129,2.2547998428344727
AT,AKC,urban,2023-03-14T20:00:00,6,2.751500129699707,2.3680295944213867,2.42819881439209
AT,AKC,urban,2023-03-14T21:00:00,6,3.9678993225097656,2.6308679580688477,2.476149559020996
AT,AKC,urban,2023-03-14T22:00:00,6,4.014800071716309,2.915743827819824,2.383450508117676
AT,AKC,urban,2023-03-14T23:00:00,6,3.9386000633239746,3.568863868713379,2.5559492111206055
AT,AKC,urban,2023-03-15T00:00:00,6,4.025798797607422,4.254075050354004,2.634749412536621
AT,AKC,urban,2023-03-15T01:00:00,6,3.8773488998413086,4.345015525817871,2.3540000915527344
AT,AKC,urban,2023-03-15T02:00:00,6,4.675300121307373,4.986671447753906,2.751500129699707
AT,AKC,urban,2023-03-15T03:00:00,6,4.745200157165527,5.995355606079102,3.9678993225097656
AT,AKC,urban,2023-03-15T04:00:00,6,4.707550525665283,5.471606254577637,4.014800071716309
AT,AKC,urban,2023-03-15T05:00:00,6,4.548599720001221,4.802985191345215,3.9386000633239746
AT,AKC,urban,2023-03-15T06:00:00,6,5.566400051116943,4.421933174133301,4.025798797607422
AT,AKC,urban,2023-03-15T07:00:00,6,4.420848846435547,4.039079666137695,3.8773488998413086
AT,AKC,urban,2023-03-15T08:00:00,6,3.843499183654785,4.668846130371094,4.675300121307373
AT,AKC,urban,2023-03-15T09:00:00,6,4.090400218963623,4.335589408874512,4.745200157165527
AT,AKC,urban,2023-03-15T10:00:00,6,3.320749282836914,4.687697410583496,4.707550525665283
AT,AKC,urban,2023-03-15T11:00:00,6,4.051249027252197,4.846904277801514,4.548599720001221
AT,AKC,urban,2023-03-15T12:00:00,6,4.15834903717041,5.71345329284668,5.566400051116943
AT,AKC,urban,2023-03-15T13:00:00,6,4.2392988204956055,4.971579551696777,4.420848846435547
AT,AKC,urban,2023-03-15T14:00:00,6,4.945849418640137,4.677667140960693,3.843499183654785
AT,AKC,urban,2023-03-15T15:00:00,6,5.196949005126953,5.055088996887207,4.090400218963623
AT,AKC,urban,2023-03-15T16:00:00,6,4.104249000549316,4.822122097015381,3.320749282836914
AT,AKC,urban,2023-03-15T17:00:00,6,3.8010997772216797,5.792121410369873,4.051249027252197
AT,AKC,urban,2023-03-15T18:00:00,6,4.352999210357666,5.954339027404785,4.15834903717041
AT,AKC,urban,2023-03-15T19:00:00,6,5.280600070953369,6.250643730163574,4.2392988204956055
AT,AKC,urban,2023-03-15T20:00:00,6,6.734148979187012,6.846794605255127,4.945849418640137
AT,AKC,urban,2023-03-15T21:00:00,6,8.149398803710938,6.707721710205078,5.196949005126953
AT,AKC,urban,2023-03-15T22:00:00,6,8.880200386047363,5.661355018615723,4.104249000549316
AT,AKC,urban,2023-03-15T23:00:00,6,9.302048683166504,5.708530902862549,3.8010997772216797
AT,AKC,urban,2023-03-16T00:00:00,6,10.044400215148926,6.977228164672852,4.352999210357666
AT,AKC,urban,2023-03-16T01:00:00,6,9.251798629760742,8.217238426208496,5.280600070953369
AT,AKC,urban,2023-03-16T02:00:00,6,7.544548988342285,9.375045776367188,6.734148979187012
AT,AKC,urban,2023-03-16T03:00:00,6,5.078948974609375,9.91539478302002,8.149398803710938
AT,AKC,urban,2023-03-16T04:00:00,6,5.065499782562256,9.670001983642578,8.880200386047363
AT,AKC,urban,2023-03-16T05:00:00,6,6.526148796081543,8.66627025604248,9.302048683166504
AT,AKC,urban,2023-03-16T06:00:00,6,6.284399509429932,8.666497230529785,10.044400215148926
AT,AKC,urban,2023-03-16T07:00:00,6,6.643098831176758,7.792700290679932,9.251798629760742
AT,AKC,urban,2023-03-16T08:00:00,6,5.9433488845825195,6.589388847351074,7.544548988342285
AT,AKC,urban,2023-03-16T09:00:00,6,5.232199668884277,5.78546142578125,5.078948974609375
AT,AKC,urban,2023-03-16T10:00:00,6,5.507100582122803,6.4692840576171875,5.065499782562256
AT,AKC,urban,2023-03-16T11:00:00,6,5.873600006103516,8.022163391113281,6.526148796081543
AT,AKC,urban,2023-03-16T12:00:00,6,8.690099716186523,8.848859786987305,6.284399509429932
AT,AKC,urban,2023-03-16T13:00:00,6,10.320650100708008,9.505213737487793,6.643098831176758
AT,AKC,urban,2023-03-16T14:00:00,6,12.265000343322754,9.617148399353027,5.9433488845825195
AT,AKC,urban,2023-03-16T15:00:00,6,12.14900016784668,9.021096229553223,5.232199668884277
AT,AKC,urban,2023-03-16T16:00:00,6,12.946999549865723,9.239047050476074,5.507100582122803
AT,AKC,urban,2023-03-16T17:00:00,6,12.657500267028809,9.227167129516602,5.873600006103516
AT,AKC,urban,2023-03-16T18:00:00,6,10.846500396728516,10.301467895507812,8.690099716186523
AT,AKC,urban,2023-03-16T19:00:00,6,8.988499641418457,10.37640380859375,10.320650100708008
AT,AKC,urban,2023-03-16T20:00:00,6,8.579548835754395,10.838947296142578,12.265000343322754
AT,AKC,urban,2023-03-16T21:00:00,6,8.70219898223877,10.818426132202148,12.14900016784668
AT,AKC,urban,2023-03-16T22:00:00,6,9.2264986038208,12.177449226379395,12.946999549865723
AT,AKC,urban,2023-03-16T23:00:00,6,10.0514497756958,12.839076042175293,12.657500267028809
AT,AKC,urban,2023-03-17T00:00:00,6,11.511500358581543,12.414936065673828,10.846500396728516
AT,AKC,urban,2023-03-17T01:00:00,6,10.466099739074707,11.233497619628906,8.988499641418457
AT,AKC,urban,2023-03-17T02:00:00,6,9.695850372314453,11.260490417480469,8.579548835754395
AT,AKC,urban,2023-03-17T03:00:00,6,10.558500289916992,10.551499366760254,8.70219898223877
AT,AKC,urban,2023-03-17T04:00:00,6,9.988698959350586,9.99305248260498,9.2264986038208
AT,AKC,urban,2023-03-17T05:00:00,6,8.65095043182373,8.714162826538086,10.0514497756958
AT,AKC,urban,2023-03-17T06:00:00,6,7.735650062561035,8.83442497253418,11.511500358581543
AT,AKC,urban,2023-03-17T07:00:00,6,7.4732489585876465,7.5086541175842285,10.466099739074707
AT,AKC,urban,2023-03-17T08:00:00,6,8.189899444580078,7.396747589111328,9.695850372314453
AT,AKC,urban,2023-03-17T09:00:00,6,8.127148628234863,8.098560333251953,10.558500289916992
AT,AKC,urban,2023-03-17T10:00:00,6,7.270998954772949,8.148744583129883,9.988698959350586
AT,AKC,urban,2023-03-17T11:00:00,6,7.707249164581299,7.873744487762451,8.65095043182373
AT,AKC,urban,2023-03-17T12:00:00,6,8.043950080871582,8.20455551147461,7.735650062561035
AT,AKC,urban,2023-03-17T13:00:00,6,8.005200386047363,9.175580024719238,7.4732489585876465
AT,AKC,urban,2023-03-17T14:00:00,6,7.653698921203613,10.299886703491211,8.189899444580078
AT,AKC,urban,2023-03-17T15:00:00,6,7.260299205780029,10.421167373657227,8.127148628234863
AT,AKC,urban,2023-03-17T16:00:00,6,6.8358988761901855,9.587212562561035,7.270998954772949
AT,AKC,urban,2023-03-17T17:00:00,6,7.254149913787842,9.804265022277832,7.707249164581299
AT,AKC,urban,2023-03-17T18:00:00,6,8.460350036621094,9.996869087219238,8.043950080871582
AT,AKC,urban,2023-03-17T19:00:00,6,8.442448616027832,9.923871994018555,8.005200386047363
AT,AKC,urban,2023-03-17T20:00:00,6,8.999798774719238,9.484516143798828,7.653698921203613
AT,AKC,urban,2023-03-17T21:00:00,6,9.261150360107422,9.278843879699707,7.260299205780029
AT,AKC,urban,2023-03-17T22:00:00,6,9.550148963928223,8.881882667541504,6.8358988761901855
AT,AKC,urban,2023-03-17T23:00:00,6,9.979748725891113,9.514488220214844,7.254149913787842
AT,AKC,urban,2023-03-18T00:00:00,6,10.147000312805176,10.704251289367676,8.460350036621094
AT,AKC,urban,2023-03-18T01:00:00,6,10.67199993133545,10.817155838012695,8.442448616027832
AT,AKC,urban,2023-03-18T02:00:00,6,10.680500030517578,11.180045127868652,8.999798774719238
AT,AKC,urban,2023-03-18T03:00:00,6,10.97249984741211,10.832063674926758,9.261150360107422
AT,AKC,urban,2023-03-18T04:00:00,6,11.20199966430664,9.843667984008789,9.550148963928223
AT,AKC,urban,2023-03-18T05:00:00,6,11.031999588012695,9.272360801696777,9.979748725891113
AT,AKC,urban,2023-03-18T06:00:00,6,10.995499610900879,8.436969757080078,10.147000312805176
AT,AKC,urban,2023-03-18T07:00:00,6,10.018600463867188,8.124043464660645,10.67199993133545
AT,AKC,urban,2023-03-18T08:00:00,6,9.316848754882812,7.745631217956543,10.680500030517578
AT,AKC,urban,2023-03-18T09:00:00,6,9.784250259399414,8.017316818237305,10.97249984741211
AT,AKC,urban,2023-03-18T10:00:00,6,9.471098899841309,8.365645408630371,11.20199966430664
AT,AKC,urban,2023-03-18T11:00:00,6,9.734000205993652,8.701337814331055,11.031999588012695
AT,AKC,urban,2023-03-18T12:00:00,6,10.444499969482422,9.0289945602417,10.995499610900879
AT,AKC,urban,2023-03-18T13:00:00,6,10.971500396728516,9.00146770477295,10.018600463867188
AT,AKC,urban,2023-03-18T14:00:00,6,11.41450023651123,8.978440284729004,9.316848754882812
AT,AKC,urban,2023-03-18T15:00:00,6,12.899999618530273,9.844219207763672,9.784250259399414
AT,AKC,urban,2023-03-18T16:00:00,6,15.195500373840332,9.679638862609863,9.471098899841309
AT,AKC,urban,2023-03-18T17:00:00,6,15.756999969482422,10.1121244430542,9.734000205993652
AT,AKC,urban,2023-03-18T18:00:00,6,15.398500442504883,10.578093528747559,10.444499969482422
AT,AKC,urban,2023-03-18T19:00:00,6,14.878999710083008,11.030136108398438,10.971500396728516
AT,AKC,urban,2023-03-18T20:00:00,6,14.581000328063965,11.518271446228027,11.41450023651123
AT,AKC,urban,2023-03-18T21:00:00,6,14.480999946594238,12.937941551208496,12.899999618530273
AT,AKC,urban,2023-03-18T22:00:00,6,14.589500427246094,14.861299514770508,15.195500373840332
AT,AKC,urban,2023-03-18T23:00:00,6,15.11050033569336,15.743517875671387,15.756999969482422
AT,AKC,urban,2023-03-19T00:00:00,6,15.652000427246094,15.971551895141602,15.398500442504883
AT,AKC,urban,2023-03-19T01:00:00,6,16.572500228881836,15.913138389587402,14.878999710083008
AT,AKC,urban,2023-03-19T02:00:00,6,17.133499145507812,15.907551765441895,14.581000328063965
AT,AKC,urban,2023-03-19T03:00:00,6,18.141000747680664,15.706914901733398,14.480999946594238
AT,AKC,urban,2023-03-19T04:00:00,6,18.374500274658203,15.4695463180542,14.589500427246094
AT,AKC,urban,2023-03-19T05:00:00,6,18.454500198364258,14.941302299499512,15.11050033569336
AT,AKC,urban,2023-03-19T06:00:00,6,17.847999572753906,14.459287643432617,15.652000427246094
AT,AKC,urban,2023-03-19T07:00:00,6,16.350000381469727,14.584376335144043,16.572500228881836
AT,AKC,urban,2023-03-19T08:00:00,6,16.12700080871582,14.474103927612305,17.133499145507812
AT,AKC,urban,2023-03-19T09:00:00,6,15.730999946594238,14.735339164733887,18.141000747680664
AT,AKC,urban,2023-03-19T10:00:00,6,15.896499633789062,14.593265533447266,18.374500274658203
AT,AKC,urban,2023-03-19T11:00:00,6,18.68199920654297,14.632969856262207,18.454500198364258
AT,AKC,urban,2023-03-19T12:00:00,6,20.245500564575195,14.617691993713379,17.847999572753906
AT,AKC,urban,2023-03-19T13:00:00,6,20.058000564575195,14.265151977539062,16.350000381469727
AT,AKC,urban,2023-03-19T14:00:00,6,24.249500274658203,14.851978302001953,16.12700080871582
AT,AKC,urban,2023-03-19T15:00:00,6,20.872499465942383,15.290306091308594,15.730999946594238
AT,AKC,urban,2023-03-19T16:00:00,6,20.045499801635742,15.982244491577148,15.896499633789062
AT,AKC,urban,2023-03-19T17:00:00,6,18.765499114990234,17.222904205322266,18.68199920654297
AT,AKC,urban,2023-03-19T18:00:00,6,20.68899917602539,17.683788299560547,20.245500564575195
AT,AKC,urban,2023-03-19T19:00:00,6,20.8174991607666,18.294212341308594,20.058000564575195
AT,AKC,urban,2023-03-19T20:00:00,6,22.058500289916992,21.631481170654297,24.249500274658203
AT,AKC,urban,2023-03-19T21:00:00,6,23.291000366210938,18.80226707458496,20.872499465942383
AT,AKC,urban,2023-03-19T22:00:00,6,25.336002349853516,20.266132354736328,20.045499801635742
AT,AKC,urban,2023-03-19T23:00:00,6,26.979999542236328,19.308719635009766,18.765499114990234
AT,AKC,urban,2023-03-20T00:00:00,6,28.368000030517578,21.862274169921875,20.68899917602539
AT,AKC,urban,2023-03-20T01:00:00,6,22.334999084472656,20.945613861083984,20.8174991607666
AT,AKC,urban,2023-03-20T02:00:00,6,16.346500396728516,20.040706634521484,22.058500289916992
AT,AKC,urban,2023-03-20T03:00:00,6,10.316499710083008,18.90343475341797,23.291000366210938
AT,AKC,urban,2023-03-20T04:00:00,6,8.346598625183105,18.990558624267578,25.336002349853516
AT,AKC,urban,2023-03-20T05:00:00,6,9.962300300598145,18.562641143798828,26.979999542236328
AT,AKC,urban,2023-03-20T06:00:00,6,12.27299976348877,18.31386375427246,28.368000030517578
AT,AKC,urban,2023-03-20T07:00:00,6,9.683950424194336,14.339813232421875,22.334999084472656
AT,AKC,urban,2023-03-20T08:00:00,6,10.529000282287598,11.883295059204102,16.346500396728516
AT,AKC,urban,2023-03-20T09:00:00,6,8.910650253295898,8.838940620422363,10.316499710083008
AT,AKC,urban,2023-03-20T10:00:00,6,8.239150047302246,8.621854782104492,8.346598625183105
AT,AKC,urban,2023-03-20T11:00:00,6,8.865400314331055,9.854178428649902,9.962300300598145
AT,AKC,urban,2023-03-20T12:00:00,6,10.762499809265137,10.5927734375,12.27299976348877
AT,AKC,urban,2023-03-20T13:00:00,6,11.362500190734863,9.515409469604492,9.683950424194336
AT,AKC,urban,2023-03-20T14:00:00,6,10.53600025177002,9.276647567749023,10.529000282287598
AT,AKC,urban,2023-03-20T15:00:00,6,9.476149559020996,9.30654525756836,8.910650253295898
AT,AKC,urban,2023-03-20T16:00:00,6,9.079648971557617,9.748924255371094,8.239150047302246
AT,AKC,urban,2023-03-20T17:00:00,6,10.767000198364258,10.141487121582031,8.865400314331055
AT,AKC,urban,2023-03-20T18:00:00,6,9.806098937988281,12.985271453857422,10.762499809265137
AT,AKC,urban,2023-03-20T19:00:00,6,7.959650039672852,13.12155532836914,11.362500190734863
AT,AKC,urban,2023-03-20T20:00:00,6,8.263500213623047,13.26723575592041,10.53600025177002
AT,AKC,urban,2023-03-20T21:00:00,6,9.711798667907715,11.658716201782227,9.476149559020996
AT,AKC,urban,2023-03-20T22:00:00,6,9.73379898071289,11.865860939025879,9.079648971557617
AT,AKC,urban,2023-03-20T23:00:00,6,10.540550231933594,13.229622840881348,10.767000198364258
AT,AKC,urban,2023-03-21T00:00:00,6,13.181500434875488,12.77363109588623,9.806098937988281
AT,AKC,urban,2023-03-21T01:00:00,6,9.655750274658203,10.674518585205078,7.959650039672852
AT,AKC,urban,2023-03-21T02:00:00,6,8.517200469970703,10.23864459991455,8.263500213623047
AT,AKC,urban,2023-03-21T03:00:00,6,8.848698616027832,10.343057632446289,9.711798667907715
AT,AKC,urban,2023-03-21T04:00:00,6,8.36935043334961,9.347168922424316,9.73379898071289
AT,AKC,urban,2023-03-21T05:00:00,6,8.792200088500977,9.299030303955078,10.540550231933594
AT,AKC,urban,2023-03-21T06:00:00,6,7.910200119018555,11.0537109375,13.181500434875488
AT,AKC,urban,2023-03-21T07:00:00,6,5.763899326324463,9.552876472473145,9.655750274658203
AT,AKC,urban,2023-03-21T08:00:00,6,7.034450054168701,9.651346206665039,8.517200469970703
AT,AKC,urban,2023-03-21T09:00:00,6,7.626198768615723,10.285555839538574,8.848698616027832
AT,AKC,urban,2023-03-21T10:00:00,6,5.842748641967773,10.498737335205078,8.36935043334961
AT,AKC,urban,2023-03-21T11:00:00,6,5.394598960876465,11.309127807617188,8.792200088500977
AT,AKC,urban,2023-03-21T12:00:00,6,8.45259952545166,11.325634956359863,7.910200119018555
AT,AKC,urban,2023-03-21T13:00:00,6,8.925800323486328,11.114603042602539,5.763899326324463
AT,AKC,urban,2023-03-21T14:00:00,6,12.189000129699707,12.401670455932617,7.034450054168701
AT,AKC,urban,2023-03-21T15:00:00,6,12.715999603271484,14.640783309936523,7.626198768615723
AT,AKC,urban,2023-03-21T16:00:00,6,11.993000030517578,13.13320541381836,5.842748641967773
AT,AKC,urban,2023-03-21T17:00:00,6,12.470000267028809,12.942747116088867,5.394598960876465
AT,AKC,urban,2023-03-21T18:00:00,6,8.459198951721191,13.995133399963379,8.45259952545166
AT,AKC,urban,2023-03-21T19:00:00,6,10.784000396728516,13.543065071105957,8.925800323486328
AT,AKC,urban,2023-03-21T20:00:00,6,8.233248710632324,14.704076766967773,12.189000129699707
AT,AKC,urban,2023-03-21T21:00:00,6,8.067049026489258,14.104850769042969,12.715999603271484
AT,AKC,urban,2023-03-21T22:00:00,6,10.624750137329102,13.450860023498535,11.993000030517578
AT,AKC,urban,2023-03-21T23:00:00,6,13.86050033569336,13.971861839294434,12.470000267028809
AT,AKC,urban,2023-03-22T00:00:00,6,19.587499618530273,12.031844139099121,8.459198951721191
AT,AKC,urban,2023-03-22T01:00:00,6,23.99850082397461,14.294755935668945,10.784000396728516
AT,AKC,urban,2023-03-22T02:00:00,6,16.354999542236328,12.078051567077637,8.233248710632324
AT,AKC,urban,2023-03-22T03:00:00,6,28.816001892089844,12.529035568237305,8.067049026489258
AT,AKC,urban,2023-03-22T04:00:00,6,17.6299991607666,13.685381889343262,10.624750137329102
AT,AKC,urban,2023-03-22T05:00:00,6,10.601499557495117,13.98998737335205,13.86050033569336
AT,AKC,urban,2023-03-22T06:00:00,6,10.699000358581543,15.929818153381348,19.587499618530273
AT,AKC,urban,2023-03-22T07:00:00,6,7.794149875640869,17.51907730102539,23.99850082397461
AT,AKC,urban,2023-03-22T08:00:00,6,8.28394889831543,11.943323135375977,16.354999542236328
AT,AKC,urban,2023-03-22T09:00:00,6,6.083448886871338,18.68302345275879,28.816001892089844
AT,AKC,urban,2023-03-22T10:00:00,6,6.842148303985596,12.083222389221191,17.6299991607666
AT,AKC,urban,2023-03-22T11:00:00,6,8.629948616027832,10.485137939453125,10.601499557495117
AT,AKC,urban,2023-03-22T12:00:00,6,9.032150268554688,12.32874870300293,10.699000358581543
AT,AKC,urban,2023-03-22T13:00:00,6,9.824548721313477,10.901628494262695,7.794149875640869
AT,AKC,urban,2023-03-22T14:00:00,6,13.173500061035156,11.360538482666016,8.28394889831543
AT,AKC,urban,2023-03-22T15:00:00,6,12.409500122070312,9.326587677001953,6.083448886871338
AT,AKC,urban,2023-03-22T16:00:00,6,11.529999732971191,10.116719245910645,6.842148303985596
AT,AKC,urban,2023-03-22T17:00:00,6,10.980400085449219,9.99082088470459,8.629948616027832
AT,AKC,urban,2023-03-22T18:00:00,6,11.45199966430664,9.472557067871094,9.032150268554688
AT,AKC,urban,2023-03-22T19:00:00,6,9.011499404907227,8.90891170501709,9.824548721313477
AT,AKC,urban,2023-03-22T20:00:00,6,10.378499984741211,9.253774642944336,13.173500061035156
AT,AKC,urban,2023-03-22T21:00:00,6,11.687000274658203,9.153351783752441,12.409500122070312
AT,AKC,urban,2023-03-22T22:00:00,6,11.86299991607666,9.660079956054688,11.529999732971191
AT,AKC,urban,2023-03-22T23:00:00,6,12.78499984741211,10.830162048339844,10.980400085449219
AT,AKC,urban,2023-03-23T00:00:00,6,18.3700008392334,11.90740966796875,11.45199966430664
AT,AKC,urban,2023-03-23T01:00:00,6,19.849000930786133,11.996220588684082,9.011499404907227
AT,AKC,urban,2023-03-23T02:00:00,6,20.073999404907227,13.549242973327637,10.378499984741211
AT,AKC,urban,2023-03-23T03:00:00,6,21.31800079345703,14.33121395111084,11.687000274658203
AT,AKC,urban,2023-03-23T04:00:00,6,21.725500106811523,13.72031021118164,11.86299991607666
AT,AKC,urban,2023-03-23T05:00:00,6,17.6825008392334,12.184776306152344,12.78499984741211
AT,AKC,urban,2023-03-23T06:00:00,6,12.541500091552734,12.967198371887207,18.3700008392334
AT,AKC,urban,2023-03-23T07:00:00,6,10.697500228881836,12.771890640258789,19.849000930786133
AT,AKC,urban,2023-03-23T08:00:00,6,9.56554889678955,12.970002174377441,20.073999404907227
AT,AKC,urban,2023-03-23T09:00:00,6,8.695599555969238,13.794615745544434,21.31800079345703
AT,AKC,urban,2023-03-23T10:00:00,6,10.193900108337402,13.79423999786377,21.725500106811523
AT,AKC,urban,2023-03-23T11:00:00,6,15.136500358581543,12.371394157409668,17.6825008392334
AT,AKC,urban,2023-03-23T12:00:00,6,18.516000747680664,12.033503532409668,12.541500091552734
AT,AKC,urban,2023-03-23T13:00:00,6,19.534500122070312,12.63161563873291,10.697500228881836
AT,AKC,urban,2023-03-23T14:00:00,6,16.649499893188477,12.885290145874023,9.56554889678955
AT,AKC,urban,2023-03-23T15:00:00,6,18.011999130249023,12.740403175354004,8.695599555969238
AT,AKC,urban,2023-03-23T16:00:00,6,20.2549991607666,13.639605522155762,10.193900108337402
AT,AKC,urban,2023-03-23T17:00:00,6,20.38249969482422,14.612058639526367,15.136500358581543
AT,AKC,urban,2023-03-23T18:00:00,6,26.336999893188477,11.657210350036621,18.516000747680664
AT,AKC,urban,2023-03-23T19:00:00,6,25.340499877929688,10.089895248413086,19.534500122070312
AT,AKC,urban,2023-03-23T20:00:00,6,27.229999542236328,6.928677082061768,16.649499893188477
AT,AKC,urban,2023-03-23T21:00:00,6,28.67850112915039,9.535484313964844,18.011999130249023
AT,AKC,urban,2023-03-23T22:00:00,6,28.547500610351562,8.710598945617676,20.2549991607666
AT,AKC,urban,2023-03-23T23:00:00,6,25.793500900268555,10.597084045410156,20.38249969482422
AT,AKC,urban,2023-03-24T00:00:00,6,23.458999633789062,13.996583938598633,26.336999893188477
AT,AKC,urban,2023-03-24T01:00:00,6,23.900999069213867,16.07762336730957,25.340499877929688
AT,AKC,urban,2023-03-24T02:00:00,6,23.585500717163086,19.464630126953125,27.229999542236328
AT,AKC,urban,2023-03-24T03:00:00,6,25.579999923706055,22.211896896362305,28.67850112915039
AT,AKC,urban,2023-03-24T04:00:00,6,23.809499740600586,20.714618682861328,28.547500610351562
AT,AKC,urban,2023-03-24T05:00:00,6,21.481502532958984,17.39548110961914,25.793500900268555
AT,AKC,urban,2023-03-24T06:00:00,6,19.8700008392334,12.300976753234863,23.458999633789062
AT,AKC,urban,2023-03-24T07:00:00,6,18.91200065612793,10.549610137939453,23.900999069213867
AT,AKC,urban,2023-03-24T08:00:00,6,17.75550079345703,9.522661209106445,23.585500717163086
AT,AKC,urban,2023-03-24T09:00:00,6,8.201250076293945,10.523514747619629,25.579999923706055
AT,AKC,urban,2023-03-24T10:00:00,6,3.3724489212036133,10.280069351196289,23.809499740600586
AT,AKC,urban,2023-03-24T11:00:00,6,4.900798797607422,10.4155912399292,21.481502532958984
AT,AKC,urban,2023-03-24T12:00:00,6,5.005399703979492,11.449522972106934,19.8700008392334
AT,AKC,urban,2023-03-24T13:00:00,6,5.2681989669799805,12.413561820983887,18.91200065612793
AT,AKC,urban,2023-03-24T14:00:00,6,7.579998970031738,11.505655288696289,17.75550079345703
AT,AKC,urban,2023-03-24T15:00:00,6,3.953350067138672,8.617063522338867,8.201250076293945
AT,AKC,urban,2023-03-24T16:00:00,6,1.8541498184204102,5.320695877075195,3.3724489212036133
AT,AKC,urban,2023-03-24T17:00:00,6,1.857100486755371,6.243395805358887,4.900798797607422
AT,AKC,urban,2023-03-24T18:00:00,6,1.3792505264282227,6.013576507568359,5.005399703979492
AT,AKC,urban,2023-03-24T19:00:00,6,1.3959989547729492,5.781142711639404,5.2681989669799805
AT,AKC,urban,2023-03-24T20:00:00,6,1.8525495529174805,7.733029842376709,7.579998970031738
AT,AKC,urban,2023-03-24T21:00:00,6,2.512700080871582,4.602151393890381,3.953350067138672
AT,AKC,urban,2023-03-24T22:00:00,6,3.105849266052246,2.715656280517578,1.8541498184204102
AT,AKC,urban,2023-03-24T23:00:00,6,3.082148551940918,2.213125228881836,1.857100486755371
AT,AKC,urban,2023-03-25T00:00:00,6,2.997049331665039,1.446183204650879,1.3792505264282227
AT,AKC,urban,2023-03-25T01:00:00,6,2.4862985610961914,1.2988224029541016,1.3959989547729492
AT,AKC,urban,2023-03-25T02:00:00,6,2.7948484420776367,1.5038871765136719,1.8525495529174805
AT,AKC,urban,2023-03-25T03:00:00,6,2.635648727416992,2.0565452575683594,2.512700080871582
AT,AKC,urban,2023-03-25T04:00:00,6,2.544198989868164,2.447824478149414,3.105849266052246
AT,AKC,urban,2023-03-25T05:00:00,6,2.35360050201416,2.600674629211426,3.082148551940918
AT,AKC,urban,2023-03-25T06:00:00,6,2.4724502563476562,2.6613683700561523,2.997049331665039
AT,AKC,urban,2023-03-25T07:00:00,6,2.0393991470336914,2.472057342529297,2.4862985610961914
AT,AKC,urban,2023-03-25T08:00:00,6,1.8547992706298828,2.696356773376465,2.7948484420776367
AT,AKC,urban,2023-03-25T09:00:00,6,1.7592992782592773,2.6446666717529297,2.635648727416992
AT,AKC,urban,2023-03-25T10:00:00,6,1.8351993560791016,2.7844696044921875,2.544198989868164
AT,AKC,urban,2023-03-25T11:00:00,6,1.4080495834350586,2.81156063079834,2.35360050201416
AT,AKC,urban,2023-03-25T12:00:00,6,2.078648567199707,3.2523488998413086,2.4724502563476562
AT,AKC,urban,2023-03-25T13:00:00,6,1.4932003021240234,2.941351890563965,2.0393991470336914
AT,AKC,urban,2023-03-25T14:00:00,6,1.2559490203857422,2.958621025085449,1.8547992706298828
AT,AKC,urban,2023-03-25T15:00:00,6,1.2908992767333984,2.84847354888916,1.7592992782592773
AT,AKC,urban,2023-03-25T16:00:00,6,1.4403505325317383,2.7253522872924805,1.8351993560791016
AT,AKC,urban,2023-03-25T17:00:00,6,1.4469995498657227,2.1319656372070312,1.4080495834350586
AT,AKC,urban,2023-03-25T18:00:00,6,1.6350488662719727,2.357257843017578,2.078648567199707
AT,AKC,urban,2023-03-25T19:00:00,6,1.7494001388549805,1.8009443283081055,1.4932003021240234
AT,AKC,urban,2023-03-25T20:00:00,6,1.8934993743896484,1.7240467071533203,1.2559490203857422
AT,AKC,urban,2023-03-25T21:00:00,6,2.1122989654541016,1.9269962310791016,1.2908992767333984
AT,AKC,urban,2023-03-25T22:00:00,6,2.0074501037597656,2.102968215942383,1.4403505325317383
AT,AKC,urban,2023-03-25T23:00:00,6,1.9558477401733398,2.3036155700683594,1.4469995498657227
AT,AKC,urban,2023-03-26T00:00:00,6,2.8150501251220703,2.726901054382324,1.6350488662719727
AT,AKC,urban,2023-03-26T01:00:00,6,2.7676496505737305,3.0893068313598633,1.7494001388549805
AT,AKC,urban,2023-03-26T02:00:00,6,2.896500587463379,3.3388471603393555,1.8934993743896484
AT,AKC,urban,2023-03-26T03:00:00,6,2.963250160217285,3.4252471923828125,2.1122989654541016
AT,AKC,urban,2023-03-26T04:00:00,6,2.5662002563476562,3.165822982788086,2.0074501037597656
AT,AKC,urban,2023-03-26T05:00:00,6,2.44320011138916,3.1125736236572266,1.9558477401733398
AT,AKC,urban,2023-03-26T06:00:00,6,2.0978498458862305,3.6666460037231445,2.8150501251220703
AT,AKC,urban,2023-03-26T07:00:00,6,1.6205987930297852,3.662731170654297,2.7676496505737305
AT,AKC,urban,2023-03-26T08:00:00,6,1.9781503677368164,3.7592391967773438,2.896500587463379
AT,AKC,urban,2023-03-26T09:00:00,6,3.117650032043457,3.7971839904785156,2.963250160217285
AT,AKC,urban,2023-03-26T10:00:00,6,2.4026002883911133,3.6651954650878906,2.5662002563476562
AT,AKC,urban,2023-03-26T11:00:00,6,2.0625009536743164,3.7779502868652344,2.44320011138916
AT,AKC,urban,2023-03-26T12:00:00,6,2.4192495346069336,3.912550926208496,2.0978498458862305
AT,AKC,urban,2023-03-26T13:00:00,6,2.547849655151367,3.5733299255371094,1.6205987930297852
AT,AKC,urban,2023-03-26T14:00:00,6,2.279250144958496,3.698272705078125,1.9781503677368164
AT,AKC,urban,2023-03-26T15:00:00,6,2.3238000869750977,4.115899085998535,3.117650032043457
AT,AKC,urban,2023-03-26T16:00:00,6,2.096848487854004,3.08957576751709,2.4026002883911133
AT,AKC,urban,2023-03-26T17:00:00,6,2.2216501235961914,2.558648109436035,2.0625009536743164
AT,AKC,urban,2023-03-26T18:00:00,6,2.5717992782592773,2.419157028198242,2.4192495346069336
AT,AKC,urban,2023-03-26T19:00:00,6,2.6971988677978516,2.4656734466552734,2.547849655151367
AT,AKC,urban,2023-03-26T20:00:00,6,2.6969995498657227,2.4408416748046875,2.279250144958496
AT,AKC,urban,2023-03-26T21:00:00,6,2.095099449157715,2.4871225357055664,2.3238000869750977
AT,AKC,urban,2023-03-26T22:00:00,6,1.8338994979858398,2.850876808166504,2.096848487854004
AT,AKC,urban,2023-03-26T23:00:00,6,2.0186996459960938,3.4800596237182617,2.2216501235961914
AT,AKC,urban,2023-03-27T00:00:00,6,1.8885498046875,3.786177635192871,2.5717992782592773
AT,AKC,urban,2023-03-27T01:00:00,6,1.9383001327514648,4.067380428314209,2.6971988677978516
AT,AKC,urban,2023-03-27T02:00:00,6,2.884099006652832,3.612506866455078,2.6969995498657227
AT,AKC,urban,2023-03-27T03:00:00,6,1.9167490005493164,3.1345157623291016,2.095099449157715
AT,AKC,urban,2023-03-27T04:00:00,6,2.2394495010375977,2.8077478408813477,1.8338994979858398
AT,AKC,urban,2023-03-27T05:00:00,6,4.300099849700928,2.981779098510742,2.0186996459960938
AT,AKC,urban,2023-03-27T06:00:00,6,4.617348670959473,2.8215818405151367,1.8885498046875
AT,AKC,urban,2023-03-27T07:00:00,6,4.105350017547607,3.094742774963379,1.9383001327514648
AT,AKC,urban,2023-03-27T08:00:00,6,3.521298408508301,4.026064872741699,2.884099006652832
AT,AKC,urban,2023-03-27T09:00:00,6,3.5323495864868164,3.267123222351074,1.9167490005493164
AT,AKC,urban,2023-03-27T10:00:00,6,3.705899238586426,3.6928014755249023,2.2394495010375977
AT,AKC,urban,2023-03-27T11:00:00,6,3.9292993545532227,4.789399147033691,4.300099849700928
AT,AKC,urban,2023-03-27T12:00:00,6,3.6529998779296875,5.263422966003418,4.617348670959473
AT,AKC,urban,2023-03-27T13:00:00,6,3.766049385070801,5.186222553253174,4.105350017547607
AT,AKC,urban,2023-03-27T14:00:00,6,3.221050262451172,4.718156337738037,3.521298408508301
AT,AKC,urban,2023-03-27T15:00:00,6,3.2525997161865234,4.382362365722656,3.5323495864868164
AT,AKC,urban,2023-03-27T16:00:00,6,2.794949531555176,4.3808274269104,3.705899238586426
AT,AKC,urban,2023-03-27T17:00:00,6,2.553500175476074,4.331839561462402,3.9292993545532227
AT,AKC,urban,2023-03-27T18:00:00,6,3.764399528503418,4.171531677246094,3.6529998779296875
AT,AKC,urban,2023-03-27T19:00:00,6,3.415499687194824,4.354757308959961,3.766049385070801
AT,AKC,urban,2023-03-27T20:00:00,6,3.257399559020996,3.8440914154052734,3.221050262451172
AT,AKC,urban,2023-03-27T21:00:00,6,2.8148984909057617,4.141416072845459,3.2525997161865234
AT,AKC,urban,2023-03-27T22:00:00,6,3.262948989868164,3.8523244857788086,2.794949531555176
AT,AKC,urban,2023-03-27T23:00:00,6,4.109048843383789,4.064084529876709,2.553500175476074
AT,AKC,urban,2023-03-28T00:00:00,6,4.828299045562744,5.1502604484558105,3.764399528503418
AT,AKC,urban,2023-03-28T01:00:00,6,4.848649024963379,4.7460761070251465,3.415499687194824
AT,AKC,urban,2023-03-28T02:00:00,6,3.8612499237060547,4.348849296569824,3.257399559020996
AT,AKC,urban,2023-03-28T03:00:00,6,3.6503496170043945,3.7126293182373047,2.8148984909057617
AT,AKC,urban,2023-03-28T04:00:00,6,3.6753997802734375,3.510653495788574,3.262948989868164
AT,AKC,urban,2023-03-28T05:00:00,6,4.149999141693115,3.5707883834838867,4.109048843383789
AT,AKC,urban,2023-03-28T06:00:00,6,3.8205995559692383,3.987452507019043,4.828299045562744
AT,AKC,urban,2023-03-28T07:00:00,6,3.512650489807129,4.01991081237793,4.848649024963379
AT,AKC,urban,2023-03-28T08:00:00,6,4.545750141143799,3.497854232788086,3.8612499237060547
AT,AKC,urban,2023-03-28T09:00:00,6,4.298900127410889,3.8397865295410156,3.6503496170043945
AT,AKC,urban,2023-03-28T10:00:00,6,4.165150165557861,4.268579006195068,3.6753997802734375
AT,AKC,urban,2023-03-28T11:00:00,6,3.675950050354004,5.001615524291992,4.149999141693115
AT,AKC,urban,2023-03-28T12:00:00,6,3.326798439025879,4.97272253036499,3.8205995559692383
AT,AKC,urban,2023-03-28T13:00:00,6,3.501850128173828,5.103675365447998,3.512650489807129
AT,AKC,urban,2023-03-28T14:00:00,6,3.552548408508301,6.076436519622803,4.545750141143799
AT,AKC,urban,2023-03-28T15:00:00,6,3.472498893737793,5.983696460723877,4.298900127410889
AT,AKC,urban,2023-03-28T16:00:00,6,4.106400012969971,5.757137298583984,4.165150165557861
AT,AKC,urban,2023-03-28T17:00:00,6,3.671499252319336,5.472815990447998,3.675950050354004
AT,AKC,urban,2023-03-28T18:00:00,6,3.7674503326416016,5.142263412475586,3.326798439025879
AT,AKC,urban,2023-03-28T19:00:00,6,5.713099002838135,5.170823097229004,3.501850128173828
AT,AKC,urban,2023-03-28T20:00:00,6,6.480599880218506,4.97782564163208,3.552548408508301
AT,AKC,urban,2023-03-28T21:00:00,6,5.664099216461182,4.610121250152588,3.472498893737793
AT,AKC,urban,2023-03-28T22:00:00,6,6.669000148773193,5.4162983894348145,4.106400012969971
AT,AKC,urban,2023-03-28T23:00:00,6,7.186399936676025,5.497119903564453,3.671499252319336
AT,AKC,urban,2023-03-29T00:00:00,6,8.710700035095215,5.904653549194336,3.7674503326416016
AT,AKC,urban,2023-03-29T01:00:00,6,7.754549026489258,7.646780490875244,5.713099002838135
AT,AKC,urban,2023-03-29T02:00:00,6,7.160749435424805,7.29857063293457,6.480599880218506
AT,AKC,urban,2023-03-29T03:00:00,6,7.023348808288574,6.4923272132873535,5.664099216461182
AT,AKC,urban,2023-03-29T04:00:00,6,7.299900054931641,5.624313831329346,6.669000148773193
AT,AKC,urban,2023-03-29T05:00:00,6,6.413449764251709,4.402244567871094,7.186399936676025
AT,AKC,urban,2023-03-29T06:00:00,6,5.404849529266357,4.816027641296387,8.710700035095215
AT,AKC,urban,2023-03-29T07:00:00,6,4.984950065612793,4.89215087890625,7.754549026489258
AT,AKC,urban,2023-03-29T08:00:00,6,4.017899036407471,4.810684680938721,7.160749435424805
AT,AKC,urban,2023-03-29T09:00:00,6,4.4215989112854,5.4555277824401855,7.023348808288574
AT,AKC,urban,2023-03-29T10:00:00,6,4.784800052642822,7.194075584411621,7.299900054931641
AT,AKC,urban,2023-03-29T11:00:00,6,5.696700096130371,7.6342997550964355,6.413449764251709
AT,AKC,urban,2023-03-29T12:00:00,6,6.858500003814697,7.651480674743652,5.404849529266357
AT,AKC,urban,2023-03-29T13:00:00,6,7.967800140380859,7.664089202880859,4.984950065612793
AT,AKC,urban,2023-03-29T14:00:00,6,9.265800476074219,7.077521324157715,4.017899036407471
AT,AKC,urban,2023-03-29T15:00:00,6,10.737000465393066,7.192164897918701,4.4215989112854
AT,AKC,urban,2023-03-29T16:00:00,6,10.869999885559082,7.232553005218506,4.784800052642822
AT,AKC,urban,2023-03-29T17:00:00,6,12.005499839782715,7.45011043548584,5.696700096130371
AT,AKC,urban,2023-03-29T18:00:00,6,12.744500160217285,7.736874580383301,6.858500003814697
AT,AKC,urban,2023-03-29T19:00:00,6,12.427000045776367,8.292365074157715,7.967800140380859
AT,AKC,urban,2023-03-29T20:00:00,6,12.376500129699707,9.098346710205078,9.265800476074219
AT,AKC,urban,2023-03-29T21:00:00,6,12.288999557495117,10.192567825317383,10.737000465393066
AT,AKC,urban,2023-03-29T22:00:00,6,11.307999610900879,11.919180870056152,10.869999885559082
AT,AKC,urban,2023-03-29T23:00:00,6,12.074000358581543,14.174570083618164,12.005499839782715
AT,AKC,urban,2023-03-30T00:00:00,6,12.357500076293945,15.30554485321045,12.744500160217285
AT,AKC,urban,2023-03-30T01:00:00,6,13.82699966430664,15.554606437683105,12.427000045776367
AT,AKC,urban,2023-03-30T02:00:00,6,13.587499618530273,14.778177261352539,12.376500129699707
AT,AKC,urban,2023-03-30T03:00:00,6,13.868000030517578,13.709733963012695,12.288999557495117
AT,AKC,urban,2023-03-30T04:00:00,6,14.422499656677246,11.557289123535156,11.307999610900879
AT,AKC,urban,2023-03-30T05:00:00,6,15.052499771118164,11.299997329711914,12.074000358581543
AT,AKC,urban,2023-03-30T06:00:00,6,15.435500144958496,10.28661060333252,12.357500076293945
AT,AKC,urban,2023-03-30T07:00:00,6,15.454999923706055,10.933778762817383,13.82699966430664
AT,AKC,urban,2023-03-30T08:00:00,6,14.201000213623047,10.306486129760742,13.587499618530273
AT,AKC,urban,2023-03-30T09:00:00,6,13.344499588012695,10.877265930175781,13.868000030517578
AT,AKC,urban,2023-03-30T10:00:00,6,14.17650032043457,11.937883377075195,14.422499656677246
AT,AKC,urban,2023-03-30T11:00:00,6,6.453049659729004,13.558311462402344,15.052499771118164
AT,AKC,urban,2023-03-30T12:00:00,6,4.965250015258789,15.415925979614258,15.435500144958496
AT,AKC,urban,2023-03-30T13:00:00,6,3.7407989501953125,17.080533981323242,15.454999923706055
AT,AKC,urban,2023-03-30T14:00:00,6,4.490499019622803,17.08010482788086,14.201000213623047
AT,AKC,urban,2023-03-30T15:00:00,6,5.146248817443848,17.06133270263672,13.344499588012695
AT,AKC,urban,2023-03-30T16:00:00,6,4.826000213623047,16.730396270751953,14.17650032043457
AT,AKC,urban,2023-03-30T17:00:00,6,3.2705001831054688,10.473252296447754,6.453049659729004
AT,AKC,urban,2023-03-30T18:00:00,6,2.969649314880371,8.135756492614746,4.965250015258789
AT,AKC,urban,2023-03-30T19:00:00,6,4.5694990158081055,6.631038188934326,3.7407989501953125
AT,AKC,urban,2023-03-30T20:00:00,6,5.650400161743164,7.029866695404053,4.490499019622803
AT,AKC,urban,2023-03-30T21:00:00,6,6.3340983390808105,7.1250739097595215,5.146248817443848
AT,AKC,urban,2023-03-30T22:00:00,6,8.027000427246094,6.477906227111816,4.826000213623047
AT,AKC,urban,2023-03-30T23:00:00,6,9.967650413513184,4.9583659172058105,3.2705001831054688
AT,AKC,urban,2023-03-31T00:00:00,6,10.293499946594238,4.769479751586914,2.969649314880371
AT,AKC,urban,2023-03-31T01:00:00,6,7.587348937988281,6.091594219207764,4.5694990158081055
AT,AKC,urban,2023-03-31T02:00:00,6,8.763699531555176,6.657362937927246,5.650400161743164
AT,AKC,urban,2023-03-31T03:00:00,6,8.025650024414062,6.524746417999268,6.3340983390808105
AT,AKC,urban,2023-03-31T04:00:00,6,8.516050338745117,7.24102258682251,8.027000427246094
AT,AKC,urban,2023-03-31T05:00:00,6,8.382049560546875,7.202736854553223,9.967650413513184
AT,AKC,urban,2023-03-31T06:00:00,6,7.456549167633057,7.140283107757568,10.293499946594238
AT,AKC,urban,2023-03-31T07:00:00,6,5.93804931640625,6.175746440887451,7.587348937988281
AT,AKC,urban,2023-03-31T08:00:00,6,5.683350086212158,7.56853723526001,8.763699531555176
AT,AKC,urban,2023-03-31T09:00:00,6,4.853300094604492,8.585399627685547,8.025650024414062
AT,AKC,urban,2023-03-31T10:00:00,6,3.994198799133301,9.27788257598877,8.516050338745117
AT,AKC,urban,2023-03-31T11:00:00,6,4.954649448394775,9.896151542663574,8.382049560546875
AT,AKC,urban,2023-03-31T12:00:00,6,3.71614933013916,9.015975952148438,7.456549167633057
AT,AKC,urban,2023-03-31T13:00:00,6,3.7992992401123047,7.896670341491699,5.93804931640625
AT,AKC,urban,2023-03-31T14:00:00,6,3.4086990356445312,7.429861545562744,5.683350086212158
AT,AKC,urban,2023-03-31T15:00:00,6,2.8681488037109375,5.886605739593506,4.853300094604492
AT,AKC,urban,2023-03-31T16:00:00,6,2.1382503509521484,5.213397979736328,3.994198799133301
AT,AKC,urban,2023-03-31T17:00:00,6,1.9785490036010742,5.945375919342041,4.954649448394775
AT,AKC,urban,2023-03-31T18:00:00,6,2.023900032043457,4.531343460083008,3.71614933013916
AT,AKC,urban,2023-03-31T19:00:00,6,1.9511995315551758,4.424429893493652,3.7992992401123047
AT,AKC,urban,2023-03-31T20:00:00,6,2.048048973083496,3.986997127532959,3.4086990356445312
AT,AKC,urban,2023-03-31T21:00:00,6,2.0859994888305664,3.7007570266723633,2.8681488037109375
AT,AKC,urban,2023-03-31T22:00:00,6,2.109250068664551,3.3232240676879883,2.1382503509521484
AT,AKC,urban,2023-03-31T23:00:00,6,2.25209903717041,3.346792221069336,1.9785490036010742
AT,AKC,urban,2023-04-01T00:00:00,6,2.164198875427246,3.5880184173583984,2.023900032043457
AT,AKC,urban,2023-04-01T01:00:00,6,2.498898506164551,3.800919532775879,1.9511995315551758
AT,AKC,urban,2023-04-01T02:00:00,6,2.297149658203125,4.181766033172607,2.048048973083496
AT,AKC,urban,2023-04-01T03:00:00,6,2.003899574279785,4.06515645980835,2.0859994888305664
AT,AKC,urban,2023-04-01T04:00:00,6,1.6861000061035156,3.9983978271484375,2.109250068664551
AT,AKC,urban,2023-04-01T05:00:00,6,1.553849220275879,3.8141822814941406,2.25209903717041
AT,AKC,urban,2023-04-01T06:00:00,6,1.3734502792358398,3.66571044921875,2.164198875427246
AT,AKC,urban,2023-04-01T07:00:00,6,1.2585983276367188,3.693570137023926,2.498898506164551
AT,AKC,urban,2023-04-01T08:00:00,6,1.3200998306274414,3.3348159790039062,2.297149658203125
AT,AKC,urban,2023-04-01T09:00:00,6,1.3777990341186523,2.9010114669799805,2.003899574279785
AT,AKC,urban,2023-04-01T10:00:00,6,1.5777997970581055,2.608743667602539,1.6861000061035156
AT,AKC,urban,2023-04-01T11:00:00,6,1.4570503234863281,2.5273590087890625,1.553849220275879
AT,AKC,urban,2023-04-01T12:00:00,6,1.648148536682129,2.3478517532348633,1.3734502792358398
AT,AKC,urban,2023-01-08T05:00:00,12,14.888999938964844,28.844646453857422,26.697999954223633
AT,AKC,urban,2023-01-08T06:00:00,12,15.541999816894531,29.24289321899414,25.26099967956543
AT,AKC,urban,2023-01-08T07:00:00,12,15.53600025177002,27.998199462890625,23.80900001525879
AT,AKC,urban,2023-01-08T08:00:00,12,18.452499389648438,28.136688232421875,23.378000259399414
AT,AKC,urban,2023-01-08T09:00:00,12,19.743499755859375,26.252696990966797,22.274999618530273
AT,AKC,urban,2023-01-08T10:00:00,12,17.301000595092773,24.817171096801758,20.404499053955078
AT,AKC,urban,2023-01-08T11:00:00,12,17.74799919128418,23.027677536010742,19.767499923706055
AT,AKC,urban,2023-01-08T12:00:00,12,18.098499298095703,20.876544952392578,18.083499908447266
AT,AKC,urban,2023-01-08T13:00:00,12,18.99850082397461,20.318702697753906,19.02400016784668
AT,AKC,urban,2023-01-08T14:00:00,12,19.45800018310547,17.690322875976562,16.697500228881836
AT,AKC,urban,2023-01-08T15:00:00,12,16.33449935913086,16.50424575805664,14.289999961853027
AT,AKC,urban,2023-01-08T16:00:00,12,16.15850067138672,16.680809020996094,16.517000198364258
AT,AKC,urban,2023-01-08T17:00:00,12,16.765499114990234,13.852964401245117,14.888999938964844
AT,AKC,urban,2023-01-08T18:00:00,12,13.50100040435791,13.509260177612305,15.541999816894531
AT,AKC,urban,2023-01-08T19:00:00,12,15.637999534606934,11.847230911254883,15.53600025177002
AT,AKC,urban,2023-01-08T20:00:00,12,12.484000205993652,12.346378326416016,18.452499389648438
AT,AKC,urban,2023-01-08T21:00:00,12,9.12600040435791,12.096553802490234,19.743499755859375
AT,AKC,urban,2023-01-08T22:00:00,12,4.093648910522461,12.36281681060791,17.301000595092773
AT,AKC,urban,2023-01-08T23:00:00,12,1.7453985214233398,12.619791030883789,17.74799919128418
AT,AKC,urban,2023-01-09T00:00:00,12,1.773550033569336,11.007925987243652,18.098499298095703
AT,AKC,urban,2023-01-09T01:00:00,12,2.65625,10.83619499206543,18.99850082397461
AT,AKC,urban,2023-01-09T02:00:00,12,3.2238502502441406,10.674339294433594,19.45800018310547
AT,AKC,urban,2023-01-09T03:00:00,12,2.852499008178711,9.173233985900879,16.33449935913086
AT,AKC,urban,2023-01-09T04:00:00,12,2.6603002548217773,9.246213912963867,16.15850067138672
AT,AKC,urban,2023-01-09T05:00:00,12,3.0255489349365234,8.947517395019531,16.765499114990234
AT,AKC,urban,2023-01-09T06:00:00,12,3.3543500900268555,8.889277458190918,13.50100040435791
AT,AKC,urban,2023-01-09T07:00:00,12,3.4942493438720703,11.327651023864746,15.637999534606934
AT,AKC,urban,2023-01-09T08:00:00,12,3.5423994064331055,9.724834442138672,12.484000205993652
AT,AKC,urban,2023-01-09T09:00:00,12,3.343648910522461,8.307743072509766,9.12600040435791
AT,AKC,urban,2023-01-09T10:00:00,12,3.324398994445801,5.054301738739014,4.093648910522461
AT,AKC,urban,2023-01-09T11:00:00,12,3.6050004959106445,4.033672332763672,1.7453985214233398
AT,AKC,urban,2023-01-09T12:00:00,12,3.475449562072754,3.9019455909729004,1.773550033569336
AT,AKC,urban,2023-01-09T13:00:00,12,3.1937990188598633,4.88079309463501,2.65625
AT,AKC,urban,2023-01-09T14:00:00,12,2.898249626159668,5.08187198638916,3.2238502502441406
AT,AKC,urban,2023-01-09T15:00:00,12,2.771298408508301,4.561156749725342,2.852499008178711
AT,AKC,urban,2023-01-09T16:00:00,12,2.8304500579833984,3.9893064498901367,2.6603002548217773
AT,AKC,urban,2023-01-09T17:00:00,12,2.870999336242676,4.242006778717041,3.0255489349365234
AT,AKC,urban,2023-01-09T18:00:00,12,3.078749656677246,4.528281211853027,3.3543500900268555
AT,AKC,urban,2023-01-09T19:00:00,12,3.6645994186401367,4.638581275939941,3.4942493438720703
AT,AKC,urban,2023-01-09T20:00:00,12,3.946000099182129,4.55148458480835,3.5423994064331055
AT,AKC,urban,2023-01-09T21:00:00,12,4.428750038146973,4.034907341003418,3.343648910522461
AT,AKC,urban,2023-01-09T22:00:00,12,4.25,3.5726318359375,3.324398994445801
AT,AKC,urban,2023-01-09T23:00:00,12,4.2795491218566895,3.4037466049194336,3.6050004959106445
AT,AKC,urban,2023-01-10T00:00:00,12,3.979198932647705,3.187258720397949,3.475449562072754
AT,AKC,urban,2023-01-10T01:00:00,12,3.883298397064209,3.526592254638672,3.1937990188598633
AT,AKC,urban,2023-01-10T02:00:00,12,3.335948944091797,3.7422256469726562,2.898249626159668
AT,AKC,urban,2023-01-10T03:00:00,12,3.00985050201416,4.041529178619385,2.771298408508301
AT,AKC,urban,2023-01-10T04:00:00,12,3.636699676513672,4.269763469696045,2.8304500579833984
AT,AKC,urban,2023-01-10T05:00:00,12,3.8025989532470703,4.462464332580566,2.870999336242676
AT,AKC,urban,2023-01-10T06:00:00,12,3.531649589538574,4.576516151428223,3.078749656677246
AT,AKC,urban,2023-01-10T07:00:00,12,4.25269889831543,4.953770637512207,3.6645994186401367
AT,AKC,urban,2023-01-10T08:00:00,12,4.7019500732421875,5.109225749969482,3.946000099182129
AT,AKC,urban,2023-01-10T09:00:00,12,4.022500038146973,5.441706657409668,4.428750038146973
AT,AKC,urban,2023-01-10T10:00:00,12,3.2327489852905273,5.269028663635254,4.25
AT,AKC,urban,2023-01-10T11:00:00,12,3.203248977661133,5.325008392333984,4.2795491218566895
AT,AKC,urban,2023-01-10T12:00:00,12,4.124198913574219,5.048205375671387,3.979198932647705
AT,AKC,urban,2023-01-10T13:00:00,12,5.136050224304199,5.122854709625244,3.883298397064209
AT,AKC,urban,2023-01-10T14:00:00,12,5.273949146270752,4.757322311401367,3.335948944091797
AT,AKC,urban,2023-01-10T15:00:00,12,4.889900207519531,4.80357027053833,3.00985050201416
AT,AKC,urban,2023-01-10T16:00:00,12,5.393400192260742,5.434085845947266,3.636699676513672
AT,AKC,urban,2023-01-10T17:00:00,12,8.131500244140625,5.841588020324707,3.8025989532470703
AT,AKC,urban,2023-01-10T18:00:00,12,10.631999969482422,5.9606218338012695,3.531649589538574
AT,AKC,urban,2023-01-10T19:00:00,12,14.38700008392334,6.585965156555176,4.25269889831543
AT,AKC,urban,2023-01-10T20:00:00,12,12.642000198364258,7.064304351806641,4.7019500732421875
AT,AKC,urban,2023-01-10T21:00:00,12,11.075200080871582,6.513601779937744,4.022500038146973
AT,AKC,urban,2023-01-10T22:00:00,12,10.372150421142578,5.906922817230225,3.2327489852905273
AT,AKC,urban,2023-01-10T23:00:00,12,6.830100059509277,5.638929843902588,3.203248977661133
AT,AKC,urban,2023-01-11T00:00:00,12,7.170749187469482,6.1352338790893555,4.124198913574219
AT,AKC,urban,2023-01-11T01:00:00,12,8.065098762512207,6.562088489532471,5.136050224304199
AT,AKC,urban,2023-01-11T02:00:00,12,7.361100196838379,6.692555904388428,5.273949146270752
AT,AKC,urban,2023-01-11T03:00:00,12,8.938650131225586,6.850639820098877,4.889900207519531
AT,AKC,urban,2023-01-11T04:00:00,12,9.494499206542969,7.480993747711182,5.393400192260742
AT,AKC,urban,2023-01-11T05:00:00,12,9.505800247192383,9.06863021850586,8.131500244140625
AT,AKC,urban,2023-01-11T06:00:00,12,12.462499618530273,9.281612396240234,10.631999969482422
AT,AKC,urban,2023-01-11T07:00:00,12,11.653499603271484,8.290596008300781,14.38700008392334
AT,AKC,urban,2023-01-11T08:00:00,12,3.2965993881225586,8.361655235290527,12.642000198364258
AT,AKC,urban,2023-01-11T09:00:00,12,3.233649253845215,8.581619262695312,11.075200080871582
AT,AKC,urban,2023-01-11T10:00:00,12,4.84375,8.512205123901367,10.372150421142578
AT,AKC,urban,2023-01-11T11:00:00,12,5.98629903793335,7.177432537078857,6.830100059509277
AT,AKC,urban,2023-01-11T12:00:00,12,6.147200107574463,7.830567836761475,7.170749187469482
AT,AKC,urban,2023-01-11T13:00:00,12,7.640799045562744,5.406938552856445,8.065098762512207
AT,AKC,urban,2023-01-11T14:00:00,12,6.693449020385742,4.862367153167725,7.361100196838379
AT,AKC,urban,2023-01-11T15:00:00,12,5.862750053405762,4.684175491333008,8.938650131225586
AT,AKC,urban,2023-01-11T16:00:00,12,5.5251994132995605,4.110927581787109,9.494499206542969
AT,AKC,urban,2023-01-11T17:00:00,12,4.414999008178711,3.8863844871520996,9.505800247192383
AT,AKC,urban,2023-01-11T18:00:00,12,4.576600074768066,4.7791218757629395,12.462499618530273
AT,AKC,urban,2023-01-11T19:00:00,12,4.975349426269531,3.8917455673217773,11.653499603271484
AT,AKC,urban,2023-01-11T20:00:00,12,3.097848892211914,4.490511417388916,3.2965993881225586
AT,AKC,urban,2023-01-11T21:00:00,12,3.5648984909057617,5.253369331359863,3.233649253845215
AT,AKC,urban,2023-01-11T22:00:00,12,3.7924489974975586,6.0992560386657715,4.84375
AT,AKC,urban,2023-01-11T23:00:00,12,3.867650032043457,5.979442596435547,5.98629903793335
AT,AKC,urban,2023-01-12T00:00:00,12,4.125699520111084,7.152578353881836,6.147200107574463
AT,AKC,urban,2023-01-12T01:00:00,12,3.4604005813598633,6.549692630767822,7.640799045562744
AT,AKC,urban,2023-01-12T02:00:00,12,3.6142501831054688,7.2073516845703125,6.693449020385742
AT,AKC,urban,2023-01-12T03:00:00,12,5.116649627685547,5.771780967712402,5.862750053405762
AT,AKC,urban,2023-01-12T04:00:00,12,6.078050136566162,6.189298152923584,5.5251994132995605
AT,AKC,urban,2023-01-12T05:00:00,12,9.610548973083496,4.005769729614258,4.414999008178711
AT,AKC,urban,2023-01-12T06:00:00,12,12.020500183105469,4.477726459503174,4.576600074768066
AT,AKC,urban,2023-01-12T07:00:00,12,8.802799224853516,3.658017158508301,4.975349426269531
AT,AKC,urban,2023-01-12T08:00:00,12,7.1682000160217285,3.0153589248657227,3.097848892211914
AT,AKC,urban,2023-01-12T09:00:00,12,11.65149974822998,2.617757797241211,3.5648984909057617
AT,AKC,urban,2023-01-12T10:00:00,12,11.962499618530273,2.2637062072753906,3.7924489974975586
AT,AKC,urban,2023-01-12T11:00:00,12,8.60890007019043,2.0712060928344727,3.867650032043457
AT,AKC,urban,2023-01-12T12:00:00,12,7.1956000328063965,2.7077016830444336,4.125699520111084
AT,AKC,urban,2023-01-12T13:00:00,12,10.178000450134277,2.6113357543945312,3.4604005813598633
AT,AKC,urban,2023-01-12T14:00:00,12,6.713699817657471,2.7647438049316406,3.6142501831054688
AT,AKC,urban,2023-01-12T15:00:00,12,6.064300060272217,3.399050712585449,5.116649627685547
AT,AKC,urban,2023-01-12T16:00:00,12,5.716798782348633,3.448213577270508,6.078050136566162
AT,AKC,urban,2023-01-12T17:00:00,12,7.057199001312256,5.0019073486328125,9.610548973083496
AT,AKC,urban,2023-01-12T18:00:00,12,10.939000129699707,6.054384231567383,12.020500183105469
AT,AKC,urban,2023-01-12T19:00:00,12,12.432499885559082,4.457007884979248,8.802799224853516
AT,AKC,urban,2023-01-12T20:00:00,12,13.821999549865723,4.706572532653809,7.1682000160217285
AT,AKC,urban,2023-01-12T21:00:00,12,15.319000244140625,8.37923812866211,11.65149974822998
AT,AKC,urban,2023-01-12T22:00:00,12,16.927000045776367,8.90798282623291,11.962499618530273
AT,AKC,urban,2023-01-12T23:00:00,12,17.90999984741211,7.848941802978516,8.60890007019043
AT,AKC,urban,2023-01-13T00:00:00,12,16.052000045776367,7.635383129119873,7.1956000328063965
AT,AKC,urban,2023-01-13T01:00:00,12,13.904999732971191,9.294705390930176,10.178000450134277
AT,AKC,urban,2023-01-13T02:00:00,12,15.581999778747559,7.79225492477417,6.713699817657471
AT,AKC,urban,2023-01-13T03:00:00,12,17.020000457763672,8.411625862121582,6.064300060272217
AT,AKC,urban,2023-01-13T04:00:00,12,18.75349998474121,8.007086753845215,5.716798782348633
AT,AKC,urban,2023-01-13T05:00:00,12,21.992000579833984,9.249547004699707,7.057199001312256
AT,AKC,urban,2023-01-13T06:00:00,12,23.988000869750977,8.898966789245605,10.939000129699707
AT,AKC,urban,2023-01-13T07:00:00,12,19.68000030517578,9.736871719360352,12.432499885559082
AT,AKC,urban,2023-01-13T08:00:00,12,2.2197494506835938,9.325492858886719,13.821999549865723
AT,AKC,urban,2023-01-13T09:00:00,12,2.344550132751465,9.722485542297363,15.319000244140625
AT,AKC,urban,2023-01-13T10:00:00,12,2.37554931640625,10.036293983459473,16.927000045776367
AT,AKC,urban,2023-01-13T11:00:00,12,2.5662002563476562,10.709678649902344,17.90999984741211
AT,AKC,urban,2023-01-13T12:00:00,12,2.612149238586426,8.693000793457031,16.052000045776367
AT,AKC,urban,2023-01-13T13:00:00,12,2.668349266052246,7.8769097328186035,13.904999732971191
AT,AKC,urban,2023-01-13T14:00:00,12,2.7095489501953125,9.913497924804688,15.581999778747559
AT,AKC,urban,2023-01-13T15:00:00,12,2.2768001556396484,10.819160461425781,17.020000457763672
AT,AKC,urban,2023-01-13T16:00:00,12,2.364199638366699,11.867819786071777,18.75349998474121
AT,AKC,urban,2023-01-13T17:00:00,12,2.5099992752075195,13.339584350585938,21.992000579833984
AT,AKC,urban,2023-01-13T18:00:00,12,2.5357484817504883,14.599658966064453,23.988000869750977
AT,AKC,urban,2023-01-13T19:00:00,12,2.651948928833008,10.669425010681152,19.68000030517578
AT,AKC,urban,2023-01-13T20:00:00,12,2.9144487380981445,3.720033645629883,2.2197494506835938
AT,AKC,urban,2023-01-13T21:00:00,12,2.867650032043457,4.062639236450195,2.344550132751465
AT,AKC,urban,2023-01-13T22:00:00,12,2.7105493545532227,3.4372968673706055,2.37554931640625
AT,AKC,urban,2023-01-13T23:00:00,12,2.9369993209838867,3.367733955383301,2.5662002563476562
AT,AKC,urban,2023-01-14T00:00:00,12,2.6977500915527344,3.8816566467285156,2.612149238586426
AT,AKC,urban,2023-01-14T01:00:00,12,2.805398941040039,3.920783042907715,2.668349266052246
AT,AKC,urban,2023-01-14T02:00:00,12,3.5060501098632812,4.21340274810791,2.7095489501953125
AT,AKC,urban,2023-01-14T03:00:00,12,4.924149036407471,3.9885058403015137,2.2768001556396484
AT,AKC,urban,2023-01-14T04:00:00,12,7.223099231719971,4.685154438018799,2.364199638366699
AT,AKC,urban,2023-01-14T05:00:00,12,7.638750076293945,4.808205604553223,2.5099992752075195
AT,AKC,urban,2023-01-14T06:00:00,12,7.316050052642822,5.193070888519287,2.5357484817504883
AT,AKC,urban,2023-01-14T07:00:00,12,8.915051460266113,5.025564670562744,2.651948928833008
AT,AKC,urban,2023-01-14T08:00:00,12,11.888500213623047,5.126680850982666,2.9144487380981445
AT,AKC,urban,2023-01-14T09:00:00,12,11.564000129699707,4.5405168533325195,2.867650032043457
AT,AKC,urban,2023-01-14T10:00:00,12,13.355999946594238,4.640953063964844,2.7105493545532227
AT,AKC,urban,2023-01-14T11:00:00,12,11.246000289916992,4.162418842315674,2.9369993209838867
AT,AKC,urban,2023-01-14T12:00:00,12,10.770500183105469,4.006099224090576,2.6977500915527344
AT,AKC,urban,2023-01-14T13:00:00,12,11.478500366210938,3.788233757019043,2.805398941040039
AT,AKC,urban,2023-01-14T14:00:00,12,12.76099967956543,4.454869270324707,3.5060501098632812
AT,AKC,urban,2023-01-14T15:00:00,12,9.717249870300293,4.7289299964904785,4.924149036407471
AT,AKC,urban,2023-01-14T16:00:00,12,9.187150001525879,5.5893449783325195,7.223099231719971
AT,AKC,urban,2023-01-14T17:00:00,12,8.381999015808105,5.655394554138184,7.638750076293945
AT,AKC,urban,2023-01-14T18:00:00,12,7.868750095367432,5.984332084655762,7.316050052642822
AT,AKC,urban,2023-01-14T19:00:00,12,7.676198959350586,6.985067844390869,8.915051460266113
AT,AKC,urban,2023-01-14T20:00:00,12,7.311800003051758,8.78599739074707,11.888500213623047
AT,AKC,urban,2023-01-14T21:00:00,12,7.3721489906311035,9.241073608398438,11.564000129699707
AT,AKC,urban,2023-01-14T22:00:00,12,7.777598857879639,11.758810043334961,13.355999946594238
AT,AKC,urban,2023-01-14T23:00:00,12,8.07075023651123,11.871355056762695,11.246000289916992
AT,AKC,urban,2023-01-15T00:00:00,12,8.938650131225586,13.50082778930664,10.770500183105469
AT,AKC,urban,2023-01-15T01:00:00,12,10.500499725341797,15.126703262329102,11.478500366210938
AT,AKC,urban,2023-01-15T02:00:00,12,11.373499870300293,16.79363441467285,12.76099967956543
AT,AKC,urban,2023-01-15T03:00:00,12,11.794500350952148,16.729646682739258,9.717249870300293
AT,AKC,urban,2023-01-15T04:00:00,12,6.377500057220459,17.876190185546875,9.187150001525879
AT,AKC,urban,2023-01-15T05:00:00,12,2.5325498580932617,18.28653907775879,8.381999015808105
AT,AKC,urban,2023-01-15T06:00:00,12,1.898249626159668,19.14725112915039,7.868750095367432
AT,AKC,urban,2023-01-15T07:00:00,12,2.226649284362793,19.45698356628418,7.676198959350586
AT,AKC,urban,2023-01-15T08:00:00,12,2.0156497955322266,19.950366973876953,7.311800003051758
AT,AKC,urban,2023-01-15T09:00:00,12,2.3338499069213867,19.279359817504883,7.3721489906311035
AT,AKC,urban,2023-01-15T10:00:00,12,2.478848457336426,19.606969833374023,7.777598857879639
AT,AKC,urban,2023-01-15T11:00:00,12,1.8325986862182617,18.047388076782227,8.07075023651123
AT,AKC,urban,2023-01-15T12:00:00,12,1.904648780822754,18.000505447387695,8.938650131225586
AT,AKC,urban,2023-01-15T13:00:00,12,2.02449893951416,16.60777473449707,10.500499725341797
AT,AKC,urban,2023-01-15T14:00:00,12,1.7624998092651367,16.040910720825195,11.373499870300293
AT,AKC,urban,2023-01-15T15:00:00,12,1.7470502853393555,13.429211616516113,11.794500350952148
AT,AKC,urban,2023-01-15T16:00:00,12,1.9417486190795898,10.121682167053223,6.377500057220459
AT,AKC,urban,2023-01-15T17:00:00,12,2.6519994735717773,7.365306854248047,2.5325498580932617
AT,AKC,urban,2023-01-15T18:00:00,12,2.5080995559692383,6.761535167694092,1.898249626159668
AT,AKC,urban,2023-01-15T19:00:00,12,3.241100311279297,5.793662071228027,2.226649284362793
AT,AKC,urban,2023-01-15T20:00:00,12,3.5135498046875,5.192832946777344,2.0156497955322266
AT,AKC,urban,2023-01-15T21:00:00,12,3.6401500701904297,4.475400447845459,2.3338499069213867
AT,AKC,urban,2023-01-15T22:00:00,12,3.4924001693725586,4.077573299407959,2.478848457336426
AT,AKC,urban,2023-01-15T23:00:00,12,3.068850517272949,3.34749698638916,1.8325986862182617
AT,AKC,urban,2023-01-16T00:00:00,12,5.074150085449219,3.5193557739257812,1.904648780822754
AT,AKC,urban,2023-01-16T01:00:00,12,3.536799430847168,3.4194116592407227,2.02449893951416
AT,AKC,urban,2023-01-16T02:00:00,12,3.913100242614746,3.6321659088134766,1.7624998092651367
AT,AKC,urban,2023-01-16T03:00:00,12,5.6219000816345215,3.67446231842041,1.7470502853393555
AT,AKC,urban,2023-01-16T04:00:00,12,6.160149097442627,4.45989465713501,1.9417486190795898
AT,AKC,urban,2023-01-16T05:00:00,12,6.136349201202393,5.335054397583008,2.6519994735717773
AT,AKC,urban,2023-01-16T06:00:00,12,6.357648849487305,6.074298858642578,2.5080995559692383
AT,AKC,urban,2023-01-16T07:00:00,12,7.664848804473877,7.375981330871582,3.241100311279297
AT,AKC,urban,2023-01-16T08:00:00,12,7.09299898147583,8.151702880859375,3.5135498046875
AT,AKC,urban,2023-01-16T09:00:00,12,7.42710018157959,7.931108474731445,3.6401500701904297
AT,AKC,urban,2023-01-16T10:00:00,12,8.293848991394043,7.465447902679443,3.4924001693725586
AT,AKC,urban,2023-01-16T11:00:00,12,8.329400062561035,6.406626224517822,3.068850517272949
AT,AKC,urban,2023-01-16T12:00:00,12,8.264498710632324,7.657998561859131,5.074150085449219
AT,AKC,urban,2023-01-16T13:00:00,12,9.470100402832031,5.520614147186279,3.536799430847168
AT,AKC,urban,2023-01-16T14:00:00,12,11.821000099182129,5.707494735717773,3.913100242614746
AT,AKC,urban,2023-01-16T15:00:00,12,11.746500015258789,5.001351356506348,5.6219000816345215
AT,AKC,urban,2023-01-16T16:00:00,12,12.297499656677246,4.929742813110352,6.160149097442627
AT,AKC,urban,2023-01-16T17:00:00,12,13.187999725341797,4.522005558013916,6.136349201202393
AT,AKC,urban,2023-01-16T18:00:00,12,14.820500373840332,4.812133312225342,6.357648849487305
AT,AKC,urban,2023-01-16T19:00:00,12,16.36949920654297,5.587386608123779,7.664848804473877
AT,AKC,urban,2023-01-16T20:00:00,12,15.420499801635742,5.626750469207764,7.09299898147583
AT,AKC,urban,2023-01-16T21:00:00,12,16.103500366210938,6.093876361846924,7.42710018157959
AT,AKC,urban,2023-01-16T22:00:00,12,10.282750129699707,6.267660140991211,8.293848991394043
AT,AKC,urban,2023-01-16T23:00:00,12,6.109950065612793,6.294804573059082,8.329400062561035
AT,AKC,urban,2023-01-17T00:00:00,12,3.9345993995666504,6.695351600646973,8.264498710632324
AT,AKC,urban,2023-01-17T01:00:00,12,5.003048896789551,7.581422805786133,9.470100402832031
AT,AKC,urban,2023-01-17T02:00:00,12,5.296350002288818,7.773648262023926,11.821000099182129
AT,AKC,urban,2023-01-17T03:00:00,12,7.737998962402344,8.204233169555664,11.746500015258789
AT,AKC,urban,2023-01-17T04:00:00,12,7.33699893951416,9.406533241271973,12.297499656677246
AT,AKC,urban,2023-01-17T05:00:00,12,5.699250221252441,9.246797561645508,13.187999725341797
AT,AKC,urban,2023-01-17T06:00:00,12,4.217350006103516,9.991632461547852,14.820500373840332
AT,AKC,urban,2023-01-17T07:00:00,12,4.250298976898193,10.71570110321045,16.36949920654297
AT,AKC,urban,2023-01-17T08:00:00,12,4.977250099182129,10.565540313720703,15.420499801635742
AT,AKC,urban,2023-01-17T09:00:00,12,5.8119988441467285,10.725738525390625,16.103500366210938
AT,AKC,urban,2023-01-17T10:00:00,12,6.84329891204834,7.613147735595703,10.282750129699707
AT,AKC,urban,2023-01-17T11:00:00,12,6.230898857116699,5.378317832946777,6.109950065612793
AT,AKC,urban,2023-01-17T12:00:00,12,4.491099834442139,4.173755168914795,3.9345993995666504
AT,AKC,urban,2023-01-17T13:00:00,12,4.136699676513672,5.567625045776367,5.003048896789551
AT,AKC,urban,2023-01-17T14:00:00,12,4.01249885559082,5.418790340423584,5.296350002288818
AT,AKC,urban,2023-01-17T15:00:00,12,4.733348846435547,7.1059675216674805,7.737998962402344
AT,AKC,urban,2023-01-17T16:00:00,12,6.052749156951904,6.072401523590088,7.33699893951416
AT,AKC,urban,2023-01-17T17:00:00,12,7.17604923248291,6.110220909118652,5.699250221252441
AT,AKC,urban,2023-01-17T18:00:00,12,10.827500343322754,5.874486446380615,4.217350006103516
AT,AKC,urban,2023-01-17T19:00:00,12,13.827500343322754,6.670059680938721,4.250298976898193
AT,AKC,urban,2023-01-17T20:00:00,12,14.335000038146973,7.1768059730529785,4.977250099182129
AT,AKC,urban,2023-01-17T21:00:00,12,9.498398780822754,8.419968605041504,5.8119988441467285
AT,AKC,urban,2023-01-17T22:00:00,12,6.501749038696289,8.876867294311523,6.84329891204834
AT,AKC,urban,2023-01-17T23:00:00,12,4.426148891448975,8.550695419311523,6.230898857116699
AT,AKC,urban,2023-01-18T00:00:00,12,2.4775495529174805,6.957919597625732,4.491099834442139
AT,AKC,urban,2023-01-18T01:00:00,12,2.6832494735717773,7.044506072998047,4.136699676513672
AT,AKC,urban,2023-01-18T02:00:00,12,4.57480001449585,6.66429328918457,4.01249885559082
AT,AKC,urban,2023-01-18T03:00:00,12,4.3520002365112305,7.542133331298828,4.733348846435547
AT,AKC,urban,2023-01-18T04:00:00,12,7.142848968505859,8.243109703063965,6.052749156951904
AT,AKC,urban,2023-01-18T05:00:00,12,11.048999786376953,8.870194435119629,7.17604923248291
AT,AKC,urban,2023-01-18T06:00:00,12,15.166999816894531,9.635931015014648,10.827500343322754
AT,AKC,urban,2023-01-18T07:00:00,12,13.201499938964844,10.00588321685791,13.827500343322754
AT,AKC,urban,2023-01-18T08:00:00,12,14.564499855041504,10.171396255493164,14.335000038146973
AT,AKC,urban,2023-01-18T09:00:00,12,12.208499908447266,8.05565071105957,9.498398780822754
AT,AKC,urban,2023-01-18T10:00:00,12,6.894399166107178,6.865230560302734,6.501749038696289
AT,AKC,urban,2023-01-18T11:00:00,12,10.209799766540527,5.535046100616455,4.426148891448975
AT,AKC,urban,2023-01-18T12:00:00,12,10.130499839782715,4.540587902069092,2.4775495529174805
AT,AKC,urban,2023-01-18T13:00:00,12,10.6274995803833,4.865938663482666,2.6832494735717773
AT,AKC,urban,2023-01-18T14:00:00,12,10.456999778747559,5.266876697540283,4.57480001449585
AT,AKC,urban,2023-01-18T15:00:00,12,9.777250289916992,5.359475135803223,4.3520002365112305
AT,AKC,urban,2023-01-18T16:00:00,12,11.78600025177002,5.547028064727783,7.142848968505859
AT,AKC,urban,2023-01-18T17:00:00,12,13.560999870300293,5.059978485107422,11.048999786376953
AT,AKC,urban,2023-01-18T18:00:00,12,13.3100004196167,6.7908172607421875,15.166999816894531
AT,AKC,urban,2023-01-18T19:00:00,12,11.202500343322754,6.151412487030029,13.201499938964844
AT,AKC,urban,2023-01-18T20:00:00,12,11.418000221252441,9.331541061401367,14.564499855041504
AT,AKC,urban,2023-01-18T21:00:00,12,10.185999870300293,7.943357467651367,12.208499908447266
AT,AKC,urban,2023-01-18T22:00:00,12,10.296050071716309,6.944291591644287,6.894399166107178
AT,AKC,urban,2023-01-18T23:00:00,12,8.703350067138672,10.202325820922852,10.209799766540527
AT,AKC,urban,2023-01-19T00:00:00,12,7.480400085449219,10.247132301330566,10.130499839782715
AT,AKC,urban,2023-01-19T01:00:00,12,12.194049835205078,11.050802230834961,10.6274995803833
AT,AKC,urban,2023-01-19T02:00:00,12,16.731000900268555,11.005217552185059,10.456999778747559
AT,AKC,urban,2023-01-19T03:00:00,12,19.116500854492188,10.877603530883789,9.777250289916992
AT,AKC,urban,2023-01-19T04:00:00,12,18.84749984741211,12.170248985290527,11.78600025177002
AT,AKC,urban,2023-01-19T05:00:00,12,18.173500061035156,12.732601165771484,13.560999870300293
AT,AKC,urban,2023-01-19T06:00:00,12,18.259000778198242,12.359457969665527,13.3100004196167
AT,AKC,urban,2023-01-19T07:00:00,12,18.194000244140625,12.468547821044922,11.202500343322754
AT,AKC,urban,2023-01-19T08:00:00,12,18.134000778198242,13.42208194732666,11.418000221252441
AT,AKC,urban,2023-01-19T09:00:00,12,17.572999954223633,13.31489372253418,10.185999870300293
AT,AKC,urban,2023-01-19T10:00:00,12,15.525500297546387,13.562826156616211,10.296050071716309
AT,AKC,urban,2023-01-19T11:00:00,12,13.125499725341797,12.584260940551758,8.703350067138672
AT,AKC,urban,2023-01-19T12:00:00,12,14.189499855041504,11.610762596130371,7.480400085449219
AT,AKC,urban,2023-01-19T13:00:00,12,15.692999839782715,13.377310752868652,12.194049835205078
AT,AKC,urban,2023-01-19T14:00:00,12,16.299999237060547,12.111322402954102,16.731000900268555
AT,AKC,urban,2023-01-19T15:00:00,12,13.796500205993652,13.265835762023926,19.116500854492188
AT,AKC,urban,2023-01-19T16:00:00,12,15.019000053405762,12.814491271972656,18.84749984741211
AT,AKC,urban,2023-01-19T17:00:00,12,16.673500061035156,12.907597541809082,18.173500061035156
AT,AKC,urban,2023-01-19T18:00:00,12,16.158000946044922,13.34321117401123,18.259000778198242
AT,AKC,urban,2023-01-19T19:00:00,12,15.494500160217285,13.740690231323242,18.194000244140625
AT,AKC,urban,2023-01-19T20:00:00,12,15.174500465393066,14.847947120666504,18.134000778198242
AT,AKC,urban,2023-01-19T21:00:00,12,12.922499656677246,15.213496208190918,17.572999954223633
AT,AKC,urban,2023-01-19T22:00:00,12,13.519000053405762,15.482830047607422,15.525500297546387
AT,AKC,urban,2023-01-19T23:00:00,12,14.406499862670898,15.783206939697266,13.125499725341797
AT,AKC,urban,2023-01-20T00:00:00,12,13.345000267028809,17.63943862915039,14.189499855041504
AT,AKC,urban,2023-01-20T01:00:00,12,12.819999694824219,19.585792541503906,15.692999839782715
AT,AKC,urban,2023-01-20T02:00:00,12,13.432000160217285,20.624658584594727,16.299999237060547
AT,AKC,urban,2023-01-20T03:00:00,12,13.819000244140625,20.940126419067383,13.796500205993652
AT,AKC,urban,2023-01-20T04:00:00,12,13.88700008392334,22.77322769165039,15.019000053405762
AT,AKC,urban,2023-01-20T05:00:00,12,12.755000114440918,24.365142822265625,16.673500061035156
AT,AKC,urban,2023-01-20T06:00:00,12,13.233499526977539,24.713409423828125,16.158000946044922
AT,AKC,urban,2023-01-20T07:00:00,12,15.746500015258789,23.978349685668945,15.494500160217285
AT,AKC,urban,2023-01-20T08:00:00,12,16.798999786376953,24.307050704956055,15.174500465393066
AT,AKC,urban,2023-01-20T09:00:00,12,15.711999893188477,21.331947326660156,12.922499656677246
AT,AKC,urban,2023-01-20T10:00:00,12,16.18549919128418,21.500953674316406,13.519000053405762
AT,AKC,urban,2023-01-20T11:00:00,12,13.77750015258789,19.554443359375,14.406499862670898
AT,AKC,urban,2023-01-20T12:00:00,12,12.808500289916992,18.423294067382812,13.345000267028809
AT,AKC,urban,2023-01-20T13:00:00,12,9.801898956298828,15.730878829956055,12.819999694824219
AT,AKC,urban,2023-01-20T14:00:00,12,9.319199562072754,15.460262298583984,13.432000160217285
AT,AKC,urban,2023-01-20T15:00:00,12,8.800748825073242,12.973880767822266,13.819000244140625
AT,AKC,urban,2023-01-20T16:00:00,12,9.369799613952637,12.115521430969238,13.88700008392334
AT,AKC,urban,2023-01-20T17:00:00,12,8.565500259399414,10.49997615814209,12.755000114440918
AT,AKC,urban,2023-01-20T18:00:00,12,8.32089900970459,10.814047813415527,13.233499526977539
AT,AKC,urban,2023-01-20T19:00:00,12,7.396399021148682,9.830562591552734,15.746500015258789
AT,AKC,urban,2023-01-20T20:00:00,12,6.432600021362305,10.33053207397461,16.798999786376953
AT,AKC,urban,2023-01-20T21:00:00,12,6.232550144195557,9.580799102783203,15.711999893188477
AT,AKC,urban,2023-01-20T22:00:00,12,5.92889928817749,10.30246353149414,16.18549919128418
AT,AKC,urban,2023-01-20T23:00:00,12,5.984600067138672,8.33370590209961,13.77750015258789
AT,AKC,urban,2023-01-21T00:00:00,12,6.665348529815674,8.920913696289062,12.808500289916992
AT,AKC,urban,2023-01-21T01:00:00,12,6.973548889160156,8.088319778442383,9.801898956298828
AT,AKC,urban,2023-01-21T02:00:00,12,7.088850021362305,8.76335620880127,9.319199562072754
AT,AKC,urban,2023-01-21T03:00:00,12,7.421949863433838,8.506202697753906,8.800748825073242
AT,AKC,urban,2023-01-21T04:00:00,12,7.952098846435547,9.662454605102539,9.369799613952637
AT,AKC,urban,2023-01-21T05:00:00,12,9.520849227905273,8.878079414367676,8.565500259399414
AT,AKC,urban,2023-01-21T06:00:00,12,10.788000106811523,9.260580062866211,8.32089900970459
AT,AKC,urban,2023-01-21T07:00:00,12,11.909500122070312,8.395710945129395,7.396399021148682
AT,AKC,urban,2023-01-21T08:00:00,12,12.5649995803833,8.211004257202148,6.432600021362305
AT,AKC,urban,2023-01-21T09:00:00,12,10.982000350952148,7.753318786621094,6.232550144195557
AT,AKC,urban,2023-01-21T10:00:00,12,11.284000396728516,7.659446716308594,5.92889928817749
AT,AKC,urban,2023-01-21T11:00:00,12,13.03499984741211,7.420420169830322,5.984600067138672
AT,AKC,urban,2023-01-21T12:00:00,12,14.640000343322754,7.758596897125244,6.665348529815674
AT,AKC,urban,2023-01-21T13:00:00,12,15.177000045776367,7.744374752044678,6.973548889160156
AT,AKC,urban,2023-01-21T14:00:00,12,17.079500198364258,8.086862564086914,7.088850021362305
AT,AKC,urban,2023-01-21T15:00:00,12,16.62299919128418,8.478729248046875,7.421949863433838
AT,AKC,urban,2023-01-21T16:00:00,12,16.338499069213867,8.980205535888672,7.952098846435547
AT,AKC,urban,2023-01-21T17:00:00,12,16.07699966430664,10.122923851013184,9.520849227905273
AT,AKC,urban,2023-01-21T18:00:00,12,13.906499862670898,10.534449577331543,10.788000106811523
AT,AKC,urban,2023-01-21T19:00:00,12,10.501999855041504,11.241817474365234,11.909500122070312
AT,AKC,urban,2023-01-21T20:00:00,12,7.974699020385742,11.70097827911377,12.5649995803833
AT,AKC,urban,2023-01-21T21:00:00,12,8.520798683166504,12.342074394226074,10.982000350952148
AT,AKC,urban,2023-01-21T22:00:00,12,8.774298667907715,13.272571563720703,11.284000396728516
AT,AKC,urban,2023-01-21T23:00:00,12,8.079998970031738,13.478198051452637,13.03499984741211
AT,AKC,urban,2023-01-22T00:00:00,12,10.045100212097168,13.240229606628418,14.640000343322754
AT,AKC,urban,2023-01-22T01:00:00,12,10.920499801635742,13.712820053100586,15.177000045776367
AT,AKC,urban,2023-01-22T02:00:00,12,11.358499526977539,14.791245460510254,17.079500198364258
AT,AKC,urban,2023-01-22T03:00:00,12,13.048999786376953,15.177095413208008,16.62299919128418
AT,AKC,urban,2023-01-22T04:00:00,12,15.596500396728516,16.424257278442383,16.338499069213867
AT,AKC,urban,2023-01-22T05:00:00,12,15.672499656677246,16.885976791381836,16.07699966430664
AT,AKC,urban,2023-01-22T06:00:00,12,15.92650032043457,17.072105407714844,13.906499862670898
AT,AKC,urban,2023-01-22T07:00:00,12,16.31999969482422,15.025558471679688,10.501999855041504
AT,AKC,urban,2023-01-22T08:00:00,12,16.76799964904785,14.338250160217285,7.974699020385742
AT,AKC,urban,2023-01-22T09:00:00,12,16.860000610351562,14.626729965209961,8.520798683166504
AT,AKC,urban,2023-01-22T10:00:00,12,18.524999618530273,15.335274696350098,8.774298667907715
AT,AKC,urban,2023-01-22T11:00:00,12,19.90850067138672,13.916114807128906,8.079998970031738
AT,AKC,urban,2023-01-22T12:00:00,12,19.386499404907227,15.838520050048828,10.045100212097168
AT,AKC,urban,2023-01-22T13:00:00,12,20.503999710083008,14.490690231323242,10.920499801635742
AT,AKC,urban,2023-01-22T14:00:00,12,21.624000549316406,14.997910499572754,11.358499526977539
AT,AKC,urban,2023-01-22T15:00:00,12,22.537500381469727,14.11566162109375,13.048999786376953
AT,AKC,urban,2023-01-22T16:00:00,12,23.490497589111328,15.056633949279785,15.596500396728516
AT,AKC,urban,2023-01-22T17:00:00,12,19.799999237060547,13.417171478271484,15.672499656677246
AT,AKC,urban,2023-01-22T18:00:00,12,16.246999740600586,13.826911926269531,15.92650032043457
AT,AKC,urban,2023-01-22T19:00:00,12,15.732999801635742,13.420685768127441,16.31999969482422
AT,AKC,urban,2023-01-22T20:00:00,12,16.945499420166016,13.595582008361816,16.76799964904785
AT,AKC,urban,2023-01-22T21:00:00,12,16.196500778198242,13.530844688415527,16.860000610351562
AT,AKC,urban,2023-01-22T22:00:00,12,13.826499938964844,14.437830924987793,18.524999618530273
AT,AKC,urban,2023-01-22T23:00:00,12,14.635000228881836,14.899243354797363,19.90850067138672
AT,AKC,urban,2023-01-23T00:00:00,12,14.826000213623047,13.637996673583984,19.386499404907227
AT,AKC,urban,2023-01-23T01:00:00,12,14.329500198364258,14.339973449707031,20.503999710083008
AT,AKC,urban,2023-01-23T02:00:00,12,13.100500106811523,14.850154876708984,21.624000549316406
AT,AKC,urban,2023-01-23T03:00:00,12,12.393500328063965,15.887056350708008,22.537500381469727
AT,AKC,urban,2023-01-23T04:00:00,12,13.33899974822998,16.62468719482422,23.490497589111328
AT,AKC,urban,2023-01-23T05:00:00,12,14.482500076293945,15.114542961120605,19.799999237060547
AT,AKC,urban,2023-01-23T06:00:00,12,15.541500091552734,14.11512565612793,16.246999740600586
AT,AKC,urban,2023-01-23T07:00:00,12,16.667499542236328,14.74709701538086,15.732999801635742
AT,AKC,urban,2023-01-23T08:00:00,12,16.899499893188477,15.628597259521484,16.945499420166016
AT,AKC,urban,2023-01-23T09:00:00,12,16.139999389648438,16.34372329711914,16.196500778198242
AT,AKC,urban,2023-01-23T10:00:00,12,15.756500244140625,15.73814868927002,13.826499938964844
AT,AKC,urban,2023-01-23T11:00:00,12,15.342499732971191,16.970970153808594,14.635000228881836
AT,AKC,urban,2023-01-23T12:00:00,12,15.270000457763672,16.62997055053711,14.826000213623047
AT,AKC,urban,2023-01-23T13:00:00,12,14.825499534606934,16.97555923461914,14.329500198364258
AT,AKC,urban,2023-01-23T14:00:00,12,14.407999992370605,16.51244354248047,13.100500106811523
AT,AKC,urban,2023-01-23T15:00:00,12,14.312999725341797,16.675153732299805,12.393500328063965
AT,AKC,urban,2023-01-23T16:00:00,12,15.458499908447266,17.642627716064453,13.33899974822998
AT,AKC,urban,2023-01-23T17:00:00,12,16.63800048828125,18.618837356567383,14.482500076293945
AT,AKC,urban,2023-01-23T18:00:00,12,18.18000030517578,19.15553092956543,15.541500091552734
AT,AKC,urban,2023-01-23T19:00:00,12,18.922000885009766,19.139371871948242,16.667499542236328
AT,AKC,urban,2023-01-23T20:00:00,12,19.422000885009766,18.401798248291016,16.899499893188477
AT,AKC,urban,2023-01-23T21:00:00,12,19.809499740600586,16.966209411621094,16.139999389648438
AT,AKC,urban,2023-01-23T22:00:00,12,18.503999710083008,16.456844329833984,15.756500244140625
AT,AKC,urban,2023-01-23T23:00:00,12,17.816499710083008,15.199196815490723,15.342499732971191
AT,AKC,urban,2023-01-24T00:00:00,12,16.89900016784668,14.757474899291992,15.270000457763672
AT,AKC,urban,2023-01-24T01:00:00,12,15.65999984741211,13.911494255065918,14.825499534606934
AT,AKC,urban,2023-01-24T02:00:00,12,15.105999946594238,13.719900131225586,14.407999992370605
AT,AKC,urban,2023-01-24T03:00:00,12,14.409000396728516,14.087977409362793,14.312999725341797
AT,AKC,urban,2023-01-24T04:00:00,12,13.655500411987305,15.858482360839844,15.458499908447266
AT,AKC,urban,2023-01-24T05:00:00,12,14.178999900817871,16.847713470458984,16.63800048828125
AT,AKC,urban,2023-01-24T06:00:00,12,14.550999641418457,18.43899917602539,18.18000030517578
AT,AKC,urban,2023-01-24T07:00:00,12,14.059499740600586,18.785070419311523,18.922000885009766
AT,AKC,urban,2023-01-24T08:00:00,12,13.80150032043457,19.5249080657959,19.422000885009766
AT,AKC,urban,2023-01-24T09:00:00,12,14.06149959564209,20.103748321533203,19.809499740600586
AT,AKC,urban,2023-01-24T10:00:00,12,14.177499771118164,19.424274444580078,18.503999710083008
AT,AKC,urban,2023-01-24T11:00:00,12,12.90250015258789,18.926225662231445,17.816499710083008
AT,AKC,urban,2023-01-24T12:00:00,12,12.217499732971191,17.942001342773438,16.89900016784668
AT,AKC,urban,2023-01-24T13:00:00,12,12.293999671936035,16.84041976928711,15.65999984741211
AT,AKC,urban,2023-01-24T14:00:00,12,12.942999839782715,16.16556167602539,15.105999946594238
AT,AKC,urban,2023-01-24T15:00:00,12,13.37600040435791,15.999139785766602,14.409000396728516
AT,AKC,urban,2023-01-24T16:00:00,12,14.927499771118164,16.059810638427734,13.655500411987305
AT,AKC,urban,2023-01-24T17:00:00,12,15.5600004196167,17.06599998474121,14.178999900817871
AT,AKC,urban,2023-01-24T18:00:00,12,14.376500129699707,17.82863426208496,14.550999641418457
AT,AKC,urban,2023-01-24T19:00:00,12,15.28499984741211,17.792022705078125,14.059499740600586
AT,AKC,urban,2023-01-24T20:00:00,12,14.619500160217285,17.644657135009766,13.80150032043457
AT,AKC,urban,2023-01-24T21:00:00,12,12.79699993133545,17.894575119018555,14.06149959564209
AT,AKC,urban,2023-01-24T22:00:00,12,12.307000160217285,17.655275344848633,14.177499771118164
AT,AKC,urban,2023-01-24T23:00:00,12,14.079999923706055,16.620769500732422,12.90250015258789
AT,AKC,urban,2023-01-25T00:00:00,12,14.42650032043457,15.945197105407715,12.217499732971191
AT,AKC,urban,2023-01-25T01:00:00,12,15.243000030517578,15.600494384765625,12.293999671936035
AT,AKC,urban,2023-01-25T02:00:00,12,15.387499809265137,15.69483757019043,12.942999839782715
AT,AKC,urban,2023-01-25T03:00:00,12,16.168500900268555,15.610426902770996,13.37600040435791
AT,AKC,urban,2023-01-25T04:00:00,12,16.73699951171875,16.569236755371094,14.927499771118164
AT,AKC,urban,2023-01-25T05:00:00,12,18.03849983215332,16.73568344116211,15.5600004196167
AT,AKC,urban,2023-01-25T06:00:00,12,18.871999740600586,15.773862838745117,14.376500129699707
AT,AKC,urban,2023-01-25T07:00:00,12,21.33300018310547,16.506507873535156,15.28499984741211
AT,AKC,urban,2023-01-25T08:00:00,12,22.148000717163086,15.968467712402344,14.619500160217285
AT,AKC,urban,2023-01-25T09:00:00,12,21.674999237060547,14.92335319519043,12.79699993133545
AT,AKC,urban,2023-01-25T10:00:00,12,15.071499824523926,14.726325035095215,12.307000160217285
AT,AKC,urban,2023-01-25T11:00:00,12,11.10200023651123,15.239116668701172,14.079999923706055
AT,AKC,urban,2023-01-25T12:00:00,12,8.55780029296875,15.373211860656738,14.42650032043457
AT,AKC,urban,2023-01-25T13:00:00,12,8.744298934936523,15.791070938110352,15.243000030517578
AT,AKC,urban,2023-01-25T14:00:00,12,9.375900268554688,16.065235137939453,15.387499809265137
AT,AKC,urban,2023-01-25T15:00:00,12,10.478500366210938,16.754966735839844,16.168500900268555
AT,AKC,urban,2023-01-25T16:00:00,12,11.017499923706055,17.422344207763672,16.73699951171875
AT,AKC,urban,2023-01-25T17:00:00,12,12.320500373840332,18.368667602539062,18.03849983215332
AT,AKC,urban,2023-01-25T18:00:00,12,13.706000328063965,18.50655746459961,18.871999740600586
AT,AKC,urban,2023-01-25T19:00:00,12,14.710000038146973,19.772220611572266,21.33300018310547
AT,AKC,urban,2023-01-25T20:00:00,12,17.17799949645996,19.61832618713379,22.148000717163086
AT,AKC,urban,2023-01-25T21:00:00,12,17.85849952697754,19.590457916259766,21.674999237060547
AT,AKC,urban,2023-01-25T22:00:00,12,18.074499130249023,18.817880630493164,15.071499824523926
AT,AKC,urban,2023-01-25T23:00:00,12,18.06999969482422,18.57666778564453,11.10200023651123
AT,AKC,urban,2023-01-26T00:00:00,12,21.320999145507812,17.686975479125977,8.55780029296875
AT,AKC,urban,2023-01-26T01:00:00,12,21.309999465942383,18.27550506591797,8.744298934936523
AT,AKC,urban,2023-01-26T02:00:00,12,20.363000869750977,18.410770416259766,9.375900268554688
AT,AKC,urban,2023-01-26T03:00:00,12,17.691499710083008,19.276081085205078,10.478500366210938
AT,AKC,urban,2023-01-26T04:00:00,12,15.5,19.050537109375,11.017499923706055
AT,AKC,urban,2023-01-26T05:00:00,12,15.91100025177002,18.875120162963867,12.320500373840332
AT,AKC,urban,2023-01-26T06:00:00,12,15.899499893188477,18.7541561126709,13.706000328063965
AT,AKC,urban,2023-01-26T07:00:00,12,12.842499732971191,17.78730583190918,14.710000038146973
AT,AKC,urban,2023-01-26T08:00:00,12,10.991999626159668,18.329235076904297,17.17799949645996
AT,AKC,urban,2023-01-26T09:00:00,12,11.910499572753906,16.74560546875,17.85849952697754
AT,AKC,urban,2023-01-26T10:00:00,12,12.105999946594238,16.00358009338379,18.074499130249023
AT,AKC,urban,2023-01-26T11:00:00,12,11.654500007629395,14.229819297790527,18.06999969482422
AT,AKC,urban,2023-01-26T12:00:00,12,8.707148551940918,14.571049690246582,21.320999145507812
AT,AKC,urban,2023-01-26T13:00:00,12,7.909399032592773,13.097063064575195,21.309999465942383
AT,AKC,urban,2023-01-26T14:00:00,12,11.458499908447266,11.92471694946289,20.363000869750977
AT,AKC,urban,2023-01-26T15:00:00,12,12.041000366210938,9.512184143066406,17.691499710083008
AT,AKC,urban,2023-01-26T16:00:00,12,11.445500373840332,8.277314186096191,15.5
AT,AKC,urban,2023-01-26T17:00:00,12,10.770500183105469,8.250362396240234,15.91100025177002
AT,AKC,urban,2023-01-26T18:00:00,12,11.952500343322754,8.039658546447754,15.899499893188477
AT,AKC,urban,2023-01-26T19:00:00,12,13.117500305175781,7.828261852264404,12.842499732971191
AT,AKC,urban,2023-01-26T20:00:00,12,14.125,8.462627410888672,10.991999626159668
AT,AKC,urban,2023-01-26T21:00:00,12,16.357999801635742,9.735315322875977,11.910499572753906
AT,AKC,urban,2023-01-26T22:00:00,12,17.777000427246094,10.395233154296875,12.105999946594238
AT,AKC,urban,2023-01-26T23:00:00,12,18.683000564575195,11.600120544433594,11.654500007629395
AT,AKC,urban,2023-01-27T00:00:00,12,18.893999099731445,11.27580451965332,8.707148551940918
AT,AKC,urban,2023-01-27T01:00:00,12,19.486499786376953,12.493491172790527,7.909399032592773
AT,AKC,urban,2023-01-27T02:00:00,12,22.04400062561035,15.324153900146484,11.458499908447266
AT,AKC,urban,2023-01-27T03:00:00,12,23.82349967956543,15.54615592956543,12.041000366210938
AT,AKC,urban,2023-01-27T04:00:00,12,23.280000686645508,14.898433685302734,11.445500373840332
AT,AKC,urban,2023-01-27T05:00:00,12,20.06100082397461,14.226509094238281,10.770500183105469
AT,AKC,urban,2023-01-27T06:00:00,12,19.993000030517578,14.757397651672363,11.952500343322754
AT,AKC,urban,2023-01-27T07:00:00,12,19.559999465942383,13.74825668334961,13.117500305175781
AT,AKC,urban,2023-01-27T08:00:00,12,19.825000762939453,14.045723915100098,14.125
AT,AKC,urban,2023-01-27T09:00:00,12,19.64150047302246,12.329730987548828,16.357999801635742
AT,AKC,urban,2023-01-27T10:00:00,12,19.10449981689453,12.536551475524902,17.777000427246094
AT,AKC,urban,2023-01-27T11:00:00,12,18.39150047302246,11.604218482971191,18.683000564575195
AT,AKC,urban,2023-01-27T12:00:00,12,18.039499282836914,12.233038902282715,18.893999099731445
AT,AKC,urban,2023-01-27T13:00:00,12,19.916000366210938,11.816062927246094,19.486499786376953
AT,AKC,urban,2023-01-27T14:00:00,12,20.22949981689453,12.582657814025879,22.04400062561035
AT,AKC,urban,2023-01-27T15:00:00,12,20.27549934387207,12.843291282653809,23.82349967956543
AT,AKC,urban,2023-01-27T16:00:00,12,20.94849967956543,13.126075744628906,23.280000686645508
AT,AKC,urban,2023-01-27T17:00:00,12,19.479999542236328,11.677621841430664,20.06100082397461
AT,AKC,urban,2023-01-27T18:00:00,12,18.477500915527344,12.89077377319336,19.993000030517578
AT,AKC,urban,2023-01-27T19:00:00,12,19.71150016784668,12.63976764678955,19.559999465942383
AT,AKC,urban,2023-01-27T20:00:00,12,19.28849983215332,13.472579002380371,19.825000762939453
AT,AKC,urban,2023-01-27T21:00:00,12,18.454500198364258,13.001967430114746,19.64150047302246
AT,AKC,urban,2023-01-27T22:00:00,12,17.960500717163086,12.411797523498535,19.10449981689453
AT,AKC,urban,2023-01-27T23:00:00,12,19.649999618530273,11.57652759552002,18.39150047302246
AT,AKC,urban,2023-01-28T00:00:00,12,18.230499267578125,11.492982864379883,18.039499282836914
AT,AKC,urban,2023-01-28T01:00:00,12,18.260499954223633,12.769942283630371,19.916000366210938
AT,AKC,urban,2023-01-28T02:00:00,12,17.694499969482422,12.815176010131836,20.22949981689453
AT,AKC,urban,2023-01-28T03:00:00,12,17.673999786376953,13.14052963256836,20.27549934387207
AT,AKC,urban,2023-01-28T04:00:00,12,16.886499404907227,13.617432594299316,20.94849967956543
AT,AKC,urban,2023-01-28T05:00:00,12,16.430999755859375,12.853296279907227,19.479999542236328
AT,AKC,urban,2023-01-28T06:00:00,12,13.111499786376953,12.649368286132812,18.477500915527344
AT,AKC,urban,2023-01-28T07:00:00,12,12.2524995803833,13.807785034179688,19.71150016784668
AT,AKC,urban,2023-01-28T08:00:00,12,11.927000045776367,13.800926208496094,19.28849983215332
AT,AKC,urban,2023-01-28T09:00:00,12,10.82349967956543,13.618666648864746,18.454500198364258
AT,AKC,urban,2023-01-28T10:00:00,12,10.206500053405762,13.226335525512695,17.960500717163086
AT,AKC,urban,2023-01-28T11:00:00,12,9.994099617004395,14.152862548828125,19.649999618530273
AT,AKC,urban,2023-01-28T12:00:00,12,9.81760025024414,12.99786376953125,18.230499267578125
AT,AKC,urban,2023-01-28T13:00:00,12,9.392450332641602,13.175064086914062,18.260499954223633
AT,AKC,urban,2023-01-28T14:00:00,12,9.09169864654541,12.74072265625,17.694499969482422
AT,AKC,urban,2023-01-28T15:00:00,12,9.61365032196045,13.06155776977539,17.673999786376953
AT,AKC,urban,2023-01-28T16:00:00,12,9.674798965454102,12.738686561584473,16.886499404907227
AT,AKC,urban,2023-01-28T17:00:00,12,9.11664867401123,13.420991897583008,16.430999755859375
AT,AKC,urban,2023-01-28T18:00:00,12,10.1274995803833,12.198229789733887,13.111499786376953
AT,AKC,urban,2023-01-28T19:00:00,12,10.729999542236328,13.208998680114746,12.2524995803833
AT,AKC,urban,2023-01-28T20:00:00,12,11.965999603271484,12.97081184387207,11.927000045776367
AT,AKC,urban,2023-01-28T21:00:00,12,13.456999778747559,13.231181144714355,10.82349967956543
AT,AKC,urban,2023-01-28T22:00:00,12,14.974499702453613,12.936307907104492,10.206500053405762
AT,AKC,urban,2023-01-28T23:00:00,12,15.193499565124512,13.04585075378418,9.994099617004395
AT,AKC,urban,2023-01-29T00:00:00,12,15.491499900817871,12.06476879119873,9.81760025024414
AT,AKC,urban,2023-01-29T01:00:00,12,15.394499778747559,11.272065162658691,9.392450332641602
AT,AKC,urban,2023-01-29T02:00:00,12,15.043000221252441,10.509551048278809,9.09169864654541
AT,AKC,urban,2023-01-29T03:00:00,12,15.753499984741211,10.809085845947266,9.61365032196045
AT,AKC,urban,2023-01-29T04:00:00,12,15.345499992370605,10.821678161621094,9.674798965454102
AT,AKC,urban,2023-01-29T05:00:00,12,14.710000038146973,10.342887878417969,9.11664867401123
AT,AKC,urban,2023-01-29T06:00:00,12,13.84850025177002,11.44196891784668,10.1274995803833
AT,AKC,urban,2023-01-29T07:00:00,12,13.102999687194824,11.582965850830078,10.729999542236328
AT,AKC,urban,2023-01-29T08:00:00,12,13.626500129699707,12.754833221435547,11.965999603271484
AT,AKC,urban,2023-01-29T09:00:00,12,15.261500358581543,13.13427734375,13.456999778747559
AT,AKC,urban,2023-01-29T10:00:00,12,16.612499237060547,13.454263687133789,14.974499702453613
AT,AKC,urban,2023-01-29T11:00:00,12,17.303499221801758,12.810279846191406,15.193499565124512
AT,AKC,urban,2023-01-29T12:00:00,12,17.862499237060547,13.081443786621094,15.491499900817871
AT,AKC,urban,2023-01-29T13:00:00,12,18.243499755859375,12.674103736877441,15.394499778747559
AT,AKC,urban,2023-01-29T14:00:00,12,17.73150062561035,12.617997169494629,15.043000221252441
AT,AKC,urban,2023-01-29T15:00:00,12,16.252500534057617,13.485978126525879,15.753499984741211
AT,AKC,urban,2023-01-29T16:00:00,12,16.739500045776367,13.599047660827637,15.345499992370605
AT,AKC,urban,2023-01-29T17:00:00,12,17.975500106811523,13.878829002380371,14.710000038146973
AT,AKC,urban,2023-01-29T18:00:00,12,17.3439998626709,13.966201782226562,13.84850025177002
AT,AKC,urban,2023-01-29T19:00:00,12,15.77400016784668,14.7910795211792,13.102999687194824
AT,AKC,urban,2023-01-29T20:00:00,12,15.158499717712402,15.677098274230957,13.626500129699707
AT,AKC,urban,2023-01-29T21:00:00,12,12.64799976348877,17.34925651550293,15.261500358581543
AT,AKC,urban,2023-01-29T22:00:00,12,8.524700164794922,17.338468551635742,16.612499237060547
AT,AKC,urban,2023-01-29T23:00:00,12,7.522348880767822,16.768949508666992,17.303499221801758
AT,AKC,urban,2023-01-30T00:00:00,12,7.598750114440918,16.03993797302246,17.862499237060547
AT,AKC,urban,2023-01-30T01:00:00,12,7.876150131225586,16.2016658782959,18.243499755859375
AT,AKC,urban,2023-01-30T02:00:00,12,6.900750160217285,15.541685104370117,17.73150062561035
AT,AKC,urban,2023-01-30T03:00:00,12,7.398149013519287,14.66472053527832,16.252500534057617
AT,AKC,urban,2023-01-30T04:00:00,12,7.781700134277344,15.023579597473145,16.739500045776367
AT,AKC,urban,2023-01-30T05:00:00,12,6.494100093841553,15.266975402832031,17.975500106811523
AT,AKC,urban,2023-01-30T06:00:00,12,7.267300128936768,14.137609481811523,17.3439998626709
AT,AKC,urban,2023-01-30T07:00:00,12,7.3681488037109375,11.979219436645508,15.77400016784668
AT,AKC,urban,2023-01-30T08:00:00,12,6.660599231719971,10.18851375579834,15.158499717712402
AT,AKC,urban,2023-01-30T09:00:00,12,6.813448905944824,7.4691162109375,12.64799976348877
AT,AKC,urban,2023-01-30T10:00:00,12,5.239449977874756,6.118171691894531,8.524700164794922
AT,AKC,urban,2023-01-30T11:00:00,12,4.372300148010254,5.3699469566345215,7.522348880767822
AT,AKC,urban,2023-01-30T12:00:00,12,3.857100486755371,4.439316749572754,7.598750114440918
AT,AKC,urban,2023-01-30T13:00:00,12,4.869598865509033,4.770205974578857,7.876150131225586
AT,AKC,urban,2023-01-30T14:00:00,12,5.097700119018555,4.291170597076416,6.900750160217285
AT,AKC,urban,2023-01-30T15:00:00,12,4.694349765777588,5.321499347686768,7.398149013519287
AT,AKC,urban,2023-01-30T16:00:00,12,3.82504940032959,5.710198402404785,7.781700134277344
AT,AKC,urban,2023-01-30T17:00:00,12,3.4832000732421875,5.914999961853027,6.494100093841553
AT,AKC,urban,2023-01-30T18:00:00,12,3.4256486892700195,6.987977027893066,7.267300128936768
AT,AKC,urban,2023-01-30T19:00:00,12,4.0567498207092285,6.6495466232299805,7.3681488037109375
AT,AKC,urban,2023-01-30T20:00:00,12,3.145199775695801,6.5256757736206055,6.660599231719971
AT,AKC,urban,2023-01-30T21:00:00,12,6.6336989402771,6.912234783172607,6.813448905944824
AT,AKC,urban,2023-01-30T22:00:00,12,5.9870991706848145,6.102658271789551,5.239449977874756
AT,AKC,urban,2023-01-30T23:00:00,12,5.393400192260742,5.641366481781006,4.372300148010254
AT,AKC,urban,2023-01-31T00:00:00,12,6.60575008392334,5.223735332489014,3.857100486755371
AT,AKC,urban,2023-01-31T01:00:00,12,6.427849292755127,6.272471904754639,4.869598865509033
AT,AKC,urban,2023-01-31T02:00:00,12,5.623848915100098,6.154759407043457,5.097700119018555
AT,AKC,urban,2023-01-31T03:00:00,12,5.517098903656006,6.383802890777588,4.694349765777588
AT,AKC,urban,2023-01-31T04:00:00,12,6.537749767303467,5.9516472816467285,3.82504940032959
AT,AKC,urban,2023-01-31T05:00:00,12,5.908298969268799,6.01101016998291,3.4832000732421875
AT,AKC,urban,2023-01-31T06:00:00,12,5.529699802398682,5.838337421417236,3.4256486892700195
AT,AKC,urban,2023-01-31T07:00:00,12,6.107900142669678,6.402688026428223,4.0567498207092285
AT,AKC,urban,2023-01-31T08:00:00,12,5.979148864746094,5.460047245025635,3.145199775695801
AT,AKC,urban,2023-01-31T09:00:00,12,6.318048477172852,8.131872177124023,6.6336989402771
AT,AKC,urban,2023-01-31T10:00:00,12,5.447948932647705,6.85921573638916,5.9870991706848145
AT,AKC,urban,2023-01-31T11:00:00,12,4.269149303436279,6.790796279907227,5.393400192260742
AT,AKC,urban,2023-01-31T12:00:00,12,3.3986988067626953,6.908837795257568,6.60575008392334
AT,AKC,urban,2023-01-31T13:00:00,12,3.8690500259399414,6.253359794616699,6.427849292755127
AT,AKC,urban,2023-01-31T14:00:00,12,3.9344005584716797,5.998948574066162,5.623848915100098
AT,AKC,urban,2023-01-31T15:00:00,12,3.959599018096924,5.857825756072998,5.517098903656006
AT,AKC,urban,2023-01-31T16:00:00,12,5.4039998054504395,5.9438018798828125,6.537749767303467
AT,AKC,urban,2023-01-31T17:00:00,12,5.413400173187256,5.630774974822998,5.908298969268799
AT,AKC,urban,2023-01-31T18:00:00,12,5.860050201416016,5.690562725067139,5.529699802398682
AT,AKC,urban,2023-01-31T19:00:00,12,5.532449245452881,5.172053813934326,6.107900142669678
AT,AKC,urban,2023-01-31T20:00:00,12,6.069648742675781,5.084234714508057,5.979148864746094
AT,AKC,urban,2023-01-31T21:00:00,12,6.259850025177002,5.0025482177734375,6.318048477172852
AT,AKC,urban,2023-01-31T22:00:00,12,4.489998817443848,4.862588405609131,5.447948932647705
AT,AKC,urban,2023-01-31T23:00:00,12,4.410449028015137,4.111865520477295,4.269149303436279
AT,AKC,urban,2023-02-01T00:00:00,12,3.821000099182129,3.949697494506836,3.3986988067626953
AT,AKC,urban,2023-02-01T01:00:00,12,3.308699607849121,4.222904682159424,3.8690500259399414
AT,AKC,urban,2023-02-01T02:00:00,12,2.357699394226074,3.992082118988037,3.9344005584716797
AT,AKC,urban,2023-02-01T03:00:00,12,2.7374000549316406,4.096640586853027,3.959599018096924
AT,AKC,urban,2023-02-01T04:00:00,12,3.7672500610351562,5.124475955963135,5.4039998054504395
AT,AKC,urban,2023-02-01T05:00:00,12,5.509449005126953,4.356400489807129,5.413400173187256
AT,AKC,urban,2023-02-01T06:00:00,12,5.908100128173828,5.2607102394104,5.860050201416016
AT,AKC,urban,2023-02-01T07:00:00,12,5.9483489990234375,4.773210048675537,5.532449245452881
AT,AKC,urban,2023-02-01T08:00:00,12,5.094649791717529,5.622323989868164,6.069648742675781
AT,AKC,urban,2023-02-01T09:00:00,12,4.758450031280518,5.67921257019043,6.259850025177002
AT,AKC,urban,2023-02-01T10:00:00,12,4.328999042510986,5.155923366546631,4.489998817443848
AT,AKC,urban,2023-02-01T11:00:00,12,2.8022985458374023,5.019316673278809,4.410449028015137
AT,AKC,urban,2023-02-01T12:00:00,12,0.8559389114379883,4.465578079223633,3.821000099182129
AT,AKC,urban,2023-02-01T13:00:00,12,0.8373489379882812,3.9897704124450684,3.308699607849121
AT,AKC,urban,2023-02-01T14:00:00,12,0.7169151306152344,3.5238494873046875,2.357699394226074
AT,AKC,urban,2023-02-01T15:00:00,12,1.1044750213623047,3.888665199279785,2.7374000549316406
AT,AKC,urban,2023-02-01T16:00:00,12,1.5342988967895508,4.006303310394287,3.7672500610351562
AT,AKC,urban,2023-02-01T17:00:00,12,1.8358488082885742,4.3647613525390625,5.509449005126953
AT,AKC,urban,2023-02-01T18:00:00,12,2.231149673461914,4.272729396820068,5.908100128173828
AT,AKC,urban,2023-02-01T19:00:00,12,2.5416488647460938,4.3664774894714355,5.9483489990234375
AT,AKC,urban,2023-02-01T20:00:00,12,3.2834997177124023,4.021862506866455,5.094649791717529
AT,AKC,urban,2023-02-01T21:00:00,12,3.3166990280151367,4.219229698181152,4.758450031280518
AT,AKC,urban,2023-02-01T22:00:00,12,3.359898567199707,4.146142959594727,4.328999042510986
AT,AKC,urban,2023-02-01T23:00:00,12,3.6023502349853516,3.214297294616699,2.8022985458374023
AT,AKC,urban,2023-02-02T00:00:00,12,4.09584903717041,2.8869857788085938,0.8559389114379883
AT,AKC,urban,2023-02-02T01:00:00,12,4.245698928833008,2.9416732788085938,0.8373489379882812
AT,AKC,urban,2023-02-02T02:00:00,12,3.4053497314453125,2.727262496948242,0.7169151306152344
AT,AKC,urban,2023-02-02T03:00:00,12,2.8306503295898438,3.2918739318847656,1.1044750213623047
AT,AKC,urban,2023-02-02T04:00:00,12,2.9640989303588867,3.6334667205810547,1.5342988967895508
AT,AKC,urban,2023-02-02T05:00:00,12,3.5913000106811523,3.960763931274414,1.8358488082885742
AT,AKC,urban,2023-02-02T06:00:00,12,3.7760000228881836,4.213345050811768,2.231149673461914
AT,AKC,urban,2023-02-02T07:00:00,12,3.9847989082336426,4.68369197845459,2.5416488647460938
AT,AKC,urban,2023-02-02T08:00:00,12,4.55210018157959,5.112420082092285,3.2834997177124023
AT,AKC,urban,2023-02-02T09:00:00,12,5.09014892578125,5.228705406188965,3.3166990280151367
AT,AKC,urban,2023-02-02T10:00:00,12,5.374050140380859,5.144246578216553,3.359898567199707
AT,AKC,urban,2023-02-02T11:00:00,12,5.53095006942749,5.368562698364258,3.6023502349853516
AT,AKC,urban,2023-02-02T12:00:00,12,5.984299182891846,5.359673023223877,4.09584903717041
AT,AKC,urban,2023-02-02T13:00:00,12,5.821100234985352,5.497321128845215,4.245698928833008
AT,AKC,urban,2023-02-02T14:00:00,12,3.359699249267578,4.970661163330078,3.4053497314453125
AT,AKC,urban,2023-02-02T15:00:00,12,1.3440980911254883,4.454447269439697,2.8306503295898438
AT,AKC,urban,2023-02-02T16:00:00,12,0.9191293716430664,4.52631950378418,2.9640989303588867
AT,AKC,urban,2023-02-02T17:00:00,12,1.3431501388549805,5.116661548614502,3.5913000106811523
AT,AKC,urban,2023-02-02T18:00:00,12,1.6316003799438477,5.311350345611572,3.7760000228881836
AT,AKC,urban,2023-02-02T19:00:00,12,1.8598499298095703,5.828996658325195,3.9847989082336426
AT,AKC,urban,2023-02-02T20:00:00,12,2.4443492889404297,6.3765153884887695,4.55210018157959
AT,AKC,urban,2023-02-02T21:00:00,12,2.9103498458862305,6.715416431427002,5.09014892578125
AT,AKC,urban,2023-02-02T22:00:00,12,2.389749526977539,6.6818695068359375,5.374050140380859
AT,AKC,urban,2023-02-02T23:00:00,12,2.3077001571655273,6.594779014587402,5.53095006942749
AT,AKC,urban,2023-02-03T00:00:00,12,2.2791500091552734,6.395082950592041,5.984299182891846
AT,AKC,urban,2023-02-03T01:00:00,12,2.099750518798828,6.019679069519043,5.821100234985352
AT,AKC,urban,2023-02-03T02:00:00,12,2.40524959564209,5.28402042388916,3.359699249267578
AT,AKC,urban,2023-02-03T03:00:00,12,2.466000556945801,4.917975425720215,1.3440980911254883
AT,AKC,urban,2023-02-03T04:00:00,12,2.318099021911621,4.881359577178955,0.9191293716430664
AT,AKC,urban,2023-02-03T05:00:00,12,2.663649559020996,5.71120548248291,1.3431501388549805
AT,AKC,urban,2023-02-03T06:00:00,12,2.1048498153686523,5.8586106300354,1.6316003799438477
AT,AKC,urban,2023-02-03T07:00:00,12,1.5558500289916992,6.069777965545654,1.8598499298095703
AT,AKC,urban,2023-02-03T08:00:00,12,2.4437990188598633,5.959897518157959,2.4443492889404297
AT,AKC,urban,2023-02-03T09:00:00,12,3.48075008392334,6.058847427368164,2.9103498458862305
AT,AKC,urban,2023-02-03T10:00:00,12,3.2541494369506836,5.30645751953125,2.389749526977539
AT,AKC,urban,2023-02-03T11:00:00,12,3.4972000122070312,5.081272125244141,2.3077001571655273
AT,AKC,urban,2023-02-03T12:00:00,12,3.497950553894043,4.585920810699463,2.2791500091552734
AT,AKC,urban,2023-02-03T13:00:00,12,3.151498794555664,4.066020965576172,2.099750518798828
AT,AKC,urban,2023-02-03T14:00:00,12,2.767749786376953,3.954822063446045,2.40524959564209
AT,AKC,urban,2023-02-03T15:00:00,12,2.236199378967285,3.9138412475585938,2.466000556945801
AT,AKC,urban,2023-02-03T16:00:00,12,1.3965997695922852,3.719601631164551,2.318099021911621
AT,AKC,urban,2023-02-03T17:00:00,12,1.7865991592407227,4.055120944976807,2.663649559020996
AT,AKC,urban,2023-02-03T18:00:00,12,3.0437498092651367,4.309559345245361,2.1048498153686523
AT,AKC,urban,2023-02-03T19:00:00,12,3.7576990127563477,4.382352352142334,1.5558500289916992
AT,AKC,urban,2023-02-03T20:00:00,12,2.910048484802246,5.111170291900635,2.4437990188598633
AT,AKC,urban,2023-02-03T21:00:00,12,2.585799217224121,5.4461350440979,3.48075008392334
AT,AKC,urban,2023-02-03T22:00:00,12,3.116349220275879,4.375950336456299,3.2541494369506836
AT,AKC,urban,2023-02-03T23:00:00,12,2.992049217224121,3.931178569793701,3.4972000122070312
AT,AKC,urban,2023-02-04T00:00:00,12,2.907750129699707,3.1359500885009766,3.497950553894043
AT,AKC,urban,2023-02-04T01:00:00,12,3.0105504989624023,3.211249351501465,3.151498794555664
AT,AKC,urban,2023-02-04T02:00:00,12,2.8917503356933594,2.945418357849121,2.767749786376953
AT,AKC,urban,2023-02-04T03:00:00,12,3.2321996688842773,2.9370718002319336,2.236199378967285
AT,AKC,urban,2023-02-04T04:00:00,12,3.1543989181518555,2.5771713256835938,1.3965997695922852
AT,AKC,urban,2023-02-04T05:00:00,12,2.9232988357543945,3.06265926361084,1.7865991592407227
AT,AKC,urban,2023-02-04T06:00:00,12,3.3826990127563477,3.7570037841796875,3.0437498092651367
AT,AKC,urban,2023-02-04T07:00:00,12,3.8972997665405273,4.331243515014648,3.7576990127563477
AT,AKC,urban,2023-02-04T08:00:00,12,4.3960490226745605,3.8493356704711914,2.910048484802246
AT,AKC,urban,2023-02-04T09:00:00,12,3.706099510192871,3.574812889099121,2.585799217224121
AT,AKC,urban,2023-02-04T10:00:00,12,3.945749282836914,3.733088493347168,3.116349220275879
AT,AKC,urban,2023-02-04T11:00:00,12,3.597148895263672,3.592771530151367,2.992049217224121
AT,AKC,urban,2023-02-04T12:00:00,12,3.6669492721557617,3.3693056106567383,2.907750129699707
AT,AKC,urban,2023-02-04T13:00:00,12,3.6184988021850586,3.3073129653930664,3.0105504989624023
AT,AKC,urban,2023-02-04T14:00:00,12,3.3201990127563477,3.0802230834960938,2.8917503356933594
AT,AKC,urban,2023-02-04T15:00:00,12,3.42404842376709,3.2650680541992188,3.2321996688842773
AT,AKC,urban,2023-02-04T16:00:00,12,3.13385009765625,3.2115907669067383,3.1543989181518555
AT,AKC,urban,2023-02-04T17:00:00,12,3.2291994094848633,3.271517753601074,2.9232988357543945
AT,AKC,urban,2023-02-04T18:00:00,12,3.0807485580444336,3.625582695007324,3.3826990127563477
AT,AKC,urban,2023-02-04T19:00:00,12,3.1222000122070312,3.9310998916625977,3.8972997665405273
AT,AKC,urban,2023-02-04T20:00:00,12,3.6086997985839844,4.3226799964904785,4.3960490226745605
AT,AKC,urban,2023-02-04T21:00:00,12,3.8921990394592285,3.8434934616088867,3.706099510192871
AT,AKC,urban,2023-02-04T22:00:00,12,3.970798969268799,4.380353927612305,3.945749282836914
AT,AKC,urban,2023-02-04T23:00:00,12,3.6262502670288086,3.7981929779052734,3.597148895263672
AT,AKC,urban,2023-02-05T00:00:00,12,3.7234487533569336,4.111532211303711,3.6669492721557617
AT,AKC,urban,2023-02-05T01:00:00,12,4.885149002075195,4.15922737121582,3.6184988021850586
AT,AKC,urban,2023-02-05T02:00:00,12,6.138548851013184,4.342228412628174,3.3201990127563477
AT,AKC,urban,2023-02-05T03:00:00,12,6.50985050201416,4.7777252197265625,3.42404842376709
AT,AKC,urban,2023-02-05T04:00:00,12,8.239250183105469,4.962240695953369,3.13385009765625
AT,AKC,urban,2023-02-05T05:00:00,12,9.924798965454102,5.385289192199707,3.2291994094848633
AT,AKC,urban,2023-02-05T06:00:00,12,10.145999908447266,5.643155097961426,3.0807485580444336
AT,AKC,urban,2023-02-05T07:00:00,12,10.728500366210938,5.831851959228516,3.1222000122070312
AT,AKC,urban,2023-02-05T08:00:00,12,12.550000190734863,6.360974311828613,3.6086997985839844
AT,AKC,urban,2023-02-05T09:00:00,12,11.904000282287598,6.555692195892334,3.8921990394592285
AT,AKC,urban,2023-02-05T10:00:00,12,11.545000076293945,6.496324062347412,3.970798969268799
AT,AKC,urban,2023-02-05T11:00:00,12,10.816499710083008,5.981949329376221,3.6262502670288086
AT,AKC,urban,2023-02-05T12:00:00,12,11.160499572753906,5.842868804931641,3.7234487533569336
AT,AKC,urban,2023-02-05T13:00:00,12,11.81149959564209,6.178730487823486,4.885149002075195
AT,AKC,urban,2023-02-05T14:00:00,12,12.503499984741211,6.6719441413879395,6.138548851013184
AT,AKC,urban,2023-02-05T15:00:00,12,12.640000343322754,6.682034492492676,6.50985050201416
AT,AKC,urban,2023-02-05T16:00:00,12,12.725500106811523,7.767727851867676,8.239250183105469
AT,AKC,urban,2023-02-05T17:00:00,12,13.755999565124512,8.398626327514648,9.924798965454102
AT,AKC,urban,2023-02-05T18:00:00,12,13.771499633789062,8.556867599487305,10.145999908447266
AT,AKC,urban,2023-02-05T19:00:00,12,14.704999923706055,9.195011138916016,10.728500366210938
AT,AKC,urban,2023-02-05T20:00:00,12,13.539999961853027,10.196017265319824,12.550000190734863
AT,AKC,urban,2023-02-05T21:00:00,12,13.069999694824219,9.920233726501465,11.904000282287598
AT,AKC,urban,2023-02-05T22:00:00,12,12.775500297546387,10.160015106201172,11.545000076293945
AT,AKC,urban,2023-02-05T23:00:00,12,13.704000473022461,9.677301406860352,10.816499710083008
AT,AKC,urban,2023-02-06T00:00:00,12,14.809000015258789,10.212736129760742,11.160499572753906
AT,AKC,urban,2023-02-06T01:00:00,12,15.034000396728516,10.667343139648438,11.81149959564209
AT,AKC,urban,2023-02-06T02:00:00,12,13.722999572753906,11.629070281982422,12.503499984741211
AT,AKC,urban,2023-02-06T03:00:00,12,15.489500045776367,11.772836685180664,12.640000343322754
AT,AKC,urban,2023-02-06T04:00:00,12,16.05500030517578,12.719719886779785,12.725500106811523
AT,AKC,urban,2023-02-06T05:00:00,12,16.887500762939453,13.952516555786133,13.755999565124512
AT,AKC,urban,2023-02-06T06:00:00,12,19.10099983215332,14.606588363647461,13.771499633789062
AT,AKC,urban,2023-02-06T07:00:00,12,21.26300048828125,15.946452140808105,14.704999923706055
AT,AKC,urban,2023-02-06T08:00:00,12,23.433500289916992,16.04730224609375,13.539999961853027
AT,AKC,urban,2023-02-06T09:00:00,12,24.625499725341797,16.140918731689453,13.069999694824219
AT,AKC,urban,2023-02-06T10:00:00,12,23.826499938964844,16.459760665893555,12.775500297546387
AT,AKC,urban,2023-02-06T11:00:00,12,27.809499740600586,17.108810424804688,13.704000473022461
AT,AKC,urban,2023-02-06T12:00:00,12,30.84000015258789,18.159812927246094,14.809000015258789
AT,AKC,urban,2023-02-06T13:00:00,12,32.30550003051758,18.354402542114258,15.034000396728516
AT,AKC,urban,2023-02-06T14:00:00,12,33.438499450683594,17.466854095458984,13.722999572753906
AT,AKC,urban,2023-02-06T15:00:00,12,33.127498626708984,19.22610855102539,15.489500045776367
AT,AKC,urban,2023-02-06T16:00:00,12,32.14149856567383,19.433046340942383,16.05500030517578
AT,AKC,urban,2023-02-06T17:00:00,12,30.969497680664062,20.192214965820312,16.887500762939453
AT,AKC,urban,2023-02-06T18:00:00,12,31.697002410888672,21.18048858642578,19.10099983215332
AT,AKC,urban,2023-02-06T19:00:00,12,30.256000518798828,21.951236724853516,21.26300048828125
AT,AKC,urban,2023-02-06T20:00:00,12,27.99500274658203,22.12982177734375,23.433500289916992
AT,AKC,urban,2023-02-06T21:00:00,12,25.68549919128418,22.1846923828125,24.625499725341797
AT,AKC,urban,2023-02-06T22:00:00,12,23.466999053955078,20.969493865966797,23.826499938964844
AT,AKC,urban,2023-02-06T23:00:00,12,23.790000915527344,20.804779052734375,27.809499740600586
AT,AKC,urban,2023-02-07T00:00:00,12,22.079999923706055,22.343170166015625,30.84000015258789
AT,AKC,urban,2023-02-07T01:00:00,12,21.70400047302246,23.352739334106445,32.30550003051758
AT,AKC,urban,2023-02-07T02:00:00,12,22.079999923706055,24.5457763671875,33.438499450683594
AT,AKC,urban,2023-02-07T03:00:00,12,21.65999984741211,24.913179397583008,33.127498626708984
AT,AKC,urban,2023-02-07T04:00:00,12,23.490497589111328,24.98189353942871,32.14149856567383
AT,AKC,urban,2023-02-07T05:00:00,12,25.12350082397461,25.76335906982422,30.969497680664062
AT,AKC,urban,2023-02-07T06:00:00,12,24.10099983215332,27.330978393554688,31.697002410888672
AT,AKC,urban,2023-02-07T07:00:00,12,21.910499572753906,27.039005279541016,30.256000518798828
AT,AKC,urban,2023-02-07T08:00:00,12,19.250499725341797,25.963027954101562,27.99500274658203
AT,AKC,urban,2023-02-07T09:00:00,12,17.767000198364258,25.147289276123047,25.68549919128418
AT,AKC,urban,2023-02-07T10:00:00,12,18.143999099731445,24.018863677978516,23.466999053955078
AT,AKC,urban,2023-02-07T11:00:00,12,19.29450035095215,23.999347686767578,23.790000915527344
AT,AKC,urban,2023-02-07T12:00:00,12,20.608999252319336,22.450000762939453,22.079999923706055
AT,AKC,urban,2023-02-07T13:00:00,12,23.58049964904785,21.98032569885254,21.70400047302246
AT,AKC,urban,2023-02-07T14:00:00,12,25.15999984741211,22.760534286499023,22.079999923706055
AT,AKC,urban,2023-02-07T15:00:00,12,25.094501495361328,22.932559967041016,21.65999984741211
AT,AKC,urban,2023-02-07T16:00:00,12,26.479000091552734,24.39438247680664,23.490497589111328
AT,AKC,urban,2023-02-07T17:00:00,12,27.35300064086914,25.633045196533203,25.12350082397461
AT,AKC,urban,2023-02-07T18:00:00,12,28.227001190185547,24.33097267150879,24.10099983215332
AT,AKC,urban,2023-02-07T19:00:00,12,31.215999603271484,22.800945281982422,21.910499572753906
AT,AKC,urban,2023-02-07T20:00:00,12,31.919002532958984,20.300464630126953,19.250499725341797
AT,AKC,urban,2023-02-07T21:00:00,12,33.99100112915039,19.17291259765625,17.767000198364258
AT,AKC,urban,2023-02-07T22:00:00,12,34.4635009765625,18.171459197998047,18.143999099731445
AT,AKC,urban,2023-02-07T23:00:00,12,32.68849563598633,18.186176300048828,19.29450035095215
AT,AKC,urban,2023-02-08T00:00:00,12,30.31650161743164,17.9625186920166,20.608999252319336
AT,AKC,urban,2023-02-08T01:00:00,12,21.604999542236328,19.552919387817383,23.58049964904785
AT,AKC,urban,2023-02-08T02:00:00,12,16.70599937438965,20.546478271484375,25.15999984741211
AT,AKC,urban,2023-02-08T03:00:00,12,15.992500305175781,21.951114654541016,25.094501495361328
AT,AKC,urban,2023-02-08T04:00:00,12,17.64150047302246,23.738121032714844,26.479000091552734
AT,AKC,urban,2023-02-08T05:00:00,12,16.952499389648438,25.85378646850586,27.35300064086914
AT,AKC,urban,2023-02-08T06:00:00,12,17.83099937438965,27.70423126220703,28.227001190185547
AT,AKC,urban,2023-02-08T07:00:00,12,19.243499755859375,30.590526580810547,31.215999603271484
AT,AKC,urban,2023-02-08T08:00:00,12,20.944000244140625,31.648170471191406,31.919002532958984
AT,AKC,urban,2023-02-08T09:00:00,12,24.054500579833984,33.400230407714844,33.99100112915039
AT,AKC,urban,2023-02-08T10:00:00,12,26.861499786376953,33.82240295410156,34.4635009765625
AT,AKC,urban,2023-02-08T11:00:00,12,25.683002471923828,32.45673370361328,32.68849563598633
AT,AKC,urban,2023-02-08T12:00:00,12,24.096500396728516,31.26278305053711,30.31650161743164
AT,AKC,urban,2023-02-08T13:00:00,12,23.24049949645996,25.922271728515625,21.604999542236328
AT,AKC,urban,2023-02-08T14:00:00,12,22.72599983215332,23.273107528686523,16.70599937438965
AT,AKC,urban,2023-02-08T15:00:00,12,23.753000259399414,21.0647029876709,15.992500305175781
AT,AKC,urban,2023-02-08T16:00:00,12,26.825000762939453,20.69191551208496,17.64150047302246
AT,AKC,urban,2023-02-08T17:00:00,12,32.59000015258789,18.15808868408203,16.952499389648438
AT,AKC,urban,2023-02-08T18:00:00,12,33.471500396728516,20.564165115356445,17.83099937438965
AT,AKC,urban,2023-02-08T19:00:00,12,30.73800277709961,20.43616485595703,19.243499755859375
AT,AKC,urban,2023-02-08T20:00:00,12,28.042999267578125,23.123226165771484,20.944000244140625
AT,AKC,urban,2023-02-08T21:00:00,12,24.444499969482422,23.854610443115234,24.054500579833984
AT,AKC,urban,2023-02-08T22:00:00,12,20.948999404907227,27.5244197845459,26.861499786376953
AT,AKC,urban,2023-02-08T23:00:00,12,18.648000717163086,25.386398315429688,25.683002471923828
AT,AKC,urban,2023-02-09T00:00:00,12,18.874000549316406,25.762794494628906,24.096500396728516
AT,AKC,urban,2023-02-09T01:00:00,12,18.897499084472656,24.172983169555664,23.24049949645996
AT,AKC,urban,2023-02-09T02:00:00,12,18.94849967956543,24.76439666748047,22.72599983215332
AT,AKC,urban,2023-02-09T03:00:00,12,18.260000228881836,25.270103454589844,23.753000259399414
AT,AKC,urban,2023-02-09T04:00:00,12,18.374000549316406,27.44844627380371,26.825000762939453
AT,AKC,urban,2023-02-09T05:00:00,12,18.815500259399414,29.176292419433594,32.59000015258789
AT,AKC,urban,2023-02-09T06:00:00,12,20.441999435424805,29.433917999267578,33.471500396728516
AT,AKC,urban,2023-02-09T07:00:00,12,21.24650001525879,28.260997772216797,30.73800277709961
AT,AKC,urban,2023-02-09T08:00:00,12,22.411500930786133,26.137996673583984,28.042999267578125
AT,AKC,urban,2023-02-09T09:00:00,12,22.02899932861328,25.096466064453125,24.444499969482422
AT,AKC,urban,2023-02-09T10:00:00,12,22.23150062561035,22.19999122619629,20.948999404907227
AT,AKC,urban,2023-02-09T11:00:00,12,23.17099952697754,21.88611602783203,18.648000717163086
AT,AKC,urban,2023-02-09T12:00:00,12,23.105499267578125,19.596668243408203,18.874000549316406
AT,AKC,urban,2023-02-09T13:00:00,12,19.80900001525879,19.96568489074707,18.897499084472656
AT,AKC,urban,2023-02-09T14:00:00,12,21.27549934387207,19.0826416015625,18.94849967956543
AT,AKC,urban,2023-02-09T15:00:00,12,21.66550064086914,19.67127227783203,18.260000228881836
AT,AKC,urban,2023-02-09T16:00:00,12,23.68400001525879,18.808467864990234,18.374000549316406
AT,AKC,urban,2023-02-09T17:00:00,12,25.113500595092773,19.795856475830078,18.815500259399414
AT,AKC,urban,2023-02-09T18:00:00,12,27.159000396728516,19.787508010864258,20.441999435424805
AT,AKC,urban,2023-02-09T19:00:00,12,24.645000457763672,20.54850959777832,21.24650001525879
AT,AKC,urban,2023-02-09T20:00:00,12,24.738502502441406,20.236732482910156,22.411500930786133
AT,AKC,urban,2023-02-09T21:00:00,12,27.71500015258789,19.811126708984375,22.02899932861328
AT,AKC,urban,2023-02-09T22:00:00,12,55.992000579833984,19.34845733642578,22.23150062561035
AT,AKC,urban,2023-02-09T23:00:00,12,28.239002227783203,19.99468231201172,23.17099952697754
AT,AKC,urban,2023-02-10T00:00:00,12,22.038999557495117,19.433162689208984,23.105499267578125
AT,AKC,urban,2023-02-10T01:00:00,12,19.429000854492188,17.32000160217285,19.80900001525879
AT,AKC,urban,2023-02-10T02:00:00,12,21.045000076293945,18.898395538330078,21.27549934387207
AT,AKC,urban,2023-02-10T03:00:00,12,23.954500198364258,19.730241775512695,21.66550064086914
AT,AKC,urban,2023-02-10T04:00:00,12,24.547500610351562,21.599809646606445,23.68400001525879
AT,AKC,urban,2023-02-10T05:00:00,12,25.54400062561035,23.19950294494629,25.113500595092773
AT,AKC,urban,2023-02-10T06:00:00,12,27.077999114990234,24.77407455444336,27.159000396728516
AT,AKC,urban,2023-02-10T07:00:00,12,26.364999771118164,23.395771026611328,24.645000457763672
AT,AKC,urban,2023-02-10T08:00:00,12,26.381000518798828,24.5506591796875,24.738502502441406
AT,AKC,urban,2023-02-10T09:00:00,12,26.280498504638672,26.522048950195312,27.71500015258789
AT,AKC,urban,2023-02-10T10:00:00,12,26.708499908447266,25.33594512939453,55.992000579833984
AT,AKC,urban,2023-02-10T11:00:00,12,26.109500885009766,23.832923889160156,28.239002227783203
AT,AKC,urban,2023-02-10T12:00:00,12,26.588499069213867,22.244800567626953,22.038999557495117
AT,AKC,urban,2023-02-10T13:00:00,12,29.556499481201172,18.402664184570312,19.429000854492188
AT,AKC,urban,2023-02-10T14:00:00,12,33.53850173950195,18.879732131958008,21.045000076293945
AT,AKC,urban,2023-02-10T15:00:00,12,33.08300018310547,21.615068435668945,23.954500198364258
AT,AKC,urban,2023-02-10T16:00:00,12,33.72800064086914,22.10115623474121,24.547500610351562
AT,AKC,urban,2023-02-10T17:00:00,12,31.75400161743164,21.769466400146484,25.54400062561035
AT,AKC,urban,2023-02-10T18:00:00,12,31.898502349853516,24.76026153564453,27.077999114990234
AT,AKC,urban,2023-02-10T19:00:00,12,30.048999786376953,23.063600540161133,26.364999771118164
AT,AKC,urban,2023-02-10T20:00:00,12,25.319000244140625,26.066314697265625,26.381000518798828
AT,AKC,urban,2023-02-10T21:00:00,12,25.05299949645996,23.720489501953125,26.280498504638672
AT,AKC,urban,2023-02-10T22:00:00,12,25.76099967956543,28.113967895507812,26.708499908447266
AT,AKC,urban,2023-02-10T23:00:00,12,21.131000518798828,25.051490783691406,26.109500885009766
AT,AKC,urban,2023-02-11T00:00:00,12,19.20549964904785,27.328577041625977,26.588499069213867
AT,AKC,urban,2023-02-11T01:00:00,12,18.621999740600586,24.223552703857422,29.556499481201172
AT,AKC,urban,2023-02-11T02:00:00,12,16.832500457763672,27.88344955444336,33.53850173950195
AT,AKC,urban,2023-02-11T03:00:00,12,15.645999908447266,25.615245819091797,33.08300018310547
AT,AKC,urban,2023-02-11T04:00:00,12,16.579500198364258,27.988056182861328,33.72800064086914
AT,AKC,urban,2023-02-11T05:00:00,12,18.06800079345703,24.829830169677734,31.75400161743164
AT,AKC,urban,2023-02-11T06:00:00,12,18.866500854492188,25.57642364501953,31.898502349853516
AT,AKC,urban,2023-02-11T07:00:00,12,19.5575008392334,21.872264862060547,30.048999786376953
AT,AKC,urban,2023-02-11T08:00:00,12,20.349000930786133,18.66525650024414,25.319000244140625
AT,AKC,urban,2023-02-11T09:00:00,12,20.80150032043457,17.69978141784668,25.05299949645996
AT,AKC,urban,2023-02-11T10:00:00,12,21.333999633789062,17.497802734375,25.76099967956543
AT,AKC,urban,2023-02-11T11:00:00,12,19.56999969482422,13.911625862121582,21.131000518798828
AT,AKC,urban,2023-02-11T12:00:00,12,18.21150016784668,11.482102394104004,19.20549964904785
AT,AKC,urban,2023-02-11T13:00:00,12,17.28849983215332,11.774457931518555,18.621999740600586
AT,AKC,urban,2023-02-11T14:00:00,12,17.5049991607666,9.97630500793457,16.832500457763672
AT,AKC,urban,2023-02-11T15:00:00,12,18.97100067138672,9.581031799316406,15.645999908447266
AT,AKC,urban,2023-02-11T16:00:00,12,21.172000885009766,10.588179588317871,16.579500198364258
AT,AKC,urban,2023-02-11T17:00:00,12,21.70549964904785,12.109161376953125,18.06800079345703
AT,AKC,urban,2023-02-11T18:00:00,12,21.20549964904785,13.574836730957031,18.866500854492188
AT,AKC,urban,2023-02-11T19:00:00,12,20.374500274658203,14.904529571533203,19.5575008392334
AT,AKC,urban,2023-02-11T20:00:00,12,17.954500198364258,16.392303466796875,20.349000930786133
AT,AKC,urban,2023-02-11T21:00:00,12,15.467000007629395,16.63617515563965,20.80150032043457
AT,AKC,urban,2023-02-11T22:00:00,12,13.80150032043457,16.978654861450195,21.333999633789062
AT,AKC,urban,2023-02-11T23:00:00,12,12.621000289916992,15.193812370300293,19.56999969482422
AT,AKC,urban,2023-02-12T00:00:00,12,13.072999954223633,14.369288444519043,18.21150016784668
AT,AKC,urban,2023-02-12T01:00:00,12,14.93649959564209,13.40700912475586,17.28849983215332
AT,AKC,urban,2023-02-12T02:00:00,12,17.224000930786133,13.90105152130127,17.5049991607666
AT,AKC,urban,2023-02-12T03:00:00,12,17.26449966430664,15.30255126953125,18.97100067138672
AT,AKC,urban,2023-02-12T04:00:00,12,17.202499389648438,17.720102310180664,21.172000885009766
AT,AKC,urban,2023-02-12T05:00:00,12,18.58300018310547,19.230804443359375,21.70549964904785
AT,AKC,urban,2023-02-12T06:00:00,12,18.59950065612793,20.27423858642578,21.20549964904785
AT,AKC,urban,2023-02-12T07:00:00,12,17.508499145507812,21.76775360107422,20.374500274658203
AT,AKC,urban,2023-02-12T08:00:00,12,13.920999526977539,21.932130813598633,17.954500198364258
AT,AKC,urban,2023-02-12T09:00:00,12,11.626999855041504,21.674209594726562,15.467000007629395
AT,AKC,urban,2023-02-12T10:00:00,12,15.11299991607666,21.549463272094727,13.80150032043457
AT,AKC,urban,2023-02-12T11:00:00,12,15.640000343322754,21.849634170532227,12.621000289916992
AT,AKC,urban,2023-02-12T12:00:00,12,14.071999549865723,22.572736740112305,13.072999954223633
AT,AKC,urban,2023-02-12T13:00:00,12,14.70300006866455,24.461994171142578,14.93649959564209
AT,AKC,urban,2023-02-12T14:00:00,12,13.66450023651123,25.252649307250977,17.224000930786133
AT,AKC,urban,2023-02-12T15:00:00,12,11.373000144958496,25.32733917236328,17.26449966430664
AT,AKC,urban,2023-02-12T16:00:00,12,11.100500106811523,24.479175567626953,17.202499389648438
AT,AKC,urban,2023-02-12T17:00:00,12,12.293499946594238,25.583145141601562,18.58300018310547
AT,AKC,urban,2023-02-12T18:00:00,12,9.674850463867188,24.728689193725586,18.59950065612793
AT,AKC,urban,2023-02-12T19:00:00,12,10.996000289916992,23.815967559814453,17.508499145507812
AT,AKC,urban,2023-02-12T20:00:00,12,11.184499740600586,20.8099365234375,13.920999526977539
AT,AKC,urban,2023-02-12T21:00:00,12,10.084150314331055,18.81920051574707,11.626999855041504
AT,AKC,urban,2023-02-12T22:00:00,12,9.257299423217773,20.264949798583984,15.11299991607666
AT,AKC,urban,2023-02-12T23:00:00,12,7.721199035644531,19.478731155395508,15.640000343322754
AT,AKC,urban,2023-02-13T00:00:00,12,7.397298812866211,16.490808486938477,14.071999549865723
AT,AKC,urban,2023-02-13T01:00:00,12,7.810898780822754,16.176532745361328,14.70300006866455
AT,AKC,urban,2023-02-13T02:00:00,12,6.081900119781494,15.138265609741211,13.66450023651123
AT,AKC,urban,2023-02-13T03:00:00,12,6.696399211883545,14.38405990600586,11.373000144958496
AT,AKC,urban,2023-02-13T04:00:00,12,7.348499774932861,15.041688919067383,11.100500106811523
AT,AKC,urban,2023-02-13T05:00:00,12,7.918000221252441,16.508743286132812,12.293499946594238
AT,AKC,urban,2023-02-13T06:00:00,12,8.012048721313477,15.954256057739258,9.674850463867188
AT,AKC,urban,2023-02-13T07:00:00,12,7.762948989868164,18.419662475585938,10.996000289916992
AT,AKC,urban,2023-02-13T08:00:00,12,7.714300155639648,18.648012161254883,11.184499740600586
AT,AKC,urban,2023-02-13T09:00:00,12,8.228899002075195,18.696990966796875,10.084150314331055
AT,AKC,urban,2023-02-13T10:00:00,12,6.2481489181518555,17.85215950012207,9.257299423217773
AT,AKC,urban,2023-02-13T11:00:00,12,5.652548313140869,17.810752868652344,7.721199035644531
AT,AKC,urban,2023-02-13T12:00:00,12,7.3772501945495605,17.646780014038086,7.397298812866211
AT,AKC,urban,2023-02-13T13:00:00,12,10.753000259399414,18.5406551361084,7.810898780822754
AT,AKC,urban,2023-02-13T14:00:00,12,12.53600025177002,17.482393264770508,6.081900119781494
AT,AKC,urban,2023-02-13T15:00:00,12,13.321499824523926,19.171070098876953,6.696399211883545
AT,AKC,urban,2023-02-13T16:00:00,12,13.48449993133545,19.3087215423584,7.348499774932861
AT,AKC,urban,2023-02-13T17:00:00,12,12.225500106811523,21.21291732788086,7.918000221252441
AT,AKC,urban,2023-02-13T18:00:00,12,12.446499824523926,20.35530662536621,8.012048721313477
AT,AKC,urban,2023-02-13T19:00:00,12,12.202500343322754,21.02993392944336,7.762948989868164
AT,AKC,urban,2023-02-13T20:00:00,12,14.411499977111816,19.506425857543945,7.714300155639648
AT,AKC,urban,2023-02-13T21:00:00,12,14.184499740600586,19.66986083984375,8.228899002075195
AT,AKC,urban,2023-02-13T22:00:00,12,15.830499649047852,17.142742156982422,6.2481489181518555
AT,AKC,urban,2023-02-13T23:00:00,12,16.464500427246094,15.37579345703125,5.652548313140869
AT,AKC,urban,2023-02-14T00:00:00,12,17.01300048828125,14.45259952545166,7.3772501945495605
AT,AKC,urban,2023-02-14T01:00:00,12,17.520999908447266,13.531657218933105,10.753000259399414
AT,AKC,urban,2023-02-14T02:00:00,12,17.414499282836914,12.895397186279297,12.53600025177002
AT,AKC,urban,2023-02-14T03:00:00,12,17.02899932861328,12.861820220947266,13.321499824523926
AT,AKC,urban,2023-02-14T04:00:00,12,17.81450080871582,12.554727554321289,13.48449993133545
AT,AKC,urban,2023-02-14T05:00:00,12,18.214500427246094,12.153053283691406,12.225500106811523
AT,AKC,urban,2023-02-14T06:00:00,12,18.24850082397461,13.157660484313965,12.446499824523926
AT,AKC,urban,2023-02-14T07:00:00,12,18.264999389648438,13.6992826461792,12.202500343322754
AT,AKC,urban,2023-02-14T08:00:00,12,18.12150001525879,15.64845085144043,14.411499977111816
AT,AKC,urban,2023-02-14T09:00:00,12,18.968000411987305,15.707413673400879,14.184499740600586
AT,AKC,urban,2023-02-14T10:00:00,12,18.77199935913086,17.18114471435547,15.830499649047852
AT,AKC,urban,2023-02-14T11:00:00,12,19.167999267578125,16.986047744750977,16.464500427246094
AT,AKC,urban,2023-02-14T12:00:00,12,19.664499282836914,17.59302520751953,17.01300048828125
AT,AKC,urban,2023-02-14T13:00:00,12,20.55150032043457,18.01946258544922,17.520999908447266
AT,AKC,urban,2023-02-14T14:00:00,12,21.03350067138672,18.754077911376953,17.414499282836914
AT,AKC,urban,2023-02-14T15:00:00,12,21.521499633789062,18.679853439331055,17.02899932861328
AT,AKC,urban,2023-02-14T16:00:00,12,21.53900146484375,19.813377380371094,17.81450080871582
AT,AKC,urban,2023-02-14T17:00:00,12,23.32900047302246,20.03235626220703,18.214500427246094
AT,AKC,urban,2023-02-14T18:00:00,12,25.865999221801758,20.674259185791016,18.24850082397461
AT,AKC,urban,2023-02-14T19:00:00,12,22.600000381469727,21.120769500732422,18.264999389648438
AT,AKC,urban,2023-02-14T20:00:00,12,22.30900001525879,21.523433685302734,18.12150001525879
AT,AKC,urban,2023-02-14T21:00:00,12,22.454998016357422,22.87596893310547,18.968000411987305
AT,AKC,urban,2023-02-14T22:00:00,12,22.92449951171875,23.435007095336914,18.77199935913086
AT,AKC,urban,2023-02-14T23:00:00,12,22.516000747680664,24.478710174560547,19.167999267578125
AT,AKC,urban,2023-02-15T00:00:00,12,22.8799991607666,25.141700744628906,19.664499282836914
AT,AKC,urban,2023-02-15T01:00:00,12,23.92300033569336,26.264999389648438,20.55150032043457
AT,AKC,urban,2023-02-15T02:00:00,12,22.663000106811523,26.429460525512695,21.03350067138672
AT,AKC,urban,2023-02-15T03:00:00,12,23.048999786376953,27.074703216552734,21.521499633789062
AT,AKC,urban,2023-02-15T04:00:00,12,25.135000228881836,26.881084442138672,21.53900146484375
AT,AKC,urban,2023-02-15T05:00:00,12,26.631000518798828,28.318622589111328,23.32900047302246
AT,AKC,urban,2023-02-15T06:00:00,12,29.839000701904297,29.421855926513672,25.865999221801758
AT,AKC,urban,2023-02-15T07:00:00,12,31.966999053955078,26.2698974609375,22.600000381469727
AT,AKC,urban,2023-02-15T08:00:00,12,33.33700180053711,25.602428436279297,22.30900001525879
AT,AKC,urban,2023-02-15T09:00:00,12,34.42599868774414,24.618656158447266,22.454998016357422
AT,AKC,urban,2023-02-15T10:00:00,12,34.0255012512207,24.199359893798828,22.92449951171875
AT,AKC,urban,2023-02-15T11:00:00,12,34.95199966430664,23.09328842163086,22.516000747680664
AT,AKC,urban,2023-02-15T12:00:00,12,35.02949905395508,21.551027297973633,22.8799991607666
AT,AKC,urban,2023-02-15T13:00:00,12,35.095001220703125,21.112579345703125,23.92300033569336
AT,AKC,urban,2023-02-15T14:00:00,12,34.755001068115234,19.571504592895508,22.663000106811523
AT,AKC,urban,2023-02-15T15:00:00,12,28.784500122070312,19.0135555267334,23.048999786376953
AT,AKC,urban,2023-02-15T16:00:00,12,19.79400062561035,19.071889877319336,25.135000228881836
AT,AKC,urban,2023-02-15T17:00:00,12,19.54599952697754,18.611995697021484,26.631000518798828
AT,AKC,urban,2023-02-15T18:00:00,12,21.636999130249023,19.226900100708008,29.839000701904297
AT,AKC,urban,2023-02-15T19:00:00,12,22.23849868774414,17.93906021118164,31.966999053955078
AT,AKC,urban,2023-02-15T20:00:00,12,22.030500411987305,17.722396850585938,33.33700180053711
AT,AKC,urban,2023-02-15T21:00:00,12,27.00200080871582,16.885093688964844,34.42599868774414
AT,AKC,urban,2023-02-15T22:00:00,12,28.654499053955078,16.05199432373047,34.0255012512207
AT,AKC,urban,2023-02-15T23:00:00,12,31.12750244140625,16.235435485839844,34.95199966430664
AT,AKC,urban,2023-02-16T00:00:00,12,29.858001708984375,16.12767219543457,35.02949905395508
AT,AKC,urban,2023-02-16T01:00:00,12,30.551502227783203,16.562158584594727,35.095001220703125
AT,AKC,urban,2023-02-16T02:00:00,12,29.27899932861328,16.988252639770508,34.755001068115234
AT,AKC,urban,2023-02-16T03:00:00,12,29.513999938964844,14.642889976501465,28.784500122070312
AT,AKC,urban,2023-02-16T04:00:00,12,29.66699981689453,13.677950859069824,19.79400062561035
AT,AKC,urban,2023-02-16T05:00:00,12,28.804500579833984,14.82081127166748,19.54599952697754
AT,AKC,urban,2023-02-16T06:00:00,12,28.980499267578125,14.635396957397461,21.636999130249023
AT,AKC,urban,2023-02-16T07:00:00,12,32.597999572753906,14.991382598876953,22.23849868774414
AT,AKC,urban,2023-02-16T08:00:00,12,34.698001861572266,14.755699157714844,22.030500411987305
AT,AKC,urban,2023-02-16T09:00:00,12,34.78200149536133,15.987062454223633,27.00200080871582
AT,AKC,urban,2023-02-16T10:00:00,12,34.119998931884766,15.6543550491333,28.654499053955078
AT,AKC,urban,2023-02-16T11:00:00,12,33.686500549316406,16.64558982849121,31.12750244140625
AT,AKC,urban,2023-02-16T12:00:00,12,33.089500427246094,15.889089584350586,29.858001708984375
AT,AKC,urban,2023-02-16T13:00:00,12,32.34600067138672,15.59606647491455,30.551502227783203
AT,AKC,urban,2023-02-16T14:00:00,12,31.685501098632812,15.52794361114502,29.27899932861328
AT,AKC,urban,2023-02-16T15:00:00,12,30.282001495361328,16.528335571289062,29.513999938964844
AT,AKC,urban,2023-02-16T16:00:00,12,22.364999771118164,17.6507568359375,29.66699981689453
AT,AKC,urban,2023-02-16T17:00:00,12,14.725150108337402,19.30632209777832,28.804500579833984
AT,AKC,urban,2023-02-16T18:00:00,12,9.88010025024414,21.205860137939453,28.980499267578125
AT,AKC,urban,2023-02-16T19:00:00,12,10.120550155639648,24.222042083740234,32.597999572753906
AT,AKC,urban,2023-02-16T20:00:00,12,9.541199684143066,26.218318939208984,34.698001861572266
AT,AKC,urban,2023-02-16T21:00:00,12,9.192998886108398,27.67728042602539,34.78200149536133
AT,AKC,urban,2023-02-16T22:00:00,12,8.367098808288574,29.102977752685547,34.119998931884766
AT,AKC,urban,2023-02-16T23:00:00,12,7.666549205780029,28.94155502319336,33.686500549316406
AT,AKC,urban,2023-02-17T00:00:00,12,6.854249000549316,28.540313720703125,33.089500427246094
AT,AKC,urban,2023-02-17T01:00:00,12,5.942249774932861,28.079700469970703,32.34600067138672
AT,AKC,urban,2023-02-17T02:00:00,12,4.602900505065918,27.496173858642578,31.685501098632812
AT,AKC,urban,2023-02-17T03:00:00,12,4.287899017333984,27.864206314086914,30.282001495361328
AT,AKC,urban,2023-02-17T04:00:00,12,5.031700134277344,24.68784523010254,22.364999771118164
AT,AKC,urban,2023-02-17T05:00:00,12,5.817500114440918,21.412010192871094,14.725150108337402
AT,AKC,urban,2023-02-17T06:00:00,12,5.816999912261963,18.260007858276367,9.88010025024414
AT,AKC,urban,2023-02-17T07:00:00,12,5.032999038696289,17.29257583618164,10.120550155639648
AT,AKC,urban,2023-02-17T08:00:00,12,4.558350086212158,15.109314918518066,9.541199684143066
AT,AKC,urban,2023-02-17T09:00:00,12,4.5903000831604,14.532378196716309,9.192998886108398
AT,AKC,urban,2023-02-17T10:00:00,12,4.066248893737793,12.32382869720459,8.367098808288574
AT,AKC,urban,2023-02-17T11:00:00,12,3.4044485092163086,10.591045379638672,7.666549205780029
AT,AKC,urban,2023-02-17T12:00:00,12,3.1291990280151367,9.600335121154785,6.854249000549316
AT,AKC,urban,2023-02-17T13:00:00,12,2.987600326538086,8.469855308532715,5.942249774932861
AT,AKC,urban,2023-02-17T14:00:00,12,2.7708005905151367,7.281946182250977,4.602900505065918
AT,AKC,urban,2023-02-17T15:00:00,12,2.785048484802246,6.607295513153076,4.287899017333984
AT,AKC,urban,2023-02-17T16:00:00,12,2.5488996505737305,7.457982540130615,5.031700134277344
AT,AKC,urban,2023-02-17T17:00:00,12,2.1518993377685547,7.233684062957764,5.817500114440918
AT,AKC,urban,2023-02-17T18:00:00,12,2.5045995712280273,7.007713794708252,5.816999912261963
AT,AKC,urban,2023-02-17T19:00:00,12,2.512099266052246,6.4948039054870605,5.032999038696289
AT,AKC,urban,2023-02-17T20:00:00,12,2.7325992584228516,6.393855094909668,4.558350086212158
AT,AKC,urban,2023-02-17T21:00:00,12,3.0129995346069336,6.239625453948975,4.5903000831604
AT,AKC,urban,2023-02-17T22:00:00,12,3.2692489624023438,5.838573932647705,4.066248893737793
AT,AKC,urban,2023-02-17T23:00:00,12,3.2925500869750977,5.263895511627197,3.4044485092163086
AT,AKC,urban,2023-02-18T00:00:00,12,2.961050033569336,5.100147724151611,3.1291990280151367
AT,AKC,urban,2023-02-18T01:00:00,12,2.4315500259399414,4.843145847320557,2.987600326538086
AT,AKC,urban,2023-02-18T02:00:00,12,2.119647979736328,4.529781818389893,2.7708005905151367
AT,AKC,urban,2023-02-18T03:00:00,12,1.9617986679077148,4.641388893127441,2.785048484802246
AT,AKC,urban,2023-02-18T04:00:00,12,2.131349563598633,4.573256015777588,2.5488996505737305
AT,AKC,urban,2023-02-18T05:00:00,12,2.206549644470215,4.681638240814209,2.1518993377685547
AT,AKC,urban,2023-02-18T06:00:00,12,2.3151988983154297,5.0890212059021,2.5045995712280273
AT,AKC,urban,2023-02-18T07:00:00,12,2.3864498138427734,5.393406391143799,2.512099266052246
AT,AKC,urban,2023-02-18T08:00:00,12,2.1229991912841797,5.583974361419678,2.7325992584228516
AT,AKC,urban,2023-02-18T09:00:00,12,1.654250144958496,5.645418643951416,3.0129995346069336
AT,AKC,urban,2023-02-18T10:00:00,12,1.564499855041504,5.587991237640381,3.2692489624023438
AT,AKC,urban,2023-02-18T11:00:00,12,1.674098014831543,5.073270797729492,3.2925500869750977
AT,AKC,urban,2023-02-18T12:00:00,12,1.8855504989624023,5.034033298492432,2.961050033569336
AT,AKC,urban,2023-02-18T13:00:00,12,1.9452505111694336,4.113183975219727,2.4315500259399414
AT,AKC,urban,2023-02-18T14:00:00,12,2.085049629211426,3.9292984008789062,2.119647979736328
AT,AKC,urban,2023-02-18T15:00:00,12,3.4098005294799805,3.6657724380493164,1.9617986679077148
AT,AKC,urban,2023-02-18T16:00:00,12,4.175250053405762,3.818661689758301,2.131349563598633
AT,AKC,urban,2023-02-18T17:00:00,12,4.006750106811523,3.971606731414795,2.206549644470215
AT,AKC,urban,2023-02-18T18:00:00,12,3.4307985305786133,4.062644958496094,2.3151988983154297
AT,AKC,urban,2023-02-18T19:00:00,12,2.876049041748047,4.288905143737793,2.3864498138427734
AT,AKC,urban,2023-02-18T20:00:00,12,1.9432487487792969,4.055088043212891,2.1229991912841797
AT,AKC,urban,2023-02-18T21:00:00,12,1.970250129699707,3.920933723449707,1.654250144958496
AT,AKC,urban,2023-02-18T22:00:00,12,1.3697996139526367,3.824779510498047,1.564499855041504
AT,AKC,urban,2023-02-18T23:00:00,12,1.553349494934082,4.101378917694092,1.674098014831543
AT,AKC,urban,2023-02-19T00:00:00,12,1.8582496643066406,4.196149826049805,1.8855504989624023
AT,AKC,urban,2023-02-19T01:00:00,12,1.433150291442871,4.625425338745117,1.9452505111694336
AT,AKC,urban,2023-02-19T02:00:00,12,1.7427988052368164,4.636841773986816,2.085049629211426
AT,AKC,urban,2023-02-19T03:00:00,12,1.6743993759155273,5.688553810119629,3.4098005294799805
AT,AKC,urban,2023-02-19T04:00:00,12,1.2790002822875977,5.921574592590332,4.175250053405762
AT,AKC,urban,2023-02-19T05:00:00,12,1.3938989639282227,6.0043487548828125,4.006750106811523
AT,AKC,urban,2023-02-19T06:00:00,12,1.7023000717163086,5.451370716094971,3.4307985305786133
AT,AKC,urban,2023-02-19T07:00:00,12,2.123049736022949,5.223939895629883,2.876049041748047
AT,AKC,urban,2023-02-19T08:00:00,12,3.2864990234375,4.430969715118408,1.9432487487792969
AT,AKC,urban,2023-02-19T09:00:00,12,5.428699970245361,4.334766387939453,1.970250129699707
AT,AKC,urban,2023-02-19T10:00:00,12,5.012148857116699,3.451169967651367,1.3697996139526367
AT,AKC,urban,2023-02-19T11:00:00,12,5.018650054931641,3.5441207885742188,1.553349494934082
AT,AKC,urban,2023-02-19T12:00:00,12,4.90654993057251,3.3435001373291016,1.8582496643066406
AT,AKC,urban,2023-02-19T13:00:00,12,4.727448463439941,3.1153669357299805,1.433150291442871
AT,AKC,urban,2023-02-19T14:00:00,12,5.014648914337158,3.3695011138916016,1.7427988052368164
AT,AKC,urban,2023-02-19T15:00:00,12,5.933849811553955,3.5376338958740234,1.6743993759155273
AT,AKC,urban,2023-02-19T16:00:00,12,7.2308502197265625,3.5189685821533203,1.2790002822875977
AT,AKC,urban,2023-02-19T17:00:00,12,7.5433502197265625,3.936349391937256,1.3938989639282227
AT,AKC,urban,2023-02-19T18:00:00,12,7.74324893951416,4.698258876800537,1.7023000717163086
AT,AKC,urban,2023-02-19T19:00:00,12,7.622249126434326,5.461460590362549,2.123049736022949
AT,AKC,urban,2023-02-19T20:00:00,12,5.93704891204834,6.641030788421631,3.2864990234375
AT,AKC,urban,2023-02-19T21:00:00,12,5.909249305725098,8.638930320739746,5.428699970245361
AT,AKC,urban,2023-02-19T22:00:00,12,5.773598670959473,9.033206939697266,5.012148857116699
AT,AKC,urban,2023-02-19T23:00:00,12,5.205749034881592,9.310190200805664,5.018650054931641
AT,AKC,urban,2023-02-20T00:00:00,12,4.982600212097168,10.176459312438965,4.90654993057251
AT,AKC,urban,2023-02-20T01:00:00,12,4.821800231933594,11.283355712890625,4.727448463439941
AT,AKC,urban,2023-02-20T02:00:00,12,4.085100173950195,12.75435733795166,5.014648914337158
AT,AKC,urban,2023-02-20T03:00:00,12,3.787600517272949,14.243547439575195,5.933849811553955
AT,AKC,urban,2023-02-20T04:00:00,12,3.956249237060547,15.475181579589844,7.2308502197265625
AT,AKC,urban,2023-02-20T05:00:00,12,4.249448776245117,15.218311309814453,7.5433502197265625
AT,AKC,urban,2023-02-20T06:00:00,12,4.219399929046631,14.710221290588379,7.74324893951416
AT,AKC,urban,2023-02-20T07:00:00,12,4.030398845672607,14.008930206298828,7.622249126434326
AT,AKC,urban,2023-02-20T08:00:00,12,3.640199661254883,12.176983833312988,5.93704891204834
AT,AKC,urban,2023-02-20T09:00:00,12,3.565548896789551,11.337888717651367,5.909249305725098
AT,AKC,urban,2023-02-20T10:00:00,12,3.8393993377685547,10.304888725280762,5.773598670959473
AT,AKC,urban,2023-02-20T11:00:00,12,3.703049659729004,9.21297550201416,5.205749034881592
AT,AKC,urban,2023-02-20T12:00:00,12,3.8865489959716797,8.158797264099121,4.982600212097168
AT,AKC,urban,2023-02-20T13:00:00,12,4.101449012756348,7.296443462371826,4.821800231933594
AT,AKC,urban,2023-02-20T14:00:00,12,4.156000137329102,5.660582065582275,4.085100173950195
AT,AKC,urban,2023-02-20T15:00:00,12,4.422450065612793,4.492907524108887,3.787600517272949
AT,AKC,urban,2023-02-20T16:00:00,12,4.420848846435547,3.6116294860839844,3.956249237060547
AT,AKC,urban,2023-02-20T17:00:00,12,4.956298828125,3.1842432022094727,4.249448776245117
AT,AKC,urban,2023-02-20T18:00:00,12,5.85045051574707,2.9615907669067383,4.219399929046631
AT,AKC,urban,2023-02-20T19:00:00,12,6.370150089263916,2.8688201904296875,4.030398845672607
AT,AKC,urban,2023-02-20T20:00:00,12,6.356400012969971,2.4607715606689453,3.640199661254883
AT,AKC,urban,2023-02-20T21:00:00,12,6.992198944091797,2.3935375213623047,3.565548896789551
AT,AKC,urban,2023-02-20T22:00:00,12,6.84060001373291,2.349154472351074,3.8393993377685547
AT,AKC,urban,2023-02-20T23:00:00,12,5.833099842071533,2.215216636657715,3.703049659729004
AT,AKC,urban,2023-02-21T00:00:00,12,5.109799861907959,2.3093442916870117,3.8865489959716797
AT,AKC,urban,2023-02-21T01:00:00,12,3.505849838256836,2.7408294677734375,4.101449012756348
AT,AKC,urban,2023-02-21T02:00:00,12,3.2778491973876953,3.0333728790283203,4.156000137329102
AT,AKC,urban,2023-02-21T03:00:00,12,3.3566484451293945,3.6364517211914062,4.422450065612793
AT,AKC,urban,2023-02-21T04:00:00,12,3.7524490356445312,4.044040679931641,4.420848846435547
AT,AKC,urban,2023-02-21T05:00:00,12,4.0383501052856445,4.681163787841797,4.956298828125
AT,AKC,urban,2023-02-21T06:00:00,12,4.302350044250488,5.304022312164307,5.85045051574707
AT,AKC,urban,2023-02-21T07:00:00,12,4.500148773193359,5.742738723754883,6.370150089263916
AT,AKC,urban,2023-02-21T08:00:00,12,4.398049831390381,6.0155415534973145,6.356400012969971
AT,AKC,urban,2023-02-21T09:00:00,12,3.959498882293701,7.147284984588623,6.992198944091797
AT,AKC,urban,2023-02-21T10:00:00,12,3.5214500427246094,6.669250011444092,6.84060001373291
AT,AKC,urban,2023-02-21T11:00:00,12,3.811199188232422,6.369868755340576,5.833099842071533
AT,AKC,urban,2023-02-21T12:00:00,12,3.665999412536621,5.637781620025635,5.109799861907959
AT,AKC,urban,2023-02-21T13:00:00,12,3.564549446105957,4.801689624786377,3.505849838256836
AT,AKC,urban,2023-02-21T14:00:00,12,3.505049705505371,4.450784683227539,3.2778491973876953
AT,AKC,urban,2023-02-21T15:00:00,12,3.9686989784240723,4.522045612335205,3.3566484451293945
AT,AKC,urban,2023-02-21T16:00:00,12,4.379049777984619,4.61899995803833,3.7524490356445312
AT,AKC,urban,2023-02-21T17:00:00,12,4.892449855804443,4.872440814971924,4.0383501052856445
AT,AKC,urban,2023-02-21T18:00:00,12,6.54010009765625,5.150221347808838,4.302350044250488
AT,AKC,urban,2023-02-21T19:00:00,12,7.243948936462402,5.693319320678711,4.500148773193359
AT,AKC,urban,2023-02-21T20:00:00,12,6.999999523162842,5.796115398406982,4.398049831390381
AT,AKC,urban,2023-02-21T21:00:00,12,9.6996488571167,5.904255390167236,3.959498882293701
AT,AKC,urban,2023-02-21T22:00:00,12,8.522600173950195,5.668198108673096,3.5214500427246094
AT,AKC,urban,2023-02-21T23:00:00,12,6.278200149536133,5.597487926483154,3.811199188232422
AT,AKC,urban,2023-02-22T00:00:00,12,6.804450035095215,5.253663539886475,3.665999412536621
AT,AKC,urban,2023-02-22T01:00:00,12,5.898698806762695,5.504524230957031,3.564549446105957
AT,AKC,urban,2023-02-22T02:00:00,12,4.30889892578125,5.720435619354248,3.505049705505371
AT,AKC,urban,2023-02-22T03:00:00,12,5.065400123596191,6.684445858001709,3.9686989784240723
AT,AKC,urban,2023-02-22T04:00:00,12,6.410449028015137,6.828036308288574,4.379049777984619
AT,AKC,urban,2023-02-22T05:00:00,12,8.208250045776367,7.392946243286133,4.892449855804443
AT,AKC,urban,2023-02-22T06:00:00,12,10.463000297546387,7.478429794311523,6.54010009765625
AT,AKC,urban,2023-02-22T07:00:00,12,15.246000289916992,7.73777437210083,7.243948936462402
AT,AKC,urban,2023-02-22T08:00:00,12,15.248499870300293,8.091880798339844,6.999999523162842
AT,AKC,urban,2023-02-22T09:00:00,12,16.260000228881836,9.068462371826172,9.6996488571167
AT,AKC,urban,2023-02-22T10:00:00,12,15.306500434875488,8.116874694824219,8.522600173950195
AT,AKC,urban,2023-02-22T11:00:00,12,15.609000205993652,7.533613681793213,6.278200149536133
AT,AKC,urban,2023-02-22T12:00:00,12,15.97599983215332,7.9144673347473145,6.804450035095215
AT,AKC,urban,2023-02-22T13:00:00,12,17.114999771118164,6.88979959487915,5.898698806762695
AT,AKC,urban,2023-02-22T14:00:00,12,17.229999542236328,6.887176036834717,4.30889892578125
AT,AKC,urban,2023-02-22T15:00:00,12,17.27549934387207,6.44131326675415,5.065400123596191
AT,AKC,urban,2023-02-22T16:00:00,12,17.590999603271484,5.18925666809082,6.410449028015137
AT,AKC,urban,2023-02-22T17:00:00,12,16.531999588012695,4.317431449890137,8.208250045776367
AT,AKC,urban,2023-02-22T18:00:00,12,19.348499298095703,5.196945667266846,10.463000297546387
AT,AKC,urban,2023-02-22T19:00:00,12,20.36549949645996,6.084831714630127,15.246000289916992
AT,AKC,urban,2023-02-22T20:00:00,12,20.723499298095703,7.40678596496582,15.248499870300293
AT,AKC,urban,2023-02-22T21:00:00,12,20.06399917602539,8.226240158081055,16.260000228881836
AT,AKC,urban,2023-02-22T22:00:00,12,21.562000274658203,8.440409660339355,15.306500434875488
AT,AKC,urban,2023-02-22T23:00:00,12,23.648500442504883,9.061318397521973,15.609000205993652
AT,AKC,urban,2023-02-23T00:00:00,12,24.885499954223633,10.207376480102539,15.97599983215332
AT,AKC,urban,2023-02-23T01:00:00,12,24.410999298095703,11.529573440551758,17.114999771118164
AT,AKC,urban,2023-02-23T02:00:00,12,21.020000457763672,12.405828475952148,17.229999542236328
AT,AKC,urban,2023-02-23T03:00:00,12,18.89150047302246,13.516175270080566,17.27549934387207
AT,AKC,urban,2023-02-23T04:00:00,12,20.485000610351562,15.05013656616211,17.590999603271484
AT,AKC,urban,2023-02-23T05:00:00,12,21.659500122070312,15.366451263427734,16.531999588012695
AT,AKC,urban,2023-02-23T06:00:00,12,21.752500534057617,18.242929458618164,19.348499298095703
AT,AKC,urban,2023-02-23T07:00:00,12,21.72450065612793,18.253250122070312,20.36549949645996
AT,AKC,urban,2023-02-23T08:00:00,12,22.32349967956543,18.281131744384766,20.723499298095703
AT,AKC,urban,2023-02-23T09:00:00,12,22.587499618530273,16.663822174072266,20.06399917602539
AT,AKC,urban,2023-02-23T10:00:00,12,23.087499618530273,17.279033660888672,21.562000274658203
AT,AKC,urban,2023-02-23T11:00:00,12,24.554500579833984,15.510986328125,23.648500442504883
AT,AKC,urban,2023-02-23T12:00:00,12,25.541000366210938,15.041982650756836,24.885499954223633
AT,AKC,urban,2023-02-23T13:00:00,12,25.879499435424805,13.209484100341797,24.410999298095703
AT,AKC,urban,2023-02-23T14:00:00,12,25.304500579833984,11.3882474899292,21.020000457763672
AT,AKC,urban,2023-02-23T15:00:00,12,25.476999282836914,10.02972412109375,18.89150047302246
AT,AKC,urban,2023-02-23T16:00:00,12,31.253002166748047,10.975700378417969,20.485000610351562
AT,AKC,urban,2023-02-23T17:00:00,12,31.227001190185547,10.77297306060791,21.659500122070312
AT,AKC,urban,2023-02-23T18:00:00,12,30.420501708984375,10.2467679977417,21.752500534057617
AT,AKC,urban,2023-02-23T19:00:00,12,28.195499420166016,10.150421142578125,21.72450065612793
AT,AKC,urban,2023-02-23T20:00:00,12,27.301502227783203,10.314180374145508,22.32349967956543
AT,AKC,urban,2023-02-23T21:00:00,12,19.86400032043457,11.014097213745117,22.587499618530273
AT,AKC,urban,2023-02-23T22:00:00,12,11.88700008392334,11.608784675598145,23.087499618530273
AT,AKC,urban,2023-02-23T23:00:00,12,14.39799976348877,12.869264602661133,24.554500579833984
AT,AKC,urban,2023-02-24T00:00:00,12,11.541000366210938,13.256103515625,25.541000366210938
AT,AKC,urban,2023-02-24T01:00:00,12,7.701700210571289,14.953495979309082,25.879499435424805
AT,AKC,urban,2023-02-24T02:00:00,12,8.32925033569336,16.1402587890625,25.304500579833984
AT,AKC,urban,2023-02-24T03:00:00,12,9.518050193786621,18.99039077758789,25.476999282836914
AT,AKC,urban,2023-02-24T04:00:00,12,9.786999702453613,20.281112670898438,31.253002166748047
AT,AKC,urban,2023-02-24T05:00:00,12,11.077500343322754,22.55908203125,31.227001190185547
AT,AKC,urban,2023-02-24T06:00:00,12,13.57699966430664,24.63360023498535,30.420501708984375
AT,AKC,urban,2023-02-24T07:00:00,12,14.897500038146973,24.778045654296875,28.195499420166016
AT,AKC,urban,2023-02-24T08:00:00,12,11.124950408935547,25.446311950683594,27.301502227783203
AT,AKC,urban,2023-02-24T09:00:00,12,8.0256986618042,22.866104125976562,19.86400032043457
AT,AKC,urban,2023-02-24T10:00:00,12,8.815950393676758,19.31781768798828,11.88700008392334
AT,AKC,urban,2023-02-24T11:00:00,12,6.932748794555664,20.67027473449707,14.39799976348877
AT,AKC,urban,2023-02-24T12:00:00,12,4.259949207305908,17.983793258666992,11.541000366210938
AT,AKC,urban,2023-02-24T13:00:00,12,3.1174488067626953,13.433248519897461,7.701700210571289
AT,AKC,urban,2023-02-24T14:00:00,12,2.5000505447387695,12.429852485656738,8.32925033569336
AT,AKC,urban,2023-02-24T15:00:00,12,1.6527996063232422,8.524446487426758,9.518050193786621
AT,AKC,urban,2023-02-24T16:00:00,12,1.2016992568969727,7.8899455070495605,9.786999702453613
AT,AKC,urban,2023-02-24T17:00:00,12,1.1759986877441406,6.29232120513916,11.077500343322754
AT,AKC,urban,2023-02-24T18:00:00,12,1.2128992080688477,7.106356620788574,13.57699966430664
AT,AKC,urban,2023-02-24T19:00:00,12,1.3666000366210938,5.42765474319458,14.897500038146973
AT,AKC,urban,2023-02-24T20:00:00,12,2.1738500595092773,2.7877769470214844,11.124950408935547
AT,AKC,urban,2023-02-24T21:00:00,12,2.9798994064331055,1.0029277801513672,8.0256986618042
AT,AKC,urban,2023-02-24T22:00:00,12,3.291548728942871,1.4273347854614258,8.815950393676758
AT,AKC,urban,2023-02-24T23:00:00,12,2.8152990341186523,-0.6215953826904297,6.932748794555664
AT,AKC,urban,2023-02-25T00:00:00,12,2.8993988037109375,0.2001819610595703,4.259949207305908
AT,AKC,urban,2023-02-25T01:00:00,12,2.532750129699707,0.33811378479003906,3.1174488067626953
AT,AKC,urban,2023-02-25T02:00:00,12,2.607048988342285,0.7712211608886719,2.5000505447387695
AT,AKC,urban,2023-02-25T03:00:00,12,2.982150077819824,0.5653438568115234,1.6527996063232422
AT,AKC,urban,2023-02-25T04:00:00,12,2.001500129699707,1.5130634307861328,1.2016992568969727
AT,AKC,urban,2023-02-25T05:00:00,12,3.1197996139526367,1.6248950958251953,1.1759986877441406
AT,AKC,urban,2023-02-25T06:00:00,12,1.7674503326416016,2.202012062072754,1.2128992080688477
AT,AKC,urban,2023-02-25T07:00:00,12,2.134598731994629,2.3835525512695312,1.3666000366210938
AT,AKC,urban,2023-02-25T08:00:00,12,2.797299385070801,3.413421630859375,2.1738500595092773
AT,AKC,urban,2023-02-25T09:00:00,12,3.3466997146606445,3.636798858642578,2.9798994064331055
AT,AKC,urban,2023-02-25T10:00:00,12,3.9587488174438477,4.0189104080200195,3.291548728942871
AT,AKC,urban,2023-02-25T11:00:00,12,3.9854989051818848,3.9128623008728027,2.8152990341186523
AT,AKC,urban,2023-02-25T12:00:00,12,4.239748954772949,4.335682392120361,2.8993988037109375
AT,AKC,urban,2023-02-25T13:00:00,12,4.253349781036377,4.06563138961792,2.532750129699707
AT,AKC,urban,2023-02-25T14:00:00,12,3.5556488037109375,4.3884172439575195,2.607048988342285
AT,AKC,urban,2023-02-25T15:00:00,12,3.587948799133301,4.414844989776611,2.982150077819824
AT,AKC,urban,2023-02-25T16:00:00,12,4.29080057144165,4.225001335144043,2.001500129699707
AT,AKC,urban,2023-02-25T17:00:00,12,5.283598899841309,4.90291166305542,3.1197996139526367
AT,AKC,urban,2023-02-25T18:00:00,12,5.777698993682861,4.694744110107422,1.7674503326416016
AT,AKC,urban,2023-02-25T19:00:00,12,5.82165002822876,5.0597052574157715,2.134598731994629
AT,AKC,urban,2023-02-25T20:00:00,12,4.866098880767822,5.07373571395874,2.797299385070801
AT,AKC,urban,2023-02-25T21:00:00,12,3.4028491973876953,5.6900634765625,3.3466997146606445
AT,AKC,urban,2023-02-25T22:00:00,12,3.270648956298828,5.579275608062744,3.9587488174438477
AT,AKC,urban,2023-02-25T23:00:00,12,3.421548843383789,5.6484246253967285,3.9854989051818848
AT,AKC,urban,2023-02-26T00:00:00,12,3.1518001556396484,5.069655895233154,4.239748954772949
AT,AKC,urban,2023-02-26T01:00:00,12,3.344149589538574,5.133759498596191,4.253349781036377
AT,AKC,urban,2023-02-26T02:00:00,12,3.4924001693725586,4.5009846687316895,3.5556488037109375
AT,AKC,urban,2023-02-26T03:00:00,12,3.3256988525390625,4.637481212615967,3.587948799133301
AT,AKC,urban,2023-02-26T04:00:00,12,3.8124494552612305,5.044400691986084,4.29080057144165
AT,AKC,urban,2023-02-26T05:00:00,12,4.637148857116699,5.962800979614258,5.283598899841309
AT,AKC,urban,2023-02-26T06:00:00,12,5.825348854064941,6.54880952835083,5.777698993682861
AT,AKC,urban,2023-02-26T07:00:00,12,5.224499225616455,7.202332496643066,5.82165002822876
AT,AKC,urban,2023-02-26T08:00:00,12,5.060400009155273,6.938378810882568,4.866098880767822
AT,AKC,urban,2023-02-26T09:00:00,12,5.606348991394043,6.503890514373779,3.4028491973876953
AT,AKC,urban,2023-02-26T10:00:00,12,5.978499889373779,6.417658805847168,3.270648956298828
AT,AKC,urban,2023-02-26T11:00:00,12,6.52094841003418,6.561933994293213,3.421548843383789
AT,AKC,urban,2023-02-26T12:00:00,12,6.603448390960693,5.99593448638916,3.1518001556396484
AT,AKC,urban,2023-02-26T13:00:00,12,5.6533989906311035,6.286120891571045,3.344149589538574
AT,AKC,urban,2023-02-26T14:00:00,12,5.272449016571045,5.959003448486328,3.4924001693725586
AT,AKC,urban,2023-02-26T15:00:00,12,5.309450149536133,6.019630432128906,3.3256988525390625
AT,AKC,urban,2023-02-26T16:00:00,12,5.117599010467529,6.298065662384033,3.8124494552612305
AT,AKC,urban,2023-02-26T17:00:00,12,5.130248546600342,7.313528060913086,4.637148857116699
AT,AKC,urban,2023-02-26T18:00:00,12,5.9620490074157715,8.033777236938477,5.825348854064941
AT,AKC,urban,2023-02-26T19:00:00,12,6.3983001708984375,7.882370471954346,5.224499225616455
AT,AKC,urban,2023-02-26T20:00:00,12,5.85914945602417,7.789804458618164,5.060400009155273
AT,AKC,urban,2023-02-26T21:00:00,12,5.191100120544434,8.145156860351562,5.606348991394043
AT,AKC,urban,2023-02-26T22:00:00,12,5.762700080871582,8.241002082824707,5.978499889373779
AT,AKC,urban,2023-02-26T23:00:00,12,6.039198875427246,7.9752421379089355,6.52094841003418
AT,AKC,urban,2023-02-27T00:00:00,12,6.614349842071533,7.769430160522461,6.603448390960693
AT,AKC,urban,2023-02-27T01:00:00,12,6.577300071716309,7.298431873321533,5.6533989906311035
AT,AKC,urban,2023-02-27T02:00:00,12,6.193099498748779,7.239264965057373,5.272449016571045
AT,AKC,urban,2023-02-27T03:00:00,12,6.144800186157227,7.371332168579102,5.309450149536133
AT,AKC,urban,2023-02-27T04:00:00,12,6.385299205780029,7.8924431800842285,5.117599010467529
AT,AKC,urban,2023-02-27T05:00:00,12,8.45265007019043,8.346977233886719,5.130248546600342
AT,AKC,urban,2023-02-27T06:00:00,12,11.048500061035156,9.541376113891602,5.9620490074157715
AT,AKC,urban,2023-02-27T07:00:00,12,10.760499954223633,10.148611068725586,6.3983001708984375
AT,AKC,urban,2023-02-27T08:00:00,12,10.538000106811523,10.263598442077637,5.85914945602417
AT,AKC,urban,2023-02-27T09:00:00,12,11.263500213623047,10.02601146697998,5.191100120544434
AT,AKC,urban,2023-02-27T10:00:00,12,12.534000396728516,10.294662475585938,5.762700080871582
AT,AKC,urban,2023-02-27T11:00:00,12,12.650500297546387,10.590970039367676,6.039198875427246
AT,AKC,urban,2023-02-27T12:00:00,12,13.214500427246094,10.708834648132324,6.614349842071533
AT,AKC,urban,2023-02-27T13:00:00,12,14.069000244140625,10.51191520690918,6.577300071716309
AT,AKC,urban,2023-02-27T14:00:00,12,14.60949993133545,9.953001976013184,6.193099498748779
AT,AKC,urban,2023-02-27T15:00:00,12,15.182000160217285,9.9049654006958,6.144800186157227
AT,AKC,urban,2023-02-27T16:00:00,12,15.416500091552734,10.239269256591797,6.385299205780029
AT,AKC,urban,2023-02-27T17:00:00,12,16.840499877929688,11.781732559204102,8.45265007019043
AT,AKC,urban,2023-02-27T18:00:00,12,17.917999267578125,13.18203067779541,11.048500061035156
AT,AKC,urban,2023-02-27T19:00:00,12,19.46299934387207,12.956637382507324,10.760499954223633
AT,AKC,urban,2023-02-27T20:00:00,12,21.004499435424805,13.272968292236328,10.538000106811523
AT,AKC,urban,2023-02-27T21:00:00,12,19.451499938964844,13.670945167541504,11.263500213623047
AT,AKC,urban,2023-02-27T22:00:00,12,19.61949920654297,14.40812873840332,12.534000396728516
AT,AKC,urban,2023-02-27T23:00:00,12,19.613000869750977,13.58605670928955,12.650500297546387
AT,AKC,urban,2023-02-28T00:00:00,12,17.194499969482422,13.928970336914062,13.214500427246094
AT,AKC,urban,2023-02-28T01:00:00,12,15.664999961853027,13.968509674072266,14.069000244140625
AT,AKC,urban,2023-02-28T02:00:00,12,16.392000198364258,13.56383991241455,14.60949993133545
AT,AKC,urban,2023-02-28T03:00:00,12,17.354999542236328,13.1561918258667,15.182000160217285
AT,AKC,urban,2023-02-28T04:00:00,12,17.441499710083008,12.481094360351562,15.416500091552734
AT,AKC,urban,2023-02-28T05:00:00,12,20.161500930786133,12.380060195922852,16.840499877929688
AT,AKC,urban,2023-02-28T06:00:00,12,17.75550079345703,11.621214866638184,17.917999267578125
AT,AKC,urban,2023-02-28T07:00:00,12,19.433000564575195,11.931407928466797,19.46299934387207
AT,AKC,urban,2023-02-28T08:00:00,12,20.540000915527344,12.244563102722168,21.004499435424805
AT,AKC,urban,2023-02-28T09:00:00,12,23.04050064086914,11.432058334350586,19.451499938964844
AT,AKC,urban,2023-02-28T10:00:00,12,25.061500549316406,11.795769691467285,19.61949920654297
AT,AKC,urban,2023-02-28T11:00:00,12,26.062000274658203,12.225960731506348,19.613000869750977
AT,AKC,urban,2023-02-28T12:00:00,12,27.488000869750977,10.922966003417969,17.194499969482422
AT,AKC,urban,2023-02-28T13:00:00,12,28.599502563476562,11.68814754486084,15.664999961853027
AT,AKC,urban,2023-02-28T14:00:00,12,29.519001007080078,13.64659309387207,16.392000198364258
AT,AKC,urban,2023-02-28T15:00:00,12,30.41250228881836,15.518980026245117,17.354999542236328
AT,AKC,urban,2023-02-28T16:00:00,12,30.506999969482422,16.12363052368164,17.441499710083008
AT,AKC,urban,2023-02-28T17:00:00,12,30.56650161743164,17.958139419555664,20.161500930786133
AT,AKC,urban,2023-02-28T18:00:00,12,30.483501434326172,15.562429428100586,17.75550079345703
AT,AKC,urban,2023-02-28T19:00:00,12,31.43199920654297,16.572546005249023,19.433000564575195
AT,AKC,urban,2023-02-28T20:00:00,12,31.84400177001953,15.887748718261719,20.540000915527344
AT,AKC,urban,2023-02-28T21:00:00,12,30.0625,17.04743194580078,23.04050064086914
AT,AKC,urban,2023-02-28T22:00:00,12,24.28700065612793,16.620044708251953,25.061500549316406
AT,AKC,urban,2023-02-28T23:00:00,12,24.416500091552734,16.664716720581055,26.062000274658203
AT,AKC,urban,2023-03-01T00:00:00,12,22.417499542236328,16.30010223388672,27.488000869750977
AT,AKC,urban,2023-03-01T01:00:00,12,22.01300048828125,17.03164291381836,28.599502563476562
AT,AKC,urban,2023-03-01T02:00:00,12,23.269500732421875,16.311546325683594,29.519001007080078
AT,AKC,urban,2023-03-01T03:00:00,12,22.99650001525879,17.559993743896484,30.41250228881836
AT,AKC,urban,2023-03-01T04:00:00,12,22.069499969482422,17.5208740234375,30.506999969482422
AT,AKC,urban,2023-03-01T05:00:00,12,24.020999908447266,19.296279907226562,30.56650161743164
AT,AKC,urban,2023-03-01T06:00:00,12,26.863000869750977,20.394733428955078,30.483501434326172
AT,AKC,urban,2023-03-01T07:00:00,12,28.819499969482422,23.546724319458008,31.43199920654297
AT,AKC,urban,2023-03-01T08:00:00,12,27.264999389648438,25.506202697753906,31.84400177001953
AT,AKC,urban,2023-03-01T09:00:00,12,29.79800033569336,26.965469360351562,30.0625
AT,AKC,urban,2023-03-01T10:00:00,12,33.582000732421875,26.870891571044922,24.28700065612793
AT,AKC,urban,2023-03-01T11:00:00,12,37.0724983215332,29.085647583007812,24.416500091552734
AT,AKC,urban,2023-03-01T12:00:00,12,38.919498443603516,27.695083618164062,22.417499542236328
AT,AKC,urban,2023-03-01T13:00:00,12,40.858001708984375,28.57004165649414,22.01300048828125
AT,AKC,urban,2023-03-01T14:00:00,12,39.37799835205078,29.640380859375,23.269500732421875
AT,AKC,urban,2023-03-01T15:00:00,12,38.27750015258789,29.69353485107422,22.99650001525879
AT,AKC,urban,2023-03-01T16:00:00,12,38.417999267578125,28.49860382080078,22.069499969482422
AT,AKC,urban,2023-03-01T17:00:00,12,38.462501525878906,30.490806579589844,24.020999908447266
AT,AKC,urban,2023-03-01T18:00:00,12,39.554996490478516,32.18181228637695,26.863000869750977
AT,AKC,urban,2023-03-01T19:00:00,12,38.372501373291016,33.3196907043457,28.819499969482422
AT,AKC,urban,2023-03-01T20:00:00,12,40.270999908447266,30.85118865966797,27.264999389648438
AT,AKC,urban,2023-03-01T21:00:00,12,40.63999938964844,31.727031707763672,29.79800033569336
AT,AKC,urban,2023-03-01T22:00:00,12,38.83300018310547,30.247962951660156,33.582000732421875
AT,AKC,urban,2023-03-01T23:00:00,12,34.77799987792969,30.151508331298828,37.0724983215332
AT,AKC,urban,2023-03-02T00:00:00,12,25.80699920654297,29.886837005615234,38.919498443603516
AT,AKC,urban,2023-03-02T01:00:00,12,23.521499633789062,29.46126937866211,40.858001708984375
AT,AKC,urban,2023-03-02T02:00:00,12,23.1299991607666,27.392562866210938,39.37799835205078
AT,AKC,urban,2023-03-02T03:00:00,12,21.868499755859375,26.13902473449707,38.27750015258789
AT,AKC,urban,2023-03-02T04:00:00,12,20.47599983215332,26.341880798339844,38.417999267578125
AT,AKC,urban,2023-03-02T05:00:00,12,21.0674991607666,27.334367752075195,38.462501525878906
AT,AKC,urban,2023-03-02T06:00:00,12,20.555999755859375,29.881553649902344,39.554996490478516
AT,AKC,urban,2023-03-02T07:00:00,12,27.368999481201172,30.58547592163086,38.372501373291016
AT,AKC,urban,2023-03-02T08:00:00,12,23.75950050354004,35.71375274658203,40.270999908447266
AT,AKC,urban,2023-03-02T09:00:00,12,26.769500732421875,37.32695007324219,40.63999938964844
AT,AKC,urban,2023-03-02T10:00:00,12,22.535499572753906,38.18888854980469,38.83300018310547
AT,AKC,urban,2023-03-02T11:00:00,12,21.966999053955078,36.89375686645508,34.77799987792969
AT,AKC,urban,2023-03-02T12:00:00,12,20.719999313354492,33.523990631103516,25.80699920654297
AT,AKC,urban,2023-03-02T13:00:00,12,20.076499938964844,32.44957733154297,23.521499633789062
AT,AKC,urban,2023-03-02T14:00:00,12,22.792999267578125,30.767566680908203,23.1299991607666
AT,AKC,urban,2023-03-02T15:00:00,12,27.14550018310547,29.443069458007812,21.868499755859375
AT,AKC,urban,2023-03-02T16:00:00,12,32.10749816894531,29.396663665771484,20.47599983215332
AT,AKC,urban,2023-03-02T17:00:00,12,32.317501068115234,29.754932403564453,21.0674991607666
AT,AKC,urban,2023-03-02T18:00:00,12,35.997501373291016,29.082042694091797,20.555999755859375
AT,AKC,urban,2023-03-02T19:00:00,12,41.930999755859375,30.17385482788086,27.368999481201172
AT,AKC,urban,2023-03-02T20:00:00,12,37.486000061035156,24.422727584838867,23.75950050354004
AT,AKC,urban,2023-03-02T21:00:00,12,36.176998138427734,29.240379333496094,26.769500732421875
AT,AKC,urban,2023-03-02T22:00:00,12,33.8385009765625,24.51184844970703,22.535499572753906
AT,AKC,urban,2023-03-02T23:00:00,12,29.032001495361328,25.43865966796875,21.966999053955078
AT,AKC,urban,2023-03-03T00:00:00,12,28.528499603271484,22.761260986328125,20.719999313354492
AT,AKC,urban,2023-03-03T01:00:00,12,27.756000518798828,23.042030334472656,20.076499938964844
AT,AKC,urban,2023-03-03T02:00:00,12,24.480499267578125,23.21099090576172,22.792999267578125
AT,AKC,urban,2023-03-03T03:00:00,12,18.87299919128418,22.649959564208984,27.14550018310547
AT,AKC,urban,2023-03-03T04:00:00,12,21.160999298095703,23.723403930664062,32.10749816894531
AT,AKC,urban,2023-03-03T05:00:00,12,21.770999908447266,23.25984764099121,32.317501068115234
AT,AKC,urban,2023-03-03T06:00:00,12,21.56999969482422,26.080965042114258,35.997501373291016
AT,AKC,urban,2023-03-03T07:00:00,12,26.80500030517578,26.05809783935547,41.930999755859375
AT,AKC,urban,2023-03-03T08:00:00,12,26.211000442504883,25.562358856201172,37.486000061035156
AT,AKC,urban,2023-03-03T09:00:00,12,25.604999542236328,27.206758499145508,36.176998138427734
AT,AKC,urban,2023-03-03T10:00:00,12,24.83449935913086,25.520496368408203,33.8385009765625
AT,AKC,urban,2023-03-03T11:00:00,12,26.6875,23.44699478149414,29.032001495361328
AT,AKC,urban,2023-03-03T12:00:00,12,26.11549949645996,24.610706329345703,28.528499603271484
AT,AKC,urban,2023-03-03T13:00:00,12,19.892499923706055,26.114315032958984,27.756000518798828
AT,AKC,urban,2023-03-03T14:00:00,12,17.204500198364258,25.577083587646484,24.480499267578125
AT,AKC,urban,2023-03-03T15:00:00,12,23.849000930786133,23.69595718383789,18.87299919128418
AT,AKC,urban,2023-03-03T16:00:00,12,37.45750045776367,25.245567321777344,21.160999298095703
AT,AKC,urban,2023-03-03T17:00:00,12,35.39149856567383,24.06631088256836,21.770999908447266
AT,AKC,urban,2023-03-03T18:00:00,12,35.205501556396484,24.75732421875,21.56999969482422
AT,AKC,urban,2023-03-03T19:00:00,12,35.81050109863281,25.425607681274414,26.80500030517578
AT,AKC,urban,2023-03-03T20:00:00,12,34.94749450683594,23.653276443481445,26.211000442504883
AT,AKC,urban,2023-03-03T21:00:00,12,22.586999893188477,21.676513671875,25.604999542236328
AT,AKC,urban,2023-03-03T22:00:00,12,15.549500465393066,20.837326049804688,24.83449935913086
AT,AKC,urban,2023-03-03T23:00:00,12,15.475000381469727,20.72623634338379,26.6875
AT,AKC,urban,2023-03-04T00:00:00,12,14.215999603271484,20.258426666259766,26.11549949645996
AT,AKC,urban,2023-03-04T01:00:00,12,16.27750015258789,15.687345504760742,19.892499923706055
AT,AKC,urban,2023-03-04T02:00:00,12,17.030000686645508,14.748720169067383,17.204500198364258
AT,AKC,urban,2023-03-04T03:00:00,12,19.886499404907227,19.109447479248047,23.849000930786133
AT,AKC,urban,2023-03-04T04:00:00,12,19.40850067138672,20.612380981445312,37.45750045776367
AT,AKC,urban,2023-03-04T05:00:00,12,18.16349983215332,20.07850456237793,35.39149856567383
AT,AKC,urban,2023-03-04T06:00:00,12,14.745499610900879,23.739757537841797,35.205501556396484
AT,AKC,urban,2023-03-04T07:00:00,12,13.913999557495117,24.51327133178711,35.81050109863281
AT,AKC,urban,2023-03-04T08:00:00,12,12.067999839782715,25.00069808959961,34.94749450683594
AT,AKC,urban,2023-03-04T09:00:00,12,13.36400032043457,15.887706756591797,22.586999893188477
AT,AKC,urban,2023-03-04T10:00:00,12,15.091500282287598,14.048867225646973,15.549500465393066
AT,AKC,urban,2023-03-04T11:00:00,12,16.118999481201172,14.174004554748535,15.475000381469727
AT,AKC,urban,2023-03-04T12:00:00,12,16.236000061035156,14.481790542602539,14.215999603271484
AT,AKC,urban,2023-03-04T13:00:00,12,15.161499977111816,14.934864044189453,16.27750015258789
AT,AKC,urban,2023-03-04T14:00:00,12,15.120499610900879,17.136734008789062,17.030000686645508
AT,AKC,urban,2023-03-04T15:00:00,12,15.196000099182129,17.475343704223633,19.886499404907227
AT,AKC,urban,2023-03-04T16:00:00,12,14.954500198364258,18.72983169555664,19.40850067138672
AT,AKC,urban,2023-03-04T17:00:00,12,15.053500175476074,18.36237335205078,18.16349983215332
AT,AKC,urban,2023-03-04T18:00:00,12,14.232000350952148,17.571470260620117,14.745499610900879
AT,AKC,urban,2023-03-04T19:00:00,12,16.136499404907227,16.650428771972656,13.913999557495117
AT,AKC,urban,2023-03-04T20:00:00,12,16.489500045776367,14.733179092407227,12.067999839782715
AT,AKC,urban,2023-03-04T21:00:00,12,16.670000076293945,14.479835510253906,13.36400032043457
AT,AKC,urban,2023-03-04T22:00:00,12,15.691499710083008,13.350873947143555,15.091500282287598
AT,AKC,urban,2023-03-04T23:00:00,12,15.805999755859375,12.333866119384766,16.118999481201172
AT,AKC,urban,2023-03-05T00:00:00,12,14.967000007629395,10.854120254516602,16.236000061035156
AT,AKC,urban,2023-03-05T01:00:00,12,7.206549644470215,9.478850364685059,15.161499977111816
AT,AKC,urban,2023-03-05T02:00:00,12,6.267798900604248,9.114421844482422,15.120499610900879
AT,AKC,urban,2023-03-05T03:00:00,12,6.499598979949951,9.093825340270996,15.196000099182129
AT,AKC,urban,2023-03-05T04:00:00,12,6.649899482727051,9.02255916595459,14.954500198364258
AT,AKC,urban,2023-03-05T05:00:00,12,6.5413498878479,9.487985610961914,15.053500175476074
AT,AKC,urban,2023-03-05T06:00:00,12,6.602999210357666,9.621681213378906,14.232000350952148
AT,AKC,urban,2023-03-05T07:00:00,12,7.215848445892334,11.646462440490723,16.136499404907227
AT,AKC,urban,2023-03-05T08:00:00,12,7.3927998542785645,13.160501480102539,16.489500045776367
AT,AKC,urban,2023-03-05T09:00:00,12,7.830149173736572,14.347087860107422,16.670000076293945
AT,AKC,urban,2023-03-05T10:00:00,12,9.726948738098145,15.37530517578125,15.691499710083008
AT,AKC,urban,2023-03-05T11:00:00,12,11.131999969482422,16.347152709960938,15.805999755859375
AT,AKC,urban,2023-03-05T12:00:00,12,8.545598030090332,17.675905227661133,14.967000007629395
AT,AKC,urban,2023-03-05T13:00:00,12,6.465048789978027,13.554734230041504,7.206549644470215
AT,AKC,urban,2023-03-05T14:00:00,12,5.277198791503906,14.542583465576172,6.267798900604248
AT,AKC,urban,2023-03-05T15:00:00,12,5.02834939956665,13.101367950439453,6.499598979949951
AT,AKC,urban,2023-03-05T16:00:00,12,5.31804895401001,14.43222713470459,6.649899482727051
AT,AKC,urban,2023-03-05T17:00:00,12,7.400699138641357,12.646793365478516,6.5413498878479
AT,AKC,urban,2023-03-05T18:00:00,12,9.934800148010254,13.796662330627441,6.602999210357666
AT,AKC,urban,2023-03-05T19:00:00,12,13.182000160217285,12.418724060058594,7.215848445892334
AT,AKC,urban,2023-03-05T20:00:00,12,14.067500114440918,12.911243438720703,7.3927998542785645
AT,AKC,urban,2023-03-05T21:00:00,12,14.194999694824219,11.623053550720215,7.830149173736572
AT,AKC,urban,2023-03-05T22:00:00,12,14.47700023651123,12.745965957641602,9.726948738098145
AT,AKC,urban,2023-03-05T23:00:00,12,14.152999877929688,10.036137580871582,11.131999969482422
AT,AKC,urban,2023-03-06T00:00:00,12,15.156000137329102,9.472530364990234,8.545598030090332
AT,AKC,urban,2023-03-06T01:00:00,12,14.275500297546387,7.343863487243652,6.465048789978027
AT,AKC,urban,2023-03-06T02:00:00,12,14.358499526977539,6.7525248527526855,5.277198791503906
AT,AKC,urban,2023-03-06T03:00:00,12,12.908499717712402,5.490206718444824,5.02834939956665
AT,AKC,urban,2023-03-06T04:00:00,12,13.388999938964844,5.418478012084961,5.31804895401001
AT,AKC,urban,2023-03-06T05:00:00,12,14.83650016784668,6.512440204620361,7.400699138641357
AT,AKC,urban,2023-03-06T06:00:00,12,15.991000175476074,7.980583190917969,9.934800148010254
AT,AKC,urban,2023-03-06T07:00:00,12,16.083999633789062,10.290717124938965,13.182000160217285
AT,AKC,urban,2023-03-06T08:00:00,12,14.842000007629395,11.867541313171387,14.067500114440918
AT,AKC,urban,2023-03-06T09:00:00,12,14.007499694824219,12.760307312011719,14.194999694824219
AT,AKC,urban,2023-03-06T10:00:00,12,14.954999923706055,13.390393257141113,14.47700023651123
AT,AKC,urban,2023-03-06T11:00:00,12,15.254500389099121,14.681551933288574,14.152999877929688
AT,AKC,urban,2023-03-06T12:00:00,12,16.339000701904297,15.869674682617188,15.156000137329102
AT,AKC,urban,2023-03-06T13:00:00,12,17.21500015258789,16.135404586791992,14.275500297546387
AT,AKC,urban,2023-03-06T14:00:00,12,17.18199920654297,16.461395263671875,14.358499526977539
AT,AKC,urban,2023-03-06T15:00:00,12,16.33799934387207,16.235580444335938,12.908499717712402
AT,AKC,urban,2023-03-06T16:00:00,12,16.853500366210938,17.182727813720703,13.388999938964844
AT,AKC,urban,2023-03-06T17:00:00,12,15.593000411987305,18.665199279785156,14.83650016784668
AT,AKC,urban,2023-03-06T18:00:00,12,16.11400032043457,20.174358367919922,15.991000175476074
AT,AKC,urban,2023-03-06T19:00:00,12,16.409500122070312,21.08831787109375,16.083999633789062
AT,AKC,urban,2023-03-06T20:00:00,12,19.033000946044922,20.59813690185547,14.842000007629395
AT,AKC,urban,2023-03-06T21:00:00,12,17.06599998474121,20.271177291870117,14.007499694824219
AT,AKC,urban,2023-03-06T22:00:00,12,14.557999610900879,20.41800880432129,14.954999923706055
AT,AKC,urban,2023-03-06T23:00:00,12,16.000499725341797,20.153614044189453,15.254500389099121
AT,AKC,urban,2023-03-07T00:00:00,12,14.498499870300293,20.02988624572754,16.339000701904297
AT,AKC,urban,2023-03-07T01:00:00,12,12.411499977111816,19.736061096191406,17.21500015258789
AT,AKC,urban,2023-03-07T02:00:00,12,10.371749877929688,18.760461807250977,17.18199920654297
AT,AKC,urban,2023-03-07T03:00:00,12,9.979998588562012,17.956613540649414,16.33799934387207
AT,AKC,urban,2023-03-07T04:00:00,12,12.30049991607666,17.95712661743164,16.853500366210938
AT,AKC,urban,2023-03-07T05:00:00,12,15.749500274658203,17.479217529296875,15.593000411987305
AT,AKC,urban,2023-03-07T06:00:00,12,17.410999298095703,17.66168975830078,16.11400032043457
AT,AKC,urban,2023-03-07T07:00:00,12,18.229999542236328,18.531341552734375,16.409500122070312
AT,AKC,urban,2023-03-07T08:00:00,12,20.29800033569336,19.928485870361328,19.033000946044922
AT,AKC,urban,2023-03-07T09:00:00,12,23.75200080871582,19.83295440673828,17.06599998474121
AT,AKC,urban,2023-03-07T10:00:00,12,24.724498748779297,17.98660659790039,14.557999610900879
AT,AKC,urban,2023-03-07T11:00:00,12,18.267000198364258,19.41696548461914,16.000499725341797
AT,AKC,urban,2023-03-07T12:00:00,12,16.387500762939453,17.98911476135254,14.498499870300293
AT,AKC,urban,2023-03-07T13:00:00,12,11.933500289916992,16.555294036865234,12.411499977111816
AT,AKC,urban,2023-03-07T14:00:00,12,11.779999732971191,15.06796646118164,10.371749877929688
AT,AKC,urban,2023-03-07T15:00:00,12,12.642000198364258,15.085182189941406,9.979998588562012
AT,AKC,urban,2023-03-07T16:00:00,12,12.031499862670898,16.758005142211914,12.30049991607666
AT,AKC,urban,2023-03-07T17:00:00,12,13.130499839782715,18.421998977661133,15.749500274658203
AT,AKC,urban,2023-03-07T18:00:00,12,13.69950008392334,19.841875076293945,17.410999298095703
AT,AKC,urban,2023-03-07T19:00:00,12,11.947999954223633,21.133750915527344,18.229999542236328
AT,AKC,urban,2023-03-07T20:00:00,12,8.95849895477295,22.426132202148438,20.29800033569336
AT,AKC,urban,2023-03-07T21:00:00,12,8.930048942565918,22.212017059326172,23.75200080871582
AT,AKC,urban,2023-03-07T22:00:00,12,10.779999732971191,21.834976196289062,24.724498748779297
AT,AKC,urban,2023-03-07T23:00:00,12,16.831499099731445,17.31635856628418,18.267000198364258
AT,AKC,urban,2023-03-08T00:00:00,12,17.632999420166016,15.468639373779297,16.387500762939453
AT,AKC,urban,2023-03-08T01:00:00,12,18.5575008392334,11.787991523742676,11.933500289916992
AT,AKC,urban,2023-03-08T02:00:00,12,17.181499481201172,12.121657371520996,11.779999732971191
AT,AKC,urban,2023-03-08T03:00:00,12,17.590499877929688,11.378121376037598,12.642000198364258
AT,AKC,urban,2023-03-08T04:00:00,12,19.136499404907227,10.767926216125488,12.031499862670898
AT,AKC,urban,2023-03-08T05:00:00,12,20.804000854492188,11.157102584838867,13.130499839782715
AT,AKC,urban,2023-03-08T06:00:00,12,24.520999908447266,10.705591201782227,13.69950008392334
AT,AKC,urban,2023-03-08T07:00:00,12,22.545499801635742,9.828400611877441,11.947999954223633
AT,AKC,urban,2023-03-08T08:00:00,12,19.38599967956543,10.400423049926758,8.95849895477295
AT,AKC,urban,2023-03-08T09:00:00,12,20.996000289916992,10.83348560333252,8.930048942565918
AT,AKC,urban,2023-03-08T10:00:00,12,19.690000534057617,11.83249282836914,10.779999732971191
AT,AKC,urban,2023-03-08T11:00:00,12,14.26550006866455,9.817398071289062,16.831499099731445
AT,AKC,urban,2023-03-08T12:00:00,12,6.968998908996582,11.295585632324219,17.632999420166016
AT,AKC,urban,2023-03-08T13:00:00,12,8.187700271606445,12.3872709274292,18.5575008392334
AT,AKC,urban,2023-03-08T14:00:00,12,8.631750106811523,10.816988945007324,17.181499481201172
AT,AKC,urban,2023-03-08T15:00:00,12,8.797249794006348,12.655710220336914,17.590499877929688
AT,AKC,urban,2023-03-08T16:00:00,12,9.955849647521973,12.485679626464844,19.136499404907227
AT,AKC,urban,2023-03-08T17:00:00,12,10.109999656677246,13.482492446899414,20.804000854492188
AT,AKC,urban,2023-03-08T18:00:00,12,4.434450149536133,13.903311729431152,24.520999908447266
AT,AKC,urban,2023-03-08T19:00:00,12,3.8366003036499023,13.000900268554688,22.545499801635742
AT,AKC,urban,2023-03-08T20:00:00,12,8.369898796081543,11.864720344543457,19.38599967956543
AT,AKC,urban,2023-03-08T21:00:00,12,11.285200119018555,14.047687530517578,20.996000289916992
AT,AKC,urban,2023-03-08T22:00:00,12,7.919898986816406,12.89065933227539,19.690000534057617
AT,AKC,urban,2023-03-08T23:00:00,12,4.165499687194824,11.729419708251953,14.26550006866455
AT,AKC,urban,2023-03-09T00:00:00,12,3.346050262451172,8.677227020263672,6.968998908996582
AT,AKC,urban,2023-03-09T01:00:00,12,3.039400100708008,10.533576965332031,8.187700271606445
AT,AKC,urban,2023-03-09T02:00:00,12,2.560349464416504,8.823774337768555,8.631750106811523
AT,AKC,urban,2023-03-09T03:00:00,12,2.4349489212036133,8.972905158996582,8.797249794006348
AT,AKC,urban,2023-03-09T04:00:00,12,2.1387996673583984,9.404507637023926,9.955849647521973
AT,AKC,urban,2023-03-09T05:00:00,12,2.807650566101074,9.906867980957031,10.109999656677246
AT,AKC,urban,2023-03-09T06:00:00,12,5.629448890686035,7.379367351531982,4.434450149536133
AT,AKC,urban,2023-03-09T07:00:00,12,8.887350082397461,7.593493938446045,3.8366003036499023
AT,AKC,urban,2023-03-09T08:00:00,12,11.545999526977539,7.260013580322266,8.369898796081543
AT,AKC,urban,2023-03-09T09:00:00,12,11.878499984741211,8.354697227478027,11.285200119018555
AT,AKC,urban,2023-03-09T10:00:00,12,9.735198974609375,7.1931915283203125,7.919898986816406
AT,AKC,urban,2023-03-09T11:00:00,12,6.614999294281006,6.299110412597656,4.165499687194824
AT,AKC,urban,2023-03-09T12:00:00,12,7.9133501052856445,4.958158493041992,3.346050262451172
AT,AKC,urban,2023-03-09T13:00:00,12,6.977299213409424,5.146168231964111,3.039400100708008
AT,AKC,urban,2023-03-09T14:00:00,12,6.316598892211914,4.904372215270996,2.560349464416504
AT,AKC,urban,2023-03-09T15:00:00,12,6.3632493019104,6.048586368560791,2.4349489212036133
AT,AKC,urban,2023-03-09T16:00:00,12,6.306250095367432,5.757527828216553,2.1387996673583984
AT,AKC,urban,2023-03-09T17:00:00,12,8.321949005126953,7.277431488037109,2.807650566101074
AT,AKC,urban,2023-03-09T18:00:00,12,10.418000221252441,8.706786155700684,5.629448890686035
AT,AKC,urban,2023-03-09T19:00:00,12,9.866250038146973,9.914857864379883,8.887350082397461
AT,AKC,urban,2023-03-09T20:00:00,12,12.491000175476074,10.502962112426758,11.545999526977539
AT,AKC,urban,2023-03-09T21:00:00,12,14.552499771118164,9.401479721069336,11.878499984741211
AT,AKC,urban,2023-03-09T22:00:00,12,14.537500381469727,7.4914021492004395,9.735198974609375
AT,AKC,urban,2023-03-09T23:00:00,12,6.37354850769043,5.1478681564331055,6.614999294281006
AT,AKC,urban,2023-03-10T00:00:00,12,4.4232988357543945,6.3021464347839355,7.9133501052856445
AT,AKC,urban,2023-03-10T01:00:00,12,4.384850025177002,5.76158332824707,6.977299213409424
AT,AKC,urban,2023-03-10T02:00:00,12,3.9984493255615234,6.270389080047607,6.316598892211914
AT,AKC,urban,2023-03-10T03:00:00,12,3.4093990325927734,6.3913469314575195,6.3632493019104
AT,AKC,urban,2023-03-10T04:00:00,12,3.0011987686157227,7.442832946777344,6.306250095367432
AT,AKC,urban,2023-03-10T05:00:00,12,3.786799430847168,7.282074928283691,8.321949005126953
AT,AKC,urban,2023-03-10T06:00:00,12,2.9298505783081055,8.069732666015625,10.418000221252441
AT,AKC,urban,2023-03-10T07:00:00,12,2.8265504837036133,9.704060554504395,9.866250038146973
AT,AKC,urban,2023-03-10T08:00:00,12,1.738800048828125,10.579699516296387,12.491000175476074
AT,AKC,urban,2023-03-10T09:00:00,12,1.5333490371704102,10.108771324157715,14.552499771118164
AT,AKC,urban,2023-03-10T10:00:00,12,1.8663997650146484,9.449536323547363,14.537500381469727
AT,AKC,urban,2023-03-10T11:00:00,12,2.076798439025879,7.792814254760742,6.37354850769043
AT,AKC,urban,2023-03-10T12:00:00,12,2.193598747253418,6.738678455352783,4.4232988357543945
AT,AKC,urban,2023-03-10T13:00:00,12,2.0565996170043945,6.701026916503906,4.384850025177002
AT,AKC,urban,2023-03-10T14:00:00,12,2.0847997665405273,5.742360591888428,3.9984493255615234
AT,AKC,urban,2023-03-10T15:00:00,12,2.3660993576049805,5.360742568969727,3.4093990325927734
AT,AKC,urban,2023-03-10T16:00:00,12,1.9931488037109375,4.6684441566467285,3.0011987686157227
AT,AKC,urban,2023-03-10T17:00:00,12,1.7771492004394531,5.573172092437744,3.786799430847168
AT,AKC,urban,2023-03-10T18:00:00,12,2.204899787902832,4.602957725524902,2.9298505783081055
AT,AKC,urban,2023-03-10T19:00:00,12,2.4127988815307617,4.544635772705078,2.8265504837036133
AT,AKC,urban,2023-03-10T20:00:00,12,2.1117000579833984,2.9544496536254883,1.738800048828125
AT,AKC,urban,2023-03-10T21:00:00,12,1.9799003601074219,3.144132614135742,1.5333490371704102
AT,AKC,urban,2023-03-10T22:00:00,12,1.711099624633789,3.2665786743164062,1.8663997650146484
AT,AKC,urban,2023-03-10T23:00:00,12,2.0043487548828125,3.40261173248291,2.076798439025879
AT,AKC,urban,2023-03-11T00:00:00,12,1.8321495056152344,3.5883941650390625,2.193598747253418
AT,AKC,urban,2023-03-11T01:00:00,12,2.007899284362793,3.6017017364501953,2.0565996170043945
AT,AKC,urban,2023-03-11T02:00:00,12,2.0858993530273438,3.8439722061157227,2.0847997665405273
AT,AKC,urban,2023-03-11T03:00:00,12,1.8968486785888672,4.32214879989624,2.3660993576049805
AT,AKC,urban,2023-03-11T04:00:00,12,1.9031486511230469,4.448609828948975,1.9931488037109375
AT,AKC,urban,2023-03-11T05:00:00,12,2.200150489807129,4.3941569328308105,1.7771492004394531
AT,AKC,urban,2023-03-11T06:00:00,12,2.588250160217285,5.121126651763916,2.204899787902832
AT,AKC,urban,2023-03-11T07:00:00,12,2.7122488021850586,5.20456075668335,2.4127988815307617
AT,AKC,urban,2023-03-11T08:00:00,12,2.9964494705200195,5.130314350128174,2.1117000579833984
AT,AKC,urban,2023-03-11T09:00:00,12,3.6356000900268555,4.412562370300293,1.9799003601074219
AT,AKC,urban,2023-03-11T10:00:00,12,4.212800025939941,4.269999980926514,1.711099624633789
AT,AKC,urban,2023-03-11T11:00:00,12,4.513050079345703,4.437887668609619,2.0043487548828125
AT,AKC,urban,2023-03-11T12:00:00,12,4.433349132537842,4.6551618576049805,1.8321495056152344
AT,AKC,urban,2023-03-11T13:00:00,12,4.340548992156982,4.898701190948486,2.007899284362793
AT,AKC,urban,2023-03-11T14:00:00,12,4.563549041748047,4.91351842880249,2.0858993530273438
AT,AKC,urban,2023-03-11T15:00:00,12,4.858799457550049,4.635382652282715,1.8968486785888672
AT,AKC,urban,2023-03-11T16:00:00,12,5.070650100708008,4.638726711273193,1.9031486511230469
AT,AKC,urban,2023-03-11T17:00:00,12,4.931250095367432,4.661769390106201,2.200150489807129
AT,AKC,urban,2023-03-11T18:00:00,12,4.788300037384033,4.989992141723633,2.588250160217285
AT,AKC,urban,2023-03-11T19:00:00,12,3.589900016784668,4.795614242553711,2.7122488021850586
AT,AKC,urban,2023-03-11T20:00:00,12,3.322598457336426,4.852981090545654,2.9964494705200195
AT,AKC,urban,2023-03-11T21:00:00,12,3.744500160217285,4.508604526519775,3.6356000900268555
AT,AKC,urban,2023-03-11T22:00:00,12,4.842899799346924,4.391039848327637,4.212800025939941
AT,AKC,urban,2023-03-11T23:00:00,12,6.496448993682861,3.659085273742676,4.513050079345703
AT,AKC,urban,2023-03-12T00:00:00,12,6.843949794769287,3.5691328048706055,4.433349132537842
AT,AKC,urban,2023-03-12T01:00:00,12,6.285600185394287,3.2550230026245117,4.340548992156982
AT,AKC,urban,2023-03-12T02:00:00,12,6.623048782348633,3.4815168380737305,4.563549041748047
AT,AKC,urban,2023-03-12T03:00:00,12,8.042900085449219,3.8030805587768555,4.858799457550049
AT,AKC,urban,2023-03-12T04:00:00,12,7.979098796844482,4.3654985427856445,5.070650100708008
AT,AKC,urban,2023-03-12T05:00:00,12,9.39164924621582,4.9880828857421875,4.931250095367432
AT,AKC,urban,2023-03-12T06:00:00,12,10.168999671936035,5.706439971923828,4.788300037384033
AT,AKC,urban,2023-03-12T07:00:00,12,8.219550132751465,5.634363174438477,3.589900016784668
AT,AKC,urban,2023-03-12T08:00:00,12,8.03079891204834,6.164144515991211,3.322598457336426
AT,AKC,urban,2023-03-12T09:00:00,12,5.046298980712891,6.492375373840332,3.744500160217285
AT,AKC,urban,2023-03-12T10:00:00,12,5.436248779296875,7.3379693031311035,4.842899799346924
AT,AKC,urban,2023-03-12T11:00:00,12,5.039750099182129,7.729631423950195,6.496448993682861
AT,AKC,urban,2023-03-12T12:00:00,12,7.172049045562744,8.120715141296387,6.843949794769287
AT,AKC,urban,2023-03-12T13:00:00,12,5.877799034118652,7.667555809020996,6.285600185394287
AT,AKC,urban,2023-03-12T14:00:00,12,7.169650077819824,8.107529640197754,6.623048782348633
AT,AKC,urban,2023-03-12T15:00:00,12,7.923150062561035,8.665360450744629,8.042900085449219
AT,AKC,urban,2023-03-12T16:00:00,12,7.730249881744385,8.784162521362305,7.979098796844482
AT,AKC,urban,2023-03-12T17:00:00,12,6.651350021362305,9.590367317199707,9.39164924621582
AT,AKC,urban,2023-03-12T18:00:00,12,8.415650367736816,9.315467834472656,10.168999671936035
AT,AKC,urban,2023-03-12T19:00:00,12,9.906599044799805,8.272128105163574,8.219550132751465
AT,AKC,urban,2023-03-12T20:00:00,12,6.900149822235107,8.059307098388672,8.03079891204834
AT,AKC,urban,2023-03-12T21:00:00,12,8.838448524475098,6.869271755218506,5.046298980712891
AT,AKC,urban,2023-03-12T22:00:00,12,11.039999961853027,7.06097936630249,5.436248779296875
AT,AKC,urban,2023-03-12T23:00:00,12,11.409500122070312,6.836842060089111,5.039750099182129
AT,AKC,urban,2023-03-13T00:00:00,12,8.154998779296875,8.14705753326416,7.172049045562744
AT,AKC,urban,2023-03-13T01:00:00,12,7.762898921966553,7.200364112854004,5.877799034118652
AT,AKC,urban,2023-03-13T02:00:00,12,7.07105016708374,8.444859504699707,7.169650077819824
AT,AKC,urban,2023-03-13T03:00:00,12,8.962048530578613,7.152733325958252,7.923150062561035
AT,AKC,urban,2023-03-13T04:00:00,12,9.268600463867188,7.304718017578125,7.730249881744385
AT,AKC,urban,2023-03-13T05:00:00,12,9.131050109863281,6.094372272491455,6.651350021362305
AT,AKC,urban,2023-03-13T06:00:00,12,9.15250015258789,8.488372802734375,8.415650367736816
AT,AKC,urban,2023-03-13T07:00:00,12,9.90304946899414,7.577026844024658,9.906599044799805
AT,AKC,urban,2023-03-13T08:00:00,12,9.184800148010254,6.882221221923828,6.900149822235107
AT,AKC,urban,2023-03-13T09:00:00,12,9.414249420166016,6.634984016418457,8.838448524475098
AT,AKC,urban,2023-03-13T10:00:00,12,10.215999603271484,5.583844184875488,11.039999961853027
AT,AKC,urban,2023-03-13T11:00:00,12,8.735650062561035,4.608138084411621,11.409500122070312
AT,AKC,urban,2023-03-13T12:00:00,12,7.857398986816406,3.488003730773926,8.154998779296875
AT,AKC,urban,2023-03-13T13:00:00,12,7.5260491371154785,4.879030227661133,7.762898921966553
AT,AKC,urban,2023-03-13T14:00:00,12,7.812398910522461,4.271491050720215,7.07105016708374
AT,AKC,urban,2023-03-13T15:00:00,12,8.116498947143555,5.621633052825928,8.962048530578613
AT,AKC,urban,2023-03-13T16:00:00,12,9.600798606872559,6.618819713592529,9.268600463867188
AT,AKC,urban,2023-03-13T17:00:00,12,8.755199432373047,7.3763427734375,9.131050109863281
AT,AKC,urban,2023-03-13T18:00:00,12,11.3125,8.946385383605957,9.15250015258789
AT,AKC,urban,2023-03-13T19:00:00,12,12.314499855041504,9.343766212463379,9.90304946899414
AT,AKC,urban,2023-03-13T20:00:00,12,3.0612001419067383,9.867376327514648,9.184800148010254
AT,AKC,urban,2023-03-13T21:00:00,12,4.012650489807129,9.400613784790039,9.414249420166016
AT,AKC,urban,2023-03-13T22:00:00,12,8.079548835754395,10.680597305297852,10.215999603271484
AT,AKC,urban,2023-03-13T23:00:00,12,3.1087989807128906,9.604241371154785,8.735650062561035
AT,AKC,urban,2023-03-14T00:00:00,12,2.6006994247436523,9.432437896728516,7.857398986816406
AT,AKC,urban,2023-03-14T01:00:00,12,2.5243988037109375,9.061474800109863,7.5260491371154785
AT,AKC,urban,2023-03-14T02:00:00,12,1.9119491577148438,8.844867706298828,7.812398910522461
AT,AKC,urban,2023-03-14T03:00:00,12,3.5089492797851562,9.4772367477417,8.116498947143555
AT,AKC,urban,2023-03-14T04:00:00,12,4.873600006103516,11.049537658691406,9.600798606872559
AT,AKC,urban,2023-03-14T05:00:00,12,6.933300018310547,10.759828567504883,8.755199432373047
AT,AKC,urban,2023-03-14T06:00:00,12,8.690449714660645,12.751019477844238,11.3125
AT,AKC,urban,2023-03-14T07:00:00,12,2.2547998428344727,13.549088478088379,12.314499855041504
AT,AKC,urban,2023-03-14T08:00:00,12,2.42819881439209,8.602611541748047,3.0612001419067383
AT,AKC,urban,2023-03-14T09:00:00,12,2.476149559020996,9.38066577911377,4.012650489807129
AT,AKC,urban,2023-03-14T10:00:00,12,2.383450508117676,9.052687644958496,8.079548835754395
AT,AKC,urban,2023-03-14T11:00:00,12,2.5559492111206055,7.439427375793457,3.1087989807128906
AT,AKC,urban,2023-03-14T12:00:00,12,2.634749412536621,6.4091386795043945,2.6006994247436523
AT,AKC,urban,2023-03-14T13:00:00,12,2.3540000915527344,5.908018589019775,2.5243988037109375
AT,AKC,urban,2023-03-14T14:00:00,12,2.751500129699707,5.294301986694336,1.9119491577148438
AT,AKC,urban,2023-03-14T15:00:00,12,3.9678993225097656,6.830825328826904,3.5089492797851562
AT,AKC,urban,2023-03-14T16:00:00,12,4.014800071716309,6.85401725769043,4.873600006103516
AT,AKC,urban,2023-03-14T17:00:00,12,3.9386000633239746,7.7636308670043945,6.933300018310547
AT,AKC,urban,2023-03-14T18:00:00,12,4.025798797607422,7.555863380432129,8.690449714660645
AT,AKC,urban,2023-03-14T19:00:00,12,3.8773488998413086,5.439774036407471,2.2547998428344727
AT,AKC,urban,2023-03-14T20:00:00,12,4.675300121307373,5.043315887451172,2.42819881439209
AT,AKC,urban,2023-03-14T21:00:00,12,4.745200157165527,4.027315616607666,2.476149559020996
AT,AKC,urban,2023-03-14T22:00:00,12,4.707550525665283,4.038891315460205,2.383450508117676
AT,AKC,urban,2023-03-14T23:00:00,12,4.548599720001221,3.176746368408203,2.5559492111206055
AT,AKC,urban,2023-03-15T00:00:00,12,5.566400051116943,2.9373998641967773,2.634749412536621
AT,AKC,urban,2023-03-15T01:00:00,12,4.420848846435547,2.3519515991210938,2.3540000915527344
AT,AKC,urban,2023-03-15T02:00:00,12,3.843499183654785,3.1290788650512695,2.751500129699707
AT,AKC,urban,2023-03-15T03:00:00,12,4.090400218963623,4.503122329711914,3.9678993225097656
AT,AKC,urban,2023-03-15T04:00:00,12,3.320749282836914,5.139590740203857,4.014800071716309
AT,AKC,urban,2023-03-15T05:00:00,12,4.051249027252197,5.238685607910156,3.9386000633239746
AT,AKC,urban,2023-03-15T06:00:00,12,4.15834903717041,5.490513324737549,4.025798797607422
AT,AKC,urban,2023-03-15T07:00:00,12,4.2392988204956055,5.256849765777588,3.8773488998413086
AT,AKC,urban,2023-03-15T08:00:00,12,4.945849418640137,5.754498481750488,4.675300121307373
AT,AKC,urban,2023-03-15T09:00:00,12,5.196949005126953,5.944000244140625,4.745200157165527
AT,AKC,urban,2023-03-15T10:00:00,12,4.104249000549316,5.68621301651001,4.707550525665283
AT,AKC,urban,2023-03-15T11:00:00,12,3.8010997772216797,5.805720329284668,4.548599720001221
AT,AKC,urban,2023-03-15T12:00:00,12,4.352999210357666,5.887402057647705,5.566400051116943
AT,AKC,urban,2023-03-15T13:00:00,12,5.280600070953369,5.266190528869629,4.420848846435547
AT,AKC,urban,2023-03-15T14:00:00,12,6.734148979187012,4.546116828918457,3.843499183654785
AT,AKC,urban,2023-03-15T15:00:00,12,8.149398803710938,4.52274227142334,4.090400218963623
AT,AKC,urban,2023-03-15T16:00:00,12,8.880200386047363,4.10574197769165,3.320749282836914
AT,AKC,urban,2023-03-15T17:00:00,12,9.302048683166504,4.613420009613037,4.051249027252197
AT,AKC,urban,2023-03-15T18:00:00,12,10.044400215148926,4.8093461990356445,4.15834903717041
AT,AKC,urban,2023-03-15T19:00:00,12,9.251798629760742,5.40454626083374,4.2392988204956055
AT,AKC,urban,2023-03-15T20:00:00,12,7.544548988342285,5.9122314453125,4.945849418640137
AT,AKC,urban,2023-03-15T21:00:00,12,5.078948974609375,6.314939975738525,5.196949005126953
AT,AKC,urban,2023-03-15T22:00:00,12,5.065499782562256,5.642389297485352,4.104249000549316
AT,AKC,urban,2023-03-15T23:00:00,12,6.526148796081543,5.432605266571045,3.8010997772216797
AT,AKC,urban,2023-03-16T00:00:00,12,6.284399509429932,6.109403610229492,4.352999210357666
AT,AKC,urban,2023-03-16T01:00:00,12,6.643098831176758,6.457651615142822,5.280600070953369
AT,AKC,urban,2023-03-16T02:00:00,12,5.9433488845825195,7.120410442352295,6.734148979187012
AT,AKC,urban,2023-03-16T03:00:00,12,5.232199668884277,6.912822723388672,8.149398803710938
AT,AKC,urban,2023-03-16T04:00:00,12,5.507100582122803,7.668973922729492,8.880200386047363
AT,AKC,urban,2023-03-16T05:00:00,12,5.873600006103516,8.109538078308105,9.302048683166504
AT,AKC,urban,2023-03-16T06:00:00,12,8.690099716186523,8.98769760131836,10.044400215148926
AT,AKC,urban,2023-03-16T07:00:00,12,10.320650100708008,9.073555946350098,9.251798629760742
AT,AKC,urban,2023-03-16T08:00:00,12,12.265000343322754,8.642577171325684,7.544548988342285
AT,AKC,urban,2023-03-16T09:00:00,12,12.14900016784668,7.272090911865234,5.078948974609375
AT,AKC,urban,2023-03-16T10:00:00,12,12.946999549865723,7.824724197387695,5.065499782562256
AT,AKC,urban,2023-03-16T11:00:00,12,12.657500267028809,7.747347831726074,6.526148796081543
AT,AKC,urban,2023-03-16T12:00:00,12,10.846500396728516,7.543255805969238,6.284399509429932
AT,AKC,urban,2023-03-16T13:00:00,12,8.988499641418457,7.808664798736572,6.643098831176758
AT,AKC,urban,2023-03-16T14:00:00,12,8.579548835754395,8.102754592895508,5.9433488845825195
AT,AKC,urban,2023-03-16T15:00:00,12,8.70219898223877,8.268651962280273,5.232199668884277
AT,AKC,urban,2023-03-16T16:00:00,12,9.2264986038208,8.63619327545166,5.507100582122803
AT,AKC,urban,2023-03-16T17:00:00,12,10.0514497756958,9.285040855407715,5.873600006103516
AT,AKC,urban,2023-03-16T18:00:00,12,11.511500358581543,10.889777183532715,8.690099716186523
AT,AKC,urban,2023-03-16T19:00:00,12,10.466099739074707,10.67263412475586,10.320650100708008
AT,AKC,urban,2023-03-16T20:00:00,12,9.695850372314453,10.65918254852295,12.265000343322754
AT,AKC,urban,2023-03-16T21:00:00,12,10.558500289916992,9.236760139465332,12.14900016784668
AT,AKC,urban,2023-03-16T22:00:00,12,9.988698959350586,9.791372299194336,12.946999549865723
AT,AKC,urban,2023-03-16T23:00:00,12,8.65095043182373,8.88412857055664,12.657500267028809
AT,AKC,urban,2023-03-17T00:00:00,12,7.735650062561035,8.435868263244629,10.846500396728516
AT,AKC,urban,2023-03-17T01:00:00,12,7.4732489585876465,7.568627834320068,8.988499641418457
AT,AKC,urban,2023-03-17T02:00:00,12,8.189899444580078,7.5974249839782715,8.579548835754395
AT,AKC,urban,2023-03-17T03:00:00,12,8.127148628234863,7.4696855545043945,8.70219898223877
AT,AKC,urban,2023-03-17T04:00:00,12,7.270998954772949,8.395524978637695,9.2264986038208
AT,AKC,urban,2023-03-17T05:00:00,12,7.707249164581299,8.902708053588867,10.0514497756958
AT,AKC,urban,2023-03-17T06:00:00,12,8.043950080871582,9.977951049804688,11.511500358581543
AT,AKC,urban,2023-03-17T07:00:00,12,8.005200386047363,9.684855461120605,10.466099739074707
AT,AKC,urban,2023-03-17T08:00:00,12,7.653698921203613,10.071847915649414,9.695850372314453
AT,AKC,urban,2023-03-17T09:00:00,12,7.260299205780029,10.18356990814209,10.558500289916992
AT,AKC,urban,2023-03-17T10:00:00,12,6.8358988761901855,9.380979537963867,9.988698959350586
AT,AKC,urban,2023-03-17T11:00:00,12,7.254149913787842,9.372804641723633,8.65095043182373
AT,AKC,urban,2023-03-17T12:00:00,12,8.460350036621094,9.189927101135254,7.735650062561035
AT,AKC,urban,2023-03-17T13:00:00,12,8.442448616027832,9.682500839233398,7.4732489585876465
AT,AKC,urban,2023-03-17T14:00:00,12,8.999798774719238,10.138721466064453,8.189899444580078
AT,AKC,urban,2023-03-17T15:00:00,12,9.261150360107422,10.35252571105957,8.127148628234863
AT,AKC,urban,2023-03-17T16:00:00,12,9.550148963928223,10.157773971557617,7.270998954772949
AT,AKC,urban,2023-03-17T17:00:00,12,9.979748725891113,11.11052131652832,7.707249164581299
AT,AKC,urban,2023-03-17T18:00:00,12,10.147000312805176,11.654727935791016,8.043950080871582
AT,AKC,urban,2023-03-17T19:00:00,12,10.67199993133545,11.950098037719727,8.005200386047363
AT,AKC,urban,2023-03-17T20:00:00,12,10.680500030517578,11.376108169555664,7.653698921203613
AT,AKC,urban,2023-03-17T21:00:00,12,10.97249984741211,11.177740097045898,7.260299205780029
AT,AKC,urban,2023-03-17T22:00:00,12,11.20199966430664,10.01052188873291,6.8358988761901855
AT,AKC,urban,2023-03-17T23:00:00,12,11.031999588012695,10.175806045532227,7.254149913787842
AT,AKC,urban,2023-03-18T00:00:00,12,10.995499610900879,9.650203704833984,8.460350036621094
AT,AKC,urban,2023-03-18T01:00:00,12,10.018600463867188,9.460939407348633,8.442448616027832
AT,AKC,urban,2023-03-18T02:00:00,12,9.316848754882812,9.001755714416504,8.999798774719238
AT,AKC,urban,2023-03-18T03:00:00,12,9.784250259399414,9.62791633605957,9.261150360107422
AT,AKC,urban,2023-03-18T04:00:00,12,9.471098899841309,10.019332885742188,9.550148963928223
AT,AKC,urban,2023-03-18T05:00:00,12,9.734000205993652,10.977269172668457,9.979748725891113
AT,AKC,urban,2023-03-18T06:00:00,12,10.444499969482422,11.351426124572754,10.147000312805176
AT,AKC,urban,2023-03-18T07:00:00,12,10.971500396728516,12.451761245727539,10.67199993133545
AT,AKC,urban,2023-03-18T08:00:00,12,11.41450023651123,12.414575576782227,10.680500030517578
AT,AKC,urban,2023-03-18T09:00:00,12,12.899999618530273,13.163764953613281,10.97249984741211
AT,AKC,urban,2023-03-18T10:00:00,12,15.195500373840332,13.117386817932129,11.20199966430664
AT,AKC,urban,2023-03-18T11:00:00,12,15.756999969482422,13.388020515441895,11.031999588012695
AT,AKC,urban,2023-03-18T12:00:00,12,15.398500442504883,13.382266998291016,10.995499610900879
AT,AKC,urban,2023-03-18T13:00:00,12,14.878999710083008,13.236794471740723,10.018600463867188
AT,AKC,urban,2023-03-18T14:00:00,12,14.581000328063965,12.891522407531738,9.316848754882812
AT,AKC,urban,2023-03-18T15:00:00,12,14.480999946594238,13.47835636138916,9.784250259399414
AT,AKC,urban,2023-03-18T16:00:00,12,14.589500427246094,13.110512733459473,9.471098899841309
AT,AKC,urban,2023-03-18T17:00:00,12,15.11050033569336,13.340058326721191,9.734000205993652
AT,AKC,urban,2023-03-18T18:00:00,12,15.652000427246094,13.668707847595215,10.444499969482422
AT,AKC,urban,2023-03-18T19:00:00,12,16.572500228881836,13.76764965057373,10.971500396728516
AT,AKC,urban,2023-03-18T20:00:00,12,17.133499145507812,13.391875267028809,11.41450023651123
AT,AKC,urban,2023-03-18T21:00:00,12,18.141000747680664,13.553366661071777,12.899999618530273
AT,AKC,urban,2023-03-18T22:00:00,12,18.374500274658203,13.124448776245117,15.195500373840332
AT,AKC,urban,2023-03-18T23:00:00,12,18.454500198364258,12.946300506591797,15.756999969482422
AT,AKC,urban,2023-03-19T00:00:00,12,17.847999572753906,12.162060737609863,15.398500442504883
AT,AKC,urban,2023-03-19T01:00:00,12,16.350000381469727,11.778691291809082,14.878999710083008
AT,AKC,urban,2023-03-19T02:00:00,12,16.12700080871582,11.38708209991455,14.581000328063965
AT,AKC,urban,2023-03-19T03:00:00,12,15.730999946594238,11.35322380065918,14.480999946594238
AT,AKC,urban,2023-03-19T04:00:00,12,15.896499633789062,11.08940601348877,14.589500427246094
AT,AKC,urban,2023-03-19T05:00:00,12,18.68199920654297,11.146012306213379,15.11050033569336
AT,AKC,urban,2023-03-19T06:00:00,12,20.245500564575195,11.170549392700195,15.652000427246094
AT,AKC,urban,2023-03-19T07:00:00,12,20.058000564575195,11.340386390686035,16.572500228881836
AT,AKC,urban,2023-03-19T08:00:00,12,24.249500274658203,11.293950080871582,17.133499145507812
AT,AKC,urban,2023-03-19T09:00:00,12,20.872499465942383,11.859663009643555,18.141000747680664
AT,AKC,urban,2023-03-19T10:00:00,12,20.045499801635742,11.899187088012695,18.374500274658203
AT,AKC,urban,2023-03-19T11:00:00,12,18.765499114990234,11.91791820526123,18.454500198364258
AT,AKC,urban,2023-03-19T12:00:00,12,20.68899917602539,11.770968437194824,17.847999572753906
AT,AKC,urban,2023-03-19T13:00:00,12,20.8174991607666,11.23146915435791,16.350000381469727
AT,AKC,urban,2023-03-19T14:00:00,12,22.058500289916992,11.875800132751465,16.12700080871582
AT,AKC,urban,2023-03-19T15:00:00,12,23.291000366210938,11.867613792419434,15.730999946594238
AT,AKC,urban,2023-03-19T16:00:00,12,25.336002349853516,12.318918228149414,15.896499633789062
AT,AKC,urban,2023-03-19T17:00:00,12,26.979999542236328,13.040398597717285,18.68199920654297
AT,AKC,urban,2023-03-19T18:00:00,12,28.368000030517578,13.306840896606445,20.245500564575195
AT,AKC,urban,2023-03-19T19:00:00,12,22.334999084472656,12.92764949798584,20.058000564575195
AT,AKC,urban,2023-03-19T20:00:00,12,16.346500396728516,14.701663970947266,24.249500274658203
AT,AKC,urban,2023-03-19T21:00:00,12,10.316499710083008,12.79995346069336,20.872499465942383
AT,AKC,urban,2023-03-19T22:00:00,12,8.346598625183105,12.510101318359375,20.045499801635742
AT,AKC,urban,2023-03-19T23:00:00,12,9.962300300598145,11.181042671203613,18.765499114990234
AT,AKC,urban,2023-03-20T00:00:00,12,12.27299976348877,12.135443687438965,20.68899917602539
AT,AKC,urban,2023-03-20T01:00:00,12,9.683950424194336,11.426778793334961,20.8174991607666
AT,AKC,urban,2023-03-20T02:00:00,12,10.529000282287598,12.396315574645996,22.058500289916992
AT,AKC,urban,2023-03-20T03:00:00,12,8.910650253295898,12.3135986328125,23.291000366210938
AT,AKC,urban,2023-03-20T04:00:00,12,8.239150047302246,13.311132431030273,25.336002349853516
AT,AKC,urban,2023-03-20T05:00:00,12,8.865400314331055,14.7341947555542,26.979999542236328
AT,AKC,urban,2023-03-20T06:00:00,12,10.762499809265137,16.220043182373047,28.368000030517578
AT,AKC,urban,2023-03-20T07:00:00,12,11.362500190734863,13.656786918640137,22.334999084472656
AT,AKC,urban,2023-03-20T08:00:00,12,10.53600025177002,11.500694274902344,16.346500396728516
AT,AKC,urban,2023-03-20T09:00:00,12,9.476149559020996,9.520236015319824,10.316499710083008
AT,AKC,urban,2023-03-20T10:00:00,12,9.079648971557617,10.010278701782227,8.346598625183105
AT,AKC,urban,2023-03-20T11:00:00,12,10.767000198364258,10.279011726379395,9.962300300598145
AT,AKC,urban,2023-03-20T12:00:00,12,9.806098937988281,11.273231506347656,12.27299976348877
AT,AKC,urban,2023-03-20T13:00:00,12,7.959650039672852,11.07766056060791,9.683950424194336
AT,AKC,urban,2023-03-20T14:00:00,12,8.263500213623047,12.323648452758789,10.529000282287598
AT,AKC,urban,2023-03-20T15:00:00,12,9.711798667907715,11.384934425354004,8.910650253295898
AT,AKC,urban,2023-03-20T16:00:00,12,9.73379898071289,11.731374740600586,8.239150047302246
AT,AKC,urban,2023-03-20T17:00:00,12,10.540550231933594,12.172430038452148,8.865400314331055
AT,AKC,urban,2023-03-20T18:00:00,12,13.181500434875488,14.230611801147461,10.762499809265137
AT,AKC,urban,2023-03-20T19:00:00,12,9.655750274658203,13.848271369934082,11.362500190734863
AT,AKC,urban,2023-03-20T20:00:00,12,8.517200469970703,13.18331241607666,10.53600025177002
AT,AKC,urban,2023-03-20T21:00:00,12,8.848698616027832,11.584293365478516,9.476149559020996
AT,AKC,urban,2023-03-20T22:00:00,12,8.36935043334961,10.805760383605957,9.079648971557617
AT,AKC,urban,2023-03-20T23:00:00,12,8.792200088500977,11.466286659240723,10.767000198364258
AT,AKC,urban,2023-03-21T00:00:00,12,7.910200119018555,10.731552124023438,9.806098937988281
AT,AKC,urban,2023-03-21T01:00:00,12,5.763899326324463,9.705804824829102,7.959650039672852
AT,AKC,urban,2023-03-21T02:00:00,12,7.034450054168701,9.223922729492188,8.263500213623047
AT,AKC,urban,2023-03-21T03:00:00,12,7.626198768615723,9.477727890014648,9.711798667907715
AT,AKC,urban,2023-03-21T04:00:00,12,5.842748641967773,8.778457641601562,9.73379898071289
AT,AKC,urban,2023-03-21T05:00:00,12,5.394598960876465,9.188248634338379,10.540550231933594
AT,AKC,urban,2023-03-21T06:00:00,12,8.45259952545166,10.809088706970215,13.181500434875488
AT,AKC,urban,2023-03-21T07:00:00,12,8.925800323486328,10.036279678344727,9.655750274658203
AT,AKC,urban,2023-03-21T08:00:00,12,12.189000129699707,9.643148422241211,8.517200469970703
AT,AKC,urban,2023-03-21T09:00:00,12,12.715999603271484,10.239931106567383,8.848698616027832
AT,AKC,urban,2023-03-21T10:00:00,12,11.993000030517578,10.622977256774902,8.36935043334961
AT,AKC,urban,2023-03-21T11:00:00,12,12.470000267028809,11.926250457763672,8.792200088500977
AT,AKC,urban,2023-03-21T12:00:00,12,8.459198951721191,12.09642219543457,7.910200119018555
AT,AKC,urban,2023-03-21T13:00:00,12,10.784000396728516,11.20605754852295,5.763899326324463
AT,AKC,urban,2023-03-21T14:00:00,12,8.233248710632324,12.707767486572266,7.034450054168701
AT,AKC,urban,2023-03-21T15:00:00,12,8.067049026489258,13.546037673950195,7.626198768615723
AT,AKC,urban,2023-03-21T16:00:00,12,10.624750137329102,13.328739166259766,5.842748641967773
AT,AKC,urban,2023-03-21T17:00:00,12,13.86050033569336,13.53346061706543,5.394598960876465
AT,AKC,urban,2023-03-21T18:00:00,12,19.587499618530273,15.736228942871094,8.45259952545166
AT,AKC,urban,2023-03-21T19:00:00,12,23.99850082397461,15.420204162597656,8.925800323486328
AT,AKC,urban,2023-03-21T20:00:00,12,16.354999542236328,15.59860897064209,12.189000129699707
AT,AKC,urban,2023-03-21T21:00:00,12,28.816001892089844,14.606622695922852,12.715999603271484
AT,AKC,urban,2023-03-21T22:00:00,12,17.6299991607666,13.401863098144531,11.993000030517578
AT,AKC,urban,2023-03-21T23:00:00,12,10.601499557495117,11.402793884277344,12.470000267028809
AT,AKC,urban,2023-03-22T00:00:00,12,10.699000358581543,10.099098205566406,8.459198951721191
AT,AKC,urban,2023-03-22T01:00:00,12,7.794149875640869,10.32335090637207,10.784000396728516
AT,AKC,urban,2023-03-22T02:00:00,12,8.28394889831543,7.775755882263184,8.233248710632324
AT,AKC,urban,2023-03-22T03:00:00,12,6.083448886871338,7.825251579284668,8.067049026489258
AT,AKC,urban,2023-03-22T04:00:00,12,6.842148303985596,7.739869594573975,10.624750137329102
AT,AKC,urban,2023-03-22T05:00:00,12,8.629948616027832,7.559122562408447,13.86050033569336
AT,AKC,urban,2023-03-22T06:00:00,12,9.032150268554688,9.424871444702148,19.587499618530273
AT,AKC,urban,2023-03-22T07:00:00,12,9.824548721313477,11.567164421081543,23.99850082397461
AT,AKC,urban,2023-03-22T08:00:00,12,13.173500061035156,6.823624134063721,16.354999542236328
AT,AKC,urban,2023-03-22T09:00:00,12,12.409500122070312,14.539993286132812,28.816001892089844
AT,AKC,urban,2023-03-22T10:00:00,12,11.529999732971191,6.151650905609131,17.6299991607666
AT,AKC,urban,2023-03-22T11:00:00,12,10.980400085449219,5.9761738777160645,10.601499557495117
AT,AKC,urban,2023-03-22T12:00:00,12,11.45199966430664,6.409015655517578,10.699000358581543
AT,AKC,urban,2023-03-22T13:00:00,12,9.011499404907227,5.131950378417969,7.794149875640869
AT,AKC,urban,2023-03-22T14:00:00,12,10.378499984741211,5.504539966583252,8.28394889831543
AT,AKC,urban,2023-03-22T15:00:00,12,11.687000274658203,3.810993194580078,6.083448886871338
AT,AKC,urban,2023-03-22T16:00:00,12,11.86299991607666,5.062077522277832,6.842148303985596
AT,AKC,urban,2023-03-22T17:00:00,12,12.78499984741211,3.739445686340332,8.629948616027832
AT,AKC,urban,2023-03-22T18:00:00,12,18.3700008392334,4.744656562805176,9.032150268554688
AT,AKC,urban,2023-03-22T19:00:00,12,19.849000930786133,5.443298816680908,9.824548721313477
AT,AKC,urban,2023-03-22T20:00:00,12,20.073999404907227,7.490978717803955,13.173500061035156
AT,AKC,urban,2023-03-22T21:00:00,12,21.31800079345703,6.129603385925293,12.409500122070312
AT,AKC,urban,2023-03-22T22:00:00,12,21.725500106811523,6.091341972351074,11.529999732971191
AT,AKC,urban,2023-03-22T23:00:00,12,17.6825008392334,5.989620685577393,10.980400085449219
AT,AKC,urban,2023-03-23T00:00:00,12,12.541500091552734,6.646396636962891,11.45199966430664
AT,AKC,urban,2023-03-23T01:00:00,12,10.697500228881836,5.918365478515625,9.011499404907227
AT,AKC,urban,2023-03-23T02:00:00,12,9.56554889678955,7.326601982116699,10.378499984741211
AT,AKC,urban,2023-03-23T03:00:00,12,8.695599555969238,6.629032611846924,11.687000274658203
AT,AKC,urban,2023-03-23T04:00:00,12,10.193900108337402,6.961686134338379,11.86299991607666
AT,AKC,urban,2023-03-23T05:00:00,12,15.136500358581543,6.831731796264648,12.78499984741211
AT,AKC,urban,2023-03-23T06:00:00,12,18.516000747680664,7.831804275512695,18.3700008392334
AT,AKC,urban,2023-03-23T07:00:00,12,19.534500122070312,8.639863014221191,19.849000930786133
AT,AKC,urban,2023-03-23T08:00:00,12,16.649499893188477,9.425060272216797,20.073999404907227
AT,AKC,urban,2023-03-23T09:00:00,12,18.011999130249023,9.786798477172852,21.31800079345703
AT,AKC,urban,2023-03-23T10:00:00,12,20.2549991607666,10.482926368713379,21.725500106811523
AT,AKC,urban,2023-03-23T11:00:00,12,20.38249969482422,7.676449298858643,17.6825008392334
AT,AKC,urban,2023-03-23T12:00:00,12,26.336999893188477,6.69952917098999,12.541500091552734
AT,AKC,urban,2023-03-23T13:00:00,12,25.340499877929688,8.355239868164062,10.697500228881836
AT,AKC,urban,2023-03-23T14:00:00,12,27.229999542236328,9.654399871826172,9.56554889678955
AT,AKC,urban,2023-03-23T15:00:00,12,28.67850112915039,10.041899681091309,8.695599555969238
AT,AKC,urban,2023-03-23T16:00:00,12,28.547500610351562,12.470473289489746,10.193900108337402
AT,AKC,urban,2023-03-23T17:00:00,12,25.793500900268555,11.553735733032227,15.136500358581543
AT,AKC,urban,2023-03-23T18:00:00,12,23.458999633789062,15.766183853149414,18.516000747680664
AT,AKC,urban,2023-03-23T19:00:00,12,23.900999069213867,15.356979370117188,19.534500122070312
AT,AKC,urban,2023-03-23T20:00:00,12,23.585500717163086,14.996106147766113,16.649499893188477
AT,AKC,urban,2023-03-23T21:00:00,12,25.579999923706055,14.907373428344727,18.011999130249023
AT,AKC,urban,2023-03-23T22:00:00,12,23.809499740600586,16.137332916259766,20.2549991607666
AT,AKC,urban,2023-03-23T23:00:00,12,21.481502532958984,15.38640022277832,20.38249969482422
AT,AKC,urban,2023-03-24T00:00:00,12,19.8700008392334,14.89501667022705,26.336999893188477
AT,AKC,urban,2023-03-24T01:00:00,12,18.91200065612793,13.619488716125488,25.340499877929688
AT,AKC,urban,2023-03-24T02:00:00,12,17.75550079345703,16.956993103027344,27.229999542236328
AT,AKC,urban,2023-03-24T03:00:00,12,8.201250076293945,17.31568145751953,28.67850112915039
AT,AKC,urban,2023-03-24T04:00:00,12,3.3724489212036133,16.540531158447266,28.547500610351562
AT,AKC,urban,2023-03-24T05:00:00,12,4.900798797607422,14.960210800170898,25.793500900268555
AT,AKC,urban,2023-03-24T06:00:00,12,5.005399703979492,14.008273124694824,23.458999633789062
AT,AKC,urban,2023-03-24T07:00:00,12,5.2681989669799805,15.043713569641113,23.900999069213867
AT,AKC,urban,2023-03-24T08:00:00,12,7.579998970031738,15.03707218170166,23.585500717163086
AT,AKC,urban,2023-03-24T09:00:00,12,3.953350067138672,16.600528717041016,25.579999923706055
AT,AKC,urban,2023-03-24T10:00:00,12,1.8541498184204102,15.082841873168945,23.809499740600586
AT,AKC,urban,2023-03-24T11:00:00,12,1.857100486755371,13.384566307067871,21.481502532958984
AT,AKC,urban,2023-03-24T12:00:00,12,1.3792505264282227,11.737091064453125,19.8700008392334
AT,AKC,urban,2023-03-24T13:00:00,12,1.3959989547729492,11.292328834533691,18.91200065612793
AT,AKC,urban,2023-03-24T14:00:00,12,1.8525495529174805,10.275211334228516,17.75550079345703
AT,AKC,urban,2023-03-24T15:00:00,12,2.512700080871582,8.212196350097656,8.201250076293945
AT,AKC,urban,2023-03-24T16:00:00,12,3.105849266052246,6.6255974769592285,3.3724489212036133
AT,AKC,urban,2023-03-24T17:00:00,12,3.082148551940918,7.552074909210205,4.900798797607422
AT,AKC,urban,2023-03-24T18:00:00,12,2.997049331665039,7.554997444152832,5.005399703979492
AT,AKC,urban,2023-03-24T19:00:00,12,2.4862985610961914,7.038928985595703,5.2681989669799805
AT,AKC,urban,2023-03-24T20:00:00,12,2.7948484420776367,7.175734043121338,7.579998970031738
AT,AKC,urban,2023-03-24T21:00:00,12,2.635648727416992,5.820345401763916,3.953350067138672
AT,AKC,urban,2023-03-24T22:00:00,12,2.544198989868164,4.307897090911865,1.8541498184204102
AT,AKC,urban,2023-03-24T23:00:00,12,2.35360050201416,3.5854415893554688,1.857100486755371
AT,AKC,urban,2023-03-25T00:00:00,12,2.4724502563476562,2.8274850845336914,1.3792505264282227
AT,AKC,urban,2023-03-25T01:00:00,12,2.0393991470336914,3.11063289642334,1.3959989547729492
AT,AKC,urban,2023-03-25T02:00:00,12,1.8547992706298828,3.3724441528320312,1.8525495529174805
AT,AKC,urban,2023-03-25T03:00:00,12,1.7592992782592773,3.846769332885742,2.512700080871582
AT,AKC,urban,2023-03-25T04:00:00,12,1.8351993560791016,4.028557777404785,3.105849266052246
AT,AKC,urban,2023-03-25T05:00:00,12,1.4080495834350586,4.758738040924072,3.082148551940918
AT,AKC,urban,2023-03-25T06:00:00,12,2.078648567199707,5.7331624031066895,2.997049331665039
AT,AKC,urban,2023-03-25T07:00:00,12,1.4932003021240234,5.973649501800537,2.4862985610961914
AT,AKC,urban,2023-03-25T08:00:00,12,1.2559490203857422,6.3241095542907715,2.7948484420776367
AT,AKC,urban,2023-03-25T09:00:00,12,1.2908992767333984,6.2314229011535645,2.635648727416992
AT,AKC,urban,2023-03-25T10:00:00,12,1.4403505325317383,5.911505222320557,2.544198989868164
AT,AKC,urban,2023-03-25T11:00:00,12,1.4469995498657227,5.918466091156006,2.35360050201416
AT,AKC,urban,2023-03-25T12:00:00,12,1.6350488662719727,5.912055492401123,2.4724502563476562
AT,AKC,urban,2023-03-25T13:00:00,12,1.7494001388549805,6.1503448486328125,2.0393991470336914
AT,AKC,urban,2023-03-25T14:00:00,12,1.8934993743896484,5.766031265258789,1.8547992706298828
AT,AKC,urban,2023-03-25T15:00:00,12,2.1122989654541016,5.797695159912109,1.7592992782592773
AT,AKC,urban,2023-03-25T16:00:00,12,2.0074501037597656,5.2336745262146,1.8351993560791016
AT,AKC,urban,2023-03-25T17:00:00,12,1.9558477401733398,4.9992570877075195,1.4080495834350586
AT,AKC,urban,2023-03-25T18:00:00,12,2.8150501251220703,5.056976318359375,2.078648567199707
AT,AKC,urban,2023-03-25T19:00:00,12,2.7676496505737305,4.47666072845459,1.4932003021240234
AT,AKC,urban,2023-03-25T20:00:00,12,2.896500587463379,4.044775009155273,1.2559490203857422
AT,AKC,urban,2023-03-25T21:00:00,12,2.963250160217285,3.5657520294189453,1.2908992767333984
AT,AKC,urban,2023-03-25T22:00:00,12,2.5662002563476562,3.1864500045776367,1.4403505325317383
AT,AKC,urban,2023-03-25T23:00:00,12,2.44320011138916,2.6092100143432617,1.4469995498657227
AT,AKC,urban,2023-03-26T00:00:00,12,2.0978498458862305,2.3863916397094727,1.6350488662719727
AT,AKC,urban,2023-03-26T01:00:00,12,1.6205987930297852,2.065262794494629,1.7494001388549805
AT,AKC,urban,2023-03-26T02:00:00,12,1.9781503677368164,2.047116279602051,1.8934993743896484
AT,AKC,urban,2023-03-26T03:00:00,12,3.117650032043457,1.87860107421875,2.1122989654541016
AT,AKC,urban,2023-03-26T04:00:00,12,2.4026002883911133,2.0170774459838867,2.0074501037597656
AT,AKC,urban,2023-03-26T05:00:00,12,2.0625009536743164,2.046236991882324,1.9558477401733398
AT,AKC,urban,2023-03-26T06:00:00,12,2.4192495346069336,3.0112085342407227,2.8150501251220703
AT,AKC,urban,2023-03-26T07:00:00,12,2.547849655151367,3.2765979766845703,2.7676496505737305
AT,AKC,urban,2023-03-26T08:00:00,12,2.279250144958496,3.751178741455078,2.896500587463379
AT,AKC,urban,2023-03-26T09:00:00,12,2.3238000869750977,3.621114730834961,2.963250160217285
AT,AKC,urban,2023-03-26T10:00:00,12,2.096848487854004,3.5695114135742188,2.5662002563476562
AT,AKC,urban,2023-03-26T11:00:00,12,2.2216501235961914,3.270648956298828,2.44320011138916
AT,AKC,urban,2023-03-26T12:00:00,12,2.5717992782592773,3.541775703430176,2.0978498458862305
AT,AKC,urban,2023-03-26T13:00:00,12,2.6971988677978516,3.169178009033203,1.6205987930297852
AT,AKC,urban,2023-03-26T14:00:00,12,2.6969995498657227,3.744687080383301,1.9781503677368164
AT,AKC,urban,2023-03-26T15:00:00,12,2.095099449157715,4.260193347930908,3.117650032043457
AT,AKC,urban,2023-03-26T16:00:00,12,1.8338994979858398,3.8851394653320312,2.4026002883911133
AT,AKC,urban,2023-03-26T17:00:00,12,2.0186996459960938,3.5200281143188477,2.0625009536743164
AT,AKC,urban,2023-03-26T18:00:00,12,1.8885498046875,3.88789701461792,2.4192495346069336
AT,AKC,urban,2023-03-26T19:00:00,12,1.9383001327514648,3.9330897331237793,2.547849655151367
AT,AKC,urban,2023-03-26T20:00:00,12,2.884099006652832,3.6836929321289062,2.279250144958496
AT,AKC,urban,2023-03-26T21:00:00,12,1.9167490005493164,3.4097299575805664,2.3238000869750977
AT,AKC,urban,2023-03-26T22:00:00,12,2.2394495010375977,3.0048580169677734,2.096848487854004
AT,AKC,urban,2023-03-26T23:00:00,12,4.300099849700928,3.0444746017456055,2.2216501235961914
AT,AKC,urban,2023-03-27T00:00:00,12,4.617348670959473,3.365511894226074,2.5717992782592773
AT,AKC,urban,2023-03-27T01:00:00,12,4.105350017547607,3.468130111694336,2.6971988677978516
AT,AKC,urban,2023-03-27T02:00:00,12,3.521298408508301,3.1851253509521484,2.6969995498657227
AT,AKC,urban,2023-03-27T03:00:00,12,3.5323495864868164,2.5688419342041016,2.095099449157715
AT,AKC,urban,2023-03-27T04:00:00,12,3.705899238586426,2.7995681762695312,1.8338994979858398
AT,AKC,urban,2023-03-27T05:00:00,12,3.9292993545532227,3.0824384689331055,2.0186996459960938
AT,AKC,urban,2023-03-27T06:00:00,12,3.6529998779296875,3.2474441528320312,1.8885498046875
AT,AKC,urban,2023-03-27T07:00:00,12,3.766049385070801,3.76700496673584,1.9383001327514648
AT,AKC,urban,2023-03-27T08:00:00,12,3.221050262451172,4.632456302642822,2.884099006652832
AT,AKC,urban,2023-03-27T09:00:00,12,3.2525997161865234,4.349708080291748,1.9167490005493164
AT,AKC,urban,2023-03-27T10:00:00,12,2.794949531555176,4.752805233001709,2.2394495010375977
AT,AKC,urban,2023-03-27T11:00:00,12,2.553500175476074,5.438878536224365,4.300099849700928
AT,AKC,urban,2023-03-27T12:00:00,12,3.764399528503418,5.832956790924072,4.617348670959473
AT,AKC,urban,2023-03-27T13:00:00,12,3.415499687194824,5.559138298034668,4.105350017547607
AT,AKC,urban,2023-03-27T14:00:00,12,3.257399559020996,5.446865558624268,3.521298408508301
AT,AKC,urban,2023-03-27T15:00:00,12,2.8148984909057617,5.3872761726379395,3.5323495864868164
AT,AKC,urban,2023-03-27T16:00:00,12,3.262948989868164,5.352840900421143,3.705899238586426
AT,AKC,urban,2023-03-27T17:00:00,12,4.109048843383789,5.456700801849365,3.9292993545532227
AT,AKC,urban,2023-03-27T18:00:00,12,4.828299045562744,5.325694561004639,3.6529998779296875
AT,AKC,urban,2023-03-27T19:00:00,12,4.848649024963379,5.63694429397583,3.766049385070801
AT,AKC,urban,2023-03-27T20:00:00,12,3.8612499237060547,4.813429832458496,3.221050262451172
AT,AKC,urban,2023-03-27T21:00:00,12,3.6503496170043945,4.980016231536865,3.2525997161865234
AT,AKC,urban,2023-03-27T22:00:00,12,3.6753997802734375,3.929513931274414,2.794949531555176
AT,AKC,urban,2023-03-27T23:00:00,12,4.149999141693115,4.110139846801758,2.553500175476074
AT,AKC,urban,2023-03-28T00:00:00,12,3.8205995559692383,4.647303104400635,3.764399528503418
AT,AKC,urban,2023-03-28T01:00:00,12,3.512650489807129,4.642608165740967,3.415499687194824
AT,AKC,urban,2023-03-28T02:00:00,12,4.545750141143799,4.33975076675415,3.257399559020996
AT,AKC,urban,2023-03-28T03:00:00,12,4.298900127410889,4.006635665893555,2.8148984909057617
AT,AKC,urban,2023-03-28T04:00:00,12,4.165150165557861,4.255870819091797,3.262948989868164
AT,AKC,urban,2023-03-28T05:00:00,12,3.675950050354004,4.536012172698975,4.109048843383789
AT,AKC,urban,2023-03-28T06:00:00,12,3.326798439025879,5.161769866943359,4.828299045562744
AT,AKC,urban,2023-03-28T07:00:00,12,3.501850128173828,5.379047870635986,4.848649024963379
AT,AKC,urban,2023-03-28T08:00:00,12,3.552548408508301,4.9546799659729,3.8612499237060547
AT,AKC,urban,2023-03-28T09:00:00,12,3.472498893737793,5.014334678649902,3.6503496170043945
AT,AKC,urban,2023-03-28T10:00:00,12,4.106400012969971,5.462600231170654,3.6753997802734375
AT,AKC,urban,2023-03-28T11:00:00,12,3.671499252319336,6.100401401519775,4.149999141693115
AT,AKC,urban,2023-03-28T12:00:00,12,3.7674503326416016,6.420259475708008,3.8205995559692383
AT,AKC,urban,2023-03-28T13:00:00,12,5.713099002838135,6.291961669921875,3.512650489807129
AT,AKC,urban,2023-03-28T14:00:00,12,6.480599880218506,6.891802787780762,4.545750141143799
AT,AKC,urban,2023-03-28T15:00:00,12,5.664099216461182,6.886174201965332,4.298900127410889
AT,AKC,urban,2023-03-28T16:00:00,12,6.669000148773193,6.942563533782959,4.165150165557861
AT,AKC,urban,2023-03-28T17:00:00,12,7.186399936676025,6.712174892425537,3.675950050354004
AT,AKC,urban,2023-03-28T18:00:00,12,8.710700035095215,6.715352535247803,3.326798439025879
AT,AKC,urban,2023-03-28T19:00:00,12,7.754549026489258,6.706591606140137,3.501850128173828
AT,AKC,urban,2023-03-28T20:00:00,12,7.160749435424805,6.513258457183838,3.552548408508301
AT,AKC,urban,2023-03-28T21:00:00,12,7.023348808288574,5.8403215408325195,3.472498893737793
AT,AKC,urban,2023-03-28T22:00:00,12,7.299900054931641,5.591684818267822,4.106400012969971
AT,AKC,urban,2023-03-28T23:00:00,12,6.413449764251709,4.85225248336792,3.671499252319336
AT,AKC,urban,2023-03-29T00:00:00,12,5.404849529266357,4.780460834503174,3.7674503326416016
AT,AKC,urban,2023-03-29T01:00:00,12,4.984950065612793,5.457602024078369,5.713099002838135
AT,AKC,urban,2023-03-29T02:00:00,12,4.017899036407471,5.880871772766113,6.480599880218506
AT,AKC,urban,2023-03-29T03:00:00,12,4.4215989112854,5.827890872955322,5.664099216461182
AT,AKC,urban,2023-03-29T04:00:00,12,4.784800052642822,7.390748500823975,6.669000148773193
AT,AKC,urban,2023-03-29T05:00:00,12,5.696700096130371,7.138547897338867,7.186399936676025
AT,AKC,urban,2023-03-29T06:00:00,12,6.858500003814697,8.50364875793457,8.710700035095215
AT,AKC,urban,2023-03-29T07:00:00,12,7.967800140380859,8.597297668457031,7.754549026489258
AT,AKC,urban,2023-03-29T08:00:00,12,9.265800476074219,8.743906021118164,7.160749435424805
AT,AKC,urban,2023-03-29T09:00:00,12,10.737000465393066,8.262024879455566,7.023348808288574
AT,AKC,urban,2023-03-29T10:00:00,12,10.869999885559082,9.304908752441406,7.299900054931641
AT,AKC,urban,2023-03-29T11:00:00,12,12.005499839782715,8.8538818359375,6.413449764251709
AT,AKC,urban,2023-03-29T12:00:00,12,12.744500160217285,8.897015571594238,5.404849529266357
AT,AKC,urban,2023-03-29T13:00:00,12,12.427000045776367,8.967155456542969,4.984950065612793
AT,AKC,urban,2023-03-29T14:00:00,12,12.376500129699707,9.237317085266113,4.017899036407471
AT,AKC,urban,2023-03-29T15:00:00,12,12.288999557495117,9.723274230957031,4.4215989112854
AT,AKC,urban,2023-03-29T16:00:00,12,11.307999610900879,9.745597839355469,4.784800052642822
AT,AKC,urban,2023-03-29T17:00:00,12,12.074000358581543,10.27883243560791,5.696700096130371
AT,AKC,urban,2023-03-29T18:00:00,12,12.357500076293945,10.564481735229492,6.858500003814697
AT,AKC,urban,2023-03-29T19:00:00,12,13.82699966430664,10.274557113647461,7.967800140380859
AT,AKC,urban,2023-03-29T20:00:00,12,13.587499618530273,8.782925605773926,9.265800476074219
AT,AKC,urban,2023-03-29T21:00:00,12,13.868000030517578,7.837927341461182,10.737000465393066
AT,AKC,urban,2023-03-29T22:00:00,12,14.422499656677246,6.131989002227783,10.869999885559082
AT,AKC,urban,2023-03-29T23:00:00,12,15.052499771118164,6.170569896697998,12.005499839782715
AT,AKC,urban,2023-03-30T00:00:00,12,15.435500144958496,5.584801197052002,12.744500160217285
AT,AKC,urban,2023-03-30T01:00:00,12,15.454999923706055,4.884407997131348,12.427000045776367
AT,AKC,urban,2023-03-30T02:00:00,12,14.201000213623047,4.82900333404541,12.376500129699707
AT,AKC,urban,2023-03-30T03:00:00,12,13.344499588012695,5.214779376983643,12.288999557495117
AT,AKC,urban,2023-03-30T04:00:00,12,14.17650032043457,4.751397132873535,11.307999610900879
AT,AKC,urban,2023-03-30T05:00:00,12,6.453049659729004,5.54235315322876,12.074000358581543
AT,AKC,urban,2023-03-30T06:00:00,12,4.965250015258789,6.078585624694824,12.357500076293945
AT,AKC,urban,2023-03-30T07:00:00,12,3.7407989501953125,7.038293838500977,13.82699966430664
AT,AKC,urban,2023-03-30T08:00:00,12,4.490499019622803,7.155900955200195,13.587499618530273
AT,AKC,urban,2023-03-30T09:00:00,12,5.146248817443848,7.2136430740356445,13.868000030517578
AT,AKC,urban,2023-03-30T10:00:00,12,4.826000213623047,8.048876762390137,14.422499656677246
AT,AKC,urban,2023-03-30T11:00:00,12,3.2705001831054688,7.898301601409912,15.052499771118164
AT,AKC,urban,2023-03-30T12:00:00,12,2.969649314880371,8.52159309387207,15.435500144958496
AT,AKC,urban,2023-03-30T13:00:00,12,4.5694990158081055,8.467611312866211,15.454999923706055
AT,AKC,urban,2023-03-30T14:00:00,12,5.650400161743164,8.020294189453125,14.201000213623047
AT,AKC,urban,2023-03-30T15:00:00,12,6.3340983390808105,7.6710100173950195,13.344499588012695
AT,AKC,urban,2023-03-30T16:00:00,12,8.027000427246094,9.692131042480469,14.17650032043457
AT,AKC,urban,2023-03-30T17:00:00,12,9.967650413513184,8.918144226074219,6.453049659729004
AT,AKC,urban,2023-03-30T18:00:00,12,10.293499946594238,7.97329044342041,4.965250015258789
AT,AKC,urban,2023-03-30T19:00:00,12,7.587348937988281,7.225888729095459,3.7407989501953125
AT,AKC,urban,2023-03-30T20:00:00,12,8.763699531555176,7.72427225112915,4.490499019622803
AT,AKC,urban,2023-03-30T21:00:00,12,8.025650024414062,7.320284366607666,5.146248817443848
AT,AKC,urban,2023-03-30T22:00:00,12,8.516050338745117,6.381244659423828,4.826000213623047
AT,AKC,urban,2023-03-30T23:00:00,12,8.382049560546875,4.744845867156982,3.2705001831054688
AT,AKC,urban,2023-03-31T00:00:00,12,7.456549167633057,4.417243957519531,2.969649314880371
AT,AKC,urban,2023-03-31T01:00:00,12,5.93804931640625,4.778906345367432,4.5694990158081055
AT,AKC,urban,2023-03-31T02:00:00,12,5.683350086212158,5.141678333282471,5.650400161743164
AT,AKC,urban,2023-03-31T03:00:00,12,4.853300094604492,5.636812686920166,6.3340983390808105
AT,AKC,urban,2023-03-31T04:00:00,12,3.994198799133301,5.960080623626709,8.027000427246094
AT,AKC,urban,2023-03-31T05:00:00,12,4.954649448394775,5.7216877937316895,9.967650413513184
AT,AKC,urban,2023-03-31T06:00:00,12,3.71614933013916,5.574378967285156,10.293499946594238
AT,AKC,urban,2023-03-31T07:00:00,12,3.7992992401123047,4.327142238616943,7.587348937988281
AT,AKC,urban,2023-03-31T08:00:00,12,3.4086990356445312,5.144102096557617,8.763699531555176
AT,AKC,urban,2023-03-31T09:00:00,12,2.8681488037109375,3.9422788619995117,8.025650024414062
AT,AKC,urban,2023-03-31T10:00:00,12,2.1382503509521484,4.6111626625061035,8.516050338745117
AT,AKC,urban,2023-03-31T11:00:00,12,1.9785490036010742,2.9642152786254883,8.382049560546875
AT,AKC,urban,2023-03-31T12:00:00,12,2.023900032043457,3.3487720489501953,7.456549167633057
AT,AKC,urban,2023-03-31T13:00:00,12,1.9511995315551758,3.5687255859375,5.93804931640625
AT,AKC,urban,2023-03-31T14:00:00,12,2.048048973083496,3.755387306213379,5.683350086212158
AT,AKC,urban,2023-03-31T15:00:00,12,2.0859994888305664,3.4150524139404297,4.853300094604492
AT,AKC,urban,2023-03-31T16:00:00,12,2.109250068664551,4.334447383880615,3.994198799133301
AT,AKC,urban,2023-03-31T17:00:00,12,2.25209903717041,5.672055721282959,4.954649448394775
AT,AKC,urban,2023-03-31T18:00:00,12,2.164198875427246,4.870700836181641,3.71614933013916
AT,AKC,urban,2023-03-31T19:00:00,12,2.498898506164551,5.535287380218506,3.7992992401123047
AT,AKC,urban,2023-03-31T20:00:00,12,2.297149658203125,4.594315528869629,3.4086990356445312
AT,AKC,urban,2023-03-31T21:00:00,12,2.003899574279785,4.688516616821289,2.8681488037109375
AT,AKC,urban,2023-03-31T22:00:00,12,1.6861000061035156,3.3772363662719727,2.1382503509521484
AT,AKC,urban,2023-03-31T23:00:00,12,1.553849220275879,3.482107162475586,1.9785490036010742
AT,AKC,urban,2023-04-01T00:00:00,12,1.3734502792358398,3.383089065551758,2.023900032043457
AT,AKC,urban,2023-04-01T01:00:00,12,1.2585983276367188,3.393878936767578,1.9511995315551758
AT,AKC,urban,2023-04-01T02:00:00,12,1.3200998306274414,3.454376220703125,2.048048973083496
AT,AKC,urban,2023-04-01T03:00:00,12,1.3777990341186523,3.601381301879883,2.0859994888305664
AT,AKC,urban,2023-04-01T04:00:00,12,1.5777997970581055,3.2574634552001953,2.109250068664551
AT,AKC,urban,2023-04-01T05:00:00,12,1.4570503234863281,3.6781272888183594,2.25209903717041
AT,AKC,urban,2023-04-01T06:00:00,12,1.648148536682129,3.59877872467041,2.164198875427246
AT,AKC,urban,2023-04-01T07:00:00,12,1.6831998825073242,4.368525505065918,2.498898506164551
AT,AKC,urban,2023-04-01T08:00:00,12,1.321650505065918,4.181191921234131,2.297149658203125
AT,AKC,urban,2023-04-01T09:00:00,12,1.3416500091552734,4.795158386230469,2.003899574279785
AT,AKC,urban,2023-04-01T10:00:00,12,1.3931493759155273,4.966440677642822,1.6861000061035156
AT,AKC,urban,2023-04-01T11:00:00,12,1.364548683166504,5.264533042907715,1.553849220275879
AT,AKC,urban,2023-04-01T12:00:00,12,1.3222503662109375,5.517024993896484,1.3734502792358398
AT,AKC,urban,2023-01-08T05:00:00,24,16.765499114990234,3.4787139892578125,26.697999954223633
AT,AKC,urban,2023-01-08T06:00:00,24,13.50100040435791,2.172536849975586,25.26099967956543
AT,AKC,urban,2023-01-08T07:00:00,24,15.637999534606934,2.015608787536621,23.80900001525879
AT,AKC,urban,2023-01-08T08:00:00,24,12.484000205993652,2.0874176025390625,23.378000259399414
AT,AKC,urban,2023-01-08T09:00:00,24,9.12600040435791,2.338627815246582,22.274999618530273
AT,AKC,urban,2023-01-08T10:00:00,24,4.093648910522461,2.364490509033203,20.404499053955078
AT,AKC,urban,2023-01-08T11:00:00,24,1.7453985214233398,3.153763771057129,19.767499923706055
AT,AKC,urban,2023-01-08T12:00:00,24,1.773550033569336,3.6878204345703125,18.083499908447266
AT,AKC,urban,2023-01-08T13:00:00,24,2.65625,4.903241157531738,19.02400016784668
AT,AKC,urban,2023-01-08T14:00:00,24,3.2238502502441406,4.908375263214111,16.697500228881836
AT,AKC,urban,2023-01-08T15:00:00,24,2.852499008178711,6.430715560913086,14.289999961853027
AT,AKC,urban,2023-01-08T16:00:00,24,2.6603002548217773,8.222041130065918,16.517000198364258
AT,AKC,urban,2023-01-08T17:00:00,24,3.0255489349365234,7.93345832824707,14.888999938964844
AT,AKC,urban,2023-01-08T18:00:00,24,3.3543500900268555,9.680670738220215,15.541999816894531
AT,AKC,urban,2023-01-08T19:00:00,24,3.4942493438720703,9.696956634521484,15.53600025177002
AT,AKC,urban,2023-01-08T20:00:00,24,3.5423994064331055,10.896018028259277,18.452499389648438
AT,AKC,urban,2023-01-08T21:00:00,24,3.343648910522461,10.976183891296387,19.743499755859375
AT,AKC,urban,2023-01-08T22:00:00,24,3.324398994445801,9.39160442352295,17.301000595092773
AT,AKC,urban,2023-01-08T23:00:00,24,3.6050004959106445,9.92606258392334,17.74799919128418
AT,AKC,urban,2023-01-09T00:00:00,24,3.475449562072754,8.964146614074707,18.098499298095703
AT,AKC,urban,2023-01-09T01:00:00,24,3.1937990188598633,8.433050155639648,18.99850082397461
AT,AKC,urban,2023-01-09T02:00:00,24,2.898249626159668,7.357285976409912,19.45800018310547
AT,AKC,urban,2023-01-09T03:00:00,24,2.771298408508301,4.159085273742676,16.33449935913086
AT,AKC,urban,2023-01-09T04:00:00,24,2.8304500579833984,4.057468414306641,16.15850067138672
AT,AKC,urban,2023-01-09T05:00:00,24,2.870999336242676,3.5269908905029297,16.765499114990234
AT,AKC,urban,2023-01-09T06:00:00,24,3.078749656677246,0.9613752365112305,13.50100040435791
AT,AKC,urban,2023-01-09T07:00:00,24,3.6645994186401367,2.3391551971435547,15.637999534606934
AT,AKC,urban,2023-01-09T08:00:00,24,3.946000099182129,1.4190168380737305,12.484000205993652
AT,AKC,urban,2023-01-09T09:00:00,24,4.428750038146973,2.9538516998291016,9.12600040435791
AT,AKC,urban,2023-01-09T10:00:00,24,4.25,2.6076459884643555,4.093648910522461
AT,AKC,urban,2023-01-09T11:00:00,24,4.2795491218566895,2.5128183364868164,1.7453985214233398
AT,AKC,urban,2023-01-09T12:00:00,24,3.979198932647705,2.7677536010742188,1.773550033569336
AT,AKC,urban,2023-01-09T13:00:00,24,3.883298397064209,3.462678909301758,2.65625
AT,AKC,urban,2023-01-09T14:00:00,24,3.335948944091797,3.8876218795776367,3.2238502502441406
AT,AKC,urban,2023-01-09T15:00:00,24,3.00985050201416,3.611326217651367,2.852499008178711
AT,AKC,urban,2023-01-09T16:00:00,24,3.636699676513672,3.734395980834961,2.6603002548217773
AT,AKC,urban,2023-01-09T17:00:00,24,3.8025989532470703,4.0838141441345215,3.0255489349365234
AT,AKC,urban,2023-01-09T18:00:00,24,3.531649589538574,4.451244831085205,3.3543500900268555
AT,AKC,urban,2023-01-09T19:00:00,24,4.25269889831543,4.512477397918701,3.4942493438720703
AT,AKC,urban,2023-01-09T20:00:00,24,4.7019500732421875,4.696724891662598,3.5423994064331055
AT,AKC,urban,2023-01-09T21:00:00,24,4.022500038146973,4.465076923370361,3.343648910522461
AT,AKC,urban,2023-01-09T22:00:00,24,3.2327489852905273,4.603480339050293,3.324398994445801
AT,AKC,urban,2023-01-09T23:00:00,24,3.203248977661133,4.4583353996276855,3.6050004959106445
AT,AKC,urban,2023-01-10T00:00:00,24,4.124198913574219,4.083309650421143,3.475449562072754
AT,AKC,urban,2023-01-10T01:00:00,24,5.136050224304199,3.92116117477417,3.1937990188598633
AT,AKC,urban,2023-01-10T02:00:00,24,5.273949146270752,3.9520668983459473,2.898249626159668
AT,AKC,urban,2023-01-10T03:00:00,24,4.889900207519531,3.949136734008789,2.771298408508301
AT,AKC,urban,2023-01-10T04:00:00,24,5.393400192260742,4.230253219604492,2.8304500579833984
AT,AKC,urban,2023-01-10T05:00:00,24,8.131500244140625,4.534427165985107,2.870999336242676
AT,AKC,urban,2023-01-10T06:00:00,24,10.631999969482422,4.980800628662109,3.078749656677246
AT,AKC,urban,2023-01-10T07:00:00,24,14.38700008392334,5.71377420425415,3.6645994186401367
AT,AKC,urban,2023-01-10T08:00:00,24,12.642000198364258,6.122320175170898,3.946000099182129
AT,AKC,urban,2023-01-10T09:00:00,24,11.075200080871582,6.453553199768066,4.428750038146973
AT,AKC,urban,2023-01-10T10:00:00,24,10.372150421142578,6.213627338409424,4.25
AT,AKC,urban,2023-01-10T11:00:00,24,6.830100059509277,6.088613033294678,4.2795491218566895
AT,AKC,urban,2023-01-10T12:00:00,24,7.170749187469482,6.050426959991455,3.979198932647705
AT,AKC,urban,2023-01-10T13:00:00,24,8.065098762512207,5.810876846313477,3.883298397064209
AT,AKC,urban,2023-01-10T14:00:00,24,7.361100196838379,5.68722677230835,3.335948944091797
AT,AKC,urban,2023-01-10T15:00:00,24,8.938650131225586,5.44450044631958,3.00985050201416
AT,AKC,urban,2023-01-10T16:00:00,24,9.494499206542969,6.364339828491211,3.636699676513672
AT,AKC,urban,2023-01-10T17:00:00,24,9.505800247192383,6.360008716583252,3.8025989532470703
AT,AKC,urban,2023-01-10T18:00:00,24,12.462499618530273,6.361003875732422,3.531649589538574
AT,AKC,urban,2023-01-10T19:00:00,24,11.653499603271484,6.661223888397217,4.25269889831543
AT,AKC,urban,2023-01-10T20:00:00,24,3.2965993881225586,6.956325531005859,4.7019500732421875
AT,AKC,urban,2023-01-10T21:00:00,24,3.233649253845215,6.023542881011963,4.022500038146973
AT,AKC,urban,2023-01-10T22:00:00,24,4.84375,5.683713912963867,3.2327489852905273
AT,AKC,urban,2023-01-10T23:00:00,24,5.98629903793335,5.147895336151123,3.203248977661133
AT,AKC,urban,2023-01-11T00:00:00,24,6.147200107574463,5.588432312011719,4.124198913574219
AT,AKC,urban,2023-01-11T01:00:00,24,7.640799045562744,5.5927276611328125,5.136050224304199
AT,AKC,urban,2023-01-11T02:00:00,24,6.693449020385742,5.305518627166748,5.273949146270752
AT,AKC,urban,2023-01-11T03:00:00,24,5.862750053405762,4.7921576499938965,4.889900207519531
AT,AKC,urban,2023-01-11T04:00:00,24,5.5251994132995605,5.09622049331665,5.393400192260742
AT,AKC,urban,2023-01-11T05:00:00,24,4.414999008178711,5.361848831176758,8.131500244140625
AT,AKC,urban,2023-01-11T06:00:00,24,4.576600074768066,6.361301898956299,10.631999969482422
AT,AKC,urban,2023-01-11T07:00:00,24,4.975349426269531,7.435274124145508,14.38700008392334
AT,AKC,urban,2023-01-11T08:00:00,24,3.097848892211914,6.387884616851807,12.642000198364258
AT,AKC,urban,2023-01-11T09:00:00,24,3.5648984909057617,5.599687099456787,11.075200080871582
AT,AKC,urban,2023-01-11T10:00:00,24,3.7924489974975586,5.554213047027588,10.372150421142578
AT,AKC,urban,2023-01-11T11:00:00,24,3.867650032043457,4.838535785675049,6.830100059509277
AT,AKC,urban,2023-01-11T12:00:00,24,4.125699520111084,5.9478559494018555,7.170749187469482
AT,AKC,urban,2023-01-11T13:00:00,24,3.4604005813598633,6.577467918395996,8.065098762512207
AT,AKC,urban,2023-01-11T14:00:00,24,3.6142501831054688,6.3958563804626465,7.361100196838379
AT,AKC,urban,2023-01-11T15:00:00,24,5.116649627685547,6.99019718170166,8.938650131225586
AT,AKC,urban,2023-01-11T16:00:00,24,6.078050136566162,5.387884616851807,9.494499206542969
AT,AKC,urban,2023-01-11T17:00:00,24,9.610548973083496,5.493382453918457,9.505800247192383
AT,AKC,urban,2023-01-11T18:00:00,24,12.020500183105469,6.994658946990967,12.462499618530273
AT,AKC,urban,2023-01-11T19:00:00,24,8.802799224853516,6.877540588378906,11.653499603271484
AT,AKC,urban,2023-01-11T20:00:00,24,7.1682000160217285,4.925408840179443,3.2965993881225586
AT,AKC,urban,2023-01-11T21:00:00,24,11.65149974822998,5.7853875160217285,3.233649253845215
AT,AKC,urban,2023-01-11T22:00:00,24,11.962499618530273,7.008891582489014,4.84375
AT,AKC,urban,2023-01-11T23:00:00,24,8.60890007019043,7.456923007965088,5.98629903793335
AT,AKC,urban,2023-01-12T00:00:00,24,7.1956000328063965,7.819534778594971,6.147200107574463
AT,AKC,urban,2023-01-12T01:00:00,24,10.178000450134277,8.538260459899902,7.640799045562744
AT,AKC,urban,2023-01-12T02:00:00,24,6.713699817657471,7.644782066345215,6.693449020385742
AT,AKC,urban,2023-01-12T03:00:00,24,6.064300060272217,7.389746189117432,5.862750053405762
AT,AKC,urban,2023-01-12T04:00:00,24,5.716798782348633,7.563718318939209,5.5251994132995605
AT,AKC,urban,2023-01-12T05:00:00,24,7.057199001312256,7.178618907928467,4.414999008178711
AT,AKC,urban,2023-01-12T06:00:00,24,10.939000129699707,7.66435432434082,4.576600074768066
AT,AKC,urban,2023-01-12T07:00:00,24,12.432499885559082,7.994116306304932,4.975349426269531
AT,AKC,urban,2023-01-12T08:00:00,24,13.821999549865723,6.9339423179626465,3.097848892211914
AT,AKC,urban,2023-01-12T09:00:00,24,15.319000244140625,7.3839874267578125,3.5648984909057617
AT,AKC,urban,2023-01-12T10:00:00,24,16.927000045776367,6.994394779205322,3.7924489974975586
AT,AKC,urban,2023-01-12T11:00:00,24,17.90999984741211,6.988567352294922,3.867650032043457
AT,AKC,urban,2023-01-12T12:00:00,24,16.052000045776367,6.522189617156982,4.125699520111084
AT,AKC,urban,2023-01-12T13:00:00,24,13.904999732971191,6.2569379806518555,3.4604005813598633
AT,AKC,urban,2023-01-12T14:00:00,24,15.581999778747559,6.030109882354736,3.6142501831054688
AT,AKC,urban,2023-01-12T15:00:00,24,17.020000457763672,7.2306318283081055,5.116649627685547
AT,AKC,urban,2023-01-12T16:00:00,24,18.75349998474121,6.843242645263672,6.078050136566162
AT,AKC,urban,2023-01-12T17:00:00,24,21.992000579833984,7.764965534210205,9.610548973083496
AT,AKC,urban,2023-01-12T18:00:00,24,23.988000869750977,6.795758247375488,12.020500183105469
AT,AKC,urban,2023-01-12T19:00:00,24,19.68000030517578,5.429516315460205,8.802799224853516
AT,AKC,urban,2023-01-12T20:00:00,24,2.2197494506835938,4.821653366088867,7.1682000160217285
AT,AKC,urban,2023-01-12T21:00:00,24,2.344550132751465,8.055893898010254,11.65149974822998
AT,AKC,urban,2023-01-12T22:00:00,24,2.37554931640625,6.943160057067871,11.962499618530273
AT,AKC,urban,2023-01-12T23:00:00,24,2.5662002563476562,5.769018173217773,8.60890007019043
AT,AKC,urban,2023-01-13T00:00:00,24,2.612149238586426,4.862363338470459,7.1956000328063965
AT,AKC,urban,2023-01-13T01:00:00,24,2.668349266052246,6.9445319175720215,10.178000450134277
AT,AKC,urban,2023-01-13T02:00:00,24,2.7095489501953125,4.054691314697266,6.713699817657471
AT,AKC,urban,2023-01-13T03:00:00,24,2.2768001556396484,5.075214862823486,6.064300060272217
AT,AKC,urban,2023-01-13T04:00:00,24,2.364199638366699,3.8581771850585938,5.716798782348633
AT,AKC,urban,2023-01-13T05:00:00,24,2.5099992752075195,4.972840309143066,7.057199001312256
AT,AKC,urban,2023-01-13T06:00:00,24,2.5357484817504883,4.912531852722168,10.939000129699707
AT,AKC,urban,2023-01-13T07:00:00,24,2.651948928833008,5.540097713470459,12.432499885559082
AT,AKC,urban,2023-01-13T08:00:00,24,2.9144487380981445,5.761142730712891,13.821999549865723
AT,AKC,urban,2023-01-13T09:00:00,24,2.867650032043457,5.361509799957275,15.319000244140625
AT,AKC,urban,2023-01-13T10:00:00,24,2.7105493545532227,6.069479942321777,16.927000045776367
AT,AKC,urban,2023-01-13T11:00:00,24,2.9369993209838867,5.933565139770508,17.90999984741211
AT,AKC,urban,2023-01-13T12:00:00,24,2.6977500915527344,4.745141506195068,16.052000045776367
AT,AKC,urban,2023-01-13T13:00:00,24,2.805398941040039,4.259767055511475,13.904999732971191
AT,AKC,urban,2023-01-13T14:00:00,24,3.5060501098632812,5.409992218017578,15.581999778747559
AT,AKC,urban,2023-01-13T15:00:00,24,4.924149036407471,5.86935567855835,17.020000457763672
AT,AKC,urban,2023-01-13T16:00:00,24,7.223099231719971,7.234321594238281,18.75349998474121
AT,AKC,urban,2023-01-13T17:00:00,24,7.638750076293945,7.9879655838012695,21.992000579833984
AT,AKC,urban,2023-01-13T18:00:00,24,7.316050052642822,9.098388671875,23.988000869750977
AT,AKC,urban,2023-01-13T19:00:00,24,8.915051460266113,5.766057968139648,19.68000030517578
AT,AKC,urban,2023-01-13T20:00:00,24,11.888500213623047,4.23874568939209,2.2197494506835938
AT,AKC,urban,2023-01-13T21:00:00,24,11.564000129699707,5.50092077255249,2.344550132751465
AT,AKC,urban,2023-01-13T22:00:00,24,13.355999946594238,6.0357232093811035,2.37554931640625
AT,AKC,urban,2023-01-13T23:00:00,24,11.246000289916992,5.29013204574585,2.5662002563476562
AT,AKC,urban,2023-01-14T00:00:00,24,10.770500183105469,5.303637981414795,2.612149238586426
AT,AKC,urban,2023-01-14T01:00:00,24,11.478500366210938,4.638064861297607,2.668349266052246
AT,AKC,urban,2023-01-14T02:00:00,24,12.76099967956543,4.754278182983398,2.7095489501953125
AT,AKC,urban,2023-01-14T03:00:00,24,9.717249870300293,3.9948596954345703,2.2768001556396484
AT,AKC,urban,2023-01-14T04:00:00,24,9.187150001525879,4.696885585784912,2.364199638366699
AT,AKC,urban,2023-01-14T05:00:00,24,8.381999015808105,4.734737396240234,2.5099992752075195
AT,AKC,urban,2023-01-14T06:00:00,24,7.868750095367432,5.368041515350342,2.5357484817504883
AT,AKC,urban,2023-01-14T07:00:00,24,7.676198959350586,5.176246166229248,2.651948928833008
AT,AKC,urban,2023-01-14T08:00:00,24,7.311800003051758,5.575645446777344,2.9144487380981445
AT,AKC,urban,2023-01-14T09:00:00,24,7.3721489906311035,5.460579872131348,2.867650032043457
AT,AKC,urban,2023-01-14T10:00:00,24,7.777598857879639,5.696564197540283,2.7105493545532227
AT,AKC,urban,2023-01-14T11:00:00,24,8.07075023651123,5.521920204162598,2.9369993209838867
AT,AKC,urban,2023-01-14T12:00:00,24,8.938650131225586,5.5689473152160645,2.6977500915527344
AT,AKC,urban,2023-01-14T13:00:00,24,10.500499725341797,5.381346225738525,2.805398941040039
AT,AKC,urban,2023-01-14T14:00:00,24,11.373499870300293,5.7466206550598145,3.5060501098632812
AT,AKC,urban,2023-01-14T15:00:00,24,11.794500350952148,6.754560470581055,4.924149036407471
AT,AKC,urban,2023-01-14T16:00:00,24,6.377500057220459,8.73171615600586,7.223099231719971
AT,AKC,urban,2023-01-14T17:00:00,24,2.5325498580932617,9.322616577148438,7.638750076293945
AT,AKC,urban,2023-01-14T18:00:00,24,1.898249626159668,8.952546119689941,7.316050052642822
AT,AKC,urban,2023-01-14T19:00:00,24,2.226649284362793,9.171823501586914,8.915051460266113
AT,AKC,urban,2023-01-14T20:00:00,24,2.0156497955322266,7.782501220703125,11.888500213623047
AT,AKC,urban,2023-01-14T21:00:00,24,2.3338499069213867,6.946551322937012,11.564000129699707
AT,AKC,urban,2023-01-14T22:00:00,24,2.478848457336426,8.178203582763672,13.355999946594238
AT,AKC,urban,2023-01-14T23:00:00,24,1.8325986862182617,5.710403919219971,11.246000289916992
AT,AKC,urban,2023-01-15T00:00:00,24,1.904648780822754,5.7797088623046875,10.770500183105469
AT,AKC,urban,2023-01-15T01:00:00,24,2.02449893951416,6.11832332611084,11.478500366210938
AT,AKC,urban,2023-01-15T02:00:00,24,1.7624998092651367,6.775168418884277,12.76099967956543
AT,AKC,urban,2023-01-15T03:00:00,24,1.7470502853393555,5.230108261108398,9.717249870300293
AT,AKC,urban,2023-01-15T04:00:00,24,1.9417486190795898,6.288208961486816,9.187150001525879
AT,AKC,urban,2023-01-15T05:00:00,24,2.6519994735717773,6.357922554016113,8.381999015808105
AT,AKC,urban,2023-01-15T06:00:00,24,2.5080995559692383,7.140397548675537,7.868750095367432
AT,AKC,urban,2023-01-15T07:00:00,24,3.241100311279297,7.2144269943237305,7.676198959350586
AT,AKC,urban,2023-01-15T08:00:00,24,3.5135498046875,8.129219055175781,7.311800003051758
AT,AKC,urban,2023-01-15T09:00:00,24,3.6401500701904297,8.500728607177734,7.3721489906311035
AT,AKC,urban,2023-01-15T10:00:00,24,3.4924001693725586,9.361322402954102,7.777598857879639
AT,AKC,urban,2023-01-15T11:00:00,24,3.068850517272949,9.624025344848633,8.07075023651123
AT,AKC,urban,2023-01-15T12:00:00,24,5.074150085449219,11.47398567199707,8.938650131225586
AT,AKC,urban,2023-01-15T13:00:00,24,3.536799430847168,12.82408618927002,10.500499725341797
AT,AKC,urban,2023-01-15T14:00:00,24,3.913100242614746,14.539073944091797,11.373499870300293
AT,AKC,urban,2023-01-15T15:00:00,24,5.6219000816345215,15.263970375061035,11.794500350952148
AT,AKC,urban,2023-01-15T16:00:00,24,6.160149097442627,14.55080795288086,6.377500057220459
AT,AKC,urban,2023-01-15T17:00:00,24,6.136349201202393,11.663115501403809,2.5325498580932617
AT,AKC,urban,2023-01-15T18:00:00,24,6.357648849487305,12.714644432067871,1.898249626159668
AT,AKC,urban,2023-01-15T19:00:00,24,7.664848804473877,12.128302574157715,2.226649284362793
AT,AKC,urban,2023-01-15T20:00:00,24,7.09299898147583,12.170388221740723,2.0156497955322266
AT,AKC,urban,2023-01-15T21:00:00,24,7.42710018157959,11.713677406311035,2.3338499069213867
AT,AKC,urban,2023-01-15T22:00:00,24,8.293848991394043,11.519754409790039,2.478848457336426
AT,AKC,urban,2023-01-15T23:00:00,24,8.329400062561035,10.278568267822266,1.8325986862182617
AT,AKC,urban,2023-01-16T00:00:00,24,8.264498710632324,9.22780990600586,1.904648780822754
AT,AKC,urban,2023-01-16T01:00:00,24,9.470100402832031,8.608990669250488,2.02449893951416
AT,AKC,urban,2023-01-16T02:00:00,24,11.821000099182129,7.083483695983887,1.7624998092651367
AT,AKC,urban,2023-01-16T03:00:00,24,11.746500015258789,6.587759971618652,1.7470502853393555
AT,AKC,urban,2023-01-16T04:00:00,24,12.297499656677246,5.58484411239624,1.9417486190795898
AT,AKC,urban,2023-01-16T05:00:00,24,13.187999725341797,5.35907506942749,2.6519994735717773
AT,AKC,urban,2023-01-16T06:00:00,24,14.820500373840332,4.11773681640625,2.5080995559692383
AT,AKC,urban,2023-01-16T07:00:00,24,16.36949920654297,4.086973190307617,3.241100311279297
AT,AKC,urban,2023-01-16T08:00:00,24,15.420499801635742,3.429931640625,3.5135498046875
AT,AKC,urban,2023-01-16T09:00:00,24,16.103500366210938,3.623684883117676,3.6401500701904297
AT,AKC,urban,2023-01-16T10:00:00,24,10.282750129699707,2.6756229400634766,3.4924001693725586
AT,AKC,urban,2023-01-16T11:00:00,24,6.109950065612793,1.9672966003417969,3.068850517272949
AT,AKC,urban,2023-01-16T12:00:00,24,3.9345993995666504,2.5342607498168945,5.074150085449219
AT,AKC,urban,2023-01-16T13:00:00,24,5.003048896789551,1.1242389678955078,3.536799430847168
AT,AKC,urban,2023-01-16T14:00:00,24,5.296350002288818,1.6028060913085938,3.913100242614746
AT,AKC,urban,2023-01-16T15:00:00,24,7.737998962402344,1.9619426727294922,5.6219000816345215
AT,AKC,urban,2023-01-16T16:00:00,24,7.33699893951416,1.7396163940429688,6.160149097442627
AT,AKC,urban,2023-01-16T17:00:00,24,5.699250221252441,1.9541740417480469,6.136349201202393
AT,AKC,urban,2023-01-16T18:00:00,24,4.217350006103516,1.9677619934082031,6.357648849487305
AT,AKC,urban,2023-01-16T19:00:00,24,4.250298976898193,2.6921730041503906,7.664848804473877
AT,AKC,urban,2023-01-16T20:00:00,24,4.977250099182129,2.291027069091797,7.09299898147583
AT,AKC,urban,2023-01-16T21:00:00,24,5.8119988441467285,3.2930727005004883,7.42710018157959
AT,AKC,urban,2023-01-16T22:00:00,24,6.84329891204834,3.512500762939453,8.293848991394043
AT,AKC,urban,2023-01-16T23:00:00,24,6.230898857116699,3.4670944213867188,8.329400062561035
AT,AKC,urban,2023-01-17T00:00:00,24,4.491099834442139,3.2977333068847656,8.264498710632324
AT,AKC,urban,2023-01-17T01:00:00,24,4.136699676513672,3.979823589324951,9.470100402832031
AT,AKC,urban,2023-01-17T02:00:00,24,4.01249885559082,4.376338005065918,11.821000099182129
AT,AKC,urban,2023-01-17T03:00:00,24,4.733348846435547,4.449039936065674,11.746500015258789
AT,AKC,urban,2023-01-17T04:00:00,24,6.052749156951904,5.334750175476074,12.297499656677246
AT,AKC,urban,2023-01-17T05:00:00,24,7.17604923248291,6.4479289054870605,13.187999725341797
AT,AKC,urban,2023-01-17T06:00:00,24,10.827500343322754,7.825000762939453,14.820500373840332
AT,AKC,urban,2023-01-17T07:00:00,24,13.827500343322754,9.271034240722656,16.36949920654297
AT,AKC,urban,2023-01-17T08:00:00,24,14.335000038146973,8.688526153564453,15.420499801635742
AT,AKC,urban,2023-01-17T09:00:00,24,9.498398780822754,9.317827224731445,16.103500366210938
AT,AKC,urban,2023-01-17T10:00:00,24,6.501749038696289,6.0331878662109375,10.282750129699707
AT,AKC,urban,2023-01-17T11:00:00,24,4.426148891448975,6.3657684326171875,6.109950065612793
AT,AKC,urban,2023-01-17T12:00:00,24,2.4775495529174805,4.984363079071045,3.9345993995666504
AT,AKC,urban,2023-01-17T13:00:00,24,2.6832494735717773,6.100527763366699,5.003048896789551
AT,AKC,urban,2023-01-17T14:00:00,24,4.57480001449585,5.466583728790283,5.296350002288818
AT,AKC,urban,2023-01-17T15:00:00,24,4.3520002365112305,5.727465629577637,7.737998962402344
AT,AKC,urban,2023-01-17T16:00:00,24,7.142848968505859,4.448824405670166,7.33699893951416
AT,AKC,urban,2023-01-17T17:00:00,24,11.048999786376953,3.479032516479492,5.699250221252441
AT,AKC,urban,2023-01-17T18:00:00,24,15.166999816894531,3.1798295974731445,4.217350006103516
AT,AKC,urban,2023-01-17T19:00:00,24,13.201499938964844,3.4912033081054688,4.250298976898193
AT,AKC,urban,2023-01-17T20:00:00,24,14.564499855041504,3.672138214111328,4.977250099182129
AT,AKC,urban,2023-01-17T21:00:00,24,12.208499908447266,4.332030296325684,5.8119988441467285
AT,AKC,urban,2023-01-17T22:00:00,24,6.894399166107178,4.716211795806885,6.84329891204834
AT,AKC,urban,2023-01-17T23:00:00,24,10.209799766540527,4.386436462402344,6.230898857116699
AT,AKC,urban,2023-01-18T00:00:00,24,10.130499839782715,4.52382755279541,4.491099834442139
AT,AKC,urban,2023-01-18T01:00:00,24,10.6274995803833,5.161142349243164,4.136699676513672
AT,AKC,urban,2023-01-18T02:00:00,24,10.456999778747559,5.310434818267822,4.01249885559082
AT,AKC,urban,2023-01-18T03:00:00,24,9.777250289916992,6.056896686553955,4.733348846435547
AT,AKC,urban,2023-01-18T04:00:00,24,11.78600025177002,6.478532314300537,6.052749156951904
AT,AKC,urban,2023-01-18T05:00:00,24,13.560999870300293,6.52977180480957,7.17604923248291
AT,AKC,urban,2023-01-18T06:00:00,24,13.3100004196167,7.740773677825928,10.827500343322754
AT,AKC,urban,2023-01-18T07:00:00,24,11.202500343322754,9.051563262939453,13.827500343322754
AT,AKC,urban,2023-01-18T08:00:00,24,11.418000221252441,8.998480796813965,14.335000038146973
AT,AKC,urban,2023-01-18T09:00:00,24,10.185999870300293,7.474104404449463,9.498398780822754
AT,AKC,urban,2023-01-18T10:00:00,24,10.296050071716309,7.669147968292236,6.501749038696289
AT,AKC,urban,2023-01-18T11:00:00,24,8.703350067138672,6.003880023956299,4.426148891448975
AT,AKC,urban,2023-01-18T12:00:00,24,7.480400085449219,4.824793815612793,2.4775495529174805
AT,AKC,urban,2023-01-18T13:00:00,24,12.194049835205078,4.875263690948486,2.6832494735717773
AT,AKC,urban,2023-01-18T14:00:00,24,16.731000900268555,5.627895832061768,4.57480001449585
AT,AKC,urban,2023-01-18T15:00:00,24,19.116500854492188,4.970273017883301,4.3520002365112305
AT,AKC,urban,2023-01-18T16:00:00,24,18.84749984741211,6.594770431518555,7.142848968505859
AT,AKC,urban,2023-01-18T17:00:00,24,18.173500061035156,5.416923999786377,11.048999786376953
AT,AKC,urban,2023-01-18T18:00:00,24,18.259000778198242,5.901768684387207,15.166999816894531
AT,AKC,urban,2023-01-18T19:00:00,24,18.194000244140625,5.12244176864624,13.201499938964844
AT,AKC,urban,2023-01-18T20:00:00,24,18.134000778198242,4.64822244644165,14.564499855041504
AT,AKC,urban,2023-01-18T21:00:00,24,17.572999954223633,4.083888530731201,12.208499908447266
AT,AKC,urban,2023-01-18T22:00:00,24,15.525500297546387,3.936314105987549,6.894399166107178
AT,AKC,urban,2023-01-18T23:00:00,24,13.125499725341797,5.2999653816223145,10.209799766540527
AT,AKC,urban,2023-01-19T00:00:00,24,14.189499855041504,2.170241355895996,10.130499839782715
AT,AKC,urban,2023-01-19T01:00:00,24,15.692999839782715,4.694725036621094,10.6274995803833
AT,AKC,urban,2023-01-19T02:00:00,24,16.299999237060547,4.126405715942383,10.456999778747559
AT,AKC,urban,2023-01-19T03:00:00,24,13.796500205993652,4.833630561828613,9.777250289916992
AT,AKC,urban,2023-01-19T04:00:00,24,15.019000053405762,5.371458530426025,11.78600025177002
AT,AKC,urban,2023-01-19T05:00:00,24,16.673500061035156,6.552137851715088,13.560999870300293
AT,AKC,urban,2023-01-19T06:00:00,24,16.158000946044922,6.2712788581848145,13.3100004196167
AT,AKC,urban,2023-01-19T07:00:00,24,15.494500160217285,6.082441329956055,11.202500343322754
AT,AKC,urban,2023-01-19T08:00:00,24,15.174500465393066,6.795795440673828,11.418000221252441
AT,AKC,urban,2023-01-19T09:00:00,24,12.922499656677246,5.911185264587402,10.185999870300293
AT,AKC,urban,2023-01-19T10:00:00,24,13.519000053405762,6.129239559173584,10.296050071716309
AT,AKC,urban,2023-01-19T11:00:00,24,14.406499862670898,5.683423042297363,8.703350067138672
AT,AKC,urban,2023-01-19T12:00:00,24,13.345000267028809,5.901795387268066,7.480400085449219
AT,AKC,urban,2023-01-19T13:00:00,24,12.819999694824219,9.473674774169922,12.194049835205078
AT,AKC,urban,2023-01-19T14:00:00,24,13.432000160217285,10.920180320739746,16.731000900268555
AT,AKC,urban,2023-01-19T15:00:00,24,13.819000244140625,13.069204330444336,19.116500854492188
AT,AKC,urban,2023-01-19T16:00:00,24,13.88700008392334,12.970023155212402,18.84749984741211
AT,AKC,urban,2023-01-19T17:00:00,24,12.755000114440918,14.16418170928955,18.173500061035156
AT,AKC,urban,2023-01-19T18:00:00,24,13.233499526977539,14.460701942443848,18.259000778198242
AT,AKC,urban,2023-01-19T19:00:00,24,15.746500015258789,15.143173217773438,18.194000244140625
AT,AKC,urban,2023-01-19T20:00:00,24,16.798999786376953,14.456897735595703,18.134000778198242
AT,AKC,urban,2023-01-19T21:00:00,24,15.711999893188477,14.610599517822266,17.572999954223633
AT,AKC,urban,2023-01-19T22:00:00,24,16.18549919128418,12.266374588012695,15.525500297546387
AT,AKC,urban,2023-01-19T23:00:00,24,13.77750015258789,11.696372985839844,13.125499725341797
AT,AKC,urban,2023-01-20T00:00:00,24,12.808500289916992,10.78377628326416,14.189499855041504
AT,AKC,urban,2023-01-20T01:00:00,24,9.801898956298828,12.071860313415527,15.692999839782715
AT,AKC,urban,2023-01-20T02:00:00,24,9.319199562072754,11.835135459899902,16.299999237060547
AT,AKC,urban,2023-01-20T03:00:00,24,8.800748825073242,11.012104988098145,13.796500205993652
AT,AKC,urban,2023-01-20T04:00:00,24,9.369799613952637,11.28878402709961,15.019000053405762
AT,AKC,urban,2023-01-20T05:00:00,24,8.565500259399414,12.900738716125488,16.673500061035156
AT,AKC,urban,2023-01-20T06:00:00,24,8.32089900970459,12.330720901489258,16.158000946044922
AT,AKC,urban,2023-01-20T07:00:00,24,7.396399021148682,13.016549110412598,15.494500160217285
AT,AKC,urban,2023-01-20T08:00:00,24,6.432600021362305,12.768033981323242,15.174500465393066
AT,AKC,urban,2023-01-20T09:00:00,24,6.232550144195557,12.77902889251709,12.922499656677246
AT,AKC,urban,2023-01-20T10:00:00,24,5.92889928817749,13.151269912719727,13.519000053405762
AT,AKC,urban,2023-01-20T11:00:00,24,5.984600067138672,14.082019805908203,14.406499862670898
AT,AKC,urban,2023-01-20T12:00:00,24,6.665348529815674,13.2797269821167,13.345000267028809
AT,AKC,urban,2023-01-20T13:00:00,24,6.973548889160156,13.204657554626465,12.819999694824219
AT,AKC,urban,2023-01-20T14:00:00,24,7.088850021362305,13.858477592468262,13.432000160217285
AT,AKC,urban,2023-01-20T15:00:00,24,7.421949863433838,14.492925643920898,13.819000244140625
AT,AKC,urban,2023-01-20T16:00:00,24,7.952098846435547,14.801154136657715,13.88700008392334
AT,AKC,urban,2023-01-20T17:00:00,24,9.520849227905273,14.40512752532959,12.755000114440918
AT,AKC,urban,2023-01-20T18:00:00,24,10.788000106811523,15.202857971191406,13.233499526977539
AT,AKC,urban,2023-01-20T19:00:00,24,11.909500122070312,16.554441452026367,15.746500015258789
AT,AKC,urban,2023-01-20T20:00:00,24,12.5649995803833,16.724571228027344,16.798999786376953
AT,AKC,urban,2023-01-20T21:00:00,24,10.982000350952148,15.32127571105957,15.711999893188477
AT,AKC,urban,2023-01-20T22:00:00,24,11.284000396728516,15.82999324798584,16.18549919128418
AT,AKC,urban,2023-01-20T23:00:00,24,13.03499984741211,13.94143295288086,13.77750015258789
AT,AKC,urban,2023-01-21T00:00:00,24,14.640000343322754,14.319767951965332,12.808500289916992
AT,AKC,urban,2023-01-21T01:00:00,24,15.177000045776367,12.29260540008545,9.801898956298828
AT,AKC,urban,2023-01-21T02:00:00,24,17.079500198364258,12.681158065795898,9.319199562072754
AT,AKC,urban,2023-01-21T03:00:00,24,16.62299919128418,11.725602149963379,8.800748825073242
AT,AKC,urban,2023-01-21T04:00:00,24,16.338499069213867,13.051279067993164,9.369799613952637
AT,AKC,urban,2023-01-21T05:00:00,24,16.07699966430664,12.26028060913086,8.565500259399414
AT,AKC,urban,2023-01-21T06:00:00,24,13.906499862670898,12.844786643981934,8.32089900970459
AT,AKC,urban,2023-01-21T07:00:00,24,10.501999855041504,11.694833755493164,7.396399021148682
AT,AKC,urban,2023-01-21T08:00:00,24,7.974699020385742,11.693642616271973,6.432600021362305
AT,AKC,urban,2023-01-21T09:00:00,24,8.520798683166504,10.913920402526855,6.232550144195557
AT,AKC,urban,2023-01-21T10:00:00,24,8.774298667907715,11.02975845336914,5.92889928817749
AT,AKC,urban,2023-01-21T11:00:00,24,8.079998970031738,10.241676330566406,5.984600067138672
AT,AKC,urban,2023-01-21T12:00:00,24,10.045100212097168,10.704002380371094,6.665348529815674
AT,AKC,urban,2023-01-21T13:00:00,24,10.920499801635742,10.225200653076172,6.973548889160156
AT,AKC,urban,2023-01-21T14:00:00,24,11.358499526977539,10.3596830368042,7.088850021362305
AT,AKC,urban,2023-01-21T15:00:00,24,13.048999786376953,10.1085786819458,7.421949863433838
AT,AKC,urban,2023-01-21T16:00:00,24,15.596500396728516,10.634440422058105,7.952098846435547
AT,AKC,urban,2023-01-21T17:00:00,24,15.672499656677246,11.670882225036621,9.520849227905273
AT,AKC,urban,2023-01-21T18:00:00,24,15.92650032043457,12.348419189453125,10.788000106811523
AT,AKC,urban,2023-01-21T19:00:00,24,16.31999969482422,12.796309471130371,11.909500122070312
AT,AKC,urban,2023-01-21T20:00:00,24,16.76799964904785,13.10110855102539,12.5649995803833
AT,AKC,urban,2023-01-21T21:00:00,24,16.860000610351562,11.990936279296875,10.982000350952148
AT,AKC,urban,2023-01-21T22:00:00,24,18.524999618530273,12.153921127319336,11.284000396728516
AT,AKC,urban,2023-01-21T23:00:00,24,19.90850067138672,12.588607788085938,13.03499984741211
AT,AKC,urban,2023-01-22T00:00:00,24,19.386499404907227,12.238929748535156,14.640000343322754
AT,AKC,urban,2023-01-22T01:00:00,24,20.503999710083008,12.154351234436035,15.177000045776367
AT,AKC,urban,2023-01-22T02:00:00,24,21.624000549316406,11.503666877746582,17.079500198364258
AT,AKC,urban,2023-01-22T03:00:00,24,22.537500381469727,10.46236801147461,16.62299919128418
AT,AKC,urban,2023-01-22T04:00:00,24,23.490497589111328,11.024336814880371,16.338499069213867
AT,AKC,urban,2023-01-22T05:00:00,24,19.799999237060547,10.488205909729004,16.07699966430664
AT,AKC,urban,2023-01-22T06:00:00,24,16.246999740600586,10.27878475189209,13.906499862670898
AT,AKC,urban,2023-01-22T07:00:00,24,15.732999801635742,12.193575859069824,10.501999855041504
AT,AKC,urban,2023-01-22T08:00:00,24,16.945499420166016,11.666071891784668,7.974699020385742
AT,AKC,urban,2023-01-22T09:00:00,24,16.196500778198242,12.491538047790527,8.520798683166504
AT,AKC,urban,2023-01-22T10:00:00,24,13.826499938964844,12.259798049926758,8.774298667907715
AT,AKC,urban,2023-01-22T11:00:00,24,14.635000228881836,12.067472457885742,8.079998970031738
AT,AKC,urban,2023-01-22T12:00:00,24,14.826000213623047,13.871589660644531,10.045100212097168
AT,AKC,urban,2023-01-22T13:00:00,24,14.329500198364258,14.232264518737793,10.920499801635742
AT,AKC,urban,2023-01-22T14:00:00,24,13.100500106811523,14.540682792663574,11.358499526977539
AT,AKC,urban,2023-01-22T15:00:00,24,12.393500328063965,15.731375694274902,13.048999786376953
AT,AKC,urban,2023-01-22T16:00:00,24,13.33899974822998,17.209186553955078,15.596500396728516
AT,AKC,urban,2023-01-22T17:00:00,24,14.482500076293945,16.757484436035156,15.672499656677246
AT,AKC,urban,2023-01-22T18:00:00,24,15.541500091552734,17.13301658630371,15.92650032043457
AT,AKC,urban,2023-01-22T19:00:00,24,16.667499542236328,17.23131561279297,16.31999969482422
AT,AKC,urban,2023-01-22T20:00:00,24,16.899499893188477,17.782258987426758,16.76799964904785
AT,AKC,urban,2023-01-22T21:00:00,24,16.139999389648438,17.419279098510742,16.860000610351562
AT,AKC,urban,2023-01-22T22:00:00,24,15.756500244140625,18.62506103515625,18.524999618530273
AT,AKC,urban,2023-01-22T23:00:00,24,15.342499732971191,19.47435188293457,19.90850067138672
AT,AKC,urban,2023-01-23T00:00:00,24,15.270000457763672,19.308124542236328,19.386499404907227
AT,AKC,urban,2023-01-23T01:00:00,24,14.825499534606934,20.06940460205078,20.503999710083008
AT,AKC,urban,2023-01-23T02:00:00,24,14.407999992370605,20.830204010009766,21.624000549316406
AT,AKC,urban,2023-01-23T03:00:00,24,14.312999725341797,21.471864700317383,22.537500381469727
AT,AKC,urban,2023-01-23T04:00:00,24,15.458499908447266,22.578453063964844,23.490497589111328
AT,AKC,urban,2023-01-23T05:00:00,24,16.63800048828125,20.828378677368164,19.799999237060547
AT,AKC,urban,2023-01-23T06:00:00,24,18.18000030517578,20.300739288330078,16.246999740600586
AT,AKC,urban,2023-01-23T07:00:00,24,18.922000885009766,20.425201416015625,15.732999801635742
AT,AKC,urban,2023-01-23T08:00:00,24,19.422000885009766,22.228498458862305,16.945499420166016
AT,AKC,urban,2023-01-23T09:00:00,24,19.809499740600586,21.63970947265625,16.196500778198242
AT,AKC,urban,2023-01-23T10:00:00,24,18.503999710083008,20.584884643554688,13.826499938964844
AT,AKC,urban,2023-01-23T11:00:00,24,17.816499710083008,20.922277450561523,14.635000228881836
AT,AKC,urban,2023-01-23T12:00:00,24,16.89900016784668,21.00732421875,14.826000213623047
AT,AKC,urban,2023-01-23T13:00:00,24,15.65999984741211,20.366533279418945,14.329500198364258
AT,AKC,urban,2023-01-23T14:00:00,24,15.105999946594238,19.490528106689453,13.100500106811523
AT,AKC,urban,2023-01-23T15:00:00,24,14.409000396728516,18.801849365234375,12.393500328063965
AT,AKC,urban,2023-01-23T16:00:00,24,13.655500411987305,19.479476928710938,13.33899974822998
AT,AKC,urban,2023-01-23T17:00:00,24,14.178999900817871,20.159517288208008,14.482500076293945
AT,AKC,urban,2023-01-23T18:00:00,24,14.550999641418457,20.67877197265625,15.541500091552734
AT,AKC,urban,2023-01-23T19:00:00,24,14.059499740600586,20.91855239868164,16.667499542236328
AT,AKC,urban,2023-01-23T20:00:00,24,13.80150032043457,20.398929595947266,16.899499893188477
AT,AKC,urban,2023-01-23T21:00:00,24,14.06149959564209,19.040576934814453,16.139999389648438
AT,AKC,urban,2023-01-23T22:00:00,24,14.177499771118164,18.362892150878906,15.756500244140625
AT,AKC,urban,2023-01-23T23:00:00,24,12.90250015258789,17.344810485839844,15.342499732971191
AT,AKC,urban,2023-01-24T00:00:00,24,12.217499732971191,16.823781967163086,15.270000457763672
AT,AKC,urban,2023-01-24T01:00:00,24,12.293999671936035,16.049331665039062,14.825499534606934
AT,AKC,urban,2023-01-24T02:00:00,24,12.942999839782715,15.5072021484375,14.407999992370605
AT,AKC,urban,2023-01-24T03:00:00,24,13.37600040435791,15.269477844238281,14.312999725341797
AT,AKC,urban,2023-01-24T04:00:00,24,14.927499771118164,15.888063430786133,15.458499908447266
AT,AKC,urban,2023-01-24T05:00:00,24,15.5600004196167,16.569355010986328,16.63800048828125
AT,AKC,urban,2023-01-24T06:00:00,24,14.376500129699707,17.725515365600586,18.18000030517578
AT,AKC,urban,2023-01-24T07:00:00,24,15.28499984741211,18.80643653869629,18.922000885009766
AT,AKC,urban,2023-01-24T08:00:00,24,14.619500160217285,19.624408721923828,19.422000885009766
AT,AKC,urban,2023-01-24T09:00:00,24,12.79699993133545,19.977643966674805,19.809499740600586
AT,AKC,urban,2023-01-24T10:00:00,24,12.307000160217285,19.2049617767334,18.503999710083008
AT,AKC,urban,2023-01-24T11:00:00,24,14.079999923706055,18.838882446289062,17.816499710083008
AT,AKC,urban,2023-01-24T12:00:00,24,14.42650032043457,18.16755485534668,16.89900016784668
AT,AKC,urban,2023-01-24T13:00:00,24,15.243000030517578,17.58713150024414,15.65999984741211
AT,AKC,urban,2023-01-24T14:00:00,24,15.387499809265137,16.908647537231445,15.105999946594238
AT,AKC,urban,2023-01-24T15:00:00,24,16.168500900268555,16.321651458740234,14.409000396728516
AT,AKC,urban,2023-01-24T16:00:00,24,16.73699951171875,15.489824295043945,13.655500411987305
AT,AKC,urban,2023-01-24T17:00:00,24,18.03849983215332,15.528597831726074,14.178999900817871
AT,AKC,urban,2023-01-24T18:00:00,24,18.871999740600586,15.09614372253418,14.550999641418457
AT,AKC,urban,2023-01-24T19:00:00,24,21.33300018310547,14.371469497680664,14.059499740600586
AT,AKC,urban,2023-01-24T20:00:00,24,22.148000717163086,13.83586597442627,13.80150032043457
AT,AKC,urban,2023-01-24T21:00:00,24,21.674999237060547,13.54583740234375,14.06149959564209
AT,AKC,urban,2023-01-24T22:00:00,24,15.071499824523926,12.92119312286377,14.177499771118164
AT,AKC,urban,2023-01-24T23:00:00,24,11.10200023651123,12.252972602844238,12.90250015258789
AT,AKC,urban,2023-01-25T00:00:00,24,8.55780029296875,11.383583068847656,12.217499732971191
AT,AKC,urban,2023-01-25T01:00:00,24,8.744298934936523,11.048624038696289,12.293999671936035
AT,AKC,urban,2023-01-25T02:00:00,24,9.375900268554688,10.873008728027344,12.942999839782715
AT,AKC,urban,2023-01-25T03:00:00,24,10.478500366210938,10.66569709777832,13.37600040435791
AT,AKC,urban,2023-01-25T04:00:00,24,11.017499923706055,11.335938453674316,14.927499771118164
AT,AKC,urban,2023-01-25T05:00:00,24,12.320500373840332,11.464032173156738,15.5600004196167
AT,AKC,urban,2023-01-25T06:00:00,24,13.706000328063965,11.05678939819336,14.376500129699707
AT,AKC,urban,2023-01-25T07:00:00,24,14.710000038146973,12.22436237335205,15.28499984741211
AT,AKC,urban,2023-01-25T08:00:00,24,17.17799949645996,11.930134773254395,14.619500160217285
AT,AKC,urban,2023-01-25T09:00:00,24,17.85849952697754,11.628883361816406,12.79699993133545
AT,AKC,urban,2023-01-25T10:00:00,24,18.074499130249023,11.619126319885254,12.307000160217285
AT,AKC,urban,2023-01-25T11:00:00,24,18.06999969482422,11.97446346282959,14.079999923706055
AT,AKC,urban,2023-01-25T12:00:00,24,21.320999145507812,10.9969482421875,14.42650032043457
AT,AKC,urban,2023-01-25T13:00:00,24,21.309999465942383,11.076675415039062,15.243000030517578
AT,AKC,urban,2023-01-25T14:00:00,24,20.363000869750977,10.90682315826416,15.387499809265137
AT,AKC,urban,2023-01-25T15:00:00,24,17.691499710083008,11.532012939453125,16.168500900268555
AT,AKC,urban,2023-01-25T16:00:00,24,15.5,12.258101463317871,16.73699951171875
AT,AKC,urban,2023-01-25T17:00:00,24,15.91100025177002,13.653935432434082,18.03849983215332
AT,AKC,urban,2023-01-25T18:00:00,24,15.899499893188477,14.550582885742188,18.871999740600586
AT,AKC,urban,2023-01-25T19:00:00,24,12.842499732971191,14.611536026000977,21.33300018310547
AT,AKC,urban,2023-01-25T20:00:00,24,10.991999626159668,14.363646507263184,22.148000717163086
AT,AKC,urban,2023-01-25T21:00:00,24,11.910499572753906,13.714900016784668,21.674999237060547
AT,AKC,urban,2023-01-25T22:00:00,24,12.105999946594238,10.149527549743652,15.071499824523926
AT,AKC,urban,2023-01-25T23:00:00,24,11.654500007629395,7.689266681671143,11.10200023651123
AT,AKC,urban,2023-01-26T00:00:00,24,8.707148551940918,6.724941253662109,8.55780029296875
AT,AKC,urban,2023-01-26T01:00:00,24,7.909399032592773,6.264659404754639,8.744298934936523
AT,AKC,urban,2023-01-26T02:00:00,24,11.458499908447266,5.446857452392578,9.375900268554688
AT,AKC,urban,2023-01-26T03:00:00,24,12.041000366210938,6.287857532501221,10.478500366210938
AT,AKC,urban,2023-01-26T04:00:00,24,11.445500373840332,5.534953594207764,11.017499923706055
AT,AKC,urban,2023-01-26T05:00:00,24,10.770500183105469,6.016467571258545,12.320500373840332
AT,AKC,urban,2023-01-26T06:00:00,24,11.952500343322754,5.2789626121521,13.706000328063965
AT,AKC,urban,2023-01-26T07:00:00,24,13.117500305175781,5.6818766593933105,14.710000038146973
AT,AKC,urban,2023-01-26T08:00:00,24,14.125,5.4096245765686035,17.17799949645996
AT,AKC,urban,2023-01-26T09:00:00,24,16.357999801635742,6.0397820472717285,17.85849952697754
AT,AKC,urban,2023-01-26T10:00:00,24,17.777000427246094,4.90141487121582,18.074499130249023
AT,AKC,urban,2023-01-26T11:00:00,24,18.683000564575195,5.483437538146973,18.06999969482422
AT,AKC,urban,2023-01-26T12:00:00,24,18.893999099731445,6.590973377227783,21.320999145507812
AT,AKC,urban,2023-01-26T13:00:00,24,19.486499786376953,7.140701770782471,21.309999465942383
AT,AKC,urban,2023-01-26T14:00:00,24,22.04400062561035,6.648768901824951,20.363000869750977
AT,AKC,urban,2023-01-26T15:00:00,24,23.82349967956543,5.490027904510498,17.691499710083008
AT,AKC,urban,2023-01-26T16:00:00,24,23.280000686645508,5.113010883331299,15.5
AT,AKC,urban,2023-01-26T17:00:00,24,20.06100082397461,5.745975017547607,15.91100025177002
AT,AKC,urban,2023-01-26T18:00:00,24,19.993000030517578,6.011180400848389,15.899499893188477
AT,AKC,urban,2023-01-26T19:00:00,24,19.559999465942383,5.531573295593262,12.842499732971191
AT,AKC,urban,2023-01-26T20:00:00,24,19.825000762939453,5.8989481925964355,10.991999626159668
AT,AKC,urban,2023-01-26T21:00:00,24,19.64150047302246,7.640554904937744,11.910499572753906
AT,AKC,urban,2023-01-26T22:00:00,24,19.10449981689453,7.880105972290039,12.105999946594238
AT,AKC,urban,2023-01-26T23:00:00,24,18.39150047302246,8.729898452758789,11.654500007629395
AT,AKC,urban,2023-01-27T00:00:00,24,18.039499282836914,8.291423797607422,8.707148551940918
AT,AKC,urban,2023-01-27T01:00:00,24,19.916000366210938,8.8877534866333,7.909399032592773
AT,AKC,urban,2023-01-27T02:00:00,24,20.22949981689453,9.82059097290039,11.458499908447266
AT,AKC,urban,2023-01-27T03:00:00,24,20.27549934387207,9.322905540466309,12.041000366210938
AT,AKC,urban,2023-01-27T04:00:00,24,20.94849967956543,9.03077507019043,11.445500373840332
AT,AKC,urban,2023-01-27T05:00:00,24,19.479999542236328,9.753862380981445,10.770500183105469
AT,AKC,urban,2023-01-27T06:00:00,24,18.477500915527344,11.359862327575684,11.952500343322754
AT,AKC,urban,2023-01-27T07:00:00,24,19.71150016784668,12.316357612609863,13.117500305175781
AT,AKC,urban,2023-01-27T08:00:00,24,19.28849983215332,13.337437629699707,14.125
AT,AKC,urban,2023-01-27T09:00:00,24,18.454500198364258,14.392497062683105,16.357999801635742
AT,AKC,urban,2023-01-27T10:00:00,24,17.960500717163086,14.761595726013184,17.777000427246094
AT,AKC,urban,2023-01-27T11:00:00,24,19.649999618530273,14.927302360534668,18.683000564575195
AT,AKC,urban,2023-01-27T12:00:00,24,18.230499267578125,15.263923645019531,18.893999099731445
AT,AKC,urban,2023-01-27T13:00:00,24,18.260499954223633,15.451367378234863,19.486499786376953
AT,AKC,urban,2023-01-27T14:00:00,24,17.694499969482422,14.986675262451172,22.04400062561035
AT,AKC,urban,2023-01-27T15:00:00,24,17.673999786376953,14.939901351928711,23.82349967956543
AT,AKC,urban,2023-01-27T16:00:00,24,16.886499404907227,13.546339988708496,23.280000686645508
AT,AKC,urban,2023-01-27T17:00:00,24,16.430999755859375,11.602484703063965,20.06100082397461
AT,AKC,urban,2023-01-27T18:00:00,24,13.111499786376953,11.714978218078613,19.993000030517578
AT,AKC,urban,2023-01-27T19:00:00,24,12.2524995803833,11.505942344665527,19.559999465942383
AT,AKC,urban,2023-01-27T20:00:00,24,11.927000045776367,11.443625450134277,19.825000762939453
AT,AKC,urban,2023-01-27T21:00:00,24,10.82349967956543,11.369965553283691,19.64150047302246
AT,AKC,urban,2023-01-27T22:00:00,24,10.206500053405762,10.913518905639648,19.10449981689453
AT,AKC,urban,2023-01-27T23:00:00,24,9.994099617004395,10.594293594360352,18.39150047302246
AT,AKC,urban,2023-01-28T00:00:00,24,9.81760025024414,11.144292831420898,18.039499282836914
AT,AKC,urban,2023-01-28T01:00:00,24,9.392450332641602,12.468454360961914,19.916000366210938
AT,AKC,urban,2023-01-28T02:00:00,24,9.09169864654541,13.474355697631836,20.22949981689453
AT,AKC,urban,2023-01-28T03:00:00,24,9.61365032196045,14.064872741699219,20.27549934387207
AT,AKC,urban,2023-01-28T04:00:00,24,9.674798965454102,15.87310791015625,20.94849967956543
AT,AKC,urban,2023-01-28T05:00:00,24,9.11664867401123,15.269614219665527,19.479999542236328
AT,AKC,urban,2023-01-28T06:00:00,24,10.1274995803833,17.22628402709961,18.477500915527344
AT,AKC,urban,2023-01-28T07:00:00,24,10.729999542236328,19.51984977722168,19.71150016784668
AT,AKC,urban,2023-01-28T08:00:00,24,11.965999603271484,21.135692596435547,19.28849983215332
AT,AKC,urban,2023-01-28T09:00:00,24,13.456999778747559,21.282886505126953,18.454500198364258
AT,AKC,urban,2023-01-28T10:00:00,24,14.974499702453613,21.850215911865234,17.960500717163086
AT,AKC,urban,2023-01-28T11:00:00,24,15.193499565124512,23.624544143676758,19.649999618530273
AT,AKC,urban,2023-01-28T12:00:00,24,15.491499900817871,23.048450469970703,18.230499267578125
AT,AKC,urban,2023-01-28T13:00:00,24,15.394499778747559,23.464813232421875,18.260499954223633
AT,AKC,urban,2023-01-28T14:00:00,24,15.043000221252441,23.39464569091797,17.694499969482422
AT,AKC,urban,2023-01-28T15:00:00,24,15.753499984741211,23.92099380493164,17.673999786376953
AT,AKC,urban,2023-01-28T16:00:00,24,15.345499992370605,23.567214965820312,16.886499404907227
AT,AKC,urban,2023-01-28T17:00:00,24,14.710000038146973,23.715951919555664,16.430999755859375
AT,AKC,urban,2023-01-28T18:00:00,24,13.84850025177002,21.16364288330078,13.111499786376953
AT,AKC,urban,2023-01-28T19:00:00,24,13.102999687194824,20.49344253540039,12.2524995803833
AT,AKC,urban,2023-01-28T20:00:00,24,13.626500129699707,19.472396850585938,11.927000045776367
AT,AKC,urban,2023-01-28T21:00:00,24,15.261500358581543,18.31882095336914,10.82349967956543
AT,AKC,urban,2023-01-28T22:00:00,24,16.612499237060547,16.862911224365234,10.206500053405762
AT,AKC,urban,2023-01-28T23:00:00,24,17.303499221801758,15.991820335388184,9.994099617004395
AT,AKC,urban,2023-01-29T00:00:00,24,17.862499237060547,14.815234184265137,9.81760025024414
AT,AKC,urban,2023-01-29T01:00:00,24,18.243499755859375,13.912104606628418,9.392450332641602
AT,AKC,urban,2023-01-29T02:00:00,24,17.73150062561035,13.017534255981445,9.09169864654541
AT,AKC,urban,2023-01-29T03:00:00,24,16.252500534057617,13.145849227905273,9.61365032196045
AT,AKC,urban,2023-01-29T04:00:00,24,16.739500045776367,12.747702598571777,9.674798965454102
AT,AKC,urban,2023-01-29T05:00:00,24,17.975500106811523,12.338960647583008,9.11664867401123
AT,AKC,urban,2023-01-29T06:00:00,24,17.3439998626709,13.029714584350586,10.1274995803833
AT,AKC,urban,2023-01-29T07:00:00,24,15.77400016784668,13.246346473693848,10.729999542236328
AT,AKC,urban,2023-01-29T08:00:00,24,15.158499717712402,13.758047103881836,11.965999603271484
AT,AKC,urban,2023-01-29T09:00:00,24,12.64799976348877,13.833396911621094,13.456999778747559
AT,AKC,urban,2023-01-29T10:00:00,24,8.524700164794922,14.092353820800781,14.974499702453613
AT,AKC,urban,2023-01-29T11:00:00,24,7.522348880767822,13.543869018554688,15.193499565124512
AT,AKC,urban,2023-01-29T12:00:00,24,7.598750114440918,13.066944122314453,15.491499900817871
AT,AKC,urban,2023-01-29T13:00:00,24,7.876150131225586,12.28990650177002,15.394499778747559
AT,AKC,urban,2023-01-29T14:00:00,24,6.900750160217285,12.093835830688477,15.043000221252441
AT,AKC,urban,2023-01-29T15:00:00,24,7.398149013519287,12.867361068725586,15.753499984741211
AT,AKC,urban,2023-01-29T16:00:00,24,7.781700134277344,13.177932739257812,15.345499992370605
AT,AKC,urban,2023-01-29T17:00:00,24,6.494100093841553,13.440998077392578,14.710000038146973
AT,AKC,urban,2023-01-29T18:00:00,24,7.267300128936768,13.184307098388672,13.84850025177002
AT,AKC,urban,2023-01-29T19:00:00,24,7.3681488037109375,13.405406951904297,13.102999687194824
AT,AKC,urban,2023-01-29T20:00:00,24,6.660599231719971,13.847177505493164,13.626500129699707
AT,AKC,urban,2023-01-29T21:00:00,24,6.813448905944824,14.257896423339844,15.261500358581543
AT,AKC,urban,2023-01-29T22:00:00,24,5.239449977874756,14.029302597045898,16.612499237060547
AT,AKC,urban,2023-01-29T23:00:00,24,4.372300148010254,14.282337188720703,17.303499221801758
AT,AKC,urban,2023-01-30T00:00:00,24,3.857100486755371,14.110265731811523,17.862499237060547
AT,AKC,urban,2023-01-30T01:00:00,24,4.869598865509033,13.917107582092285,18.243499755859375
AT,AKC,urban,2023-01-30T02:00:00,24,5.097700119018555,13.083097457885742,17.73150062561035
AT,AKC,urban,2023-01-30T03:00:00,24,4.694349765777588,11.539488792419434,16.252500534057617
AT,AKC,urban,2023-01-30T04:00:00,24,3.82504940032959,11.523527145385742,16.739500045776367
AT,AKC,urban,2023-01-30T05:00:00,24,3.4832000732421875,10.1060152053833,17.975500106811523
AT,AKC,urban,2023-01-30T06:00:00,24,3.4256486892700195,8.659231185913086,17.3439998626709
AT,AKC,urban,2023-01-30T07:00:00,24,4.0567498207092285,7.0463337898254395,15.77400016784668
AT,AKC,urban,2023-01-30T08:00:00,24,3.145199775695801,6.549620151519775,15.158499717712402
AT,AKC,urban,2023-01-30T09:00:00,24,6.6336989402771,4.966648578643799,12.64799976348877
AT,AKC,urban,2023-01-30T10:00:00,24,5.9870991706848145,4.499480724334717,8.524700164794922
AT,AKC,urban,2023-01-30T11:00:00,24,5.393400192260742,3.9696249961853027,7.522348880767822
AT,AKC,urban,2023-01-30T12:00:00,24,6.60575008392334,3.5640764236450195,7.598750114440918
AT,AKC,urban,2023-01-30T13:00:00,24,6.427849292755127,3.1608400344848633,7.876150131225586
AT,AKC,urban,2023-01-30T14:00:00,24,5.623848915100098,2.9754276275634766,6.900750160217285
AT,AKC,urban,2023-01-30T15:00:00,24,5.517098903656006,3.567249298095703,7.398149013519287
AT,AKC,urban,2023-01-30T16:00:00,24,6.537749767303467,4.463998317718506,7.781700134277344
AT,AKC,urban,2023-01-30T17:00:00,24,5.908298969268799,4.725264072418213,6.494100093841553
AT,AKC,urban,2023-01-30T18:00:00,24,5.529699802398682,5.878219127655029,7.267300128936768
AT,AKC,urban,2023-01-30T19:00:00,24,6.107900142669678,5.815979957580566,7.3681488037109375
AT,AKC,urban,2023-01-30T20:00:00,24,5.979148864746094,5.95944881439209,6.660599231719971
AT,AKC,urban,2023-01-30T21:00:00,24,6.318048477172852,6.093512058258057,6.813448905944824
AT,AKC,urban,2023-01-30T22:00:00,24,5.447948932647705,5.819960117340088,5.239449977874756
AT,AKC,urban,2023-01-30T23:00:00,24,4.269149303436279,5.686880111694336,4.372300148010254
AT,AKC,urban,2023-01-31T00:00:00,24,3.3986988067626953,5.461920738220215,3.857100486755371
AT,AKC,urban,2023-01-31T01:00:00,24,3.8690500259399414,6.248619556427002,4.869598865509033
AT,AKC,urban,2023-01-31T02:00:00,24,3.9344005584716797,6.037698268890381,5.097700119018555
AT,AKC,urban,2023-01-31T03:00:00,24,3.959599018096924,5.862229347229004,4.694349765777588
AT,AKC,urban,2023-01-31T04:00:00,24,5.4039998054504395,5.727438926696777,3.82504940032959
AT,AKC,urban,2023-01-31T05:00:00,24,5.413400173187256,6.200168609619141,3.4832000732421875
AT,AKC,urban,2023-01-31T06:00:00,24,5.860050201416016,6.4486165046691895,3.4256486892700195
AT,AKC,urban,2023-01-31T07:00:00,24,5.532449245452881,7.214792251586914,4.0567498207092285
AT,AKC,urban,2023-01-31T08:00:00,24,6.069648742675781,6.7027201652526855,3.145199775695801
AT,AKC,urban,2023-01-31T09:00:00,24,6.259850025177002,9.329808235168457,6.6336989402771
AT,AKC,urban,2023-01-31T10:00:00,24,4.489998817443848,7.777052402496338,5.9870991706848145
AT,AKC,urban,2023-01-31T11:00:00,24,4.410449028015137,7.43584680557251,5.393400192260742
AT,AKC,urban,2023-01-31T12:00:00,24,3.821000099182129,6.82420539855957,6.60575008392334
AT,AKC,urban,2023-01-31T13:00:00,24,3.308699607849121,6.409468173980713,6.427849292755127
AT,AKC,urban,2023-01-31T14:00:00,24,2.357699394226074,5.856124401092529,5.623848915100098
AT,AKC,urban,2023-01-31T15:00:00,24,2.7374000549316406,5.87981653213501,5.517098903656006
AT,AKC,urban,2023-01-31T16:00:00,24,3.7672500610351562,6.275745391845703,6.537749767303467
AT,AKC,urban,2023-01-31T17:00:00,24,5.509449005126953,6.2881364822387695,5.908298969268799
AT,AKC,urban,2023-01-31T18:00:00,24,5.908100128173828,6.061778545379639,5.529699802398682
AT,AKC,urban,2023-01-31T19:00:00,24,5.9483489990234375,6.122694492340088,6.107900142669678
AT,AKC,urban,2023-01-31T20:00:00,24,5.094649791717529,4.747524261474609,5.979148864746094
AT,AKC,urban,2023-01-31T21:00:00,24,4.758450031280518,4.25722074508667,6.318048477172852
AT,AKC,urban,2023-01-31T22:00:00,24,4.328999042510986,3.4045305252075195,5.447948932647705
AT,AKC,urban,2023-01-31T23:00:00,24,2.8022985458374023,2.9651145935058594,4.269149303436279
AT,AKC,urban,2023-02-01T00:00:00,24,0.8559389114379883,2.770806312561035,3.3986988067626953
AT,AKC,urban,2023-02-01T01:00:00,24,0.8373489379882812,3.399777412414551,3.8690500259399414
AT,AKC,urban,2023-02-01T02:00:00,24,0.7169151306152344,3.008641242980957,3.9344005584716797
AT,AKC,urban,2023-02-01T03:00:00,24,1.1044750213623047,3.715028762817383,3.959599018096924
AT,AKC,urban,2023-02-01T04:00:00,24,1.5342988967895508,4.775279521942139,5.4039998054504395
AT,AKC,urban,2023-02-01T05:00:00,24,1.8358488082885742,4.680859565734863,5.413400173187256
AT,AKC,urban,2023-02-01T06:00:00,24,2.231149673461914,5.1063714027404785,5.860050201416016
AT,AKC,urban,2023-02-01T07:00:00,24,2.5416488647460938,4.946353435516357,5.532449245452881
AT,AKC,urban,2023-02-01T08:00:00,24,3.2834997177124023,5.066162586212158,6.069648742675781
AT,AKC,urban,2023-02-01T09:00:00,24,3.3166990280151367,5.306015968322754,6.259850025177002
AT,AKC,urban,2023-02-01T10:00:00,24,3.359898567199707,5.091131687164307,4.489998817443848
AT,AKC,urban,2023-02-01T11:00:00,24,3.6023502349853516,5.42874002456665,4.410449028015137
AT,AKC,urban,2023-02-01T12:00:00,24,4.09584903717041,5.1725993156433105,3.821000099182129
AT,AKC,urban,2023-02-01T13:00:00,24,4.245698928833008,5.3793745040893555,3.308699607849121
AT,AKC,urban,2023-02-01T14:00:00,24,3.4053497314453125,4.956566333770752,2.357699394226074
AT,AKC,urban,2023-02-01T15:00:00,24,2.8306503295898438,5.4867844581604,2.7374000549316406
AT,AKC,urban,2023-02-01T16:00:00,24,2.9640989303588867,6.209594249725342,3.7672500610351562
AT,AKC,urban,2023-02-01T17:00:00,24,3.5913000106811523,7.5438008308410645,5.509449005126953
AT,AKC,urban,2023-02-01T18:00:00,24,3.7760000228881836,7.816445350646973,5.908100128173828
AT,AKC,urban,2023-02-01T19:00:00,24,3.9847989082336426,7.872826099395752,5.9483489990234375
AT,AKC,urban,2023-02-01T20:00:00,24,4.55210018157959,7.296932220458984,5.094649791717529
AT,AKC,urban,2023-02-01T21:00:00,24,5.09014892578125,6.989067554473877,4.758450031280518
AT,AKC,urban,2023-02-01T22:00:00,24,5.374050140380859,6.316551685333252,4.328999042510986
AT,AKC,urban,2023-02-01T23:00:00,24,5.53095006942749,4.932241439819336,2.8022985458374023
AT,AKC,urban,2023-02-02T00:00:00,24,5.984299182891846,3.673015594482422,0.8559389114379883
AT,AKC,urban,2023-02-02T01:00:00,24,5.821100234985352,3.8525781631469727,0.8373489379882812
AT,AKC,urban,2023-02-02T02:00:00,24,3.359699249267578,3.686483383178711,0.7169151306152344
AT,AKC,urban,2023-02-02T03:00:00,24,1.3440980911254883,3.980562210083008,1.1044750213623047
AT,AKC,urban,2023-02-02T04:00:00,24,0.9191293716430664,4.351939678192139,1.5342988967895508
AT,AKC,urban,2023-02-02T05:00:00,24,1.3431501388549805,4.608266830444336,1.8358488082885742
AT,AKC,urban,2023-02-02T06:00:00,24,1.6316003799438477,4.800297737121582,2.231149673461914
AT,AKC,urban,2023-02-02T07:00:00,24,1.8598499298095703,4.907904148101807,2.5416488647460938
AT,AKC,urban,2023-02-02T08:00:00,24,2.4443492889404297,5.183821201324463,3.2834997177124023
AT,AKC,urban,2023-02-02T09:00:00,24,2.9103498458862305,5.200068950653076,3.3166990280151367
AT,AKC,urban,2023-02-02T10:00:00,24,2.389749526977539,4.871845245361328,3.359898567199707
AT,AKC,urban,2023-02-02T11:00:00,24,2.3077001571655273,4.8555073738098145,3.6023502349853516
AT,AKC,urban,2023-02-02T12:00:00,24,2.2791500091552734,4.982773303985596,4.09584903717041
AT,AKC,urban,2023-02-02T13:00:00,24,2.099750518798828,4.726088523864746,4.245698928833008
AT,AKC,urban,2023-02-02T14:00:00,24,2.40524959564209,4.66178560256958,3.4053497314453125
AT,AKC,urban,2023-02-02T15:00:00,24,2.466000556945801,4.438737869262695,2.8306503295898438
AT,AKC,urban,2023-02-02T16:00:00,24,2.318099021911621,4.845901012420654,2.9640989303588867
AT,AKC,urban,2023-02-02T17:00:00,24,2.663649559020996,5.647700786590576,3.5913000106811523
AT,AKC,urban,2023-02-02T18:00:00,24,2.1048498153686523,6.137951850891113,3.7760000228881836
AT,AKC,urban,2023-02-02T19:00:00,24,1.5558500289916992,6.514875888824463,3.9847989082336426
AT,AKC,urban,2023-02-02T20:00:00,24,2.4437990188598633,7.2476487159729,4.55210018157959
AT,AKC,urban,2023-02-02T21:00:00,24,3.48075008392334,7.841719150543213,5.09014892578125
AT,AKC,urban,2023-02-02T22:00:00,24,3.2541494369506836,8.28845500946045,5.374050140380859
AT,AKC,urban,2023-02-02T23:00:00,24,3.4972000122070312,8.273214340209961,5.53095006942749
AT,AKC,urban,2023-02-03T00:00:00,24,3.497950553894043,8.59260368347168,5.984299182891846
AT,AKC,urban,2023-02-03T01:00:00,24,3.151498794555664,8.238577842712402,5.821100234985352
AT,AKC,urban,2023-02-03T02:00:00,24,2.767749786376953,6.949965000152588,3.359699249267578
AT,AKC,urban,2023-02-03T03:00:00,24,2.236199378967285,5.837357997894287,1.3440980911254883
AT,AKC,urban,2023-02-03T04:00:00,24,1.3965997695922852,5.926285743713379,0.9191293716430664
AT,AKC,urban,2023-02-03T05:00:00,24,1.7865991592407227,6.132340908050537,1.3431501388549805
AT,AKC,urban,2023-02-03T06:00:00,24,3.0437498092651367,6.464004993438721,1.6316003799438477
AT,AKC,urban,2023-02-03T07:00:00,24,3.7576990127563477,6.321765899658203,1.8598499298095703
AT,AKC,urban,2023-02-03T08:00:00,24,2.910048484802246,6.615092754364014,2.4443492889404297
AT,AKC,urban,2023-02-03T09:00:00,24,2.585799217224121,6.492921352386475,2.9103498458862305
AT,AKC,urban,2023-02-03T10:00:00,24,3.116349220275879,5.713252067565918,2.389749526977539
AT,AKC,urban,2023-02-03T11:00:00,24,2.992049217224121,5.183718681335449,2.3077001571655273
AT,AKC,urban,2023-02-03T12:00:00,24,2.907750129699707,4.529369831085205,2.2791500091552734
AT,AKC,urban,2023-02-03T13:00:00,24,3.0105504989624023,3.6568546295166016,2.099750518798828
AT,AKC,urban,2023-02-03T14:00:00,24,2.8917503356933594,3.4990978240966797,2.40524959564209
AT,AKC,urban,2023-02-03T15:00:00,24,3.2321996688842773,3.2599411010742188,2.466000556945801
AT,AKC,urban,2023-02-03T16:00:00,24,3.1543989181518555,3.2776918411254883,2.318099021911621
AT,AKC,urban,2023-02-03T17:00:00,24,2.9232988357543945,3.342108726501465,2.663649559020996
AT,AKC,urban,2023-02-03T18:00:00,24,3.3826990127563477,3.3114490509033203,2.1048498153686523
AT,AKC,urban,2023-02-03T19:00:00,24,3.8972997665405273,3.3453845977783203,1.5558500289916992
AT,AKC,urban,2023-02-03T20:00:00,24,4.3960490226745605,4.226088523864746,2.4437990188598633
AT,AKC,urban,2023-02-03T21:00:00,24,3.706099510192871,5.007521629333496,3.48075008392334
AT,AKC,urban,2023-02-03T22:00:00,24,3.945749282836914,4.753049373626709,3.2541494369506836
AT,AKC,urban,2023-02-03T23:00:00,24,3.597148895263672,4.873124122619629,3.4972000122070312
AT,AKC,urban,2023-02-04T00:00:00,24,3.6669492721557617,4.633529186248779,3.497950553894043
AT,AKC,urban,2023-02-04T01:00:00,24,3.6184988021850586,4.2418293952941895,3.151498794555664
AT,AKC,urban,2023-02-04T02:00:00,24,3.3201990127563477,3.9505085945129395,2.767749786376953
AT,AKC,urban,2023-02-04T03:00:00,24,3.42404842376709,3.3084754943847656,2.236199378967285
AT,AKC,urban,2023-02-04T04:00:00,24,3.13385009765625,2.765401840209961,1.3965997695922852
AT,AKC,urban,2023-02-04T05:00:00,24,3.2291994094848633,3.1857290267944336,1.7865991592407227
AT,AKC,urban,2023-02-04T06:00:00,24,3.0807485580444336,4.349714756011963,3.0437498092651367
AT,AKC,urban,2023-02-04T07:00:00,24,3.1222000122070312,5.132256984710693,3.7576990127563477
AT,AKC,urban,2023-02-04T08:00:00,24,3.6086997985839844,4.641850471496582,2.910048484802246
AT,AKC,urban,2023-02-04T09:00:00,24,3.8921990394592285,4.516712665557861,2.585799217224121
AT,AKC,urban,2023-02-04T10:00:00,24,3.970798969268799,4.961084365844727,3.116349220275879
AT,AKC,urban,2023-02-04T11:00:00,24,3.6262502670288086,4.702969551086426,2.992049217224121
AT,AKC,urban,2023-02-04T12:00:00,24,3.7234487533569336,4.702067852020264,2.907750129699707
AT,AKC,urban,2023-02-04T13:00:00,24,4.885149002075195,4.743409633636475,3.0105504989624023
AT,AKC,urban,2023-02-04T14:00:00,24,6.138548851013184,4.684606552124023,2.8917503356933594
AT,AKC,urban,2023-02-04T15:00:00,24,6.50985050201416,5.172057151794434,3.2321996688842773
AT,AKC,urban,2023-02-04T16:00:00,24,8.239250183105469,5.1340413093566895,3.1543989181518555
AT,AKC,urban,2023-02-04T17:00:00,24,9.924798965454102,5.185153007507324,2.9232988357543945
AT,AKC,urban,2023-02-04T18:00:00,24,10.145999908447266,5.7349934577941895,3.3826990127563477
AT,AKC,urban,2023-02-04T19:00:00,24,10.728500366210938,6.259119510650635,3.8972997665405273
AT,AKC,urban,2023-02-04T20:00:00,24,12.550000190734863,6.720942974090576,4.3960490226745605
AT,AKC,urban,2023-02-04T21:00:00,24,11.904000282287598,6.316859722137451,3.706099510192871
AT,AKC,urban,2023-02-04T22:00:00,24,11.545000076293945,6.634303092956543,3.945749282836914
AT,AKC,urban,2023-02-04T23:00:00,24,10.816499710083008,6.254846096038818,3.597148895263672
AT,AKC,urban,2023-02-05T00:00:00,24,11.160499572753906,6.180647850036621,3.6669492721557617
AT,AKC,urban,2023-02-05T01:00:00,24,11.81149959564209,6.013521671295166,3.6184988021850586
AT,AKC,urban,2023-02-05T02:00:00,24,12.503499984741211,5.701988220214844,3.3201990127563477
AT,AKC,urban,2023-02-05T03:00:00,24,12.640000343322754,6.015810012817383,3.42404842376709
AT,AKC,urban,2023-02-05T04:00:00,24,12.725500106811523,5.957090377807617,3.13385009765625
AT,AKC,urban,2023-02-05T05:00:00,24,13.755999565124512,6.2114667892456055,3.2291994094848633
AT,AKC,urban,2023-02-05T06:00:00,24,13.771499633789062,6.155190944671631,3.0807485580444336
AT,AKC,urban,2023-02-05T07:00:00,24,14.704999923706055,6.259560585021973,3.1222000122070312
AT,AKC,urban,2023-02-05T08:00:00,24,13.539999961853027,6.584037780761719,3.6086997985839844
AT,AKC,urban,2023-02-05T09:00:00,24,13.069999694824219,6.552745819091797,3.8921990394592285
AT,AKC,urban,2023-02-05T10:00:00,24,12.775500297546387,6.232357501983643,3.970798969268799
AT,AKC,urban,2023-02-05T11:00:00,24,13.704000473022461,5.640673637390137,3.6262502670288086
AT,AKC,urban,2023-02-05T12:00:00,24,14.809000015258789,5.333919048309326,3.7234487533569336
AT,AKC,urban,2023-02-05T13:00:00,24,15.034000396728516,6.0548882484436035,4.885149002075195
AT,AKC,urban,2023-02-05T14:00:00,24,13.722999572753906,6.725615501403809,6.138548851013184
AT,AKC,urban,2023-02-05T15:00:00,24,15.489500045776367,7.049056053161621,6.50985050201416
AT,AKC,urban,2023-02-05T16:00:00,24,16.05500030517578,8.28885555267334,8.239250183105469
AT,AKC,urban,2023-02-05T17:00:00,24,16.887500762939453,9.44983196258545,9.924798965454102
AT,AKC,urban,2023-02-05T18:00:00,24,19.10099983215332,9.611457824707031,10.145999908447266
AT,AKC,urban,2023-02-05T19:00:00,24,21.26300048828125,10.322432518005371,10.728500366210938
AT,AKC,urban,2023-02-05T20:00:00,24,23.433500289916992,11.11911392211914,12.550000190734863
AT,AKC,urban,2023-02-05T21:00:00,24,24.625499725341797,10.505613327026367,11.904000282287598
AT,AKC,urban,2023-02-05T22:00:00,24,23.826499938964844,10.29393196105957,11.545000076293945
AT,AKC,urban,2023-02-05T23:00:00,24,27.809499740600586,9.49958610534668,10.816499710083008
AT,AKC,urban,2023-02-06T00:00:00,24,30.84000015258789,9.638277053833008,11.160499572753906
AT,AKC,urban,2023-02-06T01:00:00,24,32.30550003051758,9.593904495239258,11.81149959564209
AT,AKC,urban,2023-02-06T02:00:00,24,33.438499450683594,9.703699111938477,12.503499984741211
AT,AKC,urban,2023-02-06T03:00:00,24,33.127498626708984,9.797046661376953,12.640000343322754
AT,AKC,urban,2023-02-06T04:00:00,24,32.14149856567383,10.094807624816895,12.725500106811523
AT,AKC,urban,2023-02-06T05:00:00,24,30.969497680664062,10.812710762023926,13.755999565124512
AT,AKC,urban,2023-02-06T06:00:00,24,31.697002410888672,10.504931449890137,13.771499633789062
AT,AKC,urban,2023-02-06T07:00:00,24,30.256000518798828,10.991851806640625,14.704999923706055
AT,AKC,urban,2023-02-06T08:00:00,24,27.99500274658203,10.555647850036621,13.539999961853027
AT,AKC,urban,2023-02-06T09:00:00,24,25.68549919128418,10.628263473510742,13.069999694824219
AT,AKC,urban,2023-02-06T10:00:00,24,23.466999053955078,10.956008911132812,12.775500297546387
AT,AKC,urban,2023-02-06T11:00:00,24,23.790000915527344,11.586873054504395,13.704000473022461
AT,AKC,urban,2023-02-06T12:00:00,24,22.079999923706055,12.640914916992188,14.809000015258789
AT,AKC,urban,2023-02-06T13:00:00,24,21.70400047302246,13.101777076721191,15.034000396728516
AT,AKC,urban,2023-02-06T14:00:00,24,22.079999923706055,13.810261726379395,13.722999572753906
AT,AKC,urban,2023-02-06T15:00:00,24,21.65999984741211,16.107812881469727,15.489500045776367
AT,AKC,urban,2023-02-06T16:00:00,24,23.490497589111328,17.092683792114258,16.05500030517578
AT,AKC,urban,2023-02-06T17:00:00,24,25.12350082397461,18.299894332885742,16.887500762939453
AT,AKC,urban,2023-02-06T18:00:00,24,24.10099983215332,20.107149124145508,19.10099983215332
AT,AKC,urban,2023-02-06T19:00:00,24,21.910499572753906,20.93743896484375,21.26300048828125
AT,AKC,urban,2023-02-06T20:00:00,24,19.250499725341797,22.208589553833008,23.433500289916992
AT,AKC,urban,2023-02-06T21:00:00,24,17.767000198364258,22.117103576660156,24.625499725341797
AT,AKC,urban,2023-02-06T22:00:00,24,18.143999099731445,21.507904052734375,23.826499938964844
AT,AKC,urban,2023-02-06T23:00:00,24,19.29450035095215,22.309459686279297,27.809499740600586
AT,AKC,urban,2023-02-07T00:00:00,24,20.608999252319336,24.58975601196289,30.84000015258789
AT,AKC,urban,2023-02-07T01:00:00,24,23.58049964904785,24.23041534423828,32.30550003051758
AT,AKC,urban,2023-02-07T02:00:00,24,25.15999984741211,25.839473724365234,33.438499450683594
AT,AKC,urban,2023-02-07T03:00:00,24,25.094501495361328,24.91360855102539,33.127498626708984
AT,AKC,urban,2023-02-07T04:00:00,24,26.479000091552734,25.47972869873047,32.14149856567383
AT,AKC,urban,2023-02-07T05:00:00,24,27.35300064086914,24.082988739013672,30.969497680664062
AT,AKC,urban,2023-02-07T06:00:00,24,28.227001190185547,25.59009552001953,31.697002410888672
AT,AKC,urban,2023-02-07T07:00:00,24,31.215999603271484,23.524837493896484,30.256000518798828
AT,AKC,urban,2023-02-07T08:00:00,24,31.919002532958984,21.974273681640625,27.99500274658203
AT,AKC,urban,2023-02-07T09:00:00,24,33.99100112915039,19.99807357788086,25.68549919128418
AT,AKC,urban,2023-02-07T10:00:00,24,34.4635009765625,19.199909210205078,23.466999053955078
AT,AKC,urban,2023-02-07T11:00:00,24,32.68849563598633,19.030607223510742,23.790000915527344
AT,AKC,urban,2023-02-07T12:00:00,24,30.31650161743164,18.288545608520508,22.079999923706055
AT,AKC,urban,2023-02-07T13:00:00,24,21.604999542236328,18.455533981323242,21.70400047302246
AT,AKC,urban,2023-02-07T14:00:00,24,16.70599937438965,19.39115333557129,22.079999923706055
AT,AKC,urban,2023-02-07T15:00:00,24,15.992500305175781,19.688663482666016,21.65999984741211
AT,AKC,urban,2023-02-07T16:00:00,24,17.64150047302246,21.805173873901367,23.490497589111328
AT,AKC,urban,2023-02-07T17:00:00,24,16.952499389648438,23.75225830078125,25.12350082397461
AT,AKC,urban,2023-02-07T18:00:00,24,17.83099937438965,23.744421005249023,24.10099983215332
AT,AKC,urban,2023-02-07T19:00:00,24,19.243499755859375,23.814960479736328,21.910499572753906
AT,AKC,urban,2023-02-07T20:00:00,24,20.944000244140625,23.288585662841797,19.250499725341797
AT,AKC,urban,2023-02-07T21:00:00,24,24.054500579833984,22.961185455322266,17.767000198364258
AT,AKC,urban,2023-02-07T22:00:00,24,26.861499786376953,23.239158630371094,18.143999099731445
AT,AKC,urban,2023-02-07T23:00:00,24,25.683002471923828,24.110538482666016,19.29450035095215
AT,AKC,urban,2023-02-08T00:00:00,24,24.096500396728516,25.162382125854492,20.608999252319336
AT,AKC,urban,2023-02-08T01:00:00,24,23.24049949645996,27.6890926361084,23.58049964904785
AT,AKC,urban,2023-02-08T02:00:00,24,22.72599983215332,28.958385467529297,25.15999984741211
AT,AKC,urban,2023-02-08T03:00:00,24,23.753000259399414,29.079612731933594,25.094501495361328
AT,AKC,urban,2023-02-08T04:00:00,24,26.825000762939453,30.264877319335938,26.479000091552734
AT,AKC,urban,2023-02-08T05:00:00,24,32.59000015258789,31.122154235839844,27.35300064086914
AT,AKC,urban,2023-02-08T06:00:00,24,33.471500396728516,31.699729919433594,28.227001190185547
AT,AKC,urban,2023-02-08T07:00:00,24,30.73800277709961,33.60523223876953,31.215999603271484
AT,AKC,urban,2023-02-08T08:00:00,24,28.042999267578125,33.27804946899414,31.919002532958984
AT,AKC,urban,2023-02-08T09:00:00,24,24.444499969482422,34.28691101074219,33.99100112915039
AT,AKC,urban,2023-02-08T10:00:00,24,20.948999404907227,33.5538215637207,34.4635009765625
AT,AKC,urban,2023-02-08T11:00:00,24,18.648000717163086,31.794845581054688,32.68849563598633
AT,AKC,urban,2023-02-08T12:00:00,24,18.874000549316406,29.16839599609375,30.31650161743164
AT,AKC,urban,2023-02-08T13:00:00,24,18.897499084472656,25.756057739257812,21.604999542236328
AT,AKC,urban,2023-02-08T14:00:00,24,18.94849967956543,23.121999740600586,16.70599937438965
AT,AKC,urban,2023-02-08T15:00:00,24,18.260000228881836,23.183359146118164,15.992500305175781
AT,AKC,urban,2023-02-08T16:00:00,24,18.374000549316406,23.566425323486328,17.64150047302246
AT,AKC,urban,2023-02-08T17:00:00,24,18.815500259399414,24.42038345336914,16.952499389648438
AT,AKC,urban,2023-02-08T18:00:00,24,20.441999435424805,24.938743591308594,17.83099937438965
AT,AKC,urban,2023-02-08T19:00:00,24,21.24650001525879,25.71493911743164,19.243499755859375
AT,AKC,urban,2023-02-08T20:00:00,24,22.411500930786133,26.253047943115234,20.944000244140625
AT,AKC,urban,2023-02-08T21:00:00,24,22.02899932861328,27.296981811523438,24.054500579833984
AT,AKC,urban,2023-02-08T22:00:00,24,22.23150062561035,28.574176788330078,26.861499786376953
AT,AKC,urban,2023-02-08T23:00:00,24,23.17099952697754,26.23137855529785,25.683002471923828
AT,AKC,urban,2023-02-09T00:00:00,24,23.105499267578125,25.07143783569336,24.096500396728516
AT,AKC,urban,2023-02-09T01:00:00,24,19.80900001525879,23.779254913330078,23.24049949645996
AT,AKC,urban,2023-02-09T02:00:00,24,21.27549934387207,23.309192657470703,22.72599983215332
AT,AKC,urban,2023-02-09T03:00:00,24,21.66550064086914,23.17449188232422,23.753000259399414
AT,AKC,urban,2023-02-09T04:00:00,24,23.68400001525879,25.271892547607422,26.825000762939453
AT,AKC,urban,2023-02-09T05:00:00,24,25.113500595092773,27.412799835205078,32.59000015258789
AT,AKC,urban,2023-02-09T06:00:00,24,27.159000396728516,27.594219207763672,33.471500396728516
AT,AKC,urban,2023-02-09T07:00:00,24,24.645000457763672,26.068323135375977,30.73800277709961
AT,AKC,urban,2023-02-09T08:00:00,24,24.738502502441406,24.129220962524414,28.042999267578125
AT,AKC,urban,2023-02-09T09:00:00,24,27.71500015258789,22.295246124267578,24.444499969482422
AT,AKC,urban,2023-02-09T10:00:00,24,55.992000579833984,20.654834747314453,20.948999404907227
AT,AKC,urban,2023-02-09T11:00:00,24,28.239002227783203,19.379690170288086,18.648000717163086
AT,AKC,urban,2023-02-09T12:00:00,24,22.038999557495117,19.792810440063477,18.874000549316406
AT,AKC,urban,2023-02-09T13:00:00,24,19.429000854492188,19.471019744873047,18.897499084472656
AT,AKC,urban,2023-02-09T14:00:00,24,21.045000076293945,20.512563705444336,18.94849967956543
AT,AKC,urban,2023-02-09T15:00:00,24,23.954500198364258,21.126237869262695,18.260000228881836
AT,AKC,urban,2023-02-09T16:00:00,24,24.547500610351562,22.03290557861328,18.374000549316406
AT,AKC,urban,2023-02-09T17:00:00,24,25.54400062561035,23.060503005981445,18.815500259399414
AT,AKC,urban,2023-02-09T18:00:00,24,27.077999114990234,25.398574829101562,20.441999435424805
AT,AKC,urban,2023-02-09T19:00:00,24,26.364999771118164,26.17885398864746,21.24650001525879
AT,AKC,urban,2023-02-09T20:00:00,24,26.381000518798828,27.424739837646484,22.411500930786133
AT,AKC,urban,2023-02-09T21:00:00,24,26.280498504638672,26.85314178466797,22.02899932861328
AT,AKC,urban,2023-02-09T22:00:00,24,26.708499908447266,27.381492614746094,22.23150062561035
AT,AKC,urban,2023-02-09T23:00:00,24,26.109500885009766,27.812545776367188,23.17099952697754
AT,AKC,urban,2023-02-10T00:00:00,24,26.588499069213867,27.504642486572266,23.105499267578125
AT,AKC,urban,2023-02-10T01:00:00,24,29.556499481201172,24.802515029907227,19.80900001525879
AT,AKC,urban,2023-02-10T02:00:00,24,33.53850173950195,25.143917083740234,21.27549934387207
AT,AKC,urban,2023-02-10T03:00:00,24,33.08300018310547,23.056867599487305,21.66550064086914
AT,AKC,urban,2023-02-10T04:00:00,24,33.72800064086914,23.295129776000977,23.68400001525879
AT,AKC,urban,2023-02-10T05:00:00,24,31.75400161743164,23.10663604736328,25.113500595092773
AT,AKC,urban,2023-02-10T06:00:00,24,31.898502349853516,23.20186996459961,27.159000396728516
AT,AKC,urban,2023-02-10T07:00:00,24,30.048999786376953,19.86551284790039,24.645000457763672
AT,AKC,urban,2023-02-10T08:00:00,24,25.319000244140625,19.966365814208984,24.738502502441406
AT,AKC,urban,2023-02-10T09:00:00,24,25.05299949645996,20.478893280029297,27.71500015258789
AT,AKC,urban,2023-02-10T10:00:00,24,25.76099967956543,29.243907928466797,55.992000579833984
AT,AKC,urban,2023-02-10T11:00:00,24,21.131000518798828,18.325977325439453,28.239002227783203
AT,AKC,urban,2023-02-10T12:00:00,24,19.20549964904785,17.38055992126465,22.038999557495117
AT,AKC,urban,2023-02-10T13:00:00,24,18.621999740600586,16.90118980407715,19.429000854492188
AT,AKC,urban,2023-02-10T14:00:00,24,16.832500457763672,19.579181671142578,21.045000076293945
AT,AKC,urban,2023-02-10T15:00:00,24,15.645999908447266,20.75448226928711,23.954500198364258
AT,AKC,urban,2023-02-10T16:00:00,24,16.579500198364258,21.340314865112305,24.547500610351562
AT,AKC,urban,2023-02-10T17:00:00,24,18.06800079345703,20.9510498046875,25.54400062561035
AT,AKC,urban,2023-02-10T18:00:00,24,18.866500854492188,22.679595947265625,27.077999114990234
AT,AKC,urban,2023-02-10T19:00:00,24,19.5575008392334,22.558324813842773,26.364999771118164
AT,AKC,urban,2023-02-10T20:00:00,24,20.349000930786133,24.806859970092773,26.381000518798828
AT,AKC,urban,2023-02-10T21:00:00,24,20.80150032043457,24.850872039794922,26.280498504638672
AT,AKC,urban,2023-02-10T22:00:00,24,21.333999633789062,26.15289306640625,26.708499908447266
AT,AKC,urban,2023-02-10T23:00:00,24,19.56999969482422,24.97321128845215,26.109500885009766
AT,AKC,urban,2023-02-11T00:00:00,24,18.21150016784668,25.58938980102539,26.588499069213867
AT,AKC,urban,2023-02-11T01:00:00,24,17.28849983215332,26.502506256103516,29.556499481201172
AT,AKC,urban,2023-02-11T02:00:00,24,17.5049991607666,28.965900421142578,33.53850173950195
AT,AKC,urban,2023-02-11T03:00:00,24,18.97100067138672,27.844512939453125,33.08300018310547
AT,AKC,urban,2023-02-11T04:00:00,24,21.172000885009766,28.978466033935547,33.72800064086914
AT,AKC,urban,2023-02-11T05:00:00,24,21.70549964904785,27.229888916015625,31.75400161743164
AT,AKC,urban,2023-02-11T06:00:00,24,21.20549964904785,28.170040130615234,31.898502349853516
AT,AKC,urban,2023-02-11T07:00:00,24,20.374500274658203,25.837656021118164,30.048999786376953
AT,AKC,urban,2023-02-11T08:00:00,24,17.954500198364258,23.139572143554688,25.319000244140625
AT,AKC,urban,2023-02-11T09:00:00,24,15.467000007629395,21.810571670532227,25.05299949645996
AT,AKC,urban,2023-02-11T10:00:00,24,13.80150032043457,23.12746810913086,25.76099967956543
AT,AKC,urban,2023-02-11T11:00:00,24,12.621000289916992,19.649673461914062,21.131000518798828
AT,AKC,urban,2023-02-11T12:00:00,24,13.072999954223633,17.07197380065918,19.20549964904785
AT,AKC,urban,2023-02-11T13:00:00,24,14.93649959564209,16.41327476501465,18.621999740600586
AT,AKC,urban,2023-02-11T14:00:00,24,17.224000930786133,15.826595306396484,16.832500457763672
AT,AKC,urban,2023-02-11T15:00:00,24,17.26449966430664,14.626237869262695,15.645999908447266
AT,AKC,urban,2023-02-11T16:00:00,24,17.202499389648438,16.00350570678711,16.579500198364258
AT,AKC,urban,2023-02-11T17:00:00,24,18.58300018310547,16.32577133178711,18.06800079345703
AT,AKC,urban,2023-02-11T18:00:00,24,18.59950065612793,17.565330505371094,18.866500854492188
AT,AKC,urban,2023-02-11T19:00:00,24,17.508499145507812,18.176721572875977,19.5575008392334
AT,AKC,urban,2023-02-11T20:00:00,24,13.920999526977539,19.97374153137207,20.349000930786133
AT,AKC,urban,2023-02-11T21:00:00,24,11.626999855041504,20.912437438964844,20.80150032043457
AT,AKC,urban,2023-02-11T22:00:00,24,15.11299991607666,22.088685989379883,21.333999633789062
AT,AKC,urban,2023-02-11T23:00:00,24,15.640000343322754,21.049182891845703,19.56999969482422
AT,AKC,urban,2023-02-12T00:00:00,24,14.071999549865723,20.227863311767578,18.21150016784668
AT,AKC,urban,2023-02-12T01:00:00,24,14.70300006866455,19.568418502807617,17.28849983215332
AT,AKC,urban,2023-02-12T02:00:00,24,13.66450023651123,20.015907287597656,17.5049991607666
AT,AKC,urban,2023-02-12T03:00:00,24,11.373000144958496,21.374719619750977,18.97100067138672
AT,AKC,urban,2023-02-12T04:00:00,24,11.100500106811523,23.282955169677734,21.172000885009766
AT,AKC,urban,2023-02-12T05:00:00,24,12.293499946594238,23.860633850097656,21.70549964904785
AT,AKC,urban,2023-02-12T06:00:00,24,9.674850463867188,23.79623031616211,21.20549964904785
AT,AKC,urban,2023-02-12T07:00:00,24,10.996000289916992,23.349254608154297,20.374500274658203
AT,AKC,urban,2023-02-12T08:00:00,24,11.184499740600586,21.26913070678711,17.954500198364258
AT,AKC,urban,2023-02-12T09:00:00,24,10.084150314331055,19.496620178222656,15.467000007629395
AT,AKC,urban,2023-02-12T10:00:00,24,9.257299423217773,18.081951141357422,13.80150032043457
AT,AKC,urban,2023-02-12T11:00:00,24,7.721199035644531,16.951778411865234,12.621000289916992
AT,AKC,urban,2023-02-12T12:00:00,24,7.397298812866211,16.94353675842285,13.072999954223633
AT,AKC,urban,2023-02-12T13:00:00,24,7.810898780822754,18.295557022094727,14.93649959564209
AT,AKC,urban,2023-02-12T14:00:00,24,6.081900119781494,19.395410537719727,17.224000930786133
AT,AKC,urban,2023-02-12T15:00:00,24,6.696399211883545,19.33942413330078,17.26449966430664
AT,AKC,urban,2023-02-12T16:00:00,24,7.348499774932861,19.538198471069336,17.202499389648438
AT,AKC,urban,2023-02-12T17:00:00,24,7.918000221252441,20.86056137084961,18.58300018310547
AT,AKC,urban,2023-02-12T18:00:00,24,8.012048721313477,21.128326416015625,18.59950065612793
AT,AKC,urban,2023-02-12T19:00:00,24,7.762948989868164,20.80246353149414,17.508499145507812
AT,AKC,urban,2023-02-12T20:00:00,24,7.714300155639648,18.550792694091797,13.920999526977539
AT,AKC,urban,2023-02-12T21:00:00,24,8.228899002075195,17.1790771484375,11.626999855041504
AT,AKC,urban,2023-02-12T22:00:00,24,6.2481489181518555,19.96053123474121,15.11299991607666
AT,AKC,urban,2023-02-12T23:00:00,24,5.652548313140869,19.899524688720703,15.640000343322754
AT,AKC,urban,2023-02-13T00:00:00,24,7.3772501945495605,18.685697555541992,14.071999549865723
AT,AKC,urban,2023-02-13T01:00:00,24,10.753000259399414,18.85859489440918,14.70300006866455
AT,AKC,urban,2023-02-13T02:00:00,24,12.53600025177002,17.7235164642334,13.66450023651123
AT,AKC,urban,2023-02-13T03:00:00,24,13.321499824523926,15.862615585327148,11.373000144958496
AT,AKC,urban,2023-02-13T04:00:00,24,13.48449993133545,16.033519744873047,11.100500106811523
AT,AKC,urban,2023-02-13T05:00:00,24,12.225500106811523,16.310440063476562,12.293499946594238
AT,AKC,urban,2023-02-13T06:00:00,24,12.446499824523926,14.805097579956055,9.674850463867188
AT,AKC,urban,2023-02-13T07:00:00,24,12.202500343322754,15.934114456176758,10.996000289916992
AT,AKC,urban,2023-02-13T08:00:00,24,14.411499977111816,15.728440284729004,11.184499740600586
AT,AKC,urban,2023-02-13T09:00:00,24,14.184499740600586,14.823225021362305,10.084150314331055
AT,AKC,urban,2023-02-13T10:00:00,24,15.830499649047852,14.560995101928711,9.257299423217773
AT,AKC,urban,2023-02-13T11:00:00,24,16.464500427246094,13.782535552978516,7.721199035644531
AT,AKC,urban,2023-02-13T12:00:00,24,17.01300048828125,13.83950424194336,7.397298812866211
AT,AKC,urban,2023-02-13T13:00:00,24,17.520999908447266,14.048834800720215,7.810898780822754
AT,AKC,urban,2023-02-13T14:00:00,24,17.414499282836914,14.086902618408203,6.081900119781494
AT,AKC,urban,2023-02-13T15:00:00,24,17.02899932861328,14.568055152893066,6.696399211883545
AT,AKC,urban,2023-02-13T16:00:00,24,17.81450080871582,15.8390474319458,7.348499774932861
AT,AKC,urban,2023-02-13T17:00:00,24,18.214500427246094,16.402408599853516,7.918000221252441
AT,AKC,urban,2023-02-13T18:00:00,24,18.24850082397461,16.767166137695312,8.012048721313477
AT,AKC,urban,2023-02-13T19:00:00,24,18.264999389648438,16.465438842773438,7.762948989868164
AT,AKC,urban,2023-02-13T20:00:00,24,18.12150001525879,15.837289810180664,7.714300155639648
AT,AKC,urban,2023-02-13T21:00:00,24,18.968000411987305,15.495558738708496,8.228899002075195
AT,AKC,urban,2023-02-13T22:00:00,24,18.77199935913086,13.746112823486328,6.2481489181518555
AT,AKC,urban,2023-02-13T23:00:00,24,19.167999267578125,12.669713973999023,5.652548313140869
AT,AKC,urban,2023-02-14T00:00:00,24,19.664499282836914,12.50912857055664,7.3772501945495605
AT,AKC,urban,2023-02-14T01:00:00,24,20.55150032043457,12.9706449508667,10.753000259399414
AT,AKC,urban,2023-02-14T02:00:00,24,21.03350067138672,12.73820972442627,12.53600025177002
AT,AKC,urban,2023-02-14T03:00:00,24,21.521499633789062,12.533143043518066,13.321499824523926
AT,AKC,urban,2023-02-14T04:00:00,24,21.53900146484375,12.248918533325195,13.48449993133545
AT,AKC,urban,2023-02-14T05:00:00,24,23.32900047302246,11.292844772338867,12.225500106811523
AT,AKC,urban,2023-02-14T06:00:00,24,25.865999221801758,11.65011978149414,12.446499824523926
AT,AKC,urban,2023-02-14T07:00:00,24,22.600000381469727,11.305171012878418,12.202500343322754
AT,AKC,urban,2023-02-14T08:00:00,24,22.30900001525879,12.437809944152832,14.411499977111816
AT,AKC,urban,2023-02-14T09:00:00,24,22.454998016357422,11.563413619995117,14.184499740600586
AT,AKC,urban,2023-02-14T10:00:00,24,22.92449951171875,12.291839599609375,15.830499649047852
AT,AKC,urban,2023-02-14T11:00:00,24,22.516000747680664,12.588934898376465,16.464500427246094
AT,AKC,urban,2023-02-14T12:00:00,24,22.8799991607666,12.899592399597168,17.01300048828125
AT,AKC,urban,2023-02-14T13:00:00,24,23.92300033569336,13.028178215026855,17.520999908447266
AT,AKC,urban,2023-02-14T14:00:00,24,22.663000106811523,12.741110801696777,17.414499282836914
AT,AKC,urban,2023-02-14T15:00:00,24,23.048999786376953,12.361857414245605,17.02899932861328
AT,AKC,urban,2023-02-14T16:00:00,24,25.135000228881836,12.742891311645508,17.81450080871582
AT,AKC,urban,2023-02-14T17:00:00,24,26.631000518798828,12.782243728637695,18.214500427246094
AT,AKC,urban,2023-02-14T18:00:00,24,29.839000701904297,12.485785484313965,18.24850082397461
AT,AKC,urban,2023-02-14T19:00:00,24,31.966999053955078,12.242414474487305,18.264999389648438
AT,AKC,urban,2023-02-14T20:00:00,24,33.33700180053711,11.734575271606445,18.12150001525879
AT,AKC,urban,2023-02-14T21:00:00,24,34.42599868774414,12.02216625213623,18.968000411987305
AT,AKC,urban,2023-02-14T22:00:00,24,34.0255012512207,11.358491897583008,18.77199935913086
AT,AKC,urban,2023-02-14T23:00:00,24,34.95199966430664,11.262504577636719,19.167999267578125
AT,AKC,urban,2023-02-15T00:00:00,24,35.02949905395508,11.04594898223877,19.664499282836914
AT,AKC,urban,2023-02-15T01:00:00,24,35.095001220703125,11.4487886428833,20.55150032043457
AT,AKC,urban,2023-02-15T02:00:00,24,34.755001068115234,11.115570068359375,21.03350067138672
AT,AKC,urban,2023-02-15T03:00:00,24,28.784500122070312,11.206923484802246,21.521499633789062
AT,AKC,urban,2023-02-15T04:00:00,24,19.79400062561035,10.618325233459473,21.53900146484375
AT,AKC,urban,2023-02-15T05:00:00,24,19.54599952697754,11.156466484069824,23.32900047302246
AT,AKC,urban,2023-02-15T06:00:00,24,21.636999130249023,12.072009086608887,25.865999221801758
AT,AKC,urban,2023-02-15T07:00:00,24,22.23849868774414,9.917681694030762,22.600000381469727
AT,AKC,urban,2023-02-15T08:00:00,24,22.030500411987305,10.159025192260742,22.30900001525879
AT,AKC,urban,2023-02-15T09:00:00,24,27.00200080871582,9.953728675842285,22.454998016357422
AT,AKC,urban,2023-02-15T10:00:00,24,28.654499053955078,10.472590446472168,22.92449951171875
AT,AKC,urban,2023-02-15T11:00:00,24,31.12750244140625,11.165706634521484,22.516000747680664
AT,AKC,urban,2023-02-15T12:00:00,24,29.858001708984375,12.013447761535645,22.8799991607666
AT,AKC,urban,2023-02-15T13:00:00,24,30.551502227783203,12.861618041992188,23.92300033569336
AT,AKC,urban,2023-02-15T14:00:00,24,29.27899932861328,12.479110717773438,22.663000106811523
AT,AKC,urban,2023-02-15T15:00:00,24,29.513999938964844,14.190027236938477,23.048999786376953
AT,AKC,urban,2023-02-15T16:00:00,24,29.66699981689453,15.025586128234863,25.135000228881836
AT,AKC,urban,2023-02-15T17:00:00,24,28.804500579833984,16.228300094604492,26.631000518798828
AT,AKC,urban,2023-02-15T18:00:00,24,28.980499267578125,17.199745178222656,29.839000701904297
AT,AKC,urban,2023-02-15T19:00:00,24,32.597999572753906,18.463098526000977,31.966999053955078
AT,AKC,urban,2023-02-15T20:00:00,24,34.698001861572266,18.66092300415039,33.33700180053711
AT,AKC,urban,2023-02-15T21:00:00,24,34.78200149536133,19.327136993408203,34.42599868774414
AT,AKC,urban,2023-02-15T22:00:00,24,34.119998931884766,18.437461853027344,34.0255012512207
AT,AKC,urban,2023-02-15T23:00:00,24,33.686500549316406,19.119924545288086,34.95199966430664
AT,AKC,urban,2023-02-16T00:00:00,24,33.089500427246094,18.816884994506836,35.02949905395508
AT,AKC,urban,2023-02-16T01:00:00,24,32.34600067138672,19.103710174560547,35.095001220703125
AT,AKC,urban,2023-02-16T02:00:00,24,31.685501098632812,18.93575668334961,34.755001068115234
AT,AKC,urban,2023-02-16T03:00:00,24,30.282001495361328,15.326667785644531,28.784500122070312
AT,AKC,urban,2023-02-16T04:00:00,24,22.364999771118164,14.082199096679688,19.79400062561035
AT,AKC,urban,2023-02-16T05:00:00,24,14.725150108337402,15.362062454223633,19.54599952697754
AT,AKC,urban,2023-02-16T06:00:00,24,9.88010025024414,17.942228317260742,21.636999130249023
AT,AKC,urban,2023-02-16T07:00:00,24,10.120550155639648,18.17366600036621,22.23849868774414
AT,AKC,urban,2023-02-16T08:00:00,24,9.541199684143066,20.106372833251953,22.030500411987305
AT,AKC,urban,2023-02-16T09:00:00,24,9.192998886108398,20.357763290405273,27.00200080871582
AT,AKC,urban,2023-02-16T10:00:00,24,8.367098808288574,21.655258178710938,28.654499053955078
AT,AKC,urban,2023-02-16T11:00:00,24,7.666549205780029,21.770938873291016,31.12750244140625
AT,AKC,urban,2023-02-16T12:00:00,24,6.854249000549316,23.321779251098633,29.858001708984375
AT,AKC,urban,2023-02-16T13:00:00,24,5.942249774932861,24.036312103271484,30.551502227783203
AT,AKC,urban,2023-02-16T14:00:00,24,4.602900505065918,24.985431671142578,29.27899932861328
AT,AKC,urban,2023-02-16T15:00:00,24,4.287899017333984,25.457494735717773,29.513999938964844
AT,AKC,urban,2023-02-16T16:00:00,24,5.031700134277344,26.445039749145508,29.66699981689453
AT,AKC,urban,2023-02-16T17:00:00,24,5.817500114440918,26.86315155029297,28.804500579833984
AT,AKC,urban,2023-02-16T18:00:00,24,5.816999912261963,26.91059112548828,28.980499267578125
AT,AKC,urban,2023-02-16T19:00:00,24,5.032999038696289,27.12759780883789,32.597999572753906
AT,AKC,urban,2023-02-16T20:00:00,24,4.558350086212158,26.960628509521484,34.698001861572266
AT,AKC,urban,2023-02-16T21:00:00,24,4.5903000831604,26.559650421142578,34.78200149536133
AT,AKC,urban,2023-02-16T22:00:00,24,4.066248893737793,26.03116226196289,34.119998931884766
AT,AKC,urban,2023-02-16T23:00:00,24,3.4044485092163086,25.81037139892578,33.686500549316406
AT,AKC,urban,2023-02-17T00:00:00,24,3.1291990280151367,25.044071197509766,33.089500427246094
AT,AKC,urban,2023-02-17T01:00:00,24,2.987600326538086,24.31390380859375,32.34600067138672
AT,AKC,urban,2023-02-17T02:00:00,24,2.7708005905151367,23.5371150970459,31.685501098632812
AT,AKC,urban,2023-02-17T03:00:00,24,2.785048484802246,22.45820426940918,30.282001495361328
AT,AKC,urban,2023-02-17T04:00:00,24,2.5488996505737305,20.693519592285156,22.364999771118164
AT,AKC,urban,2023-02-17T05:00:00,24,2.1518993377685547,21.460708618164062,14.725150108337402
AT,AKC,urban,2023-02-17T06:00:00,24,2.5045995712280273,18.239837646484375,9.88010025024414
AT,AKC,urban,2023-02-17T07:00:00,24,2.512099266052246,20.19351577758789,10.120550155639648
AT,AKC,urban,2023-02-17T08:00:00,24,2.7325992584228516,18.503795623779297,9.541199684143066
AT,AKC,urban,2023-02-17T09:00:00,24,3.0129995346069336,19.15798568725586,9.192998886108398
AT,AKC,urban,2023-02-17T10:00:00,24,3.2692489624023438,17.211652755737305,8.367098808288574
AT,AKC,urban,2023-02-17T11:00:00,24,3.2925500869750977,15.843822479248047,7.666549205780029
AT,AKC,urban,2023-02-17T12:00:00,24,2.961050033569336,14.072591781616211,6.854249000549316
AT,AKC,urban,2023-02-17T13:00:00,24,2.4315500259399414,12.747313499450684,5.942249774932861
AT,AKC,urban,2023-02-17T14:00:00,24,2.119647979736328,10.817119598388672,4.602900505065918
AT,AKC,urban,2023-02-17T15:00:00,24,1.9617986679077148,10.735862731933594,4.287899017333984
AT,AKC,urban,2023-02-17T16:00:00,24,2.131349563598633,10.977771759033203,5.031700134277344
AT,AKC,urban,2023-02-17T17:00:00,24,2.206549644470215,11.807794570922852,5.817500114440918
AT,AKC,urban,2023-02-17T18:00:00,24,2.3151988983154297,11.56481647491455,5.816999912261963
AT,AKC,urban,2023-02-17T19:00:00,24,2.3864498138427734,12.361411094665527,5.032999038696289
AT,AKC,urban,2023-02-17T20:00:00,24,2.1229991912841797,11.794747352600098,4.558350086212158
AT,AKC,urban,2023-02-17T21:00:00,24,1.654250144958496,13.325469970703125,4.5903000831604
AT,AKC,urban,2023-02-17T22:00:00,24,1.564499855041504,13.487197875976562,4.066248893737793
AT,AKC,urban,2023-02-17T23:00:00,24,1.674098014831543,14.478835105895996,3.4044485092163086
AT,AKC,urban,2023-02-18T00:00:00,24,1.8855504989624023,14.883880615234375,3.1291990280151367
AT,AKC,urban,2023-02-18T01:00:00,24,1.9452505111694336,15.868796348571777,2.987600326538086
AT,AKC,urban,2023-02-18T02:00:00,24,2.085049629211426,16.661373138427734,2.7708005905151367
AT,AKC,urban,2023-02-18T03:00:00,24,3.4098005294799805,17.50680923461914,2.785048484802246
AT,AKC,urban,2023-02-18T04:00:00,24,4.175250053405762,18.40636444091797,2.5488996505737305
AT,AKC,urban,2023-02-18T05:00:00,24,4.006750106811523,18.913925170898438,2.1518993377685547
AT,AKC,urban,2023-02-18T06:00:00,24,3.4307985305786133,19.62095832824707,2.5045995712280273
AT,AKC,urban,2023-02-18T07:00:00,24,2.876049041748047,20.115142822265625,2.512099266052246
AT,AKC,urban,2023-02-18T08:00:00,24,1.9432487487792969,20.645721435546875,2.7325992584228516
AT,AKC,urban,2023-02-18T09:00:00,24,1.970250129699707,20.709651947021484,3.0129995346069336
AT,AKC,urban,2023-02-18T10:00:00,24,1.3697996139526367,20.44497299194336,3.2692489624023438
AT,AKC,urban,2023-02-18T11:00:00,24,1.553349494934082,19.724201202392578,3.2925500869750977
AT,AKC,urban,2023-02-18T12:00:00,24,1.8582496643066406,18.259624481201172,2.961050033569336
AT,AKC,urban,2023-02-18T13:00:00,24,1.433150291442871,17.126346588134766,2.4315500259399414
AT,AKC,urban,2023-02-18T14:00:00,24,1.7427988052368164,15.546757698059082,2.119647979736328
AT,AKC,urban,2023-02-18T15:00:00,24,1.6743993759155273,14.969283103942871,1.9617986679077148
AT,AKC,urban,2023-02-18T16:00:00,24,1.2790002822875977,14.137211799621582,2.131349563598633
AT,AKC,urban,2023-02-18T17:00:00,24,1.3938989639282227,14.478593826293945,2.206549644470215
AT,AKC,urban,2023-02-18T18:00:00,24,1.7023000717163086,13.895045280456543,2.3151988983154297
AT,AKC,urban,2023-02-18T19:00:00,24,2.123049736022949,14.197383880615234,2.3864498138427734
AT,AKC,urban,2023-02-18T20:00:00,24,3.2864990234375,13.266345977783203,2.1229991912841797
AT,AKC,urban,2023-02-18T21:00:00,24,5.428699970245361,12.773653030395508,1.654250144958496
AT,AKC,urban,2023-02-18T22:00:00,24,5.012148857116699,11.849563598632812,1.564499855041504
AT,AKC,urban,2023-02-18T23:00:00,24,5.018650054931641,11.363463401794434,1.674098014831543
AT,AKC,urban,2023-02-19T00:00:00,24,4.90654993057251,10.514235496520996,1.8855504989624023
AT,AKC,urban,2023-02-19T01:00:00,24,4.727448463439941,10.016316413879395,1.9452505111694336
AT,AKC,urban,2023-02-19T02:00:00,24,5.014648914337158,9.581987380981445,2.085049629211426
AT,AKC,urban,2023-02-19T03:00:00,24,5.933849811553955,10.520353317260742,3.4098005294799805
AT,AKC,urban,2023-02-19T04:00:00,24,7.2308502197265625,10.819903373718262,4.175250053405762
AT,AKC,urban,2023-02-19T05:00:00,24,7.5433502197265625,10.534589767456055,4.006750106811523
AT,AKC,urban,2023-02-19T06:00:00,24,7.74324893951416,9.689476013183594,3.4307985305786133
AT,AKC,urban,2023-02-19T07:00:00,24,7.622249126434326,8.94615364074707,2.876049041748047
AT,AKC,urban,2023-02-19T08:00:00,24,5.93704891204834,8.064483642578125,1.9432487487792969
AT,AKC,urban,2023-02-19T09:00:00,24,5.909249305725098,7.886221885681152,1.970250129699707
AT,AKC,urban,2023-02-19T10:00:00,24,5.773598670959473,6.610301971435547,1.3697996139526367
AT,AKC,urban,2023-02-19T11:00:00,24,5.205749034881592,6.309067249298096,1.553349494934082
AT,AKC,urban,2023-02-19T12:00:00,24,4.982600212097168,5.653504848480225,1.8582496643066406
AT,AKC,urban,2023-02-19T13:00:00,24,4.821800231933594,5.05440092086792,1.433150291442871
AT,AKC,urban,2023-02-19T14:00:00,24,4.085100173950195,4.7644476890563965,1.7427988052368164
AT,AKC,urban,2023-02-19T15:00:00,24,3.787600517272949,4.602405071258545,1.6743993759155273
AT,AKC,urban,2023-02-19T16:00:00,24,3.956249237060547,4.102370738983154,1.2790002822875977
AT,AKC,urban,2023-02-19T17:00:00,24,4.249448776245117,4.3223490715026855,1.3938989639282227
AT,AKC,urban,2023-02-19T18:00:00,24,4.219399929046631,4.551908493041992,1.7023000717163086
AT,AKC,urban,2023-02-19T19:00:00,24,4.030398845672607,5.155669212341309,2.123049736022949
AT,AKC,urban,2023-02-19T20:00:00,24,3.640199661254883,6.258059978485107,3.2864990234375
AT,AKC,urban,2023-02-19T21:00:00,24,3.565548896789551,8.173025131225586,5.428699970245361
AT,AKC,urban,2023-02-19T22:00:00,24,3.8393993377685547,8.061698913574219,5.012148857116699
AT,AKC,urban,2023-02-19T23:00:00,24,3.703049659729004,8.54767894744873,5.018650054931641
AT,AKC,urban,2023-02-20T00:00:00,24,3.8865489959716797,8.96915054321289,4.90654993057251
AT,AKC,urban,2023-02-20T01:00:00,24,4.101449012756348,9.391931533813477,4.727448463439941
AT,AKC,urban,2023-02-20T02:00:00,24,4.156000137329102,10.156624794006348,5.014648914337158
AT,AKC,urban,2023-02-20T03:00:00,24,4.422450065612793,11.28961181640625,5.933849811553955
AT,AKC,urban,2023-02-20T04:00:00,24,4.420848846435547,11.790681838989258,7.2308502197265625
AT,AKC,urban,2023-02-20T05:00:00,24,4.956298828125,11.292645454406738,7.5433502197265625
AT,AKC,urban,2023-02-20T06:00:00,24,5.85045051574707,10.874605178833008,7.74324893951416
AT,AKC,urban,2023-02-20T07:00:00,24,6.370150089263916,10.349393844604492,7.622249126434326
AT,AKC,urban,2023-02-20T08:00:00,24,6.356400012969971,8.67843246459961,5.93704891204834
AT,AKC,urban,2023-02-20T09:00:00,24,6.992198944091797,7.972177505493164,5.909249305725098
AT,AKC,urban,2023-02-20T10:00:00,24,6.84060001373291,6.558176040649414,5.773598670959473
AT,AKC,urban,2023-02-20T11:00:00,24,5.833099842071533,5.444178104400635,5.205749034881592
AT,AKC,urban,2023-02-20T12:00:00,24,5.109799861907959,4.147411823272705,4.982600212097168
AT,AKC,urban,2023-02-20T13:00:00,24,3.505849838256836,3.247426986694336,4.821800231933594
AT,AKC,urban,2023-02-20T14:00:00,24,3.2778491973876953,2.7331275939941406,4.085100173950195
AT,AKC,urban,2023-02-20T15:00:00,24,3.3566484451293945,3.0490541458129883,3.787600517272949
AT,AKC,urban,2023-02-20T16:00:00,24,3.7524490356445312,3.336793899536133,3.956249237060547
AT,AKC,urban,2023-02-20T17:00:00,24,4.0383501052856445,3.8808135986328125,4.249448776245117
AT,AKC,urban,2023-02-20T18:00:00,24,4.302350044250488,4.087518692016602,4.219399929046631
AT,AKC,urban,2023-02-20T19:00:00,24,4.500148773193359,4.233747959136963,4.030398845672607
AT,AKC,urban,2023-02-20T20:00:00,24,4.398049831390381,4.306781768798828,3.640199661254883
AT,AKC,urban,2023-02-20T21:00:00,24,3.959498882293701,4.698756217956543,3.565548896789551
AT,AKC,urban,2023-02-20T22:00:00,24,3.5214500427246094,4.930232048034668,3.8393993377685547
AT,AKC,urban,2023-02-20T23:00:00,24,3.811199188232422,4.494856357574463,3.703049659729004
AT,AKC,urban,2023-02-21T00:00:00,24,3.665999412536621,4.4105072021484375,3.8865489959716797
AT,AKC,urban,2023-02-21T01:00:00,24,3.564549446105957,4.4298176765441895,4.101449012756348
AT,AKC,urban,2023-02-21T02:00:00,24,3.505049705505371,4.449225425720215,4.156000137329102
AT,AKC,urban,2023-02-21T03:00:00,24,3.9686989784240723,4.497256755828857,4.422450065612793
AT,AKC,urban,2023-02-21T04:00:00,24,4.379049777984619,4.539908409118652,4.420848846435547
AT,AKC,urban,2023-02-21T05:00:00,24,4.892449855804443,4.591487407684326,4.956298828125
AT,AKC,urban,2023-02-21T06:00:00,24,6.54010009765625,4.457651138305664,5.85045051574707
AT,AKC,urban,2023-02-21T07:00:00,24,7.243948936462402,4.453846454620361,6.370150089263916
AT,AKC,urban,2023-02-21T08:00:00,24,6.999999523162842,4.013596057891846,6.356400012969971
AT,AKC,urban,2023-02-21T09:00:00,24,9.6996488571167,3.7464609146118164,6.992198944091797
AT,AKC,urban,2023-02-21T10:00:00,24,8.522600173950195,3.3402042388916016,6.84060001373291
AT,AKC,urban,2023-02-21T11:00:00,24,6.278200149536133,2.955841064453125,5.833099842071533
AT,AKC,urban,2023-02-21T12:00:00,24,6.804450035095215,2.6335277557373047,5.109799861907959
AT,AKC,urban,2023-02-21T13:00:00,24,5.898698806762695,2.4840898513793945,3.505849838256836
AT,AKC,urban,2023-02-21T14:00:00,24,4.30889892578125,2.765779495239258,3.2778491973876953
AT,AKC,urban,2023-02-21T15:00:00,24,5.065400123596191,2.4419612884521484,3.3566484451293945
AT,AKC,urban,2023-02-21T16:00:00,24,6.410449028015137,2.8662033081054688,3.7524490356445312
AT,AKC,urban,2023-02-21T17:00:00,24,8.208250045776367,2.5375280380249023,4.0383501052856445
AT,AKC,urban,2023-02-21T18:00:00,24,10.463000297546387,2.8256492614746094,4.302350044250488
AT,AKC,urban,2023-02-21T19:00:00,24,15.246000289916992,2.5560855865478516,4.500148773193359
AT,AKC,urban,2023-02-21T20:00:00,24,15.248499870300293,2.2757835388183594,4.398049831390381
AT,AKC,urban,2023-02-21T21:00:00,24,16.260000228881836,1.9442014694213867,3.959498882293701
AT,AKC,urban,2023-02-21T22:00:00,24,15.306500434875488,2.187549591064453,3.5214500427246094
AT,AKC,urban,2023-02-21T23:00:00,24,15.609000205993652,2.2863101959228516,3.811199188232422
AT,AKC,urban,2023-02-22T00:00:00,24,15.97599983215332,1.7666435241699219,3.665999412536621
AT,AKC,urban,2023-02-22T01:00:00,24,17.114999771118164,1.65472412109375,3.564549446105957
AT,AKC,urban,2023-02-22T02:00:00,24,17.229999542236328,1.6689634323120117,3.505049705505371
AT,AKC,urban,2023-02-22T03:00:00,24,17.27549934387207,2.124262809753418,3.9686989784240723
AT,AKC,urban,2023-02-22T04:00:00,24,17.590999603271484,2.3734865188598633,4.379049777984619
AT,AKC,urban,2023-02-22T05:00:00,24,16.531999588012695,2.4626598358154297,4.892449855804443
AT,AKC,urban,2023-02-22T06:00:00,24,19.348499298095703,3.3208236694335938,6.54010009765625
AT,AKC,urban,2023-02-22T07:00:00,24,20.36549949645996,3.3841419219970703,7.243948936462402
AT,AKC,urban,2023-02-22T08:00:00,24,20.723499298095703,3.3240652084350586,6.999999523162842
AT,AKC,urban,2023-02-22T09:00:00,24,20.06399917602539,4.814544200897217,9.6996488571167
AT,AKC,urban,2023-02-22T10:00:00,24,21.562000274658203,4.182949542999268,8.522600173950195
AT,AKC,urban,2023-02-22T11:00:00,24,23.648500442504883,2.8929290771484375,6.278200149536133
AT,AKC,urban,2023-02-22T12:00:00,24,24.885499954223633,4.038171291351318,6.804450035095215
AT,AKC,urban,2023-02-22T13:00:00,24,24.410999298095703,3.5380077362060547,5.898698806762695
AT,AKC,urban,2023-02-22T14:00:00,24,21.020000457763672,3.4235219955444336,4.30889892578125
AT,AKC,urban,2023-02-22T15:00:00,24,18.89150047302246,4.354879856109619,5.065400123596191
AT,AKC,urban,2023-02-22T16:00:00,24,20.485000610351562,5.332967281341553,6.410449028015137
AT,AKC,urban,2023-02-22T17:00:00,24,21.659500122070312,6.298477649688721,8.208250045776367
AT,AKC,urban,2023-02-22T18:00:00,24,21.752500534057617,7.850824356079102,10.463000297546387
AT,AKC,urban,2023-02-22T19:00:00,24,21.72450065612793,9.579830169677734,15.246000289916992
AT,AKC,urban,2023-02-22T20:00:00,24,22.32349967956543,9.193979263305664,15.248499870300293
AT,AKC,urban,2023-02-22T21:00:00,24,22.587499618530273,9.671777725219727,16.260000228881836
AT,AKC,urban,2023-02-22T22:00:00,24,23.087499618530273,8.642723083496094,15.306500434875488
AT,AKC,urban,2023-02-22T23:00:00,24,24.554500579833984,8.503283500671387,15.609000205993652
AT,AKC,urban,2023-02-23T00:00:00,24,25.541000366210938,8.66601848602295,15.97599983215332
AT,AKC,urban,2023-02-23T01:00:00,24,25.879499435424805,9.137374877929688,17.114999771118164
AT,AKC,urban,2023-02-23T02:00:00,24,25.304500579833984,9.108285903930664,17.229999542236328
AT,AKC,urban,2023-02-23T03:00:00,24,25.476999282836914,8.740150451660156,17.27549934387207
AT,AKC,urban,2023-02-23T04:00:00,24,31.253002166748047,8.868979454040527,17.590999603271484
AT,AKC,urban,2023-02-23T05:00:00,24,31.227001190185547,7.578627109527588,16.531999588012695
AT,AKC,urban,2023-02-23T06:00:00,24,30.420501708984375,9.762602806091309,19.348499298095703
AT,AKC,urban,2023-02-23T07:00:00,24,28.195499420166016,9.928485870361328,20.36549949645996
AT,AKC,urban,2023-02-23T08:00:00,24,27.301502227783203,10.289592742919922,20.723499298095703
AT,AKC,urban,2023-02-23T09:00:00,24,19.86400032043457,9.659714698791504,20.06399917602539
AT,AKC,urban,2023-02-23T10:00:00,24,11.88700008392334,10.595622062683105,21.562000274658203
AT,AKC,urban,2023-02-23T11:00:00,24,14.39799976348877,11.077549934387207,23.648500442504883
AT,AKC,urban,2023-02-23T12:00:00,24,11.541000366210938,12.32678508758545,24.885499954223633
AT,AKC,urban,2023-02-23T13:00:00,24,7.701700210571289,12.02231216430664,24.410999298095703
AT,AKC,urban,2023-02-23T14:00:00,24,8.32925033569336,10.257645606994629,21.020000457763672
AT,AKC,urban,2023-02-23T15:00:00,24,9.518050193786621,9.584978103637695,18.89150047302246
AT,AKC,urban,2023-02-23T16:00:00,24,9.786999702453613,11.732328414916992,20.485000610351562
AT,AKC,urban,2023-02-23T17:00:00,24,11.077500343322754,13.345169067382812,21.659500122070312
AT,AKC,urban,2023-02-23T18:00:00,24,13.57699966430664,14.462505340576172,21.752500534057617
AT,AKC,urban,2023-02-23T19:00:00,24,14.897500038146973,15.35333251953125,21.72450065612793
AT,AKC,urban,2023-02-23T20:00:00,24,11.124950408935547,16.431486129760742,22.32349967956543
AT,AKC,urban,2023-02-23T21:00:00,24,8.0256986618042,17.08995246887207,22.587499618530273
AT,AKC,urban,2023-02-23T22:00:00,24,8.815950393676758,17.2606258392334,23.087499618530273
AT,AKC,urban,2023-02-23T23:00:00,24,6.932748794555664,17.658205032348633,24.554500579833984
AT,AKC,urban,2023-02-24T00:00:00,24,4.259949207305908,17.666975021362305,25.541000366210938
AT,AKC,urban,2023-02-24T01:00:00,24,3.1174488067626953,17.247079849243164,25.879499435424805
AT,AKC,urban,2023-02-24T02:00:00,24,2.5000505447387695,15.96426010131836,25.304500579833984
AT,AKC,urban,2023-02-24T03:00:00,24,1.6527996063232422,15.918098449707031,25.476999282836914
AT,AKC,urban,2023-02-24T04:00:00,24,1.2016992568969727,16.47977638244629,31.253002166748047
AT,AKC,urban,2023-02-24T05:00:00,24,1.1759986877441406,16.452653884887695,31.227001190185547
AT,AKC,urban,2023-02-24T06:00:00,24,1.2128992080688477,16.804677963256836,30.420501708984375
AT,AKC,urban,2023-02-24T07:00:00,24,1.3666000366210938,16.056371688842773,28.195499420166016
AT,AKC,urban,2023-02-24T08:00:00,24,2.1738500595092773,15.540823936462402,27.301502227783203
AT,AKC,urban,2023-02-24T09:00:00,24,2.9798994064331055,15.422773361206055,19.86400032043457
AT,AKC,urban,2023-02-24T10:00:00,24,3.291548728942871,14.90852165222168,11.88700008392334
AT,AKC,urban,2023-02-24T11:00:00,24,2.8152990341186523,14.679526329040527,14.39799976348877
AT,AKC,urban,2023-02-24T12:00:00,24,2.8993988037109375,11.285844802856445,11.541000366210938
AT,AKC,urban,2023-02-24T13:00:00,24,2.532750129699707,10.182697296142578,7.701700210571289
AT,AKC,urban,2023-02-24T14:00:00,24,2.607048988342285,11.06026840209961,8.32925033569336
AT,AKC,urban,2023-02-24T15:00:00,24,2.982150077819824,10.643096923828125,9.518050193786621
AT,AKC,urban,2023-02-24T16:00:00,24,2.001500129699707,10.809760093688965,9.786999702453613
AT,AKC,urban,2023-02-24T17:00:00,24,3.1197996139526367,12.283447265625,11.077500343322754
AT,AKC,urban,2023-02-24T18:00:00,24,1.7674503326416016,11.738504409790039,13.57699966430664
AT,AKC,urban,2023-02-24T19:00:00,24,2.134598731994629,13.548099517822266,14.897500038146973
AT,AKC,urban,2023-02-24T20:00:00,24,2.797299385070801,10.52702522277832,11.124950408935547
AT,AKC,urban,2023-02-24T21:00:00,24,3.3466997146606445,10.619648933410645,8.0256986618042
AT,AKC,urban,2023-02-24T22:00:00,24,3.9587488174438477,10.618646621704102,8.815950393676758
AT,AKC,urban,2023-02-24T23:00:00,24,3.9854989051818848,9.813837051391602,6.932748794555664
AT,AKC,urban,2023-02-25T00:00:00,24,4.239748954772949,7.145167827606201,4.259949207305908
AT,AKC,urban,2023-02-25T01:00:00,24,4.253349781036377,7.458367824554443,3.1174488067626953
AT,AKC,urban,2023-02-25T02:00:00,24,3.5556488037109375,5.95890998840332,2.5000505447387695
AT,AKC,urban,2023-02-25T03:00:00,24,3.587948799133301,6.328474521636963,1.6527996063232422
AT,AKC,urban,2023-02-25T04:00:00,24,4.29080057144165,4.724703311920166,1.2016992568969727
AT,AKC,urban,2023-02-25T05:00:00,24,5.283598899841309,6.121984958648682,1.1759986877441406
AT,AKC,urban,2023-02-25T06:00:00,24,5.777698993682861,4.983382225036621,1.2128992080688477
AT,AKC,urban,2023-02-25T07:00:00,24,5.82165002822876,6.264074802398682,1.3666000366210938
AT,AKC,urban,2023-02-25T08:00:00,24,4.866098880767822,5.590373992919922,2.1738500595092773
AT,AKC,urban,2023-02-25T09:00:00,24,3.4028491973876953,6.69324254989624,2.9798994064331055
AT,AKC,urban,2023-02-25T10:00:00,24,3.270648956298828,5.466193675994873,3.291548728942871
AT,AKC,urban,2023-02-25T11:00:00,24,3.421548843383789,5.6733856201171875,2.8152990341186523
AT,AKC,urban,2023-02-25T12:00:00,24,3.1518001556396484,4.875777721405029,2.8993988037109375
AT,AKC,urban,2023-02-25T13:00:00,24,3.344149589538574,4.863768577575684,2.532750129699707
AT,AKC,urban,2023-02-25T14:00:00,24,3.4924001693725586,4.345853328704834,2.607048988342285
AT,AKC,urban,2023-02-25T15:00:00,24,3.3256988525390625,4.773580074310303,2.982150077819824
AT,AKC,urban,2023-02-25T16:00:00,24,3.8124494552612305,3.7637882232666016,2.001500129699707
AT,AKC,urban,2023-02-25T17:00:00,24,4.637148857116699,4.969212055206299,3.1197996139526367
AT,AKC,urban,2023-02-25T18:00:00,24,5.825348854064941,3.9034390449523926,1.7674503326416016
AT,AKC,urban,2023-02-25T19:00:00,24,5.224499225616455,4.47804594039917,2.134598731994629
AT,AKC,urban,2023-02-25T20:00:00,24,5.060400009155273,4.690697193145752,2.797299385070801
AT,AKC,urban,2023-02-25T21:00:00,24,5.606348991394043,5.167081832885742,3.3466997146606445
AT,AKC,urban,2023-02-25T22:00:00,24,5.978499889373779,5.618951320648193,3.9587488174438477
AT,AKC,urban,2023-02-25T23:00:00,24,6.52094841003418,5.388827800750732,3.9854989051818848
AT,AKC,urban,2023-02-26T00:00:00,24,6.603448390960693,5.581613063812256,4.239748954772949
AT,AKC,urban,2023-02-26T01:00:00,24,5.6533989906311035,5.349978446960449,4.253349781036377
AT,AKC,urban,2023-02-26T02:00:00,24,5.272449016571045,4.927001476287842,3.5556488037109375
AT,AKC,urban,2023-02-26T03:00:00,24,5.309450149536133,4.800966262817383,3.587948799133301
AT,AKC,urban,2023-02-26T04:00:00,24,5.117599010467529,5.398446559906006,4.29080057144165
AT,AKC,urban,2023-02-26T05:00:00,24,5.130248546600342,5.806792259216309,5.283598899841309
AT,AKC,urban,2023-02-26T06:00:00,24,5.9620490074157715,6.3478617668151855,5.777698993682861
AT,AKC,urban,2023-02-26T07:00:00,24,6.3983001708984375,6.254149436950684,5.82165002822876
AT,AKC,urban,2023-02-26T08:00:00,24,5.85914945602417,6.003810882568359,4.866098880767822
AT,AKC,urban,2023-02-26T09:00:00,24,5.191100120544434,4.957759380340576,3.4028491973876953
AT,AKC,urban,2023-02-26T10:00:00,24,5.762700080871582,5.182551383972168,3.270648956298828
AT,AKC,urban,2023-02-26T11:00:00,24,6.039198875427246,4.944608211517334,3.421548843383789
AT,AKC,urban,2023-02-26T12:00:00,24,6.614349842071533,4.952707290649414,3.1518001556396484
AT,AKC,urban,2023-02-26T13:00:00,24,6.577300071716309,5.0228986740112305,3.344149589538574
AT,AKC,urban,2023-02-26T14:00:00,24,6.193099498748779,5.503141403198242,3.4924001693725586
AT,AKC,urban,2023-02-26T15:00:00,24,6.144800186157227,5.297652721405029,3.3256988525390625
AT,AKC,urban,2023-02-26T16:00:00,24,6.385299205780029,6.232172966003418,3.8124494552612305
AT,AKC,urban,2023-02-26T17:00:00,24,8.45265007019043,6.974032402038574,4.637148857116699
AT,AKC,urban,2023-02-26T18:00:00,24,11.048500061035156,8.482410430908203,5.825348854064941
AT,AKC,urban,2023-02-26T19:00:00,24,10.760499954223633,8.010372161865234,5.224499225616455
AT,AKC,urban,2023-02-26T20:00:00,24,10.538000106811523,8.272563934326172,5.060400009155273
AT,AKC,urban,2023-02-26T21:00:00,24,11.263500213623047,8.843677520751953,5.606348991394043
AT,AKC,urban,2023-02-26T22:00:00,24,12.534000396728516,9.31717300415039,5.978499889373779
AT,AKC,urban,2023-02-26T23:00:00,24,12.650500297546387,9.723978042602539,6.52094841003418
AT,AKC,urban,2023-02-27T00:00:00,24,13.214500427246094,9.819840431213379,6.603448390960693
AT,AKC,urban,2023-02-27T01:00:00,24,14.069000244140625,9.096258163452148,5.6533989906311035
AT,AKC,urban,2023-02-27T02:00:00,24,14.60949993133545,8.831010818481445,5.272449016571045
AT,AKC,urban,2023-02-27T03:00:00,24,15.182000160217285,9.107288360595703,5.309450149536133
AT,AKC,urban,2023-02-27T04:00:00,24,15.416500091552734,9.013346672058105,5.117599010467529
AT,AKC,urban,2023-02-27T05:00:00,24,16.840499877929688,9.54669189453125,5.130248546600342
AT,AKC,urban,2023-02-27T06:00:00,24,17.917999267578125,10.423652648925781,5.9620490074157715
AT,AKC,urban,2023-02-27T07:00:00,24,19.46299934387207,11.259623527526855,6.3983001708984375
AT,AKC,urban,2023-02-27T08:00:00,24,21.004499435424805,10.773096084594727,5.85914945602417
AT,AKC,urban,2023-02-27T09:00:00,24,19.451499938964844,10.741594314575195,5.191100120544434
AT,AKC,urban,2023-02-27T10:00:00,24,19.61949920654297,11.002968788146973,5.762700080871582
AT,AKC,urban,2023-02-27T11:00:00,24,19.613000869750977,11.277112007141113,6.039198875427246
AT,AKC,urban,2023-02-27T12:00:00,24,17.194499969482422,11.382511138916016,6.614349842071533
AT,AKC,urban,2023-02-27T13:00:00,24,15.664999961853027,11.233797073364258,6.577300071716309
AT,AKC,urban,2023-02-27T14:00:00,24,16.392000198364258,10.598363876342773,6.193099498748779
AT,AKC,urban,2023-02-27T15:00:00,24,17.354999542236328,10.641403198242188,6.144800186157227
AT,AKC,urban,2023-02-27T16:00:00,24,17.441499710083008,10.537738800048828,6.385299205780029
AT,AKC,urban,2023-02-27T17:00:00,24,20.161500930786133,12.216826438903809,8.45265007019043
AT,AKC,urban,2023-02-27T18:00:00,24,17.75550079345703,12.804129600524902,11.048500061035156
AT,AKC,urban,2023-02-27T19:00:00,24,19.433000564575195,12.823446273803711,10.760499954223633
AT,AKC,urban,2023-02-27T20:00:00,24,20.540000915527344,12.316792488098145,10.538000106811523
AT,AKC,urban,2023-02-27T21:00:00,24,23.04050064086914,12.841135025024414,11.263500213623047
AT,AKC,urban,2023-02-27T22:00:00,24,25.061500549316406,13.311469078063965,12.534000396728516
AT,AKC,urban,2023-02-27T23:00:00,24,26.062000274658203,13.303579330444336,12.650500297546387
AT,AKC,urban,2023-02-28T00:00:00,24,27.488000869750977,13.021892547607422,13.214500427246094
AT,AKC,urban,2023-02-28T01:00:00,24,28.599502563476562,13.677592277526855,14.069000244140625
AT,AKC,urban,2023-02-28T02:00:00,24,29.519001007080078,13.21159553527832,14.60949993133545
AT,AKC,urban,2023-02-28T03:00:00,24,30.41250228881836,13.508099555969238,15.182000160217285
AT,AKC,urban,2023-02-28T04:00:00,24,30.506999969482422,13.761347770690918,15.416500091552734
AT,AKC,urban,2023-02-28T05:00:00,24,30.56650161743164,15.441210746765137,16.840499877929688
AT,AKC,urban,2023-02-28T06:00:00,24,30.483501434326172,16.152006149291992,17.917999267578125
AT,AKC,urban,2023-02-28T07:00:00,24,31.43199920654297,17.942028045654297,19.46299934387207
AT,AKC,urban,2023-02-28T08:00:00,24,31.84400177001953,18.497236251831055,21.004499435424805
AT,AKC,urban,2023-02-28T09:00:00,24,30.0625,18.064592361450195,19.451499938964844
AT,AKC,urban,2023-02-28T10:00:00,24,24.28700065612793,18.893707275390625,19.61949920654297
AT,AKC,urban,2023-02-28T11:00:00,24,24.416500091552734,19.161029815673828,19.613000869750977
AT,AKC,urban,2023-02-28T12:00:00,24,22.417499542236328,17.80057716369629,17.194499969482422
AT,AKC,urban,2023-02-28T13:00:00,24,22.01300048828125,16.832406997680664,15.664999961853027
AT,AKC,urban,2023-02-28T14:00:00,24,23.269500732421875,17.435882568359375,16.392000198364258
AT,AKC,urban,2023-02-28T15:00:00,24,22.99650001525879,18.32710838317871,17.354999542236328
AT,AKC,urban,2023-02-28T16:00:00,24,22.069499969482422,18.455575942993164,17.441499710083008
AT,AKC,urban,2023-02-28T17:00:00,24,24.020999908447266,20.232973098754883,20.161500930786133
AT,AKC,urban,2023-02-28T18:00:00,24,26.863000869750977,19.424148559570312,17.75550079345703
AT,AKC,urban,2023-02-28T19:00:00,24,28.819499969482422,21.3872127532959,19.433000564575195
AT,AKC,urban,2023-02-28T20:00:00,24,27.264999389648438,22.062602996826172,20.540000915527344
AT,AKC,urban,2023-02-28T21:00:00,24,29.79800033569336,23.36032485961914,23.04050064086914
AT,AKC,urban,2023-02-28T22:00:00,24,33.582000732421875,22.548328399658203,25.061500549316406
AT,AKC,urban,2023-02-28T23:00:00,24,37.0724983215332,22.653154373168945,26.062000274658203
AT,AKC,urban,2023-03-01T00:00:00,24,38.919498443603516,22.75597381591797,27.488000869750977
AT,AKC,urban,2023-03-01T01:00:00,24,40.858001708984375,23.15315055847168,28.599502563476562
AT,AKC,urban,2023-03-01T02:00:00,24,39.37799835205078,24.07984161376953,29.519001007080078
AT,AKC,urban,2023-03-01T03:00:00,24,38.27750015258789,25.07634735107422,30.41250228881836
AT,AKC,urban,2023-03-01T04:00:00,24,38.417999267578125,25.318038940429688,30.506999969482422
AT,AKC,urban,2023-03-01T05:00:00,24,38.462501525878906,26.534751892089844,30.56650161743164
AT,AKC,urban,2023-03-01T06:00:00,24,39.554996490478516,27.28671646118164,30.483501434326172
AT,AKC,urban,2023-03-01T07:00:00,24,38.372501373291016,28.979145050048828,31.43199920654297
AT,AKC,urban,2023-03-01T08:00:00,24,40.270999908447266,29.769119262695312,31.84400177001953
AT,AKC,urban,2023-03-01T09:00:00,24,40.63999938964844,28.905025482177734,30.0625
AT,AKC,urban,2023-03-01T10:00:00,24,38.83300018310547,26.020490646362305,24.28700065612793
AT,AKC,urban,2023-03-01T11:00:00,24,34.77799987792969,26.35564422607422,24.416500091552734
AT,AKC,urban,2023-03-01T12:00:00,24,25.80699920654297,24.393449783325195,22.417499542236328
AT,AKC,urban,2023-03-01T13:00:00,24,23.521499633789062,24.482894897460938,22.01300048828125
AT,AKC,urban,2023-03-01T14:00:00,24,23.1299991607666,25.286041259765625,23.269500732421875
AT,AKC,urban,2023-03-01T15:00:00,24,21.868499755859375,25.271608352661133,22.99650001525879
AT,AKC,urban,2023-03-01T16:00:00,24,20.47599983215332,24.527753829956055,22.069499969482422
AT,AKC,urban,2023-03-01T17:00:00,24,21.0674991607666,26.44043731689453,24.020999908447266
AT,AKC,urban,2023-03-01T18:00:00,24,20.555999755859375,27.87839126586914,26.863000869750977
AT,AKC,urban,2023-03-01T19:00:00,24,27.368999481201172,30.133872985839844,28.819499969482422
AT,AKC,urban,2023-03-01T20:00:00,24,23.75950050354004,29.170944213867188,27.264999389648438
AT,AKC,urban,2023-03-01T21:00:00,24,26.769500732421875,32.08893966674805,29.79800033569336
AT,AKC,urban,2023-03-01T22:00:00,24,22.535499572753906,33.091712951660156,33.582000732421875
AT,AKC,urban,2023-03-01T23:00:00,24,21.966999053955078,32.95061111450195,37.0724983215332
AT,AKC,urban,2023-03-02T00:00:00,24,20.719999313354492,33.381160736083984,38.919498443603516
AT,AKC,urban,2023-03-02T01:00:00,24,20.076499938964844,34.62114715576172,40.858001708984375
AT,AKC,urban,2023-03-02T02:00:00,24,22.792999267578125,33.178855895996094,39.37799835205078
AT,AKC,urban,2023-03-02T03:00:00,24,27.14550018310547,33.925262451171875,38.27750015258789
AT,AKC,urban,2023-03-02T04:00:00,24,32.10749816894531,33.867183685302734,38.417999267578125
AT,AKC,urban,2023-03-02T05:00:00,24,32.317501068115234,35.57600402832031,38.462501525878906
AT,AKC,urban,2023-03-02T06:00:00,24,35.997501373291016,35.86923599243164,39.554996490478516
AT,AKC,urban,2023-03-02T07:00:00,24,41.930999755859375,35.76142120361328,38.372501373291016
AT,AKC,urban,2023-03-02T08:00:00,24,37.486000061035156,36.013973236083984,40.270999908447266
AT,AKC,urban,2023-03-02T09:00:00,24,36.176998138427734,36.07002258300781,40.63999938964844
AT,AKC,urban,2023-03-02T10:00:00,24,33.8385009765625,33.85477828979492,38.83300018310547
AT,AKC,urban,2023-03-02T11:00:00,24,29.032001495361328,30.718021392822266,34.77799987792969
AT,AKC,urban,2023-03-02T12:00:00,24,28.528499603271484,27.975196838378906,25.80699920654297
AT,AKC,urban,2023-03-02T13:00:00,24,27.756000518798828,27.00406265258789,23.521499633789062
AT,AKC,urban,2023-03-02T14:00:00,24,24.480499267578125,26.51546287536621,23.1299991607666
AT,AKC,urban,2023-03-02T15:00:00,24,18.87299919128418,25.15342140197754,21.868499755859375
AT,AKC,urban,2023-03-02T16:00:00,24,21.160999298095703,24.596405029296875,20.47599983215332
AT,AKC,urban,2023-03-02T17:00:00,24,21.770999908447266,24.82097816467285,21.0674991607666
AT,AKC,urban,2023-03-02T18:00:00,24,21.56999969482422,25.031579971313477,20.555999755859375
AT,AKC,urban,2023-03-02T19:00:00,24,26.80500030517578,27.855300903320312,27.368999481201172
AT,AKC,urban,2023-03-02T20:00:00,24,26.211000442504883,27.00353240966797,23.75950050354004
AT,AKC,urban,2023-03-02T21:00:00,24,25.604999542236328,29.90182113647461,26.769500732421875
AT,AKC,urban,2023-03-02T22:00:00,24,24.83449935913086,26.813385009765625,22.535499572753906
AT,AKC,urban,2023-03-02T23:00:00,24,26.6875,27.079322814941406,21.966999053955078
AT,AKC,urban,2023-03-03T00:00:00,24,26.11549949645996,26.18549346923828,20.719999313354492
AT,AKC,urban,2023-03-03T01:00:00,24,19.892499923706055,26.065589904785156,20.076499938964844
AT,AKC,urban,2023-03-03T02:00:00,24,17.204500198364258,27.097209930419922,22.792999267578125
AT,AKC,urban,2023-03-03T03:00:00,24,23.849000930786133,28.497066497802734,27.14550018310547
AT,AKC,urban,2023-03-03T04:00:00,24,37.45750045776367,29.41918182373047,32.10749816894531
AT,AKC,urban,2023-03-03T05:00:00,24,35.39149856567383,29.379180908203125,32.317501068115234
AT,AKC,urban,2023-03-03T06:00:00,24,35.205501556396484,32.46337127685547,35.997501373291016
AT,AKC,urban,2023-03-03T07:00:00,24,35.81050109863281,35.09809112548828,41.930999755859375
AT,AKC,urban,2023-03-03T08:00:00,24,34.94749450683594,31.84671401977539,37.486000061035156
AT,AKC,urban,2023-03-03T09:00:00,24,22.586999893188477,31.925201416015625,36.176998138427734
AT,AKC,urban,2023-03-03T10:00:00,24,15.549500465393066,28.575313568115234,33.8385009765625
AT,AKC,urban,2023-03-03T11:00:00,24,15.475000381469727,26.929019927978516,29.032001495361328
AT,AKC,urban,2023-03-03T12:00:00,24,14.215999603271484,23.56502914428711,28.528499603271484
AT,AKC,urban,2023-03-03T13:00:00,24,16.27750015258789,23.586158752441406,27.756000518798828
AT,AKC,urban,2023-03-03T14:00:00,24,17.030000686645508,19.44371795654297,24.480499267578125
AT,AKC,urban,2023-03-03T15:00:00,24,19.886499404907227,18.80536651611328,18.87299919128418
AT,AKC,urban,2023-03-03T16:00:00,24,19.40850067138672,17.080646514892578,21.160999298095703
AT,AKC,urban,2023-03-03T17:00:00,24,18.16349983215332,19.260509490966797,21.770999908447266
AT,AKC,urban,2023-03-03T18:00:00,24,14.745499610900879,19.972183227539062,21.56999969482422
AT,AKC,urban,2023-03-03T19:00:00,24,13.913999557495117,21.704389572143555,26.80500030517578
AT,AKC,urban,2023-03-03T20:00:00,24,12.067999839782715,23.072765350341797,26.211000442504883
AT,AKC,urban,2023-03-03T21:00:00,24,13.36400032043457,22.69150161743164,25.604999542236328
AT,AKC,urban,2023-03-03T22:00:00,24,15.091500282287598,24.445377349853516,24.83449935913086
AT,AKC,urban,2023-03-03T23:00:00,24,16.118999481201172,24.419374465942383,26.6875
AT,AKC,urban,2023-03-04T00:00:00,24,16.236000061035156,24.816356658935547,26.11549949645996
AT,AKC,urban,2023-03-04T01:00:00,24,15.161499977111816,20.203697204589844,19.892499923706055
AT,AKC,urban,2023-03-04T02:00:00,24,15.120499610900879,20.218589782714844,17.204500198364258
AT,AKC,urban,2023-03-04T03:00:00,24,15.196000099182129,21.28471565246582,23.849000930786133
AT,AKC,urban,2023-03-04T04:00:00,24,14.954500198364258,21.21453857421875,37.45750045776367
AT,AKC,urban,2023-03-04T05:00:00,24,15.053500175476074,20.424331665039062,35.39149856567383
AT,AKC,urban,2023-03-04T06:00:00,24,14.232000350952148,24.296022415161133,35.205501556396484
AT,AKC,urban,2023-03-04T07:00:00,24,16.136499404907227,25.559410095214844,35.81050109863281
AT,AKC,urban,2023-03-04T08:00:00,24,16.489500045776367,25.042287826538086,34.94749450683594
AT,AKC,urban,2023-03-04T09:00:00,24,16.670000076293945,18.159414291381836,22.586999893188477
AT,AKC,urban,2023-03-04T10:00:00,24,15.691499710083008,14.96524715423584,15.549500465393066
AT,AKC,urban,2023-03-04T11:00:00,24,15.805999755859375,14.087864875793457,15.475000381469727
AT,AKC,urban,2023-03-04T12:00:00,24,14.967000007629395,11.556988716125488,14.215999603271484
AT,AKC,urban,2023-03-04T13:00:00,24,7.206549644470215,11.319446563720703,16.27750015258789
AT,AKC,urban,2023-03-04T14:00:00,24,6.267798900604248,10.487873077392578,17.030000686645508
AT,AKC,urban,2023-03-04T15:00:00,24,6.499598979949951,12.366196632385254,19.886499404907227
AT,AKC,urban,2023-03-04T16:00:00,24,6.649899482727051,11.524703025817871,19.40850067138672
AT,AKC,urban,2023-03-04T17:00:00,24,6.5413498878479,11.91154670715332,18.16349983215332
AT,AKC,urban,2023-03-04T18:00:00,24,6.602999210357666,10.547609329223633,14.745499610900879
AT,AKC,urban,2023-03-04T19:00:00,24,7.215848445892334,12.512852668762207,13.913999557495117
AT,AKC,urban,2023-03-04T20:00:00,24,7.3927998542785645,11.895462989807129,12.067999839782715
AT,AKC,urban,2023-03-04T21:00:00,24,7.830149173736572,12.648374557495117,13.36400032043457
AT,AKC,urban,2023-03-04T22:00:00,24,9.726948738098145,12.281200408935547,15.091500282287598
AT,AKC,urban,2023-03-04T23:00:00,24,11.131999969482422,12.12989330291748,16.118999481201172
AT,AKC,urban,2023-03-05T00:00:00,24,8.545598030090332,11.979899406433105,16.236000061035156
AT,AKC,urban,2023-03-05T01:00:00,24,6.465048789978027,11.298501014709473,15.161499977111816
AT,AKC,urban,2023-03-05T02:00:00,24,5.277198791503906,12.25257396697998,15.120499610900879
AT,AKC,urban,2023-03-05T03:00:00,24,5.02834939956665,12.423338890075684,15.196000099182129
AT,AKC,urban,2023-03-05T04:00:00,24,5.31804895401001,13.184491157531738,14.954500198364258
AT,AKC,urban,2023-03-05T05:00:00,24,7.400699138641357,12.601982116699219,15.053500175476074
AT,AKC,urban,2023-03-05T06:00:00,24,9.934800148010254,12.650146484375,14.232000350952148
AT,AKC,urban,2023-03-05T07:00:00,24,13.182000160217285,12.73059368133545,16.136499404907227
AT,AKC,urban,2023-03-05T08:00:00,24,14.067500114440918,13.146390914916992,16.489500045776367
AT,AKC,urban,2023-03-05T09:00:00,24,14.194999694824219,12.141779899597168,16.670000076293945
AT,AKC,urban,2023-03-05T10:00:00,24,14.47700023651123,11.48135757446289,15.691499710083008
AT,AKC,urban,2023-03-05T11:00:00,24,14.152999877929688,10.924651145935059,15.805999755859375
AT,AKC,urban,2023-03-05T12:00:00,24,15.156000137329102,10.45365047454834,14.967000007629395
AT,AKC,urban,2023-03-05T13:00:00,24,14.275500297546387,7.738339424133301,7.206549644470215
AT,AKC,urban,2023-03-05T14:00:00,24,14.358499526977539,8.891520500183105,6.267798900604248
AT,AKC,urban,2023-03-05T15:00:00,24,12.908499717712402,8.133365631103516,6.499598979949951
AT,AKC,urban,2023-03-05T16:00:00,24,13.388999938964844,8.882303237915039,6.649899482727051
AT,AKC,urban,2023-03-05T17:00:00,24,14.83650016784668,8.313577651977539,6.5413498878479
AT,AKC,urban,2023-03-05T18:00:00,24,15.991000175476074,9.063613891601562,6.602999210357666
AT,AKC,urban,2023-03-05T19:00:00,24,16.083999633789062,8.827291488647461,7.215848445892334
AT,AKC,urban,2023-03-05T20:00:00,24,14.842000007629395,9.673686981201172,7.3927998542785645
AT,AKC,urban,2023-03-05T21:00:00,24,14.007499694824219,9.39332103729248,7.830149173736572
AT,AKC,urban,2023-03-05T22:00:00,24,14.954999923706055,10.325796127319336,9.726948738098145
AT,AKC,urban,2023-03-05T23:00:00,24,15.254500389099121,9.872970581054688,11.131999969482422
AT,AKC,urban,2023-03-06T00:00:00,24,16.339000701904297,8.334911346435547,8.545598030090332
AT,AKC,urban,2023-03-06T01:00:00,24,17.21500015258789,7.760379314422607,6.465048789978027
AT,AKC,urban,2023-03-06T02:00:00,24,17.18199920654297,7.284465789794922,5.277198791503906
AT,AKC,urban,2023-03-06T03:00:00,24,16.33799934387207,7.313423156738281,5.02834939956665
AT,AKC,urban,2023-03-06T04:00:00,24,16.853500366210938,7.299830913543701,5.31804895401001
AT,AKC,urban,2023-03-06T05:00:00,24,15.593000411987305,8.018888473510742,7.400699138641357
AT,AKC,urban,2023-03-06T06:00:00,24,16.11400032043457,8.39258098602295,9.934800148010254
AT,AKC,urban,2023-03-06T07:00:00,24,16.409500122070312,9.404535293579102,13.182000160217285
AT,AKC,urban,2023-03-06T08:00:00,24,19.033000946044922,9.72518253326416,14.067500114440918
AT,AKC,urban,2023-03-06T09:00:00,24,17.06599998474121,9.685391426086426,14.194999694824219
AT,AKC,urban,2023-03-06T10:00:00,24,14.557999610900879,9.246052742004395,14.47700023651123
AT,AKC,urban,2023-03-06T11:00:00,24,16.000499725341797,9.268181800842285,14.152999877929688
AT,AKC,urban,2023-03-06T12:00:00,24,14.498499870300293,9.119187355041504,15.156000137329102
AT,AKC,urban,2023-03-06T13:00:00,24,12.411499977111816,8.35828685760498,14.275500297546387
AT,AKC,urban,2023-03-06T14:00:00,24,10.371749877929688,8.643316268920898,14.358499526977539
AT,AKC,urban,2023-03-06T15:00:00,24,9.979998588562012,7.215836524963379,12.908499717712402
AT,AKC,urban,2023-03-06T16:00:00,24,12.30049991607666,7.750110149383545,13.388999938964844
AT,AKC,urban,2023-03-06T17:00:00,24,15.749500274658203,8.340316772460938,14.83650016784668
AT,AKC,urban,2023-03-06T18:00:00,24,17.410999298095703,8.9857759475708,15.991000175476074
AT,AKC,urban,2023-03-06T19:00:00,24,18.229999542236328,8.909640312194824,16.083999633789062
AT,AKC,urban,2023-03-06T20:00:00,24,20.29800033569336,8.625483512878418,14.842000007629395
AT,AKC,urban,2023-03-06T21:00:00,24,23.75200080871582,8.500199317932129,14.007499694824219
AT,AKC,urban,2023-03-06T22:00:00,24,24.724498748779297,9.036391258239746,14.954999923706055
AT,AKC,urban,2023-03-06T23:00:00,24,18.267000198364258,8.063003540039062,15.254500389099121
AT,AKC,urban,2023-03-07T00:00:00,24,16.387500762939453,7.8848161697387695,16.339000701904297
AT,AKC,urban,2023-03-07T01:00:00,24,11.933500289916992,7.604978084564209,17.21500015258789
AT,AKC,urban,2023-03-07T02:00:00,24,11.779999732971191,7.4522833824157715,17.18199920654297
AT,AKC,urban,2023-03-07T03:00:00,24,12.642000198364258,7.182665824890137,16.33799934387207
AT,AKC,urban,2023-03-07T04:00:00,24,12.031499862670898,8.136420249938965,16.853500366210938
AT,AKC,urban,2023-03-07T05:00:00,24,13.130499839782715,8.005494117736816,15.593000411987305
AT,AKC,urban,2023-03-07T06:00:00,24,13.69950008392334,9.320931434631348,16.11400032043457
AT,AKC,urban,2023-03-07T07:00:00,24,11.947999954223633,10.110340118408203,16.409500122070312
AT,AKC,urban,2023-03-07T08:00:00,24,8.95849895477295,12.056446075439453,19.033000946044922
AT,AKC,urban,2023-03-07T09:00:00,24,8.930048942565918,10.408160209655762,17.06599998474121
AT,AKC,urban,2023-03-07T10:00:00,24,10.779999732971191,10.203286170959473,14.557999610900879
AT,AKC,urban,2023-03-07T11:00:00,24,16.831499099731445,9.476034164428711,16.000499725341797
AT,AKC,urban,2023-03-07T12:00:00,24,17.632999420166016,8.493622779846191,14.498499870300293
AT,AKC,urban,2023-03-07T13:00:00,24,18.5575008392334,8.126093864440918,12.411499977111816
AT,AKC,urban,2023-03-07T14:00:00,24,17.181499481201172,7.015295505523682,10.371749877929688
AT,AKC,urban,2023-03-07T15:00:00,24,17.590499877929688,7.239467620849609,9.979998588562012
AT,AKC,urban,2023-03-07T16:00:00,24,19.136499404907227,7.356428146362305,12.30049991607666
AT,AKC,urban,2023-03-07T17:00:00,24,20.804000854492188,7.908019065856934,15.749500274658203
AT,AKC,urban,2023-03-07T18:00:00,24,24.520999908447266,7.8688201904296875,17.410999298095703
AT,AKC,urban,2023-03-07T19:00:00,24,22.545499801635742,8.045740127563477,18.229999542236328
AT,AKC,urban,2023-03-07T20:00:00,24,19.38599967956543,8.931600570678711,20.29800033569336
AT,AKC,urban,2023-03-07T21:00:00,24,20.996000289916992,10.504429817199707,23.75200080871582
AT,AKC,urban,2023-03-07T22:00:00,24,19.690000534057617,10.703651428222656,24.724498748779297
AT,AKC,urban,2023-03-07T23:00:00,24,14.26550006866455,7.45529317855835,18.267000198364258
AT,AKC,urban,2023-03-08T00:00:00,24,6.968998908996582,5.168392658233643,16.387500762939453
AT,AKC,urban,2023-03-08T01:00:00,24,8.187700271606445,4.04622220993042,11.933500289916992
AT,AKC,urban,2023-03-08T02:00:00,24,8.631750106811523,6.008355140686035,11.779999732971191
AT,AKC,urban,2023-03-08T03:00:00,24,8.797249794006348,6.544846534729004,12.642000198364258
AT,AKC,urban,2023-03-08T04:00:00,24,9.955849647521973,7.095457553863525,12.031499862670898
AT,AKC,urban,2023-03-08T05:00:00,24,10.109999656677246,8.765361785888672,13.130499839782715
AT,AKC,urban,2023-03-08T06:00:00,24,4.434450149536133,9.236592292785645,13.69950008392334
AT,AKC,urban,2023-03-08T07:00:00,24,3.8366003036499023,9.160950660705566,11.947999954223633
AT,AKC,urban,2023-03-08T08:00:00,24,8.369898796081543,8.86325740814209,8.95849895477295
AT,AKC,urban,2023-03-08T09:00:00,24,11.285200119018555,9.008328437805176,8.930048942565918
AT,AKC,urban,2023-03-08T10:00:00,24,7.919898986816406,9.952190399169922,10.779999732971191
AT,AKC,urban,2023-03-08T11:00:00,24,4.165499687194824,8.314099311828613,16.831499099731445
AT,AKC,urban,2023-03-08T12:00:00,24,3.346050262451172,8.67109203338623,17.632999420166016
AT,AKC,urban,2023-03-08T13:00:00,24,3.039400100708008,9.806421279907227,18.5575008392334
AT,AKC,urban,2023-03-08T14:00:00,24,2.560349464416504,9.137078285217285,17.181499481201172
AT,AKC,urban,2023-03-08T15:00:00,24,2.4349489212036133,9.859660148620605,17.590499877929688
AT,AKC,urban,2023-03-08T16:00:00,24,2.1387996673583984,11.386799812316895,19.136499404907227
AT,AKC,urban,2023-03-08T17:00:00,24,2.807650566101074,13.161664009094238,20.804000854492188
AT,AKC,urban,2023-03-08T18:00:00,24,5.629448890686035,15.596694946289062,24.520999908447266
AT,AKC,urban,2023-03-08T19:00:00,24,8.887350082397461,14.190074920654297,22.545499801635742
AT,AKC,urban,2023-03-08T20:00:00,24,11.545999526977539,14.89815902709961,19.38599967956543
AT,AKC,urban,2023-03-08T21:00:00,24,11.878499984741211,15.151548385620117,20.996000289916992
AT,AKC,urban,2023-03-08T22:00:00,24,9.735198974609375,15.213509559631348,19.690000534057617
AT,AKC,urban,2023-03-08T23:00:00,24,6.614999294281006,13.437341690063477,14.26550006866455
AT,AKC,urban,2023-03-09T00:00:00,24,7.9133501052856445,11.411599159240723,6.968998908996582
AT,AKC,urban,2023-03-09T01:00:00,24,6.977299213409424,12.139747619628906,8.187700271606445
AT,AKC,urban,2023-03-09T02:00:00,24,6.316598892211914,12.241793632507324,8.631750106811523
AT,AKC,urban,2023-03-09T03:00:00,24,6.3632493019104,11.866888046264648,8.797249794006348
AT,AKC,urban,2023-03-09T04:00:00,24,6.306250095367432,13.69572639465332,9.955849647521973
AT,AKC,urban,2023-03-09T05:00:00,24,8.321949005126953,13.07200813293457,10.109999656677246
AT,AKC,urban,2023-03-09T06:00:00,24,10.418000221252441,10.870579719543457,4.434450149536133
AT,AKC,urban,2023-03-09T07:00:00,24,9.866250038146973,10.508549690246582,3.8366003036499023
AT,AKC,urban,2023-03-09T08:00:00,24,12.491000175476074,13.760666847229004,8.369898796081543
AT,AKC,urban,2023-03-09T09:00:00,24,14.552499771118164,14.065544128417969,11.285200119018555
AT,AKC,urban,2023-03-09T10:00:00,24,14.537500381469727,12.760961532592773,7.919898986816406
AT,AKC,urban,2023-03-09T11:00:00,24,6.37354850769043,11.310892105102539,4.165499687194824
AT,AKC,urban,2023-03-09T12:00:00,24,4.4232988357543945,10.98499584197998,3.346050262451172
AT,AKC,urban,2023-03-09T13:00:00,24,4.384850025177002,11.479604721069336,3.039400100708008
AT,AKC,urban,2023-03-09T14:00:00,24,3.9984493255615234,10.699857711791992,2.560349464416504
AT,AKC,urban,2023-03-09T15:00:00,24,3.4093990325927734,11.113056182861328,2.4349489212036133
AT,AKC,urban,2023-03-09T16:00:00,24,3.0011987686157227,10.47383975982666,2.1387996673583984
AT,AKC,urban,2023-03-09T17:00:00,24,3.786799430847168,11.438305854797363,2.807650566101074
AT,AKC,urban,2023-03-09T18:00:00,24,2.9298505783081055,13.31758975982666,5.629448890686035
AT,AKC,urban,2023-03-09T19:00:00,24,2.8265504837036133,15.401884078979492,8.887350082397461
AT,AKC,urban,2023-03-09T20:00:00,24,1.738800048828125,17.309669494628906,11.545999526977539
AT,AKC,urban,2023-03-09T21:00:00,24,1.5333490371704102,17.35980224609375,11.878499984741211
AT,AKC,urban,2023-03-09T22:00:00,24,1.8663997650146484,14.878700256347656,9.735198974609375
AT,AKC,urban,2023-03-09T23:00:00,24,2.076798439025879,12.883784294128418,6.614999294281006
AT,AKC,urban,2023-03-10T00:00:00,24,2.193598747253418,10.179452896118164,7.9133501052856445
AT,AKC,urban,2023-03-10T01:00:00,24,2.0565996170043945,8.49747085571289,6.977299213409424
AT,AKC,urban,2023-03-10T02:00:00,24,2.0847997665405273,8.302745819091797,6.316598892211914
AT,AKC,urban,2023-03-10T03:00:00,24,2.3660993576049805,7.916406631469727,6.3632493019104
AT,AKC,urban,2023-03-10T04:00:00,24,1.9931488037109375,7.5421342849731445,6.306250095367432
AT,AKC,urban,2023-03-10T05:00:00,24,1.7771492004394531,7.045844554901123,8.321949005126953
AT,AKC,urban,2023-03-10T06:00:00,24,2.204899787902832,6.620969295501709,10.418000221252441
AT,AKC,urban,2023-03-10T07:00:00,24,2.4127988815307617,6.22490930557251,9.866250038146973
AT,AKC,urban,2023-03-10T08:00:00,24,2.1117000579833984,7.0265984535217285,12.491000175476074
AT,AKC,urban,2023-03-10T09:00:00,24,1.9799003601074219,5.973669528961182,14.552499771118164
AT,AKC,urban,2023-03-10T10:00:00,24,1.711099624633789,5.939358234405518,14.537500381469727
AT,AKC,urban,2023-03-10T11:00:00,24,2.0043487548828125,3.5765199661254883,6.37354850769043
AT,AKC,urban,2023-03-10T12:00:00,24,1.8321495056152344,4.599528789520264,4.4232988357543945
AT,AKC,urban,2023-03-10T13:00:00,24,2.007899284362793,3.889650344848633,4.384850025177002
AT,AKC,urban,2023-03-10T14:00:00,24,2.0858993530273438,3.329700469970703,3.9984493255615234
AT,AKC,urban,2023-03-10T15:00:00,24,1.8968486785888672,2.8873157501220703,3.4093990325927734
AT,AKC,urban,2023-03-10T16:00:00,24,1.9031486511230469,2.607354164123535,3.0011987686157227
AT,AKC,urban,2023-03-10T17:00:00,24,2.200150489807129,3.434739112854004,3.786799430847168
AT,AKC,urban,2023-03-10T18:00:00,24,2.588250160217285,3.0935420989990234,2.9298505783081055
AT,AKC,urban,2023-03-10T19:00:00,24,2.7122488021850586,3.745072364807129,2.8265504837036133
AT,AKC,urban,2023-03-10T20:00:00,24,2.9964494705200195,3.2779903411865234,1.738800048828125
AT,AKC,urban,2023-03-10T21:00:00,24,3.6356000900268555,3.6697473526000977,1.5333490371704102
AT,AKC,urban,2023-03-10T22:00:00,24,4.212800025939941,3.4731616973876953,1.8663997650146484
AT,AKC,urban,2023-03-10T23:00:00,24,4.513050079345703,3.6056060791015625,2.076798439025879
AT,AKC,urban,2023-03-11T00:00:00,24,4.433349132537842,3.2745704650878906,2.193598747253418
AT,AKC,urban,2023-03-11T01:00:00,24,4.340548992156982,3.154576301574707,2.0565996170043945
AT,AKC,urban,2023-03-11T02:00:00,24,4.563549041748047,2.953737258911133,2.0847997665405273
AT,AKC,urban,2023-03-11T03:00:00,24,4.858799457550049,3.4192047119140625,2.3660993576049805
AT,AKC,urban,2023-03-11T04:00:00,24,5.070650100708008,3.1632823944091797,1.9931488037109375
AT,AKC,urban,2023-03-11T05:00:00,24,4.931250095367432,3.2204465866088867,1.7771492004394531
AT,AKC,urban,2023-03-11T06:00:00,24,4.788300037384033,3.416748046875,2.204899787902832
AT,AKC,urban,2023-03-11T07:00:00,24,3.589900016784668,3.6647424697875977,2.4127988815307617
AT,AKC,urban,2023-03-11T08:00:00,24,3.322598457336426,3.2554025650024414,2.1117000579833984
AT,AKC,urban,2023-03-11T09:00:00,24,3.744500160217285,3.0477867126464844,1.9799003601074219
AT,AKC,urban,2023-03-11T10:00:00,24,4.842899799346924,2.478921890258789,1.711099624633789
AT,AKC,urban,2023-03-11T11:00:00,24,6.496448993682861,2.6060972213745117,2.0043487548828125
AT,AKC,urban,2023-03-11T12:00:00,24,6.843949794769287,2.016167640686035,1.8321495056152344
AT,AKC,urban,2023-03-11T13:00:00,24,6.285600185394287,2.5341968536376953,2.007899284362793
AT,AKC,urban,2023-03-11T14:00:00,24,6.623048782348633,2.7209177017211914,2.0858993530273438
AT,AKC,urban,2023-03-11T15:00:00,24,8.042900085449219,3.0348711013793945,1.8968486785888672
AT,AKC,urban,2023-03-11T16:00:00,24,7.979098796844482,3.2450904846191406,1.9031486511230469
AT,AKC,urban,2023-03-11T17:00:00,24,9.39164924621582,3.67191219329834,2.200150489807129
AT,AKC,urban,2023-03-11T18:00:00,24,10.168999671936035,4.191412925720215,2.588250160217285
AT,AKC,urban,2023-03-11T19:00:00,24,8.219550132751465,4.409242153167725,2.7122488021850586
AT,AKC,urban,2023-03-11T20:00:00,24,8.03079891204834,4.799485683441162,2.9964494705200195
AT,AKC,urban,2023-03-11T21:00:00,24,5.046298980712891,5.3821306228637695,3.6356000900268555
AT,AKC,urban,2023-03-11T22:00:00,24,5.436248779296875,6.0399675369262695,4.212800025939941
AT,AKC,urban,2023-03-11T23:00:00,24,5.039750099182129,6.263760566711426,4.513050079345703
AT,AKC,urban,2023-03-12T00:00:00,24,7.172049045562744,6.477058410644531,4.433349132537842
AT,AKC,urban,2023-03-12T01:00:00,24,5.877799034118652,6.590299129486084,4.340548992156982
AT,AKC,urban,2023-03-12T02:00:00,24,7.169650077819824,6.993319511413574,4.563549041748047
AT,AKC,urban,2023-03-12T03:00:00,24,7.923150062561035,7.249293327331543,4.858799457550049
AT,AKC,urban,2023-03-12T04:00:00,24,7.730249881744385,7.601714611053467,5.070650100708008
AT,AKC,urban,2023-03-12T05:00:00,24,6.651350021362305,7.486871719360352,4.931250095367432
AT,AKC,urban,2023-03-12T06:00:00,24,8.415650367736816,7.588372707366943,4.788300037384033
AT,AKC,urban,2023-03-12T07:00:00,24,9.906599044799805,6.906363487243652,3.589900016784668
AT,AKC,urban,2023-03-12T08:00:00,24,6.900149822235107,6.808283805847168,3.322598457336426
AT,AKC,urban,2023-03-12T09:00:00,24,8.838448524475098,6.727128505706787,3.744500160217285
AT,AKC,urban,2023-03-12T10:00:00,24,11.039999961853027,6.993680953979492,4.842899799346924
AT,AKC,urban,2023-03-12T11:00:00,24,11.409500122070312,7.091586112976074,6.496448993682861
AT,AKC,urban,2023-03-12T12:00:00,24,8.154998779296875,6.434111595153809,6.843949794769287
AT,AKC,urban,2023-03-12T13:00:00,24,7.762898921966553,5.670737266540527,6.285600185394287
AT,AKC,urban,2023-03-12T14:00:00,24,7.07105016708374,5.808018684387207,6.623048782348633
AT,AKC,urban,2023-03-12T15:00:00,24,8.962048530578613,6.323301315307617,8.042900085449219
AT,AKC,urban,2023-03-12T16:00:00,24,9.268600463867188,6.450682640075684,7.979098796844482
AT,AKC,urban,2023-03-12T17:00:00,24,9.131050109863281,7.702267646789551,9.39164924621582
AT,AKC,urban,2023-03-12T18:00:00,24,9.15250015258789,7.839602947235107,10.168999671936035
AT,AKC,urban,2023-03-12T19:00:00,24,9.90304946899414,7.882457256317139,8.219550132751465
AT,AKC,urban,2023-03-12T20:00:00,24,9.184800148010254,8.381532669067383,8.03079891204834
AT,AKC,urban,2023-03-12T21:00:00,24,9.414249420166016,7.046314239501953,5.046298980712891
AT,AKC,urban,2023-03-12T22:00:00,24,10.215999603271484,7.470570087432861,5.436248779296875
AT,AKC,urban,2023-03-12T23:00:00,24,8.735650062561035,6.757168769836426,5.039750099182129
AT,AKC,urban,2023-03-13T00:00:00,24,7.857398986816406,8.385783195495605,7.172049045562744
AT,AKC,urban,2023-03-13T01:00:00,24,7.5260491371154785,6.8182477951049805,5.877799034118652
AT,AKC,urban,2023-03-13T02:00:00,24,7.812398910522461,7.247682571411133,7.169650077819824
AT,AKC,urban,2023-03-13T03:00:00,24,8.116498947143555,6.660421848297119,7.923150062561035
AT,AKC,urban,2023-03-13T04:00:00,24,9.600798606872559,6.171170711517334,7.730249881744385
AT,AKC,urban,2023-03-13T05:00:00,24,8.755199432373047,5.547476768493652,6.651350021362305
AT,AKC,urban,2023-03-13T06:00:00,24,11.3125,5.7589521408081055,8.415650367736816
AT,AKC,urban,2023-03-13T07:00:00,24,12.314499855041504,5.821393966674805,9.906599044799805
AT,AKC,urban,2023-03-13T08:00:00,24,3.0612001419067383,4.500333786010742,6.900149822235107
AT,AKC,urban,2023-03-13T09:00:00,24,4.012650489807129,6.3771209716796875,8.838448524475098
AT,AKC,urban,2023-03-13T10:00:00,24,8.079548835754395,6.780479431152344,11.039999961853027
AT,AKC,urban,2023-03-13T11:00:00,24,3.1087989807128906,7.151719093322754,11.409500122070312
AT,AKC,urban,2023-03-13T12:00:00,24,2.6006994247436523,5.229847431182861,8.154998779296875
AT,AKC,urban,2023-03-13T13:00:00,24,2.5243988037109375,5.680813789367676,7.762898921966553
AT,AKC,urban,2023-03-13T14:00:00,24,1.9119491577148438,4.513826847076416,7.07105016708374
AT,AKC,urban,2023-03-13T15:00:00,24,3.5089492797851562,5.351113796234131,8.962048530578613
AT,AKC,urban,2023-03-13T16:00:00,24,4.873600006103516,5.108315467834473,9.268600463867188
AT,AKC,urban,2023-03-13T17:00:00,24,6.933300018310547,5.410123348236084,9.131050109863281
AT,AKC,urban,2023-03-13T18:00:00,24,8.690449714660645,5.385901927947998,9.15250015258789
AT,AKC,urban,2023-03-13T19:00:00,24,2.2547998428344727,5.605893611907959,9.90304946899414
AT,AKC,urban,2023-03-13T20:00:00,24,2.42819881439209,4.529140949249268,9.184800148010254
AT,AKC,urban,2023-03-13T21:00:00,24,2.476149559020996,4.599363327026367,9.414249420166016
AT,AKC,urban,2023-03-13T22:00:00,24,2.383450508117676,4.58905029296875,10.215999603271484
AT,AKC,urban,2023-03-13T23:00:00,24,2.5559492111206055,3.2382593154907227,8.735650062561035
AT,AKC,urban,2023-03-14T00:00:00,24,2.634749412536621,2.7122106552124023,7.857398986816406
AT,AKC,urban,2023-03-14T01:00:00,24,2.3540000915527344,2.48663330078125,7.5260491371154785
AT,AKC,urban,2023-03-14T02:00:00,24,2.751500129699707,2.5161828994750977,7.812398910522461
AT,AKC,urban,2023-03-14T03:00:00,24,3.9678993225097656,3.2531814575195312,8.116498947143555
AT,AKC,urban,2023-03-14T04:00:00,24,4.014800071716309,4.797949314117432,9.600798606872559
AT,AKC,urban,2023-03-14T05:00:00,24,3.9386000633239746,4.696910381317139,8.755199432373047
AT,AKC,urban,2023-03-14T06:00:00,24,4.025798797607422,6.3850812911987305,11.3125
AT,AKC,urban,2023-03-14T07:00:00,24,3.8773488998413086,6.930886268615723,12.314499855041504
AT,AKC,urban,2023-03-14T08:00:00,24,4.675300121307373,4.99180793762207,3.0612001419067383
AT,AKC,urban,2023-03-14T09:00:00,24,4.745200157165527,5.449818134307861,4.012650489807129
AT,AKC,urban,2023-03-14T10:00:00,24,4.707550525665283,8.066350936889648,8.079548835754395
AT,AKC,urban,2023-03-14T11:00:00,24,4.548599720001221,5.12844705581665,3.1087989807128906
AT,AKC,urban,2023-03-14T12:00:00,24,5.566400051116943,5.567176342010498,2.6006994247436523
AT,AKC,urban,2023-03-14T13:00:00,24,4.420848846435547,5.1576828956604,2.5243988037109375
AT,AKC,urban,2023-03-14T14:00:00,24,3.843499183654785,5.182289123535156,1.9119491577148438
AT,AKC,urban,2023-03-14T15:00:00,24,4.090400218963623,5.709692001342773,3.5089492797851562
AT,AKC,urban,2023-03-14T16:00:00,24,3.320749282836914,5.774575710296631,4.873600006103516
AT,AKC,urban,2023-03-14T17:00:00,24,4.051249027252197,6.382883548736572,6.933300018310547
AT,AKC,urban,2023-03-14T18:00:00,24,4.15834903717041,7.134503364562988,8.690449714660645
AT,AKC,urban,2023-03-14T19:00:00,24,4.2392988204956055,4.668727397918701,2.2547998428344727
AT,AKC,urban,2023-03-14T20:00:00,24,4.945849418640137,5.500282287597656,2.42819881439209
AT,AKC,urban,2023-03-14T21:00:00,24,5.196949005126953,4.977762222290039,2.476149559020996
AT,AKC,urban,2023-03-14T22:00:00,24,4.104249000549316,4.944191932678223,2.383450508117676
AT,AKC,urban,2023-03-14T23:00:00,24,3.8010997772216797,4.422914028167725,2.5559492111206055
AT,AKC,urban,2023-03-15T00:00:00,24,4.352999210357666,4.251755714416504,2.634749412536621
AT,AKC,urban,2023-03-15T01:00:00,24,5.280600070953369,3.78995418548584,2.3540000915527344
AT,AKC,urban,2023-03-15T02:00:00,24,6.734148979187012,4.108104705810547,2.751500129699707
AT,AKC,urban,2023-03-15T03:00:00,24,8.149398803710938,4.916750907897949,3.9678993225097656
AT,AKC,urban,2023-03-15T04:00:00,24,8.880200386047363,4.983551979064941,4.014800071716309
AT,AKC,urban,2023-03-15T05:00:00,24,9.302048683166504,5.13681697845459,3.9386000633239746
AT,AKC,urban,2023-03-15T06:00:00,24,10.044400215148926,5.326513290405273,4.025798797607422
AT,AKC,urban,2023-03-15T07:00:00,24,9.251798629760742,5.653079509735107,3.8773488998413086
AT,AKC,urban,2023-03-15T08:00:00,24,7.544548988342285,6.037283897399902,4.675300121307373
AT,AKC,urban,2023-03-15T09:00:00,24,5.078948974609375,5.788928031921387,4.745200157165527
AT,AKC,urban,2023-03-15T10:00:00,24,5.065499782562256,5.602911949157715,4.707550525665283
AT,AKC,urban,2023-03-15T11:00:00,24,6.526148796081543,5.460729598999023,4.548599720001221
AT,AKC,urban,2023-03-15T12:00:00,24,6.284399509429932,5.584249019622803,5.566400051116943
AT,AKC,urban,2023-03-15T13:00:00,24,6.643098831176758,4.72205924987793,4.420848846435547
AT,AKC,urban,2023-03-15T14:00:00,24,5.9433488845825195,4.4574456214904785,3.843499183654785
AT,AKC,urban,2023-03-15T15:00:00,24,5.232199668884277,4.855672836303711,4.090400218963623
AT,AKC,urban,2023-03-15T16:00:00,24,5.507100582122803,4.384262561798096,3.320749282836914
AT,AKC,urban,2023-03-15T17:00:00,24,5.873600006103516,5.49894905090332,4.051249027252197
AT,AKC,urban,2023-03-15T18:00:00,24,8.690099716186523,5.677271366119385,4.15834903717041
AT,AKC,urban,2023-03-15T19:00:00,24,10.320650100708008,5.9975504875183105,4.2392988204956055
AT,AKC,urban,2023-03-15T20:00:00,24,12.265000343322754,5.939963340759277,4.945849418640137
AT,AKC,urban,2023-03-15T21:00:00,24,12.14900016784668,6.147866725921631,5.196949005126953
AT,AKC,urban,2023-03-15T22:00:00,24,12.946999549865723,5.625672817230225,4.104249000549316
AT,AKC,urban,2023-03-15T23:00:00,24,12.657500267028809,5.979840278625488,3.8010997772216797
AT,AKC,urban,2023-03-16T00:00:00,24,10.846500396728516,6.207716941833496,4.352999210357666
AT,AKC,urban,2023-03-16T01:00:00,24,8.988499641418457,6.81595516204834,5.280600070953369
AT,AKC,urban,2023-03-16T02:00:00,24,8.579548835754395,7.205031394958496,6.734148979187012
AT,AKC,urban,2023-03-16T03:00:00,24,8.70219898223877,8.00642204284668,8.149398803710938
AT,AKC,urban,2023-03-16T04:00:00,24,9.2264986038208,8.333599090576172,8.880200386047363
AT,AKC,urban,2023-03-16T05:00:00,24,10.0514497756958,8.955069541931152,9.302048683166504
AT,AKC,urban,2023-03-16T06:00:00,24,11.511500358581543,9.430045127868652,10.044400215148926
AT,AKC,urban,2023-03-16T07:00:00,24,10.466099739074707,9.256498336791992,9.251798629760742
AT,AKC,urban,2023-03-16T08:00:00,24,9.695850372314453,8.750463485717773,7.544548988342285
AT,AKC,urban,2023-03-16T09:00:00,24,10.558500289916992,7.528097629547119,5.078948974609375
AT,AKC,urban,2023-03-16T10:00:00,24,9.988698959350586,7.084676742553711,5.065499782562256
AT,AKC,urban,2023-03-16T11:00:00,24,8.65095043182373,7.793392181396484,6.526148796081543
AT,AKC,urban,2023-03-16T12:00:00,24,7.735650062561035,6.753159046173096,6.284399509429932
AT,AKC,urban,2023-03-16T13:00:00,24,7.4732489585876465,7.520541191101074,6.643098831176758
AT,AKC,urban,2023-03-16T14:00:00,24,8.189899444580078,7.029480934143066,5.9433488845825195
AT,AKC,urban,2023-03-16T15:00:00,24,8.127148628234863,7.193589687347412,5.232199668884277
AT,AKC,urban,2023-03-16T16:00:00,24,7.270998954772949,7.517447471618652,5.507100582122803
AT,AKC,urban,2023-03-16T17:00:00,24,7.707249164581299,8.43929672241211,5.873600006103516
AT,AKC,urban,2023-03-16T18:00:00,24,8.043950080871582,10.934475898742676,8.690099716186523
AT,AKC,urban,2023-03-16T19:00:00,24,8.005200386047363,12.198400497436523,10.320650100708008
AT,AKC,urban,2023-03-16T20:00:00,24,7.653698921203613,13.991473197937012,12.265000343322754
AT,AKC,urban,2023-03-16T21:00:00,24,7.260299205780029,13.944490432739258,12.14900016784668
AT,AKC,urban,2023-03-16T22:00:00,24,6.8358988761901855,14.740699768066406,12.946999549865723
AT,AKC,urban,2023-03-16T23:00:00,24,7.254149913787842,14.437471389770508,12.657500267028809
AT,AKC,urban,2023-03-17T00:00:00,24,8.460350036621094,13.749045372009277,10.846500396728516
AT,AKC,urban,2023-03-17T01:00:00,24,8.442448616027832,12.691755294799805,8.988499641418457
AT,AKC,urban,2023-03-17T02:00:00,24,8.999798774719238,12.510326385498047,8.579548835754395
AT,AKC,urban,2023-03-17T03:00:00,24,9.261150360107422,11.987944602966309,8.70219898223877
AT,AKC,urban,2023-03-17T04:00:00,24,9.550148963928223,12.61558723449707,9.2264986038208
AT,AKC,urban,2023-03-17T05:00:00,24,9.979748725891113,12.767746925354004,10.0514497756958
AT,AKC,urban,2023-03-17T06:00:00,24,10.147000312805176,14.40073299407959,11.511500358581543
AT,AKC,urban,2023-03-17T07:00:00,24,10.67199993133545,13.116127967834473,10.466099739074707
AT,AKC,urban,2023-03-17T08:00:00,24,10.680500030517578,13.358354568481445,9.695850372314453
AT,AKC,urban,2023-03-17T09:00:00,24,10.97249984741211,13.463971138000488,10.558500289916992
AT,AKC,urban,2023-03-17T10:00:00,24,11.20199966430664,12.67963695526123,9.988698959350586
AT,AKC,urban,2023-03-17T11:00:00,24,11.031999588012695,11.003719329833984,8.65095043182373
AT,AKC,urban,2023-03-17T12:00:00,24,10.995499610900879,10.297028541564941,7.735650062561035
AT,AKC,urban,2023-03-17T13:00:00,24,10.018600463867188,9.648916244506836,7.4732489585876465
AT,AKC,urban,2023-03-17T14:00:00,24,9.316848754882812,10.191988945007324,8.189899444580078
AT,AKC,urban,2023-03-17T15:00:00,24,9.784250259399414,9.734236717224121,8.127148628234863
AT,AKC,urban,2023-03-17T16:00:00,24,9.471098899841309,9.386334419250488,7.270998954772949
AT,AKC,urban,2023-03-17T17:00:00,24,9.734000205993652,9.72586441040039,7.707249164581299
AT,AKC,urban,2023-03-17T18:00:00,24,10.444499969482422,10.269587516784668,8.043950080871582
AT,AKC,urban,2023-03-17T19:00:00,24,10.971500396728516,10.33178997039795,8.005200386047363
AT,AKC,urban,2023-03-17T20:00:00,24,11.41450023651123,10.149808883666992,7.653698921203613
AT,AKC,urban,2023-03-17T21:00:00,24,12.899999618530273,9.928874969482422,7.260299205780029
AT,AKC,urban,2023-03-17T22:00:00,24,15.195500373840332,9.522375106811523,6.8358988761901855
AT,AKC,urban,2023-03-17T23:00:00,24,15.756999969482422,9.953387260437012,7.254149913787842
AT,AKC,urban,2023-03-18T00:00:00,24,15.398500442504883,10.54443359375,8.460350036621094
AT,AKC,urban,2023-03-18T01:00:00,24,14.878999710083008,10.535194396972656,8.442448616027832
AT,AKC,urban,2023-03-18T02:00:00,24,14.581000328063965,10.867173194885254,8.999798774719238
AT,AKC,urban,2023-03-18T03:00:00,24,14.480999946594238,11.21767807006836,9.261150360107422
AT,AKC,urban,2023-03-18T04:00:00,24,14.589500427246094,11.51828384399414,9.550148963928223
AT,AKC,urban,2023-03-18T05:00:00,24,15.11050033569336,12.207598686218262,9.979748725891113
AT,AKC,urban,2023-03-18T06:00:00,24,15.652000427246094,12.438667297363281,10.147000312805176
AT,AKC,urban,2023-03-18T07:00:00,24,16.572500228881836,13.14096736907959,10.67199993133545
AT,AKC,urban,2023-03-18T08:00:00,24,17.133499145507812,12.845780372619629,10.680500030517578
AT,AKC,urban,2023-03-18T09:00:00,24,18.141000747680664,13.138445854187012,10.97249984741211
AT,AKC,urban,2023-03-18T10:00:00,24,18.374500274658203,12.825347900390625,11.20199966430664
AT,AKC,urban,2023-03-18T11:00:00,24,18.454500198364258,12.514269828796387,11.031999588012695
AT,AKC,urban,2023-03-18T12:00:00,24,17.847999572753906,12.142749786376953,10.995499610900879
AT,AKC,urban,2023-03-18T13:00:00,24,16.350000381469727,11.272589683532715,10.018600463867188
AT,AKC,urban,2023-03-18T14:00:00,24,16.12700080871582,10.472972869873047,9.316848754882812
AT,AKC,urban,2023-03-18T15:00:00,24,15.730999946594238,10.76006031036377,9.784250259399414
AT,AKC,urban,2023-03-18T16:00:00,24,15.896499633789062,10.012171745300293,9.471098899841309
AT,AKC,urban,2023-03-18T17:00:00,24,18.68199920654297,10.265928268432617,9.734000205993652
AT,AKC,urban,2023-03-18T18:00:00,24,20.245500564575195,10.629074096679688,10.444499969482422
AT,AKC,urban,2023-03-18T19:00:00,24,20.058000564575195,11.124216079711914,10.971500396728516
AT,AKC,urban,2023-03-18T20:00:00,24,24.249500274658203,11.532742500305176,11.41450023651123
AT,AKC,urban,2023-03-18T21:00:00,24,20.872499465942383,12.536027908325195,12.899999618530273
AT,AKC,urban,2023-03-18T22:00:00,24,20.045499801635742,13.365296363830566,15.195500373840332
AT,AKC,urban,2023-03-18T23:00:00,24,18.765499114990234,13.265868186950684,15.756999969482422
AT,AKC,urban,2023-03-19T00:00:00,24,20.68899917602539,13.347999572753906,15.398500442504883
AT,AKC,urban,2023-03-19T01:00:00,24,20.8174991607666,12.992842674255371,14.878999710083008
AT,AKC,urban,2023-03-19T02:00:00,24,22.058500289916992,12.593612670898438,14.581000328063965
AT,AKC,urban,2023-03-19T03:00:00,24,23.291000366210938,12.365095138549805,14.480999946594238
AT,AKC,urban,2023-03-19T04:00:00,24,25.336002349853516,12.97244644165039,14.589500427246094
AT,AKC,urban,2023-03-19T05:00:00,24,26.979999542236328,13.490071296691895,15.11050033569336
AT,AKC,urban,2023-03-19T06:00:00,24,28.368000030517578,14.394615173339844,15.652000427246094
AT,AKC,urban,2023-03-19T07:00:00,24,22.334999084472656,15.032320976257324,16.572500228881836
AT,AKC,urban,2023-03-19T08:00:00,24,16.346500396728516,15.536128044128418,17.133499145507812
AT,AKC,urban,2023-03-19T09:00:00,24,10.316499710083008,15.525568008422852,18.141000747680664
AT,AKC,urban,2023-03-19T10:00:00,24,8.346598625183105,15.511428833007812,18.374500274658203
AT,AKC,urban,2023-03-19T11:00:00,24,9.962300300598145,14.984809875488281,18.454500198364258
AT,AKC,urban,2023-03-19T12:00:00,24,12.27299976348877,14.231728553771973,17.847999572753906
AT,AKC,urban,2023-03-19T13:00:00,24,9.683950424194336,12.93297004699707,16.350000381469727
AT,AKC,urban,2023-03-19T14:00:00,24,10.529000282287598,12.306559562683105,16.12700080871582
AT,AKC,urban,2023-03-19T15:00:00,24,8.910650253295898,11.699193000793457,15.730999946594238
AT,AKC,urban,2023-03-19T16:00:00,24,8.239150047302246,11.218122482299805,15.896499633789062
AT,AKC,urban,2023-03-19T17:00:00,24,8.865400314331055,12.49834156036377,18.68199920654297
AT,AKC,urban,2023-03-19T18:00:00,24,10.762499809265137,13.19274616241455,20.245500564575195
AT,AKC,urban,2023-03-19T19:00:00,24,11.362500190734863,12.501480102539062,20.058000564575195
AT,AKC,urban,2023-03-19T20:00:00,24,10.53600025177002,14.536964416503906,24.249500274658203
AT,AKC,urban,2023-03-19T21:00:00,24,9.476149559020996,11.953935623168945,20.872499465942383
AT,AKC,urban,2023-03-19T22:00:00,24,9.079648971557617,12.845060348510742,20.045499801635742
AT,AKC,urban,2023-03-19T23:00:00,24,10.767000198364258,12.83642864227295,18.765499114990234
AT,AKC,urban,2023-03-20T00:00:00,24,9.806098937988281,15.191766738891602,20.68899917602539
AT,AKC,urban,2023-03-20T01:00:00,24,7.959650039672852,16.122215270996094,20.8174991607666
AT,AKC,urban,2023-03-20T02:00:00,24,8.263500213623047,17.015480041503906,22.058500289916992
AT,AKC,urban,2023-03-20T03:00:00,24,9.711798667907715,18.391448974609375,23.291000366210938
AT,AKC,urban,2023-03-20T04:00:00,24,9.73379898071289,19.777572631835938,25.336002349853516
AT,AKC,urban,2023-03-20T05:00:00,24,10.540550231933594,21.665834426879883,26.979999542236328
AT,AKC,urban,2023-03-20T06:00:00,24,13.181500434875488,22.759063720703125,28.368000030517578
AT,AKC,urban,2023-03-20T07:00:00,24,9.655750274658203,19.633277893066406,22.334999084472656
AT,AKC,urban,2023-03-20T08:00:00,24,8.517200469970703,17.915138244628906,16.346500396728516
AT,AKC,urban,2023-03-20T09:00:00,24,8.848698616027832,13.877872467041016,10.316499710083008
AT,AKC,urban,2023-03-20T10:00:00,24,8.36935043334961,12.458619117736816,8.346598625183105
AT,AKC,urban,2023-03-20T11:00:00,24,8.792200088500977,13.231616020202637,9.962300300598145
AT,AKC,urban,2023-03-20T12:00:00,24,7.910200119018555,13.26978874206543,12.27299976348877
AT,AKC,urban,2023-03-20T13:00:00,24,5.763899326324463,12.32986068725586,9.683950424194336
AT,AKC,urban,2023-03-20T14:00:00,24,7.034450054168701,13.063333511352539,10.529000282287598
AT,AKC,urban,2023-03-20T15:00:00,24,7.626198768615723,12.312692642211914,8.910650253295898
AT,AKC,urban,2023-03-20T16:00:00,24,5.842748641967773,12.21203899383545,8.239150047302246
AT,AKC,urban,2023-03-20T17:00:00,24,5.394598960876465,12.82476806640625,8.865400314331055
AT,AKC,urban,2023-03-20T18:00:00,24,8.45259952545166,14.521952629089355,10.762499809265137
AT,AKC,urban,2023-03-20T19:00:00,24,8.925800323486328,14.82673168182373,11.362500190734863
AT,AKC,urban,2023-03-20T20:00:00,24,12.189000129699707,14.348551750183105,10.53600025177002
AT,AKC,urban,2023-03-20T21:00:00,24,12.715999603271484,13.724177360534668,9.476149559020996
AT,AKC,urban,2023-03-20T22:00:00,24,11.993000030517578,13.381450653076172,9.079648971557617
AT,AKC,urban,2023-03-20T23:00:00,24,12.470000267028809,13.780908584594727,10.767000198364258
AT,AKC,urban,2023-03-21T00:00:00,24,8.459198951721191,13.343973159790039,9.806098937988281
AT,AKC,urban,2023-03-21T01:00:00,24,10.784000396728516,12.523136138916016,7.959650039672852
AT,AKC,urban,2023-03-21T02:00:00,24,8.233248710632324,12.92953872680664,8.263500213623047
AT,AKC,urban,2023-03-21T03:00:00,24,8.067049026489258,13.504899024963379,9.711798667907715
AT,AKC,urban,2023-03-21T04:00:00,24,10.624750137329102,13.660364151000977,9.73379898071289
AT,AKC,urban,2023-03-21T05:00:00,24,13.86050033569336,13.873353958129883,10.540550231933594
AT,AKC,urban,2023-03-21T06:00:00,24,19.587499618530273,15.290353775024414,13.181500434875488
AT,AKC,urban,2023-03-21T07:00:00,24,23.99850082397461,12.88300895690918,9.655750274658203
AT,AKC,urban,2023-03-21T08:00:00,24,16.354999542236328,11.177840232849121,8.517200469970703
AT,AKC,urban,2023-03-21T09:00:00,24,28.816001892089844,10.514507293701172,8.848698616027832
AT,AKC,urban,2023-03-21T10:00:00,24,17.6299991607666,10.410443305969238,8.36935043334961
AT,AKC,urban,2023-03-21T11:00:00,24,10.601499557495117,10.508999824523926,8.792200088500977
AT,AKC,urban,2023-03-21T12:00:00,24,10.699000358581543,9.68522834777832,7.910200119018555
AT,AKC,urban,2023-03-21T13:00:00,24,7.794149875640869,8.798686027526855,5.763899326324463
AT,AKC,urban,2023-03-21T14:00:00,24,8.28394889831543,9.646265983581543,7.034450054168701
AT,AKC,urban,2023-03-21T15:00:00,24,6.083448886871338,8.698040008544922,7.626198768615723
AT,AKC,urban,2023-03-21T16:00:00,24,6.842148303985596,8.381392478942871,5.842748641967773
AT,AKC,urban,2023-03-21T17:00:00,24,8.629948616027832,7.132843971252441,5.394598960876465
AT,AKC,urban,2023-03-21T18:00:00,24,9.032150268554688,8.747882843017578,8.45259952545166
AT,AKC,urban,2023-03-21T19:00:00,24,9.824548721313477,7.419821262359619,8.925800323486328
AT,AKC,urban,2023-03-21T20:00:00,24,13.173500061035156,8.787421226501465,12.189000129699707
AT,AKC,urban,2023-03-21T21:00:00,24,12.409500122070312,7.63279390335083,12.715999603271484
AT,AKC,urban,2023-03-21T22:00:00,24,11.529999732971191,7.379247188568115,11.993000030517578
AT,AKC,urban,2023-03-21T23:00:00,24,10.980400085449219,7.230881214141846,12.470000267028809
AT,AKC,urban,2023-03-22T00:00:00,24,11.45199966430664,5.327847480773926,8.459198951721191
AT,AKC,urban,2023-03-22T01:00:00,24,9.011499404907227,6.365341663360596,10.784000396728516
AT,AKC,urban,2023-03-22T02:00:00,24,10.378499984741211,4.268223762512207,8.233248710632324
AT,AKC,urban,2023-03-22T03:00:00,24,11.687000274658203,3.944322109222412,8.067049026489258
AT,AKC,urban,2023-03-22T04:00:00,24,11.86299991607666,5.4018964767456055,10.624750137329102
AT,AKC,urban,2023-03-22T05:00:00,24,12.78499984741211,5.910801887512207,13.86050033569336
AT,AKC,urban,2023-03-22T06:00:00,24,18.3700008392334,8.334748268127441,19.587499618530273
AT,AKC,urban,2023-03-22T07:00:00,24,19.849000930786133,9.871030807495117,23.99850082397461
AT,AKC,urban,2023-03-22T08:00:00,24,20.073999404907227,6.059637069702148,16.354999542236328
AT,AKC,urban,2023-03-22T09:00:00,24,21.31800079345703,12.663250923156738,28.816001892089844
AT,AKC,urban,2023-03-22T10:00:00,24,21.725500106811523,4.4548659324646,17.6299991607666
AT,AKC,urban,2023-03-22T11:00:00,24,17.6825008392334,4.8367018699646,10.601499557495117
AT,AKC,urban,2023-03-22T12:00:00,24,12.541500091552734,4.237119197845459,10.699000358581543
AT,AKC,urban,2023-03-22T13:00:00,24,10.697500228881836,3.5910730361938477,7.794149875640869
AT,AKC,urban,2023-03-22T14:00:00,24,9.56554889678955,3.4194698333740234,8.28394889831543
AT,AKC,urban,2023-03-22T15:00:00,24,8.695599555969238,1.8248043060302734,6.083448886871338
AT,AKC,urban,2023-03-22T16:00:00,24,10.193900108337402,4.042507648468018,6.842148303985596
AT,AKC,urban,2023-03-22T17:00:00,24,15.136500358581543,5.007757186889648,8.629948616027832
AT,AKC,urban,2023-03-22T18:00:00,24,18.516000747680664,4.81347131729126,9.032150268554688
AT,AKC,urban,2023-03-22T19:00:00,24,19.534500122070312,5.425464153289795,9.824548721313477
AT,AKC,urban,2023-03-22T20:00:00,24,16.649499893188477,6.945347309112549,13.173500061035156
AT,AKC,urban,2023-03-22T21:00:00,24,18.011999130249023,6.543915271759033,12.409500122070312
AT,AKC,urban,2023-03-22T22:00:00,24,20.2549991607666,6.148434638977051,11.529999732971191
AT,AKC,urban,2023-03-22T23:00:00,24,20.38249969482422,5.0542731285095215,10.980400085449219
AT,AKC,urban,2023-03-23T00:00:00,24,26.336999893188477,5.6455278396606445,11.45199966430664
AT,AKC,urban,2023-03-23T01:00:00,24,25.340499877929688,4.169825077056885,9.011499404907227
AT,AKC,urban,2023-03-23T02:00:00,24,27.229999542236328,4.99808931350708,10.378499984741211
AT,AKC,urban,2023-03-23T03:00:00,24,28.67850112915039,5.197883129119873,11.687000274658203
AT,AKC,urban,2023-03-23T04:00:00,24,28.547500610351562,5.905770778656006,11.86299991607666
AT,AKC,urban,2023-03-23T05:00:00,24,25.793500900268555,6.7228851318359375,12.78499984741211
AT,AKC,urban,2023-03-23T06:00:00,24,23.458999633789062,9.556285858154297,18.3700008392334
AT,AKC,urban,2023-03-23T07:00:00,24,23.900999069213867,10.007672309875488,19.849000930786133
AT,AKC,urban,2023-03-23T08:00:00,24,23.585500717163086,10.63890266418457,20.073999404907227
AT,AKC,urban,2023-03-23T09:00:00,24,25.579999923706055,11.101683616638184,21.31800079345703
AT,AKC,urban,2023-03-23T10:00:00,24,23.809499740600586,11.679327964782715,21.725500106811523
AT,AKC,urban,2023-03-23T11:00:00,24,21.481502532958984,8.552153587341309,17.6825008392334
AT,AKC,urban,2023-03-23T12:00:00,24,19.8700008392334,6.899652004241943,12.541500091552734
AT,AKC,urban,2023-03-23T13:00:00,24,18.91200065612793,5.997549057006836,10.697500228881836
AT,AKC,urban,2023-03-23T14:00:00,24,17.75550079345703,6.064230442047119,9.56554889678955
AT,AKC,urban,2023-03-23T15:00:00,24,8.201250076293945,5.0673298835754395,8.695599555969238
AT,AKC,urban,2023-03-23T16:00:00,24,3.3724489212036133,5.364977836608887,10.193900108337402
AT,AKC,urban,2023-03-23T17:00:00,24,4.900798797607422,4.332499980926514,15.136500358581543
AT,AKC,urban,2023-03-23T18:00:00,24,5.005399703979492,6.529586315155029,18.516000747680664
AT,AKC,urban,2023-03-23T19:00:00,24,5.2681989669799805,6.665105819702148,19.534500122070312
AT,AKC,urban,2023-03-23T20:00:00,24,7.579998970031738,5.146078109741211,16.649499893188477
AT,AKC,urban,2023-03-23T21:00:00,24,3.953350067138672,6.464216232299805,18.011999130249023
AT,AKC,urban,2023-03-23T22:00:00,24,1.8541498184204102,6.264835834503174,20.2549991607666
AT,AKC,urban,2023-03-23T23:00:00,24,1.857100486755371,5.6320414543151855,20.38249969482422
AT,AKC,urban,2023-03-24T00:00:00,24,1.3792505264282227,7.401826858520508,26.336999893188477
AT,AKC,urban,2023-03-24T01:00:00,24,1.3959989547729492,6.195919513702393,25.340499877929688
AT,AKC,urban,2023-03-24T02:00:00,24,1.8525495529174805,9.972063064575195,27.229999542236328
AT,AKC,urban,2023-03-24T03:00:00,24,2.512700080871582,11.285978317260742,28.67850112915039
AT,AKC,urban,2023-03-24T04:00:00,24,3.105849266052246,12.23779582977295,28.547500610351562
AT,AKC,urban,2023-03-24T05:00:00,24,3.082148551940918,11.11348819732666,25.793500900268555
AT,AKC,urban,2023-03-24T06:00:00,24,2.997049331665039,11.33001708984375,23.458999633789062
AT,AKC,urban,2023-03-24T07:00:00,24,2.4862985610961914,13.691863059997559,23.900999069213867
AT,AKC,urban,2023-03-24T08:00:00,24,2.7948484420776367,12.776823997497559,23.585500717163086
AT,AKC,urban,2023-03-24T09:00:00,24,2.635648727416992,13.23422908782959,25.579999923706055
AT,AKC,urban,2023-03-24T10:00:00,24,2.544198989868164,12.475215911865234,23.809499740600586
AT,AKC,urban,2023-03-24T11:00:00,24,2.35360050201416,12.80027961730957,21.481502532958984
AT,AKC,urban,2023-03-24T12:00:00,24,2.4724502563476562,13.004032135009766,19.8700008392334
AT,AKC,urban,2023-03-24T13:00:00,24,2.0393991470336914,12.539838790893555,18.91200065612793
AT,AKC,urban,2023-03-24T14:00:00,24,1.8547992706298828,11.891307830810547,17.75550079345703
AT,AKC,urban,2023-03-24T15:00:00,24,1.7592992782592773,9.43309211730957,8.201250076293945
AT,AKC,urban,2023-03-24T16:00:00,24,1.8351993560791016,8.781049728393555,3.3724489212036133
AT,AKC,urban,2023-03-24T17:00:00,24,1.4080495834350586,11.272869110107422,4.900798797607422
AT,AKC,urban,2023-03-24T18:00:00,24,2.078648567199707,12.744362831115723,5.005399703979492
AT,AKC,urban,2023-03-24T19:00:00,24,1.4932003021240234,13.633369445800781,5.2681989669799805
AT,AKC,urban,2023-03-24T20:00:00,24,1.2559490203857422,16.174373626708984,7.579998970031738
AT,AKC,urban,2023-03-24T21:00:00,24,1.2908992767333984,13.633102416992188,3.953350067138672
AT,AKC,urban,2023-03-24T22:00:00,24,1.4403505325317383,12.914393424987793,1.8541498184204102
AT,AKC,urban,2023-03-24T23:00:00,24,1.4469995498657227,12.22797679901123,1.857100486755371
AT,AKC,urban,2023-03-25T00:00:00,24,1.6350488662719727,11.652474403381348,1.3792505264282227
AT,AKC,urban,2023-03-25T01:00:00,24,1.7494001388549805,10.552660942077637,1.3959989547729492
AT,AKC,urban,2023-03-25T02:00:00,24,1.8934993743896484,10.549036026000977,1.8525495529174805
AT,AKC,urban,2023-03-25T03:00:00,24,2.1122989654541016,8.902912139892578,2.512700080871582
AT,AKC,urban,2023-03-25T04:00:00,24,2.0074501037597656,8.858128547668457,3.105849266052246
AT,AKC,urban,2023-03-25T05:00:00,24,1.9558477401733398,8.175539016723633,3.082148551940918
AT,AKC,urban,2023-03-25T06:00:00,24,2.8150501251220703,8.024517059326172,2.997049331665039
AT,AKC,urban,2023-03-25T07:00:00,24,2.7676496505737305,7.508425235748291,2.4862985610961914
AT,AKC,urban,2023-03-25T08:00:00,24,2.896500587463379,8.03615951538086,2.7948484420776367
AT,AKC,urban,2023-03-25T09:00:00,24,2.963250160217285,7.463746070861816,2.635648727416992
AT,AKC,urban,2023-03-25T10:00:00,24,2.5662002563476562,7.539834976196289,2.544198989868164
AT,AKC,urban,2023-03-25T11:00:00,24,2.44320011138916,7.309289455413818,2.35360050201416
AT,AKC,urban,2023-03-25T12:00:00,24,2.0978498458862305,7.669316291809082,2.4724502563476562
AT,AKC,urban,2023-03-25T13:00:00,24,1.6205987930297852,7.197959899902344,2.0393991470336914
AT,AKC,urban,2023-03-25T14:00:00,24,1.9781503677368164,7.108676433563232,1.8547992706298828
AT,AKC,urban,2023-03-25T15:00:00,24,3.117650032043457,6.714260578155518,1.7592992782592773
AT,AKC,urban,2023-03-25T16:00:00,24,2.4026002883911133,6.9835333824157715,1.8351993560791016
AT,AKC,urban,2023-03-25T17:00:00,24,2.0625009536743164,6.784259796142578,1.4080495834350586
AT,AKC,urban,2023-03-25T18:00:00,24,2.4192495346069336,7.60011625289917,2.078648567199707
AT,AKC,urban,2023-03-25T19:00:00,24,2.547849655151367,6.974750995635986,1.4932003021240234
AT,AKC,urban,2023-03-25T20:00:00,24,2.279250144958496,7.163686275482178,1.2559490203857422
AT,AKC,urban,2023-03-25T21:00:00,24,2.3238000869750977,7.064001083374023,1.2908992767333984
AT,AKC,urban,2023-03-25T22:00:00,24,2.096848487854004,7.0766754150390625,1.4403505325317383
AT,AKC,urban,2023-03-25T23:00:00,24,2.2216501235961914,6.8075761795043945,1.4469995498657227
AT,AKC,urban,2023-03-26T00:00:00,24,2.5717992782592773,6.672285556793213,1.6350488662719727
AT,AKC,urban,2023-03-26T01:00:00,24,2.6971988677978516,6.2588605880737305,1.7494001388549805
AT,AKC,urban,2023-03-26T02:00:00,24,2.6969995498657227,5.976150035858154,1.8934993743896484
AT,AKC,urban,2023-03-26T03:00:00,24,2.095099449157715,5.969523906707764,2.1122989654541016
AT,AKC,urban,2023-03-26T04:00:00,24,1.8338994979858398,5.629071235656738,2.0074501037597656
AT,AKC,urban,2023-03-26T05:00:00,24,2.0186996459960938,5.55017614364624,1.9558477401733398
AT,AKC,urban,2023-03-26T06:00:00,24,1.8885498046875,5.874052047729492,2.8150501251220703
AT,AKC,urban,2023-03-26T07:00:00,24,1.9383001327514648,5.746304988861084,2.7676496505737305
AT,AKC,urban,2023-03-26T08:00:00,24,2.884099006652832,5.553191184997559,2.896500587463379
AT,AKC,urban,2023-03-26T09:00:00,24,1.9167490005493164,5.458477020263672,2.963250160217285
AT,AKC,urban,2023-03-26T10:00:00,24,2.2394495010375977,4.735774993896484,2.5662002563476562
AT,AKC,urban,2023-03-26T11:00:00,24,4.300099849700928,4.523082256317139,2.44320011138916
AT,AKC,urban,2023-03-26T12:00:00,24,4.617348670959473,3.8808279037475586,2.0978498458862305
AT,AKC,urban,2023-03-26T13:00:00,24,4.105350017547607,3.3853750228881836,1.6205987930297852
AT,AKC,urban,2023-03-26T14:00:00,24,3.521298408508301,3.340829849243164,1.9781503677368164
AT,AKC,urban,2023-03-26T15:00:00,24,3.5323495864868164,4.024418830871582,3.117650032043457
AT,AKC,urban,2023-03-26T16:00:00,24,3.705899238586426,3.5021657943725586,2.4026002883911133
AT,AKC,urban,2023-03-26T17:00:00,24,3.9292993545532227,3.5208892822265625,2.0625009536743164
AT,AKC,urban,2023-03-26T18:00:00,24,3.6529998779296875,3.8766002655029297,2.4192495346069336
AT,AKC,urban,2023-03-26T19:00:00,24,3.766049385070801,4.261226654052734,2.547849655151367
AT,AKC,urban,2023-03-26T20:00:00,24,3.221050262451172,4.179788112640381,2.279250144958496
AT,AKC,urban,2023-03-26T21:00:00,24,3.2525997161865234,4.243279933929443,2.3238000869750977
AT,AKC,urban,2023-03-26T22:00:00,24,2.794949531555176,4.023289203643799,2.096848487854004
AT,AKC,urban,2023-03-26T23:00:00,24,2.553500175476074,4.219066143035889,2.2216501235961914
AT,AKC,urban,2023-03-27T00:00:00,24,3.764399528503418,4.492494583129883,2.5717992782592773
AT,AKC,urban,2023-03-27T01:00:00,24,3.415499687194824,4.640700817108154,2.6971988677978516
AT,AKC,urban,2023-03-27T02:00:00,24,3.257399559020996,4.6171345710754395,2.6969995498657227
AT,AKC,urban,2023-03-27T03:00:00,24,2.8148984909057617,4.458350658416748,2.095099449157715
AT,AKC,urban,2023-03-27T04:00:00,24,3.262948989868164,4.317809104919434,1.8338994979858398
AT,AKC,urban,2023-03-27T05:00:00,24,4.109048843383789,4.476924896240234,2.0186996459960938
AT,AKC,urban,2023-03-27T06:00:00,24,4.828299045562744,4.4445085525512695,1.8885498046875
AT,AKC,urban,2023-03-27T07:00:00,24,4.848649024963379,4.507878303527832,1.9383001327514648
AT,AKC,urban,2023-03-27T08:00:00,24,3.8612499237060547,4.936652660369873,2.884099006652832
AT,AKC,urban,2023-03-27T09:00:00,24,3.6503496170043945,4.135447978973389,1.9167490005493164
AT,AKC,urban,2023-03-27T10:00:00,24,3.6753997802734375,4.520878314971924,2.2394495010375977
AT,AKC,urban,2023-03-27T11:00:00,24,4.149999141693115,5.668041229248047,4.300099849700928
AT,AKC,urban,2023-03-27T12:00:00,24,3.8205995559692383,5.837154865264893,4.617348670959473
AT,AKC,urban,2023-03-27T13:00:00,24,3.512650489807129,5.603127479553223,4.105350017547607
AT,AKC,urban,2023-03-27T14:00:00,24,4.545750141143799,4.949890613555908,3.521298408508301
AT,AKC,urban,2023-03-27T15:00:00,24,4.298900127410889,4.68272590637207,3.5323495864868164
AT,AKC,urban,2023-03-27T16:00:00,24,4.165150165557861,4.2001118659973145,3.705899238586426
AT,AKC,urban,2023-03-27T17:00:00,24,3.675950050354004,3.8670272827148438,3.9292993545532227
AT,AKC,urban,2023-03-27T18:00:00,24,3.326798439025879,3.344923973083496,3.6529998779296875
AT,AKC,urban,2023-03-27T19:00:00,24,3.501850128173828,3.288821220397949,3.766049385070801
AT,AKC,urban,2023-03-27T20:00:00,24,3.552548408508301,2.5511960983276367,3.221050262451172
AT,AKC,urban,2023-03-27T21:00:00,24,3.472498893737793,2.279477119445801,3.2525997161865234
AT,AKC,urban,2023-03-27T22:00:00,24,4.106400012969971,1.6584291458129883,2.794949531555176
AT,AKC,urban,2023-03-27T23:00:00,24,3.671499252319336,1.4223442077636719,2.553500175476074
AT,AKC,urban,2023-03-28T00:00:00,24,3.7674503326416016,1.7697868347167969,3.764399528503418
AT,AKC,urban,2023-03-28T01:00:00,24,5.713099002838135,1.243025779724121,3.415499687194824
AT,AKC,urban,2023-03-28T02:00:00,24,6.480599880218506,1.7085285186767578,3.257399559020996
AT,AKC,urban,2023-03-28T03:00:00,24,5.664099216461182,1.6890716552734375,2.8148984909057617
AT,AKC,urban,2023-03-28T04:00:00,24,6.669000148773193,2.2180871963500977,3.262948989868164
AT,AKC,urban,2023-03-28T05:00:00,24,7.186399936676025,2.5511226654052734,4.109048843383789
AT,AKC,urban,2023-03-28T06:00:00,24,8.710700035095215,3.133913993835449,4.828299045562744
AT,AKC,urban,2023-03-28T07:00:00,24,7.754549026489258,3.2545576095581055,4.848649024963379
AT,AKC,urban,2023-03-28T08:00:00,24,7.160749435424805,2.865311622619629,3.8612499237060547
AT,AKC,urban,2023-03-28T09:00:00,24,7.023348808288574,2.7201099395751953,3.6503496170043945
AT,AKC,urban,2023-03-28T10:00:00,24,7.299900054931641,2.5729665756225586,3.6753997802734375
AT,AKC,urban,2023-03-28T11:00:00,24,6.413449764251709,2.82039737701416,4.149999141693115
AT,AKC,urban,2023-03-28T12:00:00,24,5.404849529266357,2.6794967651367188,3.8205995559692383
AT,AKC,urban,2023-03-28T13:00:00,24,4.984950065612793,3.0774974822998047,3.512650489807129
AT,AKC,urban,2023-03-28T14:00:00,24,4.017899036407471,3.7046947479248047,4.545750141143799
AT,AKC,urban,2023-03-28T15:00:00,24,4.4215989112854,4.049595832824707,4.298900127410889
AT,AKC,urban,2023-03-28T16:00:00,24,4.784800052642822,4.361058235168457,4.165150165557861
AT,AKC,urban,2023-03-28T17:00:00,24,5.696700096130371,4.396014213562012,3.675950050354004
AT,AKC,urban,2023-03-28T18:00:00,24,6.858500003814697,4.605372905731201,3.326798439025879
AT,AKC,urban,2023-03-28T19:00:00,24,7.967800140380859,5.191121578216553,3.501850128173828
AT,AKC,urban,2023-03-28T20:00:00,24,9.265800476074219,5.5763773918151855,3.552548408508301
AT,AKC,urban,2023-03-28T21:00:00,24,10.737000465393066,5.713083267211914,3.472498893737793
AT,AKC,urban,2023-03-28T22:00:00,24,10.869999885559082,5.893441677093506,4.106400012969971
AT,AKC,urban,2023-03-28T23:00:00,24,12.005499839782715,5.567469596862793,3.671499252319336
AT,AKC,urban,2023-03-29T00:00:00,24,12.744500160217285,5.74008321762085,3.7674503326416016
AT,AKC,urban,2023-03-29T01:00:00,24,12.427000045776367,6.796547889709473,5.713099002838135
AT,AKC,urban,2023-03-29T02:00:00,24,12.376500129699707,7.080869197845459,6.480599880218506
AT,AKC,urban,2023-03-29T03:00:00,24,12.288999557495117,7.3659892082214355,5.664099216461182
AT,AKC,urban,2023-03-29T04:00:00,24,11.307999610900879,8.64782428741455,6.669000148773193
AT,AKC,urban,2023-03-29T05:00:00,24,12.074000358581543,9.376972198486328,7.186399936676025
AT,AKC,urban,2023-03-29T06:00:00,24,12.357500076293945,11.014211654663086,8.710700035095215
AT,AKC,urban,2023-03-29T07:00:00,24,13.82699966430664,10.760088920593262,7.754549026489258
AT,AKC,urban,2023-03-29T08:00:00,24,13.587499618530273,10.508042335510254,7.160749435424805
AT,AKC,urban,2023-03-29T09:00:00,24,13.868000030517578,10.247814178466797,7.023348808288574
AT,AKC,urban,2023-03-29T10:00:00,24,14.422499656677246,10.388957977294922,7.299900054931641
AT,AKC,urban,2023-03-29T11:00:00,24,15.052499771118164,9.28525161743164,6.413449764251709
AT,AKC,urban,2023-03-29T12:00:00,24,15.435500144958496,8.341897010803223,5.404849529266357
AT,AKC,urban,2023-03-29T13:00:00,24,15.454999923706055,7.570573329925537,4.984950065612793
AT,AKC,urban,2023-03-29T14:00:00,24,14.201000213623047,6.939913272857666,4.017899036407471
AT,AKC,urban,2023-03-29T15:00:00,24,13.344499588012695,7.291398048400879,4.4215989112854
AT,AKC,urban,2023-03-29T16:00:00,24,14.17650032043457,7.7614264488220215,4.784800052642822
AT,AKC,urban,2023-03-29T17:00:00,24,6.453049659729004,8.415812492370605,5.696700096130371
AT,AKC,urban,2023-03-29T18:00:00,24,4.965250015258789,9.342336654663086,6.858500003814697
AT,AKC,urban,2023-03-29T19:00:00,24,3.7407989501953125,10.117264747619629,7.967800140380859
AT,AKC,urban,2023-03-29T20:00:00,24,4.490499019622803,11.369585037231445,9.265800476074219
AT,AKC,urban,2023-03-29T21:00:00,24,5.146248817443848,12.192131042480469,10.737000465393066
AT,AKC,urban,2023-03-29T22:00:00,24,4.826000213623047,11.866039276123047,10.869999885559082
AT,AKC,urban,2023-03-29T23:00:00,24,3.2705001831054688,11.585761070251465,12.005499839782715
AT,AKC,urban,2023-03-30T00:00:00,24,2.969649314880371,10.313133239746094,12.744500160217285
AT,AKC,urban,2023-03-30T01:00:00,24,4.5694990158081055,8.985037803649902,12.427000045776367
AT,AKC,urban,2023-03-30T02:00:00,24,5.650400161743164,7.845050811767578,12.376500129699707
AT,AKC,urban,2023-03-30T03:00:00,24,6.3340983390808105,7.028403282165527,12.288999557495117
AT,AKC,urban,2023-03-30T04:00:00,24,8.027000427246094,5.991615295410156,11.307999610900879
AT,AKC,urban,2023-03-30T05:00:00,24,9.967650413513184,6.268633842468262,12.074000358581543
AT,AKC,urban,2023-03-30T06:00:00,24,10.293499946594238,6.09499979019165,12.357500076293945
AT,AKC,urban,2023-03-30T07:00:00,24,7.587348937988281,7.072007656097412,13.82699966430664
AT,AKC,urban,2023-03-30T08:00:00,24,8.763699531555176,6.036733627319336,13.587499618530273
AT,AKC,urban,2023-03-30T09:00:00,24,8.025650024414062,6.881989002227783,13.868000030517578
AT,AKC,urban,2023-03-30T10:00:00,24,8.516050338745117,6.835729598999023,14.422499656677246
AT,AKC,urban,2023-03-30T11:00:00,24,8.382049560546875,7.527341365814209,15.052499771118164
AT,AKC,urban,2023-03-30T12:00:00,24,7.456549167633057,7.294618606567383,15.435500144958496
AT,AKC,urban,2023-03-30T13:00:00,24,5.93804931640625,7.70265007019043,15.454999923706055
AT,AKC,urban,2023-03-30T14:00:00,24,5.683350086212158,6.685892105102539,14.201000213623047
AT,AKC,urban,2023-03-30T15:00:00,24,4.853300094604492,6.933265686035156,13.344499588012695
AT,AKC,urban,2023-03-30T16:00:00,24,3.994198799133301,7.142922878265381,14.17650032043457
AT,AKC,urban,2023-03-30T17:00:00,24,4.954649448394775,4.788665294647217,6.453049659729004
AT,AKC,urban,2023-03-30T18:00:00,24,3.71614933013916,4.903202056884766,4.965250015258789
AT,AKC,urban,2023-03-30T19:00:00,24,3.7992992401123047,5.073370933532715,3.7407989501953125
AT,AKC,urban,2023-03-30T20:00:00,24,3.4086990356445312,5.831258296966553,4.490499019622803
AT,AKC,urban,2023-03-30T21:00:00,24,2.8681488037109375,6.509263038635254,5.146248817443848
AT,AKC,urban,2023-03-30T22:00:00,24,2.1382503509521484,6.306464195251465,4.826000213623047
AT,AKC,urban,2023-03-30T23:00:00,24,1.9785490036010742,5.523324966430664,3.2705001831054688
AT,AKC,urban,2023-03-31T00:00:00,24,2.023900032043457,5.444336891174316,2.969649314880371
AT,AKC,urban,2023-03-31T01:00:00,24,1.9511995315551758,7.0245184898376465,4.5694990158081055
AT,AKC,urban,2023-03-31T02:00:00,24,2.048048973083496,7.713940143585205,5.650400161743164
AT,AKC,urban,2023-03-31T03:00:00,24,2.0859994888305664,8.113374710083008,6.3340983390808105
AT,AKC,urban,2023-03-31T04:00:00,24,2.109250068664551,8.201420783996582,8.027000427246094
AT,AKC,urban,2023-03-31T05:00:00,24,2.25209903717041,7.8897223472595215,9.967650413513184
AT,AKC,urban,2023-03-31T06:00:00,24,2.164198875427246,6.708874225616455,10.293499946594238
AT,AKC,urban,2023-03-31T07:00:00,24,2.498898506164551,6.17543363571167,7.587348937988281
AT,AKC,urban,2023-03-31T08:00:00,24,2.297149658203125,5.02822732925415,8.763699531555176
AT,AKC,urban,2023-03-31T09:00:00,24,2.003899574279785,4.917916297912598,8.025650024414062
AT,AKC,urban,2023-03-31T10:00:00,24,1.6861000061035156,5.518298625946045,8.516050338745117
AT,AKC,urban,2023-03-31T11:00:00,24,1.553849220275879,5.387119293212891,8.382049560546875
AT,AKC,urban,2023-03-31T12:00:00,24,1.3734502792358398,5.130814075469971,7.456549167633057
AT,AKC,urban,2023-03-31T13:00:00,24,1.2585983276367188,4.636477470397949,5.93804931640625
AT,AKC,urban,2023-03-31T14:00:00,24,1.3200998306274414,4.683662414550781,5.683350086212158
AT,AKC,urban,2023-03-31T15:00:00,24,1.3777990341186523,4.436045169830322,4.853300094604492
AT,AKC,urban,2023-03-31T16:00:00,24,1.5777997970581055,4.9318037033081055,3.994198799133301
AT,AKC,urban,2023-03-31T17:00:00,24,1.4570503234863281,5.430960655212402,4.954649448394775
AT,AKC,urban,2023-03-31T18:00:00,24,1.648148536682129,4.145849704742432,3.71614933013916
AT,AKC,urban,2023-03-31T19:00:00,24,1.6831998825073242,4.5224690437316895,3.7992992401123047
AT,AKC,urban,2023-03-31T20:00:00,24,1.321650505065918,4.415401458740234,3.4086990356445312
AT,AKC,urban,2023-03-31T21:00:00,24,1.3416500091552734,4.267180442810059,2.8681488037109375
AT,AKC,urban,2023-03-31T22:00:00,24,1.3931493759155273,3.748591423034668,2.1382503509521484
AT,AKC,urban,2023-03-31T23:00:00,24,1.364548683166504,3.4654273986816406,1.9785490036010742
AT,AKC,urban,2023-04-01T00:00:00,24,1.3222503662109375,3.3124046325683594,2.023900032043457
AT,AKC,urban,2023-04-01T01:00:00,24,1.2318000793457031,2.9696502685546875,1.9511995315551758
AT,AKC,urban,2023-04-01T02:00:00,24,1.3667497634887695,2.0649118423461914,2.048048973083496
AT,AKC,urban,2023-04-01T03:00:00,24,1.268850326538086,1.2396602630615234,2.0859994888305664
AT,AKC,urban,2023-04-01T04:00:00,24,2.0607995986938477,0.9463119506835938,2.109250068664551
AT,AKC,urban,2023-04-01T05:00:00,24,2.1985483169555664,0.7396821975708008,2.25209903717041
AT,AKC,urban,2023-04-01T06:00:00,24,2.7646989822387695,1.0434913635253906,2.164198875427246
AT,AKC,urban,2023-04-01T07:00:00,24,2.582400321960449,0.8357601165771484,2.498898506164551
AT,AKC,urban,2023-04-01T08:00:00,24,3.107150077819824,0.4427967071533203,2.297149658203125
AT,AKC,urban,2023-04-01T09:00:00,24,1.9955978393554688,0.3807401657104492,2.003899574279785
AT,AKC,urban,2023-04-01T10:00:00,24,2.2283992767333984,0.5069332122802734,1.6861000061035156
AT,AKC,urban,2023-04-01T11:00:00,24,2.0093984603881836,0.8198127746582031,1.553849220275879
AT,AKC,urban,2023-04-01T12:00:00,24,3.1917505264282227,0.9432506561279297,1.3734502792358398
