dt_utc,horizon,y_true,y_pred,Country,SiteNumber,StationArea_Label,baseline
2023-01-01 02:00:00+00:00,1,40.468,54.9675,AT,AKC,urban,persistence
2023-01-01 05:00:00+00:00,1,25.397,31.2705,AT,AKC,urban,persistence
2023-01-01 06:00:00+00:00,1,22.6505,25.397,AT,AKC,urban,persistence
2023-01-01 07:00:00+00:00,1,23.372,22.6505,AT,AKC,urban,persistence
2023-01-01 08:00:00+00:00,1,31.5765,23.372,AT,AKC,urban,persistence
2023-01-01 11:00:00+00:00,1,20.78,25.975,AT,AKC,urban,persistence
2023-01-01 12:00:00+00:00,1,20.888,20.78,AT,AKC,urban,persistence
2023-01-01 13:00:00+00:00,1,22.2365,20.888,AT,AKC,urban,persistence
2023-01-01 14:00:00+00:00,1,25.993,22.2365,AT,AKC,urban,persistence
2023-01-01 15:00:00+00:00,1,25.041,25.993,AT,AKC,urban,persistence
2023-01-01 16:00:00+00:00,1,29.8515,25.041,AT,AKC,urban,persistence
2023-01-01 17:00:00+00:00,1,29.9175,29.8515,AT,AKC,urban,persistence
2023-01-01 18:00:00+00:00,1,25.941,29.9175,AT,AKC,urban,persistence
2023-01-01 19:00:00+00:00,1,29.9375,25.941,AT,AKC,urban,persistence
2023-01-01 20:00:00+00:00,1,24.3525,29.9375,AT,AKC,urban,persistence
2023-01-01 23:00:00+00:00,1,16.341,16.9095,AT,AKC,urban,persistence
2023-01-02 00:00:00+00:00,1,15.865,16.341,AT,AKC,urban,persistence
2023-01-02 01:00:00+00:00,1,15.673,15.865,AT,AKC,urban,persistence
2023-01-02 02:00:00+00:00,1,16.8495,15.673,AT,AKC,urban,persistence
2023-01-02 03:00:00+00:00,1,17.4465,16.8495,AT,AKC,urban,persistence
2023-01-02 04:00:00+00:00,1,18.7015,17.4465,AT,AKC,urban,persistence
2023-01-02 05:00:00+00:00,1,17.734,18.7015,AT,AKC,urban,persistence
2023-01-02 06:00:00+00:00,1,19.806,17.734,AT,AKC,urban,persistence
2023-01-02 07:00:00+00:00,1,18.3575,19.806,AT,AKC,urban,persistence
2023-01-02 08:00:00+00:00,1,15.6715,18.3575,AT,AKC,urban,persistence
2023-01-02 09:00:00+00:00,1,15.939,15.6715,AT,AKC,urban,persistence
2023-01-02 10:00:00+00:00,1,16.308,15.939,AT,AKC,urban,persistence
2023-01-02 11:00:00+00:00,1,17.068,16.308,AT,AKC,urban,persistence
2023-01-02 12:00:00+00:00,1,16.7975,17.068,AT,AKC,urban,persistence
2023-01-02 13:00:00+00:00,1,17.013,16.7975,AT,AKC,urban,persistence
2023-01-02 14:00:00+00:00,1,17.8835,17.013,AT,AKC,urban,persistence
2023-01-02 15:00:00+00:00,1,17.001,17.8835,AT,AKC,urban,persistence
2023-01-02 16:00:00+00:00,1,16.17,17.001,AT,AKC,urban,persistence
2023-01-02 17:00:00+00:00,1,13.502,16.17,AT,AKC,urban,persistence
2023-01-02 18:00:00+00:00,1,14.105,13.502,AT,AKC,urban,persistence
2023-01-02 19:00:00+00:00,1,13.9365,14.105,AT,AKC,urban,persistence
2023-01-02 20:00:00+00:00,1,14.927,13.9365,AT,AKC,urban,persistence
2023-01-02 21:00:00+00:00,1,14.5805,14.927,AT,AKC,urban,persistence
2023-01-02 22:00:00+00:00,1,17.541,14.5805,AT,AKC,urban,persistence
2023-01-02 23:00:00+00:00,1,17.6965,17.541,AT,AKC,urban,persistence
2023-01-03 00:00:00+00:00,1,17.5735,17.6965,AT,AKC,urban,persistence
2023-01-03 01:00:00+00:00,1,17.4865,17.5735,AT,AKC,urban,persistence
2023-01-03 02:00:00+00:00,1,18.064,17.4865,AT,AKC,urban,persistence
2023-01-03 03:00:00+00:00,1,14.8715,18.064,AT,AKC,urban,persistence
2023-01-03 04:00:00+00:00,1,12.949,14.8715,AT,AKC,urban,persistence
2023-01-03 05:00:00+00:00,1,14.2865,12.949,AT,AKC,urban,persistence
2023-01-03 06:00:00+00:00,1,16.398,14.2865,AT,AKC,urban,persistence
2023-01-03 07:00:00+00:00,1,17.557,16.398,AT,AKC,urban,persistence
2023-01-03 08:00:00+00:00,1,19.4465,17.557,AT,AKC,urban,persistence
2023-01-03 09:00:00+00:00,1,15.72255,19.4465,AT,AKC,urban,persistence
2023-01-03 10:00:00+00:00,1,5.103799,15.72255,AT,AKC,urban,persistence
2023-01-03 11:00:00+00:00,1,5.566399,5.103799,AT,AKC,urban,persistence
2023-01-03 12:00:00+00:00,1,5.55555,5.566399,AT,AKC,urban,persistence
2023-01-03 13:00:00+00:00,1,5.932149,5.55555,AT,AKC,urban,persistence
2023-01-03 14:00:00+00:00,1,8.345849,5.932149,AT,AKC,urban,persistence
2023-01-03 15:00:00+00:00,1,8.720749,8.345849,AT,AKC,urban,persistence
2023-01-03 16:00:00+00:00,1,13.35,8.720749,AT,AKC,urban,persistence
2023-01-03 17:00:00+00:00,1,15.79,13.35,AT,AKC,urban,persistence
2023-01-03 18:00:00+00:00,1,15.564,15.79,AT,AKC,urban,persistence
2023-01-03 19:00:00+00:00,1,15.3975,15.564,AT,AKC,urban,persistence
2023-01-03 20:00:00+00:00,1,14.68,15.3975,AT,AKC,urban,persistence
2023-01-03 21:00:00+00:00,1,15.9585,14.68,AT,AKC,urban,persistence
2023-01-03 22:00:00+00:00,1,15.984,15.9585,AT,AKC,urban,persistence
2023-01-03 23:00:00+00:00,1,16.641,15.984,AT,AKC,urban,persistence
2023-01-04 00:00:00+00:00,1,16.4405,16.641,AT,AKC,urban,persistence
2023-01-04 01:00:00+00:00,1,18.623,16.4405,AT,AKC,urban,persistence
2023-01-04 02:00:00+00:00,1,19.117,18.623,AT,AKC,urban,persistence
2023-01-04 03:00:00+00:00,1,18.683,19.117,AT,AKC,urban,persistence
2023-01-04 04:00:00+00:00,1,18.71,18.683,AT,AKC,urban,persistence
2023-01-04 05:00:00+00:00,1,19.992,18.71,AT,AKC,urban,persistence
2023-01-04 06:00:00+00:00,1,19.3165,19.992,AT,AKC,urban,persistence
2023-01-04 07:00:00+00:00,1,21.379,19.3165,AT,AKC,urban,persistence
2023-01-04 08:00:00+00:00,1,17.6055,21.379,AT,AKC,urban,persistence
2023-01-04 09:00:00+00:00,1,22.555,17.6055,AT,AKC,urban,persistence
2023-01-04 10:00:00+00:00,1,19.4435,22.555,AT,AKC,urban,persistence
2023-01-04 11:00:00+00:00,1,19.9595,19.4435,AT,AKC,urban,persistence
2023-01-04 12:00:00+00:00,1,21.1325,19.9595,AT,AKC,urban,persistence
2023-01-04 13:00:00+00:00,1,23.6785,21.1325,AT,AKC,urban,persistence
2023-01-04 14:00:00+00:00,1,26.1475,23.6785,AT,AKC,urban,persistence
2023-01-04 15:00:00+00:00,1,15.16915,26.1475,AT,AKC,urban,persistence
2023-01-04 16:00:00+00:00,1,10.49735,15.16915,AT,AKC,urban,persistence
2023-01-04 17:00:00+00:00,1,15.1195,10.49735,AT,AKC,urban,persistence
2023-01-04 18:00:00+00:00,1,6.620699,15.1195,AT,AKC,urban,persistence
2023-01-04 19:00:00+00:00,1,2.3924,6.620699,AT,AKC,urban,persistence
2023-01-04 20:00:00+00:00,1,2.25285,2.3924,AT,AKC,urban,persistence
2023-01-04 21:00:00+00:00,1,1.869949,2.25285,AT,AKC,urban,persistence
2023-01-04 22:00:00+00:00,1,2.351099,1.869949,AT,AKC,urban,persistence
2023-01-04 23:00:00+00:00,1,1.897699,2.351099,AT,AKC,urban,persistence
2023-01-05 00:00:00+00:00,1,1.399399,1.897699,AT,AKC,urban,persistence
2023-01-05 01:00:00+00:00,1,1.273649,1.399399,AT,AKC,urban,persistence
2023-01-05 02:00:00+00:00,1,1.129149,1.273649,AT,AKC,urban,persistence
2023-01-05 03:00:00+00:00,1,1.085649,1.129149,AT,AKC,urban,persistence
2023-01-05 04:00:00+00:00,1,1.063499,1.085649,AT,AKC,urban,persistence
2023-01-05 05:00:00+00:00,1,1.153349,1.063499,AT,AKC,urban,persistence
2023-01-05 06:00:00+00:00,1,1.2875,1.153349,AT,AKC,urban,persistence
2023-01-05 07:00:00+00:00,1,1.3624,1.2875,AT,AKC,urban,persistence
2023-01-05 08:00:00+00:00,1,1.384999,1.3624,AT,AKC,urban,persistence
2023-01-05 09:00:00+00:00,1,1.7116,1.384999,AT,AKC,urban,persistence
2023-01-05 10:00:00+00:00,1,2.0067,1.7116,AT,AKC,urban,persistence
2023-01-05 11:00:00+00:00,1,2.061949,2.0067,AT,AKC,urban,persistence
2023-01-05 12:00:00+00:00,1,2.057349,2.061949,AT,AKC,urban,persistence
2023-01-05 13:00:00+00:00,1,2.26375,2.057349,AT,AKC,urban,persistence
2023-01-05 14:00:00+00:00,1,2.660599,2.26375,AT,AKC,urban,persistence
2023-01-05 15:00:00+00:00,1,2.81935,2.660599,AT,AKC,urban,persistence
2023-01-05 16:00:00+00:00,1,2.803699,2.81935,AT,AKC,urban,persistence
2023-01-05 17:00:00+00:00,1,2.65985,2.803699,AT,AKC,urban,persistence
2023-01-05 18:00:00+00:00,1,2.7806,2.65985,AT,AKC,urban,persistence
2023-01-05 19:00:00+00:00,1,3.0088,2.7806,AT,AKC,urban,persistence
2023-01-05 20:00:00+00:00,1,3.371099,3.0088,AT,AKC,urban,persistence
2023-01-05 21:00:00+00:00,1,3.22195,3.371099,AT,AKC,urban,persistence
2023-01-05 22:00:00+00:00,1,3.837749,3.22195,AT,AKC,urban,persistence
2023-01-05 23:00:00+00:00,1,4.215149,3.837749,AT,AKC,urban,persistence
2023-01-06 00:00:00+00:00,1,4.355199,4.215149,AT,AKC,urban,persistence
2023-01-06 01:00:00+00:00,1,4.57035,4.355199,AT,AKC,urban,persistence
2023-01-06 02:00:00+00:00,1,5.018199,4.57035,AT,AKC,urban,persistence
2023-01-06 03:00:00+00:00,1,5.188799,5.018199,AT,AKC,urban,persistence
2023-01-06 04:00:00+00:00,1,5.241099,5.188799,AT,AKC,urban,persistence
2023-01-06 05:00:00+00:00,1,5.782299,5.241099,AT,AKC,urban,persistence
2023-01-06 06:00:00+00:00,1,6.196749,5.782299,AT,AKC,urban,persistence
2023-01-06 07:00:00+00:00,1,6.003399,6.196749,AT,AKC,urban,persistence
2023-01-06 08:00:00+00:00,1,10.0173,6.003399,AT,AKC,urban,persistence
2023-01-06 09:00:00+00:00,1,9.258199,10.0173,AT,AKC,urban,persistence
2023-01-06 10:00:00+00:00,1,6.6647,9.258199,AT,AKC,urban,persistence
2023-01-06 11:00:00+00:00,1,5.4386,6.6647,AT,AKC,urban,persistence
2023-01-06 12:00:00+00:00,1,5.07445,5.4386,AT,AKC,urban,persistence
2023-01-06 13:00:00+00:00,1,5.039199,5.07445,AT,AKC,urban,persistence
2023-01-06 14:00:00+00:00,1,5.8133,5.039199,AT,AKC,urban,persistence
2023-01-06 15:00:00+00:00,1,8.509699,5.8133,AT,AKC,urban,persistence
2023-01-06 16:00:00+00:00,1,11.935,8.509699,AT,AKC,urban,persistence
2023-01-06 17:00:00+00:00,1,6.166349,11.935,AT,AKC,urban,persistence
2023-01-06 18:00:00+00:00,1,5.33745,6.166349,AT,AKC,urban,persistence
2023-01-06 19:00:00+00:00,1,5.940549,5.33745,AT,AKC,urban,persistence
2023-01-06 20:00:00+00:00,1,7.579349,5.940549,AT,AKC,urban,persistence
2023-01-06 21:00:00+00:00,1,5.88535,7.579349,AT,AKC,urban,persistence
2023-01-06 22:00:00+00:00,1,4.56895,5.88535,AT,AKC,urban,persistence
2023-01-06 23:00:00+00:00,1,4.34095,4.56895,AT,AKC,urban,persistence
2023-01-07 00:00:00+00:00,1,4.8111,4.34095,AT,AKC,urban,persistence
2023-01-07 01:00:00+00:00,1,6.248149,4.8111,AT,AKC,urban,persistence
2023-01-07 02:00:00+00:00,1,6.58465,6.248149,AT,AKC,urban,persistence
2023-01-07 03:00:00+00:00,1,5.75055,6.58465,AT,AKC,urban,persistence
2023-01-07 04:00:00+00:00,1,4.91545,5.75055,AT,AKC,urban,persistence
2023-01-07 05:00:00+00:00,1,4.322249,4.91545,AT,AKC,urban,persistence
2023-01-07 06:00:00+00:00,1,5.962149,4.322249,AT,AKC,urban,persistence
2023-01-07 07:00:00+00:00,1,9.425149,5.962149,AT,AKC,urban,persistence
2023-01-07 08:00:00+00:00,1,6.721199,9.425149,AT,AKC,urban,persistence
2023-01-07 09:00:00+00:00,1,5.228799,6.721199,AT,AKC,urban,persistence
2023-01-07 10:00:00+00:00,1,4.68735,5.228799,AT,AKC,urban,persistence
2023-01-07 11:00:00+00:00,1,5.45895,4.68735,AT,AKC,urban,persistence
2023-01-07 12:00:00+00:00,1,7.064899,5.45895,AT,AKC,urban,persistence
2023-01-07 13:00:00+00:00,1,5.65155,7.064899,AT,AKC,urban,persistence
2023-01-07 14:00:00+00:00,1,7.225449,5.65155,AT,AKC,urban,persistence
2023-01-07 15:00:00+00:00,1,10.4497,7.225449,AT,AKC,urban,persistence
2023-01-07 16:00:00+00:00,1,14.67,10.4497,AT,AKC,urban,persistence
2023-01-07 17:00:00+00:00,1,15.898,14.67,AT,AKC,urban,persistence
2023-01-07 18:00:00+00:00,1,20.2395,15.898,AT,AKC,urban,persistence
2023-01-07 19:00:00+00:00,1,22.808,20.2395,AT,AKC,urban,persistence
2023-01-07 20:00:00+00:00,1,25.839,22.808,AT,AKC,urban,persistence
2023-01-07 23:00:00+00:00,1,29.15,27.9795,AT,AKC,urban,persistence
2023-01-08 00:00:00+00:00,1,30.3535,29.15,AT,AKC,urban,persistence
2023-01-08 01:00:00+00:00,1,28.994,30.3535,AT,AKC,urban,persistence
2023-01-08 02:00:00+00:00,1,28.5135,28.994,AT,AKC,urban,persistence
2023-01-08 03:00:00+00:00,1,27.9685,28.5135,AT,AKC,urban,persistence
2023-01-08 04:00:00+00:00,1,26.698,27.9685,AT,AKC,urban,persistence
2023-01-08 05:00:00+00:00,1,25.261,26.698,AT,AKC,urban,persistence
2023-01-08 06:00:00+00:00,1,23.809,25.261,AT,AKC,urban,persistence
2023-01-08 07:00:00+00:00,1,23.378,23.809,AT,AKC,urban,persistence
2023-01-08 08:00:00+00:00,1,22.275,23.378,AT,AKC,urban,persistence
2023-01-08 09:00:00+00:00,1,20.4045,22.275,AT,AKC,urban,persistence
2023-01-08 10:00:00+00:00,1,19.7675,20.4045,AT,AKC,urban,persistence
2023-01-08 11:00:00+00:00,1,18.0835,19.7675,AT,AKC,urban,persistence
2023-01-08 12:00:00+00:00,1,19.024,18.0835,AT,AKC,urban,persistence
2023-01-08 13:00:00+00:00,1,16.6975,19.024,AT,AKC,urban,persistence
2023-01-08 14:00:00+00:00,1,14.29,16.6975,AT,AKC,urban,persistence
2023-01-08 15:00:00+00:00,1,16.517,14.29,AT,AKC,urban,persistence
2023-01-08 16:00:00+00:00,1,14.889,16.517,AT,AKC,urban,persistence
2023-01-08 17:00:00+00:00,1,15.542,14.889,AT,AKC,urban,persistence
2023-01-08 18:00:00+00:00,1,15.536,15.542,AT,AKC,urban,persistence
2023-01-08 19:00:00+00:00,1,18.4525,15.536,AT,AKC,urban,persistence
2023-01-08 20:00:00+00:00,1,19.7435,18.4525,AT,AKC,urban,persistence
2023-01-08 21:00:00+00:00,1,17.301,19.7435,AT,AKC,urban,persistence
2023-01-08 22:00:00+00:00,1,17.748,17.301,AT,AKC,urban,persistence
2023-01-08 23:00:00+00:00,1,18.0985,17.748,AT,AKC,urban,persistence
2023-01-09 00:00:00+00:00,1,18.9985,18.0985,AT,AKC,urban,persistence
2023-01-09 01:00:00+00:00,1,19.458,18.9985,AT,AKC,urban,persistence
2023-01-09 02:00:00+00:00,1,16.3345,19.458,AT,AKC,urban,persistence
2023-01-09 03:00:00+00:00,1,16.1585,16.3345,AT,AKC,urban,persistence
2023-01-09 04:00:00+00:00,1,16.7655,16.1585,AT,AKC,urban,persistence
2023-01-09 05:00:00+00:00,1,13.501,16.7655,AT,AKC,urban,persistence
2023-01-09 06:00:00+00:00,1,15.638,13.501,AT,AKC,urban,persistence
2023-01-09 07:00:00+00:00,1,12.484,15.638,AT,AKC,urban,persistence
2023-01-09 08:00:00+00:00,1,9.126,12.484,AT,AKC,urban,persistence
2023-01-09 09:00:00+00:00,1,4.093649,9.126,AT,AKC,urban,persistence
2023-01-09 10:00:00+00:00,1,1.745399,4.093649,AT,AKC,urban,persistence
2023-01-09 11:00:00+00:00,1,1.77355,1.745399,AT,AKC,urban,persistence
2023-01-09 12:00:00+00:00,1,2.65625,1.77355,AT,AKC,urban,persistence
2023-01-09 13:00:00+00:00,1,3.22385,2.65625,AT,AKC,urban,persistence
2023-01-09 14:00:00+00:00,1,2.852499,3.22385,AT,AKC,urban,persistence
2023-01-09 15:00:00+00:00,1,2.6603,2.852499,AT,AKC,urban,persistence
2023-01-09 16:00:00+00:00,1,3.025549,2.6603,AT,AKC,urban,persistence
2023-01-09 17:00:00+00:00,1,3.35435,3.025549,AT,AKC,urban,persistence
2023-01-09 18:00:00+00:00,1,3.494249,3.35435,AT,AKC,urban,persistence
2023-01-09 19:00:00+00:00,1,3.542399,3.494249,AT,AKC,urban,persistence
2023-01-09 20:00:00+00:00,1,3.343649,3.542399,AT,AKC,urban,persistence
2023-01-09 21:00:00+00:00,1,3.324399,3.343649,AT,AKC,urban,persistence
2023-01-09 22:00:00+00:00,1,3.605,3.324399,AT,AKC,urban,persistence
2023-01-09 23:00:00+00:00,1,3.47545,3.605,AT,AKC,urban,persistence
2023-01-10 00:00:00+00:00,1,3.193799,3.47545,AT,AKC,urban,persistence
2023-01-10 01:00:00+00:00,1,2.89825,3.193799,AT,AKC,urban,persistence
2023-01-10 02:00:00+00:00,1,2.771299,2.89825,AT,AKC,urban,persistence
2023-01-10 03:00:00+00:00,1,2.83045,2.771299,AT,AKC,urban,persistence
2023-01-10 04:00:00+00:00,1,2.870999,2.83045,AT,AKC,urban,persistence
2023-01-10 05:00:00+00:00,1,3.07875,2.870999,AT,AKC,urban,persistence
2023-01-10 06:00:00+00:00,1,3.664599,3.07875,AT,AKC,urban,persistence
2023-01-10 07:00:00+00:00,1,3.946,3.664599,AT,AKC,urban,persistence
2023-01-10 08:00:00+00:00,1,4.42875,3.946,AT,AKC,urban,persistence
2023-01-10 09:00:00+00:00,1,4.25,4.42875,AT,AKC,urban,persistence
2023-01-10 10:00:00+00:00,1,4.279549,4.25,AT,AKC,urban,persistence
2023-01-10 11:00:00+00:00,1,3.979199,4.279549,AT,AKC,urban,persistence
2023-01-10 12:00:00+00:00,1,3.883299,3.979199,AT,AKC,urban,persistence
2023-01-10 13:00:00+00:00,1,3.335949,3.883299,AT,AKC,urban,persistence
2023-01-10 14:00:00+00:00,1,3.00985,3.335949,AT,AKC,urban,persistence
2023-01-10 15:00:00+00:00,1,3.6367,3.00985,AT,AKC,urban,persistence
2023-01-10 16:00:00+00:00,1,3.802599,3.6367,AT,AKC,urban,persistence
2023-01-10 17:00:00+00:00,1,3.53165,3.802599,AT,AKC,urban,persistence
2023-01-10 18:00:00+00:00,1,4.252699,3.53165,AT,AKC,urban,persistence
2023-01-10 19:00:00+00:00,1,4.70195,4.252699,AT,AKC,urban,persistence
2023-01-10 20:00:00+00:00,1,4.0225,4.70195,AT,AKC,urban,persistence
2023-01-10 21:00:00+00:00,1,3.232749,4.0225,AT,AKC,urban,persistence
2023-01-10 22:00:00+00:00,1,3.203249,3.232749,AT,AKC,urban,persistence
2023-01-10 23:00:00+00:00,1,4.124199,3.203249,AT,AKC,urban,persistence
2023-01-11 00:00:00+00:00,1,5.13605,4.124199,AT,AKC,urban,persistence
2023-01-11 01:00:00+00:00,1,5.273949,5.13605,AT,AKC,urban,persistence
2023-01-11 02:00:00+00:00,1,4.8899,5.273949,AT,AKC,urban,persistence
2023-01-11 03:00:00+00:00,1,5.3934,4.8899,AT,AKC,urban,persistence
2023-01-11 04:00:00+00:00,1,8.1315,5.3934,AT,AKC,urban,persistence
2023-01-11 05:00:00+00:00,1,10.632,8.1315,AT,AKC,urban,persistence
2023-01-11 06:00:00+00:00,1,14.387,10.632,AT,AKC,urban,persistence
2023-01-11 07:00:00+00:00,1,12.642,14.387,AT,AKC,urban,persistence
2023-01-11 08:00:00+00:00,1,11.0752,12.642,AT,AKC,urban,persistence
2023-01-11 09:00:00+00:00,1,10.37215,11.0752,AT,AKC,urban,persistence
2023-01-11 10:00:00+00:00,1,6.8301,10.37215,AT,AKC,urban,persistence
2023-01-11 11:00:00+00:00,1,7.170749,6.8301,AT,AKC,urban,persistence
2023-01-11 12:00:00+00:00,1,8.065099,7.170749,AT,AKC,urban,persistence
2023-01-11 13:00:00+00:00,1,7.3611,8.065099,AT,AKC,urban,persistence
2023-01-11 14:00:00+00:00,1,8.93865,7.3611,AT,AKC,urban,persistence
2023-01-11 15:00:00+00:00,1,9.494499,8.93865,AT,AKC,urban,persistence
2023-01-11 16:00:00+00:00,1,9.5058,9.494499,AT,AKC,urban,persistence
2023-01-11 17:00:00+00:00,1,12.4625,9.5058,AT,AKC,urban,persistence
2023-01-11 18:00:00+00:00,1,11.6535,12.4625,AT,AKC,urban,persistence
2023-01-11 19:00:00+00:00,1,3.296599,11.6535,AT,AKC,urban,persistence
2023-01-11 20:00:00+00:00,1,3.233649,3.296599,AT,AKC,urban,persistence
2023-01-11 21:00:00+00:00,1,4.84375,3.233649,AT,AKC,urban,persistence
2023-01-11 22:00:00+00:00,1,5.986299,4.84375,AT,AKC,urban,persistence
2023-01-11 23:00:00+00:00,1,6.1472,5.986299,AT,AKC,urban,persistence
2023-01-12 00:00:00+00:00,1,7.640799,6.1472,AT,AKC,urban,persistence
2023-01-12 01:00:00+00:00,1,6.693449,7.640799,AT,AKC,urban,persistence
2023-01-12 02:00:00+00:00,1,5.86275,6.693449,AT,AKC,urban,persistence
2023-01-12 03:00:00+00:00,1,5.525199,5.86275,AT,AKC,urban,persistence
2023-01-12 04:00:00+00:00,1,4.414999,5.525199,AT,AKC,urban,persistence
2023-01-12 05:00:00+00:00,1,4.5766,4.414999,AT,AKC,urban,persistence
2023-01-12 06:00:00+00:00,1,4.97535,4.5766,AT,AKC,urban,persistence
2023-01-12 07:00:00+00:00,1,3.097849,4.97535,AT,AKC,urban,persistence
2023-01-12 08:00:00+00:00,1,3.564899,3.097849,AT,AKC,urban,persistence
2023-01-12 09:00:00+00:00,1,3.792449,3.564899,AT,AKC,urban,persistence
2023-01-12 10:00:00+00:00,1,3.86765,3.792449,AT,AKC,urban,persistence
2023-01-12 11:00:00+00:00,1,4.125699,3.86765,AT,AKC,urban,persistence
2023-01-12 12:00:00+00:00,1,3.4604,4.125699,AT,AKC,urban,persistence
2023-01-12 13:00:00+00:00,1,3.61425,3.4604,AT,AKC,urban,persistence
2023-01-12 14:00:00+00:00,1,5.116649,3.61425,AT,AKC,urban,persistence
2023-01-12 15:00:00+00:00,1,6.07805,5.116649,AT,AKC,urban,persistence
2023-01-12 16:00:00+00:00,1,9.610549,6.07805,AT,AKC,urban,persistence
2023-01-12 17:00:00+00:00,1,12.0205,9.610549,AT,AKC,urban,persistence
2023-01-12 18:00:00+00:00,1,8.802799,12.0205,AT,AKC,urban,persistence
2023-01-12 19:00:00+00:00,1,7.1682,8.802799,AT,AKC,urban,persistence
2023-01-12 20:00:00+00:00,1,11.6515,7.1682,AT,AKC,urban,persistence
2023-01-12 21:00:00+00:00,1,11.9625,11.6515,AT,AKC,urban,persistence
2023-01-12 22:00:00+00:00,1,8.6089,11.9625,AT,AKC,urban,persistence
2023-01-12 23:00:00+00:00,1,7.1956,8.6089,AT,AKC,urban,persistence
2023-01-13 00:00:00+00:00,1,10.178,7.1956,AT,AKC,urban,persistence
2023-01-13 01:00:00+00:00,1,6.7137,10.178,AT,AKC,urban,persistence
2023-01-13 02:00:00+00:00,1,6.0643,6.7137,AT,AKC,urban,persistence
2023-01-13 03:00:00+00:00,1,5.716799,6.0643,AT,AKC,urban,persistence
2023-01-13 04:00:00+00:00,1,7.057199,5.716799,AT,AKC,urban,persistence
2023-01-13 05:00:00+00:00,1,10.939,7.057199,AT,AKC,urban,persistence
2023-01-13 06:00:00+00:00,1,12.4325,10.939,AT,AKC,urban,persistence
2023-01-13 07:00:00+00:00,1,13.822,12.4325,AT,AKC,urban,persistence
2023-01-13 08:00:00+00:00,1,15.319,13.822,AT,AKC,urban,persistence
2023-01-13 09:00:00+00:00,1,16.927,15.319,AT,AKC,urban,persistence
2023-01-13 10:00:00+00:00,1,17.91,16.927,AT,AKC,urban,persistence
2023-01-13 11:00:00+00:00,1,16.052,17.91,AT,AKC,urban,persistence
2023-01-13 12:00:00+00:00,1,13.905,16.052,AT,AKC,urban,persistence
2023-01-13 13:00:00+00:00,1,15.582,13.905,AT,AKC,urban,persistence
2023-01-13 14:00:00+00:00,1,17.02,15.582,AT,AKC,urban,persistence
2023-01-13 15:00:00+00:00,1,18.7535,17.02,AT,AKC,urban,persistence
2023-01-13 16:00:00+00:00,1,21.992,18.7535,AT,AKC,urban,persistence
2023-01-13 17:00:00+00:00,1,23.988,21.992,AT,AKC,urban,persistence
2023-01-13 18:00:00+00:00,1,19.68,23.988,AT,AKC,urban,persistence
2023-01-13 19:00:00+00:00,1,2.219749,19.68,AT,AKC,urban,persistence
2023-01-13 20:00:00+00:00,1,2.34455,2.219749,AT,AKC,urban,persistence
2023-01-13 21:00:00+00:00,1,2.375549,2.34455,AT,AKC,urban,persistence
2023-01-13 22:00:00+00:00,1,2.5662,2.375549,AT,AKC,urban,persistence
2023-01-13 23:00:00+00:00,1,2.612149,2.5662,AT,AKC,urban,persistence
2023-01-14 00:00:00+00:00,1,2.668349,2.612149,AT,AKC,urban,persistence
2023-01-14 01:00:00+00:00,1,2.709549,2.668349,AT,AKC,urban,persistence
2023-01-14 02:00:00+00:00,1,2.2768,2.709549,AT,AKC,urban,persistence
2023-01-14 03:00:00+00:00,1,2.3642,2.2768,AT,AKC,urban,persistence
2023-01-14 04:00:00+00:00,1,2.509999,2.3642,AT,AKC,urban,persistence
2023-01-14 05:00:00+00:00,1,2.535749,2.509999,AT,AKC,urban,persistence
2023-01-14 06:00:00+00:00,1,2.651949,2.535749,AT,AKC,urban,persistence
2023-01-14 07:00:00+00:00,1,2.914449,2.651949,AT,AKC,urban,persistence
2023-01-14 08:00:00+00:00,1,2.86765,2.914449,AT,AKC,urban,persistence
2023-01-14 09:00:00+00:00,1,2.710549,2.86765,AT,AKC,urban,persistence
2023-01-14 10:00:00+00:00,1,2.936999,2.710549,AT,AKC,urban,persistence
2023-01-14 11:00:00+00:00,1,2.69775,2.936999,AT,AKC,urban,persistence
2023-01-14 12:00:00+00:00,1,2.805399,2.69775,AT,AKC,urban,persistence
2023-01-14 13:00:00+00:00,1,3.50605,2.805399,AT,AKC,urban,persistence
2023-01-14 14:00:00+00:00,1,4.924149,3.50605,AT,AKC,urban,persistence
2023-01-14 15:00:00+00:00,1,7.223099,4.924149,AT,AKC,urban,persistence
2023-01-14 16:00:00+00:00,1,7.63875,7.223099,AT,AKC,urban,persistence
2023-01-14 17:00:00+00:00,1,7.31605,7.63875,AT,AKC,urban,persistence
2023-01-14 18:00:00+00:00,1,8.915051,7.31605,AT,AKC,urban,persistence
2023-01-14 19:00:00+00:00,1,11.8885,8.915051,AT,AKC,urban,persistence
2023-01-14 20:00:00+00:00,1,11.564,11.8885,AT,AKC,urban,persistence
2023-01-14 21:00:00+00:00,1,13.356,11.564,AT,AKC,urban,persistence
2023-01-14 22:00:00+00:00,1,11.246,13.356,AT,AKC,urban,persistence
2023-01-14 23:00:00+00:00,1,10.7705,11.246,AT,AKC,urban,persistence
2023-01-15 00:00:00+00:00,1,11.4785,10.7705,AT,AKC,urban,persistence
2023-01-15 01:00:00+00:00,1,12.761,11.4785,AT,AKC,urban,persistence
2023-01-15 02:00:00+00:00,1,9.71725,12.761,AT,AKC,urban,persistence
2023-01-15 03:00:00+00:00,1,9.18715,9.71725,AT,AKC,urban,persistence
2023-01-15 04:00:00+00:00,1,8.381999,9.18715,AT,AKC,urban,persistence
2023-01-15 05:00:00+00:00,1,7.86875,8.381999,AT,AKC,urban,persistence
2023-01-15 06:00:00+00:00,1,7.676199,7.86875,AT,AKC,urban,persistence
2023-01-15 07:00:00+00:00,1,7.3118,7.676199,AT,AKC,urban,persistence
2023-01-15 08:00:00+00:00,1,7.372149,7.3118,AT,AKC,urban,persistence
2023-01-15 09:00:00+00:00,1,7.777599,7.372149,AT,AKC,urban,persistence
2023-01-15 10:00:00+00:00,1,8.07075,7.777599,AT,AKC,urban,persistence
2023-01-15 11:00:00+00:00,1,8.93865,8.07075,AT,AKC,urban,persistence
2023-01-15 12:00:00+00:00,1,10.5005,8.93865,AT,AKC,urban,persistence
2023-01-15 13:00:00+00:00,1,11.3735,10.5005,AT,AKC,urban,persistence
2023-01-15 14:00:00+00:00,1,11.7945,11.3735,AT,AKC,urban,persistence
2023-01-15 15:00:00+00:00,1,6.3775,11.7945,AT,AKC,urban,persistence
2023-01-15 16:00:00+00:00,1,2.53255,6.3775,AT,AKC,urban,persistence
2023-01-15 17:00:00+00:00,1,1.898249,2.53255,AT,AKC,urban,persistence
2023-01-15 18:00:00+00:00,1,2.226649,1.898249,AT,AKC,urban,persistence
2023-01-15 19:00:00+00:00,1,2.01565,2.226649,AT,AKC,urban,persistence
2023-01-15 20:00:00+00:00,1,2.333849,2.01565,AT,AKC,urban,persistence
2023-01-15 21:00:00+00:00,1,2.478849,2.333849,AT,AKC,urban,persistence
2023-01-15 22:00:00+00:00,1,1.832599,2.478849,AT,AKC,urban,persistence
2023-01-15 23:00:00+00:00,1,1.904649,1.832599,AT,AKC,urban,persistence
2023-01-16 00:00:00+00:00,1,2.024499,1.904649,AT,AKC,urban,persistence
2023-01-16 01:00:00+00:00,1,1.7625,2.024499,AT,AKC,urban,persistence
2023-01-16 02:00:00+00:00,1,1.74705,1.7625,AT,AKC,urban,persistence
2023-01-16 03:00:00+00:00,1,1.941749,1.74705,AT,AKC,urban,persistence
2023-01-16 04:00:00+00:00,1,2.651999,1.941749,AT,AKC,urban,persistence
2023-01-16 05:00:00+00:00,1,2.5081,2.651999,AT,AKC,urban,persistence
2023-01-16 06:00:00+00:00,1,3.2411,2.5081,AT,AKC,urban,persistence
2023-01-16 07:00:00+00:00,1,3.51355,3.2411,AT,AKC,urban,persistence
2023-01-16 08:00:00+00:00,1,3.64015,3.51355,AT,AKC,urban,persistence
2023-01-16 09:00:00+00:00,1,3.4924,3.64015,AT,AKC,urban,persistence
2023-01-16 10:00:00+00:00,1,3.06885,3.4924,AT,AKC,urban,persistence
2023-01-16 11:00:00+00:00,1,5.07415,3.06885,AT,AKC,urban,persistence
2023-01-16 12:00:00+00:00,1,3.536799,5.07415,AT,AKC,urban,persistence
2023-01-16 13:00:00+00:00,1,3.9131,3.536799,AT,AKC,urban,persistence
2023-01-16 14:00:00+00:00,1,5.6219,3.9131,AT,AKC,urban,persistence
2023-01-16 15:00:00+00:00,1,6.160149,5.6219,AT,AKC,urban,persistence
2023-01-16 16:00:00+00:00,1,6.136349,6.160149,AT,AKC,urban,persistence
2023-01-16 17:00:00+00:00,1,6.357649,6.136349,AT,AKC,urban,persistence
2023-01-16 18:00:00+00:00,1,7.664849,6.357649,AT,AKC,urban,persistence
2023-01-16 19:00:00+00:00,1,7.092999,7.664849,AT,AKC,urban,persistence
2023-01-16 20:00:00+00:00,1,7.4271,7.092999,AT,AKC,urban,persistence
2023-01-16 21:00:00+00:00,1,8.293849,7.4271,AT,AKC,urban,persistence
2023-01-16 22:00:00+00:00,1,8.3294,8.293849,AT,AKC,urban,persistence
2023-01-16 23:00:00+00:00,1,8.264499,8.3294,AT,AKC,urban,persistence
2023-01-17 00:00:00+00:00,1,9.4701,8.264499,AT,AKC,urban,persistence
2023-01-17 01:00:00+00:00,1,11.821,9.4701,AT,AKC,urban,persistence
2023-01-17 02:00:00+00:00,1,11.7465,11.821,AT,AKC,urban,persistence
2023-01-17 03:00:00+00:00,1,12.2975,11.7465,AT,AKC,urban,persistence
2023-01-17 04:00:00+00:00,1,13.188,12.2975,AT,AKC,urban,persistence
2023-01-17 05:00:00+00:00,1,14.8205,13.188,AT,AKC,urban,persistence
2023-01-17 06:00:00+00:00,1,16.3695,14.8205,AT,AKC,urban,persistence
2023-01-17 07:00:00+00:00,1,15.4205,16.3695,AT,AKC,urban,persistence
2023-01-17 08:00:00+00:00,1,16.1035,15.4205,AT,AKC,urban,persistence
2023-01-17 09:00:00+00:00,1,10.28275,16.1035,AT,AKC,urban,persistence
2023-01-17 10:00:00+00:00,1,6.10995,10.28275,AT,AKC,urban,persistence
2023-01-17 11:00:00+00:00,1,3.934599,6.10995,AT,AKC,urban,persistence
2023-01-17 12:00:00+00:00,1,5.003049,3.934599,AT,AKC,urban,persistence
2023-01-17 13:00:00+00:00,1,5.29635,5.003049,AT,AKC,urban,persistence
2023-01-17 14:00:00+00:00,1,7.737999,5.29635,AT,AKC,urban,persistence
2023-01-17 15:00:00+00:00,1,7.336999,7.737999,AT,AKC,urban,persistence
2023-01-17 16:00:00+00:00,1,5.69925,7.336999,AT,AKC,urban,persistence
2023-01-17 17:00:00+00:00,1,4.21735,5.69925,AT,AKC,urban,persistence
2023-01-17 18:00:00+00:00,1,4.250299,4.21735,AT,AKC,urban,persistence
2023-01-17 19:00:00+00:00,1,4.97725,4.250299,AT,AKC,urban,persistence
2023-01-17 20:00:00+00:00,1,5.811999,4.97725,AT,AKC,urban,persistence
2023-01-17 21:00:00+00:00,1,6.843299,5.811999,AT,AKC,urban,persistence
2023-01-17 22:00:00+00:00,1,6.230899,6.843299,AT,AKC,urban,persistence
2023-01-17 23:00:00+00:00,1,4.4911,6.230899,AT,AKC,urban,persistence
2023-01-18 00:00:00+00:00,1,4.1367,4.4911,AT,AKC,urban,persistence
2023-01-18 01:00:00+00:00,1,4.012499,4.1367,AT,AKC,urban,persistence
2023-01-18 02:00:00+00:00,1,4.733349,4.012499,AT,AKC,urban,persistence
2023-01-18 03:00:00+00:00,1,6.052749,4.733349,AT,AKC,urban,persistence
2023-01-18 04:00:00+00:00,1,7.176049,6.052749,AT,AKC,urban,persistence
2023-01-18 05:00:00+00:00,1,10.8275,7.176049,AT,AKC,urban,persistence
2023-01-18 06:00:00+00:00,1,13.8275,10.8275,AT,AKC,urban,persistence
2023-01-18 07:00:00+00:00,1,14.335,13.8275,AT,AKC,urban,persistence
2023-01-18 08:00:00+00:00,1,9.498399,14.335,AT,AKC,urban,persistence
2023-01-18 09:00:00+00:00,1,6.501749,9.498399,AT,AKC,urban,persistence
2023-01-18 10:00:00+00:00,1,4.426149,6.501749,AT,AKC,urban,persistence
2023-01-18 11:00:00+00:00,1,2.47755,4.426149,AT,AKC,urban,persistence
2023-01-18 12:00:00+00:00,1,2.683249,2.47755,AT,AKC,urban,persistence
2023-01-18 13:00:00+00:00,1,4.5748,2.683249,AT,AKC,urban,persistence
2023-01-18 14:00:00+00:00,1,4.352,4.5748,AT,AKC,urban,persistence
2023-01-18 15:00:00+00:00,1,7.142849,4.352,AT,AKC,urban,persistence
2023-01-18 16:00:00+00:00,1,11.049,7.142849,AT,AKC,urban,persistence
2023-01-18 17:00:00+00:00,1,15.167,11.049,AT,AKC,urban,persistence
2023-01-18 18:00:00+00:00,1,13.2015,15.167,AT,AKC,urban,persistence
2023-01-18 19:00:00+00:00,1,14.5645,13.2015,AT,AKC,urban,persistence
2023-01-18 20:00:00+00:00,1,12.2085,14.5645,AT,AKC,urban,persistence
2023-01-18 21:00:00+00:00,1,6.894399,12.2085,AT,AKC,urban,persistence
2023-01-18 22:00:00+00:00,1,10.2098,6.894399,AT,AKC,urban,persistence
2023-01-18 23:00:00+00:00,1,10.1305,10.2098,AT,AKC,urban,persistence
2023-01-19 00:00:00+00:00,1,10.6275,10.1305,AT,AKC,urban,persistence
2023-01-19 01:00:00+00:00,1,10.457,10.6275,AT,AKC,urban,persistence
2023-01-19 02:00:00+00:00,1,9.77725,10.457,AT,AKC,urban,persistence
2023-01-19 03:00:00+00:00,1,11.786,9.77725,AT,AKC,urban,persistence
2023-01-19 04:00:00+00:00,1,13.561,11.786,AT,AKC,urban,persistence
2023-01-19 05:00:00+00:00,1,13.31,13.561,AT,AKC,urban,persistence
2023-01-19 06:00:00+00:00,1,11.2025,13.31,AT,AKC,urban,persistence
2023-01-19 07:00:00+00:00,1,11.418,11.2025,AT,AKC,urban,persistence
2023-01-19 08:00:00+00:00,1,10.186,11.418,AT,AKC,urban,persistence
2023-01-19 09:00:00+00:00,1,10.29605,10.186,AT,AKC,urban,persistence
2023-01-19 10:00:00+00:00,1,8.70335,10.29605,AT,AKC,urban,persistence
2023-01-19 11:00:00+00:00,1,7.4804,8.70335,AT,AKC,urban,persistence
2023-01-19 12:00:00+00:00,1,12.19405,7.4804,AT,AKC,urban,persistence
2023-01-19 13:00:00+00:00,1,16.731,12.19405,AT,AKC,urban,persistence
2023-01-19 14:00:00+00:00,1,19.1165,16.731,AT,AKC,urban,persistence
2023-01-19 15:00:00+00:00,1,18.8475,19.1165,AT,AKC,urban,persistence
2023-01-19 16:00:00+00:00,1,18.1735,18.8475,AT,AKC,urban,persistence
2023-01-19 17:00:00+00:00,1,18.259,18.1735,AT,AKC,urban,persistence
2023-01-19 18:00:00+00:00,1,18.194,18.259,AT,AKC,urban,persistence
2023-01-19 19:00:00+00:00,1,18.134,18.194,AT,AKC,urban,persistence
2023-01-19 20:00:00+00:00,1,17.573,18.134,AT,AKC,urban,persistence
2023-01-19 21:00:00+00:00,1,15.5255,17.573,AT,AKC,urban,persistence
2023-01-19 22:00:00+00:00,1,13.1255,15.5255,AT,AKC,urban,persistence
2023-01-19 23:00:00+00:00,1,14.1895,13.1255,AT,AKC,urban,persistence
2023-01-20 00:00:00+00:00,1,15.693,14.1895,AT,AKC,urban,persistence
2023-01-20 01:00:00+00:00,1,16.3,15.693,AT,AKC,urban,persistence
2023-01-20 02:00:00+00:00,1,13.7965,16.3,AT,AKC,urban,persistence
2023-01-20 03:00:00+00:00,1,15.019,13.7965,AT,AKC,urban,persistence
2023-01-20 04:00:00+00:00,1,16.6735,15.019,AT,AKC,urban,persistence
2023-01-20 05:00:00+00:00,1,16.158,16.6735,AT,AKC,urban,persistence
2023-01-20 06:00:00+00:00,1,15.4945,16.158,AT,AKC,urban,persistence
2023-01-20 07:00:00+00:00,1,15.1745,15.4945,AT,AKC,urban,persistence
2023-01-20 08:00:00+00:00,1,12.9225,15.1745,AT,AKC,urban,persistence
2023-01-20 09:00:00+00:00,1,13.519,12.9225,AT,AKC,urban,persistence
2023-01-20 10:00:00+00:00,1,14.4065,13.519,AT,AKC,urban,persistence
2023-01-20 11:00:00+00:00,1,13.345,14.4065,AT,AKC,urban,persistence
2023-01-20 12:00:00+00:00,1,12.82,13.345,AT,AKC,urban,persistence
2023-01-20 13:00:00+00:00,1,13.432,12.82,AT,AKC,urban,persistence
2023-01-20 14:00:00+00:00,1,13.819,13.432,AT,AKC,urban,persistence
2023-01-20 15:00:00+00:00,1,13.887,13.819,AT,AKC,urban,persistence
2023-01-20 16:00:00+00:00,1,12.755,13.887,AT,AKC,urban,persistence
2023-01-20 17:00:00+00:00,1,13.2335,12.755,AT,AKC,urban,persistence
2023-01-20 18:00:00+00:00,1,15.7465,13.2335,AT,AKC,urban,persistence
2023-01-20 19:00:00+00:00,1,16.799,15.7465,AT,AKC,urban,persistence
2023-01-20 20:00:00+00:00,1,15.712,16.799,AT,AKC,urban,persistence
2023-01-20 21:00:00+00:00,1,16.1855,15.712,AT,AKC,urban,persistence
2023-01-20 22:00:00+00:00,1,13.7775,16.1855,AT,AKC,urban,persistence
2023-01-20 23:00:00+00:00,1,12.8085,13.7775,AT,AKC,urban,persistence
2023-01-21 00:00:00+00:00,1,9.801899,12.8085,AT,AKC,urban,persistence
2023-01-21 01:00:00+00:00,1,9.3192,9.801899,AT,AKC,urban,persistence
2023-01-21 02:00:00+00:00,1,8.800749,9.3192,AT,AKC,urban,persistence
2023-01-21 03:00:00+00:00,1,9.3698,8.800749,AT,AKC,urban,persistence
2023-01-21 04:00:00+00:00,1,8.5655,9.3698,AT,AKC,urban,persistence
2023-01-21 05:00:00+00:00,1,8.320899,8.5655,AT,AKC,urban,persistence
2023-01-21 06:00:00+00:00,1,7.396399,8.320899,AT,AKC,urban,persistence
2023-01-21 07:00:00+00:00,1,6.4326,7.396399,AT,AKC,urban,persistence
2023-01-21 08:00:00+00:00,1,6.23255,6.4326,AT,AKC,urban,persistence
2023-01-21 09:00:00+00:00,1,5.928899,6.23255,AT,AKC,urban,persistence
2023-01-21 10:00:00+00:00,1,5.9846,5.928899,AT,AKC,urban,persistence
2023-01-21 11:00:00+00:00,1,6.665349,5.9846,AT,AKC,urban,persistence
2023-01-21 12:00:00+00:00,1,6.973549,6.665349,AT,AKC,urban,persistence
2023-01-21 13:00:00+00:00,1,7.08885,6.973549,AT,AKC,urban,persistence
2023-01-21 14:00:00+00:00,1,7.42195,7.08885,AT,AKC,urban,persistence
2023-01-21 15:00:00+00:00,1,7.952099,7.42195,AT,AKC,urban,persistence
2023-01-21 16:00:00+00:00,1,9.520849,7.952099,AT,AKC,urban,persistence
2023-01-21 17:00:00+00:00,1,10.788,9.520849,AT,AKC,urban,persistence
2023-01-21 18:00:00+00:00,1,11.9095,10.788,AT,AKC,urban,persistence
2023-01-21 19:00:00+00:00,1,12.565,11.9095,AT,AKC,urban,persistence
2023-01-21 20:00:00+00:00,1,10.982,12.565,AT,AKC,urban,persistence
2023-01-21 21:00:00+00:00,1,11.284,10.982,AT,AKC,urban,persistence
2023-01-21 22:00:00+00:00,1,13.035,11.284,AT,AKC,urban,persistence
2023-01-21 23:00:00+00:00,1,14.64,13.035,AT,AKC,urban,persistence
2023-01-22 00:00:00+00:00,1,15.177,14.64,AT,AKC,urban,persistence
2023-01-22 01:00:00+00:00,1,17.0795,15.177,AT,AKC,urban,persistence
2023-01-22 02:00:00+00:00,1,16.623,17.0795,AT,AKC,urban,persistence
2023-01-22 03:00:00+00:00,1,16.3385,16.623,AT,AKC,urban,persistence
2023-01-22 04:00:00+00:00,1,16.077,16.3385,AT,AKC,urban,persistence
2023-01-22 05:00:00+00:00,1,13.9065,16.077,AT,AKC,urban,persistence
2023-01-22 06:00:00+00:00,1,10.502,13.9065,AT,AKC,urban,persistence
2023-01-22 07:00:00+00:00,1,7.974699,10.502,AT,AKC,urban,persistence
2023-01-22 08:00:00+00:00,1,8.520799,7.974699,AT,AKC,urban,persistence
2023-01-22 09:00:00+00:00,1,8.774299,8.520799,AT,AKC,urban,persistence
2023-01-22 10:00:00+00:00,1,8.079999,8.774299,AT,AKC,urban,persistence
2023-01-22 11:00:00+00:00,1,10.0451,8.079999,AT,AKC,urban,persistence
2023-01-22 12:00:00+00:00,1,10.9205,10.0451,AT,AKC,urban,persistence
2023-01-22 13:00:00+00:00,1,11.3585,10.9205,AT,AKC,urban,persistence
2023-01-22 14:00:00+00:00,1,13.049,11.3585,AT,AKC,urban,persistence
2023-01-22 15:00:00+00:00,1,15.5965,13.049,AT,AKC,urban,persistence
2023-01-22 16:00:00+00:00,1,15.6725,15.5965,AT,AKC,urban,persistence
2023-01-22 17:00:00+00:00,1,15.9265,15.6725,AT,AKC,urban,persistence
2023-01-22 18:00:00+00:00,1,16.32,15.9265,AT,AKC,urban,persistence
2023-01-22 19:00:00+00:00,1,16.768,16.32,AT,AKC,urban,persistence
2023-01-22 20:00:00+00:00,1,16.86,16.768,AT,AKC,urban,persistence
2023-01-22 21:00:00+00:00,1,18.525,16.86,AT,AKC,urban,persistence
2023-01-22 22:00:00+00:00,1,19.9085,18.525,AT,AKC,urban,persistence
2023-01-22 23:00:00+00:00,1,19.3865,19.9085,AT,AKC,urban,persistence
2023-01-23 00:00:00+00:00,1,20.504,19.3865,AT,AKC,urban,persistence
2023-01-23 01:00:00+00:00,1,21.624,20.504,AT,AKC,urban,persistence
2023-01-23 02:00:00+00:00,1,22.5375,21.624,AT,AKC,urban,persistence
2023-01-23 03:00:00+00:00,1,23.4905,22.5375,AT,AKC,urban,persistence
2023-01-23 04:00:00+00:00,1,19.8,23.4905,AT,AKC,urban,persistence
2023-01-23 05:00:00+00:00,1,16.247,19.8,AT,AKC,urban,persistence
2023-01-23 06:00:00+00:00,1,15.733,16.247,AT,AKC,urban,persistence
2023-01-23 07:00:00+00:00,1,16.9455,15.733,AT,AKC,urban,persistence
2023-01-23 08:00:00+00:00,1,16.1965,16.9455,AT,AKC,urban,persistence
2023-01-23 09:00:00+00:00,1,13.8265,16.1965,AT,AKC,urban,persistence
2023-01-23 10:00:00+00:00,1,14.635,13.8265,AT,AKC,urban,persistence
2023-01-23 11:00:00+00:00,1,14.826,14.635,AT,AKC,urban,persistence
2023-01-23 12:00:00+00:00,1,14.3295,14.826,AT,AKC,urban,persistence
2023-01-23 13:00:00+00:00,1,13.1005,14.3295,AT,AKC,urban,persistence
2023-01-23 14:00:00+00:00,1,12.3935,13.1005,AT,AKC,urban,persistence
2023-01-23 15:00:00+00:00,1,13.339,12.3935,AT,AKC,urban,persistence
2023-01-23 16:00:00+00:00,1,14.4825,13.339,AT,AKC,urban,persistence
2023-01-23 17:00:00+00:00,1,15.5415,14.4825,AT,AKC,urban,persistence
2023-01-23 18:00:00+00:00,1,16.6675,15.5415,AT,AKC,urban,persistence
2023-01-23 19:00:00+00:00,1,16.8995,16.6675,AT,AKC,urban,persistence
2023-01-23 20:00:00+00:00,1,16.14,16.8995,AT,AKC,urban,persistence
2023-01-23 21:00:00+00:00,1,15.7565,16.14,AT,AKC,urban,persistence
2023-01-23 22:00:00+00:00,1,15.3425,15.7565,AT,AKC,urban,persistence
2023-01-23 23:00:00+00:00,1,15.27,15.3425,AT,AKC,urban,persistence
2023-01-24 00:00:00+00:00,1,14.8255,15.27,AT,AKC,urban,persistence
2023-01-24 01:00:00+00:00,1,14.408,14.8255,AT,AKC,urban,persistence
2023-01-24 02:00:00+00:00,1,14.313,14.408,AT,AKC,urban,persistence
2023-01-24 03:00:00+00:00,1,15.4585,14.313,AT,AKC,urban,persistence
2023-01-24 04:00:00+00:00,1,16.638,15.4585,AT,AKC,urban,persistence
2023-01-24 05:00:00+00:00,1,18.18,16.638,AT,AKC,urban,persistence
2023-01-24 06:00:00+00:00,1,18.922,18.18,AT,AKC,urban,persistence
2023-01-24 07:00:00+00:00,1,19.422,18.922,AT,AKC,urban,persistence
2023-01-24 08:00:00+00:00,1,19.8095,19.422,AT,AKC,urban,persistence
2023-01-24 09:00:00+00:00,1,18.504,19.8095,AT,AKC,urban,persistence
2023-01-24 10:00:00+00:00,1,17.8165,18.504,AT,AKC,urban,persistence
2023-01-24 11:00:00+00:00,1,16.899,17.8165,AT,AKC,urban,persistence
2023-01-24 12:00:00+00:00,1,15.66,16.899,AT,AKC,urban,persistence
2023-01-24 13:00:00+00:00,1,15.106,15.66,AT,AKC,urban,persistence
2023-01-24 14:00:00+00:00,1,14.409,15.106,AT,AKC,urban,persistence
2023-01-24 15:00:00+00:00,1,13.6555,14.409,AT,AKC,urban,persistence
2023-01-24 16:00:00+00:00,1,14.179,13.6555,AT,AKC,urban,persistence
2023-01-24 17:00:00+00:00,1,14.551,14.179,AT,AKC,urban,persistence
2023-01-24 18:00:00+00:00,1,14.0595,14.551,AT,AKC,urban,persistence
2023-01-24 19:00:00+00:00,1,13.8015,14.0595,AT,AKC,urban,persistence
2023-01-24 20:00:00+00:00,1,14.0615,13.8015,AT,AKC,urban,persistence
2023-01-24 21:00:00+00:00,1,14.1775,14.0615,AT,AKC,urban,persistence
2023-01-24 22:00:00+00:00,1,12.9025,14.1775,AT,AKC,urban,persistence
2023-01-24 23:00:00+00:00,1,12.2175,12.9025,AT,AKC,urban,persistence
2023-01-25 00:00:00+00:00,1,12.294,12.2175,AT,AKC,urban,persistence
2023-01-25 01:00:00+00:00,1,12.943,12.294,AT,AKC,urban,persistence
2023-01-25 02:00:00+00:00,1,13.376,12.943,AT,AKC,urban,persistence
2023-01-25 03:00:00+00:00,1,14.9275,13.376,AT,AKC,urban,persistence
2023-01-25 04:00:00+00:00,1,15.56,14.9275,AT,AKC,urban,persistence
2023-01-25 05:00:00+00:00,1,14.3765,15.56,AT,AKC,urban,persistence
2023-01-25 06:00:00+00:00,1,15.285,14.3765,AT,AKC,urban,persistence
2023-01-25 07:00:00+00:00,1,14.6195,15.285,AT,AKC,urban,persistence
2023-01-25 08:00:00+00:00,1,12.797,14.6195,AT,AKC,urban,persistence
2023-01-25 09:00:00+00:00,1,12.307,12.797,AT,AKC,urban,persistence
2023-01-25 10:00:00+00:00,1,14.08,12.307,AT,AKC,urban,persistence
2023-01-25 11:00:00+00:00,1,14.4265,14.08,AT,AKC,urban,persistence
2023-01-25 12:00:00+00:00,1,15.243,14.4265,AT,AKC,urban,persistence
2023-01-25 13:00:00+00:00,1,15.3875,15.243,AT,AKC,urban,persistence
2023-01-25 14:00:00+00:00,1,16.1685,15.3875,AT,AKC,urban,persistence
2023-01-25 15:00:00+00:00,1,16.737,16.1685,AT,AKC,urban,persistence
2023-01-25 16:00:00+00:00,1,18.0385,16.737,AT,AKC,urban,persistence
2023-01-25 17:00:00+00:00,1,18.872,18.0385,AT,AKC,urban,persistence
2023-01-25 18:00:00+00:00,1,21.333,18.872,AT,AKC,urban,persistence
2023-01-25 19:00:00+00:00,1,22.148,21.333,AT,AKC,urban,persistence
2023-01-25 20:00:00+00:00,1,21.675,22.148,AT,AKC,urban,persistence
2023-01-25 21:00:00+00:00,1,15.0715,21.675,AT,AKC,urban,persistence
2023-01-25 22:00:00+00:00,1,11.102,15.0715,AT,AKC,urban,persistence
2023-01-25 23:00:00+00:00,1,8.5578,11.102,AT,AKC,urban,persistence
2023-01-26 00:00:00+00:00,1,8.744299,8.5578,AT,AKC,urban,persistence
2023-01-26 01:00:00+00:00,1,9.3759,8.744299,AT,AKC,urban,persistence
2023-01-26 02:00:00+00:00,1,10.4785,9.3759,AT,AKC,urban,persistence
2023-01-26 03:00:00+00:00,1,11.0175,10.4785,AT,AKC,urban,persistence
2023-01-26 04:00:00+00:00,1,12.3205,11.0175,AT,AKC,urban,persistence
2023-01-26 05:00:00+00:00,1,13.706,12.3205,AT,AKC,urban,persistence
2023-01-26 06:00:00+00:00,1,14.71,13.706,AT,AKC,urban,persistence
2023-01-26 07:00:00+00:00,1,17.178,14.71,AT,AKC,urban,persistence
2023-01-26 08:00:00+00:00,1,17.8585,17.178,AT,AKC,urban,persistence
2023-01-26 09:00:00+00:00,1,18.0745,17.8585,AT,AKC,urban,persistence
2023-01-26 10:00:00+00:00,1,18.07,18.0745,AT,AKC,urban,persistence
2023-01-26 11:00:00+00:00,1,21.321,18.07,AT,AKC,urban,persistence
2023-01-26 12:00:00+00:00,1,21.31,21.321,AT,AKC,urban,persistence
2023-01-26 13:00:00+00:00,1,20.363,21.31,AT,AKC,urban,persistence
2023-01-26 14:00:00+00:00,1,17.6915,20.363,AT,AKC,urban,persistence
2023-01-26 15:00:00+00:00,1,15.5,17.6915,AT,AKC,urban,persistence
2023-01-26 16:00:00+00:00,1,15.911,15.5,AT,AKC,urban,persistence
2023-01-26 17:00:00+00:00,1,15.8995,15.911,AT,AKC,urban,persistence
2023-01-26 18:00:00+00:00,1,12.8425,15.8995,AT,AKC,urban,persistence
2023-01-26 19:00:00+00:00,1,10.992,12.8425,AT,AKC,urban,persistence
2023-01-26 20:00:00+00:00,1,11.9105,10.992,AT,AKC,urban,persistence
2023-01-26 21:00:00+00:00,1,12.106,11.9105,AT,AKC,urban,persistence
2023-01-26 22:00:00+00:00,1,11.6545,12.106,AT,AKC,urban,persistence
2023-01-26 23:00:00+00:00,1,8.707149,11.6545,AT,AKC,urban,persistence
2023-01-27 00:00:00+00:00,1,7.909399,8.707149,AT,AKC,urban,persistence
2023-01-27 01:00:00+00:00,1,11.4585,7.909399,AT,AKC,urban,persistence
2023-01-27 02:00:00+00:00,1,12.041,11.4585,AT,AKC,urban,persistence
2023-01-27 03:00:00+00:00,1,11.4455,12.041,AT,AKC,urban,persistence
2023-01-27 04:00:00+00:00,1,10.7705,11.4455,AT,AKC,urban,persistence
2023-01-27 05:00:00+00:00,1,11.9525,10.7705,AT,AKC,urban,persistence
2023-01-27 06:00:00+00:00,1,13.1175,11.9525,AT,AKC,urban,persistence
2023-01-27 07:00:00+00:00,1,14.125,13.1175,AT,AKC,urban,persistence
2023-01-27 08:00:00+00:00,1,16.358,14.125,AT,AKC,urban,persistence
2023-01-27 09:00:00+00:00,1,17.777,16.358,AT,AKC,urban,persistence
2023-01-27 10:00:00+00:00,1,18.683,17.777,AT,AKC,urban,persistence
2023-01-27 11:00:00+00:00,1,18.894,18.683,AT,AKC,urban,persistence
2023-01-27 12:00:00+00:00,1,19.4865,18.894,AT,AKC,urban,persistence
2023-01-27 13:00:00+00:00,1,22.044,19.4865,AT,AKC,urban,persistence
2023-01-27 14:00:00+00:00,1,23.8235,22.044,AT,AKC,urban,persistence
2023-01-27 15:00:00+00:00,1,23.28,23.8235,AT,AKC,urban,persistence
2023-01-27 16:00:00+00:00,1,20.061,23.28,AT,AKC,urban,persistence
2023-01-27 17:00:00+00:00,1,19.993,20.061,AT,AKC,urban,persistence
2023-01-27 18:00:00+00:00,1,19.56,19.993,AT,AKC,urban,persistence
2023-01-27 19:00:00+00:00,1,19.825,19.56,AT,AKC,urban,persistence
2023-01-27 20:00:00+00:00,1,19.6415,19.825,AT,AKC,urban,persistence
2023-01-27 21:00:00+00:00,1,19.1045,19.6415,AT,AKC,urban,persistence
2023-01-27 22:00:00+00:00,1,18.3915,19.1045,AT,AKC,urban,persistence
2023-01-27 23:00:00+00:00,1,18.0395,18.3915,AT,AKC,urban,persistence
2023-01-28 00:00:00+00:00,1,19.916,18.0395,AT,AKC,urban,persistence
2023-01-28 01:00:00+00:00,1,20.2295,19.916,AT,AKC,urban,persistence
2023-01-28 02:00:00+00:00,1,20.2755,20.2295,AT,AKC,urban,persistence
2023-01-28 03:00:00+00:00,1,20.9485,20.2755,AT,AKC,urban,persistence
2023-01-28 04:00:00+00:00,1,19.48,20.9485,AT,AKC,urban,persistence
2023-01-28 05:00:00+00:00,1,18.4775,19.48,AT,AKC,urban,persistence
2023-01-28 06:00:00+00:00,1,19.7115,18.4775,AT,AKC,urban,persistence
2023-01-28 07:00:00+00:00,1,19.2885,19.7115,AT,AKC,urban,persistence
2023-01-28 08:00:00+00:00,1,18.4545,19.2885,AT,AKC,urban,persistence
2023-01-28 09:00:00+00:00,1,17.9605,18.4545,AT,AKC,urban,persistence
2023-01-28 10:00:00+00:00,1,19.65,17.9605,AT,AKC,urban,persistence
2023-01-28 11:00:00+00:00,1,18.2305,19.65,AT,AKC,urban,persistence
2023-01-28 12:00:00+00:00,1,18.2605,18.2305,AT,AKC,urban,persistence
2023-01-28 13:00:00+00:00,1,17.6945,18.2605,AT,AKC,urban,persistence
2023-01-28 14:00:00+00:00,1,17.674,17.6945,AT,AKC,urban,persistence
2023-01-28 15:00:00+00:00,1,16.8865,17.674,AT,AKC,urban,persistence
2023-01-28 16:00:00+00:00,1,16.431,16.8865,AT,AKC,urban,persistence
2023-01-28 17:00:00+00:00,1,13.1115,16.431,AT,AKC,urban,persistence
2023-01-28 18:00:00+00:00,1,12.2525,13.1115,AT,AKC,urban,persistence
2023-01-28 19:00:00+00:00,1,11.927,12.2525,AT,AKC,urban,persistence
2023-01-28 20:00:00+00:00,1,10.8235,11.927,AT,AKC,urban,persistence
2023-01-28 21:00:00+00:00,1,10.2065,10.8235,AT,AKC,urban,persistence
2023-01-28 22:00:00+00:00,1,9.9941,10.2065,AT,AKC,urban,persistence
2023-01-28 23:00:00+00:00,1,9.8176,9.9941,AT,AKC,urban,persistence
2023-01-29 00:00:00+00:00,1,9.39245,9.8176,AT,AKC,urban,persistence
2023-01-29 01:00:00+00:00,1,9.091699,9.39245,AT,AKC,urban,persistence
2023-01-29 02:00:00+00:00,1,9.61365,9.091699,AT,AKC,urban,persistence
2023-01-29 03:00:00+00:00,1,9.674799,9.61365,AT,AKC,urban,persistence
2023-01-29 04:00:00+00:00,1,9.116649,9.674799,AT,AKC,urban,persistence
2023-01-29 05:00:00+00:00,1,10.1275,9.116649,AT,AKC,urban,persistence
2023-01-29 06:00:00+00:00,1,10.73,10.1275,AT,AKC,urban,persistence
2023-01-29 07:00:00+00:00,1,11.966,10.73,AT,AKC,urban,persistence
2023-01-29 08:00:00+00:00,1,13.457,11.966,AT,AKC,urban,persistence
2023-01-29 09:00:00+00:00,1,14.9745,13.457,AT,AKC,urban,persistence
2023-01-29 10:00:00+00:00,1,15.1935,14.9745,AT,AKC,urban,persistence
2023-01-29 11:00:00+00:00,1,15.4915,15.1935,AT,AKC,urban,persistence
2023-01-29 12:00:00+00:00,1,15.3945,15.4915,AT,AKC,urban,persistence
2023-01-29 13:00:00+00:00,1,15.043,15.3945,AT,AKC,urban,persistence
2023-01-29 14:00:00+00:00,1,15.7535,15.043,AT,AKC,urban,persistence
2023-01-29 15:00:00+00:00,1,15.3455,15.7535,AT,AKC,urban,persistence
2023-01-29 16:00:00+00:00,1,14.71,15.3455,AT,AKC,urban,persistence
2023-01-29 17:00:00+00:00,1,13.8485,14.71,AT,AKC,urban,persistence
2023-01-29 18:00:00+00:00,1,13.103,13.8485,AT,AKC,urban,persistence
2023-01-29 19:00:00+00:00,1,13.6265,13.103,AT,AKC,urban,persistence
2023-01-29 20:00:00+00:00,1,15.2615,13.6265,AT,AKC,urban,persistence
2023-01-29 21:00:00+00:00,1,16.6125,15.2615,AT,AKC,urban,persistence
2023-01-29 22:00:00+00:00,1,17.3035,16.6125,AT,AKC,urban,persistence
2023-01-29 23:00:00+00:00,1,17.8625,17.3035,AT,AKC,urban,persistence
2023-01-30 00:00:00+00:00,1,18.2435,17.8625,AT,AKC,urban,persistence
2023-01-30 01:00:00+00:00,1,17.7315,18.2435,AT,AKC,urban,persistence
2023-01-30 02:00:00+00:00,1,16.2525,17.7315,AT,AKC,urban,persistence
2023-01-30 03:00:00+00:00,1,16.7395,16.2525,AT,AKC,urban,persistence
2023-01-30 04:00:00+00:00,1,17.9755,16.7395,AT,AKC,urban,persistence
2023-01-30 05:00:00+00:00,1,17.344,17.9755,AT,AKC,urban,persistence
2023-01-30 06:00:00+00:00,1,15.774,17.344,AT,AKC,urban,persistence
2023-01-30 07:00:00+00:00,1,15.1585,15.774,AT,AKC,urban,persistence
2023-01-30 08:00:00+00:00,1,12.648,15.1585,AT,AKC,urban,persistence
2023-01-30 09:00:00+00:00,1,8.5247,12.648,AT,AKC,urban,persistence
2023-01-30 10:00:00+00:00,1,7.522349,8.5247,AT,AKC,urban,persistence
2023-01-30 11:00:00+00:00,1,7.59875,7.522349,AT,AKC,urban,persistence
2023-01-30 12:00:00+00:00,1,7.87615,7.59875,AT,AKC,urban,persistence
2023-01-30 13:00:00+00:00,1,6.90075,7.87615,AT,AKC,urban,persistence
2023-01-30 14:00:00+00:00,1,7.398149,6.90075,AT,AKC,urban,persistence
2023-01-30 15:00:00+00:00,1,7.7817,7.398149,AT,AKC,urban,persistence
2023-01-30 16:00:00+00:00,1,6.4941,7.7817,AT,AKC,urban,persistence
2023-01-30 17:00:00+00:00,1,7.2673,6.4941,AT,AKC,urban,persistence
2023-01-30 18:00:00+00:00,1,7.368149,7.2673,AT,AKC,urban,persistence
2023-01-30 19:00:00+00:00,1,6.660599,7.368149,AT,AKC,urban,persistence
2023-01-30 20:00:00+00:00,1,6.813449,6.660599,AT,AKC,urban,persistence
2023-01-30 21:00:00+00:00,1,5.23945,6.813449,AT,AKC,urban,persistence
2023-01-30 22:00:00+00:00,1,4.3723,5.23945,AT,AKC,urban,persistence
2023-01-30 23:00:00+00:00,1,3.8571,4.3723,AT,AKC,urban,persistence
2023-01-31 00:00:00+00:00,1,4.869599,3.8571,AT,AKC,urban,persistence
2023-01-31 01:00:00+00:00,1,5.0977,4.869599,AT,AKC,urban,persistence
2023-01-31 02:00:00+00:00,1,4.69435,5.0977,AT,AKC,urban,persistence
2023-01-31 03:00:00+00:00,1,3.825049,4.69435,AT,AKC,urban,persistence
2023-01-31 04:00:00+00:00,1,3.4832,3.825049,AT,AKC,urban,persistence
2023-01-31 05:00:00+00:00,1,3.425649,3.4832,AT,AKC,urban,persistence
2023-01-31 06:00:00+00:00,1,4.05675,3.425649,AT,AKC,urban,persistence
2023-01-31 07:00:00+00:00,1,3.1452,4.05675,AT,AKC,urban,persistence
2023-01-31 08:00:00+00:00,1,6.633699,3.1452,AT,AKC,urban,persistence
2023-01-31 09:00:00+00:00,1,5.987099,6.633699,AT,AKC,urban,persistence
2023-01-31 10:00:00+00:00,1,5.3934,5.987099,AT,AKC,urban,persistence
2023-01-31 11:00:00+00:00,1,6.60575,5.3934,AT,AKC,urban,persistence
2023-01-31 12:00:00+00:00,1,6.427849,6.60575,AT,AKC,urban,persistence
2023-01-31 13:00:00+00:00,1,5.623849,6.427849,AT,AKC,urban,persistence
2023-01-31 14:00:00+00:00,1,5.517099,5.623849,AT,AKC,urban,persistence
2023-01-31 15:00:00+00:00,1,6.53775,5.517099,AT,AKC,urban,persistence
2023-01-31 16:00:00+00:00,1,5.908299,6.53775,AT,AKC,urban,persistence
2023-01-31 17:00:00+00:00,1,5.5297,5.908299,AT,AKC,urban,persistence
2023-01-31 18:00:00+00:00,1,6.1079,5.5297,AT,AKC,urban,persistence
2023-01-31 19:00:00+00:00,1,5.979149,6.1079,AT,AKC,urban,persistence
2023-01-31 20:00:00+00:00,1,6.318049,5.979149,AT,AKC,urban,persistence
2023-01-31 21:00:00+00:00,1,5.447949,6.318049,AT,AKC,urban,persistence
2023-01-31 22:00:00+00:00,1,4.269149,5.447949,AT,AKC,urban,persistence
2023-01-31 23:00:00+00:00,1,3.398699,4.269149,AT,AKC,urban,persistence
2023-02-01 00:00:00+00:00,1,3.86905,3.398699,AT,AKC,urban,persistence
2023-02-01 01:00:00+00:00,1,3.9344,3.86905,AT,AKC,urban,persistence
2023-02-01 02:00:00+00:00,1,3.959599,3.9344,AT,AKC,urban,persistence
2023-02-01 03:00:00+00:00,1,5.404,3.959599,AT,AKC,urban,persistence
2023-02-01 04:00:00+00:00,1,5.4134,5.404,AT,AKC,urban,persistence
2023-02-01 05:00:00+00:00,1,5.86005,5.4134,AT,AKC,urban,persistence
2023-02-01 06:00:00+00:00,1,5.532449,5.86005,AT,AKC,urban,persistence
2023-02-01 07:00:00+00:00,1,6.069649,5.532449,AT,AKC,urban,persistence
2023-02-01 08:00:00+00:00,1,6.25985,6.069649,AT,AKC,urban,persistence
2023-02-01 09:00:00+00:00,1,4.489999,6.25985,AT,AKC,urban,persistence
2023-02-01 10:00:00+00:00,1,4.410449,4.489999,AT,AKC,urban,persistence
2023-02-01 11:00:00+00:00,1,3.821,4.410449,AT,AKC,urban,persistence
2023-02-01 12:00:00+00:00,1,3.3087,3.821,AT,AKC,urban,persistence
2023-02-01 13:00:00+00:00,1,2.357699,3.3087,AT,AKC,urban,persistence
2023-02-01 14:00:00+00:00,1,2.7374,2.357699,AT,AKC,urban,persistence
2023-02-01 15:00:00+00:00,1,3.76725,2.7374,AT,AKC,urban,persistence
2023-02-01 16:00:00+00:00,1,5.509449,3.76725,AT,AKC,urban,persistence
2023-02-01 17:00:00+00:00,1,5.9081,5.509449,AT,AKC,urban,persistence
2023-02-01 18:00:00+00:00,1,5.948349,5.9081,AT,AKC,urban,persistence
2023-02-01 19:00:00+00:00,1,5.09465,5.948349,AT,AKC,urban,persistence
2023-02-01 20:00:00+00:00,1,4.75845,5.09465,AT,AKC,urban,persistence
2023-02-01 21:00:00+00:00,1,4.328999,4.75845,AT,AKC,urban,persistence
2023-02-01 22:00:00+00:00,1,2.802299,4.328999,AT,AKC,urban,persistence
2023-02-01 23:00:00+00:00,1,0.855939,2.802299,AT,AKC,urban,persistence
2023-02-02 00:00:00+00:00,1,0.83735,0.855939,AT,AKC,urban,persistence
2023-02-02 01:00:00+00:00,1,0.716915,0.83735,AT,AKC,urban,persistence
2023-02-02 02:00:00+00:00,1,1.104475,0.716915,AT,AKC,urban,persistence
2023-02-02 03:00:00+00:00,1,1.534299,1.104475,AT,AKC,urban,persistence
2023-02-02 04:00:00+00:00,1,1.83585,1.534299,AT,AKC,urban,persistence
2023-02-02 05:00:00+00:00,1,2.23115,1.83585,AT,AKC,urban,persistence
2023-02-02 06:00:00+00:00,1,2.541649,2.23115,AT,AKC,urban,persistence
2023-02-02 07:00:00+00:00,1,3.2835,2.541649,AT,AKC,urban,persistence
2023-02-02 08:00:00+00:00,1,3.316699,3.2835,AT,AKC,urban,persistence
2023-02-02 09:00:00+00:00,1,3.359899,3.316699,AT,AKC,urban,persistence
2023-02-02 10:00:00+00:00,1,3.60235,3.359899,AT,AKC,urban,persistence
2023-02-02 11:00:00+00:00,1,4.095849,3.60235,AT,AKC,urban,persistence
2023-02-02 12:00:00+00:00,1,4.245699,4.095849,AT,AKC,urban,persistence
2023-02-02 13:00:00+00:00,1,3.40535,4.245699,AT,AKC,urban,persistence
2023-02-02 14:00:00+00:00,1,2.83065,3.40535,AT,AKC,urban,persistence
2023-02-02 15:00:00+00:00,1,2.964099,2.83065,AT,AKC,urban,persistence
2023-02-02 16:00:00+00:00,1,3.5913,2.964099,AT,AKC,urban,persistence
2023-02-02 17:00:00+00:00,1,3.776,3.5913,AT,AKC,urban,persistence
2023-02-02 18:00:00+00:00,1,3.984799,3.776,AT,AKC,urban,persistence
2023-02-02 19:00:00+00:00,1,4.5521,3.984799,AT,AKC,urban,persistence
2023-02-02 20:00:00+00:00,1,5.090149,4.5521,AT,AKC,urban,persistence
2023-02-02 21:00:00+00:00,1,5.37405,5.090149,AT,AKC,urban,persistence
2023-02-02 22:00:00+00:00,1,5.53095,5.37405,AT,AKC,urban,persistence
2023-02-02 23:00:00+00:00,1,5.984299,5.53095,AT,AKC,urban,persistence
2023-02-03 00:00:00+00:00,1,5.8211,5.984299,AT,AKC,urban,persistence
2023-02-03 01:00:00+00:00,1,3.359699,5.8211,AT,AKC,urban,persistence
2023-02-03 02:00:00+00:00,1,1.344099,3.359699,AT,AKC,urban,persistence
2023-02-03 03:00:00+00:00,1,0.919129,1.344099,AT,AKC,urban,persistence
2023-02-03 04:00:00+00:00,1,1.34315,0.919129,AT,AKC,urban,persistence
2023-02-03 05:00:00+00:00,1,1.6316,1.34315,AT,AKC,urban,persistence
2023-02-03 06:00:00+00:00,1,1.85985,1.6316,AT,AKC,urban,persistence
2023-02-03 07:00:00+00:00,1,2.44435,1.85985,AT,AKC,urban,persistence
2023-02-03 08:00:00+00:00,1,2.91035,2.44435,AT,AKC,urban,persistence
2023-02-03 09:00:00+00:00,1,2.38975,2.91035,AT,AKC,urban,persistence
2023-02-03 10:00:00+00:00,1,2.3077,2.38975,AT,AKC,urban,persistence
2023-02-03 11:00:00+00:00,1,2.27915,2.3077,AT,AKC,urban,persistence
2023-02-03 12:00:00+00:00,1,2.09975,2.27915,AT,AKC,urban,persistence
2023-02-03 13:00:00+00:00,1,2.40525,2.09975,AT,AKC,urban,persistence
2023-02-03 14:00:00+00:00,1,2.466,2.40525,AT,AKC,urban,persistence
2023-02-03 15:00:00+00:00,1,2.318099,2.466,AT,AKC,urban,persistence
2023-02-03 16:00:00+00:00,1,2.66365,2.318099,AT,AKC,urban,persistence
2023-02-03 17:00:00+00:00,1,2.10485,2.66365,AT,AKC,urban,persistence
2023-02-03 18:00:00+00:00,1,1.55585,2.10485,AT,AKC,urban,persistence
2023-02-03 19:00:00+00:00,1,2.443799,1.55585,AT,AKC,urban,persistence
2023-02-03 20:00:00+00:00,1,3.48075,2.443799,AT,AKC,urban,persistence
2023-02-03 21:00:00+00:00,1,3.254149,3.48075,AT,AKC,urban,persistence
2023-02-03 22:00:00+00:00,1,3.4972,3.254149,AT,AKC,urban,persistence
2023-02-03 23:00:00+00:00,1,3.49795,3.4972,AT,AKC,urban,persistence
2023-02-04 00:00:00+00:00,1,3.151499,3.49795,AT,AKC,urban,persistence
2023-02-04 01:00:00+00:00,1,2.76775,3.151499,AT,AKC,urban,persistence
2023-02-04 02:00:00+00:00,1,2.236199,2.76775,AT,AKC,urban,persistence
2023-02-04 03:00:00+00:00,1,1.3966,2.236199,AT,AKC,urban,persistence
2023-02-04 04:00:00+00:00,1,1.786599,1.3966,AT,AKC,urban,persistence
2023-02-04 05:00:00+00:00,1,3.04375,1.786599,AT,AKC,urban,persistence
2023-02-04 06:00:00+00:00,1,3.757699,3.04375,AT,AKC,urban,persistence
2023-02-04 07:00:00+00:00,1,2.910049,3.757699,AT,AKC,urban,persistence
2023-02-04 08:00:00+00:00,1,2.585799,2.910049,AT,AKC,urban,persistence
2023-02-04 09:00:00+00:00,1,3.116349,2.585799,AT,AKC,urban,persistence
2023-02-04 10:00:00+00:00,1,2.992049,3.116349,AT,AKC,urban,persistence
2023-02-04 11:00:00+00:00,1,2.90775,2.992049,AT,AKC,urban,persistence
2023-02-04 12:00:00+00:00,1,3.01055,2.90775,AT,AKC,urban,persistence
2023-02-04 13:00:00+00:00,1,2.89175,3.01055,AT,AKC,urban,persistence
2023-02-04 14:00:00+00:00,1,3.2322,2.89175,AT,AKC,urban,persistence
2023-02-04 15:00:00+00:00,1,3.154399,3.2322,AT,AKC,urban,persistence
2023-02-04 16:00:00+00:00,1,2.923299,3.154399,AT,AKC,urban,persistence
2023-02-04 17:00:00+00:00,1,3.382699,2.923299,AT,AKC,urban,persistence
2023-02-04 18:00:00+00:00,1,3.8973,3.382699,AT,AKC,urban,persistence
2023-02-04 19:00:00+00:00,1,4.396049,3.8973,AT,AKC,urban,persistence
2023-02-04 20:00:00+00:00,1,3.706099,4.396049,AT,AKC,urban,persistence
2023-02-04 21:00:00+00:00,1,3.945749,3.706099,AT,AKC,urban,persistence
2023-02-04 22:00:00+00:00,1,3.597149,3.945749,AT,AKC,urban,persistence
2023-02-04 23:00:00+00:00,1,3.666949,3.597149,AT,AKC,urban,persistence
2023-02-05 00:00:00+00:00,1,3.618499,3.666949,AT,AKC,urban,persistence
2023-02-05 01:00:00+00:00,1,3.320199,3.618499,AT,AKC,urban,persistence
2023-02-05 02:00:00+00:00,1,3.424049,3.320199,AT,AKC,urban,persistence
2023-02-05 03:00:00+00:00,1,3.13385,3.424049,AT,AKC,urban,persistence
2023-02-05 04:00:00+00:00,1,3.229199,3.13385,AT,AKC,urban,persistence
2023-02-05 05:00:00+00:00,1,3.080749,3.229199,AT,AKC,urban,persistence
2023-02-05 06:00:00+00:00,1,3.1222,3.080749,AT,AKC,urban,persistence
2023-02-05 07:00:00+00:00,1,3.6087,3.1222,AT,AKC,urban,persistence
2023-02-05 08:00:00+00:00,1,3.892199,3.6087,AT,AKC,urban,persistence
2023-02-05 09:00:00+00:00,1,3.970799,3.892199,AT,AKC,urban,persistence
2023-02-05 10:00:00+00:00,1,3.62625,3.970799,AT,AKC,urban,persistence
2023-02-05 11:00:00+00:00,1,3.723449,3.62625,AT,AKC,urban,persistence
2023-02-05 12:00:00+00:00,1,4.885149,3.723449,AT,AKC,urban,persistence
2023-02-05 13:00:00+00:00,1,6.138549,4.885149,AT,AKC,urban,persistence
2023-02-05 14:00:00+00:00,1,6.50985,6.138549,AT,AKC,urban,persistence
2023-02-05 15:00:00+00:00,1,8.23925,6.50985,AT,AKC,urban,persistence
2023-02-05 16:00:00+00:00,1,9.924799,8.23925,AT,AKC,urban,persistence
2023-02-05 17:00:00+00:00,1,10.146,9.924799,AT,AKC,urban,persistence
2023-02-05 18:00:00+00:00,1,10.7285,10.146,AT,AKC,urban,persistence
2023-02-05 19:00:00+00:00,1,12.55,10.7285,AT,AKC,urban,persistence
2023-02-05 20:00:00+00:00,1,11.904,12.55,AT,AKC,urban,persistence
2023-02-05 21:00:00+00:00,1,11.545,11.904,AT,AKC,urban,persistence
2023-02-05 22:00:00+00:00,1,10.8165,11.545,AT,AKC,urban,persistence
2023-02-05 23:00:00+00:00,1,11.1605,10.8165,AT,AKC,urban,persistence
2023-02-06 00:00:00+00:00,1,11.8115,11.1605,AT,AKC,urban,persistence
2023-02-06 01:00:00+00:00,1,12.5035,11.8115,AT,AKC,urban,persistence
2023-02-06 02:00:00+00:00,1,12.64,12.5035,AT,AKC,urban,persistence
2023-02-06 03:00:00+00:00,1,12.7255,12.64,AT,AKC,urban,persistence
2023-02-06 04:00:00+00:00,1,13.756,12.7255,AT,AKC,urban,persistence
2023-02-06 05:00:00+00:00,1,13.7715,13.756,AT,AKC,urban,persistence
2023-02-06 06:00:00+00:00,1,14.705,13.7715,AT,AKC,urban,persistence
2023-02-06 07:00:00+00:00,1,13.54,14.705,AT,AKC,urban,persistence
2023-02-06 08:00:00+00:00,1,13.07,13.54,AT,AKC,urban,persistence
2023-02-06 09:00:00+00:00,1,12.7755,13.07,AT,AKC,urban,persistence
2023-02-06 10:00:00+00:00,1,13.704,12.7755,AT,AKC,urban,persistence
2023-02-06 11:00:00+00:00,1,14.809,13.704,AT,AKC,urban,persistence
2023-02-06 12:00:00+00:00,1,15.034,14.809,AT,AKC,urban,persistence
2023-02-06 13:00:00+00:00,1,13.723,15.034,AT,AKC,urban,persistence
2023-02-06 14:00:00+00:00,1,15.4895,13.723,AT,AKC,urban,persistence
2023-02-06 15:00:00+00:00,1,16.055,15.4895,AT,AKC,urban,persistence
2023-02-06 16:00:00+00:00,1,16.8875,16.055,AT,AKC,urban,persistence
2023-02-06 17:00:00+00:00,1,19.101,16.8875,AT,AKC,urban,persistence
2023-02-06 18:00:00+00:00,1,21.263,19.101,AT,AKC,urban,persistence
2023-02-06 19:00:00+00:00,1,23.4335,21.263,AT,AKC,urban,persistence
2023-02-06 20:00:00+00:00,1,24.6255,23.4335,AT,AKC,urban,persistence
2023-02-06 21:00:00+00:00,1,23.8265,24.6255,AT,AKC,urban,persistence
2023-02-06 22:00:00+00:00,1,27.8095,23.8265,AT,AKC,urban,persistence
2023-02-06 23:00:00+00:00,1,30.84,27.8095,AT,AKC,urban,persistence
2023-02-07 00:00:00+00:00,1,32.3055,30.84,AT,AKC,urban,persistence
2023-02-07 01:00:00+00:00,1,33.4385,32.3055,AT,AKC,urban,persistence
2023-02-07 02:00:00+00:00,1,33.1275,33.4385,AT,AKC,urban,persistence
2023-02-07 03:00:00+00:00,1,32.1415,33.1275,AT,AKC,urban,persistence
2023-02-07 04:00:00+00:00,1,30.9695,32.1415,AT,AKC,urban,persistence
2023-02-07 05:00:00+00:00,1,31.697,30.9695,AT,AKC,urban,persistence
2023-02-07 06:00:00+00:00,1,30.256,31.697,AT,AKC,urban,persistence
2023-02-07 07:00:00+00:00,1,27.995,30.256,AT,AKC,urban,persistence
2023-02-07 08:00:00+00:00,1,25.6855,27.995,AT,AKC,urban,persistence
2023-02-07 09:00:00+00:00,1,23.467,25.6855,AT,AKC,urban,persistence
2023-02-07 10:00:00+00:00,1,23.79,23.467,AT,AKC,urban,persistence
2023-02-07 11:00:00+00:00,1,22.08,23.79,AT,AKC,urban,persistence
2023-02-07 12:00:00+00:00,1,21.704,22.08,AT,AKC,urban,persistence
2023-02-07 13:00:00+00:00,1,22.08,21.704,AT,AKC,urban,persistence
2023-02-07 14:00:00+00:00,1,21.66,22.08,AT,AKC,urban,persistence
2023-02-07 15:00:00+00:00,1,23.4905,21.66,AT,AKC,urban,persistence
2023-02-07 16:00:00+00:00,1,25.1235,23.4905,AT,AKC,urban,persistence
2023-02-07 17:00:00+00:00,1,24.101,25.1235,AT,AKC,urban,persistence
2023-02-07 18:00:00+00:00,1,21.9105,24.101,AT,AKC,urban,persistence
2023-02-07 19:00:00+00:00,1,19.2505,21.9105,AT,AKC,urban,persistence
2023-02-07 20:00:00+00:00,1,17.767,19.2505,AT,AKC,urban,persistence
2023-02-07 21:00:00+00:00,1,18.144,17.767,AT,AKC,urban,persistence
2023-02-07 22:00:00+00:00,1,19.2945,18.144,AT,AKC,urban,persistence
2023-02-07 23:00:00+00:00,1,20.609,19.2945,AT,AKC,urban,persistence
2023-02-08 00:00:00+00:00,1,23.5805,20.609,AT,AKC,urban,persistence
2023-02-08 01:00:00+00:00,1,25.16,23.5805,AT,AKC,urban,persistence
2023-02-08 02:00:00+00:00,1,25.0945,25.16,AT,AKC,urban,persistence
2023-02-08 03:00:00+00:00,1,26.479,25.0945,AT,AKC,urban,persistence
2023-02-08 04:00:00+00:00,1,27.353,26.479,AT,AKC,urban,persistence
2023-02-08 05:00:00+00:00,1,28.227,27.353,AT,AKC,urban,persistence
2023-02-08 06:00:00+00:00,1,31.216,28.227,AT,AKC,urban,persistence
2023-02-08 07:00:00+00:00,1,31.919,31.216,AT,AKC,urban,persistence
2023-02-08 08:00:00+00:00,1,33.991,31.919,AT,AKC,urban,persistence
2023-02-08 09:00:00+00:00,1,34.4635,33.991,AT,AKC,urban,persistence
2023-02-08 10:00:00+00:00,1,32.6885,34.4635,AT,AKC,urban,persistence
2023-02-08 11:00:00+00:00,1,30.3165,32.6885,AT,AKC,urban,persistence
2023-02-08 12:00:00+00:00,1,21.605,30.3165,AT,AKC,urban,persistence
2023-02-08 13:00:00+00:00,1,16.706,21.605,AT,AKC,urban,persistence
2023-02-08 14:00:00+00:00,1,15.9925,16.706,AT,AKC,urban,persistence
2023-02-08 15:00:00+00:00,1,17.6415,15.9925,AT,AKC,urban,persistence
2023-02-08 16:00:00+00:00,1,16.9525,17.6415,AT,AKC,urban,persistence
2023-02-08 17:00:00+00:00,1,17.831,16.9525,AT,AKC,urban,persistence
2023-02-08 18:00:00+00:00,1,19.2435,17.831,AT,AKC,urban,persistence
2023-02-08 19:00:00+00:00,1,20.944,19.2435,AT,AKC,urban,persistence
2023-02-08 20:00:00+00:00,1,24.0545,20.944,AT,AKC,urban,persistence
2023-02-08 21:00:00+00:00,1,26.8615,24.0545,AT,AKC,urban,persistence
2023-02-08 22:00:00+00:00,1,25.683,26.8615,AT,AKC,urban,persistence
2023-02-08 23:00:00+00:00,1,24.0965,25.683,AT,AKC,urban,persistence
2023-02-09 00:00:00+00:00,1,23.2405,24.0965,AT,AKC,urban,persistence
2023-02-09 01:00:00+00:00,1,22.726,23.2405,AT,AKC,urban,persistence
2023-02-09 02:00:00+00:00,1,23.753,22.726,AT,AKC,urban,persistence
2023-02-09 03:00:00+00:00,1,26.825,23.753,AT,AKC,urban,persistence
2023-02-09 04:00:00+00:00,1,32.59,26.825,AT,AKC,urban,persistence
2023-02-09 05:00:00+00:00,1,33.4715,32.59,AT,AKC,urban,persistence
2023-02-09 06:00:00+00:00,1,30.738,33.4715,AT,AKC,urban,persistence
2023-02-09 07:00:00+00:00,1,28.043,30.738,AT,AKC,urban,persistence
2023-02-09 08:00:00+00:00,1,24.4445,28.043,AT,AKC,urban,persistence
2023-02-09 09:00:00+00:00,1,20.949,24.4445,AT,AKC,urban,persistence
2023-02-09 10:00:00+00:00,1,18.648,20.949,AT,AKC,urban,persistence
2023-02-09 11:00:00+00:00,1,18.874,18.648,AT,AKC,urban,persistence
2023-02-09 12:00:00+00:00,1,18.8975,18.874,AT,AKC,urban,persistence
2023-02-09 13:00:00+00:00,1,18.9485,18.8975,AT,AKC,urban,persistence
2023-02-09 14:00:00+00:00,1,18.26,18.9485,AT,AKC,urban,persistence
2023-02-09 15:00:00+00:00,1,18.374,18.26,AT,AKC,urban,persistence
2023-02-09 16:00:00+00:00,1,18.8155,18.374,AT,AKC,urban,persistence
2023-02-09 17:00:00+00:00,1,20.442,18.8155,AT,AKC,urban,persistence
2023-02-09 18:00:00+00:00,1,21.2465,20.442,AT,AKC,urban,persistence
2023-02-09 19:00:00+00:00,1,22.4115,21.2465,AT,AKC,urban,persistence
2023-02-09 20:00:00+00:00,1,22.029,22.4115,AT,AKC,urban,persistence
2023-02-09 21:00:00+00:00,1,22.2315,22.029,AT,AKC,urban,persistence
2023-02-09 22:00:00+00:00,1,23.171,22.2315,AT,AKC,urban,persistence
2023-02-09 23:00:00+00:00,1,23.1055,23.171,AT,AKC,urban,persistence
2023-02-10 00:00:00+00:00,1,19.809,23.1055,AT,AKC,urban,persistence
2023-02-10 01:00:00+00:00,1,21.2755,19.809,AT,AKC,urban,persistence
2023-02-10 02:00:00+00:00,1,21.6655,21.2755,AT,AKC,urban,persistence
2023-02-10 03:00:00+00:00,1,23.684,21.6655,AT,AKC,urban,persistence
2023-02-10 04:00:00+00:00,1,25.1135,23.684,AT,AKC,urban,persistence
2023-02-10 05:00:00+00:00,1,27.159,25.1135,AT,AKC,urban,persistence
2023-02-10 06:00:00+00:00,1,24.645,27.159,AT,AKC,urban,persistence
2023-02-10 07:00:00+00:00,1,24.7385,24.645,AT,AKC,urban,persistence
2023-02-10 08:00:00+00:00,1,27.715,24.7385,AT,AKC,urban,persistence
2023-02-10 09:00:00+00:00,1,55.992,27.715,AT,AKC,urban,persistence
2023-02-10 10:00:00+00:00,1,28.239,55.992,AT,AKC,urban,persistence
2023-02-10 11:00:00+00:00,1,22.039,28.239,AT,AKC,urban,persistence
2023-02-10 12:00:00+00:00,1,19.429,22.039,AT,AKC,urban,persistence
2023-02-10 13:00:00+00:00,1,21.045,19.429,AT,AKC,urban,persistence
2023-02-10 14:00:00+00:00,1,23.9545,21.045,AT,AKC,urban,persistence
2023-02-10 15:00:00+00:00,1,24.5475,23.9545,AT,AKC,urban,persistence
2023-02-10 16:00:00+00:00,1,25.544,24.5475,AT,AKC,urban,persistence
2023-02-10 17:00:00+00:00,1,27.078,25.544,AT,AKC,urban,persistence
2023-02-10 18:00:00+00:00,1,26.365,27.078,AT,AKC,urban,persistence
2023-02-10 19:00:00+00:00,1,26.381,26.365,AT,AKC,urban,persistence
2023-02-10 20:00:00+00:00,1,26.2805,26.381,AT,AKC,urban,persistence
2023-02-10 21:00:00+00:00,1,26.7085,26.2805,AT,AKC,urban,persistence
2023-02-10 22:00:00+00:00,1,26.1095,26.7085,AT,AKC,urban,persistence
2023-02-10 23:00:00+00:00,1,26.5885,26.1095,AT,AKC,urban,persistence
2023-02-11 00:00:00+00:00,1,29.5565,26.5885,AT,AKC,urban,persistence
2023-02-11 01:00:00+00:00,1,33.5385,29.5565,AT,AKC,urban,persistence
2023-02-11 02:00:00+00:00,1,33.083,33.5385,AT,AKC,urban,persistence
2023-02-11 03:00:00+00:00,1,33.728,33.083,AT,AKC,urban,persistence
2023-02-11 04:00:00+00:00,1,31.754,33.728,AT,AKC,urban,persistence
2023-02-11 05:00:00+00:00,1,31.8985,31.754,AT,AKC,urban,persistence
2023-02-11 06:00:00+00:00,1,30.049,31.8985,AT,AKC,urban,persistence
2023-02-11 07:00:00+00:00,1,25.319,30.049,AT,AKC,urban,persistence
2023-02-11 08:00:00+00:00,1,25.053,25.319,AT,AKC,urban,persistence
2023-02-11 09:00:00+00:00,1,25.761,25.053,AT,AKC,urban,persistence
2023-02-11 10:00:00+00:00,1,21.131,25.761,AT,AKC,urban,persistence
2023-02-11 11:00:00+00:00,1,19.2055,21.131,AT,AKC,urban,persistence
2023-02-11 12:00:00+00:00,1,18.622,19.2055,AT,AKC,urban,persistence
2023-02-11 13:00:00+00:00,1,16.8325,18.622,AT,AKC,urban,persistence
2023-02-11 14:00:00+00:00,1,15.646,16.8325,AT,AKC,urban,persistence
2023-02-11 15:00:00+00:00,1,16.5795,15.646,AT,AKC,urban,persistence
2023-02-11 16:00:00+00:00,1,18.068,16.5795,AT,AKC,urban,persistence
2023-02-11 17:00:00+00:00,1,18.8665,18.068,AT,AKC,urban,persistence
2023-02-11 18:00:00+00:00,1,19.5575,18.8665,AT,AKC,urban,persistence
2023-02-11 19:00:00+00:00,1,20.349,19.5575,AT,AKC,urban,persistence
2023-02-11 20:00:00+00:00,1,20.8015,20.349,AT,AKC,urban,persistence
2023-02-11 21:00:00+00:00,1,21.334,20.8015,AT,AKC,urban,persistence
2023-02-11 22:00:00+00:00,1,19.57,21.334,AT,AKC,urban,persistence
2023-02-11 23:00:00+00:00,1,18.2115,19.57,AT,AKC,urban,persistence
2023-02-12 00:00:00+00:00,1,17.2885,18.2115,AT,AKC,urban,persistence
2023-02-12 01:00:00+00:00,1,17.505,17.2885,AT,AKC,urban,persistence
2023-02-12 02:00:00+00:00,1,18.971,17.505,AT,AKC,urban,persistence
2023-02-12 03:00:00+00:00,1,21.172,18.971,AT,AKC,urban,persistence
2023-02-12 04:00:00+00:00,1,21.7055,21.172,AT,AKC,urban,persistence
2023-02-12 05:00:00+00:00,1,21.2055,21.7055,AT,AKC,urban,persistence
2023-02-12 06:00:00+00:00,1,20.3745,21.2055,AT,AKC,urban,persistence
2023-02-12 07:00:00+00:00,1,17.9545,20.3745,AT,AKC,urban,persistence
2023-02-12 08:00:00+00:00,1,15.467,17.9545,AT,AKC,urban,persistence
2023-02-12 09:00:00+00:00,1,13.8015,15.467,AT,AKC,urban,persistence
2023-02-12 10:00:00+00:00,1,12.621,13.8015,AT,AKC,urban,persistence
2023-02-12 11:00:00+00:00,1,13.073,12.621,AT,AKC,urban,persistence
2023-02-12 12:00:00+00:00,1,14.9365,13.073,AT,AKC,urban,persistence
2023-02-12 13:00:00+00:00,1,17.224,14.9365,AT,AKC,urban,persistence
2023-02-12 14:00:00+00:00,1,17.2645,17.224,AT,AKC,urban,persistence
2023-02-12 15:00:00+00:00,1,17.2025,17.2645,AT,AKC,urban,persistence
2023-02-12 16:00:00+00:00,1,18.583,17.2025,AT,AKC,urban,persistence
2023-02-12 17:00:00+00:00,1,18.5995,18.583,AT,AKC,urban,persistence
2023-02-12 18:00:00+00:00,1,17.5085,18.5995,AT,AKC,urban,persistence
2023-02-12 19:00:00+00:00,1,13.921,17.5085,AT,AKC,urban,persistence
2023-02-12 20:00:00+00:00,1,11.627,13.921,AT,AKC,urban,persistence
2023-02-12 21:00:00+00:00,1,15.113,11.627,AT,AKC,urban,persistence
2023-02-12 22:00:00+00:00,1,15.64,15.113,AT,AKC,urban,persistence
2023-02-12 23:00:00+00:00,1,14.072,15.64,AT,AKC,urban,persistence
2023-02-13 00:00:00+00:00,1,14.703,14.072,AT,AKC,urban,persistence
2023-02-13 01:00:00+00:00,1,13.6645,14.703,AT,AKC,urban,persistence
2023-02-13 02:00:00+00:00,1,11.373,13.6645,AT,AKC,urban,persistence
2023-02-13 03:00:00+00:00,1,11.1005,11.373,AT,AKC,urban,persistence
2023-02-13 04:00:00+00:00,1,12.2935,11.1005,AT,AKC,urban,persistence
2023-02-13 05:00:00+00:00,1,9.67485,12.2935,AT,AKC,urban,persistence
2023-02-13 06:00:00+00:00,1,10.996,9.67485,AT,AKC,urban,persistence
2023-02-13 07:00:00+00:00,1,11.1845,10.996,AT,AKC,urban,persistence
2023-02-13 08:00:00+00:00,1,10.08415,11.1845,AT,AKC,urban,persistence
2023-02-13 09:00:00+00:00,1,9.257299,10.08415,AT,AKC,urban,persistence
2023-02-13 10:00:00+00:00,1,7.721199,9.257299,AT,AKC,urban,persistence
2023-02-13 11:00:00+00:00,1,7.397299,7.721199,AT,AKC,urban,persistence
2023-02-13 12:00:00+00:00,1,7.810899,7.397299,AT,AKC,urban,persistence
2023-02-13 13:00:00+00:00,1,6.0819,7.810899,AT,AKC,urban,persistence
2023-02-13 14:00:00+00:00,1,6.696399,6.0819,AT,AKC,urban,persistence
2023-02-13 15:00:00+00:00,1,7.3485,6.696399,AT,AKC,urban,persistence
2023-02-13 16:00:00+00:00,1,7.918,7.3485,AT,AKC,urban,persistence
2023-02-13 17:00:00+00:00,1,8.012049,7.918,AT,AKC,urban,persistence
2023-02-13 18:00:00+00:00,1,7.762949,8.012049,AT,AKC,urban,persistence
2023-02-13 19:00:00+00:00,1,7.7143,7.762949,AT,AKC,urban,persistence
2023-02-13 20:00:00+00:00,1,8.228899,7.7143,AT,AKC,urban,persistence
2023-02-13 21:00:00+00:00,1,6.248149,8.228899,AT,AKC,urban,persistence
2023-02-13 22:00:00+00:00,1,5.652549,6.248149,AT,AKC,urban,persistence
2023-02-13 23:00:00+00:00,1,7.37725,5.652549,AT,AKC,urban,persistence
2023-02-14 00:00:00+00:00,1,10.753,7.37725,AT,AKC,urban,persistence
2023-02-14 01:00:00+00:00,1,12.536,10.753,AT,AKC,urban,persistence
2023-02-14 02:00:00+00:00,1,13.3215,12.536,AT,AKC,urban,persistence
2023-02-14 03:00:00+00:00,1,13.4845,13.3215,AT,AKC,urban,persistence
2023-02-14 04:00:00+00:00,1,12.2255,13.4845,AT,AKC,urban,persistence
2023-02-14 05:00:00+00:00,1,12.4465,12.2255,AT,AKC,urban,persistence
2023-02-14 06:00:00+00:00,1,12.2025,12.4465,AT,AKC,urban,persistence
2023-02-14 07:00:00+00:00,1,14.4115,12.2025,AT,AKC,urban,persistence
2023-02-14 08:00:00+00:00,1,14.1845,14.4115,AT,AKC,urban,persistence
2023-02-14 09:00:00+00:00,1,15.8305,14.1845,AT,AKC,urban,persistence
2023-02-14 10:00:00+00:00,1,16.4645,15.8305,AT,AKC,urban,persistence
2023-02-14 11:00:00+00:00,1,17.013,16.4645,AT,AKC,urban,persistence
2023-02-14 12:00:00+00:00,1,17.521,17.013,AT,AKC,urban,persistence
2023-02-14 13:00:00+00:00,1,17.4145,17.521,AT,AKC,urban,persistence
2023-02-14 14:00:00+00:00,1,17.029,17.4145,AT,AKC,urban,persistence
2023-02-14 15:00:00+00:00,1,17.8145,17.029,AT,AKC,urban,persistence
2023-02-14 16:00:00+00:00,1,18.2145,17.8145,AT,AKC,urban,persistence
2023-02-14 17:00:00+00:00,1,18.2485,18.2145,AT,AKC,urban,persistence
2023-02-14 18:00:00+00:00,1,18.265,18.2485,AT,AKC,urban,persistence
2023-02-14 19:00:00+00:00,1,18.1215,18.265,AT,AKC,urban,persistence
2023-02-14 20:00:00+00:00,1,18.968,18.1215,AT,AKC,urban,persistence
2023-02-14 21:00:00+00:00,1,18.772,18.968,AT,AKC,urban,persistence
2023-02-14 22:00:00+00:00,1,19.168,18.772,AT,AKC,urban,persistence
2023-02-14 23:00:00+00:00,1,19.6645,19.168,AT,AKC,urban,persistence
2023-02-15 00:00:00+00:00,1,20.5515,19.6645,AT,AKC,urban,persistence
2023-02-15 01:00:00+00:00,1,21.0335,20.5515,AT,AKC,urban,persistence
2023-02-15 02:00:00+00:00,1,21.5215,21.0335,AT,AKC,urban,persistence
2023-02-15 03:00:00+00:00,1,21.539,21.5215,AT,AKC,urban,persistence
2023-02-15 04:00:00+00:00,1,23.329,21.539,AT,AKC,urban,persistence
2023-02-15 05:00:00+00:00,1,25.866,23.329,AT,AKC,urban,persistence
2023-02-15 06:00:00+00:00,1,22.6,25.866,AT,AKC,urban,persistence
2023-02-15 07:00:00+00:00,1,22.309,22.6,AT,AKC,urban,persistence
2023-02-15 08:00:00+00:00,1,22.455,22.309,AT,AKC,urban,persistence
2023-02-15 09:00:00+00:00,1,22.9245,22.455,AT,AKC,urban,persistence
2023-02-15 10:00:00+00:00,1,22.516,22.9245,AT,AKC,urban,persistence
2023-02-15 11:00:00+00:00,1,22.88,22.516,AT,AKC,urban,persistence
2023-02-15 12:00:00+00:00,1,23.923,22.88,AT,AKC,urban,persistence
2023-02-15 13:00:00+00:00,1,22.663,23.923,AT,AKC,urban,persistence
2023-02-15 14:00:00+00:00,1,23.049,22.663,AT,AKC,urban,persistence
2023-02-15 15:00:00+00:00,1,25.135,23.049,AT,AKC,urban,persistence
2023-02-15 16:00:00+00:00,1,26.631,25.135,AT,AKC,urban,persistence
2023-02-15 17:00:00+00:00,1,29.839,26.631,AT,AKC,urban,persistence
2023-02-15 18:00:00+00:00,1,31.967,29.839,AT,AKC,urban,persistence
2023-02-15 19:00:00+00:00,1,33.337,31.967,AT,AKC,urban,persistence
2023-02-15 20:00:00+00:00,1,34.426,33.337,AT,AKC,urban,persistence
2023-02-15 21:00:00+00:00,1,34.0255,34.426,AT,AKC,urban,persistence
2023-02-15 22:00:00+00:00,1,34.952,34.0255,AT,AKC,urban,persistence
2023-02-15 23:00:00+00:00,1,35.0295,34.952,AT,AKC,urban,persistence
2023-02-16 00:00:00+00:00,1,35.095,35.0295,AT,AKC,urban,persistence
2023-02-16 01:00:00+00:00,1,34.755,35.095,AT,AKC,urban,persistence
2023-02-16 02:00:00+00:00,1,28.7845,34.755,AT,AKC,urban,persistence
2023-02-16 03:00:00+00:00,1,19.794,28.7845,AT,AKC,urban,persistence
2023-02-16 04:00:00+00:00,1,19.546,19.794,AT,AKC,urban,persistence
2023-02-16 05:00:00+00:00,1,21.637,19.546,AT,AKC,urban,persistence
2023-02-16 06:00:00+00:00,1,22.2385,21.637,AT,AKC,urban,persistence
2023-02-16 07:00:00+00:00,1,22.0305,22.2385,AT,AKC,urban,persistence
2023-02-16 08:00:00+00:00,1,27.002,22.0305,AT,AKC,urban,persistence
2023-02-16 09:00:00+00:00,1,28.6545,27.002,AT,AKC,urban,persistence
2023-02-16 10:00:00+00:00,1,31.1275,28.6545,AT,AKC,urban,persistence
2023-02-16 11:00:00+00:00,1,29.858,31.1275,AT,AKC,urban,persistence
2023-02-16 12:00:00+00:00,1,30.5515,29.858,AT,AKC,urban,persistence
2023-02-16 13:00:00+00:00,1,29.279,30.5515,AT,AKC,urban,persistence
2023-02-16 14:00:00+00:00,1,29.514,29.279,AT,AKC,urban,persistence
2023-02-16 15:00:00+00:00,1,29.667,29.514,AT,AKC,urban,persistence
2023-02-16 16:00:00+00:00,1,28.8045,29.667,AT,AKC,urban,persistence
2023-02-16 17:00:00+00:00,1,28.9805,28.8045,AT,AKC,urban,persistence
2023-02-16 18:00:00+00:00,1,32.598,28.9805,AT,AKC,urban,persistence
2023-02-16 19:00:00+00:00,1,34.698,32.598,AT,AKC,urban,persistence
2023-02-16 20:00:00+00:00,1,34.782,34.698,AT,AKC,urban,persistence
2023-02-16 21:00:00+00:00,1,34.12,34.782,AT,AKC,urban,persistence
2023-02-16 22:00:00+00:00,1,33.6865,34.12,AT,AKC,urban,persistence
2023-02-16 23:00:00+00:00,1,33.0895,33.6865,AT,AKC,urban,persistence
2023-02-17 00:00:00+00:00,1,32.346,33.0895,AT,AKC,urban,persistence
2023-02-17 01:00:00+00:00,1,31.6855,32.346,AT,AKC,urban,persistence
2023-02-17 02:00:00+00:00,1,30.282,31.6855,AT,AKC,urban,persistence
2023-02-17 03:00:00+00:00,1,22.365,30.282,AT,AKC,urban,persistence
2023-02-17 04:00:00+00:00,1,14.72515,22.365,AT,AKC,urban,persistence
2023-02-17 05:00:00+00:00,1,9.8801,14.72515,AT,AKC,urban,persistence
2023-02-17 06:00:00+00:00,1,10.12055,9.8801,AT,AKC,urban,persistence
2023-02-17 07:00:00+00:00,1,9.5412,10.12055,AT,AKC,urban,persistence
2023-02-17 08:00:00+00:00,1,9.192999,9.5412,AT,AKC,urban,persistence
2023-02-17 09:00:00+00:00,1,8.367099,9.192999,AT,AKC,urban,persistence
2023-02-17 10:00:00+00:00,1,7.666549,8.367099,AT,AKC,urban,persistence
2023-02-17 11:00:00+00:00,1,6.854249,7.666549,AT,AKC,urban,persistence
2023-02-17 12:00:00+00:00,1,5.94225,6.854249,AT,AKC,urban,persistence
2023-02-17 13:00:00+00:00,1,4.6029,5.94225,AT,AKC,urban,persistence
2023-02-17 14:00:00+00:00,1,4.287899,4.6029,AT,AKC,urban,persistence
2023-02-17 15:00:00+00:00,1,5.0317,4.287899,AT,AKC,urban,persistence
2023-02-17 16:00:00+00:00,1,5.8175,5.0317,AT,AKC,urban,persistence
2023-02-17 17:00:00+00:00,1,5.817,5.8175,AT,AKC,urban,persistence
2023-02-17 18:00:00+00:00,1,5.032999,5.817,AT,AKC,urban,persistence
2023-02-17 19:00:00+00:00,1,4.55835,5.032999,AT,AKC,urban,persistence
2023-02-17 20:00:00+00:00,1,4.5903,4.55835,AT,AKC,urban,persistence
2023-02-17 21:00:00+00:00,1,4.066249,4.5903,AT,AKC,urban,persistence
2023-02-17 22:00:00+00:00,1,3.404449,4.066249,AT,AKC,urban,persistence
2023-02-17 23:00:00+00:00,1,3.129199,3.404449,AT,AKC,urban,persistence
2023-02-18 00:00:00+00:00,1,2.9876,3.129199,AT,AKC,urban,persistence
2023-02-18 01:00:00+00:00,1,2.7708,2.9876,AT,AKC,urban,persistence
2023-02-18 02:00:00+00:00,1,2.785049,2.7708,AT,AKC,urban,persistence
2023-02-18 03:00:00+00:00,1,2.5489,2.785049,AT,AKC,urban,persistence
2023-02-18 04:00:00+00:00,1,2.151899,2.5489,AT,AKC,urban,persistence
2023-02-18 05:00:00+00:00,1,2.5046,2.151899,AT,AKC,urban,persistence
2023-02-18 06:00:00+00:00,1,2.512099,2.5046,AT,AKC,urban,persistence
2023-02-18 07:00:00+00:00,1,2.732599,2.512099,AT,AKC,urban,persistence
2023-02-18 08:00:00+00:00,1,3.013,2.732599,AT,AKC,urban,persistence
2023-02-18 09:00:00+00:00,1,3.269249,3.013,AT,AKC,urban,persistence
2023-02-18 10:00:00+00:00,1,3.29255,3.269249,AT,AKC,urban,persistence
2023-02-18 11:00:00+00:00,1,2.96105,3.29255,AT,AKC,urban,persistence
2023-02-18 12:00:00+00:00,1,2.43155,2.96105,AT,AKC,urban,persistence
2023-02-18 13:00:00+00:00,1,2.119649,2.43155,AT,AKC,urban,persistence
2023-02-18 14:00:00+00:00,1,1.961799,2.119649,AT,AKC,urban,persistence
2023-02-18 15:00:00+00:00,1,2.13135,1.961799,AT,AKC,urban,persistence
2023-02-18 16:00:00+00:00,1,2.20655,2.13135,AT,AKC,urban,persistence
2023-02-18 17:00:00+00:00,1,2.315199,2.20655,AT,AKC,urban,persistence
2023-02-18 18:00:00+00:00,1,2.38645,2.315199,AT,AKC,urban,persistence
2023-02-18 19:00:00+00:00,1,2.122999,2.38645,AT,AKC,urban,persistence
2023-02-18 20:00:00+00:00,1,1.65425,2.122999,AT,AKC,urban,persistence
2023-02-18 21:00:00+00:00,1,1.5645,1.65425,AT,AKC,urban,persistence
2023-02-18 22:00:00+00:00,1,1.674099,1.5645,AT,AKC,urban,persistence
2023-02-18 23:00:00+00:00,1,1.88555,1.674099,AT,AKC,urban,persistence
2023-02-19 00:00:00+00:00,1,1.94525,1.88555,AT,AKC,urban,persistence
2023-02-19 01:00:00+00:00,1,2.08505,1.94525,AT,AKC,urban,persistence
2023-02-19 02:00:00+00:00,1,3.4098,2.08505,AT,AKC,urban,persistence
2023-02-19 03:00:00+00:00,1,4.17525,3.4098,AT,AKC,urban,persistence
2023-02-19 04:00:00+00:00,1,4.00675,4.17525,AT,AKC,urban,persistence
2023-02-19 05:00:00+00:00,1,3.430799,4.00675,AT,AKC,urban,persistence
2023-02-19 06:00:00+00:00,1,2.876049,3.430799,AT,AKC,urban,persistence
2023-02-19 07:00:00+00:00,1,1.943249,2.876049,AT,AKC,urban,persistence
2023-02-19 08:00:00+00:00,1,1.97025,1.943249,AT,AKC,urban,persistence
2023-02-19 09:00:00+00:00,1,1.3698,1.97025,AT,AKC,urban,persistence
2023-02-19 10:00:00+00:00,1,1.553349,1.3698,AT,AKC,urban,persistence
2023-02-19 11:00:00+00:00,1,1.858249,1.553349,AT,AKC,urban,persistence
2023-02-19 12:00:00+00:00,1,1.43315,1.858249,AT,AKC,urban,persistence
2023-02-19 13:00:00+00:00,1,1.742799,1.43315,AT,AKC,urban,persistence
2023-02-19 14:00:00+00:00,1,1.674399,1.742799,AT,AKC,urban,persistence
2023-02-19 15:00:00+00:00,1,1.279,1.674399,AT,AKC,urban,persistence
2023-02-19 16:00:00+00:00,1,1.393899,1.279,AT,AKC,urban,persistence
2023-02-19 17:00:00+00:00,1,1.7023,1.393899,AT,AKC,urban,persistence
2023-02-19 18:00:00+00:00,1,2.12305,1.7023,AT,AKC,urban,persistence
2023-02-19 19:00:00+00:00,1,3.286499,2.12305,AT,AKC,urban,persistence
2023-02-19 20:00:00+00:00,1,5.4287,3.286499,AT,AKC,urban,persistence
2023-02-19 21:00:00+00:00,1,5.012149,5.4287,AT,AKC,urban,persistence
2023-02-19 22:00:00+00:00,1,5.01865,5.012149,AT,AKC,urban,persistence
2023-02-19 23:00:00+00:00,1,4.90655,5.01865,AT,AKC,urban,persistence
2023-02-20 00:00:00+00:00,1,4.727449,4.90655,AT,AKC,urban,persistence
2023-02-20 01:00:00+00:00,1,5.014649,4.727449,AT,AKC,urban,persistence
2023-02-20 02:00:00+00:00,1,5.93385,5.014649,AT,AKC,urban,persistence
2023-02-20 03:00:00+00:00,1,7.23085,5.93385,AT,AKC,urban,persistence
2023-02-20 04:00:00+00:00,1,7.54335,7.23085,AT,AKC,urban,persistence
2023-02-20 05:00:00+00:00,1,7.743249,7.54335,AT,AKC,urban,persistence
2023-02-20 06:00:00+00:00,1,7.622249,7.743249,AT,AKC,urban,persistence
2023-02-20 07:00:00+00:00,1,5.937049,7.622249,AT,AKC,urban,persistence
2023-02-20 08:00:00+00:00,1,5.90925,5.937049,AT,AKC,urban,persistence
2023-02-20 09:00:00+00:00,1,5.773599,5.90925,AT,AKC,urban,persistence
2023-02-20 10:00:00+00:00,1,5.205749,5.773599,AT,AKC,urban,persistence
2023-02-20 11:00:00+00:00,1,4.9826,5.205749,AT,AKC,urban,persistence
2023-02-20 12:00:00+00:00,1,4.8218,4.9826,AT,AKC,urban,persistence
2023-02-20 13:00:00+00:00,1,4.0851,4.8218,AT,AKC,urban,persistence
2023-02-20 14:00:00+00:00,1,3.7876,4.0851,AT,AKC,urban,persistence
2023-02-20 15:00:00+00:00,1,3.956249,3.7876,AT,AKC,urban,persistence
2023-02-20 16:00:00+00:00,1,4.249449,3.956249,AT,AKC,urban,persistence
2023-02-20 17:00:00+00:00,1,4.2194,4.249449,AT,AKC,urban,persistence
2023-02-20 18:00:00+00:00,1,4.030399,4.2194,AT,AKC,urban,persistence
2023-02-20 19:00:00+00:00,1,3.6402,4.030399,AT,AKC,urban,persistence
2023-02-20 20:00:00+00:00,1,3.565549,3.6402,AT,AKC,urban,persistence
2023-02-20 21:00:00+00:00,1,3.839399,3.565549,AT,AKC,urban,persistence
2023-02-20 22:00:00+00:00,1,3.70305,3.839399,AT,AKC,urban,persistence
2023-02-20 23:00:00+00:00,1,3.886549,3.70305,AT,AKC,urban,persistence
2023-02-21 00:00:00+00:00,1,4.101449,3.886549,AT,AKC,urban,persistence
2023-02-21 01:00:00+00:00,1,4.156,4.101449,AT,AKC,urban,persistence
2023-02-21 02:00:00+00:00,1,4.42245,4.156,AT,AKC,urban,persistence
2023-02-21 03:00:00+00:00,1,4.420849,4.42245,AT,AKC,urban,persistence
2023-02-21 04:00:00+00:00,1,4.956299,4.420849,AT,AKC,urban,persistence
2023-02-21 05:00:00+00:00,1,5.85045,4.956299,AT,AKC,urban,persistence
2023-02-21 06:00:00+00:00,1,6.37015,5.85045,AT,AKC,urban,persistence
2023-02-21 07:00:00+00:00,1,6.3564,6.37015,AT,AKC,urban,persistence
2023-02-21 08:00:00+00:00,1,6.992199,6.3564,AT,AKC,urban,persistence
2023-02-21 09:00:00+00:00,1,6.8406,6.992199,AT,AKC,urban,persistence
2023-02-21 10:00:00+00:00,1,5.8331,6.8406,AT,AKC,urban,persistence
2023-02-21 11:00:00+00:00,1,5.1098,5.8331,AT,AKC,urban,persistence
2023-02-21 12:00:00+00:00,1,3.50585,5.1098,AT,AKC,urban,persistence
2023-02-21 13:00:00+00:00,1,3.277849,3.50585,AT,AKC,urban,persistence
2023-02-21 14:00:00+00:00,1,3.356649,3.277849,AT,AKC,urban,persistence
2023-02-21 15:00:00+00:00,1,3.752449,3.356649,AT,AKC,urban,persistence
2023-02-21 16:00:00+00:00,1,4.03835,3.752449,AT,AKC,urban,persistence
2023-02-21 17:00:00+00:00,1,4.30235,4.03835,AT,AKC,urban,persistence
2023-02-21 18:00:00+00:00,1,4.500149,4.30235,AT,AKC,urban,persistence
2023-02-21 19:00:00+00:00,1,4.39805,4.500149,AT,AKC,urban,persistence
2023-02-21 20:00:00+00:00,1,3.959499,4.39805,AT,AKC,urban,persistence
2023-02-21 21:00:00+00:00,1,3.52145,3.959499,AT,AKC,urban,persistence
2023-02-21 22:00:00+00:00,1,3.811199,3.52145,AT,AKC,urban,persistence
2023-02-21 23:00:00+00:00,1,3.665999,3.811199,AT,AKC,urban,persistence
2023-02-22 00:00:00+00:00,1,3.564549,3.665999,AT,AKC,urban,persistence
2023-02-22 01:00:00+00:00,1,3.50505,3.564549,AT,AKC,urban,persistence
2023-02-22 02:00:00+00:00,1,3.968699,3.50505,AT,AKC,urban,persistence
2023-02-22 03:00:00+00:00,1,4.37905,3.968699,AT,AKC,urban,persistence
2023-02-22 04:00:00+00:00,1,4.89245,4.37905,AT,AKC,urban,persistence
2023-02-22 05:00:00+00:00,1,6.5401,4.89245,AT,AKC,urban,persistence
2023-02-22 06:00:00+00:00,1,7.243949,6.5401,AT,AKC,urban,persistence
2023-02-22 07:00:00+00:00,1,7.0,7.243949,AT,AKC,urban,persistence
2023-02-22 08:00:00+00:00,1,9.699649,7.0,AT,AKC,urban,persistence
2023-02-22 09:00:00+00:00,1,8.5226,9.699649,AT,AKC,urban,persistence
2023-02-22 10:00:00+00:00,1,6.2782,8.5226,AT,AKC,urban,persistence
2023-02-22 11:00:00+00:00,1,6.80445,6.2782,AT,AKC,urban,persistence
2023-02-22 12:00:00+00:00,1,5.898699,6.80445,AT,AKC,urban,persistence
2023-02-22 13:00:00+00:00,1,4.308899,5.898699,AT,AKC,urban,persistence
2023-02-22 14:00:00+00:00,1,5.0654,4.308899,AT,AKC,urban,persistence
2023-02-22 15:00:00+00:00,1,6.410449,5.0654,AT,AKC,urban,persistence
2023-02-22 16:00:00+00:00,1,8.20825,6.410449,AT,AKC,urban,persistence
2023-02-22 17:00:00+00:00,1,10.463,8.20825,AT,AKC,urban,persistence
2023-02-22 18:00:00+00:00,1,15.246,10.463,AT,AKC,urban,persistence
2023-02-22 19:00:00+00:00,1,15.2485,15.246,AT,AKC,urban,persistence
2023-02-22 20:00:00+00:00,1,16.26,15.2485,AT,AKC,urban,persistence
2023-02-22 21:00:00+00:00,1,15.3065,16.26,AT,AKC,urban,persistence
2023-02-22 22:00:00+00:00,1,15.609,15.3065,AT,AKC,urban,persistence
2023-02-22 23:00:00+00:00,1,15.976,15.609,AT,AKC,urban,persistence
2023-02-23 00:00:00+00:00,1,17.115,15.976,AT,AKC,urban,persistence
2023-02-23 01:00:00+00:00,1,17.23,17.115,AT,AKC,urban,persistence
2023-02-23 02:00:00+00:00,1,17.2755,17.23,AT,AKC,urban,persistence
2023-02-23 03:00:00+00:00,1,17.591,17.2755,AT,AKC,urban,persistence
2023-02-23 04:00:00+00:00,1,16.532,17.591,AT,AKC,urban,persistence
2023-02-23 05:00:00+00:00,1,19.3485,16.532,AT,AKC,urban,persistence
2023-02-23 06:00:00+00:00,1,20.3655,19.3485,AT,AKC,urban,persistence
2023-02-23 07:00:00+00:00,1,20.7235,20.3655,AT,AKC,urban,persistence
2023-02-23 08:00:00+00:00,1,20.064,20.7235,AT,AKC,urban,persistence
2023-02-23 09:00:00+00:00,1,21.562,20.064,AT,AKC,urban,persistence
2023-02-23 10:00:00+00:00,1,23.6485,21.562,AT,AKC,urban,persistence
2023-02-23 11:00:00+00:00,1,24.8855,23.6485,AT,AKC,urban,persistence
2023-02-23 12:00:00+00:00,1,24.411,24.8855,AT,AKC,urban,persistence
2023-02-23 13:00:00+00:00,1,21.02,24.411,AT,AKC,urban,persistence
2023-02-23 14:00:00+00:00,1,18.8915,21.02,AT,AKC,urban,persistence
2023-02-23 15:00:00+00:00,1,20.485,18.8915,AT,AKC,urban,persistence
2023-02-23 16:00:00+00:00,1,21.6595,20.485,AT,AKC,urban,persistence
2023-02-23 17:00:00+00:00,1,21.7525,21.6595,AT,AKC,urban,persistence
2023-02-23 18:00:00+00:00,1,21.7245,21.7525,AT,AKC,urban,persistence
2023-02-23 19:00:00+00:00,1,22.3235,21.7245,AT,AKC,urban,persistence
2023-02-23 20:00:00+00:00,1,22.5875,22.3235,AT,AKC,urban,persistence
2023-02-23 21:00:00+00:00,1,23.0875,22.5875,AT,AKC,urban,persistence
2023-02-23 22:00:00+00:00,1,24.5545,23.0875,AT,AKC,urban,persistence
2023-02-23 23:00:00+00:00,1,25.541,24.5545,AT,AKC,urban,persistence
2023-02-24 00:00:00+00:00,1,25.8795,25.541,AT,AKC,urban,persistence
2023-02-24 01:00:00+00:00,1,25.3045,25.8795,AT,AKC,urban,persistence
2023-02-24 02:00:00+00:00,1,25.477,25.3045,AT,AKC,urban,persistence
2023-02-24 03:00:00+00:00,1,31.253,25.477,AT,AKC,urban,persistence
2023-02-24 04:00:00+00:00,1,31.227,31.253,AT,AKC,urban,persistence
2023-02-24 05:00:00+00:00,1,30.4205,31.227,AT,AKC,urban,persistence
2023-02-24 06:00:00+00:00,1,28.1955,30.4205,AT,AKC,urban,persistence
2023-02-24 07:00:00+00:00,1,27.3015,28.1955,AT,AKC,urban,persistence
2023-02-24 08:00:00+00:00,1,19.864,27.3015,AT,AKC,urban,persistence
2023-02-24 09:00:00+00:00,1,11.887,19.864,AT,AKC,urban,persistence
2023-02-24 10:00:00+00:00,1,14.398,11.887,AT,AKC,urban,persistence
2023-02-24 11:00:00+00:00,1,11.541,14.398,AT,AKC,urban,persistence
2023-02-24 12:00:00+00:00,1,7.7017,11.541,AT,AKC,urban,persistence
2023-02-24 13:00:00+00:00,1,8.32925,7.7017,AT,AKC,urban,persistence
2023-02-24 14:00:00+00:00,1,9.51805,8.32925,AT,AKC,urban,persistence
2023-02-24 15:00:00+00:00,1,9.787,9.51805,AT,AKC,urban,persistence
2023-02-24 16:00:00+00:00,1,11.0775,9.787,AT,AKC,urban,persistence
2023-02-24 17:00:00+00:00,1,13.577,11.0775,AT,AKC,urban,persistence
2023-02-24 18:00:00+00:00,1,14.8975,13.577,AT,AKC,urban,persistence
2023-02-24 19:00:00+00:00,1,11.12495,14.8975,AT,AKC,urban,persistence
2023-02-24 20:00:00+00:00,1,8.025699,11.12495,AT,AKC,urban,persistence
2023-02-24 21:00:00+00:00,1,8.81595,8.025699,AT,AKC,urban,persistence
2023-02-24 22:00:00+00:00,1,6.932749,8.81595,AT,AKC,urban,persistence
2023-02-24 23:00:00+00:00,1,4.259949,6.932749,AT,AKC,urban,persistence
2023-02-25 00:00:00+00:00,1,3.117449,4.259949,AT,AKC,urban,persistence
2023-02-25 01:00:00+00:00,1,2.50005,3.117449,AT,AKC,urban,persistence
2023-02-25 02:00:00+00:00,1,1.6528,2.50005,AT,AKC,urban,persistence
2023-02-25 03:00:00+00:00,1,1.201699,1.6528,AT,AKC,urban,persistence
2023-02-25 04:00:00+00:00,1,1.175999,1.201699,AT,AKC,urban,persistence
2023-02-25 05:00:00+00:00,1,1.212899,1.175999,AT,AKC,urban,persistence
2023-02-25 06:00:00+00:00,1,1.3666,1.212899,AT,AKC,urban,persistence
2023-02-25 07:00:00+00:00,1,2.17385,1.3666,AT,AKC,urban,persistence
2023-02-25 08:00:00+00:00,1,2.979899,2.17385,AT,AKC,urban,persistence
2023-02-25 09:00:00+00:00,1,3.291549,2.979899,AT,AKC,urban,persistence
2023-02-25 10:00:00+00:00,1,2.815299,3.291549,AT,AKC,urban,persistence
2023-02-25 11:00:00+00:00,1,2.899399,2.815299,AT,AKC,urban,persistence
2023-02-25 12:00:00+00:00,1,2.53275,2.899399,AT,AKC,urban,persistence
2023-02-25 13:00:00+00:00,1,2.607049,2.53275,AT,AKC,urban,persistence
2023-02-25 14:00:00+00:00,1,2.98215,2.607049,AT,AKC,urban,persistence
2023-02-25 15:00:00+00:00,1,2.0015,2.98215,AT,AKC,urban,persistence
2023-02-25 16:00:00+00:00,1,3.1198,2.0015,AT,AKC,urban,persistence
2023-02-25 17:00:00+00:00,1,1.76745,3.1198,AT,AKC,urban,persistence
2023-02-25 18:00:00+00:00,1,2.134599,1.76745,AT,AKC,urban,persistence
2023-02-25 19:00:00+00:00,1,2.797299,2.134599,AT,AKC,urban,persistence
2023-02-25 20:00:00+00:00,1,3.3467,2.797299,AT,AKC,urban,persistence
2023-02-25 21:00:00+00:00,1,3.958749,3.3467,AT,AKC,urban,persistence
2023-02-25 22:00:00+00:00,1,3.985499,3.958749,AT,AKC,urban,persistence
2023-02-25 23:00:00+00:00,1,4.239749,3.985499,AT,AKC,urban,persistence
2023-02-26 00:00:00+00:00,1,4.25335,4.239749,AT,AKC,urban,persistence
2023-02-26 01:00:00+00:00,1,3.555649,4.25335,AT,AKC,urban,persistence
2023-02-26 02:00:00+00:00,1,3.587949,3.555649,AT,AKC,urban,persistence
2023-02-26 03:00:00+00:00,1,4.2908,3.587949,AT,AKC,urban,persistence
2023-02-26 04:00:00+00:00,1,5.283599,4.2908,AT,AKC,urban,persistence
2023-02-26 05:00:00+00:00,1,5.777699,5.283599,AT,AKC,urban,persistence
2023-02-26 06:00:00+00:00,1,5.82165,5.777699,AT,AKC,urban,persistence
2023-02-26 07:00:00+00:00,1,4.866099,5.82165,AT,AKC,urban,persistence
2023-02-26 08:00:00+00:00,1,3.402849,4.866099,AT,AKC,urban,persistence
2023-02-26 09:00:00+00:00,1,3.270649,3.402849,AT,AKC,urban,persistence
2023-02-26 10:00:00+00:00,1,3.421549,3.270649,AT,AKC,urban,persistence
2023-02-26 11:00:00+00:00,1,3.1518,3.421549,AT,AKC,urban,persistence
2023-02-26 12:00:00+00:00,1,3.34415,3.1518,AT,AKC,urban,persistence
2023-02-26 13:00:00+00:00,1,3.4924,3.34415,AT,AKC,urban,persistence
2023-02-26 14:00:00+00:00,1,3.325699,3.4924,AT,AKC,urban,persistence
2023-02-26 15:00:00+00:00,1,3.812449,3.325699,AT,AKC,urban,persistence
2023-02-26 16:00:00+00:00,1,4.637149,3.812449,AT,AKC,urban,persistence
2023-02-26 17:00:00+00:00,1,5.825349,4.637149,AT,AKC,urban,persistence
2023-02-26 18:00:00+00:00,1,5.224499,5.825349,AT,AKC,urban,persistence
2023-02-26 19:00:00+00:00,1,5.0604,5.224499,AT,AKC,urban,persistence
2023-02-26 20:00:00+00:00,1,5.606349,5.0604,AT,AKC,urban,persistence
2023-02-26 21:00:00+00:00,1,5.9785,5.606349,AT,AKC,urban,persistence
2023-02-26 22:00:00+00:00,1,6.520949,5.9785,AT,AKC,urban,persistence
2023-02-26 23:00:00+00:00,1,6.603449,6.520949,AT,AKC,urban,persistence
2023-02-27 00:00:00+00:00,1,5.653399,6.603449,AT,AKC,urban,persistence
2023-02-27 01:00:00+00:00,1,5.272449,5.653399,AT,AKC,urban,persistence
2023-02-27 02:00:00+00:00,1,5.30945,5.272449,AT,AKC,urban,persistence
2023-02-27 03:00:00+00:00,1,5.117599,5.30945,AT,AKC,urban,persistence
2023-02-27 04:00:00+00:00,1,5.130249,5.117599,AT,AKC,urban,persistence
2023-02-27 05:00:00+00:00,1,5.962049,5.130249,AT,AKC,urban,persistence
2023-02-27 06:00:00+00:00,1,6.3983,5.962049,AT,AKC,urban,persistence
2023-02-27 07:00:00+00:00,1,5.859149,6.3983,AT,AKC,urban,persistence
2023-02-27 08:00:00+00:00,1,5.1911,5.859149,AT,AKC,urban,persistence
2023-02-27 09:00:00+00:00,1,5.7627,5.1911,AT,AKC,urban,persistence
2023-02-27 10:00:00+00:00,1,6.039199,5.7627,AT,AKC,urban,persistence
2023-02-27 11:00:00+00:00,1,6.61435,6.039199,AT,AKC,urban,persistence
2023-02-27 12:00:00+00:00,1,6.5773,6.61435,AT,AKC,urban,persistence
2023-02-27 13:00:00+00:00,1,6.193099,6.5773,AT,AKC,urban,persistence
2023-02-27 14:00:00+00:00,1,6.1448,6.193099,AT,AKC,urban,persistence
2023-02-27 15:00:00+00:00,1,6.385299,6.1448,AT,AKC,urban,persistence
2023-02-27 16:00:00+00:00,1,8.45265,6.385299,AT,AKC,urban,persistence
2023-02-27 17:00:00+00:00,1,11.0485,8.45265,AT,AKC,urban,persistence
2023-02-27 18:00:00+00:00,1,10.7605,11.0485,AT,AKC,urban,persistence
2023-02-27 19:00:00+00:00,1,10.538,10.7605,AT,AKC,urban,persistence
2023-02-27 20:00:00+00:00,1,11.2635,10.538,AT,AKC,urban,persistence
2023-02-27 21:00:00+00:00,1,12.534,11.2635,AT,AKC,urban,persistence
2023-02-27 22:00:00+00:00,1,12.6505,12.534,AT,AKC,urban,persistence
2023-02-27 23:00:00+00:00,1,13.2145,12.6505,AT,AKC,urban,persistence
2023-02-28 00:00:00+00:00,1,14.069,13.2145,AT,AKC,urban,persistence
2023-02-28 01:00:00+00:00,1,14.6095,14.069,AT,AKC,urban,persistence
2023-02-28 02:00:00+00:00,1,15.182,14.6095,AT,AKC,urban,persistence
2023-02-28 03:00:00+00:00,1,15.4165,15.182,AT,AKC,urban,persistence
2023-02-28 04:00:00+00:00,1,16.8405,15.4165,AT,AKC,urban,persistence
2023-02-28 05:00:00+00:00,1,17.918,16.8405,AT,AKC,urban,persistence
2023-02-28 06:00:00+00:00,1,19.463,17.918,AT,AKC,urban,persistence
2023-02-28 07:00:00+00:00,1,21.0045,19.463,AT,AKC,urban,persistence
2023-02-28 08:00:00+00:00,1,19.4515,21.0045,AT,AKC,urban,persistence
2023-02-28 09:00:00+00:00,1,19.6195,19.4515,AT,AKC,urban,persistence
2023-02-28 10:00:00+00:00,1,19.613,19.6195,AT,AKC,urban,persistence
2023-02-28 11:00:00+00:00,1,17.1945,19.613,AT,AKC,urban,persistence
2023-02-28 12:00:00+00:00,1,15.665,17.1945,AT,AKC,urban,persistence
2023-02-28 13:00:00+00:00,1,16.392,15.665,AT,AKC,urban,persistence
2023-02-28 14:00:00+00:00,1,17.355,16.392,AT,AKC,urban,persistence
2023-02-28 15:00:00+00:00,1,17.4415,17.355,AT,AKC,urban,persistence
2023-02-28 16:00:00+00:00,1,20.1615,17.4415,AT,AKC,urban,persistence
2023-02-28 17:00:00+00:00,1,17.7555,20.1615,AT,AKC,urban,persistence
2023-02-28 18:00:00+00:00,1,19.433,17.7555,AT,AKC,urban,persistence
2023-02-28 19:00:00+00:00,1,20.54,19.433,AT,AKC,urban,persistence
2023-02-28 20:00:00+00:00,1,23.0405,20.54,AT,AKC,urban,persistence
2023-02-28 21:00:00+00:00,1,25.0615,23.0405,AT,AKC,urban,persistence
2023-02-28 22:00:00+00:00,1,26.062,25.0615,AT,AKC,urban,persistence
2023-02-28 23:00:00+00:00,1,27.488,26.062,AT,AKC,urban,persistence
2023-03-01 00:00:00+00:00,1,28.5995,27.488,AT,AKC,urban,persistence
2023-03-01 01:00:00+00:00,1,29.519,28.5995,AT,AKC,urban,persistence
2023-03-01 02:00:00+00:00,1,30.4125,29.519,AT,AKC,urban,persistence
2023-03-01 03:00:00+00:00,1,30.507,30.4125,AT,AKC,urban,persistence
2023-03-01 04:00:00+00:00,1,30.5665,30.507,AT,AKC,urban,persistence
2023-03-01 05:00:00+00:00,1,30.4835,30.5665,AT,AKC,urban,persistence
2023-03-01 06:00:00+00:00,1,31.432,30.4835,AT,AKC,urban,persistence
2023-03-01 07:00:00+00:00,1,31.844,31.432,AT,AKC,urban,persistence
2023-03-01 08:00:00+00:00,1,30.0625,31.844,AT,AKC,urban,persistence
2023-03-01 09:00:00+00:00,1,24.287,30.0625,AT,AKC,urban,persistence
2023-03-01 10:00:00+00:00,1,24.4165,24.287,AT,AKC,urban,persistence
2023-03-01 11:00:00+00:00,1,22.4175,24.4165,AT,AKC,urban,persistence
2023-03-01 12:00:00+00:00,1,22.013,22.4175,AT,AKC,urban,persistence
2023-03-01 13:00:00+00:00,1,23.2695,22.013,AT,AKC,urban,persistence
2023-03-01 14:00:00+00:00,1,22.9965,23.2695,AT,AKC,urban,persistence
2023-03-01 15:00:00+00:00,1,22.0695,22.9965,AT,AKC,urban,persistence
2023-03-01 16:00:00+00:00,1,24.021,22.0695,AT,AKC,urban,persistence
2023-03-01 17:00:00+00:00,1,26.863,24.021,AT,AKC,urban,persistence
2023-03-01 18:00:00+00:00,1,28.8195,26.863,AT,AKC,urban,persistence
2023-03-01 19:00:00+00:00,1,27.265,28.8195,AT,AKC,urban,persistence
2023-03-01 20:00:00+00:00,1,29.798,27.265,AT,AKC,urban,persistence
2023-03-01 21:00:00+00:00,1,33.582,29.798,AT,AKC,urban,persistence
2023-03-01 22:00:00+00:00,1,37.0725,33.582,AT,AKC,urban,persistence
2023-03-01 23:00:00+00:00,1,38.9195,37.0725,AT,AKC,urban,persistence
2023-03-02 00:00:00+00:00,1,40.858,38.9195,AT,AKC,urban,persistence
2023-03-02 01:00:00+00:00,1,39.378,40.858,AT,AKC,urban,persistence
2023-03-02 02:00:00+00:00,1,38.2775,39.378,AT,AKC,urban,persistence
2023-03-02 03:00:00+00:00,1,38.418,38.2775,AT,AKC,urban,persistence
2023-03-02 04:00:00+00:00,1,38.4625,38.418,AT,AKC,urban,persistence
2023-03-02 05:00:00+00:00,1,39.555,38.4625,AT,AKC,urban,persistence
2023-03-02 06:00:00+00:00,1,38.3725,39.555,AT,AKC,urban,persistence
2023-03-02 07:00:00+00:00,1,40.271,38.3725,AT,AKC,urban,persistence
2023-03-02 08:00:00+00:00,1,40.64,40.271,AT,AKC,urban,persistence
2023-03-02 09:00:00+00:00,1,38.833,40.64,AT,AKC,urban,persistence
2023-03-02 10:00:00+00:00,1,34.778,38.833,AT,AKC,urban,persistence
2023-03-02 11:00:00+00:00,1,25.807,34.778,AT,AKC,urban,persistence
2023-03-02 12:00:00+00:00,1,23.5215,25.807,AT,AKC,urban,persistence
2023-03-02 13:00:00+00:00,1,23.13,23.5215,AT,AKC,urban,persistence
2023-03-02 14:00:00+00:00,1,21.8685,23.13,AT,AKC,urban,persistence
2023-03-02 15:00:00+00:00,1,20.476,21.8685,AT,AKC,urban,persistence
2023-03-02 16:00:00+00:00,1,21.0675,20.476,AT,AKC,urban,persistence
2023-03-02 17:00:00+00:00,1,20.556,21.0675,AT,AKC,urban,persistence
2023-03-02 18:00:00+00:00,1,27.369,20.556,AT,AKC,urban,persistence
2023-03-02 19:00:00+00:00,1,23.7595,27.369,AT,AKC,urban,persistence
2023-03-02 20:00:00+00:00,1,26.7695,23.7595,AT,AKC,urban,persistence
2023-03-02 21:00:00+00:00,1,22.5355,26.7695,AT,AKC,urban,persistence
2023-03-02 22:00:00+00:00,1,21.967,22.5355,AT,AKC,urban,persistence
2023-03-02 23:00:00+00:00,1,20.72,21.967,AT,AKC,urban,persistence
2023-03-03 00:00:00+00:00,1,20.0765,20.72,AT,AKC,urban,persistence
2023-03-03 01:00:00+00:00,1,22.793,20.0765,AT,AKC,urban,persistence
2023-03-03 02:00:00+00:00,1,27.1455,22.793,AT,AKC,urban,persistence
2023-03-03 03:00:00+00:00,1,32.1075,27.1455,AT,AKC,urban,persistence
2023-03-03 04:00:00+00:00,1,32.3175,32.1075,AT,AKC,urban,persistence
2023-03-03 05:00:00+00:00,1,35.9975,32.3175,AT,AKC,urban,persistence
2023-03-03 06:00:00+00:00,1,41.931,35.9975,AT,AKC,urban,persistence
2023-03-03 07:00:00+00:00,1,37.486,41.931,AT,AKC,urban,persistence
2023-03-03 08:00:00+00:00,1,36.177,37.486,AT,AKC,urban,persistence
2023-03-03 09:00:00+00:00,1,33.8385,36.177,AT,AKC,urban,persistence
2023-03-03 10:00:00+00:00,1,29.032,33.8385,AT,AKC,urban,persistence
2023-03-03 11:00:00+00:00,1,28.5285,29.032,AT,AKC,urban,persistence
2023-03-03 12:00:00+00:00,1,27.756,28.5285,AT,AKC,urban,persistence
2023-03-03 13:00:00+00:00,1,24.4805,27.756,AT,AKC,urban,persistence
2023-03-03 14:00:00+00:00,1,18.873,24.4805,AT,AKC,urban,persistence
2023-03-03 15:00:00+00:00,1,21.161,18.873,AT,AKC,urban,persistence
2023-03-03 16:00:00+00:00,1,21.771,21.161,AT,AKC,urban,persistence
2023-03-03 17:00:00+00:00,1,21.57,21.771,AT,AKC,urban,persistence
2023-03-03 18:00:00+00:00,1,26.805,21.57,AT,AKC,urban,persistence
2023-03-03 19:00:00+00:00,1,26.211,26.805,AT,AKC,urban,persistence
2023-03-03 20:00:00+00:00,1,25.605,26.211,AT,AKC,urban,persistence
2023-03-03 21:00:00+00:00,1,24.8345,25.605,AT,AKC,urban,persistence
2023-03-03 22:00:00+00:00,1,26.6875,24.8345,AT,AKC,urban,persistence
2023-03-03 23:00:00+00:00,1,26.1155,26.6875,AT,AKC,urban,persistence
2023-03-04 00:00:00+00:00,1,19.8925,26.1155,AT,AKC,urban,persistence
2023-03-04 01:00:00+00:00,1,17.2045,19.8925,AT,AKC,urban,persistence
2023-03-04 02:00:00+00:00,1,23.849,17.2045,AT,AKC,urban,persistence
2023-03-04 03:00:00+00:00,1,37.4575,23.849,AT,AKC,urban,persistence
2023-03-04 04:00:00+00:00,1,35.3915,37.4575,AT,AKC,urban,persistence
2023-03-04 05:00:00+00:00,1,35.2055,35.3915,AT,AKC,urban,persistence
2023-03-04 06:00:00+00:00,1,35.8105,35.2055,AT,AKC,urban,persistence
2023-03-04 07:00:00+00:00,1,34.9475,35.8105,AT,AKC,urban,persistence
2023-03-04 08:00:00+00:00,1,22.587,34.9475,AT,AKC,urban,persistence
2023-03-04 09:00:00+00:00,1,15.5495,22.587,AT,AKC,urban,persistence
2023-03-04 10:00:00+00:00,1,15.475,15.5495,AT,AKC,urban,persistence
2023-03-04 11:00:00+00:00,1,14.216,15.475,AT,AKC,urban,persistence
2023-03-04 12:00:00+00:00,1,16.2775,14.216,AT,AKC,urban,persistence
2023-03-04 13:00:00+00:00,1,17.03,16.2775,AT,AKC,urban,persistence
2023-03-04 14:00:00+00:00,1,19.8865,17.03,AT,AKC,urban,persistence
2023-03-04 15:00:00+00:00,1,19.4085,19.8865,AT,AKC,urban,persistence
2023-03-04 16:00:00+00:00,1,18.1635,19.4085,AT,AKC,urban,persistence
2023-03-04 17:00:00+00:00,1,14.7455,18.1635,AT,AKC,urban,persistence
2023-03-04 18:00:00+00:00,1,13.914,14.7455,AT,AKC,urban,persistence
2023-03-04 19:00:00+00:00,1,12.068,13.914,AT,AKC,urban,persistence
2023-03-04 20:00:00+00:00,1,13.364,12.068,AT,AKC,urban,persistence
2023-03-04 21:00:00+00:00,1,15.0915,13.364,AT,AKC,urban,persistence
2023-03-04 22:00:00+00:00,1,16.119,15.0915,AT,AKC,urban,persistence
2023-03-04 23:00:00+00:00,1,16.236,16.119,AT,AKC,urban,persistence
2023-03-05 00:00:00+00:00,1,15.1615,16.236,AT,AKC,urban,persistence
2023-03-05 01:00:00+00:00,1,15.1205,15.1615,AT,AKC,urban,persistence
2023-03-05 02:00:00+00:00,1,15.196,15.1205,AT,AKC,urban,persistence
2023-03-05 03:00:00+00:00,1,14.9545,15.196,AT,AKC,urban,persistence
2023-03-05 04:00:00+00:00,1,15.0535,14.9545,AT,AKC,urban,persistence
2023-03-05 05:00:00+00:00,1,14.232,15.0535,AT,AKC,urban,persistence
2023-03-05 06:00:00+00:00,1,16.1365,14.232,AT,AKC,urban,persistence
2023-03-05 07:00:00+00:00,1,16.4895,16.1365,AT,AKC,urban,persistence
2023-03-05 08:00:00+00:00,1,16.67,16.4895,AT,AKC,urban,persistence
2023-03-05 09:00:00+00:00,1,15.6915,16.67,AT,AKC,urban,persistence
2023-03-05 10:00:00+00:00,1,15.806,15.6915,AT,AKC,urban,persistence
2023-03-05 11:00:00+00:00,1,14.967,15.806,AT,AKC,urban,persistence
2023-03-05 12:00:00+00:00,1,7.20655,14.967,AT,AKC,urban,persistence
2023-03-05 13:00:00+00:00,1,6.267799,7.20655,AT,AKC,urban,persistence
2023-03-05 14:00:00+00:00,1,6.499599,6.267799,AT,AKC,urban,persistence
2023-03-05 15:00:00+00:00,1,6.649899,6.499599,AT,AKC,urban,persistence
2023-03-05 16:00:00+00:00,1,6.54135,6.649899,AT,AKC,urban,persistence
2023-03-05 17:00:00+00:00,1,6.602999,6.54135,AT,AKC,urban,persistence
2023-03-05 18:00:00+00:00,1,7.215849,6.602999,AT,AKC,urban,persistence
2023-03-05 19:00:00+00:00,1,7.3928,7.215849,AT,AKC,urban,persistence
2023-03-05 20:00:00+00:00,1,7.830149,7.3928,AT,AKC,urban,persistence
2023-03-05 21:00:00+00:00,1,9.726949,7.830149,AT,AKC,urban,persistence
2023-03-05 22:00:00+00:00,1,11.132,9.726949,AT,AKC,urban,persistence
2023-03-05 23:00:00+00:00,1,8.545598,11.132,AT,AKC,urban,persistence
2023-03-06 00:00:00+00:00,1,6.465049,8.545598,AT,AKC,urban,persistence
2023-03-06 01:00:00+00:00,1,5.277199,6.465049,AT,AKC,urban,persistence
2023-03-06 02:00:00+00:00,1,5.028349,5.277199,AT,AKC,urban,persistence
2023-03-06 03:00:00+00:00,1,5.318049,5.028349,AT,AKC,urban,persistence
2023-03-06 04:00:00+00:00,1,7.400699,5.318049,AT,AKC,urban,persistence
2023-03-06 05:00:00+00:00,1,9.9348,7.400699,AT,AKC,urban,persistence
2023-03-06 06:00:00+00:00,1,13.182,9.9348,AT,AKC,urban,persistence
2023-03-06 07:00:00+00:00,1,14.0675,13.182,AT,AKC,urban,persistence
2023-03-06 08:00:00+00:00,1,14.195,14.0675,AT,AKC,urban,persistence
2023-03-06 09:00:00+00:00,1,14.477,14.195,AT,AKC,urban,persistence
2023-03-06 10:00:00+00:00,1,14.153,14.477,AT,AKC,urban,persistence
2023-03-06 11:00:00+00:00,1,15.156,14.153,AT,AKC,urban,persistence
2023-03-06 12:00:00+00:00,1,14.2755,15.156,AT,AKC,urban,persistence
2023-03-06 13:00:00+00:00,1,14.3585,14.2755,AT,AKC,urban,persistence
2023-03-06 14:00:00+00:00,1,12.9085,14.3585,AT,AKC,urban,persistence
2023-03-06 15:00:00+00:00,1,13.389,12.9085,AT,AKC,urban,persistence
2023-03-06 16:00:00+00:00,1,14.8365,13.389,AT,AKC,urban,persistence
2023-03-06 17:00:00+00:00,1,15.991,14.8365,AT,AKC,urban,persistence
2023-03-06 18:00:00+00:00,1,16.084,15.991,AT,AKC,urban,persistence
2023-03-06 19:00:00+00:00,1,14.842,16.084,AT,AKC,urban,persistence
2023-03-06 20:00:00+00:00,1,14.0075,14.842,AT,AKC,urban,persistence
2023-03-06 21:00:00+00:00,1,14.955,14.0075,AT,AKC,urban,persistence
2023-03-06 22:00:00+00:00,1,15.2545,14.955,AT,AKC,urban,persistence
2023-03-06 23:00:00+00:00,1,16.339,15.2545,AT,AKC,urban,persistence
2023-03-07 00:00:00+00:00,1,17.215,16.339,AT,AKC,urban,persistence
2023-03-07 01:00:00+00:00,1,17.182,17.215,AT,AKC,urban,persistence
2023-03-07 02:00:00+00:00,1,16.338,17.182,AT,AKC,urban,persistence
2023-03-07 03:00:00+00:00,1,16.8535,16.338,AT,AKC,urban,persistence
2023-03-07 04:00:00+00:00,1,15.593,16.8535,AT,AKC,urban,persistence
2023-03-07 05:00:00+00:00,1,16.114,15.593,AT,AKC,urban,persistence
2023-03-07 06:00:00+00:00,1,16.4095,16.114,AT,AKC,urban,persistence
2023-03-07 07:00:00+00:00,1,19.033,16.4095,AT,AKC,urban,persistence
2023-03-07 08:00:00+00:00,1,17.066,19.033,AT,AKC,urban,persistence
2023-03-07 09:00:00+00:00,1,14.558,17.066,AT,AKC,urban,persistence
2023-03-07 10:00:00+00:00,1,16.0005,14.558,AT,AKC,urban,persistence
2023-03-07 11:00:00+00:00,1,14.4985,16.0005,AT,AKC,urban,persistence
2023-03-07 12:00:00+00:00,1,12.4115,14.4985,AT,AKC,urban,persistence
2023-03-07 13:00:00+00:00,1,10.37175,12.4115,AT,AKC,urban,persistence
2023-03-07 14:00:00+00:00,1,9.979999,10.37175,AT,AKC,urban,persistence
2023-03-07 15:00:00+00:00,1,12.3005,9.979999,AT,AKC,urban,persistence
2023-03-07 16:00:00+00:00,1,15.7495,12.3005,AT,AKC,urban,persistence
2023-03-07 17:00:00+00:00,1,17.411,15.7495,AT,AKC,urban,persistence
2023-03-07 18:00:00+00:00,1,18.23,17.411,AT,AKC,urban,persistence
2023-03-07 19:00:00+00:00,1,20.298,18.23,AT,AKC,urban,persistence
2023-03-07 20:00:00+00:00,1,23.752,20.298,AT,AKC,urban,persistence
2023-03-07 21:00:00+00:00,1,24.7245,23.752,AT,AKC,urban,persistence
2023-03-07 22:00:00+00:00,1,18.267,24.7245,AT,AKC,urban,persistence
2023-03-07 23:00:00+00:00,1,16.3875,18.267,AT,AKC,urban,persistence
2023-03-08 00:00:00+00:00,1,11.9335,16.3875,AT,AKC,urban,persistence
2023-03-08 01:00:00+00:00,1,11.78,11.9335,AT,AKC,urban,persistence
2023-03-08 02:00:00+00:00,1,12.642,11.78,AT,AKC,urban,persistence
2023-03-08 03:00:00+00:00,1,12.0315,12.642,AT,AKC,urban,persistence
2023-03-08 04:00:00+00:00,1,13.1305,12.0315,AT,AKC,urban,persistence
2023-03-08 05:00:00+00:00,1,13.6995,13.1305,AT,AKC,urban,persistence
2023-03-08 06:00:00+00:00,1,11.948,13.6995,AT,AKC,urban,persistence
2023-03-08 07:00:00+00:00,1,8.958499,11.948,AT,AKC,urban,persistence
2023-03-08 08:00:00+00:00,1,8.930049,8.958499,AT,AKC,urban,persistence
2023-03-08 09:00:00+00:00,1,10.78,8.930049,AT,AKC,urban,persistence
2023-03-08 10:00:00+00:00,1,16.8315,10.78,AT,AKC,urban,persistence
2023-03-08 11:00:00+00:00,1,17.633,16.8315,AT,AKC,urban,persistence
2023-03-08 12:00:00+00:00,1,18.5575,17.633,AT,AKC,urban,persistence
2023-03-08 13:00:00+00:00,1,17.1815,18.5575,AT,AKC,urban,persistence
2023-03-08 14:00:00+00:00,1,17.5905,17.1815,AT,AKC,urban,persistence
2023-03-08 15:00:00+00:00,1,19.1365,17.5905,AT,AKC,urban,persistence
2023-03-08 16:00:00+00:00,1,20.804,19.1365,AT,AKC,urban,persistence
2023-03-08 17:00:00+00:00,1,24.521,20.804,AT,AKC,urban,persistence
2023-03-08 18:00:00+00:00,1,22.5455,24.521,AT,AKC,urban,persistence
2023-03-08 19:00:00+00:00,1,19.386,22.5455,AT,AKC,urban,persistence
2023-03-08 20:00:00+00:00,1,20.996,19.386,AT,AKC,urban,persistence
2023-03-08 21:00:00+00:00,1,19.69,20.996,AT,AKC,urban,persistence
2023-03-08 22:00:00+00:00,1,14.2655,19.69,AT,AKC,urban,persistence
2023-03-08 23:00:00+00:00,1,6.968999,14.2655,AT,AKC,urban,persistence
2023-03-09 00:00:00+00:00,1,8.1877,6.968999,AT,AKC,urban,persistence
2023-03-09 01:00:00+00:00,1,8.63175,8.1877,AT,AKC,urban,persistence
2023-03-09 02:00:00+00:00,1,8.79725,8.63175,AT,AKC,urban,persistence
2023-03-09 03:00:00+00:00,1,9.95585,8.79725,AT,AKC,urban,persistence
2023-03-09 04:00:00+00:00,1,10.11,9.95585,AT,AKC,urban,persistence
2023-03-09 05:00:00+00:00,1,4.43445,10.11,AT,AKC,urban,persistence
2023-03-09 06:00:00+00:00,1,3.8366,4.43445,AT,AKC,urban,persistence
2023-03-09 07:00:00+00:00,1,8.369899,3.8366,AT,AKC,urban,persistence
2023-03-09 08:00:00+00:00,1,11.2852,8.369899,AT,AKC,urban,persistence
2023-03-09 09:00:00+00:00,1,7.919899,11.2852,AT,AKC,urban,persistence
2023-03-09 10:00:00+00:00,1,4.1655,7.919899,AT,AKC,urban,persistence
2023-03-09 11:00:00+00:00,1,3.34605,4.1655,AT,AKC,urban,persistence
2023-03-09 12:00:00+00:00,1,3.0394,3.34605,AT,AKC,urban,persistence
2023-03-09 13:00:00+00:00,1,2.560349,3.0394,AT,AKC,urban,persistence
2023-03-09 14:00:00+00:00,1,2.434949,2.560349,AT,AKC,urban,persistence
2023-03-09 15:00:00+00:00,1,2.1388,2.434949,AT,AKC,urban,persistence
2023-03-09 16:00:00+00:00,1,2.80765,2.1388,AT,AKC,urban,persistence
2023-03-09 17:00:00+00:00,1,5.629449,2.80765,AT,AKC,urban,persistence
2023-03-09 18:00:00+00:00,1,8.88735,5.629449,AT,AKC,urban,persistence
2023-03-09 19:00:00+00:00,1,11.546,8.88735,AT,AKC,urban,persistence
2023-03-09 20:00:00+00:00,1,11.8785,11.546,AT,AKC,urban,persistence
2023-03-09 21:00:00+00:00,1,9.735199,11.8785,AT,AKC,urban,persistence
2023-03-09 22:00:00+00:00,1,6.614999,9.735199,AT,AKC,urban,persistence
2023-03-09 23:00:00+00:00,1,7.91335,6.614999,AT,AKC,urban,persistence
2023-03-10 00:00:00+00:00,1,6.977299,7.91335,AT,AKC,urban,persistence
2023-03-10 01:00:00+00:00,1,6.316599,6.977299,AT,AKC,urban,persistence
2023-03-10 02:00:00+00:00,1,6.363249,6.316599,AT,AKC,urban,persistence
2023-03-10 03:00:00+00:00,1,6.30625,6.363249,AT,AKC,urban,persistence
2023-03-10 04:00:00+00:00,1,8.321949,6.30625,AT,AKC,urban,persistence
2023-03-10 05:00:00+00:00,1,10.418,8.321949,AT,AKC,urban,persistence
2023-03-10 06:00:00+00:00,1,9.86625,10.418,AT,AKC,urban,persistence
2023-03-10 07:00:00+00:00,1,12.491,9.86625,AT,AKC,urban,persistence
2023-03-10 08:00:00+00:00,1,14.5525,12.491,AT,AKC,urban,persistence
2023-03-10 09:00:00+00:00,1,14.5375,14.5525,AT,AKC,urban,persistence
2023-03-10 10:00:00+00:00,1,6.373549,14.5375,AT,AKC,urban,persistence
2023-03-10 11:00:00+00:00,1,4.423299,6.373549,AT,AKC,urban,persistence
2023-03-10 12:00:00+00:00,1,4.38485,4.423299,AT,AKC,urban,persistence
2023-03-10 13:00:00+00:00,1,3.998449,4.38485,AT,AKC,urban,persistence
2023-03-10 14:00:00+00:00,1,3.409399,3.998449,AT,AKC,urban,persistence
2023-03-10 15:00:00+00:00,1,3.001199,3.409399,AT,AKC,urban,persistence
2023-03-10 16:00:00+00:00,1,3.7868,3.001199,AT,AKC,urban,persistence
2023-03-10 17:00:00+00:00,1,2.92985,3.7868,AT,AKC,urban,persistence
2023-03-10 18:00:00+00:00,1,2.82655,2.92985,AT,AKC,urban,persistence
2023-03-10 19:00:00+00:00,1,1.7388,2.82655,AT,AKC,urban,persistence
2023-03-10 20:00:00+00:00,1,1.533349,1.7388,AT,AKC,urban,persistence
2023-03-10 21:00:00+00:00,1,1.8664,1.533349,AT,AKC,urban,persistence
2023-03-10 22:00:00+00:00,1,2.076799,1.8664,AT,AKC,urban,persistence
2023-03-10 23:00:00+00:00,1,2.193599,2.076799,AT,AKC,urban,persistence
2023-03-11 00:00:00+00:00,1,2.0566,2.193599,AT,AKC,urban,persistence
2023-03-11 01:00:00+00:00,1,2.0848,2.0566,AT,AKC,urban,persistence
2023-03-11 02:00:00+00:00,1,2.366099,2.0848,AT,AKC,urban,persistence
2023-03-11 03:00:00+00:00,1,1.993149,2.366099,AT,AKC,urban,persistence
2023-03-11 04:00:00+00:00,1,1.777149,1.993149,AT,AKC,urban,persistence
2023-03-11 05:00:00+00:00,1,2.2049,1.777149,AT,AKC,urban,persistence
2023-03-11 06:00:00+00:00,1,2.412799,2.2049,AT,AKC,urban,persistence
2023-03-11 07:00:00+00:00,1,2.1117,2.412799,AT,AKC,urban,persistence
2023-03-11 08:00:00+00:00,1,1.9799,2.1117,AT,AKC,urban,persistence
2023-03-11 09:00:00+00:00,1,1.7111,1.9799,AT,AKC,urban,persistence
2023-03-11 10:00:00+00:00,1,2.004349,1.7111,AT,AKC,urban,persistence
2023-03-11 11:00:00+00:00,1,1.832149,2.004349,AT,AKC,urban,persistence
2023-03-11 12:00:00+00:00,1,2.007899,1.832149,AT,AKC,urban,persistence
2023-03-11 13:00:00+00:00,1,2.085899,2.007899,AT,AKC,urban,persistence
2023-03-11 14:00:00+00:00,1,1.896849,2.085899,AT,AKC,urban,persistence
2023-03-11 15:00:00+00:00,1,1.903149,1.896849,AT,AKC,urban,persistence
2023-03-11 16:00:00+00:00,1,2.20015,1.903149,AT,AKC,urban,persistence
2023-03-11 17:00:00+00:00,1,2.58825,2.20015,AT,AKC,urban,persistence
2023-03-11 18:00:00+00:00,1,2.712249,2.58825,AT,AKC,urban,persistence
2023-03-11 19:00:00+00:00,1,2.996449,2.712249,AT,AKC,urban,persistence
2023-03-11 20:00:00+00:00,1,3.6356,2.996449,AT,AKC,urban,persistence
2023-03-11 21:00:00+00:00,1,4.2128,3.6356,AT,AKC,urban,persistence
2023-03-11 22:00:00+00:00,1,4.51305,4.2128,AT,AKC,urban,persistence
2023-03-11 23:00:00+00:00,1,4.433349,4.51305,AT,AKC,urban,persistence
2023-03-12 00:00:00+00:00,1,4.340549,4.433349,AT,AKC,urban,persistence
2023-03-12 01:00:00+00:00,1,4.563549,4.340549,AT,AKC,urban,persistence
2023-03-12 02:00:00+00:00,1,4.858799,4.563549,AT,AKC,urban,persistence
2023-03-12 03:00:00+00:00,1,5.07065,4.858799,AT,AKC,urban,persistence
2023-03-12 04:00:00+00:00,1,4.93125,5.07065,AT,AKC,urban,persistence
2023-03-12 05:00:00+00:00,1,4.7883,4.93125,AT,AKC,urban,persistence
2023-03-12 06:00:00+00:00,1,3.5899,4.7883,AT,AKC,urban,persistence
2023-03-12 07:00:00+00:00,1,3.322599,3.5899,AT,AKC,urban,persistence
2023-03-12 08:00:00+00:00,1,3.7445,3.322599,AT,AKC,urban,persistence
2023-03-12 09:00:00+00:00,1,4.8429,3.7445,AT,AKC,urban,persistence
2023-03-12 10:00:00+00:00,1,6.496449,4.8429,AT,AKC,urban,persistence
2023-03-12 11:00:00+00:00,1,6.84395,6.496449,AT,AKC,urban,persistence
2023-03-12 12:00:00+00:00,1,6.2856,6.84395,AT,AKC,urban,persistence
2023-03-12 13:00:00+00:00,1,6.623049,6.2856,AT,AKC,urban,persistence
2023-03-12 14:00:00+00:00,1,8.0429,6.623049,AT,AKC,urban,persistence
2023-03-12 15:00:00+00:00,1,7.979099,8.0429,AT,AKC,urban,persistence
2023-03-12 16:00:00+00:00,1,9.391649,7.979099,AT,AKC,urban,persistence
2023-03-12 17:00:00+00:00,1,10.169,9.391649,AT,AKC,urban,persistence
2023-03-12 18:00:00+00:00,1,8.21955,10.169,AT,AKC,urban,persistence
2023-03-12 19:00:00+00:00,1,8.030799,8.21955,AT,AKC,urban,persistence
2023-03-12 20:00:00+00:00,1,5.046299,8.030799,AT,AKC,urban,persistence
2023-03-12 21:00:00+00:00,1,5.436249,5.046299,AT,AKC,urban,persistence
2023-03-12 22:00:00+00:00,1,5.03975,5.436249,AT,AKC,urban,persistence
2023-03-12 23:00:00+00:00,1,7.172049,5.03975,AT,AKC,urban,persistence
2023-03-13 00:00:00+00:00,1,5.877799,7.172049,AT,AKC,urban,persistence
2023-03-13 01:00:00+00:00,1,7.16965,5.877799,AT,AKC,urban,persistence
2023-03-13 02:00:00+00:00,1,7.92315,7.16965,AT,AKC,urban,persistence
2023-03-13 03:00:00+00:00,1,7.73025,7.92315,AT,AKC,urban,persistence
2023-03-13 04:00:00+00:00,1,6.65135,7.73025,AT,AKC,urban,persistence
2023-03-13 05:00:00+00:00,1,8.41565,6.65135,AT,AKC,urban,persistence
2023-03-13 06:00:00+00:00,1,9.906599,8.41565,AT,AKC,urban,persistence
2023-03-13 07:00:00+00:00,1,6.90015,9.906599,AT,AKC,urban,persistence
2023-03-13 08:00:00+00:00,1,8.838449,6.90015,AT,AKC,urban,persistence
2023-03-13 09:00:00+00:00,1,11.04,8.838449,AT,AKC,urban,persistence
2023-03-13 10:00:00+00:00,1,11.4095,11.04,AT,AKC,urban,persistence
2023-03-13 11:00:00+00:00,1,8.154999,11.4095,AT,AKC,urban,persistence
2023-03-13 12:00:00+00:00,1,7.762899,8.154999,AT,AKC,urban,persistence
2023-03-13 13:00:00+00:00,1,7.07105,7.762899,AT,AKC,urban,persistence
2023-03-13 14:00:00+00:00,1,8.962049,7.07105,AT,AKC,urban,persistence
2023-03-13 15:00:00+00:00,1,9.2686,8.962049,AT,AKC,urban,persistence
2023-03-13 16:00:00+00:00,1,9.13105,9.2686,AT,AKC,urban,persistence
2023-03-13 17:00:00+00:00,1,9.1525,9.13105,AT,AKC,urban,persistence
2023-03-13 18:00:00+00:00,1,9.903049,9.1525,AT,AKC,urban,persistence
2023-03-13 19:00:00+00:00,1,9.1848,9.903049,AT,AKC,urban,persistence
2023-03-13 20:00:00+00:00,1,9.414249,9.1848,AT,AKC,urban,persistence
2023-03-13 21:00:00+00:00,1,10.216,9.414249,AT,AKC,urban,persistence
2023-03-13 22:00:00+00:00,1,8.73565,10.216,AT,AKC,urban,persistence
2023-03-13 23:00:00+00:00,1,7.857399,8.73565,AT,AKC,urban,persistence
2023-03-14 00:00:00+00:00,1,7.526049,7.857399,AT,AKC,urban,persistence
2023-03-14 01:00:00+00:00,1,7.812399,7.526049,AT,AKC,urban,persistence
2023-03-14 02:00:00+00:00,1,8.116499,7.812399,AT,AKC,urban,persistence
2023-03-14 03:00:00+00:00,1,9.600799,8.116499,AT,AKC,urban,persistence
2023-03-14 04:00:00+00:00,1,8.755199,9.600799,AT,AKC,urban,persistence
2023-03-14 05:00:00+00:00,1,11.3125,8.755199,AT,AKC,urban,persistence
2023-03-14 06:00:00+00:00,1,12.3145,11.3125,AT,AKC,urban,persistence
2023-03-14 07:00:00+00:00,1,3.0612,12.3145,AT,AKC,urban,persistence
2023-03-14 08:00:00+00:00,1,4.01265,3.0612,AT,AKC,urban,persistence
2023-03-14 09:00:00+00:00,1,8.079549,4.01265,AT,AKC,urban,persistence
2023-03-14 10:00:00+00:00,1,3.108799,8.079549,AT,AKC,urban,persistence
2023-03-14 11:00:00+00:00,1,2.600699,3.108799,AT,AKC,urban,persistence
2023-03-14 12:00:00+00:00,1,2.524399,2.600699,AT,AKC,urban,persistence
2023-03-14 13:00:00+00:00,1,1.911949,2.524399,AT,AKC,urban,persistence
2023-03-14 14:00:00+00:00,1,3.508949,1.911949,AT,AKC,urban,persistence
2023-03-14 15:00:00+00:00,1,4.8736,3.508949,AT,AKC,urban,persistence
2023-03-14 16:00:00+00:00,1,6.9333,4.8736,AT,AKC,urban,persistence
2023-03-14 17:00:00+00:00,1,8.69045,6.9333,AT,AKC,urban,persistence
2023-03-14 18:00:00+00:00,1,2.2548,8.69045,AT,AKC,urban,persistence
2023-03-14 19:00:00+00:00,1,2.4282,2.2548,AT,AKC,urban,persistence
2023-03-14 20:00:00+00:00,1,2.47615,2.4282,AT,AKC,urban,persistence
2023-03-14 21:00:00+00:00,1,2.38345,2.47615,AT,AKC,urban,persistence
2023-03-14 22:00:00+00:00,1,2.55595,2.38345,AT,AKC,urban,persistence
2023-03-14 23:00:00+00:00,1,2.634749,2.55595,AT,AKC,urban,persistence
2023-03-15 00:00:00+00:00,1,2.354,2.634749,AT,AKC,urban,persistence
2023-03-15 01:00:00+00:00,1,2.7515,2.354,AT,AKC,urban,persistence
2023-03-15 02:00:00+00:00,1,3.967899,2.7515,AT,AKC,urban,persistence
2023-03-15 03:00:00+00:00,1,4.0148,3.967899,AT,AKC,urban,persistence
2023-03-15 04:00:00+00:00,1,3.9386,4.0148,AT,AKC,urban,persistence
2023-03-15 05:00:00+00:00,1,4.025799,3.9386,AT,AKC,urban,persistence
2023-03-15 06:00:00+00:00,1,3.877349,4.025799,AT,AKC,urban,persistence
2023-03-15 07:00:00+00:00,1,4.6753,3.877349,AT,AKC,urban,persistence
2023-03-15 08:00:00+00:00,1,4.7452,4.6753,AT,AKC,urban,persistence
2023-03-15 09:00:00+00:00,1,4.70755,4.7452,AT,AKC,urban,persistence
2023-03-15 10:00:00+00:00,1,4.5486,4.70755,AT,AKC,urban,persistence
2023-03-15 11:00:00+00:00,1,5.5664,4.5486,AT,AKC,urban,persistence
2023-03-15 12:00:00+00:00,1,4.420849,5.5664,AT,AKC,urban,persistence
2023-03-15 13:00:00+00:00,1,3.843499,4.420849,AT,AKC,urban,persistence
2023-03-15 14:00:00+00:00,1,4.0904,3.843499,AT,AKC,urban,persistence
2023-03-15 15:00:00+00:00,1,3.320749,4.0904,AT,AKC,urban,persistence
2023-03-15 16:00:00+00:00,1,4.051249,3.320749,AT,AKC,urban,persistence
2023-03-15 17:00:00+00:00,1,4.158349,4.051249,AT,AKC,urban,persistence
2023-03-15 18:00:00+00:00,1,4.239299,4.158349,AT,AKC,urban,persistence
2023-03-15 19:00:00+00:00,1,4.945849,4.239299,AT,AKC,urban,persistence
2023-03-15 20:00:00+00:00,1,5.196949,4.945849,AT,AKC,urban,persistence
2023-03-15 21:00:00+00:00,1,4.104249,5.196949,AT,AKC,urban,persistence
2023-03-15 22:00:00+00:00,1,3.8011,4.104249,AT,AKC,urban,persistence
2023-03-15 23:00:00+00:00,1,4.352999,3.8011,AT,AKC,urban,persistence
2023-03-16 00:00:00+00:00,1,5.2806,4.352999,AT,AKC,urban,persistence
2023-03-16 01:00:00+00:00,1,6.734149,5.2806,AT,AKC,urban,persistence
2023-03-16 02:00:00+00:00,1,8.149399,6.734149,AT,AKC,urban,persistence
2023-03-16 03:00:00+00:00,1,8.8802,8.149399,AT,AKC,urban,persistence
2023-03-16 04:00:00+00:00,1,9.302049,8.8802,AT,AKC,urban,persistence
2023-03-16 05:00:00+00:00,1,10.0444,9.302049,AT,AKC,urban,persistence
2023-03-16 06:00:00+00:00,1,9.251799,10.0444,AT,AKC,urban,persistence
2023-03-16 07:00:00+00:00,1,7.544549,9.251799,AT,AKC,urban,persistence
2023-03-16 08:00:00+00:00,1,5.078949,7.544549,AT,AKC,urban,persistence
2023-03-16 09:00:00+00:00,1,5.0655,5.078949,AT,AKC,urban,persistence
2023-03-16 10:00:00+00:00,1,6.526149,5.0655,AT,AKC,urban,persistence
2023-03-16 11:00:00+00:00,1,6.284399,6.526149,AT,AKC,urban,persistence
2023-03-16 12:00:00+00:00,1,6.643099,6.284399,AT,AKC,urban,persistence
2023-03-16 13:00:00+00:00,1,5.943349,6.643099,AT,AKC,urban,persistence
2023-03-16 14:00:00+00:00,1,5.232199,5.943349,AT,AKC,urban,persistence
2023-03-16 15:00:00+00:00,1,5.5071,5.232199,AT,AKC,urban,persistence
2023-03-16 16:00:00+00:00,1,5.8736,5.5071,AT,AKC,urban,persistence
2023-03-16 17:00:00+00:00,1,8.6901,5.8736,AT,AKC,urban,persistence
2023-03-16 18:00:00+00:00,1,10.32065,8.6901,AT,AKC,urban,persistence
2023-03-16 19:00:00+00:00,1,12.265,10.32065,AT,AKC,urban,persistence
2023-03-16 20:00:00+00:00,1,12.149,12.265,AT,AKC,urban,persistence
2023-03-16 21:00:00+00:00,1,12.947,12.149,AT,AKC,urban,persistence
2023-03-16 22:00:00+00:00,1,12.6575,12.947,AT,AKC,urban,persistence
2023-03-16 23:00:00+00:00,1,10.8465,12.6575,AT,AKC,urban,persistence
2023-03-17 00:00:00+00:00,1,8.9885,10.8465,AT,AKC,urban,persistence
2023-03-17 01:00:00+00:00,1,8.579549,8.9885,AT,AKC,urban,persistence
2023-03-17 02:00:00+00:00,1,8.702199,8.579549,AT,AKC,urban,persistence
2023-03-17 03:00:00+00:00,1,9.226499,8.702199,AT,AKC,urban,persistence
2023-03-17 04:00:00+00:00,1,10.05145,9.226499,AT,AKC,urban,persistence
2023-03-17 05:00:00+00:00,1,11.5115,10.05145,AT,AKC,urban,persistence
2023-03-17 06:00:00+00:00,1,10.4661,11.5115,AT,AKC,urban,persistence
2023-03-17 07:00:00+00:00,1,9.69585,10.4661,AT,AKC,urban,persistence
2023-03-17 08:00:00+00:00,1,10.5585,9.69585,AT,AKC,urban,persistence
2023-03-17 09:00:00+00:00,1,9.988699,10.5585,AT,AKC,urban,persistence
2023-03-17 10:00:00+00:00,1,8.65095,9.988699,AT,AKC,urban,persistence
2023-03-17 11:00:00+00:00,1,7.73565,8.65095,AT,AKC,urban,persistence
2023-03-17 12:00:00+00:00,1,7.473249,7.73565,AT,AKC,urban,persistence
2023-03-17 13:00:00+00:00,1,8.189899,7.473249,AT,AKC,urban,persistence
2023-03-17 14:00:00+00:00,1,8.127149,8.189899,AT,AKC,urban,persistence
2023-03-17 15:00:00+00:00,1,7.270999,8.127149,AT,AKC,urban,persistence
2023-03-17 16:00:00+00:00,1,7.707249,7.270999,AT,AKC,urban,persistence
2023-03-17 17:00:00+00:00,1,8.04395,7.707249,AT,AKC,urban,persistence
2023-03-17 18:00:00+00:00,1,8.0052,8.04395,AT,AKC,urban,persistence
2023-03-17 19:00:00+00:00,1,7.653699,8.0052,AT,AKC,urban,persistence
2023-03-17 20:00:00+00:00,1,7.260299,7.653699,AT,AKC,urban,persistence
2023-03-17 21:00:00+00:00,1,6.835899,7.260299,AT,AKC,urban,persistence
2023-03-17 22:00:00+00:00,1,7.25415,6.835899,AT,AKC,urban,persistence
2023-03-17 23:00:00+00:00,1,8.46035,7.25415,AT,AKC,urban,persistence
2023-03-18 00:00:00+00:00,1,8.442449,8.46035,AT,AKC,urban,persistence
2023-03-18 01:00:00+00:00,1,8.999799,8.442449,AT,AKC,urban,persistence
2023-03-18 02:00:00+00:00,1,9.26115,8.999799,AT,AKC,urban,persistence
2023-03-18 03:00:00+00:00,1,9.550149,9.26115,AT,AKC,urban,persistence
2023-03-18 04:00:00+00:00,1,9.979749,9.550149,AT,AKC,urban,persistence
2023-03-18 05:00:00+00:00,1,10.147,9.979749,AT,AKC,urban,persistence
2023-03-18 06:00:00+00:00,1,10.672,10.147,AT,AKC,urban,persistence
2023-03-18 07:00:00+00:00,1,10.6805,10.672,AT,AKC,urban,persistence
2023-03-18 08:00:00+00:00,1,10.9725,10.6805,AT,AKC,urban,persistence
2023-03-18 09:00:00+00:00,1,11.202,10.9725,AT,AKC,urban,persistence
2023-03-18 10:00:00+00:00,1,11.032,11.202,AT,AKC,urban,persistence
2023-03-18 11:00:00+00:00,1,10.9955,11.032,AT,AKC,urban,persistence
2023-03-18 12:00:00+00:00,1,10.0186,10.9955,AT,AKC,urban,persistence
2023-03-18 13:00:00+00:00,1,9.316849,10.0186,AT,AKC,urban,persistence
2023-03-18 14:00:00+00:00,1,9.78425,9.316849,AT,AKC,urban,persistence
2023-03-18 15:00:00+00:00,1,9.471099,9.78425,AT,AKC,urban,persistence
2023-03-18 16:00:00+00:00,1,9.734,9.471099,AT,AKC,urban,persistence
2023-03-18 17:00:00+00:00,1,10.4445,9.734,AT,AKC,urban,persistence
2023-03-18 18:00:00+00:00,1,10.9715,10.4445,AT,AKC,urban,persistence
2023-03-18 19:00:00+00:00,1,11.4145,10.9715,AT,AKC,urban,persistence
2023-03-18 20:00:00+00:00,1,12.9,11.4145,AT,AKC,urban,persistence
2023-03-18 21:00:00+00:00,1,15.1955,12.9,AT,AKC,urban,persistence
2023-03-18 22:00:00+00:00,1,15.757,15.1955,AT,AKC,urban,persistence
2023-03-18 23:00:00+00:00,1,15.3985,15.757,AT,AKC,urban,persistence
2023-03-19 00:00:00+00:00,1,14.879,15.3985,AT,AKC,urban,persistence
2023-03-19 01:00:00+00:00,1,14.581,14.879,AT,AKC,urban,persistence
2023-03-19 02:00:00+00:00,1,14.481,14.581,AT,AKC,urban,persistence
2023-03-19 03:00:00+00:00,1,14.5895,14.481,AT,AKC,urban,persistence
2023-03-19 04:00:00+00:00,1,15.1105,14.5895,AT,AKC,urban,persistence
2023-03-19 05:00:00+00:00,1,15.652,15.1105,AT,AKC,urban,persistence
2023-03-19 06:00:00+00:00,1,16.5725,15.652,AT,AKC,urban,persistence
2023-03-19 07:00:00+00:00,1,17.1335,16.5725,AT,AKC,urban,persistence
2023-03-19 08:00:00+00:00,1,18.141,17.1335,AT,AKC,urban,persistence
2023-03-19 09:00:00+00:00,1,18.3745,18.141,AT,AKC,urban,persistence
2023-03-19 10:00:00+00:00,1,18.4545,18.3745,AT,AKC,urban,persistence
2023-03-19 11:00:00+00:00,1,17.848,18.4545,AT,AKC,urban,persistence
2023-03-19 12:00:00+00:00,1,16.35,17.848,AT,AKC,urban,persistence
2023-03-19 13:00:00+00:00,1,16.127,16.35,AT,AKC,urban,persistence
2023-03-19 14:00:00+00:00,1,15.731,16.127,AT,AKC,urban,persistence
2023-03-19 15:00:00+00:00,1,15.8965,15.731,AT,AKC,urban,persistence
2023-03-19 16:00:00+00:00,1,18.682,15.8965,AT,AKC,urban,persistence
2023-03-19 17:00:00+00:00,1,20.2455,18.682,AT,AKC,urban,persistence
2023-03-19 18:00:00+00:00,1,20.058,20.2455,AT,AKC,urban,persistence
2023-03-19 19:00:00+00:00,1,24.2495,20.058,AT,AKC,urban,persistence
2023-03-19 20:00:00+00:00,1,20.8725,24.2495,AT,AKC,urban,persistence
2023-03-19 21:00:00+00:00,1,20.0455,20.8725,AT,AKC,urban,persistence
2023-03-19 22:00:00+00:00,1,18.7655,20.0455,AT,AKC,urban,persistence
2023-03-19 23:00:00+00:00,1,20.689,18.7655,AT,AKC,urban,persistence
2023-03-20 00:00:00+00:00,1,20.8175,20.689,AT,AKC,urban,persistence
2023-03-20 01:00:00+00:00,1,22.0585,20.8175,AT,AKC,urban,persistence
2023-03-20 02:00:00+00:00,1,23.291,22.0585,AT,AKC,urban,persistence
2023-03-20 03:00:00+00:00,1,25.336,23.291,AT,AKC,urban,persistence
2023-03-20 04:00:00+00:00,1,26.98,25.336,AT,AKC,urban,persistence
2023-03-20 05:00:00+00:00,1,28.368,26.98,AT,AKC,urban,persistence
2023-03-20 06:00:00+00:00,1,22.335,28.368,AT,AKC,urban,persistence
2023-03-20 07:00:00+00:00,1,16.3465,22.335,AT,AKC,urban,persistence
2023-03-20 08:00:00+00:00,1,10.3165,16.3465,AT,AKC,urban,persistence
2023-03-20 09:00:00+00:00,1,8.346599,10.3165,AT,AKC,urban,persistence
2023-03-20 10:00:00+00:00,1,9.9623,8.346599,AT,AKC,urban,persistence
2023-03-20 11:00:00+00:00,1,12.273,9.9623,AT,AKC,urban,persistence
2023-03-20 12:00:00+00:00,1,9.68395,12.273,AT,AKC,urban,persistence
2023-03-20 13:00:00+00:00,1,10.529,9.68395,AT,AKC,urban,persistence
2023-03-20 14:00:00+00:00,1,8.91065,10.529,AT,AKC,urban,persistence
2023-03-20 15:00:00+00:00,1,8.23915,8.91065,AT,AKC,urban,persistence
2023-03-20 16:00:00+00:00,1,8.8654,8.23915,AT,AKC,urban,persistence
2023-03-20 17:00:00+00:00,1,10.7625,8.8654,AT,AKC,urban,persistence
2023-03-20 18:00:00+00:00,1,11.3625,10.7625,AT,AKC,urban,persistence
2023-03-20 19:00:00+00:00,1,10.536,11.3625,AT,AKC,urban,persistence
2023-03-20 20:00:00+00:00,1,9.47615,10.536,AT,AKC,urban,persistence
2023-03-20 21:00:00+00:00,1,9.079649,9.47615,AT,AKC,urban,persistence
2023-03-20 22:00:00+00:00,1,10.767,9.079649,AT,AKC,urban,persistence
2023-03-20 23:00:00+00:00,1,9.806099,10.767,AT,AKC,urban,persistence
2023-03-21 00:00:00+00:00,1,7.95965,9.806099,AT,AKC,urban,persistence
2023-03-21 01:00:00+00:00,1,8.2635,7.95965,AT,AKC,urban,persistence
2023-03-21 02:00:00+00:00,1,9.711799,8.2635,AT,AKC,urban,persistence
2023-03-21 03:00:00+00:00,1,9.733799,9.711799,AT,AKC,urban,persistence
2023-03-21 04:00:00+00:00,1,10.54055,9.733799,AT,AKC,urban,persistence
2023-03-21 05:00:00+00:00,1,13.1815,10.54055,AT,AKC,urban,persistence
2023-03-21 06:00:00+00:00,1,9.65575,13.1815,AT,AKC,urban,persistence
2023-03-21 07:00:00+00:00,1,8.5172,9.65575,AT,AKC,urban,persistence
2023-03-21 08:00:00+00:00,1,8.848699,8.5172,AT,AKC,urban,persistence
2023-03-21 09:00:00+00:00,1,8.36935,8.848699,AT,AKC,urban,persistence
2023-03-21 10:00:00+00:00,1,8.7922,8.36935,AT,AKC,urban,persistence
2023-03-21 11:00:00+00:00,1,7.9102,8.7922,AT,AKC,urban,persistence
2023-03-21 12:00:00+00:00,1,5.763899,7.9102,AT,AKC,urban,persistence
2023-03-21 13:00:00+00:00,1,7.03445,5.763899,AT,AKC,urban,persistence
2023-03-21 14:00:00+00:00,1,7.626199,7.03445,AT,AKC,urban,persistence
2023-03-21 15:00:00+00:00,1,5.842749,7.626199,AT,AKC,urban,persistence
2023-03-21 16:00:00+00:00,1,5.394599,5.842749,AT,AKC,urban,persistence
2023-03-21 17:00:00+00:00,1,8.4526,5.394599,AT,AKC,urban,persistence
2023-03-21 18:00:00+00:00,1,8.9258,8.4526,AT,AKC,urban,persistence
2023-03-21 19:00:00+00:00,1,12.189,8.9258,AT,AKC,urban,persistence
2023-03-21 20:00:00+00:00,1,12.716,12.189,AT,AKC,urban,persistence
2023-03-21 21:00:00+00:00,1,11.993,12.716,AT,AKC,urban,persistence
2023-03-21 22:00:00+00:00,1,12.47,11.993,AT,AKC,urban,persistence
2023-03-21 23:00:00+00:00,1,8.459199,12.47,AT,AKC,urban,persistence
2023-03-22 00:00:00+00:00,1,10.784,8.459199,AT,AKC,urban,persistence
2023-03-22 01:00:00+00:00,1,8.233249,10.784,AT,AKC,urban,persistence
2023-03-22 02:00:00+00:00,1,8.067049,8.233249,AT,AKC,urban,persistence
2023-03-22 03:00:00+00:00,1,10.62475,8.067049,AT,AKC,urban,persistence
2023-03-22 04:00:00+00:00,1,13.8605,10.62475,AT,AKC,urban,persistence
2023-03-22 05:00:00+00:00,1,19.5875,13.8605,AT,AKC,urban,persistence
2023-03-22 06:00:00+00:00,1,23.9985,19.5875,AT,AKC,urban,persistence
2023-03-22 07:00:00+00:00,1,16.355,23.9985,AT,AKC,urban,persistence
2023-03-22 08:00:00+00:00,1,28.816,16.355,AT,AKC,urban,persistence
2023-03-22 09:00:00+00:00,1,17.63,28.816,AT,AKC,urban,persistence
2023-03-22 10:00:00+00:00,1,10.6015,17.63,AT,AKC,urban,persistence
2023-03-22 11:00:00+00:00,1,10.699,10.6015,AT,AKC,urban,persistence
2023-03-22 12:00:00+00:00,1,7.79415,10.699,AT,AKC,urban,persistence
2023-03-22 13:00:00+00:00,1,8.283949,7.79415,AT,AKC,urban,persistence
2023-03-22 14:00:00+00:00,1,6.083449,8.283949,AT,AKC,urban,persistence
2023-03-22 15:00:00+00:00,1,6.842149,6.083449,AT,AKC,urban,persistence
2023-03-22 16:00:00+00:00,1,8.629949,6.842149,AT,AKC,urban,persistence
2023-03-22 17:00:00+00:00,1,9.03215,8.629949,AT,AKC,urban,persistence
2023-03-22 18:00:00+00:00,1,9.824549,9.03215,AT,AKC,urban,persistence
2023-03-22 19:00:00+00:00,1,13.1735,9.824549,AT,AKC,urban,persistence
2023-03-22 20:00:00+00:00,1,12.4095,13.1735,AT,AKC,urban,persistence
2023-03-22 21:00:00+00:00,1,11.53,12.4095,AT,AKC,urban,persistence
2023-03-22 22:00:00+00:00,1,10.9804,11.53,AT,AKC,urban,persistence
2023-03-22 23:00:00+00:00,1,11.452,10.9804,AT,AKC,urban,persistence
2023-03-23 00:00:00+00:00,1,9.011499,11.452,AT,AKC,urban,persistence
2023-03-23 01:00:00+00:00,1,10.3785,9.011499,AT,AKC,urban,persistence
2023-03-23 02:00:00+00:00,1,11.687,10.3785,AT,AKC,urban,persistence
2023-03-23 03:00:00+00:00,1,11.863,11.687,AT,AKC,urban,persistence
2023-03-23 04:00:00+00:00,1,12.785,11.863,AT,AKC,urban,persistence
2023-03-23 05:00:00+00:00,1,18.37,12.785,AT,AKC,urban,persistence
2023-03-23 06:00:00+00:00,1,19.849,18.37,AT,AKC,urban,persistence
2023-03-23 07:00:00+00:00,1,20.074,19.849,AT,AKC,urban,persistence
2023-03-23 08:00:00+00:00,1,21.318,20.074,AT,AKC,urban,persistence
2023-03-23 09:00:00+00:00,1,21.7255,21.318,AT,AKC,urban,persistence
2023-03-23 10:00:00+00:00,1,17.6825,21.7255,AT,AKC,urban,persistence
2023-03-23 11:00:00+00:00,1,12.5415,17.6825,AT,AKC,urban,persistence
2023-03-23 12:00:00+00:00,1,10.6975,12.5415,AT,AKC,urban,persistence
2023-03-23 13:00:00+00:00,1,9.565549,10.6975,AT,AKC,urban,persistence
2023-03-23 14:00:00+00:00,1,8.6956,9.565549,AT,AKC,urban,persistence
2023-03-23 15:00:00+00:00,1,10.1939,8.6956,AT,AKC,urban,persistence
2023-03-23 16:00:00+00:00,1,15.1365,10.1939,AT,AKC,urban,persistence
2023-03-23 17:00:00+00:00,1,18.516,15.1365,AT,AKC,urban,persistence
2023-03-23 18:00:00+00:00,1,19.5345,18.516,AT,AKC,urban,persistence
2023-03-23 19:00:00+00:00,1,16.6495,19.5345,AT,AKC,urban,persistence
2023-03-23 20:00:00+00:00,1,18.012,16.6495,AT,AKC,urban,persistence
2023-03-23 21:00:00+00:00,1,20.255,18.012,AT,AKC,urban,persistence
2023-03-23 22:00:00+00:00,1,20.3825,20.255,AT,AKC,urban,persistence
2023-03-23 23:00:00+00:00,1,26.337,20.3825,AT,AKC,urban,persistence
2023-03-24 00:00:00+00:00,1,25.3405,26.337,AT,AKC,urban,persistence
2023-03-24 01:00:00+00:00,1,27.23,25.3405,AT,AKC,urban,persistence
2023-03-24 02:00:00+00:00,1,28.6785,27.23,AT,AKC,urban,persistence
2023-03-24 03:00:00+00:00,1,28.5475,28.6785,AT,AKC,urban,persistence
2023-03-24 04:00:00+00:00,1,25.7935,28.5475,AT,AKC,urban,persistence
2023-03-24 05:00:00+00:00,1,23.459,25.7935,AT,AKC,urban,persistence
2023-03-24 06:00:00+00:00,1,23.901,23.459,AT,AKC,urban,persistence
2023-03-24 07:00:00+00:00,1,23.5855,23.901,AT,AKC,urban,persistence
2023-03-24 08:00:00+00:00,1,25.58,23.5855,AT,AKC,urban,persistence
2023-03-24 09:00:00+00:00,1,23.8095,25.58,AT,AKC,urban,persistence
2023-03-24 10:00:00+00:00,1,21.4815,23.8095,AT,AKC,urban,persistence
2023-03-24 11:00:00+00:00,1,19.87,21.4815,AT,AKC,urban,persistence
2023-03-24 12:00:00+00:00,1,18.912,19.87,AT,AKC,urban,persistence
2023-03-24 13:00:00+00:00,1,17.7555,18.912,AT,AKC,urban,persistence
2023-03-24 14:00:00+00:00,1,8.20125,17.7555,AT,AKC,urban,persistence
2023-03-24 15:00:00+00:00,1,3.372449,8.20125,AT,AKC,urban,persistence
2023-03-24 16:00:00+00:00,1,4.900799,3.372449,AT,AKC,urban,persistence
2023-03-24 17:00:00+00:00,1,5.0054,4.900799,AT,AKC,urban,persistence
2023-03-24 18:00:00+00:00,1,5.268199,5.0054,AT,AKC,urban,persistence
2023-03-24 19:00:00+00:00,1,7.579999,5.268199,AT,AKC,urban,persistence
2023-03-24 20:00:00+00:00,1,3.95335,7.579999,AT,AKC,urban,persistence
2023-03-24 21:00:00+00:00,1,1.85415,3.95335,AT,AKC,urban,persistence
2023-03-24 22:00:00+00:00,1,1.8571,1.85415,AT,AKC,urban,persistence
2023-03-24 23:00:00+00:00,1,1.37925,1.8571,AT,AKC,urban,persistence
2023-03-25 00:00:00+00:00,1,1.395999,1.37925,AT,AKC,urban,persistence
2023-03-25 01:00:00+00:00,1,1.85255,1.395999,AT,AKC,urban,persistence
2023-03-25 02:00:00+00:00,1,2.5127,1.85255,AT,AKC,urban,persistence
2023-03-25 03:00:00+00:00,1,3.105849,2.5127,AT,AKC,urban,persistence
2023-03-25 04:00:00+00:00,1,3.082149,3.105849,AT,AKC,urban,persistence
2023-03-25 05:00:00+00:00,1,2.997049,3.082149,AT,AKC,urban,persistence
2023-03-25 06:00:00+00:00,1,2.486299,2.997049,AT,AKC,urban,persistence
2023-03-25 07:00:00+00:00,1,2.794849,2.486299,AT,AKC,urban,persistence
2023-03-25 08:00:00+00:00,1,2.635649,2.794849,AT,AKC,urban,persistence
2023-03-25 09:00:00+00:00,1,2.544199,2.635649,AT,AKC,urban,persistence
2023-03-25 10:00:00+00:00,1,2.3536,2.544199,AT,AKC,urban,persistence
2023-03-25 11:00:00+00:00,1,2.47245,2.3536,AT,AKC,urban,persistence
2023-03-25 12:00:00+00:00,1,2.039399,2.47245,AT,AKC,urban,persistence
2023-03-25 13:00:00+00:00,1,1.854799,2.039399,AT,AKC,urban,persistence
2023-03-25 14:00:00+00:00,1,1.759299,1.854799,AT,AKC,urban,persistence
2023-03-25 15:00:00+00:00,1,1.835199,1.759299,AT,AKC,urban,persistence
2023-03-25 16:00:00+00:00,1,1.40805,1.835199,AT,AKC,urban,persistence
2023-03-25 17:00:00+00:00,1,2.078649,1.40805,AT,AKC,urban,persistence
2023-03-25 18:00:00+00:00,1,1.4932,2.078649,AT,AKC,urban,persistence
2023-03-25 19:00:00+00:00,1,1.255949,1.4932,AT,AKC,urban,persistence
2023-03-25 20:00:00+00:00,1,1.290899,1.255949,AT,AKC,urban,persistence
2023-03-25 21:00:00+00:00,1,1.44035,1.290899,AT,AKC,urban,persistence
2023-03-25 22:00:00+00:00,1,1.447,1.44035,AT,AKC,urban,persistence
2023-03-25 23:00:00+00:00,1,1.63505,1.447,AT,AKC,urban,persistence
2023-03-26 00:00:00+00:00,1,1.749399,1.63505,AT,AKC,urban,persistence
2023-03-26 01:00:00+00:00,1,1.893499,1.749399,AT,AKC,urban,persistence
2023-03-26 02:00:00+00:00,1,2.112299,1.893499,AT,AKC,urban,persistence
2023-03-26 03:00:00+00:00,1,2.00745,2.112299,AT,AKC,urban,persistence
2023-03-26 04:00:00+00:00,1,1.955849,2.00745,AT,AKC,urban,persistence
2023-03-26 05:00:00+00:00,1,2.81505,1.955849,AT,AKC,urban,persistence
2023-03-26 06:00:00+00:00,1,2.76765,2.81505,AT,AKC,urban,persistence
2023-03-26 07:00:00+00:00,1,2.8965,2.76765,AT,AKC,urban,persistence
2023-03-26 08:00:00+00:00,1,2.96325,2.8965,AT,AKC,urban,persistence
2023-03-26 09:00:00+00:00,1,2.5662,2.96325,AT,AKC,urban,persistence
2023-03-26 10:00:00+00:00,1,2.4432,2.5662,AT,AKC,urban,persistence
2023-03-26 11:00:00+00:00,1,2.09785,2.4432,AT,AKC,urban,persistence
2023-03-26 12:00:00+00:00,1,1.620599,2.09785,AT,AKC,urban,persistence
2023-03-26 13:00:00+00:00,1,1.97815,1.620599,AT,AKC,urban,persistence
2023-03-26 14:00:00+00:00,1,3.11765,1.97815,AT,AKC,urban,persistence
2023-03-26 15:00:00+00:00,1,2.4026,3.11765,AT,AKC,urban,persistence
2023-03-26 16:00:00+00:00,1,2.0625,2.4026,AT,AKC,urban,persistence
2023-03-26 17:00:00+00:00,1,2.41925,2.0625,AT,AKC,urban,persistence
2023-03-26 18:00:00+00:00,1,2.54785,2.41925,AT,AKC,urban,persistence
2023-03-26 19:00:00+00:00,1,2.27925,2.54785,AT,AKC,urban,persistence
2023-03-26 20:00:00+00:00,1,2.3238,2.27925,AT,AKC,urban,persistence
2023-03-26 21:00:00+00:00,1,2.096849,2.3238,AT,AKC,urban,persistence
2023-03-26 22:00:00+00:00,1,2.22165,2.096849,AT,AKC,urban,persistence
2023-03-26 23:00:00+00:00,1,2.571799,2.22165,AT,AKC,urban,persistence
2023-03-27 00:00:00+00:00,1,2.697199,2.571799,AT,AKC,urban,persistence
2023-03-27 01:00:00+00:00,1,2.697,2.697199,AT,AKC,urban,persistence
2023-03-27 02:00:00+00:00,1,2.095099,2.697,AT,AKC,urban,persistence
2023-03-27 03:00:00+00:00,1,1.833899,2.095099,AT,AKC,urban,persistence
2023-03-27 04:00:00+00:00,1,2.0187,1.833899,AT,AKC,urban,persistence
2023-03-27 05:00:00+00:00,1,1.88855,2.0187,AT,AKC,urban,persistence
2023-03-27 06:00:00+00:00,1,1.9383,1.88855,AT,AKC,urban,persistence
2023-03-27 07:00:00+00:00,1,2.884099,1.9383,AT,AKC,urban,persistence
2023-03-27 08:00:00+00:00,1,1.916749,2.884099,AT,AKC,urban,persistence
2023-03-27 09:00:00+00:00,1,2.239449,1.916749,AT,AKC,urban,persistence
2023-03-27 10:00:00+00:00,1,4.3001,2.239449,AT,AKC,urban,persistence
2023-03-27 11:00:00+00:00,1,4.617349,4.3001,AT,AKC,urban,persistence
2023-03-27 12:00:00+00:00,1,4.10535,4.617349,AT,AKC,urban,persistence
2023-03-27 13:00:00+00:00,1,3.521299,4.10535,AT,AKC,urban,persistence
2023-03-27 14:00:00+00:00,1,3.53235,3.521299,AT,AKC,urban,persistence
2023-03-27 15:00:00+00:00,1,3.705899,3.53235,AT,AKC,urban,persistence
2023-03-27 16:00:00+00:00,1,3.929299,3.705899,AT,AKC,urban,persistence
2023-03-27 17:00:00+00:00,1,3.653,3.929299,AT,AKC,urban,persistence
2023-03-27 18:00:00+00:00,1,3.766049,3.653,AT,AKC,urban,persistence
2023-03-27 19:00:00+00:00,1,3.22105,3.766049,AT,AKC,urban,persistence
2023-03-27 20:00:00+00:00,1,3.2526,3.22105,AT,AKC,urban,persistence
2023-03-27 21:00:00+00:00,1,2.79495,3.2526,AT,AKC,urban,persistence
2023-03-27 22:00:00+00:00,1,2.5535,2.79495,AT,AKC,urban,persistence
2023-03-27 23:00:00+00:00,1,3.7644,2.5535,AT,AKC,urban,persistence
2023-03-28 00:00:00+00:00,1,3.4155,3.7644,AT,AKC,urban,persistence
2023-03-28 01:00:00+00:00,1,3.2574,3.4155,AT,AKC,urban,persistence
2023-03-28 02:00:00+00:00,1,2.814899,3.2574,AT,AKC,urban,persistence
2023-03-28 03:00:00+00:00,1,3.262949,2.814899,AT,AKC,urban,persistence
2023-03-28 04:00:00+00:00,1,4.109049,3.262949,AT,AKC,urban,persistence
2023-03-28 05:00:00+00:00,1,4.828299,4.109049,AT,AKC,urban,persistence
2023-03-28 06:00:00+00:00,1,4.848649,4.828299,AT,AKC,urban,persistence
2023-03-28 07:00:00+00:00,1,3.86125,4.848649,AT,AKC,urban,persistence
2023-03-28 08:00:00+00:00,1,3.65035,3.86125,AT,AKC,urban,persistence
2023-03-28 09:00:00+00:00,1,3.6754,3.65035,AT,AKC,urban,persistence
2023-03-28 10:00:00+00:00,1,4.149999,3.6754,AT,AKC,urban,persistence
2023-03-28 11:00:00+00:00,1,3.8206,4.149999,AT,AKC,urban,persistence
2023-03-28 12:00:00+00:00,1,3.51265,3.8206,AT,AKC,urban,persistence
2023-03-28 13:00:00+00:00,1,4.54575,3.51265,AT,AKC,urban,persistence
2023-03-28 14:00:00+00:00,1,4.2989,4.54575,AT,AKC,urban,persistence
2023-03-28 15:00:00+00:00,1,4.16515,4.2989,AT,AKC,urban,persistence
2023-03-28 16:00:00+00:00,1,3.67595,4.16515,AT,AKC,urban,persistence
2023-03-28 17:00:00+00:00,1,3.326799,3.67595,AT,AKC,urban,persistence
2023-03-28 18:00:00+00:00,1,3.50185,3.326799,AT,AKC,urban,persistence
2023-03-28 19:00:00+00:00,1,3.552549,3.50185,AT,AKC,urban,persistence
2023-03-28 20:00:00+00:00,1,3.472499,3.552549,AT,AKC,urban,persistence
2023-03-28 21:00:00+00:00,1,4.1064,3.472499,AT,AKC,urban,persistence
2023-03-28 22:00:00+00:00,1,3.671499,4.1064,AT,AKC,urban,persistence
2023-03-28 23:00:00+00:00,1,3.76745,3.671499,AT,AKC,urban,persistence
2023-03-29 00:00:00+00:00,1,5.713099,3.76745,AT,AKC,urban,persistence
2023-03-29 01:00:00+00:00,1,6.4806,5.713099,AT,AKC,urban,persistence
2023-03-29 02:00:00+00:00,1,5.664099,6.4806,AT,AKC,urban,persistence
2023-03-29 03:00:00+00:00,1,6.669,5.664099,AT,AKC,urban,persistence
2023-03-29 04:00:00+00:00,1,7.1864,6.669,AT,AKC,urban,persistence
2023-03-29 05:00:00+00:00,1,8.7107,7.1864,AT,AKC,urban,persistence
2023-03-29 06:00:00+00:00,1,7.754549,8.7107,AT,AKC,urban,persistence
2023-03-29 07:00:00+00:00,1,7.16075,7.754549,AT,AKC,urban,persistence
2023-03-29 08:00:00+00:00,1,7.023349,7.16075,AT,AKC,urban,persistence
2023-03-29 09:00:00+00:00,1,7.2999,7.023349,AT,AKC,urban,persistence
2023-03-29 10:00:00+00:00,1,6.41345,7.2999,AT,AKC,urban,persistence
2023-03-29 11:00:00+00:00,1,5.40485,6.41345,AT,AKC,urban,persistence
2023-03-29 12:00:00+00:00,1,4.98495,5.40485,AT,AKC,urban,persistence
2023-03-29 13:00:00+00:00,1,4.017899,4.98495,AT,AKC,urban,persistence
2023-03-29 14:00:00+00:00,1,4.421599,4.017899,AT,AKC,urban,persistence
2023-03-29 15:00:00+00:00,1,4.7848,4.421599,AT,AKC,urban,persistence
2023-03-29 16:00:00+00:00,1,5.6967,4.7848,AT,AKC,urban,persistence
2023-03-29 17:00:00+00:00,1,6.8585,5.6967,AT,AKC,urban,persistence
2023-03-29 18:00:00+00:00,1,7.9678,6.8585,AT,AKC,urban,persistence
2023-03-29 19:00:00+00:00,1,9.2658,7.9678,AT,AKC,urban,persistence
2023-03-29 20:00:00+00:00,1,10.737,9.2658,AT,AKC,urban,persistence
2023-03-29 21:00:00+00:00,1,10.87,10.737,AT,AKC,urban,persistence
2023-03-29 22:00:00+00:00,1,12.0055,10.87,AT,AKC,urban,persistence
2023-03-29 23:00:00+00:00,1,12.7445,12.0055,AT,AKC,urban,persistence
2023-03-30 00:00:00+00:00,1,12.427,12.7445,AT,AKC,urban,persistence
2023-03-30 01:00:00+00:00,1,12.3765,12.427,AT,AKC,urban,persistence
2023-03-30 02:00:00+00:00,1,12.289,12.3765,AT,AKC,urban,persistence
2023-03-30 03:00:00+00:00,1,11.308,12.289,AT,AKC,urban,persistence
2023-03-30 04:00:00+00:00,1,12.074,11.308,AT,AKC,urban,persistence
2023-03-30 05:00:00+00:00,1,12.3575,12.074,AT,AKC,urban,persistence
2023-03-30 06:00:00+00:00,1,13.827,12.3575,AT,AKC,urban,persistence
2023-03-30 07:00:00+00:00,1,13.5875,13.827,AT,AKC,urban,persistence
2023-03-30 08:00:00+00:00,1,13.868,13.5875,AT,AKC,urban,persistence
2023-03-30 09:00:00+00:00,1,14.4225,13.868,AT,AKC,urban,persistence
2023-03-30 10:00:00+00:00,1,15.0525,14.4225,AT,AKC,urban,persistence
2023-03-30 11:00:00+00:00,1,15.4355,15.0525,AT,AKC,urban,persistence
2023-03-30 12:00:00+00:00,1,15.455,15.4355,AT,AKC,urban,persistence
2023-03-30 13:00:00+00:00,1,14.201,15.455,AT,AKC,urban,persistence
2023-03-30 14:00:00+00:00,1,13.3445,14.201,AT,AKC,urban,persistence
2023-03-30 15:00:00+00:00,1,14.1765,13.3445,AT,AKC,urban,persistence
2023-03-30 16:00:00+00:00,1,6.453049,14.1765,AT,AKC,urban,persistence
2023-03-30 17:00:00+00:00,1,4.96525,6.453049,AT,AKC,urban,persistence
2023-03-30 18:00:00+00:00,1,3.740799,4.96525,AT,AKC,urban,persistence
2023-03-30 19:00:00+00:00,1,4.490499,3.740799,AT,AKC,urban,persistence
2023-03-30 20:00:00+00:00,1,5.146249,4.490499,AT,AKC,urban,persistence
2023-03-30 21:00:00+00:00,1,4.826,5.146249,AT,AKC,urban,persistence
2023-03-30 22:00:00+00:00,1,3.2705,4.826,AT,AKC,urban,persistence
2023-03-30 23:00:00+00:00,1,2.969649,3.2705,AT,AKC,urban,persistence
2023-03-31 00:00:00+00:00,1,4.569499,2.969649,AT,AKC,urban,persistence
2023-03-31 01:00:00+00:00,1,5.6504,4.569499,AT,AKC,urban,persistence
2023-03-31 02:00:00+00:00,1,6.334099,5.6504,AT,AKC,urban,persistence
2023-03-31 03:00:00+00:00,1,8.027,6.334099,AT,AKC,urban,persistence
2023-03-31 04:00:00+00:00,1,9.96765,8.027,AT,AKC,urban,persistence
2023-03-31 05:00:00+00:00,1,10.2935,9.96765,AT,AKC,urban,persistence
2023-03-31 06:00:00+00:00,1,7.587349,10.2935,AT,AKC,urban,persistence
2023-03-31 07:00:00+00:00,1,8.7637,7.587349,AT,AKC,urban,persistence
2023-03-31 08:00:00+00:00,1,8.02565,8.7637,AT,AKC,urban,persistence
2023-03-31 09:00:00+00:00,1,8.51605,8.02565,AT,AKC,urban,persistence
2023-03-31 10:00:00+00:00,1,8.38205,8.51605,AT,AKC,urban,persistence
2023-03-31 11:00:00+00:00,1,7.456549,8.38205,AT,AKC,urban,persistence
2023-03-31 12:00:00+00:00,1,5.93805,7.456549,AT,AKC,urban,persistence
2023-03-31 13:00:00+00:00,1,5.68335,5.93805,AT,AKC,urban,persistence
2023-03-31 14:00:00+00:00,1,4.8533,5.68335,AT,AKC,urban,persistence
2023-03-31 15:00:00+00:00,1,3.994199,4.8533,AT,AKC,urban,persistence
2023-03-31 16:00:00+00:00,1,4.954649,3.994199,AT,AKC,urban,persistence
2023-03-31 17:00:00+00:00,1,3.716149,4.954649,AT,AKC,urban,persistence
2023-03-31 18:00:00+00:00,1,3.799299,3.716149,AT,AKC,urban,persistence
2023-03-31 19:00:00+00:00,1,3.408699,3.799299,AT,AKC,urban,persistence
2023-03-31 20:00:00+00:00,1,2.868149,3.408699,AT,AKC,urban,persistence
2023-03-31 21:00:00+00:00,1,2.13825,2.868149,AT,AKC,urban,persistence
2023-03-31 22:00:00+00:00,1,1.978549,2.13825,AT,AKC,urban,persistence
2023-03-31 23:00:00+00:00,1,2.0239,1.978549,AT,AKC,urban,persistence
2023-04-01 00:00:00+00:00,1,1.9512,2.0239,AT,AKC,urban,persistence
2023-04-01 01:00:00+00:00,1,2.048049,1.9512,AT,AKC,urban,persistence
2023-04-01 02:00:00+00:00,1,2.085999,2.048049,AT,AKC,urban,persistence
2023-04-01 03:00:00+00:00,1,2.10925,2.085999,AT,AKC,urban,persistence
2023-04-01 04:00:00+00:00,1,2.252099,2.10925,AT,AKC,urban,persistence
2023-04-01 05:00:00+00:00,1,2.164199,2.252099,AT,AKC,urban,persistence
2023-04-01 06:00:00+00:00,1,2.498899,2.164199,AT,AKC,urban,persistence
2023-04-01 07:00:00+00:00,1,2.29715,2.498899,AT,AKC,urban,persistence
2023-04-01 08:00:00+00:00,1,2.0039,2.29715,AT,AKC,urban,persistence
2023-04-01 09:00:00+00:00,1,1.6861,2.0039,AT,AKC,urban,persistence
2023-04-01 10:00:00+00:00,1,1.553849,1.6861,AT,AKC,urban,persistence
2023-04-01 11:00:00+00:00,1,1.37345,1.553849,AT,AKC,urban,persistence
2023-04-01 12:00:00+00:00,1,1.258599,1.37345,AT,AKC,urban,persistence
2023-04-01 13:00:00+00:00,1,1.3201,1.258599,AT,AKC,urban,persistence
2023-04-01 14:00:00+00:00,1,1.377799,1.3201,AT,AKC,urban,persistence
2023-04-01 15:00:00+00:00,1,1.5778,1.377799,AT,AKC,urban,persistence
2023-04-01 16:00:00+00:00,1,1.45705,1.5778,AT,AKC,urban,persistence
2023-04-01 17:00:00+00:00,1,1.648149,1.45705,AT,AKC,urban,persistence
2023-04-01 18:00:00+00:00,1,1.6832,1.648149,AT,AKC,urban,persistence
2023-04-01 19:00:00+00:00,1,1.32165,1.6832,AT,AKC,urban,persistence
2023-04-01 20:00:00+00:00,1,1.34165,1.32165,AT,AKC,urban,persistence
2023-04-01 21:00:00+00:00,1,1.393149,1.34165,AT,AKC,urban,persistence
2023-04-01 22:00:00+00:00,1,1.364549,1.393149,AT,AKC,urban,persistence
2023-04-01 23:00:00+00:00,1,1.32225,1.364549,AT,AKC,urban,persistence
2023-04-02 00:00:00+00:00,1,1.2318,1.32225,AT,AKC,urban,persistence
2023-04-02 01:00:00+00:00,1,1.36675,1.2318,AT,AKC,urban,persistence
2023-04-02 02:00:00+00:00,1,1.26885,1.36675,AT,AKC,urban,persistence
2023-04-02 03:00:00+00:00,1,2.0608,1.26885,AT,AKC,urban,persistence
2023-04-02 04:00:00+00:00,1,2.198549,2.0608,AT,AKC,urban,persistence
2023-04-02 05:00:00+00:00,1,2.764699,2.198549,AT,AKC,urban,persistence
2023-04-02 06:00:00+00:00,1,2.5824,2.764699,AT,AKC,urban,persistence
2023-04-02 07:00:00+00:00,1,3.10715,2.5824,AT,AKC,urban,persistence
2023-04-02 08:00:00+00:00,1,1.995599,3.10715,AT,AKC,urban,persistence
2023-04-02 09:00:00+00:00,1,2.228399,1.995599,AT,AKC,urban,persistence
2023-04-02 10:00:00+00:00,1,2.009399,2.228399,AT,AKC,urban,persistence
2023-04-02 11:00:00+00:00,1,3.19175,2.009399,AT,AKC,urban,persistence
2023-04-02 12:00:00+00:00,1,3.604099,3.19175,AT,AKC,urban,persistence
2023-04-02 13:00:00+00:00,1,4.5142,3.604099,AT,AKC,urban,persistence
2023-04-02 14:00:00+00:00,1,4.93205,4.5142,AT,AKC,urban,persistence
2023-04-02 15:00:00+00:00,1,7.327199,4.93205,AT,AKC,urban,persistence
2023-04-02 16:00:00+00:00,1,6.194499,7.327199,AT,AKC,urban,persistence
2023-04-02 17:00:00+00:00,1,5.026399,6.194499,AT,AKC,urban,persistence
2023-04-02 18:00:00+00:00,1,5.458399,5.026399,AT,AKC,urban,persistence
2023-04-02 19:00:00+00:00,1,4.89515,5.458399,AT,AKC,urban,persistence
2023-04-02 20:00:00+00:00,1,5.01875,4.89515,AT,AKC,urban,persistence
2023-04-02 21:00:00+00:00,1,4.8484,5.01875,AT,AKC,urban,persistence
2023-04-02 22:00:00+00:00,1,5.21595,4.8484,AT,AKC,urban,persistence
2023-04-02 23:00:00+00:00,1,4.656049,5.21595,AT,AKC,urban,persistence
2023-04-03 00:00:00+00:00,1,4.576399,4.656049,AT,AKC,urban,persistence
2023-04-03 01:00:00+00:00,1,4.81225,4.576399,AT,AKC,urban,persistence
2023-04-03 02:00:00+00:00,1,4.6254,4.81225,AT,AKC,urban,persistence
2023-04-03 03:00:00+00:00,1,4.864299,4.6254,AT,AKC,urban,persistence
2023-04-03 04:00:00+00:00,1,5.09595,4.864299,AT,AKC,urban,persistence
2023-04-03 05:00:00+00:00,1,5.425499,5.09595,AT,AKC,urban,persistence
2023-04-03 06:00:00+00:00,1,5.774549,5.425499,AT,AKC,urban,persistence
2023-04-03 07:00:00+00:00,1,6.668149,5.774549,AT,AKC,urban,persistence
2023-04-03 08:00:00+00:00,1,6.268099,6.668149,AT,AKC,urban,persistence
2023-04-03 09:00:00+00:00,1,6.123499,6.268099,AT,AKC,urban,persistence
2023-04-03 10:00:00+00:00,1,5.986949,6.123499,AT,AKC,urban,persistence
2023-04-03 11:00:00+00:00,1,6.273449,5.986949,AT,AKC,urban,persistence
2023-04-03 12:00:00+00:00,1,6.043499,6.273449,AT,AKC,urban,persistence
2023-04-03 13:00:00+00:00,1,5.616849,6.043499,AT,AKC,urban,persistence
2023-04-03 14:00:00+00:00,1,5.25815,5.616849,AT,AKC,urban,persistence
2023-04-03 15:00:00+00:00,1,5.083299,5.25815,AT,AKC,urban,persistence
2023-04-03 16:00:00+00:00,1,4.94645,5.083299,AT,AKC,urban,persistence
2023-04-03 17:00:00+00:00,1,4.889649,4.94645,AT,AKC,urban,persistence
2023-04-03 18:00:00+00:00,1,4.95195,4.889649,AT,AKC,urban,persistence
2023-04-03 19:00:00+00:00,1,5.1844,4.95195,AT,AKC,urban,persistence
2023-04-03 20:00:00+00:00,1,5.49615,5.1844,AT,AKC,urban,persistence
2023-04-03 21:00:00+00:00,1,5.42755,5.49615,AT,AKC,urban,persistence
2023-04-03 22:00:00+00:00,1,5.221449,5.42755,AT,AKC,urban,persistence
2023-04-03 23:00:00+00:00,1,5.038849,5.221449,AT,AKC,urban,persistence
2023-04-04 00:00:00+00:00,1,5.0197,5.038849,AT,AKC,urban,persistence
2023-04-04 01:00:00+00:00,1,5.083299,5.0197,AT,AKC,urban,persistence
2023-04-04 02:00:00+00:00,1,5.45025,5.083299,AT,AKC,urban,persistence
2023-04-04 03:00:00+00:00,1,5.284749,5.45025,AT,AKC,urban,persistence
2023-04-04 04:00:00+00:00,1,4.729249,5.284749,AT,AKC,urban,persistence
2023-04-04 05:00:00+00:00,1,4.4257,4.729249,AT,AKC,urban,persistence
2023-04-04 06:00:00+00:00,1,4.5009,4.4257,AT,AKC,urban,persistence
2023-04-04 07:00:00+00:00,1,4.9415,4.5009,AT,AKC,urban,persistence
2023-04-04 08:00:00+00:00,1,4.88805,4.9415,AT,AKC,urban,persistence
2023-04-04 09:00:00+00:00,1,5.6756,4.88805,AT,AKC,urban,persistence
2023-04-04 10:00:00+00:00,1,6.0285,5.6756,AT,AKC,urban,persistence
2023-04-04 11:00:00+00:00,1,5.616499,6.0285,AT,AKC,urban,persistence
2023-04-04 12:00:00+00:00,1,6.09095,5.616499,AT,AKC,urban,persistence
2023-04-04 13:00:00+00:00,1,6.534749,6.09095,AT,AKC,urban,persistence
2023-04-04 14:00:00+00:00,1,6.583199,6.534749,AT,AKC,urban,persistence
2023-04-04 15:00:00+00:00,1,6.6085,6.583199,AT,AKC,urban,persistence
2023-04-04 16:00:00+00:00,1,7.37205,6.6085,AT,AKC,urban,persistence
2023-04-04 17:00:00+00:00,1,8.250549,7.37205,AT,AKC,urban,persistence
2023-04-04 18:00:00+00:00,1,8.05,8.250549,AT,AKC,urban,persistence
2023-04-04 19:00:00+00:00,1,11.271,8.05,AT,AKC,urban,persistence
2023-04-04 20:00:00+00:00,1,10.892,11.271,AT,AKC,urban,persistence
2023-04-04 21:00:00+00:00,1,9.066049,10.892,AT,AKC,urban,persistence
2023-04-04 22:00:00+00:00,1,8.03185,9.066049,AT,AKC,urban,persistence
2023-04-04 23:00:00+00:00,1,8.071249,8.03185,AT,AKC,urban,persistence
2023-04-05 00:00:00+00:00,1,8.09435,8.071249,AT,AKC,urban,persistence
2023-04-05 01:00:00+00:00,1,7.95545,8.09435,AT,AKC,urban,persistence
2023-04-05 02:00:00+00:00,1,7.888999,7.95545,AT,AKC,urban,persistence
2023-04-05 03:00:00+00:00,1,7.4242,7.888999,AT,AKC,urban,persistence
2023-04-05 04:00:00+00:00,1,7.67945,7.4242,AT,AKC,urban,persistence
2023-04-05 05:00:00+00:00,1,6.8754,7.67945,AT,AKC,urban,persistence
2023-04-05 06:00:00+00:00,1,6.643099,6.8754,AT,AKC,urban,persistence
2023-04-05 07:00:00+00:00,1,6.459349,6.643099,AT,AKC,urban,persistence
2023-04-05 08:00:00+00:00,1,6.7876,6.459349,AT,AKC,urban,persistence
2023-04-05 09:00:00+00:00,1,6.2301,6.7876,AT,AKC,urban,persistence
2023-04-05 10:00:00+00:00,1,6.143949,6.2301,AT,AKC,urban,persistence
2023-04-05 11:00:00+00:00,1,5.856649,6.143949,AT,AKC,urban,persistence
2023-04-05 12:00:00+00:00,1,5.899649,5.856649,AT,AKC,urban,persistence
2023-04-05 13:00:00+00:00,1,5.80175,5.899649,AT,AKC,urban,persistence
2023-04-05 14:00:00+00:00,1,5.69255,5.80175,AT,AKC,urban,persistence
2023-04-05 15:00:00+00:00,1,5.567549,5.69255,AT,AKC,urban,persistence
2023-04-05 16:00:00+00:00,1,6.3172,5.567549,AT,AKC,urban,persistence
2023-04-05 17:00:00+00:00,1,6.91975,6.3172,AT,AKC,urban,persistence
2023-04-05 18:00:00+00:00,1,7.648799,6.91975,AT,AKC,urban,persistence
2023-04-05 19:00:00+00:00,1,7.494649,7.648799,AT,AKC,urban,persistence
2023-04-05 20:00:00+00:00,1,7.339449,7.494649,AT,AKC,urban,persistence
2023-04-05 21:00:00+00:00,1,7.720449,7.339449,AT,AKC,urban,persistence
2023-04-05 22:00:00+00:00,1,8.598999,7.720449,AT,AKC,urban,persistence
2023-04-05 23:00:00+00:00,1,9.461,8.598999,AT,AKC,urban,persistence
2023-04-06 00:00:00+00:00,1,10.09135,9.461,AT,AKC,urban,persistence
2023-04-06 01:00:00+00:00,1,10.28,10.09135,AT,AKC,urban,persistence
2023-04-06 02:00:00+00:00,1,10.601,10.28,AT,AKC,urban,persistence
2023-04-06 03:00:00+00:00,1,11.6475,10.601,AT,AKC,urban,persistence
2023-04-06 04:00:00+00:00,1,12.691,11.6475,AT,AKC,urban,persistence
2023-04-06 05:00:00+00:00,1,12.683,12.691,AT,AKC,urban,persistence
2023-04-06 06:00:00+00:00,1,11.9135,12.683,AT,AKC,urban,persistence
2023-04-06 07:00:00+00:00,1,8.9441,11.9135,AT,AKC,urban,persistence
2023-04-06 08:00:00+00:00,1,9.475399,8.9441,AT,AKC,urban,persistence
2023-04-06 09:00:00+00:00,1,6.66645,9.475399,AT,AKC,urban,persistence
2023-04-06 10:00:00+00:00,1,7.347249,6.66645,AT,AKC,urban,persistence
2023-04-06 11:00:00+00:00,1,7.4173,7.347249,AT,AKC,urban,persistence
2023-04-06 12:00:00+00:00,1,5.98175,7.4173,AT,AKC,urban,persistence
2023-04-06 13:00:00+00:00,1,6.8234,5.98175,AT,AKC,urban,persistence
2023-04-06 14:00:00+00:00,1,8.665599,6.8234,AT,AKC,urban,persistence
2023-04-06 15:00:00+00:00,1,8.537099,8.665599,AT,AKC,urban,persistence
2023-04-06 16:00:00+00:00,1,9.644599,8.537099,AT,AKC,urban,persistence
2023-04-06 17:00:00+00:00,1,12.166,9.644599,AT,AKC,urban,persistence
2023-04-06 18:00:00+00:00,1,11.178,12.166,AT,AKC,urban,persistence
2023-04-06 19:00:00+00:00,1,9.975099,11.178,AT,AKC,urban,persistence
2023-04-06 20:00:00+00:00,1,11.2495,9.975099,AT,AKC,urban,persistence
2023-04-06 21:00:00+00:00,1,13.2485,11.2495,AT,AKC,urban,persistence
2023-04-06 22:00:00+00:00,1,14.6245,13.2485,AT,AKC,urban,persistence
2023-04-06 23:00:00+00:00,1,15.6175,14.6245,AT,AKC,urban,persistence
2023-04-07 00:00:00+00:00,1,15.015,15.6175,AT,AKC,urban,persistence
2023-04-07 01:00:00+00:00,1,15.3415,15.015,AT,AKC,urban,persistence
2023-04-07 02:00:00+00:00,1,15.6635,15.3415,AT,AKC,urban,persistence
2023-04-07 03:00:00+00:00,1,15.708,15.6635,AT,AKC,urban,persistence
2023-04-07 04:00:00+00:00,1,16.148,15.708,AT,AKC,urban,persistence
2023-04-07 05:00:00+00:00,1,15.633,16.148,AT,AKC,urban,persistence
2023-04-07 06:00:00+00:00,1,15.868,15.633,AT,AKC,urban,persistence
2023-04-07 07:00:00+00:00,1,16.3595,15.868,AT,AKC,urban,persistence
2023-04-07 08:00:00+00:00,1,16.3145,16.3595,AT,AKC,urban,persistence
2023-04-07 09:00:00+00:00,1,16.323,16.3145,AT,AKC,urban,persistence
2023-04-07 10:00:00+00:00,1,16.413,16.323,AT,AKC,urban,persistence
2023-04-07 11:00:00+00:00,1,14.4905,16.413,AT,AKC,urban,persistence
2023-04-07 12:00:00+00:00,1,15.996,14.4905,AT,AKC,urban,persistence
2023-04-07 13:00:00+00:00,1,16.3185,15.996,AT,AKC,urban,persistence
2023-04-07 14:00:00+00:00,1,14.1445,16.3185,AT,AKC,urban,persistence
2023-04-07 15:00:00+00:00,1,15.526,14.1445,AT,AKC,urban,persistence
2023-04-07 16:00:00+00:00,1,15.667,15.526,AT,AKC,urban,persistence
2023-04-07 17:00:00+00:00,1,15.075,15.667,AT,AKC,urban,persistence
2023-04-07 18:00:00+00:00,1,16.873,15.075,AT,AKC,urban,persistence
2023-04-07 19:00:00+00:00,1,20.2525,16.873,AT,AKC,urban,persistence
2023-04-07 20:00:00+00:00,1,20.3945,20.2525,AT,AKC,urban,persistence
2023-04-07 21:00:00+00:00,1,24.817,20.3945,AT,AKC,urban,persistence
2023-04-07 22:00:00+00:00,1,26.879,24.817,AT,AKC,urban,persistence
2023-04-07 23:00:00+00:00,1,12.81595,26.879,AT,AKC,urban,persistence
2023-04-08 00:00:00+00:00,1,5.94,12.81595,AT,AKC,urban,persistence
2023-04-08 01:00:00+00:00,1,4.30485,5.94,AT,AKC,urban,persistence
2023-04-08 02:00:00+00:00,1,3.357349,4.30485,AT,AKC,urban,persistence
2023-04-08 03:00:00+00:00,1,3.67785,3.357349,AT,AKC,urban,persistence
2023-04-08 04:00:00+00:00,1,4.555199,3.67785,AT,AKC,urban,persistence
2023-04-08 05:00:00+00:00,1,4.070199,4.555199,AT,AKC,urban,persistence
2023-04-08 06:00:00+00:00,1,4.87395,4.070199,AT,AKC,urban,persistence
2023-04-08 07:00:00+00:00,1,7.1802,4.87395,AT,AKC,urban,persistence
2023-04-08 08:00:00+00:00,1,8.343299,7.1802,AT,AKC,urban,persistence
2023-04-08 09:00:00+00:00,1,9.2812,8.343299,AT,AKC,urban,persistence
2023-04-08 10:00:00+00:00,1,10.99,9.2812,AT,AKC,urban,persistence
2023-04-08 11:00:00+00:00,1,11.0135,10.99,AT,AKC,urban,persistence
2023-04-08 12:00:00+00:00,1,9.4052,11.0135,AT,AKC,urban,persistence
2023-04-08 13:00:00+00:00,1,7.84165,9.4052,AT,AKC,urban,persistence
2023-04-08 14:00:00+00:00,1,7.91685,7.84165,AT,AKC,urban,persistence
2023-04-08 15:00:00+00:00,1,8.095049,7.91685,AT,AKC,urban,persistence
2023-04-08 16:00:00+00:00,1,8.834249,8.095049,AT,AKC,urban,persistence
2023-04-08 17:00:00+00:00,1,9.73105,8.834249,AT,AKC,urban,persistence
2023-04-08 18:00:00+00:00,1,11.2995,9.73105,AT,AKC,urban,persistence
2023-04-08 19:00:00+00:00,1,12.311,11.2995,AT,AKC,urban,persistence
2023-04-08 20:00:00+00:00,1,12.995,12.311,AT,AKC,urban,persistence
2023-04-08 21:00:00+00:00,1,13.3595,12.995,AT,AKC,urban,persistence
2023-04-08 22:00:00+00:00,1,13.9585,13.3595,AT,AKC,urban,persistence
2023-04-08 23:00:00+00:00,1,13.2845,13.9585,AT,AKC,urban,persistence
2023-04-09 00:00:00+00:00,1,10.9035,13.2845,AT,AKC,urban,persistence
2023-04-09 01:00:00+00:00,1,10.7975,10.9035,AT,AKC,urban,persistence
2023-04-09 02:00:00+00:00,1,12.336,10.7975,AT,AKC,urban,persistence
2023-04-09 03:00:00+00:00,1,12.805,12.336,AT,AKC,urban,persistence
2023-04-09 04:00:00+00:00,1,14.4505,12.805,AT,AKC,urban,persistence
2023-04-09 05:00:00+00:00,1,16.3815,14.4505,AT,AKC,urban,persistence
2023-04-09 06:00:00+00:00,1,17.3515,16.3815,AT,AKC,urban,persistence
2023-04-09 07:00:00+00:00,1,18.294,17.3515,AT,AKC,urban,persistence
2023-04-09 08:00:00+00:00,1,14.0175,18.294,AT,AKC,urban,persistence
2023-04-09 09:00:00+00:00,1,15.739,14.0175,AT,AKC,urban,persistence
2023-04-09 10:00:00+00:00,1,16.34,15.739,AT,AKC,urban,persistence
2023-04-09 11:00:00+00:00,1,15.3445,16.34,AT,AKC,urban,persistence
2023-04-09 12:00:00+00:00,1,16.145,15.3445,AT,AKC,urban,persistence
2023-04-09 13:00:00+00:00,1,16.4195,16.145,AT,AKC,urban,persistence
2023-04-09 14:00:00+00:00,1,14.7375,16.4195,AT,AKC,urban,persistence
2023-04-09 15:00:00+00:00,1,12.373,14.7375,AT,AKC,urban,persistence
2023-04-09 16:00:00+00:00,1,13.3585,12.373,AT,AKC,urban,persistence
2023-04-09 17:00:00+00:00,1,12.1185,13.3585,AT,AKC,urban,persistence
2023-04-09 18:00:00+00:00,1,12.4065,12.1185,AT,AKC,urban,persistence
2023-04-09 19:00:00+00:00,1,13.5375,12.4065,AT,AKC,urban,persistence
2023-04-09 20:00:00+00:00,1,12.836,13.5375,AT,AKC,urban,persistence
2023-04-09 21:00:00+00:00,1,13.1115,12.836,AT,AKC,urban,persistence
2023-04-09 22:00:00+00:00,1,13.052,13.1115,AT,AKC,urban,persistence
2023-04-09 23:00:00+00:00,1,12.2645,13.052,AT,AKC,urban,persistence
2023-04-10 00:00:00+00:00,1,11.686,12.2645,AT,AKC,urban,persistence
2023-04-10 01:00:00+00:00,1,11.3895,11.686,AT,AKC,urban,persistence
2023-04-10 02:00:00+00:00,1,11.3695,11.3895,AT,AKC,urban,persistence
2023-04-10 03:00:00+00:00,1,10.8945,11.3695,AT,AKC,urban,persistence
2023-04-10 04:00:00+00:00,1,11.1095,10.8945,AT,AKC,urban,persistence
2023-04-10 05:00:00+00:00,1,13.268,11.1095,AT,AKC,urban,persistence
2023-04-10 06:00:00+00:00,1,14.508,13.268,AT,AKC,urban,persistence
2023-04-10 07:00:00+00:00,1,16.743,14.508,AT,AKC,urban,persistence
2023-04-10 08:00:00+00:00,1,18.5985,16.743,AT,AKC,urban,persistence
2023-04-10 09:00:00+00:00,1,18.466,18.5985,AT,AKC,urban,persistence
2023-04-10 10:00:00+00:00,1,18.633,18.466,AT,AKC,urban,persistence
2023-04-10 11:00:00+00:00,1,18.078,18.633,AT,AKC,urban,persistence
2023-04-10 12:00:00+00:00,1,17.441,18.078,AT,AKC,urban,persistence
2023-04-10 13:00:00+00:00,1,16.5965,17.441,AT,AKC,urban,persistence
2023-04-10 14:00:00+00:00,1,15.0245,16.5965,AT,AKC,urban,persistence
2023-04-10 15:00:00+00:00,1,15.902,15.0245,AT,AKC,urban,persistence
2023-04-10 16:00:00+00:00,1,16.659,15.902,AT,AKC,urban,persistence
2023-04-10 17:00:00+00:00,1,18.8955,16.659,AT,AKC,urban,persistence
2023-04-10 18:00:00+00:00,1,19.6645,18.8955,AT,AKC,urban,persistence
2023-04-10 19:00:00+00:00,1,18.496,19.6645,AT,AKC,urban,persistence
2023-04-10 20:00:00+00:00,1,17.773,18.496,AT,AKC,urban,persistence
2023-04-10 21:00:00+00:00,1,16.1755,17.773,AT,AKC,urban,persistence
2023-04-10 22:00:00+00:00,1,16.855,16.1755,AT,AKC,urban,persistence
2023-04-10 23:00:00+00:00,1,17.1345,16.855,AT,AKC,urban,persistence
2023-04-11 00:00:00+00:00,1,17.9125,17.1345,AT,AKC,urban,persistence
2023-04-11 01:00:00+00:00,1,17.3145,17.9125,AT,AKC,urban,persistence
2023-04-11 02:00:00+00:00,1,19.3995,17.3145,AT,AKC,urban,persistence
2023-04-11 03:00:00+00:00,1,19.8555,19.3995,AT,AKC,urban,persistence
2023-04-11 04:00:00+00:00,1,24.0965,19.8555,AT,AKC,urban,persistence
2023-04-11 05:00:00+00:00,1,27.085,24.0965,AT,AKC,urban,persistence
2023-04-11 06:00:00+00:00,1,27.944,27.085,AT,AKC,urban,persistence
2023-04-11 07:00:00+00:00,1,27.781,27.944,AT,AKC,urban,persistence
2023-04-11 08:00:00+00:00,1,22.103,27.781,AT,AKC,urban,persistence
2023-04-11 09:00:00+00:00,1,12.91785,22.103,AT,AKC,urban,persistence
2023-04-11 10:00:00+00:00,1,23.484,12.91785,AT,AKC,urban,persistence
2023-04-11 11:00:00+00:00,1,9.93875,23.484,AT,AKC,urban,persistence
2023-04-11 12:00:00+00:00,1,3.886399,9.93875,AT,AKC,urban,persistence
2023-04-11 13:00:00+00:00,1,3.492099,3.886399,AT,AKC,urban,persistence
2023-04-11 14:00:00+00:00,1,3.623499,3.492099,AT,AKC,urban,persistence
2023-04-11 15:00:00+00:00,1,2.49,3.623499,AT,AKC,urban,persistence
2023-04-11 16:00:00+00:00,1,2.31815,2.49,AT,AKC,urban,persistence
2023-04-11 17:00:00+00:00,1,2.3459,2.31815,AT,AKC,urban,persistence
2023-04-11 18:00:00+00:00,1,2.2466,2.3459,AT,AKC,urban,persistence
2023-04-11 19:00:00+00:00,1,2.034849,2.2466,AT,AKC,urban,persistence
2023-04-11 20:00:00+00:00,1,2.09845,2.034849,AT,AKC,urban,persistence
2023-04-11 21:00:00+00:00,1,2.361449,2.09845,AT,AKC,urban,persistence
2023-04-11 22:00:00+00:00,1,3.062,2.361449,AT,AKC,urban,persistence
2023-04-11 23:00:00+00:00,1,3.320499,3.062,AT,AKC,urban,persistence
2023-04-12 00:00:00+00:00,1,3.29295,3.320499,AT,AKC,urban,persistence
2023-04-12 01:00:00+00:00,1,3.829999,3.29295,AT,AKC,urban,persistence
2023-04-12 02:00:00+00:00,1,4.74685,3.829999,AT,AKC,urban,persistence
2023-04-12 03:00:00+00:00,1,4.019149,4.74685,AT,AKC,urban,persistence
2023-04-12 04:00:00+00:00,1,4.867899,4.019149,AT,AKC,urban,persistence
2023-04-12 05:00:00+00:00,1,3.774899,4.867899,AT,AKC,urban,persistence
2023-04-12 06:00:00+00:00,1,5.1043,3.774899,AT,AKC,urban,persistence
2023-04-12 07:00:00+00:00,1,5.7417,5.1043,AT,AKC,urban,persistence
2023-04-12 08:00:00+00:00,1,6.2951,5.7417,AT,AKC,urban,persistence
2023-04-12 09:00:00+00:00,1,8.961,6.2951,AT,AKC,urban,persistence
2023-04-12 10:00:00+00:00,1,10.66505,8.961,AT,AKC,urban,persistence
2023-04-12 11:00:00+00:00,1,5.392549,10.66505,AT,AKC,urban,persistence
2023-04-12 12:00:00+00:00,1,8.024049,5.392549,AT,AKC,urban,persistence
2023-04-12 13:00:00+00:00,1,6.90625,8.024049,AT,AKC,urban,persistence
2023-04-12 14:00:00+00:00,1,5.451749,6.90625,AT,AKC,urban,persistence
2023-04-12 15:00:00+00:00,1,4.925,5.451749,AT,AKC,urban,persistence
2023-04-12 16:00:00+00:00,1,4.710149,4.925,AT,AKC,urban,persistence
2023-04-12 17:00:00+00:00,1,6.57445,4.710149,AT,AKC,urban,persistence
2023-04-12 18:00:00+00:00,1,7.136899,6.57445,AT,AKC,urban,persistence
2023-04-12 19:00:00+00:00,1,9.781949,7.136899,AT,AKC,urban,persistence
2023-04-12 20:00:00+00:00,1,9.919899,9.781949,AT,AKC,urban,persistence
2023-04-12 21:00:00+00:00,1,10.8725,9.919899,AT,AKC,urban,persistence
2023-04-12 22:00:00+00:00,1,10.1381,10.8725,AT,AKC,urban,persistence
2023-04-12 23:00:00+00:00,1,10.16595,10.1381,AT,AKC,urban,persistence
2023-04-13 00:00:00+00:00,1,8.717049,10.16595,AT,AKC,urban,persistence
2023-04-13 01:00:00+00:00,1,5.271699,8.717049,AT,AKC,urban,persistence
2023-04-13 02:00:00+00:00,1,8.3225,5.271699,AT,AKC,urban,persistence
2023-04-13 03:00:00+00:00,1,6.11075,8.3225,AT,AKC,urban,persistence
2023-04-13 04:00:00+00:00,1,2.964449,6.11075,AT,AKC,urban,persistence
2023-04-13 05:00:00+00:00,1,3.13205,2.964449,AT,AKC,urban,persistence
2023-04-13 06:00:00+00:00,1,2.5815,3.13205,AT,AKC,urban,persistence
2023-04-13 07:00:00+00:00,1,2.80865,2.5815,AT,AKC,urban,persistence
2023-04-13 08:00:00+00:00,1,2.125599,2.80865,AT,AKC,urban,persistence
2023-04-13 09:00:00+00:00,1,2.067299,2.125599,AT,AKC,urban,persistence
2023-04-13 10:00:00+00:00,1,2.509099,2.067299,AT,AKC,urban,persistence
2023-04-13 11:00:00+00:00,1,2.2266,2.509099,AT,AKC,urban,persistence
2023-04-13 12:00:00+00:00,1,1.89355,2.2266,AT,AKC,urban,persistence
2023-04-13 13:00:00+00:00,1,2.2297,1.89355,AT,AKC,urban,persistence
2023-04-13 14:00:00+00:00,1,2.246449,2.2297,AT,AKC,urban,persistence
2023-04-13 15:00:00+00:00,1,2.53705,2.246449,AT,AKC,urban,persistence
2023-04-13 16:00:00+00:00,1,3.06615,2.53705,AT,AKC,urban,persistence
2023-04-13 17:00:00+00:00,1,3.15485,3.06615,AT,AKC,urban,persistence
2023-04-13 18:00:00+00:00,1,3.15755,3.15485,AT,AKC,urban,persistence
2023-04-13 19:00:00+00:00,1,3.84455,3.15755,AT,AKC,urban,persistence
2023-04-13 20:00:00+00:00,1,4.674349,3.84455,AT,AKC,urban,persistence
2023-04-13 21:00:00+00:00,1,5.83755,4.674349,AT,AKC,urban,persistence
2023-04-13 22:00:00+00:00,1,6.278049,5.83755,AT,AKC,urban,persistence
2023-04-13 23:00:00+00:00,1,4.835899,6.278049,AT,AKC,urban,persistence
2023-04-14 00:00:00+00:00,1,2.675549,4.835899,AT,AKC,urban,persistence
2023-04-14 01:00:00+00:00,1,1.547549,2.675549,AT,AKC,urban,persistence
2023-04-14 02:00:00+00:00,1,1.600899,1.547549,AT,AKC,urban,persistence
2023-04-14 03:00:00+00:00,1,1.444849,1.600899,AT,AKC,urban,persistence
2023-04-14 04:00:00+00:00,1,1.818099,1.444849,AT,AKC,urban,persistence
2023-04-14 05:00:00+00:00,1,1.44595,1.818099,AT,AKC,urban,persistence
2023-04-14 06:00:00+00:00,1,1.667599,1.44595,AT,AKC,urban,persistence
2023-04-14 07:00:00+00:00,1,1.7093,1.667599,AT,AKC,urban,persistence
2023-04-14 08:00:00+00:00,1,1.937799,1.7093,AT,AKC,urban,persistence
2023-04-14 09:00:00+00:00,1,1.65575,1.937799,AT,AKC,urban,persistence
2023-04-14 10:00:00+00:00,1,1.689049,1.65575,AT,AKC,urban,persistence
2023-04-14 11:00:00+00:00,1,1.622499,1.689049,AT,AKC,urban,persistence
2023-04-14 12:00:00+00:00,1,1.55865,1.622499,AT,AKC,urban,persistence
2023-04-14 13:00:00+00:00,1,1.406949,1.55865,AT,AKC,urban,persistence
2023-04-14 14:00:00+00:00,1,1.363049,1.406949,AT,AKC,urban,persistence
2023-04-14 15:00:00+00:00,1,1.422299,1.363049,AT,AKC,urban,persistence
2023-04-14 16:00:00+00:00,1,1.5329,1.422299,AT,AKC,urban,persistence
2023-04-14 17:00:00+00:00,1,1.60175,1.5329,AT,AKC,urban,persistence
2023-04-14 18:00:00+00:00,1,1.5805,1.60175,AT,AKC,urban,persistence
2023-04-14 19:00:00+00:00,1,1.5139,1.5805,AT,AKC,urban,persistence
2023-04-14 20:00:00+00:00,1,1.50255,1.5139,AT,AKC,urban,persistence
2023-04-14 21:00:00+00:00,1,1.48175,1.50255,AT,AKC,urban,persistence
2023-04-14 22:00:00+00:00,1,1.351599,1.48175,AT,AKC,urban,persistence
2023-04-14 23:00:00+00:00,1,1.142199,1.351599,AT,AKC,urban,persistence
2023-04-15 00:00:00+00:00,1,1.059999,1.142199,AT,AKC,urban,persistence
2023-04-15 01:00:00+00:00,1,1.159549,1.059999,AT,AKC,urban,persistence
2023-04-15 02:00:00+00:00,1,1.22405,1.159549,AT,AKC,urban,persistence
2023-04-15 03:00:00+00:00,1,6.15625,1.22405,AT,AKC,urban,persistence
2023-04-15 04:00:00+00:00,1,4.837349,6.15625,AT,AKC,urban,persistence
2023-04-15 05:00:00+00:00,1,5.248,4.837349,AT,AKC,urban,persistence
2023-04-15 06:00:00+00:00,1,2.768199,5.248,AT,AKC,urban,persistence
2023-04-15 07:00:00+00:00,1,3.921099,2.768199,AT,AKC,urban,persistence
2023-04-15 08:00:00+00:00,1,2.35885,3.921099,AT,AKC,urban,persistence
2023-04-15 09:00:00+00:00,1,1.54305,2.35885,AT,AKC,urban,persistence
2023-04-15 10:00:00+00:00,1,1.52005,1.54305,AT,AKC,urban,persistence
2023-04-15 11:00:00+00:00,1,1.282099,1.52005,AT,AKC,urban,persistence
2023-04-15 12:00:00+00:00,1,1.24775,1.282099,AT,AKC,urban,persistence
2023-04-15 13:00:00+00:00,1,1.364249,1.24775,AT,AKC,urban,persistence
2023-04-15 14:00:00+00:00,1,1.5917,1.364249,AT,AKC,urban,persistence
2023-04-15 15:00:00+00:00,1,1.645449,1.5917,AT,AKC,urban,persistence
2023-04-15 16:00:00+00:00,1,1.8801,1.645449,AT,AKC,urban,persistence
2023-04-15 17:00:00+00:00,1,2.54045,1.8801,AT,AKC,urban,persistence
2023-04-15 18:00:00+00:00,1,2.78415,2.54045,AT,AKC,urban,persistence
2023-04-15 19:00:00+00:00,1,3.024049,2.78415,AT,AKC,urban,persistence
2023-04-15 20:00:00+00:00,1,2.88875,3.024049,AT,AKC,urban,persistence
2023-04-15 21:00:00+00:00,1,2.8615,2.88875,AT,AKC,urban,persistence
2023-04-15 22:00:00+00:00,1,2.7802,2.8615,AT,AKC,urban,persistence
2023-04-15 23:00:00+00:00,1,2.9955,2.7802,AT,AKC,urban,persistence
2023-04-16 00:00:00+00:00,1,3.7498,2.9955,AT,AKC,urban,persistence
2023-04-16 01:00:00+00:00,1,4.9989,3.7498,AT,AKC,urban,persistence
2023-04-16 02:00:00+00:00,1,5.9446,4.9989,AT,AKC,urban,persistence
2023-04-16 03:00:00+00:00,1,8.757049,5.9446,AT,AKC,urban,persistence
2023-04-16 04:00:00+00:00,1,10.878,8.757049,AT,AKC,urban,persistence
2023-04-16 05:00:00+00:00,1,11.746,10.878,AT,AKC,urban,persistence
2023-04-16 06:00:00+00:00,1,8.374799,11.746,AT,AKC,urban,persistence
2023-04-16 07:00:00+00:00,1,7.717649,8.374799,AT,AKC,urban,persistence
2023-04-16 08:00:00+00:00,1,5.020249,7.717649,AT,AKC,urban,persistence
2023-04-16 09:00:00+00:00,1,5.377249,5.020249,AT,AKC,urban,persistence
2023-04-16 10:00:00+00:00,1,4.515999,5.377249,AT,AKC,urban,persistence
2023-04-16 11:00:00+00:00,1,3.60125,4.515999,AT,AKC,urban,persistence
2023-04-16 12:00:00+00:00,1,3.406849,3.60125,AT,AKC,urban,persistence
2023-04-16 13:00:00+00:00,1,3.426449,3.406849,AT,AKC,urban,persistence
2023-04-16 14:00:00+00:00,1,4.0151,3.426449,AT,AKC,urban,persistence
2023-04-16 15:00:00+00:00,1,4.978349,4.0151,AT,AKC,urban,persistence
2023-04-16 16:00:00+00:00,1,7.13175,4.978349,AT,AKC,urban,persistence
2023-04-16 17:00:00+00:00,1,7.144,7.13175,AT,AKC,urban,persistence
2023-04-16 18:00:00+00:00,1,6.390399,7.144,AT,AKC,urban,persistence
2023-04-16 19:00:00+00:00,1,5.763549,6.390399,AT,AKC,urban,persistence
2023-04-16 20:00:00+00:00,1,5.98035,5.763549,AT,AKC,urban,persistence
2023-04-16 21:00:00+00:00,1,5.70655,5.98035,AT,AKC,urban,persistence
2023-04-16 22:00:00+00:00,1,6.04575,5.70655,AT,AKC,urban,persistence
2023-04-16 23:00:00+00:00,1,6.46825,6.04575,AT,AKC,urban,persistence
2023-04-17 00:00:00+00:00,1,6.853799,6.46825,AT,AKC,urban,persistence
2023-04-17 01:00:00+00:00,1,6.753749,6.853799,AT,AKC,urban,persistence
2023-04-17 02:00:00+00:00,1,7.249449,6.753749,AT,AKC,urban,persistence
2023-04-17 03:00:00+00:00,1,8.101599,7.249449,AT,AKC,urban,persistence
2023-04-17 04:00:00+00:00,1,9.043849,8.101599,AT,AKC,urban,persistence
2023-04-17 05:00:00+00:00,1,9.5634,9.043849,AT,AKC,urban,persistence
2023-04-17 06:00:00+00:00,1,9.8306,9.5634,AT,AKC,urban,persistence
2023-04-17 07:00:00+00:00,1,10.548,9.8306,AT,AKC,urban,persistence
2023-04-17 08:00:00+00:00,1,11.1075,10.548,AT,AKC,urban,persistence
2023-04-17 09:00:00+00:00,1,11.4755,11.1075,AT,AKC,urban,persistence
2023-04-17 10:00:00+00:00,1,11.895,11.4755,AT,AKC,urban,persistence
2023-04-17 11:00:00+00:00,1,11.503,11.895,AT,AKC,urban,persistence
2023-04-17 12:00:00+00:00,1,11.5695,11.503,AT,AKC,urban,persistence
2023-04-17 13:00:00+00:00,1,12.143,11.5695,AT,AKC,urban,persistence
2023-04-17 14:00:00+00:00,1,10.545,12.143,AT,AKC,urban,persistence
2023-04-17 15:00:00+00:00,1,10.7585,10.545,AT,AKC,urban,persistence
2023-04-17 16:00:00+00:00,1,11.5665,10.7585,AT,AKC,urban,persistence
2023-04-17 17:00:00+00:00,1,11.76155,11.5665,AT,AKC,urban,persistence
2023-04-17 18:00:00+00:00,1,9.77165,11.76155,AT,AKC,urban,persistence
2023-04-17 19:00:00+00:00,1,11.7165,9.77165,AT,AKC,urban,persistence
2023-04-17 20:00:00+00:00,1,13.2295,11.7165,AT,AKC,urban,persistence
2023-04-17 21:00:00+00:00,1,11.966,13.2295,AT,AKC,urban,persistence
2023-04-17 22:00:00+00:00,1,11.049,11.966,AT,AKC,urban,persistence
2023-04-17 23:00:00+00:00,1,9.193399,11.049,AT,AKC,urban,persistence
2023-04-18 00:00:00+00:00,1,6.8114,9.193399,AT,AKC,urban,persistence
2023-04-18 01:00:00+00:00,1,5.445549,6.8114,AT,AKC,urban,persistence
2023-04-18 02:00:00+00:00,1,4.772799,5.445549,AT,AKC,urban,persistence
2023-04-18 03:00:00+00:00,1,4.24545,4.772799,AT,AKC,urban,persistence
2023-04-18 04:00:00+00:00,1,4.69705,4.24545,AT,AKC,urban,persistence
2023-04-18 05:00:00+00:00,1,4.38555,4.69705,AT,AKC,urban,persistence
2023-04-18 06:00:00+00:00,1,5.44525,4.38555,AT,AKC,urban,persistence
2023-04-18 07:00:00+00:00,1,8.0186,5.44525,AT,AKC,urban,persistence
2023-04-18 08:00:00+00:00,1,9.2413,8.0186,AT,AKC,urban,persistence
2023-04-18 09:00:00+00:00,1,10.02185,9.2413,AT,AKC,urban,persistence
2023-04-18 10:00:00+00:00,1,10.0045,10.02185,AT,AKC,urban,persistence
2023-04-18 11:00:00+00:00,1,8.720549,10.0045,AT,AKC,urban,persistence
2023-04-18 12:00:00+00:00,1,8.6247,8.720549,AT,AKC,urban,persistence
2023-04-18 13:00:00+00:00,1,8.80465,8.6247,AT,AKC,urban,persistence
2023-04-18 14:00:00+00:00,1,11.1725,8.80465,AT,AKC,urban,persistence
2023-04-18 15:00:00+00:00,1,12.097,11.1725,AT,AKC,urban,persistence
2023-04-18 16:00:00+00:00,1,12.401,12.097,AT,AKC,urban,persistence
2023-04-18 17:00:00+00:00,1,11.403,12.401,AT,AKC,urban,persistence
2023-04-18 18:00:00+00:00,1,10.142,11.403,AT,AKC,urban,persistence
2023-04-18 19:00:00+00:00,1,10.186,10.142,AT,AKC,urban,persistence
2023-04-18 20:00:00+00:00,1,11.081,10.186,AT,AKC,urban,persistence
2023-04-18 21:00:00+00:00,1,11.97,11.081,AT,AKC,urban,persistence
2023-04-18 22:00:00+00:00,1,12.5415,11.97,AT,AKC,urban,persistence
2023-04-18 23:00:00+00:00,1,14.1065,12.5415,AT,AKC,urban,persistence
2023-04-19 00:00:00+00:00,1,15.404,14.1065,AT,AKC,urban,persistence
2023-04-19 01:00:00+00:00,1,16.7435,15.404,AT,AKC,urban,persistence
2023-04-19 02:00:00+00:00,1,18.8335,16.7435,AT,AKC,urban,persistence
2023-04-19 03:00:00+00:00,1,19.9245,18.8335,AT,AKC,urban,persistence
2023-04-19 04:00:00+00:00,1,19.8435,19.9245,AT,AKC,urban,persistence
2023-04-19 05:00:00+00:00,1,19.644,19.8435,AT,AKC,urban,persistence
2023-04-19 06:00:00+00:00,1,15.0415,19.644,AT,AKC,urban,persistence
2023-04-19 07:00:00+00:00,1,11.7765,15.0415,AT,AKC,urban,persistence
2023-04-19 08:00:00+00:00,1,7.850399,11.7765,AT,AKC,urban,persistence
2023-04-19 09:00:00+00:00,1,8.524349,7.850399,AT,AKC,urban,persistence
2023-04-19 10:00:00+00:00,1,9.01305,8.524349,AT,AKC,urban,persistence
2023-04-19 11:00:00+00:00,1,7.563049,9.01305,AT,AKC,urban,persistence
2023-04-19 12:00:00+00:00,1,7.485699,7.563049,AT,AKC,urban,persistence
2023-04-19 13:00:00+00:00,1,6.49495,7.485699,AT,AKC,urban,persistence
2023-04-19 14:00:00+00:00,1,6.204999,6.49495,AT,AKC,urban,persistence
2023-04-19 15:00:00+00:00,1,5.746649,6.204999,AT,AKC,urban,persistence
2023-04-19 16:00:00+00:00,1,6.990349,5.746649,AT,AKC,urban,persistence
2023-04-19 17:00:00+00:00,1,7.670499,6.990349,AT,AKC,urban,persistence
2023-04-19 18:00:00+00:00,1,7.856999,7.670499,AT,AKC,urban,persistence
2023-04-19 19:00:00+00:00,1,7.816299,7.856999,AT,AKC,urban,persistence
2023-04-19 20:00:00+00:00,1,7.95005,7.816299,AT,AKC,urban,persistence
2023-04-19 21:00:00+00:00,1,8.725599,7.95005,AT,AKC,urban,persistence
2023-04-19 22:00:00+00:00,1,9.88595,8.725599,AT,AKC,urban,persistence
2023-04-19 23:00:00+00:00,1,10.09015,9.88595,AT,AKC,urban,persistence
2023-04-20 00:00:00+00:00,1,9.5895,10.09015,AT,AKC,urban,persistence
2023-04-20 01:00:00+00:00,1,11.0825,9.5895,AT,AKC,urban,persistence
2023-04-20 02:00:00+00:00,1,13.046,11.0825,AT,AKC,urban,persistence
2023-04-20 03:00:00+00:00,1,14.9905,13.046,AT,AKC,urban,persistence
2023-04-20 04:00:00+00:00,1,15.9605,14.9905,AT,AKC,urban,persistence
2023-04-20 05:00:00+00:00,1,15.89,15.9605,AT,AKC,urban,persistence
2023-04-20 06:00:00+00:00,1,16.8145,15.89,AT,AKC,urban,persistence
2023-04-20 07:00:00+00:00,1,17.2105,16.8145,AT,AKC,urban,persistence
2023-04-20 08:00:00+00:00,1,17.6835,17.2105,AT,AKC,urban,persistence
2023-04-20 09:00:00+00:00,1,16.574,17.6835,AT,AKC,urban,persistence
2023-04-20 10:00:00+00:00,1,15.293,16.574,AT,AKC,urban,persistence
2023-04-20 11:00:00+00:00,1,14.216,15.293,AT,AKC,urban,persistence
2023-04-20 12:00:00+00:00,1,13.8795,14.216,AT,AKC,urban,persistence
2023-04-20 13:00:00+00:00,1,12.9175,13.8795,AT,AKC,urban,persistence
2023-04-20 14:00:00+00:00,1,12.8825,12.9175,AT,AKC,urban,persistence
2023-04-20 15:00:00+00:00,1,12.7155,12.8825,AT,AKC,urban,persistence
2023-04-20 16:00:00+00:00,1,15.207,12.7155,AT,AKC,urban,persistence
2023-04-20 17:00:00+00:00,1,17.055,15.207,AT,AKC,urban,persistence
2023-04-20 18:00:00+00:00,1,18.676,17.055,AT,AKC,urban,persistence
2023-04-20 19:00:00+00:00,1,20.055,18.676,AT,AKC,urban,persistence
2023-04-20 20:00:00+00:00,1,18.751,20.055,AT,AKC,urban,persistence
2023-04-20 21:00:00+00:00,1,18.7735,18.751,AT,AKC,urban,persistence
2023-04-20 22:00:00+00:00,1,18.0105,18.7735,AT,AKC,urban,persistence
2023-04-20 23:00:00+00:00,1,18.1505,18.0105,AT,AKC,urban,persistence
2023-04-21 00:00:00+00:00,1,18.7315,18.1505,AT,AKC,urban,persistence
2023-04-21 01:00:00+00:00,1,19.3975,18.7315,AT,AKC,urban,persistence
2023-04-21 02:00:00+00:00,1,19.9415,19.3975,AT,AKC,urban,persistence
2023-04-21 03:00:00+00:00,1,21.1385,19.9415,AT,AKC,urban,persistence
2023-04-21 04:00:00+00:00,1,23.3085,21.1385,AT,AKC,urban,persistence
2023-04-21 05:00:00+00:00,1,24.0385,23.3085,AT,AKC,urban,persistence
2023-04-21 06:00:00+00:00,1,17.903,24.0385,AT,AKC,urban,persistence
2023-04-21 07:00:00+00:00,1,15.082,17.903,AT,AKC,urban,persistence
2023-04-21 08:00:00+00:00,1,12.8365,15.082,AT,AKC,urban,persistence
2023-04-21 09:00:00+00:00,1,11.2735,12.8365,AT,AKC,urban,persistence
2023-04-21 10:00:00+00:00,1,9.79465,11.2735,AT,AKC,urban,persistence
2023-04-21 11:00:00+00:00,1,9.687649,9.79465,AT,AKC,urban,persistence
2023-04-21 12:00:00+00:00,1,9.04775,9.687649,AT,AKC,urban,persistence
2023-04-21 13:00:00+00:00,1,9.45825,9.04775,AT,AKC,urban,persistence
2023-04-21 14:00:00+00:00,1,9.99385,9.45825,AT,AKC,urban,persistence
2023-04-21 15:00:00+00:00,1,10.352,9.99385,AT,AKC,urban,persistence
2023-04-21 16:00:00+00:00,1,11.0545,10.352,AT,AKC,urban,persistence
2023-04-21 17:00:00+00:00,1,12.784,11.0545,AT,AKC,urban,persistence
2023-04-21 18:00:00+00:00,1,15.808,12.784,AT,AKC,urban,persistence
2023-04-21 19:00:00+00:00,1,16.626,15.808,AT,AKC,urban,persistence
2023-04-21 20:00:00+00:00,1,18.0685,16.626,AT,AKC,urban,persistence
2023-04-21 21:00:00+00:00,1,15.3035,18.0685,AT,AKC,urban,persistence
2023-04-21 22:00:00+00:00,1,13.6755,15.3035,AT,AKC,urban,persistence
2023-04-21 23:00:00+00:00,1,13.3775,13.6755,AT,AKC,urban,persistence
2023-04-22 00:00:00+00:00,1,14.471,13.3775,AT,AKC,urban,persistence
2023-04-22 01:00:00+00:00,1,16.477,14.471,AT,AKC,urban,persistence
2023-04-22 02:00:00+00:00,1,17.5555,16.477,AT,AKC,urban,persistence
2023-04-22 03:00:00+00:00,1,17.382,17.5555,AT,AKC,urban,persistence
2023-04-22 04:00:00+00:00,1,20.592,17.382,AT,AKC,urban,persistence
2023-04-22 05:00:00+00:00,1,20.8755,20.592,AT,AKC,urban,persistence
2023-04-22 06:00:00+00:00,1,18.59,20.8755,AT,AKC,urban,persistence
2023-04-22 07:00:00+00:00,1,17.234,18.59,AT,AKC,urban,persistence
2023-04-22 08:00:00+00:00,1,11.472,17.234,AT,AKC,urban,persistence
2023-04-22 09:00:00+00:00,1,9.59625,11.472,AT,AKC,urban,persistence
2023-04-22 10:00:00+00:00,1,8.476299,9.59625,AT,AKC,urban,persistence
2023-04-22 11:00:00+00:00,1,7.816599,8.476299,AT,AKC,urban,persistence
2023-04-22 12:00:00+00:00,1,7.240799,7.816599,AT,AKC,urban,persistence
2023-04-22 13:00:00+00:00,1,7.6416,7.240799,AT,AKC,urban,persistence
2023-04-22 14:00:00+00:00,1,7.774549,7.6416,AT,AKC,urban,persistence
2023-04-22 15:00:00+00:00,1,8.014599,7.774549,AT,AKC,urban,persistence
2023-04-22 16:00:00+00:00,1,8.666399,8.014599,AT,AKC,urban,persistence
2023-04-22 17:00:00+00:00,1,9.7145,8.666399,AT,AKC,urban,persistence
2023-04-22 18:00:00+00:00,1,10.2385,9.7145,AT,AKC,urban,persistence
2023-04-22 19:00:00+00:00,1,10.4165,10.2385,AT,AKC,urban,persistence
2023-04-22 20:00:00+00:00,1,10.7925,10.4165,AT,AKC,urban,persistence
2023-04-22 21:00:00+00:00,1,11.085,10.7925,AT,AKC,urban,persistence
2023-04-22 22:00:00+00:00,1,10.7075,11.085,AT,AKC,urban,persistence
2023-04-22 23:00:00+00:00,1,10.519,10.7075,AT,AKC,urban,persistence
2023-04-23 00:00:00+00:00,1,10.887,10.519,AT,AKC,urban,persistence
2023-04-23 01:00:00+00:00,1,11.788,10.887,AT,AKC,urban,persistence
2023-04-23 02:00:00+00:00,1,11.714,11.788,AT,AKC,urban,persistence
2023-04-23 03:00:00+00:00,1,12.603,11.714,AT,AKC,urban,persistence
2023-04-23 04:00:00+00:00,1,15.442,12.603,AT,AKC,urban,persistence
2023-04-23 05:00:00+00:00,1,16.414,15.442,AT,AKC,urban,persistence
2023-04-23 06:00:00+00:00,1,15.58,16.414,AT,AKC,urban,persistence
2023-04-23 07:00:00+00:00,1,13.471,15.58,AT,AKC,urban,persistence
2023-04-23 08:00:00+00:00,1,11.4805,13.471,AT,AKC,urban,persistence
2023-04-23 09:00:00+00:00,1,8.68885,11.4805,AT,AKC,urban,persistence
2023-04-23 10:00:00+00:00,1,7.84025,8.68885,AT,AKC,urban,persistence
2023-04-23 11:00:00+00:00,1,7.566349,7.84025,AT,AKC,urban,persistence
2023-04-23 12:00:00+00:00,1,6.90665,7.566349,AT,AKC,urban,persistence
2023-04-23 13:00:00+00:00,1,7.545499,6.90665,AT,AKC,urban,persistence
2023-04-23 14:00:00+00:00,1,7.742599,7.545499,AT,AKC,urban,persistence
2023-04-23 15:00:00+00:00,1,8.138099,7.742599,AT,AKC,urban,persistence
2023-04-23 16:00:00+00:00,1,5.92885,8.138099,AT,AKC,urban,persistence
2023-04-23 17:00:00+00:00,1,4.16975,5.92885,AT,AKC,urban,persistence
2023-04-23 18:00:00+00:00,1,5.138949,4.16975,AT,AKC,urban,persistence
2023-04-23 19:00:00+00:00,1,5.646149,5.138949,AT,AKC,urban,persistence
2023-04-23 20:00:00+00:00,1,7.372949,5.646149,AT,AKC,urban,persistence
2023-04-23 21:00:00+00:00,1,7.765249,7.372949,AT,AKC,urban,persistence
2023-04-23 22:00:00+00:00,1,8.404199,7.765249,AT,AKC,urban,persistence
2023-04-23 23:00:00+00:00,1,8.284349,8.404199,AT,AKC,urban,persistence
2023-04-24 00:00:00+00:00,1,9.1552,8.284349,AT,AKC,urban,persistence
2023-04-24 01:00:00+00:00,1,7.11985,9.1552,AT,AKC,urban,persistence
2023-04-24 02:00:00+00:00,1,5.7255,7.11985,AT,AKC,urban,persistence
2023-04-24 03:00:00+00:00,1,5.63975,5.7255,AT,AKC,urban,persistence
2023-04-24 04:00:00+00:00,1,5.5836,5.63975,AT,AKC,urban,persistence
2023-04-24 05:00:00+00:00,1,6.279,5.5836,AT,AKC,urban,persistence
2023-04-24 06:00:00+00:00,1,4.811749,6.279,AT,AKC,urban,persistence
2023-04-24 07:00:00+00:00,1,4.4071,4.811749,AT,AKC,urban,persistence
2023-04-24 08:00:00+00:00,1,2.66345,4.4071,AT,AKC,urban,persistence
2023-04-24 09:00:00+00:00,1,2.47965,2.66345,AT,AKC,urban,persistence
2023-04-24 10:00:00+00:00,1,2.761149,2.47965,AT,AKC,urban,persistence
2023-04-24 11:00:00+00:00,1,3.415699,2.761149,AT,AKC,urban,persistence
2023-04-24 12:00:00+00:00,1,3.3652,3.415699,AT,AKC,urban,persistence
2023-04-24 13:00:00+00:00,1,3.1092,3.3652,AT,AKC,urban,persistence
2023-04-24 14:00:00+00:00,1,2.7044,3.1092,AT,AKC,urban,persistence
2023-04-24 15:00:00+00:00,1,2.202099,2.7044,AT,AKC,urban,persistence
2023-04-24 16:00:00+00:00,1,3.061399,2.202099,AT,AKC,urban,persistence
2023-04-24 17:00:00+00:00,1,3.014349,3.061399,AT,AKC,urban,persistence
2023-04-24 18:00:00+00:00,1,3.26095,3.014349,AT,AKC,urban,persistence
2023-04-24 19:00:00+00:00,1,3.4602,3.26095,AT,AKC,urban,persistence
2023-04-24 20:00:00+00:00,1,3.7424,3.4602,AT,AKC,urban,persistence
2023-04-24 21:00:00+00:00,1,3.658699,3.7424,AT,AKC,urban,persistence
2023-04-24 22:00:00+00:00,1,3.8391,3.658699,AT,AKC,urban,persistence
2023-04-24 23:00:00+00:00,1,3.886349,3.8391,AT,AKC,urban,persistence
2023-04-25 00:00:00+00:00,1,4.287849,3.886349,AT,AKC,urban,persistence
2023-04-25 01:00:00+00:00,1,4.707949,4.287849,AT,AKC,urban,persistence
2023-04-25 02:00:00+00:00,1,5.3171,4.707949,AT,AKC,urban,persistence
2023-04-25 03:00:00+00:00,1,5.528949,5.3171,AT,AKC,urban,persistence
2023-04-25 04:00:00+00:00,1,6.38545,5.528949,AT,AKC,urban,persistence
2023-04-25 05:00:00+00:00,1,6.123849,6.38545,AT,AKC,urban,persistence
2023-04-25 06:00:00+00:00,1,6.302499,6.123849,AT,AKC,urban,persistence
2023-04-25 07:00:00+00:00,1,7.5453,6.302499,AT,AKC,urban,persistence
2023-04-25 08:00:00+00:00,1,6.477799,7.5453,AT,AKC,urban,persistence
2023-04-25 09:00:00+00:00,1,4.31785,6.477799,AT,AKC,urban,persistence
2023-04-25 10:00:00+00:00,1,5.65015,4.31785,AT,AKC,urban,persistence
2023-04-25 11:00:00+00:00,1,4.17005,5.65015,AT,AKC,urban,persistence
2023-04-25 12:00:00+00:00,1,4.2959,4.17005,AT,AKC,urban,persistence
2023-04-25 13:00:00+00:00,1,3.8245,4.2959,AT,AKC,urban,persistence
2023-04-25 14:00:00+00:00,1,3.286399,3.8245,AT,AKC,urban,persistence
2023-04-25 15:00:00+00:00,1,2.431449,3.286399,AT,AKC,urban,persistence
2023-04-25 16:00:00+00:00,1,2.663849,2.431449,AT,AKC,urban,persistence
2023-04-25 17:00:00+00:00,1,2.403699,2.663849,AT,AKC,urban,persistence
2023-04-25 18:00:00+00:00,1,2.382599,2.403699,AT,AKC,urban,persistence
2023-04-25 19:00:00+00:00,1,2.858299,2.382599,AT,AKC,urban,persistence
2023-04-25 20:00:00+00:00,1,3.305249,2.858299,AT,AKC,urban,persistence
2023-04-25 21:00:00+00:00,1,5.18865,3.305249,AT,AKC,urban,persistence
2023-04-25 22:00:00+00:00,1,7.5081,5.18865,AT,AKC,urban,persistence
2023-04-25 23:00:00+00:00,1,9.512,7.5081,AT,AKC,urban,persistence
2023-04-26 00:00:00+00:00,1,8.74085,9.512,AT,AKC,urban,persistence
2023-04-26 01:00:00+00:00,1,7.8044,8.74085,AT,AKC,urban,persistence
2023-04-26 02:00:00+00:00,1,7.12515,7.8044,AT,AKC,urban,persistence
2023-04-26 03:00:00+00:00,1,7.69375,7.12515,AT,AKC,urban,persistence
2023-04-26 04:00:00+00:00,1,7.673399,7.69375,AT,AKC,urban,persistence
2023-04-26 05:00:00+00:00,1,7.578299,7.673399,AT,AKC,urban,persistence
2023-04-26 06:00:00+00:00,1,7.430999,7.578299,AT,AKC,urban,persistence
2023-04-26 07:00:00+00:00,1,7.20565,7.430999,AT,AKC,urban,persistence
2023-04-26 08:00:00+00:00,1,6.572299,7.20565,AT,AKC,urban,persistence
2023-04-26 09:00:00+00:00,1,7.0454,6.572299,AT,AKC,urban,persistence
2023-04-26 10:00:00+00:00,1,6.736,7.0454,AT,AKC,urban,persistence
2023-04-26 11:00:00+00:00,1,5.23325,6.736,AT,AKC,urban,persistence
2023-04-26 12:00:00+00:00,1,4.862199,5.23325,AT,AKC,urban,persistence
2023-04-26 13:00:00+00:00,1,4.65285,4.862199,AT,AKC,urban,persistence
2023-04-26 14:00:00+00:00,1,4.747799,4.65285,AT,AKC,urban,persistence
2023-04-26 15:00:00+00:00,1,4.8315,4.747799,AT,AKC,urban,persistence
2023-04-26 16:00:00+00:00,1,5.650349,4.8315,AT,AKC,urban,persistence
2023-04-26 17:00:00+00:00,1,6.807399,5.650349,AT,AKC,urban,persistence
2023-04-26 18:00:00+00:00,1,7.656849,6.807399,AT,AKC,urban,persistence
2023-04-26 19:00:00+00:00,1,7.802949,7.656849,AT,AKC,urban,persistence
2023-04-26 20:00:00+00:00,1,7.2603,7.802949,AT,AKC,urban,persistence
2023-04-26 21:00:00+00:00,1,7.10245,7.2603,AT,AKC,urban,persistence
2023-04-26 22:00:00+00:00,1,7.2167,7.10245,AT,AKC,urban,persistence
2023-04-26 23:00:00+00:00,1,6.65365,7.2167,AT,AKC,urban,persistence
2023-04-27 00:00:00+00:00,1,6.500199,6.65365,AT,AKC,urban,persistence
2023-04-27 01:00:00+00:00,1,6.406,6.500199,AT,AKC,urban,persistence
2023-04-27 02:00:00+00:00,1,7.360849,6.406,AT,AKC,urban,persistence
2023-04-27 03:00:00+00:00,1,8.569399,7.360849,AT,AKC,urban,persistence
2023-04-27 04:00:00+00:00,1,9.347999,8.569399,AT,AKC,urban,persistence
2023-04-27 05:00:00+00:00,1,9.931299,9.347999,AT,AKC,urban,persistence
2023-04-27 06:00:00+00:00,1,9.76555,9.931299,AT,AKC,urban,persistence
2023-04-27 07:00:00+00:00,1,10.201,9.76555,AT,AKC,urban,persistence
2023-04-27 08:00:00+00:00,1,10.23425,10.201,AT,AKC,urban,persistence
2023-04-27 09:00:00+00:00,1,9.76835,10.23425,AT,AKC,urban,persistence
2023-04-27 10:00:00+00:00,1,10.5965,9.76835,AT,AKC,urban,persistence
2023-04-27 11:00:00+00:00,1,10.73,10.5965,AT,AKC,urban,persistence
2023-04-27 12:00:00+00:00,1,8.502949,10.73,AT,AKC,urban,persistence
2023-04-27 13:00:00+00:00,1,6.892299,8.502949,AT,AKC,urban,persistence
2023-04-27 14:00:00+00:00,1,6.5945,6.892299,AT,AKC,urban,persistence
2023-04-27 15:00:00+00:00,1,6.375699,6.5945,AT,AKC,urban,persistence
2023-04-27 16:00:00+00:00,1,6.876599,6.375699,AT,AKC,urban,persistence
2023-04-27 17:00:00+00:00,1,8.571399,6.876599,AT,AKC,urban,persistence
2023-04-27 18:00:00+00:00,1,9.543149,8.571399,AT,AKC,urban,persistence
2023-04-27 19:00:00+00:00,1,9.55055,9.543149,AT,AKC,urban,persistence
2023-04-27 20:00:00+00:00,1,11.328,9.55055,AT,AKC,urban,persistence
2023-04-27 21:00:00+00:00,1,10.7595,11.328,AT,AKC,urban,persistence
2023-04-27 22:00:00+00:00,1,11.548,10.7595,AT,AKC,urban,persistence
2023-04-27 23:00:00+00:00,1,11.407,11.548,AT,AKC,urban,persistence
2023-04-28 00:00:00+00:00,1,10.765,11.407,AT,AKC,urban,persistence
2023-04-28 01:00:00+00:00,1,11.6755,10.765,AT,AKC,urban,persistence
2023-04-28 02:00:00+00:00,1,12.904,11.6755,AT,AKC,urban,persistence
2023-04-28 03:00:00+00:00,1,13.5005,12.904,AT,AKC,urban,persistence
2023-04-28 04:00:00+00:00,1,14.4195,13.5005,AT,AKC,urban,persistence
2023-04-28 05:00:00+00:00,1,13.588,14.4195,AT,AKC,urban,persistence
2023-04-28 06:00:00+00:00,1,12.301,13.588,AT,AKC,urban,persistence
2023-04-28 07:00:00+00:00,1,10.32805,12.301,AT,AKC,urban,persistence
2023-04-28 08:00:00+00:00,1,9.772999,10.32805,AT,AKC,urban,persistence
2023-04-28 09:00:00+00:00,1,9.5297,9.772999,AT,AKC,urban,persistence
2023-04-28 10:00:00+00:00,1,7.636699,9.5297,AT,AKC,urban,persistence
2023-04-28 11:00:00+00:00,1,8.455299,7.636699,AT,AKC,urban,persistence
2023-04-28 12:00:00+00:00,1,8.007949,8.455299,AT,AKC,urban,persistence
2023-04-28 13:00:00+00:00,1,8.339449,8.007949,AT,AKC,urban,persistence
2023-04-28 14:00:00+00:00,1,9.354249,8.339449,AT,AKC,urban,persistence
2023-04-28 15:00:00+00:00,1,10.593,9.354249,AT,AKC,urban,persistence
2023-04-28 16:00:00+00:00,1,11.5605,10.593,AT,AKC,urban,persistence
2023-04-28 17:00:00+00:00,1,12.1045,11.5605,AT,AKC,urban,persistence
2023-04-28 18:00:00+00:00,1,14.42,12.1045,AT,AKC,urban,persistence
2023-04-28 19:00:00+00:00,1,14.4195,14.42,AT,AKC,urban,persistence
2023-04-28 20:00:00+00:00,1,15.2775,14.4195,AT,AKC,urban,persistence
2023-04-28 21:00:00+00:00,1,15.8805,15.2775,AT,AKC,urban,persistence
2023-04-28 22:00:00+00:00,1,15.844,15.8805,AT,AKC,urban,persistence
2023-04-28 23:00:00+00:00,1,17.223,15.844,AT,AKC,urban,persistence
2023-04-29 00:00:00+00:00,1,15.9685,17.223,AT,AKC,urban,persistence
2023-04-29 01:00:00+00:00,1,18.609,15.9685,AT,AKC,urban,persistence
2023-04-29 02:00:00+00:00,1,17.1,18.609,AT,AKC,urban,persistence
2023-04-29 03:00:00+00:00,1,16.4695,17.1,AT,AKC,urban,persistence
2023-04-29 04:00:00+00:00,1,16.991,16.4695,AT,AKC,urban,persistence
2023-04-29 05:00:00+00:00,1,15.3615,16.991,AT,AKC,urban,persistence
2023-04-29 06:00:00+00:00,1,13.1255,15.3615,AT,AKC,urban,persistence
2023-04-29 07:00:00+00:00,1,9.42595,13.1255,AT,AKC,urban,persistence
2023-04-29 08:00:00+00:00,1,6.011799,9.42595,AT,AKC,urban,persistence
2023-04-29 09:00:00+00:00,1,6.3895,6.011799,AT,AKC,urban,persistence
2023-04-29 10:00:00+00:00,1,12.968,6.3895,AT,AKC,urban,persistence
2023-04-29 11:00:00+00:00,1,10.4085,12.968,AT,AKC,urban,persistence
2023-04-29 12:00:00+00:00,1,7.07105,10.4085,AT,AKC,urban,persistence
2023-04-29 13:00:00+00:00,1,4.51585,7.07105,AT,AKC,urban,persistence
2023-04-29 14:00:00+00:00,1,3.52555,4.51585,AT,AKC,urban,persistence
2023-04-29 15:00:00+00:00,1,4.06955,3.52555,AT,AKC,urban,persistence
2023-04-29 16:00:00+00:00,1,6.0339,4.06955,AT,AKC,urban,persistence
2023-04-29 17:00:00+00:00,1,5.621049,6.0339,AT,AKC,urban,persistence
2023-04-29 18:00:00+00:00,1,7.0071,5.621049,AT,AKC,urban,persistence
2023-04-29 19:00:00+00:00,1,6.52785,7.0071,AT,AKC,urban,persistence
2023-04-29 20:00:00+00:00,1,5.745049,6.52785,AT,AKC,urban,persistence
2023-04-29 21:00:00+00:00,1,6.958849,5.745049,AT,AKC,urban,persistence
2023-04-29 22:00:00+00:00,1,8.110699,6.958849,AT,AKC,urban,persistence
2023-04-29 23:00:00+00:00,1,7.760299,8.110699,AT,AKC,urban,persistence
2023-04-30 00:00:00+00:00,1,9.022199,7.760299,AT,AKC,urban,persistence
2023-04-30 01:00:00+00:00,1,11.68,9.022199,AT,AKC,urban,persistence
2023-04-30 02:00:00+00:00,1,12.5125,11.68,AT,AKC,urban,persistence
2023-04-30 03:00:00+00:00,1,11.659,12.5125,AT,AKC,urban,persistence
2023-04-30 04:00:00+00:00,1,11.878,11.659,AT,AKC,urban,persistence
2023-04-30 05:00:00+00:00,1,11.4135,11.878,AT,AKC,urban,persistence
2023-04-30 06:00:00+00:00,1,10.652,11.4135,AT,AKC,urban,persistence
2023-04-30 07:00:00+00:00,1,10.355,10.652,AT,AKC,urban,persistence
2023-04-30 08:00:00+00:00,1,10.468,10.355,AT,AKC,urban,persistence
2023-04-30 09:00:00+00:00,1,10.6215,10.468,AT,AKC,urban,persistence
2023-04-30 10:00:00+00:00,1,11.6525,10.6215,AT,AKC,urban,persistence
2023-04-30 11:00:00+00:00,1,11.047,11.6525,AT,AKC,urban,persistence
2023-04-30 12:00:00+00:00,1,9.9398,11.047,AT,AKC,urban,persistence
2023-04-30 13:00:00+00:00,1,9.055099,9.9398,AT,AKC,urban,persistence
2023-04-30 14:00:00+00:00,1,8.36655,9.055099,AT,AKC,urban,persistence
2023-04-30 15:00:00+00:00,1,8.6968,8.36655,AT,AKC,urban,persistence
2023-04-30 16:00:00+00:00,1,8.7739,8.6968,AT,AKC,urban,persistence
2023-04-30 17:00:00+00:00,1,8.975649,8.7739,AT,AKC,urban,persistence
2023-04-30 18:00:00+00:00,1,10.598,8.975649,AT,AKC,urban,persistence
2023-04-30 19:00:00+00:00,1,11.419,10.598,AT,AKC,urban,persistence
2023-04-30 20:00:00+00:00,1,8.5557,11.419,AT,AKC,urban,persistence
2023-04-30 21:00:00+00:00,1,8.429599,8.5557,AT,AKC,urban,persistence
2023-04-30 22:00:00+00:00,1,8.4771,8.429599,AT,AKC,urban,persistence
2023-04-30 23:00:00+00:00,1,8.00715,8.4771,AT,AKC,urban,persistence
2023-05-01 00:00:00+00:00,1,7.88825,8.00715,AT,AKC,urban,persistence
2023-05-01 01:00:00+00:00,1,7.899399,7.88825,AT,AKC,urban,persistence
2023-05-01 02:00:00+00:00,1,8.579899,7.899399,AT,AKC,urban,persistence
2023-05-01 03:00:00+00:00,1,8.308199,8.579899,AT,AKC,urban,persistence
2023-05-01 04:00:00+00:00,1,9.038749,8.308199,AT,AKC,urban,persistence
2023-05-01 05:00:00+00:00,1,9.885399,9.038749,AT,AKC,urban,persistence
2023-05-01 06:00:00+00:00,1,11.107,9.885399,AT,AKC,urban,persistence
2023-05-01 07:00:00+00:00,1,12.0815,11.107,AT,AKC,urban,persistence
2023-05-01 08:00:00+00:00,1,9.850599,12.0815,AT,AKC,urban,persistence
2023-05-01 09:00:00+00:00,1,9.165349,9.850599,AT,AKC,urban,persistence
2023-05-01 10:00:00+00:00,1,7.738949,9.165349,AT,AKC,urban,persistence
2023-05-01 11:00:00+00:00,1,6.297149,7.738949,AT,AKC,urban,persistence
2023-05-01 12:00:00+00:00,1,5.9944,6.297149,AT,AKC,urban,persistence
2023-05-01 13:00:00+00:00,1,5.735599,5.9944,AT,AKC,urban,persistence
2023-05-01 14:00:00+00:00,1,5.625599,5.735599,AT,AKC,urban,persistence
2023-05-01 15:00:00+00:00,1,5.847849,5.625599,AT,AKC,urban,persistence
2023-05-01 16:00:00+00:00,1,6.227999,5.847849,AT,AKC,urban,persistence
2023-05-01 17:00:00+00:00,1,6.67745,6.227999,AT,AKC,urban,persistence
2023-05-01 18:00:00+00:00,1,6.88265,6.67745,AT,AKC,urban,persistence
2023-05-01 19:00:00+00:00,1,7.5651,6.88265,AT,AKC,urban,persistence
2023-05-01 20:00:00+00:00,1,7.7529,7.5651,AT,AKC,urban,persistence
2023-05-01 21:00:00+00:00,1,7.509349,7.7529,AT,AKC,urban,persistence
2023-05-01 22:00:00+00:00,1,8.13895,7.509349,AT,AKC,urban,persistence
2023-05-01 23:00:00+00:00,1,8.884599,8.13895,AT,AKC,urban,persistence
2023-05-02 00:00:00+00:00,1,11.5725,8.884599,AT,AKC,urban,persistence
2023-05-02 01:00:00+00:00,1,9.621049,11.5725,AT,AKC,urban,persistence
2023-05-02 02:00:00+00:00,1,10.8435,9.621049,AT,AKC,urban,persistence
2023-05-02 03:00:00+00:00,1,12.122,10.8435,AT,AKC,urban,persistence
2023-05-02 04:00:00+00:00,1,12.6525,12.122,AT,AKC,urban,persistence
2023-05-02 05:00:00+00:00,1,12.6535,12.6525,AT,AKC,urban,persistence
2023-05-02 06:00:00+00:00,1,11.6005,12.6535,AT,AKC,urban,persistence
2023-05-02 07:00:00+00:00,1,11.4275,11.6005,AT,AKC,urban,persistence
2023-05-02 08:00:00+00:00,1,9.615449,11.4275,AT,AKC,urban,persistence
2023-05-02 09:00:00+00:00,1,10.13775,9.615449,AT,AKC,urban,persistence
2023-05-02 10:00:00+00:00,1,11.1855,10.13775,AT,AKC,urban,persistence
2023-05-02 11:00:00+00:00,1,12.039,11.1855,AT,AKC,urban,persistence
2023-05-02 12:00:00+00:00,1,13.511,12.039,AT,AKC,urban,persistence
2023-05-02 13:00:00+00:00,1,14.292,13.511,AT,AKC,urban,persistence
2023-05-02 14:00:00+00:00,1,13.757,14.292,AT,AKC,urban,persistence
2023-05-02 15:00:00+00:00,1,14.25,13.757,AT,AKC,urban,persistence
2023-05-02 16:00:00+00:00,1,14.486,14.25,AT,AKC,urban,persistence
2023-05-02 17:00:00+00:00,1,10.9665,14.486,AT,AKC,urban,persistence
2023-05-02 18:00:00+00:00,1,12.4975,10.9665,AT,AKC,urban,persistence
2023-05-02 19:00:00+00:00,1,12.629,12.4975,AT,AKC,urban,persistence
2023-05-02 20:00:00+00:00,1,13.1225,12.629,AT,AKC,urban,persistence
2023-05-02 21:00:00+00:00,1,11.418,13.1225,AT,AKC,urban,persistence
2023-05-02 22:00:00+00:00,1,11.578,11.418,AT,AKC,urban,persistence
2023-05-02 23:00:00+00:00,1,11.832,11.578,AT,AKC,urban,persistence
2023-05-03 00:00:00+00:00,1,12.614,11.832,AT,AKC,urban,persistence
2023-05-03 01:00:00+00:00,1,12.437,12.614,AT,AKC,urban,persistence
2023-05-03 02:00:00+00:00,1,12.1995,12.437,AT,AKC,urban,persistence
2023-05-03 03:00:00+00:00,1,14.0015,12.1995,AT,AKC,urban,persistence
2023-05-03 04:00:00+00:00,1,13.7675,14.0015,AT,AKC,urban,persistence
2023-05-03 05:00:00+00:00,1,12.9155,13.7675,AT,AKC,urban,persistence
2023-05-03 06:00:00+00:00,1,13.38,12.9155,AT,AKC,urban,persistence
2023-05-03 07:00:00+00:00,1,12.7675,13.38,AT,AKC,urban,persistence
2023-05-03 08:00:00+00:00,1,11.9135,12.7675,AT,AKC,urban,persistence
2023-05-03 09:00:00+00:00,1,10.856,11.9135,AT,AKC,urban,persistence
2023-05-03 10:00:00+00:00,1,9.3971,10.856,AT,AKC,urban,persistence
2023-05-03 11:00:00+00:00,1,10.1835,9.3971,AT,AKC,urban,persistence
2023-05-03 12:00:00+00:00,1,9.258449,10.1835,AT,AKC,urban,persistence
2023-05-03 13:00:00+00:00,1,9.0025,9.258449,AT,AKC,urban,persistence
2023-05-03 14:00:00+00:00,1,9.64875,9.0025,AT,AKC,urban,persistence
2023-05-03 15:00:00+00:00,1,10.067,9.64875,AT,AKC,urban,persistence
2023-05-03 16:00:00+00:00,1,9.825149,10.067,AT,AKC,urban,persistence
2023-05-03 17:00:00+00:00,1,10.844,9.825149,AT,AKC,urban,persistence
2023-05-03 18:00:00+00:00,1,11.911,10.844,AT,AKC,urban,persistence
2023-05-03 19:00:00+00:00,1,13.491,11.911,AT,AKC,urban,persistence
2023-05-03 20:00:00+00:00,1,15.668,13.491,AT,AKC,urban,persistence
2023-05-03 21:00:00+00:00,1,14.408,15.668,AT,AKC,urban,persistence
2023-05-03 22:00:00+00:00,1,12.594,14.408,AT,AKC,urban,persistence
2023-05-03 23:00:00+00:00,1,10.8475,12.594,AT,AKC,urban,persistence
2023-05-04 00:00:00+00:00,1,10.3305,10.8475,AT,AKC,urban,persistence
2023-05-04 01:00:00+00:00,1,9.965999,10.3305,AT,AKC,urban,persistence
2023-05-04 02:00:00+00:00,1,9.45475,9.965999,AT,AKC,urban,persistence
2023-05-04 03:00:00+00:00,1,9.866049,9.45475,AT,AKC,urban,persistence
2023-05-04 04:00:00+00:00,1,10.0236,9.866049,AT,AKC,urban,persistence
2023-05-04 05:00:00+00:00,1,10.449,10.0236,AT,AKC,urban,persistence
2023-05-04 06:00:00+00:00,1,9.84035,10.449,AT,AKC,urban,persistence
2023-05-04 07:00:00+00:00,1,10.561,9.84035,AT,AKC,urban,persistence
2023-05-04 08:00:00+00:00,1,9.3231,10.561,AT,AKC,urban,persistence
2023-05-04 09:00:00+00:00,1,7.8873,9.3231,AT,AKC,urban,persistence
2023-05-04 10:00:00+00:00,1,6.644749,7.8873,AT,AKC,urban,persistence
2023-05-04 11:00:00+00:00,1,5.852999,6.644749,AT,AKC,urban,persistence
2023-05-04 12:00:00+00:00,1,5.883099,5.852999,AT,AKC,urban,persistence
2023-05-04 13:00:00+00:00,1,6.26655,5.883099,AT,AKC,urban,persistence
2023-05-04 14:00:00+00:00,1,6.151649,6.26655,AT,AKC,urban,persistence
2023-05-04 15:00:00+00:00,1,6.1538,6.151649,AT,AKC,urban,persistence
2023-05-04 16:00:00+00:00,1,6.0527,6.1538,AT,AKC,urban,persistence
2023-05-04 17:00:00+00:00,1,6.60435,6.0527,AT,AKC,urban,persistence
2023-05-04 18:00:00+00:00,1,7.832399,6.60435,AT,AKC,urban,persistence
2023-05-04 19:00:00+00:00,1,7.2193,7.832399,AT,AKC,urban,persistence
2023-05-04 20:00:00+00:00,1,7.12615,7.2193,AT,AKC,urban,persistence
2023-05-04 21:00:00+00:00,1,7.16855,7.12615,AT,AKC,urban,persistence
2023-05-04 22:00:00+00:00,1,7.3894,7.16855,AT,AKC,urban,persistence
2023-05-04 23:00:00+00:00,1,8.2206,7.3894,AT,AKC,urban,persistence
2023-05-05 00:00:00+00:00,1,7.9327,8.2206,AT,AKC,urban,persistence
2023-05-05 01:00:00+00:00,1,8.763349,7.9327,AT,AKC,urban,persistence
2023-05-05 02:00:00+00:00,1,10.034,8.763349,AT,AKC,urban,persistence
2023-05-05 03:00:00+00:00,1,11.6925,10.034,AT,AKC,urban,persistence
2023-05-05 04:00:00+00:00,1,13.2975,11.6925,AT,AKC,urban,persistence
2023-05-05 05:00:00+00:00,1,14.2225,13.2975,AT,AKC,urban,persistence
2023-05-05 06:00:00+00:00,1,15.25,14.2225,AT,AKC,urban,persistence
2023-05-05 07:00:00+00:00,1,16.025,15.25,AT,AKC,urban,persistence
2023-05-05 08:00:00+00:00,1,15.736,16.025,AT,AKC,urban,persistence
2023-05-05 09:00:00+00:00,1,15.9595,15.736,AT,AKC,urban,persistence
2023-05-05 10:00:00+00:00,1,10.31725,15.9595,AT,AKC,urban,persistence
2023-05-05 11:00:00+00:00,1,7.5521,10.31725,AT,AKC,urban,persistence
2023-05-05 12:00:00+00:00,1,6.257849,7.5521,AT,AKC,urban,persistence
2023-05-05 13:00:00+00:00,1,6.3371,6.257849,AT,AKC,urban,persistence
2023-05-05 14:00:00+00:00,1,6.376249,6.3371,AT,AKC,urban,persistence
2023-05-05 15:00:00+00:00,1,5.662549,6.376249,AT,AKC,urban,persistence
2023-05-05 16:00:00+00:00,1,6.286499,5.662549,AT,AKC,urban,persistence
2023-05-05 17:00:00+00:00,1,7.94315,6.286499,AT,AKC,urban,persistence
2023-05-05 18:00:00+00:00,1,9.1338,7.94315,AT,AKC,urban,persistence
2023-05-05 19:00:00+00:00,1,10.0662,9.1338,AT,AKC,urban,persistence
2023-05-05 20:00:00+00:00,1,10.18865,10.0662,AT,AKC,urban,persistence
2023-05-05 21:00:00+00:00,1,12.1505,10.18865,AT,AKC,urban,persistence
2023-05-05 22:00:00+00:00,1,12.5945,12.1505,AT,AKC,urban,persistence
2023-05-05 23:00:00+00:00,1,12.2745,12.5945,AT,AKC,urban,persistence
2023-05-06 00:00:00+00:00,1,8.883399,12.2745,AT,AKC,urban,persistence
2023-05-06 01:00:00+00:00,1,2.758949,8.883399,AT,AKC,urban,persistence
2023-05-06 02:00:00+00:00,1,2.3436,2.758949,AT,AKC,urban,persistence
2023-05-06 03:00:00+00:00,1,2.492799,2.3436,AT,AKC,urban,persistence
2023-05-06 04:00:00+00:00,1,2.734899,2.492799,AT,AKC,urban,persistence
2023-05-06 05:00:00+00:00,1,3.214799,2.734899,AT,AKC,urban,persistence
2023-05-06 06:00:00+00:00,1,3.19635,3.214799,AT,AKC,urban,persistence
2023-05-06 07:00:00+00:00,1,3.975049,3.19635,AT,AKC,urban,persistence
2023-05-06 08:00:00+00:00,1,3.720649,3.975049,AT,AKC,urban,persistence
2023-05-06 09:00:00+00:00,1,3.8686,3.720649,AT,AKC,urban,persistence
2023-05-06 10:00:00+00:00,1,3.98705,3.8686,AT,AKC,urban,persistence
2023-05-06 11:00:00+00:00,1,3.888549,3.98705,AT,AKC,urban,persistence
2023-05-06 12:00:00+00:00,1,3.645199,3.888549,AT,AKC,urban,persistence
2023-05-06 13:00:00+00:00,1,3.05905,3.645199,AT,AKC,urban,persistence
2023-05-06 14:00:00+00:00,1,2.379199,3.05905,AT,AKC,urban,persistence
2023-05-06 15:00:00+00:00,1,3.015049,2.379199,AT,AKC,urban,persistence
2023-05-06 16:00:00+00:00,1,4.5169,3.015049,AT,AKC,urban,persistence
2023-05-06 17:00:00+00:00,1,4.85545,4.5169,AT,AKC,urban,persistence
2023-05-06 18:00:00+00:00,1,4.687749,4.85545,AT,AKC,urban,persistence
2023-05-06 19:00:00+00:00,1,3.7589,4.687749,AT,AKC,urban,persistence
2023-05-06 20:00:00+00:00,1,4.131299,3.7589,AT,AKC,urban,persistence
2023-05-06 21:00:00+00:00,1,4.951999,4.131299,AT,AKC,urban,persistence
2023-05-06 22:00:00+00:00,1,5.6111,4.951999,AT,AKC,urban,persistence
2023-05-06 23:00:00+00:00,1,5.500699,5.6111,AT,AKC,urban,persistence
2023-05-07 00:00:00+00:00,1,3.82905,5.500699,AT,AKC,urban,persistence
2023-05-07 01:00:00+00:00,1,4.6918,3.82905,AT,AKC,urban,persistence
2023-05-07 02:00:00+00:00,1,8.113149,4.6918,AT,AKC,urban,persistence
2023-05-07 03:00:00+00:00,1,13.616,8.113149,AT,AKC,urban,persistence
2023-05-07 04:00:00+00:00,1,17.7075,13.616,AT,AKC,urban,persistence
2023-05-07 05:00:00+00:00,1,18.699,17.7075,AT,AKC,urban,persistence
2023-05-07 06:00:00+00:00,1,18.297,18.699,AT,AKC,urban,persistence
2023-05-07 07:00:00+00:00,1,15.682,18.297,AT,AKC,urban,persistence
2023-05-07 08:00:00+00:00,1,12.825,15.682,AT,AKC,urban,persistence
2023-05-07 09:00:00+00:00,1,12.847,12.825,AT,AKC,urban,persistence
2023-05-07 10:00:00+00:00,1,11.0505,12.847,AT,AKC,urban,persistence
2023-05-07 11:00:00+00:00,1,10.156,11.0505,AT,AKC,urban,persistence
2023-05-07 12:00:00+00:00,1,8.672249,10.156,AT,AKC,urban,persistence
2023-05-07 13:00:00+00:00,1,7.876399,8.672249,AT,AKC,urban,persistence
2023-05-07 14:00:00+00:00,1,6.759949,7.876399,AT,AKC,urban,persistence
2023-05-07 15:00:00+00:00,1,7.380299,6.759949,AT,AKC,urban,persistence
2023-05-07 16:00:00+00:00,1,8.600149,7.380299,AT,AKC,urban,persistence
2023-05-07 17:00:00+00:00,1,8.541349,8.600149,AT,AKC,urban,persistence
2023-05-07 18:00:00+00:00,1,10.25455,8.541349,AT,AKC,urban,persistence
2023-05-07 19:00:00+00:00,1,14.4,10.25455,AT,AKC,urban,persistence
2023-05-07 20:00:00+00:00,1,16.6765,14.4,AT,AKC,urban,persistence
2023-05-07 21:00:00+00:00,1,15.9925,16.6765,AT,AKC,urban,persistence
2023-05-07 22:00:00+00:00,1,14.0355,15.9925,AT,AKC,urban,persistence
2023-05-07 23:00:00+00:00,1,12.19,14.0355,AT,AKC,urban,persistence
2023-05-08 00:00:00+00:00,1,12.274,12.19,AT,AKC,urban,persistence
2023-05-08 01:00:00+00:00,1,12.437,12.274,AT,AKC,urban,persistence
2023-05-08 02:00:00+00:00,1,11.1095,12.437,AT,AKC,urban,persistence
2023-05-08 03:00:00+00:00,1,11.473,11.1095,AT,AKC,urban,persistence
2023-05-08 04:00:00+00:00,1,9.9052,11.473,AT,AKC,urban,persistence
2023-05-08 05:00:00+00:00,1,9.339149,9.9052,AT,AKC,urban,persistence
2023-05-08 06:00:00+00:00,1,8.893449,9.339149,AT,AKC,urban,persistence
2023-05-08 07:00:00+00:00,1,8.784,8.893449,AT,AKC,urban,persistence
2023-05-08 08:00:00+00:00,1,8.7221,8.784,AT,AKC,urban,persistence
2023-05-08 09:00:00+00:00,1,8.406999,8.7221,AT,AKC,urban,persistence
2023-05-08 10:00:00+00:00,1,8.28025,8.406999,AT,AKC,urban,persistence
2023-05-08 11:00:00+00:00,1,7.8161,8.28025,AT,AKC,urban,persistence
2023-05-08 12:00:00+00:00,1,7.761199,7.8161,AT,AKC,urban,persistence
2023-05-08 13:00:00+00:00,1,6.997799,7.761199,AT,AKC,urban,persistence
2023-05-08 14:00:00+00:00,1,5.85465,6.997799,AT,AKC,urban,persistence
2023-05-08 15:00:00+00:00,1,5.724699,5.85465,AT,AKC,urban,persistence
2023-05-08 16:00:00+00:00,1,6.658949,5.724699,AT,AKC,urban,persistence
2023-05-08 17:00:00+00:00,1,7.430799,6.658949,AT,AKC,urban,persistence
2023-05-08 18:00:00+00:00,1,8.0564,7.430799,AT,AKC,urban,persistence
2023-05-08 19:00:00+00:00,1,8.0009,8.0564,AT,AKC,urban,persistence
2023-05-08 20:00:00+00:00,1,7.897999,8.0009,AT,AKC,urban,persistence
2023-05-08 21:00:00+00:00,1,8.147899,7.897999,AT,AKC,urban,persistence
2023-05-08 22:00:00+00:00,1,8.4475,8.147899,AT,AKC,urban,persistence
2023-05-08 23:00:00+00:00,1,8.62045,8.4475,AT,AKC,urban,persistence
2023-05-09 00:00:00+00:00,1,8.784799,8.62045,AT,AKC,urban,persistence
2023-05-09 01:00:00+00:00,1,8.930899,8.784799,AT,AKC,urban,persistence
2023-05-09 02:00:00+00:00,1,9.189899,8.930899,AT,AKC,urban,persistence
2023-05-09 03:00:00+00:00,1,9.603899,9.189899,AT,AKC,urban,persistence
2023-05-09 04:00:00+00:00,1,9.7297,9.603899,AT,AKC,urban,persistence
2023-05-09 05:00:00+00:00,1,8.588399,9.7297,AT,AKC,urban,persistence
2023-05-09 06:00:00+00:00,1,8.497799,8.588399,AT,AKC,urban,persistence
2023-05-09 07:00:00+00:00,1,8.9083,8.497799,AT,AKC,urban,persistence
2023-05-09 08:00:00+00:00,1,8.93165,8.9083,AT,AKC,urban,persistence
2023-05-09 09:00:00+00:00,1,9.124449,8.93165,AT,AKC,urban,persistence
2023-05-09 10:00:00+00:00,1,9.073799,9.124449,AT,AKC,urban,persistence
2023-05-09 11:00:00+00:00,1,7.8003,9.073799,AT,AKC,urban,persistence
2023-05-09 12:00:00+00:00,1,7.259699,7.8003,AT,AKC,urban,persistence
2023-05-09 13:00:00+00:00,1,6.364199,7.259699,AT,AKC,urban,persistence
2023-05-09 14:00:00+00:00,1,6.531599,6.364199,AT,AKC,urban,persistence
2023-05-09 15:00:00+00:00,1,6.0232,6.531599,AT,AKC,urban,persistence
2023-05-09 16:00:00+00:00,1,5.682849,6.0232,AT,AKC,urban,persistence
2023-05-09 17:00:00+00:00,1,5.89925,5.682849,AT,AKC,urban,persistence
2023-05-09 18:00:00+00:00,1,6.337299,5.89925,AT,AKC,urban,persistence
2023-05-09 19:00:00+00:00,1,6.4194,6.337299,AT,AKC,urban,persistence
2023-05-09 20:00:00+00:00,1,6.340199,6.4194,AT,AKC,urban,persistence
2023-05-09 21:00:00+00:00,1,6.561249,6.340199,AT,AKC,urban,persistence
2023-05-09 22:00:00+00:00,1,6.07665,6.561249,AT,AKC,urban,persistence
2023-05-09 23:00:00+00:00,1,5.862549,6.07665,AT,AKC,urban,persistence
2023-05-10 00:00:00+00:00,1,6.0107,5.862549,AT,AKC,urban,persistence
2023-05-10 01:00:00+00:00,1,6.37915,6.0107,AT,AKC,urban,persistence
2023-05-10 02:00:00+00:00,1,6.6132,6.37915,AT,AKC,urban,persistence
2023-05-10 03:00:00+00:00,1,7.1202,6.6132,AT,AKC,urban,persistence
2023-05-10 04:00:00+00:00,1,8.7016,7.1202,AT,AKC,urban,persistence
2023-05-10 05:00:00+00:00,1,8.2318,8.7016,AT,AKC,urban,persistence
2023-05-10 06:00:00+00:00,1,8.732199,8.2318,AT,AKC,urban,persistence
2023-05-10 07:00:00+00:00,1,9.16265,8.732199,AT,AKC,urban,persistence
2023-05-10 08:00:00+00:00,1,6.088,9.16265,AT,AKC,urban,persistence
2023-05-10 09:00:00+00:00,1,4.623799,6.088,AT,AKC,urban,persistence
2023-05-10 10:00:00+00:00,1,5.47335,4.623799,AT,AKC,urban,persistence
2023-05-10 11:00:00+00:00,1,5.010099,5.47335,AT,AKC,urban,persistence
2023-05-10 12:00:00+00:00,1,6.601799,5.010099,AT,AKC,urban,persistence
2023-05-10 13:00:00+00:00,1,5.89725,6.601799,AT,AKC,urban,persistence
2023-05-10 14:00:00+00:00,1,4.869199,5.89725,AT,AKC,urban,persistence
2023-05-10 15:00:00+00:00,1,5.35785,4.869199,AT,AKC,urban,persistence
2023-05-10 16:00:00+00:00,1,5.70195,5.35785,AT,AKC,urban,persistence
2023-05-10 17:00:00+00:00,1,5.8084,5.70195,AT,AKC,urban,persistence
2023-05-10 18:00:00+00:00,1,5.682199,5.8084,AT,AKC,urban,persistence
2023-05-10 19:00:00+00:00,1,5.922399,5.682199,AT,AKC,urban,persistence
2023-05-10 20:00:00+00:00,1,6.0253,5.922399,AT,AKC,urban,persistence
2023-05-10 21:00:00+00:00,1,6.208749,6.0253,AT,AKC,urban,persistence
2023-05-10 22:00:00+00:00,1,5.808099,6.208749,AT,AKC,urban,persistence
2023-05-10 23:00:00+00:00,1,5.519149,5.808099,AT,AKC,urban,persistence
2023-05-11 00:00:00+00:00,1,5.67105,5.519149,AT,AKC,urban,persistence
2023-05-11 01:00:00+00:00,1,6.131649,5.67105,AT,AKC,urban,persistence
2023-05-11 02:00:00+00:00,1,6.7769,6.131649,AT,AKC,urban,persistence
2023-05-11 03:00:00+00:00,1,6.881649,6.7769,AT,AKC,urban,persistence
2023-05-11 04:00:00+00:00,1,7.882849,6.881649,AT,AKC,urban,persistence
2023-05-11 05:00:00+00:00,1,8.5079,7.882849,AT,AKC,urban,persistence
2023-05-11 06:00:00+00:00,1,8.4202,8.5079,AT,AKC,urban,persistence
2023-05-11 07:00:00+00:00,1,8.855699,8.4202,AT,AKC,urban,persistence
2023-05-11 08:00:00+00:00,1,8.232049,8.855699,AT,AKC,urban,persistence
2023-05-11 09:00:00+00:00,1,6.94425,8.232049,AT,AKC,urban,persistence
2023-05-11 10:00:00+00:00,1,6.7186,6.94425,AT,AKC,urban,persistence
2023-05-11 11:00:00+00:00,1,6.1921,6.7186,AT,AKC,urban,persistence
2023-05-11 12:00:00+00:00,1,6.222399,6.1921,AT,AKC,urban,persistence
2023-05-11 13:00:00+00:00,1,6.15705,6.222399,AT,AKC,urban,persistence
2023-05-11 14:00:00+00:00,1,6.0836,6.15705,AT,AKC,urban,persistence
2023-05-11 15:00:00+00:00,1,5.7883,6.0836,AT,AKC,urban,persistence
2023-05-11 16:00:00+00:00,1,5.4735,5.7883,AT,AKC,urban,persistence
2023-05-11 17:00:00+00:00,1,7.5128,5.4735,AT,AKC,urban,persistence
2023-05-11 18:00:00+00:00,1,7.3744,7.5128,AT,AKC,urban,persistence
2023-05-11 19:00:00+00:00,1,6.96395,7.3744,AT,AKC,urban,persistence
2023-05-11 20:00:00+00:00,1,6.81075,6.96395,AT,AKC,urban,persistence
2023-05-11 21:00:00+00:00,1,6.67885,6.81075,AT,AKC,urban,persistence
2023-05-11 22:00:00+00:00,1,5.929949,6.67885,AT,AKC,urban,persistence
2023-05-11 23:00:00+00:00,1,5.939749,5.929949,AT,AKC,urban,persistence
2023-05-12 00:00:00+00:00,1,6.466799,5.939749,AT,AKC,urban,persistence
2023-05-12 01:00:00+00:00,1,8.2107,6.466799,AT,AKC,urban,persistence
2023-05-12 02:00:00+00:00,1,9.932899,8.2107,AT,AKC,urban,persistence
2023-05-12 03:00:00+00:00,1,6.966449,9.932899,AT,AKC,urban,persistence
2023-05-12 04:00:00+00:00,1,6.186249,6.966449,AT,AKC,urban,persistence
2023-05-12 05:00:00+00:00,1,5.246549,6.186249,AT,AKC,urban,persistence
2023-05-12 06:00:00+00:00,1,4.897999,5.246549,AT,AKC,urban,persistence
2023-05-12 07:00:00+00:00,1,5.2333,4.897999,AT,AKC,urban,persistence
2023-05-12 08:00:00+00:00,1,5.661849,5.2333,AT,AKC,urban,persistence
2023-05-12 09:00:00+00:00,1,6.46405,5.661849,AT,AKC,urban,persistence
2023-05-12 10:00:00+00:00,1,5.566249,6.46405,AT,AKC,urban,persistence
2023-05-12 11:00:00+00:00,1,5.329799,5.566249,AT,AKC,urban,persistence
2023-05-12 12:00:00+00:00,1,5.1716,5.329799,AT,AKC,urban,persistence
2023-05-12 13:00:00+00:00,1,5.59465,5.1716,AT,AKC,urban,persistence
2023-05-12 14:00:00+00:00,1,6.059999,5.59465,AT,AKC,urban,persistence
2023-05-12 15:00:00+00:00,1,6.374799,6.059999,AT,AKC,urban,persistence
2023-05-12 16:00:00+00:00,1,6.22455,6.374799,AT,AKC,urban,persistence
2023-05-12 17:00:00+00:00,1,7.3035,6.22455,AT,AKC,urban,persistence
2023-05-12 18:00:00+00:00,1,7.3618,7.3035,AT,AKC,urban,persistence
2023-05-12 19:00:00+00:00,1,8.033899,7.3618,AT,AKC,urban,persistence
2023-05-12 20:00:00+00:00,1,7.778249,8.033899,AT,AKC,urban,persistence
2023-05-12 21:00:00+00:00,1,6.430449,7.778249,AT,AKC,urban,persistence
2023-05-12 22:00:00+00:00,1,6.341199,6.430449,AT,AKC,urban,persistence
2023-05-12 23:00:00+00:00,1,6.783699,6.341199,AT,AKC,urban,persistence
2023-05-13 00:00:00+00:00,1,7.724849,6.783699,AT,AKC,urban,persistence
2023-05-13 01:00:00+00:00,1,7.880499,7.724849,AT,AKC,urban,persistence
2023-05-13 02:00:00+00:00,1,8.293649,7.880499,AT,AKC,urban,persistence
2023-05-13 03:00:00+00:00,1,9.321499,8.293649,AT,AKC,urban,persistence
2023-05-13 04:00:00+00:00,1,9.246,9.321499,AT,AKC,urban,persistence
2023-05-13 05:00:00+00:00,1,10.07405,9.246,AT,AKC,urban,persistence
2023-05-13 06:00:00+00:00,1,11.128,10.07405,AT,AKC,urban,persistence
2023-05-13 07:00:00+00:00,1,12.9875,11.128,AT,AKC,urban,persistence
2023-05-13 08:00:00+00:00,1,11.928,12.9875,AT,AKC,urban,persistence
2023-05-13 09:00:00+00:00,1,10.445,11.928,AT,AKC,urban,persistence
2023-05-13 10:00:00+00:00,1,11.371,10.445,AT,AKC,urban,persistence
2023-05-13 11:00:00+00:00,1,10.7755,11.371,AT,AKC,urban,persistence
2023-05-13 12:00:00+00:00,1,9.933799,10.7755,AT,AKC,urban,persistence
2023-05-13 13:00:00+00:00,1,11.6055,9.933799,AT,AKC,urban,persistence
2023-05-13 14:00:00+00:00,1,13.107,11.6055,AT,AKC,urban,persistence
2023-05-13 15:00:00+00:00,1,13.345,13.107,AT,AKC,urban,persistence
2023-05-13 16:00:00+00:00,1,14.103,13.345,AT,AKC,urban,persistence
2023-05-13 17:00:00+00:00,1,13.5015,14.103,AT,AKC,urban,persistence
2023-05-13 18:00:00+00:00,1,14.6635,13.5015,AT,AKC,urban,persistence
2023-05-13 19:00:00+00:00,1,15.412,14.6635,AT,AKC,urban,persistence
2023-05-13 20:00:00+00:00,1,15.889,15.412,AT,AKC,urban,persistence
2023-05-13 21:00:00+00:00,1,16.58,15.889,AT,AKC,urban,persistence
2023-05-13 22:00:00+00:00,1,15.2805,16.58,AT,AKC,urban,persistence
2023-05-13 23:00:00+00:00,1,13.51,15.2805,AT,AKC,urban,persistence
2023-05-14 00:00:00+00:00,1,13.847,13.51,AT,AKC,urban,persistence
2023-05-14 01:00:00+00:00,1,13.502,13.847,AT,AKC,urban,persistence
2023-05-14 02:00:00+00:00,1,13.083,13.502,AT,AKC,urban,persistence
2023-05-14 03:00:00+00:00,1,12.3605,13.083,AT,AKC,urban,persistence
2023-05-14 04:00:00+00:00,1,10.3625,12.3605,AT,AKC,urban,persistence
2023-05-14 05:00:00+00:00,1,9.796699,10.3625,AT,AKC,urban,persistence
2023-05-14 06:00:00+00:00,1,8.665499,9.796699,AT,AKC,urban,persistence
2023-05-14 07:00:00+00:00,1,7.126349,8.665499,AT,AKC,urban,persistence
2023-05-14 08:00:00+00:00,1,7.47875,7.126349,AT,AKC,urban,persistence
2023-05-14 09:00:00+00:00,1,7.60685,7.47875,AT,AKC,urban,persistence
2023-05-14 10:00:00+00:00,1,9.0929,7.60685,AT,AKC,urban,persistence
2023-05-14 11:00:00+00:00,1,8.555349,9.0929,AT,AKC,urban,persistence
2023-05-14 12:00:00+00:00,1,8.6308,8.555349,AT,AKC,urban,persistence
2023-05-14 13:00:00+00:00,1,8.431499,8.6308,AT,AKC,urban,persistence
2023-05-14 14:00:00+00:00,1,8.0318,8.431499,AT,AKC,urban,persistence
2023-05-14 15:00:00+00:00,1,7.51885,8.0318,AT,AKC,urban,persistence
2023-05-14 16:00:00+00:00,1,7.22065,7.51885,AT,AKC,urban,persistence
2023-05-14 17:00:00+00:00,1,6.947299,7.22065,AT,AKC,urban,persistence
2023-05-14 18:00:00+00:00,1,6.60885,6.947299,AT,AKC,urban,persistence
2023-05-14 19:00:00+00:00,1,5.866899,6.60885,AT,AKC,urban,persistence
2023-05-14 20:00:00+00:00,1,7.06715,5.866899,AT,AKC,urban,persistence
2023-05-14 21:00:00+00:00,1,7.8638,7.06715,AT,AKC,urban,persistence
2023-05-14 22:00:00+00:00,1,5.6391,7.8638,AT,AKC,urban,persistence
2023-05-14 23:00:00+00:00,1,4.44105,5.6391,AT,AKC,urban,persistence
2023-05-15 00:00:00+00:00,1,3.262949,4.44105,AT,AKC,urban,persistence
2023-05-15 01:00:00+00:00,1,4.232049,3.262949,AT,AKC,urban,persistence
2023-05-15 02:00:00+00:00,1,3.365499,4.232049,AT,AKC,urban,persistence
2023-05-15 03:00:00+00:00,1,2.3264,3.365499,AT,AKC,urban,persistence
2023-05-15 04:00:00+00:00,1,2.217149,2.3264,AT,AKC,urban,persistence
2023-05-15 05:00:00+00:00,1,1.7374,2.217149,AT,AKC,urban,persistence
2023-05-15 06:00:00+00:00,1,1.785749,1.7374,AT,AKC,urban,persistence
2023-05-15 07:00:00+00:00,1,2.110949,1.785749,AT,AKC,urban,persistence
2023-05-15 08:00:00+00:00,1,2.4051,2.110949,AT,AKC,urban,persistence
2023-05-15 09:00:00+00:00,1,2.43845,2.4051,AT,AKC,urban,persistence
2023-05-15 10:00:00+00:00,1,3.0746,2.43845,AT,AKC,urban,persistence
2023-05-15 11:00:00+00:00,1,2.44425,3.0746,AT,AKC,urban,persistence
2023-05-15 12:00:00+00:00,1,2.911399,2.44425,AT,AKC,urban,persistence
2023-05-15 13:00:00+00:00,1,2.3719,2.911399,AT,AKC,urban,persistence
2023-05-15 14:00:00+00:00,1,2.7156,2.3719,AT,AKC,urban,persistence
2023-05-15 15:00:00+00:00,1,2.913599,2.7156,AT,AKC,urban,persistence
2023-05-15 16:00:00+00:00,1,3.2532,2.913599,AT,AKC,urban,persistence
2023-05-15 17:00:00+00:00,1,3.820799,3.2532,AT,AKC,urban,persistence
2023-05-15 18:00:00+00:00,1,4.2181,3.820799,AT,AKC,urban,persistence
2023-05-15 19:00:00+00:00,1,4.62425,4.2181,AT,AKC,urban,persistence
2023-05-15 20:00:00+00:00,1,5.880599,4.62425,AT,AKC,urban,persistence
2023-05-15 21:00:00+00:00,1,4.63625,5.880599,AT,AKC,urban,persistence
2023-05-15 22:00:00+00:00,1,3.748099,4.63625,AT,AKC,urban,persistence
2023-05-15 23:00:00+00:00,1,3.53345,3.748099,AT,AKC,urban,persistence
2023-05-16 00:00:00+00:00,1,3.7747,3.53345,AT,AKC,urban,persistence
2023-05-16 01:00:00+00:00,1,3.98155,3.7747,AT,AKC,urban,persistence
2023-05-16 02:00:00+00:00,1,4.335949,3.98155,AT,AKC,urban,persistence
2023-05-16 03:00:00+00:00,1,4.961899,4.335949,AT,AKC,urban,persistence
2023-05-16 04:00:00+00:00,1,5.955599,4.961899,AT,AKC,urban,persistence
2023-05-16 05:00:00+00:00,1,6.289,5.955599,AT,AKC,urban,persistence
2023-05-16 06:00:00+00:00,1,6.7404,6.289,AT,AKC,urban,persistence
2023-05-16 07:00:00+00:00,1,9.642499,6.7404,AT,AKC,urban,persistence
2023-05-16 08:00:00+00:00,1,9.057849,9.642499,AT,AKC,urban,persistence
2023-05-16 09:00:00+00:00,1,10.14585,9.057849,AT,AKC,urban,persistence
2023-05-16 10:00:00+00:00,1,10.433,10.14585,AT,AKC,urban,persistence
2023-05-16 11:00:00+00:00,1,10.1465,10.433,AT,AKC,urban,persistence
2023-05-16 12:00:00+00:00,1,10.1473,10.1465,AT,AKC,urban,persistence
2023-05-16 13:00:00+00:00,1,10.8915,10.1473,AT,AKC,urban,persistence
2023-05-16 14:00:00+00:00,1,11.0015,10.8915,AT,AKC,urban,persistence
2023-05-16 15:00:00+00:00,1,12.035,11.0015,AT,AKC,urban,persistence
2023-05-16 16:00:00+00:00,1,12.74,12.035,AT,AKC,urban,persistence
2023-05-16 17:00:00+00:00,1,11.895,12.74,AT,AKC,urban,persistence
2023-05-16 18:00:00+00:00,1,9.997499,11.895,AT,AKC,urban,persistence
2023-05-16 19:00:00+00:00,1,7.73775,9.997499,AT,AKC,urban,persistence
2023-05-16 20:00:00+00:00,1,6.8256,7.73775,AT,AKC,urban,persistence
2023-05-16 21:00:00+00:00,1,6.50555,6.8256,AT,AKC,urban,persistence
2023-05-16 22:00:00+00:00,1,4.4411,6.50555,AT,AKC,urban,persistence
2023-05-16 23:00:00+00:00,1,3.110599,4.4411,AT,AKC,urban,persistence
2023-05-17 00:00:00+00:00,1,2.552549,3.110599,AT,AKC,urban,persistence
2023-05-17 01:00:00+00:00,1,2.4342,2.552549,AT,AKC,urban,persistence
2023-05-17 02:00:00+00:00,1,2.9822,2.4342,AT,AKC,urban,persistence
2023-05-17 03:00:00+00:00,1,2.966499,2.9822,AT,AKC,urban,persistence
2023-05-17 04:00:00+00:00,1,2.849249,2.966499,AT,AKC,urban,persistence
2023-05-17 05:00:00+00:00,1,3.734349,2.849249,AT,AKC,urban,persistence
2023-05-17 06:00:00+00:00,1,4.3605,3.734349,AT,AKC,urban,persistence
2023-05-17 07:00:00+00:00,1,4.485549,4.3605,AT,AKC,urban,persistence
2023-05-17 08:00:00+00:00,1,4.58345,4.485549,AT,AKC,urban,persistence
2023-05-17 09:00:00+00:00,1,4.395949,4.58345,AT,AKC,urban,persistence
2023-05-17 10:00:00+00:00,1,4.4428,4.395949,AT,AKC,urban,persistence
2023-05-17 11:00:00+00:00,1,4.397049,4.4428,AT,AKC,urban,persistence
2023-05-17 12:00:00+00:00,1,4.019999,4.397049,AT,AKC,urban,persistence
2023-05-17 13:00:00+00:00,1,4.8745,4.019999,AT,AKC,urban,persistence
2023-05-17 14:00:00+00:00,1,6.159399,4.8745,AT,AKC,urban,persistence
2023-05-17 15:00:00+00:00,1,6.24765,6.159399,AT,AKC,urban,persistence
2023-05-17 16:00:00+00:00,1,6.80165,6.24765,AT,AKC,urban,persistence
2023-05-17 17:00:00+00:00,1,6.31165,6.80165,AT,AKC,urban,persistence
2023-05-17 18:00:00+00:00,1,5.5798,6.31165,AT,AKC,urban,persistence
2023-05-17 19:00:00+00:00,1,6.51235,5.5798,AT,AKC,urban,persistence
2023-05-17 20:00:00+00:00,1,6.8828,6.51235,AT,AKC,urban,persistence
2023-05-17 21:00:00+00:00,1,6.8199,6.8828,AT,AKC,urban,persistence
2023-05-17 22:00:00+00:00,1,6.312099,6.8199,AT,AKC,urban,persistence
2023-05-17 23:00:00+00:00,1,6.131799,6.312099,AT,AKC,urban,persistence
2023-05-18 00:00:00+00:00,1,6.185349,6.131799,AT,AKC,urban,persistence
2023-05-18 01:00:00+00:00,1,6.240249,6.185349,AT,AKC,urban,persistence
2023-05-18 02:00:00+00:00,1,6.3323,6.240249,AT,AKC,urban,persistence
2023-05-18 03:00:00+00:00,1,6.1519,6.3323,AT,AKC,urban,persistence
2023-05-18 04:00:00+00:00,1,6.09425,6.1519,AT,AKC,urban,persistence
2023-05-18 05:00:00+00:00,1,6.382499,6.09425,AT,AKC,urban,persistence
2023-05-18 06:00:00+00:00,1,6.633199,6.382499,AT,AKC,urban,persistence
2023-05-18 07:00:00+00:00,1,6.775499,6.633199,AT,AKC,urban,persistence
2023-05-18 08:00:00+00:00,1,7.423449,6.775499,AT,AKC,urban,persistence
2023-05-18 09:00:00+00:00,1,7.73145,7.423449,AT,AKC,urban,persistence
2023-05-18 10:00:00+00:00,1,7.65245,7.73145,AT,AKC,urban,persistence
2023-05-18 11:00:00+00:00,1,7.6967,7.65245,AT,AKC,urban,persistence
2023-05-18 12:00:00+00:00,1,7.683,7.6967,AT,AKC,urban,persistence
2023-05-18 13:00:00+00:00,1,7.674149,7.683,AT,AKC,urban,persistence
2023-05-18 14:00:00+00:00,1,7.737649,7.674149,AT,AKC,urban,persistence
2023-05-18 15:00:00+00:00,1,8.065649,7.737649,AT,AKC,urban,persistence
2023-05-18 16:00:00+00:00,1,8.2427,8.065649,AT,AKC,urban,persistence
2023-05-18 17:00:00+00:00,1,8.833099,8.2427,AT,AKC,urban,persistence
2023-05-18 18:00:00+00:00,1,9.23155,8.833099,AT,AKC,urban,persistence
2023-05-18 19:00:00+00:00,1,8.209249,9.23155,AT,AKC,urban,persistence
2023-05-18 20:00:00+00:00,1,7.54335,8.209249,AT,AKC,urban,persistence
2023-05-18 21:00:00+00:00,1,8.2012,7.54335,AT,AKC,urban,persistence
2023-05-18 22:00:00+00:00,1,9.531,8.2012,AT,AKC,urban,persistence
2023-05-18 23:00:00+00:00,1,11.4475,9.531,AT,AKC,urban,persistence
2023-05-19 00:00:00+00:00,1,12.331,11.4475,AT,AKC,urban,persistence
2023-05-19 01:00:00+00:00,1,12.4335,12.331,AT,AKC,urban,persistence
2023-05-19 02:00:00+00:00,1,9.74435,12.4335,AT,AKC,urban,persistence
2023-05-19 03:00:00+00:00,1,7.39105,9.74435,AT,AKC,urban,persistence
2023-05-19 04:00:00+00:00,1,7.435799,7.39105,AT,AKC,urban,persistence
2023-05-19 05:00:00+00:00,1,7.562849,7.435799,AT,AKC,urban,persistence
2023-05-19 06:00:00+00:00,1,7.483799,7.562849,AT,AKC,urban,persistence
2023-05-19 07:00:00+00:00,1,8.361749,7.483799,AT,AKC,urban,persistence
2023-05-19 08:00:00+00:00,1,8.523599,8.361749,AT,AKC,urban,persistence
2023-05-19 09:00:00+00:00,1,7.178349,8.523599,AT,AKC,urban,persistence
2023-05-19 10:00:00+00:00,1,6.699649,7.178349,AT,AKC,urban,persistence
2023-05-19 11:00:00+00:00,1,5.4411,6.699649,AT,AKC,urban,persistence
2023-05-19 12:00:00+00:00,1,5.172349,5.4411,AT,AKC,urban,persistence
2023-05-19 13:00:00+00:00,1,6.338399,5.172349,AT,AKC,urban,persistence
2023-05-19 14:00:00+00:00,1,9.71255,6.338399,AT,AKC,urban,persistence
2023-05-19 15:00:00+00:00,1,8.23435,9.71255,AT,AKC,urban,persistence
2023-05-19 16:00:00+00:00,1,6.45695,8.23435,AT,AKC,urban,persistence
2023-05-19 17:00:00+00:00,1,5.914999,6.45695,AT,AKC,urban,persistence
2023-05-19 18:00:00+00:00,1,7.5719,5.914999,AT,AKC,urban,persistence
2023-05-19 19:00:00+00:00,1,9.8702,7.5719,AT,AKC,urban,persistence
2023-05-19 20:00:00+00:00,1,10.6445,9.8702,AT,AKC,urban,persistence
2023-05-19 21:00:00+00:00,1,12.37,10.6445,AT,AKC,urban,persistence
2023-05-19 22:00:00+00:00,1,14.2035,12.37,AT,AKC,urban,persistence
2023-05-19 23:00:00+00:00,1,14.7805,14.2035,AT,AKC,urban,persistence
2023-05-20 00:00:00+00:00,1,16.024,14.7805,AT,AKC,urban,persistence
2023-05-20 01:00:00+00:00,1,19.2285,16.024,AT,AKC,urban,persistence
2023-05-20 02:00:00+00:00,1,19.309,19.2285,AT,AKC,urban,persistence
2023-05-20 03:00:00+00:00,1,17.965,19.309,AT,AKC,urban,persistence
2023-05-20 04:00:00+00:00,1,17.0405,17.965,AT,AKC,urban,persistence
2023-05-20 05:00:00+00:00,1,16.061,17.0405,AT,AKC,urban,persistence
2023-05-20 06:00:00+00:00,1,16.22,16.061,AT,AKC,urban,persistence
2023-05-20 07:00:00+00:00,1,14.156,16.22,AT,AKC,urban,persistence
2023-05-20 08:00:00+00:00,1,12.601,14.156,AT,AKC,urban,persistence
2023-05-20 09:00:00+00:00,1,10.16175,12.601,AT,AKC,urban,persistence
2023-05-20 10:00:00+00:00,1,10.122,10.16175,AT,AKC,urban,persistence
2023-05-20 11:00:00+00:00,1,9.5081,10.122,AT,AKC,urban,persistence
2023-05-20 12:00:00+00:00,1,8.683549,9.5081,AT,AKC,urban,persistence
2023-05-20 13:00:00+00:00,1,9.411499,8.683549,AT,AKC,urban,persistence
2023-05-20 14:00:00+00:00,1,9.44775,9.411499,AT,AKC,urban,persistence
2023-05-20 15:00:00+00:00,1,9.52915,9.44775,AT,AKC,urban,persistence
2023-05-20 16:00:00+00:00,1,10.653,9.52915,AT,AKC,urban,persistence
2023-05-20 17:00:00+00:00,1,11.625,10.653,AT,AKC,urban,persistence
2023-05-20 18:00:00+00:00,1,14.2545,11.625,AT,AKC,urban,persistence
2023-05-20 19:00:00+00:00,1,16.9255,14.2545,AT,AKC,urban,persistence
2023-05-20 20:00:00+00:00,1,17.1865,16.9255,AT,AKC,urban,persistence
2023-05-20 21:00:00+00:00,1,17.625,17.1865,AT,AKC,urban,persistence
2023-05-20 22:00:00+00:00,1,17.484,17.625,AT,AKC,urban,persistence
2023-05-20 23:00:00+00:00,1,17.3725,17.484,AT,AKC,urban,persistence
2023-05-21 00:00:00+00:00,1,16.874,17.3725,AT,AKC,urban,persistence
2023-05-21 01:00:00+00:00,1,15.449,16.874,AT,AKC,urban,persistence
2023-05-21 02:00:00+00:00,1,15.73,15.449,AT,AKC,urban,persistence
2023-05-21 03:00:00+00:00,1,15.8005,15.73,AT,AKC,urban,persistence
2023-05-21 04:00:00+00:00,1,15.503,15.8005,AT,AKC,urban,persistence
2023-05-21 05:00:00+00:00,1,12.7635,15.503,AT,AKC,urban,persistence
2023-05-21 06:00:00+00:00,1,11.4365,12.7635,AT,AKC,urban,persistence
2023-05-21 07:00:00+00:00,1,10.5515,11.4365,AT,AKC,urban,persistence
2023-05-21 08:00:00+00:00,1,9.52215,10.5515,AT,AKC,urban,persistence
2023-05-21 09:00:00+00:00,1,9.142349,9.52215,AT,AKC,urban,persistence
2023-05-21 10:00:00+00:00,1,8.7895,9.142349,AT,AKC,urban,persistence
2023-05-21 11:00:00+00:00,1,8.282649,8.7895,AT,AKC,urban,persistence
2023-05-21 12:00:00+00:00,1,7.842949,8.282649,AT,AKC,urban,persistence
2023-05-21 13:00:00+00:00,1,8.00955,7.842949,AT,AKC,urban,persistence
2023-05-21 14:00:00+00:00,1,8.128399,8.00955,AT,AKC,urban,persistence
2023-05-21 15:00:00+00:00,1,7.822949,8.128399,AT,AKC,urban,persistence
2023-05-21 16:00:00+00:00,1,8.12725,7.822949,AT,AKC,urban,persistence
2023-05-21 17:00:00+00:00,1,8.83835,8.12725,AT,AKC,urban,persistence
2023-05-21 18:00:00+00:00,1,10.502,8.83835,AT,AKC,urban,persistence
2023-05-21 19:00:00+00:00,1,10.11915,10.502,AT,AKC,urban,persistence
2023-05-21 20:00:00+00:00,1,10.2295,10.11915,AT,AKC,urban,persistence
2023-05-21 21:00:00+00:00,1,11.6835,10.2295,AT,AKC,urban,persistence
2023-05-21 22:00:00+00:00,1,11.5005,11.6835,AT,AKC,urban,persistence
2023-05-21 23:00:00+00:00,1,11.7835,11.5005,AT,AKC,urban,persistence
2023-05-22 00:00:00+00:00,1,11.911,11.7835,AT,AKC,urban,persistence
2023-05-22 01:00:00+00:00,1,11.843,11.911,AT,AKC,urban,persistence
2023-05-22 02:00:00+00:00,1,12.741,11.843,AT,AKC,urban,persistence
2023-05-22 03:00:00+00:00,1,14.1435,12.741,AT,AKC,urban,persistence
2023-05-22 04:00:00+00:00,1,12.0055,14.1435,AT,AKC,urban,persistence
2023-05-22 05:00:00+00:00,1,11.1575,12.0055,AT,AKC,urban,persistence
2023-05-22 06:00:00+00:00,1,10.5517,11.1575,AT,AKC,urban,persistence
2023-05-22 07:00:00+00:00,1,11.7825,10.5517,AT,AKC,urban,persistence
2023-05-22 08:00:00+00:00,1,10.0937,11.7825,AT,AKC,urban,persistence
2023-05-22 09:00:00+00:00,1,9.188349,10.0937,AT,AKC,urban,persistence
2023-05-22 10:00:00+00:00,1,8.225149,9.188349,AT,AKC,urban,persistence
2023-05-22 11:00:00+00:00,1,7.79435,8.225149,AT,AKC,urban,persistence
2023-05-22 12:00:00+00:00,1,7.8678,7.79435,AT,AKC,urban,persistence
2023-05-22 13:00:00+00:00,1,7.750299,7.8678,AT,AKC,urban,persistence
2023-05-22 14:00:00+00:00,1,8.060299,7.750299,AT,AKC,urban,persistence
2023-05-22 15:00:00+00:00,1,8.292699,8.060299,AT,AKC,urban,persistence
2023-05-22 16:00:00+00:00,1,8.259149,8.292699,AT,AKC,urban,persistence
2023-05-22 17:00:00+00:00,1,9.714849,8.259149,AT,AKC,urban,persistence
2023-05-22 18:00:00+00:00,1,10.1025,9.714849,AT,AKC,urban,persistence
2023-05-22 19:00:00+00:00,1,9.791649,10.1025,AT,AKC,urban,persistence
2023-05-22 20:00:00+00:00,1,10.6685,9.791649,AT,AKC,urban,persistence
2023-05-22 21:00:00+00:00,1,13.404,10.6685,AT,AKC,urban,persistence
2023-05-22 22:00:00+00:00,1,14.447,13.404,AT,AKC,urban,persistence
2023-05-22 23:00:00+00:00,1,14.091,14.447,AT,AKC,urban,persistence
2023-05-23 00:00:00+00:00,1,14.5125,14.091,AT,AKC,urban,persistence
2023-05-23 01:00:00+00:00,1,14.5485,14.5125,AT,AKC,urban,persistence
2023-05-23 02:00:00+00:00,1,15.839,14.5485,AT,AKC,urban,persistence
2023-05-23 03:00:00+00:00,1,16.057,15.839,AT,AKC,urban,persistence
2023-05-23 04:00:00+00:00,1,17.991,16.057,AT,AKC,urban,persistence
2023-05-23 05:00:00+00:00,1,16.6975,17.991,AT,AKC,urban,persistence
2023-05-23 06:00:00+00:00,1,12.8115,16.6975,AT,AKC,urban,persistence
2023-05-23 07:00:00+00:00,1,11.4565,12.8115,AT,AKC,urban,persistence
2023-05-23 08:00:00+00:00,1,10.809,11.4565,AT,AKC,urban,persistence
2023-05-23 09:00:00+00:00,1,10.867,10.809,AT,AKC,urban,persistence
2023-05-23 10:00:00+00:00,1,11.3135,10.867,AT,AKC,urban,persistence
2023-05-23 11:00:00+00:00,1,12.315,11.3135,AT,AKC,urban,persistence
2023-05-23 12:00:00+00:00,1,13.672,12.315,AT,AKC,urban,persistence
2023-05-23 13:00:00+00:00,1,10.76605,13.672,AT,AKC,urban,persistence
2023-05-23 14:00:00+00:00,1,9.770849,10.76605,AT,AKC,urban,persistence
2023-05-23 15:00:00+00:00,1,8.6777,9.770849,AT,AKC,urban,persistence
2023-05-23 16:00:00+00:00,1,8.644949,8.6777,AT,AKC,urban,persistence
2023-05-23 17:00:00+00:00,1,8.89385,8.644949,AT,AKC,urban,persistence
2023-05-23 18:00:00+00:00,1,9.171199,8.89385,AT,AKC,urban,persistence
2023-05-23 19:00:00+00:00,1,9.3297,9.171199,AT,AKC,urban,persistence
2023-05-23 20:00:00+00:00,1,9.5977,9.3297,AT,AKC,urban,persistence
2023-05-23 21:00:00+00:00,1,9.19495,9.5977,AT,AKC,urban,persistence
2023-05-23 22:00:00+00:00,1,7.71715,9.19495,AT,AKC,urban,persistence
2023-05-23 23:00:00+00:00,1,5.81955,7.71715,AT,AKC,urban,persistence
2023-05-24 00:00:00+00:00,1,5.084949,5.81955,AT,AKC,urban,persistence
2023-05-24 01:00:00+00:00,1,5.202349,5.084949,AT,AKC,urban,persistence
2023-05-24 02:00:00+00:00,1,5.425799,5.202349,AT,AKC,urban,persistence
2023-05-24 03:00:00+00:00,1,5.649899,5.425799,AT,AKC,urban,persistence
2023-05-24 04:00:00+00:00,1,6.55175,5.649899,AT,AKC,urban,persistence
2023-05-24 05:00:00+00:00,1,5.579299,6.55175,AT,AKC,urban,persistence
2023-05-24 06:00:00+00:00,1,4.389249,5.579299,AT,AKC,urban,persistence
2023-05-24 07:00:00+00:00,1,4.10645,4.389249,AT,AKC,urban,persistence
2023-05-24 08:00:00+00:00,1,4.509099,4.10645,AT,AKC,urban,persistence
2023-05-24 09:00:00+00:00,1,4.37405,4.509099,AT,AKC,urban,persistence
2023-05-24 10:00:00+00:00,1,4.65215,4.37405,AT,AKC,urban,persistence
2023-05-24 11:00:00+00:00,1,5.4937,4.65215,AT,AKC,urban,persistence
2023-05-24 12:00:00+00:00,1,6.49135,5.4937,AT,AKC,urban,persistence
2023-05-24 13:00:00+00:00,1,6.38675,6.49135,AT,AKC,urban,persistence
2023-05-24 14:00:00+00:00,1,6.7179,6.38675,AT,AKC,urban,persistence
2023-05-24 15:00:00+00:00,1,7.361,6.7179,AT,AKC,urban,persistence
2023-05-24 16:00:00+00:00,1,6.8365,7.361,AT,AKC,urban,persistence
2023-05-24 17:00:00+00:00,1,7.342649,6.8365,AT,AKC,urban,persistence
2023-05-24 18:00:00+00:00,1,7.9834,7.342649,AT,AKC,urban,persistence
2023-05-24 19:00:00+00:00,1,8.803899,7.9834,AT,AKC,urban,persistence
2023-05-24 20:00:00+00:00,1,9.741149,8.803899,AT,AKC,urban,persistence
2023-05-24 21:00:00+00:00,1,10.143,9.741149,AT,AKC,urban,persistence
2023-05-24 22:00:00+00:00,1,10.12025,10.143,AT,AKC,urban,persistence
2023-05-24 23:00:00+00:00,1,9.940449,10.12025,AT,AKC,urban,persistence
2023-05-25 00:00:00+00:00,1,10.0629,9.940449,AT,AKC,urban,persistence
2023-05-25 01:00:00+00:00,1,10.9555,10.0629,AT,AKC,urban,persistence
2023-05-25 02:00:00+00:00,1,11.929,10.9555,AT,AKC,urban,persistence
2023-05-25 03:00:00+00:00,1,11.6015,11.929,AT,AKC,urban,persistence
2023-05-25 04:00:00+00:00,1,11.11,11.6015,AT,AKC,urban,persistence
2023-05-25 05:00:00+00:00,1,11.053,11.11,AT,AKC,urban,persistence
2023-05-25 06:00:00+00:00,1,10.859,11.053,AT,AKC,urban,persistence
2023-05-25 07:00:00+00:00,1,10.49485,10.859,AT,AKC,urban,persistence
2023-05-25 08:00:00+00:00,1,10.6665,10.49485,AT,AKC,urban,persistence
2023-05-25 09:00:00+00:00,1,10.304,10.6665,AT,AKC,urban,persistence
2023-05-25 10:00:00+00:00,1,9.492899,10.304,AT,AKC,urban,persistence
2023-05-25 11:00:00+00:00,1,8.964349,9.492899,AT,AKC,urban,persistence
2023-05-25 12:00:00+00:00,1,8.8666,8.964349,AT,AKC,urban,persistence
2023-05-25 13:00:00+00:00,1,9.17745,8.8666,AT,AKC,urban,persistence
2023-05-25 14:00:00+00:00,1,9.31175,9.17745,AT,AKC,urban,persistence
2023-05-25 15:00:00+00:00,1,8.455699,9.31175,AT,AKC,urban,persistence
2023-05-25 16:00:00+00:00,1,8.54255,8.455699,AT,AKC,urban,persistence
2023-05-25 17:00:00+00:00,1,9.16415,8.54255,AT,AKC,urban,persistence
2023-05-25 18:00:00+00:00,1,10.5083,9.16415,AT,AKC,urban,persistence
2023-05-25 19:00:00+00:00,1,12.06,10.5083,AT,AKC,urban,persistence
2023-05-25 20:00:00+00:00,1,12.005,12.06,AT,AKC,urban,persistence
2023-05-25 21:00:00+00:00,1,11.762,12.005,AT,AKC,urban,persistence
2023-05-25 22:00:00+00:00,1,12.203,11.762,AT,AKC,urban,persistence
2023-05-25 23:00:00+00:00,1,13.4795,12.203,AT,AKC,urban,persistence
2023-05-26 00:00:00+00:00,1,13.968,13.4795,AT,AKC,urban,persistence
2023-05-26 01:00:00+00:00,1,14.256,13.968,AT,AKC,urban,persistence
2023-05-26 02:00:00+00:00,1,15.1025,14.256,AT,AKC,urban,persistence
2023-05-26 03:00:00+00:00,1,14.573,15.1025,AT,AKC,urban,persistence
2023-05-26 04:00:00+00:00,1,13.5665,14.573,AT,AKC,urban,persistence
2023-05-26 05:00:00+00:00,1,14.1855,13.5665,AT,AKC,urban,persistence
2023-05-26 06:00:00+00:00,1,12.8525,14.1855,AT,AKC,urban,persistence
2023-05-26 07:00:00+00:00,1,16.78495,12.8525,AT,AKC,urban,persistence
2023-05-26 08:00:00+00:00,1,10.57,16.78495,AT,AKC,urban,persistence
2023-05-26 09:00:00+00:00,1,10.10855,10.57,AT,AKC,urban,persistence
2023-05-26 10:00:00+00:00,1,10.706,10.10855,AT,AKC,urban,persistence
2023-05-26 11:00:00+00:00,1,8.775449,10.706,AT,AKC,urban,persistence
2023-05-26 12:00:00+00:00,1,8.844799,8.775449,AT,AKC,urban,persistence
2023-05-26 13:00:00+00:00,1,7.5878,8.844799,AT,AKC,urban,persistence
2023-05-26 14:00:00+00:00,1,7.441849,7.5878,AT,AKC,urban,persistence
2023-05-26 15:00:00+00:00,1,7.7448,7.441849,AT,AKC,urban,persistence
2023-05-26 16:00:00+00:00,1,8.64805,7.7448,AT,AKC,urban,persistence
2023-05-26 17:00:00+00:00,1,9.083149,8.64805,AT,AKC,urban,persistence
2023-05-26 18:00:00+00:00,1,9.463699,9.083149,AT,AKC,urban,persistence
2023-05-26 19:00:00+00:00,1,9.321149,9.463699,AT,AKC,urban,persistence
2023-05-26 20:00:00+00:00,1,9.846951,9.321149,AT,AKC,urban,persistence
2023-05-26 21:00:00+00:00,1,8.9036,9.846951,AT,AKC,urban,persistence
2023-05-26 22:00:00+00:00,1,8.284199,8.9036,AT,AKC,urban,persistence
2023-05-26 23:00:00+00:00,1,7.7122,8.284199,AT,AKC,urban,persistence
2023-05-27 00:00:00+00:00,1,7.762849,7.7122,AT,AKC,urban,persistence
2023-05-27 01:00:00+00:00,1,7.7051,7.762849,AT,AKC,urban,persistence
2023-05-27 02:00:00+00:00,1,7.941599,7.7051,AT,AKC,urban,persistence
2023-05-27 03:00:00+00:00,1,8.102699,7.941599,AT,AKC,urban,persistence
2023-05-27 04:00:00+00:00,1,8.3185,8.102699,AT,AKC,urban,persistence
2023-05-27 05:00:00+00:00,1,8.653499,8.3185,AT,AKC,urban,persistence
2023-05-27 06:00:00+00:00,1,9.468349,8.653499,AT,AKC,urban,persistence
2023-05-27 07:00:00+00:00,1,9.222249,9.468349,AT,AKC,urban,persistence
2023-05-27 08:00:00+00:00,1,8.53785,9.222249,AT,AKC,urban,persistence
2023-05-27 09:00:00+00:00,1,7.855949,8.53785,AT,AKC,urban,persistence
2023-05-27 10:00:00+00:00,1,7.455349,7.855949,AT,AKC,urban,persistence
2023-05-27 11:00:00+00:00,1,7.49485,7.455349,AT,AKC,urban,persistence
2023-05-27 12:00:00+00:00,1,7.32705,7.49485,AT,AKC,urban,persistence
2023-05-27 13:00:00+00:00,1,7.537699,7.32705,AT,AKC,urban,persistence
2023-05-27 14:00:00+00:00,1,7.31795,7.537699,AT,AKC,urban,persistence
2023-05-27 15:00:00+00:00,1,6.604599,7.31795,AT,AKC,urban,persistence
2023-05-27 16:00:00+00:00,1,6.997799,6.604599,AT,AKC,urban,persistence
2023-05-27 17:00:00+00:00,1,7.7294,6.997799,AT,AKC,urban,persistence
2023-05-27 18:00:00+00:00,1,8.6602,7.7294,AT,AKC,urban,persistence
2023-05-27 19:00:00+00:00,1,8.11725,8.6602,AT,AKC,urban,persistence
2023-05-27 20:00:00+00:00,1,6.591099,8.11725,AT,AKC,urban,persistence
2023-05-27 21:00:00+00:00,1,5.951999,6.591099,AT,AKC,urban,persistence
2023-05-27 22:00:00+00:00,1,5.469049,5.951999,AT,AKC,urban,persistence
2023-05-27 23:00:00+00:00,1,5.492099,5.469049,AT,AKC,urban,persistence
2023-05-28 00:00:00+00:00,1,5.367199,5.492099,AT,AKC,urban,persistence
2023-05-28 01:00:00+00:00,1,5.829199,5.367199,AT,AKC,urban,persistence
2023-05-28 02:00:00+00:00,1,6.232299,5.829199,AT,AKC,urban,persistence
2023-05-28 03:00:00+00:00,1,5.936299,6.232299,AT,AKC,urban,persistence
2023-05-28 04:00:00+00:00,1,6.002399,5.936299,AT,AKC,urban,persistence
2023-05-28 05:00:00+00:00,1,6.348549,6.002399,AT,AKC,urban,persistence
2023-05-28 06:00:00+00:00,1,6.666299,6.348549,AT,AKC,urban,persistence
2023-05-28 07:00:00+00:00,1,6.5937,6.666299,AT,AKC,urban,persistence
2023-05-28 08:00:00+00:00,1,7.3565,6.5937,AT,AKC,urban,persistence
2023-05-28 09:00:00+00:00,1,7.5401,7.3565,AT,AKC,urban,persistence
2023-05-28 10:00:00+00:00,1,7.237649,7.5401,AT,AKC,urban,persistence
2023-05-28 11:00:00+00:00,1,7.0016,7.237649,AT,AKC,urban,persistence
2023-05-28 12:00:00+00:00,1,7.57275,7.0016,AT,AKC,urban,persistence
2023-05-28 13:00:00+00:00,1,7.529049,7.57275,AT,AKC,urban,persistence
2023-05-28 14:00:00+00:00,1,7.3261,7.529049,AT,AKC,urban,persistence
2023-05-28 15:00:00+00:00,1,7.359549,7.3261,AT,AKC,urban,persistence
2023-05-28 16:00:00+00:00,1,7.705649,7.359549,AT,AKC,urban,persistence
2023-05-28 17:00:00+00:00,1,8.44725,7.705649,AT,AKC,urban,persistence
2023-05-28 18:00:00+00:00,1,9.092499,8.44725,AT,AKC,urban,persistence
2023-05-28 19:00:00+00:00,1,7.92005,9.092499,AT,AKC,urban,persistence
2023-05-28 20:00:00+00:00,1,9.031749,7.92005,AT,AKC,urban,persistence
2023-05-28 21:00:00+00:00,1,7.953949,9.031749,AT,AKC,urban,persistence
2023-05-28 22:00:00+00:00,1,7.097549,7.953949,AT,AKC,urban,persistence
2023-05-28 23:00:00+00:00,1,6.4895,7.097549,AT,AKC,urban,persistence
2023-05-29 00:00:00+00:00,1,6.1237,6.4895,AT,AKC,urban,persistence
2023-05-29 01:00:00+00:00,1,5.987899,6.1237,AT,AKC,urban,persistence
2023-05-29 02:00:00+00:00,1,6.415499,5.987899,AT,AKC,urban,persistence
2023-05-29 03:00:00+00:00,1,6.012399,6.415499,AT,AKC,urban,persistence
2023-05-29 04:00:00+00:00,1,5.820899,6.012399,AT,AKC,urban,persistence
2023-05-29 05:00:00+00:00,1,5.505049,5.820899,AT,AKC,urban,persistence
2023-05-29 06:00:00+00:00,1,6.0534,5.505049,AT,AKC,urban,persistence
2023-05-29 07:00:00+00:00,1,5.07445,6.0534,AT,AKC,urban,persistence
2023-05-29 08:00:00+00:00,1,4.63245,5.07445,AT,AKC,urban,persistence
2023-05-29 09:00:00+00:00,1,4.273349,4.63245,AT,AKC,urban,persistence
2023-05-29 10:00:00+00:00,1,4.128399,4.273349,AT,AKC,urban,persistence
2023-05-29 11:00:00+00:00,1,4.1857,4.128399,AT,AKC,urban,persistence
2023-05-29 12:00:00+00:00,1,4.36785,4.1857,AT,AKC,urban,persistence
2023-05-29 13:00:00+00:00,1,4.471699,4.36785,AT,AKC,urban,persistence
2023-05-29 14:00:00+00:00,1,4.70515,4.471699,AT,AKC,urban,persistence
2023-05-29 15:00:00+00:00,1,4.89335,4.70515,AT,AKC,urban,persistence
2023-05-29 16:00:00+00:00,1,5.113049,4.89335,AT,AKC,urban,persistence
2023-05-29 17:00:00+00:00,1,5.7741,5.113049,AT,AKC,urban,persistence
2023-05-29 18:00:00+00:00,1,6.930549,5.7741,AT,AKC,urban,persistence
2023-05-29 19:00:00+00:00,1,7.745349,6.930549,AT,AKC,urban,persistence
2023-05-29 20:00:00+00:00,1,7.398149,7.745349,AT,AKC,urban,persistence
2023-05-29 21:00:00+00:00,1,6.59815,7.398149,AT,AKC,urban,persistence
2023-05-29 22:00:00+00:00,1,5.899,6.59815,AT,AKC,urban,persistence
2023-05-29 23:00:00+00:00,1,5.62125,5.899,AT,AKC,urban,persistence
2023-05-30 00:00:00+00:00,1,5.955999,5.62125,AT,AKC,urban,persistence
2023-05-30 01:00:00+00:00,1,6.221549,5.955999,AT,AKC,urban,persistence
2023-05-30 02:00:00+00:00,1,6.819499,6.221549,AT,AKC,urban,persistence
2023-05-30 03:00:00+00:00,1,7.347399,6.819499,AT,AKC,urban,persistence
2023-05-30 04:00:00+00:00,1,8.74895,7.347399,AT,AKC,urban,persistence
2023-05-30 05:00:00+00:00,1,8.286749,8.74895,AT,AKC,urban,persistence
2023-05-30 06:00:00+00:00,1,7.773349,8.286749,AT,AKC,urban,persistence
2023-05-30 07:00:00+00:00,1,7.559249,7.773349,AT,AKC,urban,persistence
2023-05-30 08:00:00+00:00,1,7.669,7.559249,AT,AKC,urban,persistence
2023-05-30 09:00:00+00:00,1,7.431149,7.669,AT,AKC,urban,persistence
2023-05-30 10:00:00+00:00,1,6.6475,7.431149,AT,AKC,urban,persistence
2023-05-30 11:00:00+00:00,1,5.73,6.6475,AT,AKC,urban,persistence
2023-05-30 12:00:00+00:00,1,6.549149,5.73,AT,AKC,urban,persistence
2023-05-30 13:00:00+00:00,1,5.8105,6.549149,AT,AKC,urban,persistence
2023-05-30 14:00:00+00:00,1,5.779,5.8105,AT,AKC,urban,persistence
2023-05-30 15:00:00+00:00,1,5.79685,5.779,AT,AKC,urban,persistence
2023-05-30 16:00:00+00:00,1,5.72545,5.79685,AT,AKC,urban,persistence
2023-05-30 17:00:00+00:00,1,5.9334,5.72545,AT,AKC,urban,persistence
2023-05-30 18:00:00+00:00,1,6.157449,5.9334,AT,AKC,urban,persistence
2023-05-30 19:00:00+00:00,1,6.359,6.157449,AT,AKC,urban,persistence
2023-05-30 20:00:00+00:00,1,6.378749,6.359,AT,AKC,urban,persistence
2023-05-30 21:00:00+00:00,1,6.0313,6.378749,AT,AKC,urban,persistence
2023-05-30 22:00:00+00:00,1,5.9295,6.0313,AT,AKC,urban,persistence
2023-05-30 23:00:00+00:00,1,6.065299,5.9295,AT,AKC,urban,persistence
2023-05-31 00:00:00+00:00,1,6.224649,6.065299,AT,AKC,urban,persistence
2023-05-31 01:00:00+00:00,1,6.2016,6.224649,AT,AKC,urban,persistence
2023-05-31 02:00:00+00:00,1,6.57845,6.2016,AT,AKC,urban,persistence
2023-05-31 03:00:00+00:00,1,6.75265,6.57845,AT,AKC,urban,persistence
2023-05-31 04:00:00+00:00,1,7.336449,6.75265,AT,AKC,urban,persistence
2023-05-31 05:00:00+00:00,1,7.704899,7.336449,AT,AKC,urban,persistence
2023-05-31 06:00:00+00:00,1,8.3421,7.704899,AT,AKC,urban,persistence
2023-05-31 07:00:00+00:00,1,7.255249,8.3421,AT,AKC,urban,persistence
2023-05-31 08:00:00+00:00,1,7.16355,7.255249,AT,AKC,urban,persistence
2023-05-31 09:00:00+00:00,1,7.041,7.16355,AT,AKC,urban,persistence
2023-05-31 10:00:00+00:00,1,6.792699,7.041,AT,AKC,urban,persistence
2023-05-31 11:00:00+00:00,1,7.732049,6.792699,AT,AKC,urban,persistence
2023-05-31 12:00:00+00:00,1,7.0171,7.732049,AT,AKC,urban,persistence
2023-05-31 13:00:00+00:00,1,6.571149,7.0171,AT,AKC,urban,persistence
2023-05-31 14:00:00+00:00,1,6.304599,6.571149,AT,AKC,urban,persistence
2023-05-31 15:00:00+00:00,1,5.777199,6.304599,AT,AKC,urban,persistence
2023-05-31 16:00:00+00:00,1,5.873549,5.777199,AT,AKC,urban,persistence
2023-05-31 17:00:00+00:00,1,4.854399,5.873549,AT,AKC,urban,persistence
2023-05-31 18:00:00+00:00,1,5.03485,4.854399,AT,AKC,urban,persistence
2023-05-31 19:00:00+00:00,1,5.61415,5.03485,AT,AKC,urban,persistence
2023-05-31 20:00:00+00:00,1,6.494949,5.61415,AT,AKC,urban,persistence
2023-05-31 21:00:00+00:00,1,6.405099,6.494949,AT,AKC,urban,persistence
2023-05-31 22:00:00+00:00,1,5.927599,6.405099,AT,AKC,urban,persistence
2023-05-31 23:00:00+00:00,1,5.97655,5.927599,AT,AKC,urban,persistence
2023-06-01 00:00:00+00:00,1,6.30815,5.97655,AT,AKC,urban,persistence
2023-06-01 01:00:00+00:00,1,7.010399,6.30815,AT,AKC,urban,persistence
2023-06-01 02:00:00+00:00,1,6.53595,7.010399,AT,AKC,urban,persistence
2023-06-01 03:00:00+00:00,1,7.4651,6.53595,AT,AKC,urban,persistence
2023-06-01 04:00:00+00:00,1,8.397449,7.4651,AT,AKC,urban,persistence
2023-06-01 05:00:00+00:00,1,6.899649,8.397449,AT,AKC,urban,persistence
2023-06-01 06:00:00+00:00,1,6.874199,6.899649,AT,AKC,urban,persistence
2023-06-01 07:00:00+00:00,1,7.862249,6.874199,AT,AKC,urban,persistence
2023-06-01 08:00:00+00:00,1,5.000599,7.862249,AT,AKC,urban,persistence
2023-06-01 09:00:00+00:00,1,5.038399,5.000599,AT,AKC,urban,persistence
2023-06-01 10:00:00+00:00,1,5.4896,5.038399,AT,AKC,urban,persistence
2023-06-01 11:00:00+00:00,1,5.814049,5.4896,AT,AKC,urban,persistence
2023-06-01 12:00:00+00:00,1,6.30255,5.814049,AT,AKC,urban,persistence
2023-06-01 13:00:00+00:00,1,6.920849,6.30255,AT,AKC,urban,persistence
2023-06-01 14:00:00+00:00,1,6.912349,6.920849,AT,AKC,urban,persistence
2023-06-01 15:00:00+00:00,1,6.92315,6.912349,AT,AKC,urban,persistence
2023-06-01 16:00:00+00:00,1,6.57725,6.92315,AT,AKC,urban,persistence
2023-06-01 17:00:00+00:00,1,5.38065,6.57725,AT,AKC,urban,persistence
2023-06-01 18:00:00+00:00,1,5.95765,5.38065,AT,AKC,urban,persistence
2023-06-01 19:00:00+00:00,1,7.220399,5.95765,AT,AKC,urban,persistence
2023-06-01 20:00:00+00:00,1,6.31815,7.220399,AT,AKC,urban,persistence
2023-06-01 21:00:00+00:00,1,5.72265,6.31815,AT,AKC,urban,persistence
2023-06-01 22:00:00+00:00,1,5.754049,5.72265,AT,AKC,urban,persistence
2023-06-01 23:00:00+00:00,1,6.0914,5.754049,AT,AKC,urban,persistence
2023-06-02 00:00:00+00:00,1,6.3456,6.0914,AT,AKC,urban,persistence
2023-06-02 01:00:00+00:00,1,6.961249,6.3456,AT,AKC,urban,persistence
2023-06-02 02:00:00+00:00,1,7.1771,6.961249,AT,AKC,urban,persistence
2023-06-02 03:00:00+00:00,1,9.494249,7.1771,AT,AKC,urban,persistence
2023-06-02 04:00:00+00:00,1,11.423,9.494249,AT,AKC,urban,persistence
2023-06-02 05:00:00+00:00,1,8.355449,11.423,AT,AKC,urban,persistence
2023-06-02 06:00:00+00:00,1,7.53135,8.355449,AT,AKC,urban,persistence
2023-06-02 07:00:00+00:00,1,6.840399,7.53135,AT,AKC,urban,persistence
2023-06-02 08:00:00+00:00,1,7.09635,6.840399,AT,AKC,urban,persistence
2023-06-02 09:00:00+00:00,1,6.106599,7.09635,AT,AKC,urban,persistence
2023-06-02 10:00:00+00:00,1,6.2088,6.106599,AT,AKC,urban,persistence
2023-06-02 11:00:00+00:00,1,5.892499,6.2088,AT,AKC,urban,persistence
2023-06-02 12:00:00+00:00,1,5.959899,5.892499,AT,AKC,urban,persistence
2023-06-02 13:00:00+00:00,1,5.844999,5.959899,AT,AKC,urban,persistence
2023-06-02 14:00:00+00:00,1,6.10305,5.844999,AT,AKC,urban,persistence
2023-06-02 15:00:00+00:00,1,7.301449,6.10305,AT,AKC,urban,persistence
2023-06-02 16:00:00+00:00,1,9.0995,7.301449,AT,AKC,urban,persistence
2023-06-02 17:00:00+00:00,1,9.660799,9.0995,AT,AKC,urban,persistence
2023-06-02 18:00:00+00:00,1,8.9207,9.660799,AT,AKC,urban,persistence
2023-06-02 19:00:00+00:00,1,9.20235,8.9207,AT,AKC,urban,persistence
2023-06-02 20:00:00+00:00,1,9.0894,9.20235,AT,AKC,urban,persistence
2023-06-02 21:00:00+00:00,1,8.0697,9.0894,AT,AKC,urban,persistence
2023-06-02 22:00:00+00:00,1,6.7768,8.0697,AT,AKC,urban,persistence
2023-06-02 23:00:00+00:00,1,6.891149,6.7768,AT,AKC,urban,persistence
2023-06-03 00:00:00+00:00,1,7.16975,6.891149,AT,AKC,urban,persistence
2023-06-03 01:00:00+00:00,1,7.49565,7.16975,AT,AKC,urban,persistence
2023-06-03 02:00:00+00:00,1,7.270999,7.49565,AT,AKC,urban,persistence
2023-06-03 03:00:00+00:00,1,6.8522,7.270999,AT,AKC,urban,persistence
2023-06-03 04:00:00+00:00,1,6.44645,6.8522,AT,AKC,urban,persistence
2023-06-03 05:00:00+00:00,1,5.728499,6.44645,AT,AKC,urban,persistence
2023-06-03 06:00:00+00:00,1,5.2258,5.728499,AT,AKC,urban,persistence
2023-06-03 07:00:00+00:00,1,4.125349,5.2258,AT,AKC,urban,persistence
2023-06-03 08:00:00+00:00,1,3.929399,4.125349,AT,AKC,urban,persistence
2023-06-03 09:00:00+00:00,1,4.178699,3.929399,AT,AKC,urban,persistence
2023-06-03 10:00:00+00:00,1,3.895649,4.178699,AT,AKC,urban,persistence
2023-06-03 11:00:00+00:00,1,3.67,3.895649,AT,AKC,urban,persistence
2023-06-03 12:00:00+00:00,1,3.573899,3.67,AT,AKC,urban,persistence
2023-06-03 13:00:00+00:00,1,3.9636,3.573899,AT,AKC,urban,persistence
2023-06-03 14:00:00+00:00,1,4.06335,3.9636,AT,AKC,urban,persistence
2023-06-03 15:00:00+00:00,1,3.970449,4.06335,AT,AKC,urban,persistence
2023-06-03 16:00:00+00:00,1,4.539,3.970449,AT,AKC,urban,persistence
2023-06-03 17:00:00+00:00,1,4.998149,4.539,AT,AKC,urban,persistence
2023-06-03 18:00:00+00:00,1,5.2227,4.998149,AT,AKC,urban,persistence
2023-06-03 19:00:00+00:00,1,5.40235,5.2227,AT,AKC,urban,persistence
2023-06-03 20:00:00+00:00,1,5.764749,5.40235,AT,AKC,urban,persistence
2023-06-03 21:00:00+00:00,1,5.935899,5.764749,AT,AKC,urban,persistence
2023-06-03 22:00:00+00:00,1,5.9478,5.935899,AT,AKC,urban,persistence
2023-06-03 23:00:00+00:00,1,5.884599,5.9478,AT,AKC,urban,persistence
2023-06-04 00:00:00+00:00,1,5.90575,5.884599,AT,AKC,urban,persistence
2023-06-04 01:00:00+00:00,1,6.235,5.90575,AT,AKC,urban,persistence
2023-06-04 02:00:00+00:00,1,6.616749,6.235,AT,AKC,urban,persistence
2023-06-04 03:00:00+00:00,1,6.3696,6.616749,AT,AKC,urban,persistence
2023-06-04 04:00:00+00:00,1,6.817049,6.3696,AT,AKC,urban,persistence
2023-06-04 05:00:00+00:00,1,7.093899,6.817049,AT,AKC,urban,persistence
2023-06-04 06:00:00+00:00,1,7.2593,7.093899,AT,AKC,urban,persistence
2023-06-04 07:00:00+00:00,1,7.255,7.2593,AT,AKC,urban,persistence
2023-06-04 08:00:00+00:00,1,7.1879,7.255,AT,AKC,urban,persistence
2023-06-04 09:00:00+00:00,1,6.31585,7.1879,AT,AKC,urban,persistence
2023-06-04 10:00:00+00:00,1,5.819149,6.31585,AT,AKC,urban,persistence
2023-06-04 11:00:00+00:00,1,5.9847,5.819149,AT,AKC,urban,persistence
2023-06-04 12:00:00+00:00,1,6.513,5.9847,AT,AKC,urban,persistence
2023-06-04 13:00:00+00:00,1,6.53725,6.513,AT,AKC,urban,persistence
2023-06-04 14:00:00+00:00,1,6.441349,6.53725,AT,AKC,urban,persistence
2023-06-04 15:00:00+00:00,1,6.81655,6.441349,AT,AKC,urban,persistence
2023-06-04 16:00:00+00:00,1,7.217,6.81655,AT,AKC,urban,persistence
2023-06-04 17:00:00+00:00,1,7.28215,7.217,AT,AKC,urban,persistence
2023-06-04 18:00:00+00:00,1,7.314849,7.28215,AT,AKC,urban,persistence
2023-06-04 19:00:00+00:00,1,7.40065,7.314849,AT,AKC,urban,persistence
2023-06-04 20:00:00+00:00,1,7.975349,7.40065,AT,AKC,urban,persistence
2023-06-04 21:00:00+00:00,1,8.442449,7.975349,AT,AKC,urban,persistence
2023-06-04 22:00:00+00:00,1,10.417,8.442449,AT,AKC,urban,persistence
2023-06-04 23:00:00+00:00,1,11.176,10.417,AT,AKC,urban,persistence
2023-06-05 00:00:00+00:00,1,13.655,11.176,AT,AKC,urban,persistence
2023-06-05 01:00:00+00:00,1,18.4915,13.655,AT,AKC,urban,persistence
2023-06-05 02:00:00+00:00,1,15.586,18.4915,AT,AKC,urban,persistence
2023-06-05 03:00:00+00:00,1,17.683,15.586,AT,AKC,urban,persistence
2023-06-05 04:00:00+00:00,1,18.9435,17.683,AT,AKC,urban,persistence
2023-06-05 05:00:00+00:00,1,17.146,18.9435,AT,AKC,urban,persistence
2023-06-05 06:00:00+00:00,1,13.034,17.146,AT,AKC,urban,persistence
2023-06-05 07:00:00+00:00,1,12.2995,13.034,AT,AKC,urban,persistence
2023-06-05 08:00:00+00:00,1,11.207,12.2995,AT,AKC,urban,persistence
2023-06-05 09:00:00+00:00,1,11.91,11.207,AT,AKC,urban,persistence
2023-06-05 10:00:00+00:00,1,10.66245,11.91,AT,AKC,urban,persistence
2023-06-05 11:00:00+00:00,1,7.878449,10.66245,AT,AKC,urban,persistence
2023-06-05 12:00:00+00:00,1,8.7073,7.878449,AT,AKC,urban,persistence
2023-06-05 13:00:00+00:00,1,9.3667,8.7073,AT,AKC,urban,persistence
2023-06-05 14:00:00+00:00,1,10.55945,9.3667,AT,AKC,urban,persistence
2023-06-05 15:00:00+00:00,1,9.545499,10.55945,AT,AKC,urban,persistence
2023-06-05 16:00:00+00:00,1,10.0223,9.545499,AT,AKC,urban,persistence
2023-06-05 17:00:00+00:00,1,10.2642,10.0223,AT,AKC,urban,persistence
2023-06-05 18:00:00+00:00,1,11.86,10.2642,AT,AKC,urban,persistence
2023-06-05 19:00:00+00:00,1,9.540051,11.86,AT,AKC,urban,persistence
2023-06-05 20:00:00+00:00,1,9.417749,9.540051,AT,AKC,urban,persistence
2023-06-05 21:00:00+00:00,1,10.5665,9.417749,AT,AKC,urban,persistence
2023-06-05 22:00:00+00:00,1,11.647,10.5665,AT,AKC,urban,persistence
2023-06-05 23:00:00+00:00,1,11.793,11.647,AT,AKC,urban,persistence
2023-06-06 00:00:00+00:00,1,11.5505,11.793,AT,AKC,urban,persistence
2023-06-06 01:00:00+00:00,1,11.694,11.5505,AT,AKC,urban,persistence
2023-06-06 02:00:00+00:00,1,12.1485,11.694,AT,AKC,urban,persistence
2023-06-06 03:00:00+00:00,1,12.5495,12.1485,AT,AKC,urban,persistence
2023-06-06 04:00:00+00:00,1,13.4615,12.5495,AT,AKC,urban,persistence
2023-06-06 05:00:00+00:00,1,12.871,13.4615,AT,AKC,urban,persistence
2023-06-06 06:00:00+00:00,1,12.9305,12.871,AT,AKC,urban,persistence
2023-06-06 07:00:00+00:00,1,13.6535,12.9305,AT,AKC,urban,persistence
2023-06-06 08:00:00+00:00,1,11.85,13.6535,AT,AKC,urban,persistence
2023-06-06 09:00:00+00:00,1,10.10595,11.85,AT,AKC,urban,persistence
2023-06-06 10:00:00+00:00,1,9.807749,10.10595,AT,AKC,urban,persistence
2023-06-06 11:00:00+00:00,1,11.7315,9.807749,AT,AKC,urban,persistence
2023-06-06 12:00:00+00:00,1,12.136,11.7315,AT,AKC,urban,persistence
2023-06-06 13:00:00+00:00,1,10.06805,12.136,AT,AKC,urban,persistence
2023-06-06 14:00:00+00:00,1,15.0175,10.06805,AT,AKC,urban,persistence
2023-06-06 15:00:00+00:00,1,9.6834,15.0175,AT,AKC,urban,persistence
2023-06-06 16:00:00+00:00,1,8.03235,9.6834,AT,AKC,urban,persistence
2023-06-06 17:00:00+00:00,1,9.09485,8.03235,AT,AKC,urban,persistence
2023-06-06 18:00:00+00:00,1,10.169,9.09485,AT,AKC,urban,persistence
2023-06-06 19:00:00+00:00,1,11.1375,10.169,AT,AKC,urban,persistence
2023-06-06 20:00:00+00:00,1,10.402,11.1375,AT,AKC,urban,persistence
2023-06-06 21:00:00+00:00,1,7.8365,10.402,AT,AKC,urban,persistence
2023-06-06 22:00:00+00:00,1,7.9534,7.8365,AT,AKC,urban,persistence
2023-06-06 23:00:00+00:00,1,8.35555,7.9534,AT,AKC,urban,persistence
2023-06-07 00:00:00+00:00,1,7.084549,8.35555,AT,AKC,urban,persistence
2023-06-07 01:00:00+00:00,1,6.88485,7.084549,AT,AKC,urban,persistence
2023-06-07 02:00:00+00:00,1,9.737299,6.88485,AT,AKC,urban,persistence
2023-06-07 03:00:00+00:00,1,8.54215,9.737299,AT,AKC,urban,persistence
2023-06-07 04:00:00+00:00,1,8.133799,8.54215,AT,AKC,urban,persistence
2023-06-07 05:00:00+00:00,1,9.773099,8.133799,AT,AKC,urban,persistence
2023-06-07 06:00:00+00:00,1,11.278,9.773099,AT,AKC,urban,persistence
2023-06-07 07:00:00+00:00,1,11.2135,11.278,AT,AKC,urban,persistence
2023-06-07 08:00:00+00:00,1,10.5103,11.2135,AT,AKC,urban,persistence
2023-06-07 09:00:00+00:00,1,9.636549,10.5103,AT,AKC,urban,persistence
2023-06-07 10:00:00+00:00,1,9.81175,9.636549,AT,AKC,urban,persistence
2023-06-07 11:00:00+00:00,1,9.25065,9.81175,AT,AKC,urban,persistence
2023-06-07 12:00:00+00:00,1,8.810499,9.25065,AT,AKC,urban,persistence
2023-06-07 13:00:00+00:00,1,11.18065,8.810499,AT,AKC,urban,persistence
2023-06-07 14:00:00+00:00,1,6.124449,11.18065,AT,AKC,urban,persistence
2023-06-07 15:00:00+00:00,1,7.550849,6.124449,AT,AKC,urban,persistence
2023-06-07 16:00:00+00:00,1,9.283349,7.550849,AT,AKC,urban,persistence
2023-06-07 17:00:00+00:00,1,8.6119,9.283349,AT,AKC,urban,persistence
2023-06-07 18:00:00+00:00,1,10.867,8.6119,AT,AKC,urban,persistence
2023-06-07 19:00:00+00:00,1,8.978599,10.867,AT,AKC,urban,persistence
2023-06-07 20:00:00+00:00,1,8.64225,8.978599,AT,AKC,urban,persistence
2023-06-07 21:00:00+00:00,1,9.573949,8.64225,AT,AKC,urban,persistence
2023-06-07 22:00:00+00:00,1,10.02165,9.573949,AT,AKC,urban,persistence
2023-06-07 23:00:00+00:00,1,9.8687,10.02165,AT,AKC,urban,persistence
2023-06-08 00:00:00+00:00,1,9.5451,9.8687,AT,AKC,urban,persistence
2023-06-08 01:00:00+00:00,1,9.887049,9.5451,AT,AKC,urban,persistence
2023-06-08 02:00:00+00:00,1,10.724,9.887049,AT,AKC,urban,persistence
2023-06-08 03:00:00+00:00,1,11.078,10.724,AT,AKC,urban,persistence
2023-06-08 04:00:00+00:00,1,12.298,11.078,AT,AKC,urban,persistence
2023-06-08 05:00:00+00:00,1,13.3535,12.298,AT,AKC,urban,persistence
2023-06-08 06:00:00+00:00,1,12.596,13.3535,AT,AKC,urban,persistence
2023-06-08 07:00:00+00:00,1,14.7385,12.596,AT,AKC,urban,persistence
2023-06-08 08:00:00+00:00,1,11.469,14.7385,AT,AKC,urban,persistence
2023-06-08 09:00:00+00:00,1,9.7353,11.469,AT,AKC,urban,persistence
2023-06-08 10:00:00+00:00,1,8.6687,9.7353,AT,AKC,urban,persistence
2023-06-08 11:00:00+00:00,1,9.114299,8.6687,AT,AKC,urban,persistence
2023-06-08 12:00:00+00:00,1,8.948749,9.114299,AT,AKC,urban,persistence
2023-06-08 13:00:00+00:00,1,6.455849,8.948749,AT,AKC,urban,persistence
2023-06-08 14:00:00+00:00,1,6.7184,6.455849,AT,AKC,urban,persistence
2023-06-08 15:00:00+00:00,1,5.87465,6.7184,AT,AKC,urban,persistence
2023-06-08 16:00:00+00:00,1,5.4635,5.87465,AT,AKC,urban,persistence
2023-06-08 17:00:00+00:00,1,5.740449,5.4635,AT,AKC,urban,persistence
2023-06-08 18:00:00+00:00,1,6.814199,5.740449,AT,AKC,urban,persistence
2023-06-08 19:00:00+00:00,1,7.308599,6.814199,AT,AKC,urban,persistence
2023-06-08 20:00:00+00:00,1,7.3898,7.308599,AT,AKC,urban,persistence
2023-06-08 21:00:00+00:00,1,6.486599,7.3898,AT,AKC,urban,persistence
2023-06-08 22:00:00+00:00,1,7.468649,6.486599,AT,AKC,urban,persistence
2023-06-08 23:00:00+00:00,1,8.188949,7.468649,AT,AKC,urban,persistence
2023-06-09 00:00:00+00:00,1,9.3663,8.188949,AT,AKC,urban,persistence
2023-06-09 01:00:00+00:00,1,9.762849,9.3663,AT,AKC,urban,persistence
2023-06-09 02:00:00+00:00,1,10.4935,9.762849,AT,AKC,urban,persistence
2023-06-09 03:00:00+00:00,1,10.4385,10.4935,AT,AKC,urban,persistence
2023-06-09 04:00:00+00:00,1,9.828449,10.4385,AT,AKC,urban,persistence
2023-06-09 05:00:00+00:00,1,9.08785,9.828449,AT,AKC,urban,persistence
2023-06-09 06:00:00+00:00,1,9.376449,9.08785,AT,AKC,urban,persistence
2023-06-09 07:00:00+00:00,1,8.8374,9.376449,AT,AKC,urban,persistence
2023-06-09 08:00:00+00:00,1,9.48785,8.8374,AT,AKC,urban,persistence
2023-06-09 09:00:00+00:00,1,9.488599,9.48785,AT,AKC,urban,persistence
2023-06-09 10:00:00+00:00,1,9.3192,9.488599,AT,AKC,urban,persistence
2023-06-09 11:00:00+00:00,1,8.592,9.3192,AT,AKC,urban,persistence
2023-06-09 12:00:00+00:00,1,7.917449,8.592,AT,AKC,urban,persistence
2023-06-09 13:00:00+00:00,1,7.08695,7.917449,AT,AKC,urban,persistence
2023-06-09 14:00:00+00:00,1,8.239999,7.08695,AT,AKC,urban,persistence
2023-06-09 15:00:00+00:00,1,6.538749,8.239999,AT,AKC,urban,persistence
2023-06-09 16:00:00+00:00,1,6.24055,6.538749,AT,AKC,urban,persistence
2023-06-09 17:00:00+00:00,1,5.277449,6.24055,AT,AKC,urban,persistence
2023-06-09 18:00:00+00:00,1,5.647099,5.277449,AT,AKC,urban,persistence
2023-06-09 19:00:00+00:00,1,5.8963,5.647099,AT,AKC,urban,persistence
2023-06-09 20:00:00+00:00,1,4.583849,5.8963,AT,AKC,urban,persistence
2023-06-09 21:00:00+00:00,1,5.061749,4.583849,AT,AKC,urban,persistence
2023-06-09 22:00:00+00:00,1,5.730549,5.061749,AT,AKC,urban,persistence
2023-06-09 23:00:00+00:00,1,6.469599,5.730549,AT,AKC,urban,persistence
2023-06-10 00:00:00+00:00,1,7.647999,6.469599,AT,AKC,urban,persistence
2023-06-10 01:00:00+00:00,1,9.8,7.647999,AT,AKC,urban,persistence
2023-06-10 02:00:00+00:00,1,9.89115,9.8,AT,AKC,urban,persistence
2023-06-10 03:00:00+00:00,1,11.6065,9.89115,AT,AKC,urban,persistence
2023-06-10 04:00:00+00:00,1,13.362,11.6065,AT,AKC,urban,persistence
2023-06-10 05:00:00+00:00,1,15.678,13.362,AT,AKC,urban,persistence
2023-06-10 06:00:00+00:00,1,15.253,15.678,AT,AKC,urban,persistence
2023-06-10 07:00:00+00:00,1,14.2675,15.253,AT,AKC,urban,persistence
2023-06-10 08:00:00+00:00,1,13.013,14.2675,AT,AKC,urban,persistence
2023-06-10 09:00:00+00:00,1,10.649,13.013,AT,AKC,urban,persistence
2023-06-10 10:00:00+00:00,1,9.5911,10.649,AT,AKC,urban,persistence
2023-06-10 11:00:00+00:00,1,9.003299,9.5911,AT,AKC,urban,persistence
2023-06-10 12:00:00+00:00,1,9.19535,9.003299,AT,AKC,urban,persistence
2023-06-10 13:00:00+00:00,1,9.000949,9.19535,AT,AKC,urban,persistence
2023-06-10 14:00:00+00:00,1,8.20615,9.000949,AT,AKC,urban,persistence
2023-06-10 15:00:00+00:00,1,8.0591,8.20615,AT,AKC,urban,persistence
2023-06-10 16:00:00+00:00,1,8.992799,8.0591,AT,AKC,urban,persistence
2023-06-10 17:00:00+00:00,1,11.188,8.992799,AT,AKC,urban,persistence
2023-06-10 18:00:00+00:00,1,12.112,11.188,AT,AKC,urban,persistence
2023-06-10 19:00:00+00:00,1,11.715,12.112,AT,AKC,urban,persistence
2023-06-10 20:00:00+00:00,1,11.6035,11.715,AT,AKC,urban,persistence
2023-06-10 21:00:00+00:00,1,11.4635,11.6035,AT,AKC,urban,persistence
2023-06-10 22:00:00+00:00,1,9.891349,11.4635,AT,AKC,urban,persistence
2023-06-10 23:00:00+00:00,1,9.378,9.891349,AT,AKC,urban,persistence
2023-06-11 00:00:00+00:00,1,9.5412,9.378,AT,AKC,urban,persistence
2023-06-11 01:00:00+00:00,1,9.365949,9.5412,AT,AKC,urban,persistence
2023-06-11 02:00:00+00:00,1,9.4594,9.365949,AT,AKC,urban,persistence
2023-06-11 03:00:00+00:00,1,9.55755,9.4594,AT,AKC,urban,persistence
2023-06-11 04:00:00+00:00,1,10.9395,9.55755,AT,AKC,urban,persistence
2023-06-11 05:00:00+00:00,1,11.3105,10.9395,AT,AKC,urban,persistence
2023-06-11 06:00:00+00:00,1,11.7435,11.3105,AT,AKC,urban,persistence
2023-06-11 07:00:00+00:00,1,11.5145,11.7435,AT,AKC,urban,persistence
2023-06-11 08:00:00+00:00,1,11.091,11.5145,AT,AKC,urban,persistence
2023-06-11 09:00:00+00:00,1,10.6365,11.091,AT,AKC,urban,persistence
2023-06-11 10:00:00+00:00,1,10.7895,10.6365,AT,AKC,urban,persistence
2023-06-11 11:00:00+00:00,1,10.465,10.7895,AT,AKC,urban,persistence
2023-06-11 12:00:00+00:00,1,9.4785,10.465,AT,AKC,urban,persistence
2023-06-11 13:00:00+00:00,1,9.450849,9.4785,AT,AKC,urban,persistence
2023-06-11 14:00:00+00:00,1,8.933199,9.450849,AT,AKC,urban,persistence
2023-06-11 15:00:00+00:00,1,8.56825,8.933199,AT,AKC,urban,persistence
2023-06-11 16:00:00+00:00,1,8.35375,8.56825,AT,AKC,urban,persistence
2023-06-11 17:00:00+00:00,1,8.036399,8.35375,AT,AKC,urban,persistence
2023-06-11 18:00:00+00:00,1,8.39735,8.036399,AT,AKC,urban,persistence
2023-06-11 19:00:00+00:00,1,8.8631,8.39735,AT,AKC,urban,persistence
2023-06-11 20:00:00+00:00,1,8.9523,8.8631,AT,AKC,urban,persistence
2023-06-11 21:00:00+00:00,1,9.20895,8.9523,AT,AKC,urban,persistence
2023-06-11 22:00:00+00:00,1,9.11395,9.20895,AT,AKC,urban,persistence
2023-06-11 23:00:00+00:00,1,9.000949,9.11395,AT,AKC,urban,persistence
2023-06-12 00:00:00+00:00,1,8.5445,9.000949,AT,AKC,urban,persistence
2023-06-12 01:00:00+00:00,1,8.326749,8.5445,AT,AKC,urban,persistence
2023-06-12 02:00:00+00:00,1,8.479149,8.326749,AT,AKC,urban,persistence
2023-06-12 03:00:00+00:00,1,8.041649,8.479149,AT,AKC,urban,persistence
2023-06-12 04:00:00+00:00,1,7.9418,8.041649,AT,AKC,urban,persistence
2023-06-12 05:00:00+00:00,1,8.37325,7.9418,AT,AKC,urban,persistence
2023-06-12 06:00:00+00:00,1,7.8189,8.37325,AT,AKC,urban,persistence
2023-06-12 07:00:00+00:00,1,7.884349,7.8189,AT,AKC,urban,persistence
2023-06-12 08:00:00+00:00,1,6.993299,7.884349,AT,AKC,urban,persistence
2023-06-12 09:00:00+00:00,1,6.22205,6.993299,AT,AKC,urban,persistence
2023-06-12 10:00:00+00:00,1,6.598599,6.22205,AT,AKC,urban,persistence
2023-06-12 11:00:00+00:00,1,5.030849,6.598599,AT,AKC,urban,persistence
2023-06-12 12:00:00+00:00,1,5.14035,5.030849,AT,AKC,urban,persistence
2023-06-12 13:00:00+00:00,1,5.529299,5.14035,AT,AKC,urban,persistence
2023-06-12 14:00:00+00:00,1,5.711799,5.529299,AT,AKC,urban,persistence
2023-06-12 15:00:00+00:00,1,5.830399,5.711799,AT,AKC,urban,persistence
2023-06-12 16:00:00+00:00,1,5.878899,5.830399,AT,AKC,urban,persistence
2023-06-12 17:00:00+00:00,1,6.222399,5.878899,AT,AKC,urban,persistence
2023-06-12 18:00:00+00:00,1,6.23365,6.222399,AT,AKC,urban,persistence
2023-06-12 19:00:00+00:00,1,6.208849,6.23365,AT,AKC,urban,persistence
2023-06-12 20:00:00+00:00,1,6.06235,6.208849,AT,AKC,urban,persistence
2023-06-12 21:00:00+00:00,1,5.80105,6.06235,AT,AKC,urban,persistence
2023-06-12 22:00:00+00:00,1,5.878749,5.80105,AT,AKC,urban,persistence
2023-06-12 23:00:00+00:00,1,5.88905,5.878749,AT,AKC,urban,persistence
2023-06-13 00:00:00+00:00,1,5.85195,5.88905,AT,AKC,urban,persistence
2023-06-13 01:00:00+00:00,1,5.7761,5.85195,AT,AKC,urban,persistence
2023-06-13 02:00:00+00:00,1,6.084449,5.7761,AT,AKC,urban,persistence
2023-06-13 03:00:00+00:00,1,6.7184,6.084449,AT,AKC,urban,persistence
2023-06-13 04:00:00+00:00,1,6.3233,6.7184,AT,AKC,urban,persistence
2023-06-13 05:00:00+00:00,1,6.5116,6.3233,AT,AKC,urban,persistence
2023-06-13 06:00:00+00:00,1,6.16135,6.5116,AT,AKC,urban,persistence
2023-06-13 07:00:00+00:00,1,5.1876,6.16135,AT,AKC,urban,persistence
2023-06-13 08:00:00+00:00,1,4.96255,5.1876,AT,AKC,urban,persistence
2023-06-13 09:00:00+00:00,1,4.79685,4.96255,AT,AKC,urban,persistence
2023-06-13 10:00:00+00:00,1,4.803299,4.79685,AT,AKC,urban,persistence
2023-06-13 11:00:00+00:00,1,4.777349,4.803299,AT,AKC,urban,persistence
2023-06-13 12:00:00+00:00,1,4.671999,4.777349,AT,AKC,urban,persistence
2023-06-13 13:00:00+00:00,1,5.1627,4.671999,AT,AKC,urban,persistence
2023-06-13 14:00:00+00:00,1,4.971249,5.1627,AT,AKC,urban,persistence
2023-06-13 15:00:00+00:00,1,5.0353,4.971249,AT,AKC,urban,persistence
2023-06-13 16:00:00+00:00,1,4.8891,5.0353,AT,AKC,urban,persistence
2023-06-13 17:00:00+00:00,1,5.736999,4.8891,AT,AKC,urban,persistence
2023-06-13 18:00:00+00:00,1,6.697899,5.736999,AT,AKC,urban,persistence
2023-06-13 19:00:00+00:00,1,7.600649,6.697899,AT,AKC,urban,persistence
2023-06-13 20:00:00+00:00,1,7.649049,7.600649,AT,AKC,urban,persistence
2023-06-13 21:00:00+00:00,1,7.701499,7.649049,AT,AKC,urban,persistence
2023-06-13 22:00:00+00:00,1,7.7781,7.701499,AT,AKC,urban,persistence
2023-06-13 23:00:00+00:00,1,7.852,7.7781,AT,AKC,urban,persistence
2023-06-14 00:00:00+00:00,1,8.027099,7.852,AT,AKC,urban,persistence
2023-06-14 01:00:00+00:00,1,8.219099,8.027099,AT,AKC,urban,persistence
2023-06-14 02:00:00+00:00,1,8.214,8.219099,AT,AKC,urban,persistence
2023-06-14 03:00:00+00:00,1,8.405099,8.214,AT,AKC,urban,persistence
2023-06-14 04:00:00+00:00,1,8.281099,8.405099,AT,AKC,urban,persistence
2023-06-14 05:00:00+00:00,1,8.19445,8.281099,AT,AKC,urban,persistence
2023-06-14 06:00:00+00:00,1,7.6961,8.19445,AT,AKC,urban,persistence
2023-06-14 07:00:00+00:00,1,7.39365,7.6961,AT,AKC,urban,persistence
2023-06-14 08:00:00+00:00,1,6.5823,7.39365,AT,AKC,urban,persistence
2023-06-14 09:00:00+00:00,1,7.0261,6.5823,AT,AKC,urban,persistence
2023-06-14 10:00:00+00:00,1,6.4207,7.0261,AT,AKC,urban,persistence
2023-06-14 11:00:00+00:00,1,6.972,6.4207,AT,AKC,urban,persistence
2023-06-14 12:00:00+00:00,1,7.007249,6.972,AT,AKC,urban,persistence
2023-06-14 13:00:00+00:00,1,6.80875,7.007249,AT,AKC,urban,persistence
2023-06-14 14:00:00+00:00,1,6.640749,6.80875,AT,AKC,urban,persistence
2023-06-14 15:00:00+00:00,1,7.03985,6.640749,AT,AKC,urban,persistence
2023-06-14 16:00:00+00:00,1,7.25955,7.03985,AT,AKC,urban,persistence
2023-06-14 17:00:00+00:00,1,7.9017,7.25955,AT,AKC,urban,persistence
2023-06-14 18:00:00+00:00,1,8.269599,7.9017,AT,AKC,urban,persistence
2023-06-14 19:00:00+00:00,1,8.6874,8.269599,AT,AKC,urban,persistence
2023-06-14 20:00:00+00:00,1,8.5986,8.6874,AT,AKC,urban,persistence
2023-06-14 21:00:00+00:00,1,7.984649,8.5986,AT,AKC,urban,persistence
2023-06-14 22:00:00+00:00,1,7.850399,7.984649,AT,AKC,urban,persistence
2023-06-14 23:00:00+00:00,1,7.918549,7.850399,AT,AKC,urban,persistence
2023-06-15 00:00:00+00:00,1,7.752049,7.918549,AT,AKC,urban,persistence
2023-06-15 01:00:00+00:00,1,8.08385,7.752049,AT,AKC,urban,persistence
2023-06-15 02:00:00+00:00,1,8.7061,8.08385,AT,AKC,urban,persistence
2023-06-15 03:00:00+00:00,1,9.6982,8.7061,AT,AKC,urban,persistence
2023-06-15 04:00:00+00:00,1,10.6005,9.6982,AT,AKC,urban,persistence
2023-06-15 05:00:00+00:00,1,10.25795,10.6005,AT,AKC,urban,persistence
2023-06-15 06:00:00+00:00,1,8.908649,10.25795,AT,AKC,urban,persistence
2023-06-15 07:00:00+00:00,1,8.090149,8.908649,AT,AKC,urban,persistence
2023-06-15 08:00:00+00:00,1,7.265399,8.090149,AT,AKC,urban,persistence
2023-06-15 09:00:00+00:00,1,7.3709,7.265399,AT,AKC,urban,persistence
2023-06-15 10:00:00+00:00,1,6.436049,7.3709,AT,AKC,urban,persistence
2023-06-15 11:00:00+00:00,1,5.890649,6.436049,AT,AKC,urban,persistence
2023-06-15 12:00:00+00:00,1,5.490449,5.890649,AT,AKC,urban,persistence
2023-06-15 13:00:00+00:00,1,5.085049,5.490449,AT,AKC,urban,persistence
2023-06-15 14:00:00+00:00,1,5.6934,5.085049,AT,AKC,urban,persistence
2023-06-15 15:00:00+00:00,1,5.851799,5.6934,AT,AKC,urban,persistence
2023-06-15 16:00:00+00:00,1,6.52815,5.851799,AT,AKC,urban,persistence
2023-06-15 17:00:00+00:00,1,7.17255,6.52815,AT,AKC,urban,persistence
2023-06-15 18:00:00+00:00,1,7.798699,7.17255,AT,AKC,urban,persistence
2023-06-15 19:00:00+00:00,1,6.74905,7.798699,AT,AKC,urban,persistence
2023-06-15 20:00:00+00:00,1,6.731349,6.74905,AT,AKC,urban,persistence
2023-06-15 21:00:00+00:00,1,6.4112,6.731349,AT,AKC,urban,persistence
2023-06-15 22:00:00+00:00,1,6.809249,6.4112,AT,AKC,urban,persistence
2023-06-15 23:00:00+00:00,1,5.834849,6.809249,AT,AKC,urban,persistence
2023-06-16 00:00:00+00:00,1,5.391499,5.834849,AT,AKC,urban,persistence
2023-06-16 01:00:00+00:00,1,5.111249,5.391499,AT,AKC,urban,persistence
2023-06-16 02:00:00+00:00,1,5.745049,5.111249,AT,AKC,urban,persistence
2023-06-16 03:00:00+00:00,1,6.6556,5.745049,AT,AKC,urban,persistence
2023-06-16 04:00:00+00:00,1,6.6926,6.6556,AT,AKC,urban,persistence
2023-06-16 05:00:00+00:00,1,7.04475,6.6926,AT,AKC,urban,persistence
2023-06-16 06:00:00+00:00,1,7.11595,7.04475,AT,AKC,urban,persistence
2023-06-16 07:00:00+00:00,1,6.985349,7.11595,AT,AKC,urban,persistence
2023-06-16 08:00:00+00:00,1,6.892749,6.985349,AT,AKC,urban,persistence
2023-06-16 09:00:00+00:00,1,5.81645,6.892749,AT,AKC,urban,persistence
2023-06-16 10:00:00+00:00,1,6.738699,5.81645,AT,AKC,urban,persistence
2023-06-16 11:00:00+00:00,1,7.42215,6.738699,AT,AKC,urban,persistence
2023-06-16 12:00:00+00:00,1,7.786049,7.42215,AT,AKC,urban,persistence
2023-06-16 13:00:00+00:00,1,8.525949,7.786049,AT,AKC,urban,persistence
2023-06-16 14:00:00+00:00,1,8.554149,8.525949,AT,AKC,urban,persistence
2023-06-16 15:00:00+00:00,1,6.9972,8.554149,AT,AKC,urban,persistence
2023-06-16 16:00:00+00:00,1,5.9579,6.9972,AT,AKC,urban,persistence
2023-06-16 17:00:00+00:00,1,6.8498,5.9579,AT,AKC,urban,persistence
2023-06-16 18:00:00+00:00,1,7.3144,6.8498,AT,AKC,urban,persistence
2023-06-16 19:00:00+00:00,1,5.7747,7.3144,AT,AKC,urban,persistence
2023-06-16 20:00:00+00:00,1,5.658499,5.7747,AT,AKC,urban,persistence
2023-06-16 21:00:00+00:00,1,6.75775,5.658499,AT,AKC,urban,persistence
2023-06-16 22:00:00+00:00,1,6.74985,6.75775,AT,AKC,urban,persistence
2023-06-16 23:00:00+00:00,1,6.815799,6.74985,AT,AKC,urban,persistence
2023-06-17 00:00:00+00:00,1,7.390199,6.815799,AT,AKC,urban,persistence
2023-06-17 01:00:00+00:00,1,7.456199,7.390199,AT,AKC,urban,persistence
2023-06-17 02:00:00+00:00,1,7.2951,7.456199,AT,AKC,urban,persistence
2023-06-17 03:00:00+00:00,1,6.343349,7.2951,AT,AKC,urban,persistence
2023-06-17 04:00:00+00:00,1,7.851799,6.343349,AT,AKC,urban,persistence
2023-06-17 05:00:00+00:00,1,6.0719,7.851799,AT,AKC,urban,persistence
2023-06-17 06:00:00+00:00,1,5.65155,6.0719,AT,AKC,urban,persistence
2023-06-17 07:00:00+00:00,1,5.713899,5.65155,AT,AKC,urban,persistence
2023-06-17 08:00:00+00:00,1,5.8329,5.713899,AT,AKC,urban,persistence
2023-06-17 09:00:00+00:00,1,6.0115,5.8329,AT,AKC,urban,persistence
2023-06-17 10:00:00+00:00,1,5.364749,6.0115,AT,AKC,urban,persistence
2023-06-17 11:00:00+00:00,1,7.417599,5.364749,AT,AKC,urban,persistence
2023-06-17 12:00:00+00:00,1,8.220749,7.417599,AT,AKC,urban,persistence
2023-06-17 13:00:00+00:00,1,4.2328,8.220749,AT,AKC,urban,persistence
2023-06-17 14:00:00+00:00,1,4.702199,4.2328,AT,AKC,urban,persistence
2023-06-17 15:00:00+00:00,1,4.376949,4.702199,AT,AKC,urban,persistence
2023-06-17 16:00:00+00:00,1,5.2413,4.376949,AT,AKC,urban,persistence
2023-06-17 17:00:00+00:00,1,5.66615,5.2413,AT,AKC,urban,persistence
2023-06-17 18:00:00+00:00,1,5.786,5.66615,AT,AKC,urban,persistence
2023-06-17 19:00:00+00:00,1,6.166649,5.786,AT,AKC,urban,persistence
2023-06-17 20:00:00+00:00,1,6.502249,6.166649,AT,AKC,urban,persistence
2023-06-17 21:00:00+00:00,1,6.6822,6.502249,AT,AKC,urban,persistence
2023-06-17 22:00:00+00:00,1,7.798399,6.6822,AT,AKC,urban,persistence
2023-06-17 23:00:00+00:00,1,9.040699,7.798399,AT,AKC,urban,persistence
2023-06-18 00:00:00+00:00,1,8.901649,9.040699,AT,AKC,urban,persistence
2023-06-18 01:00:00+00:00,1,8.192449,8.901649,AT,AKC,urban,persistence
2023-06-18 02:00:00+00:00,1,9.43655,8.192449,AT,AKC,urban,persistence
2023-06-18 03:00:00+00:00,1,10.1303,9.43655,AT,AKC,urban,persistence
2023-06-18 04:00:00+00:00,1,10.5345,10.1303,AT,AKC,urban,persistence
2023-06-18 05:00:00+00:00,1,8.838199,10.5345,AT,AKC,urban,persistence
2023-06-18 06:00:00+00:00,1,7.2053,8.838199,AT,AKC,urban,persistence
2023-06-18 07:00:00+00:00,1,7.02075,7.2053,AT,AKC,urban,persistence
2023-06-18 08:00:00+00:00,1,7.441499,7.02075,AT,AKC,urban,persistence
2023-06-18 09:00:00+00:00,1,7.4506,7.441499,AT,AKC,urban,persistence
2023-06-18 10:00:00+00:00,1,7.02565,7.4506,AT,AKC,urban,persistence
2023-06-18 11:00:00+00:00,1,6.116399,7.02565,AT,AKC,urban,persistence
2023-06-18 12:00:00+00:00,1,6.4363,6.116399,AT,AKC,urban,persistence
2023-06-18 13:00:00+00:00,1,6.529549,6.4363,AT,AKC,urban,persistence
2023-06-18 14:00:00+00:00,1,6.878149,6.529549,AT,AKC,urban,persistence
2023-06-18 15:00:00+00:00,1,7.4918,6.878149,AT,AKC,urban,persistence
2023-06-18 16:00:00+00:00,1,7.997849,7.4918,AT,AKC,urban,persistence
2023-06-18 17:00:00+00:00,1,8.47865,7.997849,AT,AKC,urban,persistence
2023-06-18 18:00:00+00:00,1,9.410699,8.47865,AT,AKC,urban,persistence
2023-06-18 19:00:00+00:00,1,11.103,9.410699,AT,AKC,urban,persistence
2023-06-18 20:00:00+00:00,1,11.1905,11.103,AT,AKC,urban,persistence
2023-06-18 21:00:00+00:00,1,11.997,11.1905,AT,AKC,urban,persistence
2023-06-18 22:00:00+00:00,1,12.7455,11.997,AT,AKC,urban,persistence
2023-06-18 23:00:00+00:00,1,11.766,12.7455,AT,AKC,urban,persistence
2023-06-19 00:00:00+00:00,1,12.654,11.766,AT,AKC,urban,persistence
2023-06-19 01:00:00+00:00,1,15.2315,12.654,AT,AKC,urban,persistence
2023-06-19 02:00:00+00:00,1,15.8295,15.2315,AT,AKC,urban,persistence
2023-06-19 03:00:00+00:00,1,16.5285,15.8295,AT,AKC,urban,persistence
2023-06-19 04:00:00+00:00,1,17.0085,16.5285,AT,AKC,urban,persistence
2023-06-19 05:00:00+00:00,1,14.1665,17.0085,AT,AKC,urban,persistence
2023-06-19 06:00:00+00:00,1,13.992,14.1665,AT,AKC,urban,persistence
2023-06-19 07:00:00+00:00,1,12.375,13.992,AT,AKC,urban,persistence
2023-06-19 08:00:00+00:00,1,10.433,12.375,AT,AKC,urban,persistence
2023-06-19 09:00:00+00:00,1,9.77655,10.433,AT,AKC,urban,persistence
2023-06-19 10:00:00+00:00,1,8.60515,9.77655,AT,AKC,urban,persistence
2023-06-19 11:00:00+00:00,1,7.3399,8.60515,AT,AKC,urban,persistence
2023-06-19 12:00:00+00:00,1,7.53505,7.3399,AT,AKC,urban,persistence
2023-06-19 13:00:00+00:00,1,7.674799,7.53505,AT,AKC,urban,persistence
2023-06-19 14:00:00+00:00,1,7.59765,7.674799,AT,AKC,urban,persistence
2023-06-19 15:00:00+00:00,1,7.808249,7.59765,AT,AKC,urban,persistence
2023-06-19 16:00:00+00:00,1,8.4166,7.808249,AT,AKC,urban,persistence
2023-06-19 17:00:00+00:00,1,8.712349,8.4166,AT,AKC,urban,persistence
2023-06-19 18:00:00+00:00,1,10.3441,8.712349,AT,AKC,urban,persistence
2023-06-19 19:00:00+00:00,1,10.9535,10.3441,AT,AKC,urban,persistence
2023-06-19 20:00:00+00:00,1,13.144,10.9535,AT,AKC,urban,persistence
2023-06-19 21:00:00+00:00,1,12.8765,13.144,AT,AKC,urban,persistence
2023-06-19 22:00:00+00:00,1,13.36,12.8765,AT,AKC,urban,persistence
2023-06-19 23:00:00+00:00,1,14.783,13.36,AT,AKC,urban,persistence
2023-06-20 00:00:00+00:00,1,15.651,14.783,AT,AKC,urban,persistence
2023-06-20 01:00:00+00:00,1,16.902,15.651,AT,AKC,urban,persistence
2023-06-20 02:00:00+00:00,1,18.7615,16.902,AT,AKC,urban,persistence
2023-06-20 03:00:00+00:00,1,18.257,18.7615,AT,AKC,urban,persistence
2023-06-20 04:00:00+00:00,1,14.9235,18.257,AT,AKC,urban,persistence
2023-06-20 05:00:00+00:00,1,12.959,14.9235,AT,AKC,urban,persistence
2023-06-20 06:00:00+00:00,1,13.459,12.959,AT,AKC,urban,persistence
2023-06-20 07:00:00+00:00,1,12.03,13.459,AT,AKC,urban,persistence
2023-06-20 08:00:00+00:00,1,11.355,12.03,AT,AKC,urban,persistence
2023-06-20 09:00:00+00:00,1,10.547,11.355,AT,AKC,urban,persistence
2023-06-20 10:00:00+00:00,1,11.3435,10.547,AT,AKC,urban,persistence
2023-06-20 11:00:00+00:00,1,10.574,11.3435,AT,AKC,urban,persistence
2023-06-20 12:00:00+00:00,1,10.999,10.574,AT,AKC,urban,persistence
2023-06-20 13:00:00+00:00,1,10.672,10.999,AT,AKC,urban,persistence
2023-06-20 14:00:00+00:00,1,9.933599,10.672,AT,AKC,urban,persistence
2023-06-20 15:00:00+00:00,1,9.7357,9.933599,AT,AKC,urban,persistence
2023-06-20 16:00:00+00:00,1,10.691,9.7357,AT,AKC,urban,persistence
2023-06-20 17:00:00+00:00,1,11.2365,10.691,AT,AKC,urban,persistence
2023-06-20 18:00:00+00:00,1,11.265,11.2365,AT,AKC,urban,persistence
2023-06-20 19:00:00+00:00,1,11.664,11.265,AT,AKC,urban,persistence
2023-06-20 20:00:00+00:00,1,12.6395,11.664,AT,AKC,urban,persistence
2023-06-20 21:00:00+00:00,1,13.022,12.6395,AT,AKC,urban,persistence
2023-06-20 22:00:00+00:00,1,14.057,13.022,AT,AKC,urban,persistence
2023-06-20 23:00:00+00:00,1,15.101,14.057,AT,AKC,urban,persistence
2023-06-21 00:00:00+00:00,1,15.428,15.101,AT,AKC,urban,persistence
2023-06-21 01:00:00+00:00,1,16.854,15.428,AT,AKC,urban,persistence
2023-06-21 02:00:00+00:00,1,17.76,16.854,AT,AKC,urban,persistence
2023-06-21 03:00:00+00:00,1,17.7895,17.76,AT,AKC,urban,persistence
2023-06-21 04:00:00+00:00,1,17.723,17.7895,AT,AKC,urban,persistence
2023-06-21 05:00:00+00:00,1,16.5485,17.723,AT,AKC,urban,persistence
2023-06-21 06:00:00+00:00,1,17.168,16.5485,AT,AKC,urban,persistence
2023-06-21 07:00:00+00:00,1,15.8255,17.168,AT,AKC,urban,persistence
2023-06-21 08:00:00+00:00,1,10.5775,15.8255,AT,AKC,urban,persistence
2023-06-21 09:00:00+00:00,1,10.3745,10.5775,AT,AKC,urban,persistence
2023-06-21 10:00:00+00:00,1,8.62055,10.3745,AT,AKC,urban,persistence
2023-06-21 11:00:00+00:00,1,9.87265,8.62055,AT,AKC,urban,persistence
2023-06-21 12:00:00+00:00,1,8.7548,9.87265,AT,AKC,urban,persistence
2023-06-21 13:00:00+00:00,1,9.199649,8.7548,AT,AKC,urban,persistence
2023-06-21 14:00:00+00:00,1,9.671699,9.199649,AT,AKC,urban,persistence
2023-06-21 15:00:00+00:00,1,9.974199,9.671699,AT,AKC,urban,persistence
2023-06-21 16:00:00+00:00,1,7.781949,9.974199,AT,AKC,urban,persistence
2023-06-21 17:00:00+00:00,1,6.879899,7.781949,AT,AKC,urban,persistence
2023-06-21 18:00:00+00:00,1,9.875401,6.879899,AT,AKC,urban,persistence
2023-06-21 19:00:00+00:00,1,7.945899,9.875401,AT,AKC,urban,persistence
2023-06-21 20:00:00+00:00,1,8.601449,7.945899,AT,AKC,urban,persistence
2023-06-21 21:00:00+00:00,1,9.10535,8.601449,AT,AKC,urban,persistence
2023-06-21 22:00:00+00:00,1,8.944901,9.10535,AT,AKC,urban,persistence
2023-06-21 23:00:00+00:00,1,9.1716,8.944901,AT,AKC,urban,persistence
2023-06-22 00:00:00+00:00,1,9.075,9.1716,AT,AKC,urban,persistence
2023-06-22 01:00:00+00:00,1,9.06175,9.075,AT,AKC,urban,persistence
2023-06-22 02:00:00+00:00,1,9.57545,9.06175,AT,AKC,urban,persistence
2023-06-22 03:00:00+00:00,1,9.35,9.57545,AT,AKC,urban,persistence
2023-06-22 04:00:00+00:00,1,9.413049,9.35,AT,AKC,urban,persistence
2023-06-22 05:00:00+00:00,1,11.82,9.413049,AT,AKC,urban,persistence
2023-06-22 06:00:00+00:00,1,14.8555,11.82,AT,AKC,urban,persistence
2023-06-22 07:00:00+00:00,1,13.098,14.8555,AT,AKC,urban,persistence
2023-06-22 08:00:00+00:00,1,11.5,13.098,AT,AKC,urban,persistence
2023-06-22 09:00:00+00:00,1,10.34415,11.5,AT,AKC,urban,persistence
2023-06-22 10:00:00+00:00,1,9.8927,10.34415,AT,AKC,urban,persistence
2023-06-22 11:00:00+00:00,1,9.28375,9.8927,AT,AKC,urban,persistence
2023-06-22 12:00:00+00:00,1,9.40295,9.28375,AT,AKC,urban,persistence
2023-06-22 13:00:00+00:00,1,10.19855,9.40295,AT,AKC,urban,persistence
2023-06-22 14:00:00+00:00,1,10.812,10.19855,AT,AKC,urban,persistence
2023-06-22 15:00:00+00:00,1,11.8025,10.812,AT,AKC,urban,persistence
2023-06-22 16:00:00+00:00,1,12.0645,11.8025,AT,AKC,urban,persistence
2023-06-22 17:00:00+00:00,1,11.796,12.0645,AT,AKC,urban,persistence
2023-06-22 18:00:00+00:00,1,12.076,11.796,AT,AKC,urban,persistence
2023-06-22 19:00:00+00:00,1,12.163,12.076,AT,AKC,urban,persistence
2023-06-22 20:00:00+00:00,1,13.3445,12.163,AT,AKC,urban,persistence
2023-06-22 21:00:00+00:00,1,14.535,13.3445,AT,AKC,urban,persistence
2023-06-22 22:00:00+00:00,1,14.477,14.535,AT,AKC,urban,persistence
2023-06-22 23:00:00+00:00,1,14.6005,14.477,AT,AKC,urban,persistence
2023-06-23 00:00:00+00:00,1,16.9285,14.6005,AT,AKC,urban,persistence
2023-06-23 01:00:00+00:00,1,11.8365,16.9285,AT,AKC,urban,persistence
2023-06-23 02:00:00+00:00,1,9.75255,11.8365,AT,AKC,urban,persistence
2023-06-23 03:00:00+00:00,1,10.798,9.75255,AT,AKC,urban,persistence
2023-06-23 04:00:00+00:00,1,12.0585,10.798,AT,AKC,urban,persistence
2023-06-23 05:00:00+00:00,1,12.6125,12.0585,AT,AKC,urban,persistence
2023-06-23 06:00:00+00:00,1,10.491,12.6125,AT,AKC,urban,persistence
2023-06-23 07:00:00+00:00,1,10.69505,10.491,AT,AKC,urban,persistence
2023-06-23 08:00:00+00:00,1,6.184599,10.69505,AT,AKC,urban,persistence
2023-06-23 09:00:00+00:00,1,5.4063,6.184599,AT,AKC,urban,persistence
2023-06-23 10:00:00+00:00,1,6.66435,5.4063,AT,AKC,urban,persistence
2023-06-23 11:00:00+00:00,1,5.209349,6.66435,AT,AKC,urban,persistence
2023-06-23 12:00:00+00:00,1,4.25635,5.209349,AT,AKC,urban,persistence
2023-06-23 13:00:00+00:00,1,6.173049,4.25635,AT,AKC,urban,persistence
2023-06-23 14:00:00+00:00,1,6.69495,6.173049,AT,AKC,urban,persistence
2023-06-23 15:00:00+00:00,1,8.33135,6.69495,AT,AKC,urban,persistence
2023-06-23 16:00:00+00:00,1,8.5402,8.33135,AT,AKC,urban,persistence
2023-06-23 17:00:00+00:00,1,9.14195,8.5402,AT,AKC,urban,persistence
2023-06-23 18:00:00+00:00,1,8.828449,9.14195,AT,AKC,urban,persistence
2023-06-23 19:00:00+00:00,1,8.457799,8.828449,AT,AKC,urban,persistence
2023-06-23 20:00:00+00:00,1,8.007499,8.457799,AT,AKC,urban,persistence
2023-06-23 21:00:00+00:00,1,4.49375,8.007499,AT,AKC,urban,persistence
2023-06-23 22:00:00+00:00,1,2.870899,4.49375,AT,AKC,urban,persistence
2023-06-23 23:00:00+00:00,1,2.450049,2.870899,AT,AKC,urban,persistence
2023-06-24 00:00:00+00:00,1,2.908349,2.450049,AT,AKC,urban,persistence
2023-06-24 01:00:00+00:00,1,3.12295,2.908349,AT,AKC,urban,persistence
2023-06-24 02:00:00+00:00,1,2.865849,3.12295,AT,AKC,urban,persistence
2023-06-24 03:00:00+00:00,1,1.439249,2.865849,AT,AKC,urban,persistence
2023-06-24 04:00:00+00:00,1,1.202199,1.439249,AT,AKC,urban,persistence
2023-06-24 05:00:00+00:00,1,0.967164,1.202199,AT,AKC,urban,persistence
2023-06-24 06:00:00+00:00,1,1.901499,0.967164,AT,AKC,urban,persistence
2023-06-24 07:00:00+00:00,1,2.86975,1.901499,AT,AKC,urban,persistence
2023-06-24 08:00:00+00:00,1,3.10645,2.86975,AT,AKC,urban,persistence
2023-06-24 09:00:00+00:00,1,4.086949,3.10645,AT,AKC,urban,persistence
2023-06-24 10:00:00+00:00,1,6.18125,4.086949,AT,AKC,urban,persistence
2023-06-24 11:00:00+00:00,1,6.78945,6.18125,AT,AKC,urban,persistence
2023-06-24 12:00:00+00:00,1,7.6632,6.78945,AT,AKC,urban,persistence
2023-06-24 13:00:00+00:00,1,7.7971,7.6632,AT,AKC,urban,persistence
2023-06-24 14:00:00+00:00,1,7.76395,7.7971,AT,AKC,urban,persistence
2023-06-24 15:00:00+00:00,1,7.200799,7.76395,AT,AKC,urban,persistence
2023-06-24 16:00:00+00:00,1,6.943799,7.200799,AT,AKC,urban,persistence
2023-06-24 17:00:00+00:00,1,6.8646,6.943799,AT,AKC,urban,persistence
2023-06-24 18:00:00+00:00,1,6.6886,6.8646,AT,AKC,urban,persistence
2023-06-24 19:00:00+00:00,1,6.731849,6.6886,AT,AKC,urban,persistence
2023-06-24 20:00:00+00:00,1,6.83955,6.731849,AT,AKC,urban,persistence
2023-06-24 21:00:00+00:00,1,6.81505,6.83955,AT,AKC,urban,persistence
2023-06-24 22:00:00+00:00,1,7.214499,6.81505,AT,AKC,urban,persistence
2023-06-24 23:00:00+00:00,1,7.8951,7.214499,AT,AKC,urban,persistence
2023-06-25 00:00:00+00:00,1,8.669099,7.8951,AT,AKC,urban,persistence
2023-06-25 01:00:00+00:00,1,9.639749,8.669099,AT,AKC,urban,persistence
2023-06-25 02:00:00+00:00,1,10.1585,9.639749,AT,AKC,urban,persistence
2023-06-25 03:00:00+00:00,1,10.181,10.1585,AT,AKC,urban,persistence
2023-06-25 04:00:00+00:00,1,10.0876,10.181,AT,AKC,urban,persistence
2023-06-25 05:00:00+00:00,1,8.58675,10.0876,AT,AKC,urban,persistence
2023-06-25 06:00:00+00:00,1,8.07385,8.58675,AT,AKC,urban,persistence
2023-06-25 07:00:00+00:00,1,8.118499,8.07385,AT,AKC,urban,persistence
2023-06-25 08:00:00+00:00,1,7.459799,8.118499,AT,AKC,urban,persistence
2023-06-25 09:00:00+00:00,1,8.0536,7.459799,AT,AKC,urban,persistence
2023-06-25 10:00:00+00:00,1,7.8822,8.0536,AT,AKC,urban,persistence
2023-06-25 11:00:00+00:00,1,7.284549,7.8822,AT,AKC,urban,persistence
2023-06-25 12:00:00+00:00,1,6.76045,7.284549,AT,AKC,urban,persistence
2023-06-25 13:00:00+00:00,1,6.741049,6.76045,AT,AKC,urban,persistence
2023-06-25 14:00:00+00:00,1,6.45975,6.741049,AT,AKC,urban,persistence
2023-06-25 15:00:00+00:00,1,6.02925,6.45975,AT,AKC,urban,persistence
2023-06-25 16:00:00+00:00,1,5.680649,6.02925,AT,AKC,urban,persistence
2023-06-25 17:00:00+00:00,1,5.5479,5.680649,AT,AKC,urban,persistence
2023-06-25 18:00:00+00:00,1,7.2325,5.5479,AT,AKC,urban,persistence
2023-06-25 19:00:00+00:00,1,8.130899,7.2325,AT,AKC,urban,persistence
2023-06-25 20:00:00+00:00,1,8.013099,8.130899,AT,AKC,urban,persistence
2023-06-25 21:00:00+00:00,1,7.747,8.013099,AT,AKC,urban,persistence
2023-06-25 22:00:00+00:00,1,7.56325,7.747,AT,AKC,urban,persistence
2023-06-25 23:00:00+00:00,1,6.971549,7.56325,AT,AKC,urban,persistence
2023-06-26 00:00:00+00:00,1,6.770249,6.971549,AT,AKC,urban,persistence
2023-06-26 01:00:00+00:00,1,6.442049,6.770249,AT,AKC,urban,persistence
2023-06-26 02:00:00+00:00,1,6.6542,6.442049,AT,AKC,urban,persistence
2023-06-26 03:00:00+00:00,1,7.665249,6.6542,AT,AKC,urban,persistence
2023-06-26 04:00:00+00:00,1,8.14125,7.665249,AT,AKC,urban,persistence
2023-06-26 05:00:00+00:00,1,5.23075,8.14125,AT,AKC,urban,persistence
2023-06-26 06:00:00+00:00,1,4.936149,5.23075,AT,AKC,urban,persistence
2023-06-26 07:00:00+00:00,1,5.02295,4.936149,AT,AKC,urban,persistence
2023-06-26 08:00:00+00:00,1,5.1386,5.02295,AT,AKC,urban,persistence
2023-06-26 09:00:00+00:00,1,4.760649,5.1386,AT,AKC,urban,persistence
2023-06-26 10:00:00+00:00,1,4.270699,4.760649,AT,AKC,urban,persistence
2023-06-26 11:00:00+00:00,1,4.44575,4.270699,AT,AKC,urban,persistence
2023-06-26 12:00:00+00:00,1,5.09745,4.44575,AT,AKC,urban,persistence
2023-06-26 13:00:00+00:00,1,6.25635,5.09745,AT,AKC,urban,persistence
2023-06-26 14:00:00+00:00,1,6.3968,6.25635,AT,AKC,urban,persistence
2023-06-26 15:00:00+00:00,1,6.3007,6.3968,AT,AKC,urban,persistence
2023-06-26 16:00:00+00:00,1,6.401299,6.3007,AT,AKC,urban,persistence
2023-06-26 17:00:00+00:00,1,6.677,6.401299,AT,AKC,urban,persistence
2023-06-26 18:00:00+00:00,1,6.26585,6.677,AT,AKC,urban,persistence
2023-06-26 19:00:00+00:00,1,6.54395,6.26585,AT,AKC,urban,persistence
2023-06-26 20:00:00+00:00,1,6.645,6.54395,AT,AKC,urban,persistence
2023-06-26 21:00:00+00:00,1,7.767749,6.645,AT,AKC,urban,persistence
2023-06-26 22:00:00+00:00,1,8.72195,7.767749,AT,AKC,urban,persistence
2023-06-26 23:00:00+00:00,1,9.61565,8.72195,AT,AKC,urban,persistence
2023-06-27 00:00:00+00:00,1,8.6925,9.61565,AT,AKC,urban,persistence
2023-06-27 01:00:00+00:00,1,8.0668,8.6925,AT,AKC,urban,persistence
2023-06-27 02:00:00+00:00,1,8.725199,8.0668,AT,AKC,urban,persistence
2023-06-27 03:00:00+00:00,1,10.09355,8.725199,AT,AKC,urban,persistence
2023-06-27 04:00:00+00:00,1,11.8,10.09355,AT,AKC,urban,persistence
2023-06-27 05:00:00+00:00,1,9.191049,11.8,AT,AKC,urban,persistence
2023-06-27 06:00:00+00:00,1,9.402,9.191049,AT,AKC,urban,persistence
2023-06-27 07:00:00+00:00,1,9.9393,9.402,AT,AKC,urban,persistence
2023-06-27 08:00:00+00:00,1,8.893099,9.9393,AT,AKC,urban,persistence
2023-06-27 09:00:00+00:00,1,10.35275,8.893099,AT,AKC,urban,persistence
2023-06-27 10:00:00+00:00,1,10.6945,10.35275,AT,AKC,urban,persistence
2023-06-27 11:00:00+00:00,1,6.058599,10.6945,AT,AKC,urban,persistence
2023-06-27 12:00:00+00:00,1,5.102,6.058599,AT,AKC,urban,persistence
2023-06-27 13:00:00+00:00,1,5.41195,5.102,AT,AKC,urban,persistence
2023-06-27 14:00:00+00:00,1,4.572999,5.41195,AT,AKC,urban,persistence
2023-06-27 15:00:00+00:00,1,3.828749,4.572999,AT,AKC,urban,persistence
2023-06-27 16:00:00+00:00,1,3.670199,3.828749,AT,AKC,urban,persistence
2023-06-27 17:00:00+00:00,1,4.370749,3.670199,AT,AKC,urban,persistence
2023-06-27 18:00:00+00:00,1,4.2181,4.370749,AT,AKC,urban,persistence
2023-06-27 19:00:00+00:00,1,4.202199,4.2181,AT,AKC,urban,persistence
2023-06-27 20:00:00+00:00,1,4.10375,4.202199,AT,AKC,urban,persistence
2023-06-27 21:00:00+00:00,1,3.519249,4.10375,AT,AKC,urban,persistence
2023-06-27 22:00:00+00:00,1,2.95035,3.519249,AT,AKC,urban,persistence
2023-06-27 23:00:00+00:00,1,2.8645,2.95035,AT,AKC,urban,persistence
2023-06-28 00:00:00+00:00,1,2.74635,2.8645,AT,AKC,urban,persistence
2023-06-28 01:00:00+00:00,1,2.966249,2.74635,AT,AKC,urban,persistence
2023-06-28 02:00:00+00:00,1,3.89555,2.966249,AT,AKC,urban,persistence
2023-06-28 03:00:00+00:00,1,3.9254,3.89555,AT,AKC,urban,persistence
2023-06-28 04:00:00+00:00,1,3.501299,3.9254,AT,AKC,urban,persistence
2023-06-28 05:00:00+00:00,1,3.495049,3.501299,AT,AKC,urban,persistence
2023-06-28 06:00:00+00:00,1,4.97945,3.495049,AT,AKC,urban,persistence
2023-06-28 07:00:00+00:00,1,4.1496,4.97945,AT,AKC,urban,persistence
2023-06-28 08:00:00+00:00,1,5.217549,4.1496,AT,AKC,urban,persistence
2023-06-28 09:00:00+00:00,1,4.45925,5.217549,AT,AKC,urban,persistence
2023-06-28 10:00:00+00:00,1,5.424599,4.45925,AT,AKC,urban,persistence
2023-06-28 11:00:00+00:00,1,4.990499,5.424599,AT,AKC,urban,persistence
2023-06-28 12:00:00+00:00,1,4.181099,4.990499,AT,AKC,urban,persistence
2023-06-28 13:00:00+00:00,1,3.87825,4.181099,AT,AKC,urban,persistence
2023-06-28 14:00:00+00:00,1,4.074599,3.87825,AT,AKC,urban,persistence
2023-06-28 15:00:00+00:00,1,3.676799,4.074599,AT,AKC,urban,persistence
2023-06-28 16:00:00+00:00,1,3.768449,3.676799,AT,AKC,urban,persistence
2023-06-28 17:00:00+00:00,1,3.98565,3.768449,AT,AKC,urban,persistence
2023-06-28 18:00:00+00:00,1,4.34025,3.98565,AT,AKC,urban,persistence
2023-06-28 19:00:00+00:00,1,4.1981,4.34025,AT,AKC,urban,persistence
2023-06-28 20:00:00+00:00,1,5.001099,4.1981,AT,AKC,urban,persistence
2023-06-28 21:00:00+00:00,1,5.509149,5.001099,AT,AKC,urban,persistence
2023-06-28 22:00:00+00:00,1,5.08365,5.509149,AT,AKC,urban,persistence
2023-06-28 23:00:00+00:00,1,4.9203,5.08365,AT,AKC,urban,persistence
2023-06-29 00:00:00+00:00,1,4.619899,4.9203,AT,AKC,urban,persistence
2023-06-29 01:00:00+00:00,1,4.864099,4.619899,AT,AKC,urban,persistence
2023-06-29 02:00:00+00:00,1,5.286999,4.864099,AT,AKC,urban,persistence
2023-06-29 03:00:00+00:00,1,5.504399,5.286999,AT,AKC,urban,persistence
2023-06-29 04:00:00+00:00,1,5.8905,5.504399,AT,AKC,urban,persistence
2023-06-29 05:00:00+00:00,1,5.04125,5.8905,AT,AKC,urban,persistence
2023-06-29 06:00:00+00:00,1,4.647399,5.04125,AT,AKC,urban,persistence
2023-06-29 07:00:00+00:00,1,4.179749,4.647399,AT,AKC,urban,persistence
2023-06-29 08:00:00+00:00,1,4.35375,4.179749,AT,AKC,urban,persistence
2023-06-29 09:00:00+00:00,1,4.2297,4.35375,AT,AKC,urban,persistence
2023-06-29 10:00:00+00:00,1,4.117899,4.2297,AT,AKC,urban,persistence
2023-06-29 11:00:00+00:00,1,4.48985,4.117899,AT,AKC,urban,persistence
2023-06-29 12:00:00+00:00,1,4.1526,4.48985,AT,AKC,urban,persistence
2023-06-29 13:00:00+00:00,1,3.800849,4.1526,AT,AKC,urban,persistence
2023-06-29 14:00:00+00:00,1,4.044549,3.800849,AT,AKC,urban,persistence
2023-06-29 15:00:00+00:00,1,4.927949,4.044549,AT,AKC,urban,persistence
2023-06-29 16:00:00+00:00,1,4.743149,4.927949,AT,AKC,urban,persistence
2023-06-29 17:00:00+00:00,1,4.8284,4.743149,AT,AKC,urban,persistence
2023-06-29 18:00:00+00:00,1,5.65575,4.8284,AT,AKC,urban,persistence
2023-06-29 19:00:00+00:00,1,6.267,5.65575,AT,AKC,urban,persistence
2023-06-29 20:00:00+00:00,1,6.34885,6.267,AT,AKC,urban,persistence
2023-06-29 21:00:00+00:00,1,6.0303,6.34885,AT,AKC,urban,persistence
2023-06-29 22:00:00+00:00,1,6.845499,6.0303,AT,AKC,urban,persistence
2023-06-29 23:00:00+00:00,1,7.10265,6.845499,AT,AKC,urban,persistence
2023-06-30 00:00:00+00:00,1,8.17745,7.10265,AT,AKC,urban,persistence
2023-06-30 01:00:00+00:00,1,9.5747,8.17745,AT,AKC,urban,persistence
2023-06-30 02:00:00+00:00,1,9.017749,9.5747,AT,AKC,urban,persistence
2023-06-30 03:00:00+00:00,1,9.393199,9.017749,AT,AKC,urban,persistence
2023-06-30 04:00:00+00:00,1,9.9397,9.393199,AT,AKC,urban,persistence
2023-06-30 05:00:00+00:00,1,9.01035,9.9397,AT,AKC,urban,persistence
2023-06-30 06:00:00+00:00,1,9.931699,9.01035,AT,AKC,urban,persistence
2023-06-30 07:00:00+00:00,1,10.366,9.931699,AT,AKC,urban,persistence
2023-06-30 08:00:00+00:00,1,10.1179,10.366,AT,AKC,urban,persistence
2023-06-30 09:00:00+00:00,1,8.54215,10.1179,AT,AKC,urban,persistence
2023-06-30 10:00:00+00:00,1,7.65415,8.54215,AT,AKC,urban,persistence
2023-06-30 11:00:00+00:00,1,6.646399,7.65415,AT,AKC,urban,persistence
2023-06-30 12:00:00+00:00,1,5.987999,6.646399,AT,AKC,urban,persistence
2023-06-30 13:00:00+00:00,1,5.5767,5.987999,AT,AKC,urban,persistence
2023-06-30 14:00:00+00:00,1,6.137249,5.5767,AT,AKC,urban,persistence
2023-06-30 15:00:00+00:00,1,6.3611,6.137249,AT,AKC,urban,persistence
2023-06-30 16:00:00+00:00,1,8.9521,6.3611,AT,AKC,urban,persistence
2023-06-30 17:00:00+00:00,1,6.13475,8.9521,AT,AKC,urban,persistence
2023-06-30 18:00:00+00:00,1,7.52155,6.13475,AT,AKC,urban,persistence
2023-06-30 19:00:00+00:00,1,9.54355,7.52155,AT,AKC,urban,persistence
2023-06-30 20:00:00+00:00,1,10.186,9.54355,AT,AKC,urban,persistence
2023-07-01 02:00:00+00:00,1,13.664,12.0835,AT,AKC,urban,persistence
2023-07-01 05:00:00+00:00,1,13.853,15.859,AT,AKC,urban,persistence
2023-07-01 06:00:00+00:00,1,13.109,13.853,AT,AKC,urban,persistence
2023-07-01 07:00:00+00:00,1,14.9575,13.109,AT,AKC,urban,persistence
2023-07-01 08:00:00+00:00,1,13.4395,14.9575,AT,AKC,urban,persistence
2023-07-01 11:00:00+00:00,1,12.7135,12.143,AT,AKC,urban,persistence
2023-07-01 12:00:00+00:00,1,12.584,12.7135,AT,AKC,urban,persistence
2023-07-01 13:00:00+00:00,1,9.600299,12.584,AT,AKC,urban,persistence
2023-07-01 14:00:00+00:00,1,7.674349,9.600299,AT,AKC,urban,persistence
2023-07-01 15:00:00+00:00,1,6.88905,7.674349,AT,AKC,urban,persistence
2023-07-01 16:00:00+00:00,1,6.4482,6.88905,AT,AKC,urban,persistence
2023-07-01 17:00:00+00:00,1,6.024149,6.4482,AT,AKC,urban,persistence
2023-07-01 18:00:00+00:00,1,5.740499,6.024149,AT,AKC,urban,persistence
2023-07-01 19:00:00+00:00,1,5.41755,5.740499,AT,AKC,urban,persistence
2023-07-01 20:00:00+00:00,1,4.8478,5.41755,AT,AKC,urban,persistence
2023-07-01 23:00:00+00:00,1,4.274449,4.469149,AT,AKC,urban,persistence
2023-07-02 00:00:00+00:00,1,4.157249,4.274449,AT,AKC,urban,persistence
2023-07-02 01:00:00+00:00,1,4.607399,4.157249,AT,AKC,urban,persistence
2023-07-02 02:00:00+00:00,1,5.482549,4.607399,AT,AKC,urban,persistence
2023-07-02 03:00:00+00:00,1,5.22765,5.482549,AT,AKC,urban,persistence
2023-07-02 04:00:00+00:00,1,4.6975,5.22765,AT,AKC,urban,persistence
2023-07-02 05:00:00+00:00,1,4.876699,4.6975,AT,AKC,urban,persistence
2023-07-02 06:00:00+00:00,1,3.995999,4.876699,AT,AKC,urban,persistence
2023-07-02 07:00:00+00:00,1,4.3178,3.995999,AT,AKC,urban,persistence
2023-07-02 08:00:00+00:00,1,4.557849,4.3178,AT,AKC,urban,persistence
2023-07-02 09:00:00+00:00,1,4.0887,4.557849,AT,AKC,urban,persistence
2023-07-02 10:00:00+00:00,1,4.266599,4.0887,AT,AKC,urban,persistence
2023-07-02 11:00:00+00:00,1,4.03765,4.266599,AT,AKC,urban,persistence
2023-07-02 12:00:00+00:00,1,3.928699,4.03765,AT,AKC,urban,persistence
2023-07-02 13:00:00+00:00,1,3.482599,3.928699,AT,AKC,urban,persistence
2023-07-02 14:00:00+00:00,1,3.661049,3.482599,AT,AKC,urban,persistence
2023-07-02 15:00:00+00:00,1,4.39965,3.661049,AT,AKC,urban,persistence
2023-07-02 16:00:00+00:00,1,5.152,4.39965,AT,AKC,urban,persistence
2023-07-02 17:00:00+00:00,1,5.66335,5.152,AT,AKC,urban,persistence
2023-07-02 18:00:00+00:00,1,5.776849,5.66335,AT,AKC,urban,persistence
2023-07-02 19:00:00+00:00,1,6.116399,5.776849,AT,AKC,urban,persistence
2023-07-02 20:00:00+00:00,1,6.899549,6.116399,AT,AKC,urban,persistence
2023-07-02 21:00:00+00:00,1,7.532649,6.899549,AT,AKC,urban,persistence
2023-07-02 22:00:00+00:00,1,8.048749,7.532649,AT,AKC,urban,persistence
2023-07-02 23:00:00+00:00,1,8.784,8.048749,AT,AKC,urban,persistence
2023-07-03 00:00:00+00:00,1,9.299699,8.784,AT,AKC,urban,persistence
2023-07-03 01:00:00+00:00,1,9.792799,9.299699,AT,AKC,urban,persistence
2023-07-03 02:00:00+00:00,1,10.2935,9.792799,AT,AKC,urban,persistence
2023-07-03 03:00:00+00:00,1,10.878,10.2935,AT,AKC,urban,persistence
2023-07-03 04:00:00+00:00,1,11.1528,10.878,AT,AKC,urban,persistence
2023-07-03 05:00:00+00:00,1,8.57295,11.1528,AT,AKC,urban,persistence
2023-07-03 06:00:00+00:00,1,9.0625,8.57295,AT,AKC,urban,persistence
2023-07-03 07:00:00+00:00,1,15.328,9.0625,AT,AKC,urban,persistence
2023-07-03 08:00:00+00:00,1,12.375,15.328,AT,AKC,urban,persistence
2023-07-03 09:00:00+00:00,1,9.997499,12.375,AT,AKC,urban,persistence
2023-07-03 10:00:00+00:00,1,11.2125,9.997499,AT,AKC,urban,persistence
2023-07-03 11:00:00+00:00,1,11.3655,11.2125,AT,AKC,urban,persistence
2023-07-03 12:00:00+00:00,1,11.4205,11.3655,AT,AKC,urban,persistence
2023-07-03 13:00:00+00:00,1,9.709899,11.4205,AT,AKC,urban,persistence
2023-07-03 14:00:00+00:00,1,9.5081,9.709899,AT,AKC,urban,persistence
2023-07-03 15:00:00+00:00,1,9.3075,9.5081,AT,AKC,urban,persistence
2023-07-03 16:00:00+00:00,1,9.61445,9.3075,AT,AKC,urban,persistence
2023-07-03 17:00:00+00:00,1,9.8723,9.61445,AT,AKC,urban,persistence
2023-07-03 18:00:00+00:00,1,10.5405,9.8723,AT,AKC,urban,persistence
2023-07-03 19:00:00+00:00,1,10.897,10.5405,AT,AKC,urban,persistence
2023-07-03 20:00:00+00:00,1,10.0945,10.897,AT,AKC,urban,persistence
2023-07-03 21:00:00+00:00,1,9.7126,10.0945,AT,AKC,urban,persistence
2023-07-03 22:00:00+00:00,1,9.0333,9.7126,AT,AKC,urban,persistence
2023-07-03 23:00:00+00:00,1,8.7357,9.0333,AT,AKC,urban,persistence
2023-07-04 00:00:00+00:00,1,8.769199,8.7357,AT,AKC,urban,persistence
2023-07-04 01:00:00+00:00,1,9.154449,8.769199,AT,AKC,urban,persistence
2023-07-04 02:00:00+00:00,1,10.287,9.154449,AT,AKC,urban,persistence
2023-07-04 03:00:00+00:00,1,11.0405,10.287,AT,AKC,urban,persistence
2023-07-04 04:00:00+00:00,1,9.153249,11.0405,AT,AKC,urban,persistence
2023-07-04 05:00:00+00:00,1,6.027099,9.153249,AT,AKC,urban,persistence
2023-07-04 06:00:00+00:00,1,5.997799,6.027099,AT,AKC,urban,persistence
2023-07-04 07:00:00+00:00,1,7.2444,5.997799,AT,AKC,urban,persistence
2023-07-04 08:00:00+00:00,1,9.7802,7.2444,AT,AKC,urban,persistence
2023-07-04 09:00:00+00:00,1,8.6259,9.7802,AT,AKC,urban,persistence
2023-07-04 10:00:00+00:00,1,7.955249,8.6259,AT,AKC,urban,persistence
2023-07-04 11:00:00+00:00,1,7.270649,7.955249,AT,AKC,urban,persistence
2023-07-04 12:00:00+00:00,1,6.40235,7.270649,AT,AKC,urban,persistence
2023-07-04 13:00:00+00:00,1,4.358649,6.40235,AT,AKC,urban,persistence
2023-07-04 14:00:00+00:00,1,3.335,4.358649,AT,AKC,urban,persistence
2023-07-04 15:00:00+00:00,1,2.9347,3.335,AT,AKC,urban,persistence
2023-07-04 16:00:00+00:00,1,5.36455,2.9347,AT,AKC,urban,persistence
2023-07-04 17:00:00+00:00,1,7.442999,5.36455,AT,AKC,urban,persistence
2023-07-04 18:00:00+00:00,1,7.959699,7.442999,AT,AKC,urban,persistence
2023-07-04 19:00:00+00:00,1,8.68,7.959699,AT,AKC,urban,persistence
2023-07-04 20:00:00+00:00,1,8.68745,8.68,AT,AKC,urban,persistence
2023-07-04 21:00:00+00:00,1,8.538099,8.68745,AT,AKC,urban,persistence
2023-07-04 22:00:00+00:00,1,8.44165,8.538099,AT,AKC,urban,persistence
2023-07-04 23:00:00+00:00,1,8.8343,8.44165,AT,AKC,urban,persistence
2023-07-05 00:00:00+00:00,1,9.443849,8.8343,AT,AKC,urban,persistence
2023-07-05 01:00:00+00:00,1,9.3605,9.443849,AT,AKC,urban,persistence
2023-07-05 02:00:00+00:00,1,9.903699,9.3605,AT,AKC,urban,persistence
2023-07-05 03:00:00+00:00,1,9.3091,9.903699,AT,AKC,urban,persistence
2023-07-05 04:00:00+00:00,1,8.42365,9.3091,AT,AKC,urban,persistence
2023-07-05 05:00:00+00:00,1,7.988349,8.42365,AT,AKC,urban,persistence
2023-07-05 06:00:00+00:00,1,7.80745,7.988349,AT,AKC,urban,persistence
2023-07-05 07:00:00+00:00,1,8.342249,7.80745,AT,AKC,urban,persistence
2023-07-05 08:00:00+00:00,1,6.8951,8.342249,AT,AKC,urban,persistence
2023-07-05 09:00:00+00:00,1,5.554949,6.8951,AT,AKC,urban,persistence
2023-07-05 10:00:00+00:00,1,5.6489,5.554949,AT,AKC,urban,persistence
2023-07-05 11:00:00+00:00,1,13.1074,5.6489,AT,AKC,urban,persistence
2023-07-05 12:00:00+00:00,1,7.184599,13.1074,AT,AKC,urban,persistence
2023-07-05 13:00:00+00:00,1,4.9012,7.184599,AT,AKC,urban,persistence
2023-07-05 14:00:00+00:00,1,4.6173,4.9012,AT,AKC,urban,persistence
2023-07-05 15:00:00+00:00,1,3.53875,4.6173,AT,AKC,urban,persistence
2023-07-05 16:00:00+00:00,1,2.824599,3.53875,AT,AKC,urban,persistence
2023-07-05 17:00:00+00:00,1,3.1335,2.824599,AT,AKC,urban,persistence
2023-07-05 18:00:00+00:00,1,3.47845,3.1335,AT,AKC,urban,persistence
2023-07-05 19:00:00+00:00,1,3.20105,3.47845,AT,AKC,urban,persistence
2023-07-05 20:00:00+00:00,1,2.944849,3.20105,AT,AKC,urban,persistence
2023-07-05 21:00:00+00:00,1,2.798799,2.944849,AT,AKC,urban,persistence
2023-07-05 22:00:00+00:00,1,2.812749,2.798799,AT,AKC,urban,persistence
2023-07-05 23:00:00+00:00,1,2.711649,2.812749,AT,AKC,urban,persistence
2023-07-06 00:00:00+00:00,1,2.758549,2.711649,AT,AKC,urban,persistence
2023-07-06 01:00:00+00:00,1,2.8719,2.758549,AT,AKC,urban,persistence
2023-07-06 02:00:00+00:00,1,3.302999,2.8719,AT,AKC,urban,persistence
2023-07-06 03:00:00+00:00,1,3.712699,3.302999,AT,AKC,urban,persistence
2023-07-06 04:00:00+00:00,1,4.623149,3.712699,AT,AKC,urban,persistence
2023-07-06 05:00:00+00:00,1,4.3817,4.623149,AT,AKC,urban,persistence
2023-07-06 06:00:00+00:00,1,4.4729,4.3817,AT,AKC,urban,persistence
2023-07-06 07:00:00+00:00,1,4.804699,4.4729,AT,AKC,urban,persistence
2023-07-06 08:00:00+00:00,1,5.2009,4.804699,AT,AKC,urban,persistence
2023-07-06 09:00:00+00:00,1,4.15775,5.2009,AT,AKC,urban,persistence
2023-07-06 10:00:00+00:00,1,4.451049,4.15775,AT,AKC,urban,persistence
2023-07-06 11:00:00+00:00,1,4.1282,4.451049,AT,AKC,urban,persistence
2023-07-06 12:00:00+00:00,1,4.163849,4.1282,AT,AKC,urban,persistence
2023-07-06 13:00:00+00:00,1,3.96285,4.163849,AT,AKC,urban,persistence
2023-07-06 14:00:00+00:00,1,4.224999,3.96285,AT,AKC,urban,persistence
2023-07-06 15:00:00+00:00,1,4.204799,4.224999,AT,AKC,urban,persistence
2023-07-06 16:00:00+00:00,1,4.425299,4.204799,AT,AKC,urban,persistence
2023-07-06 17:00:00+00:00,1,4.99425,4.425299,AT,AKC,urban,persistence
2023-07-06 18:00:00+00:00,1,5.3184,4.99425,AT,AKC,urban,persistence
2023-07-06 19:00:00+00:00,1,6.12975,5.3184,AT,AKC,urban,persistence
2023-07-06 20:00:00+00:00,1,6.660699,6.12975,AT,AKC,urban,persistence
2023-07-06 21:00:00+00:00,1,6.432499,6.660699,AT,AKC,urban,persistence
2023-07-06 22:00:00+00:00,1,6.2783,6.432499,AT,AKC,urban,persistence
2023-07-06 23:00:00+00:00,1,6.1331,6.2783,AT,AKC,urban,persistence
2023-07-07 00:00:00+00:00,1,6.148699,6.1331,AT,AKC,urban,persistence
2023-07-07 01:00:00+00:00,1,6.222149,6.148699,AT,AKC,urban,persistence
2023-07-07 02:00:00+00:00,1,6.776149,6.222149,AT,AKC,urban,persistence
2023-07-07 03:00:00+00:00,1,8.471199,6.776149,AT,AKC,urban,persistence
2023-07-07 04:00:00+00:00,1,7.663399,8.471199,AT,AKC,urban,persistence
2023-07-07 05:00:00+00:00,1,6.442199,7.663399,AT,AKC,urban,persistence
2023-07-07 06:00:00+00:00,1,5.978,6.442199,AT,AKC,urban,persistence
2023-07-07 07:00:00+00:00,1,5.9397,5.978,AT,AKC,urban,persistence
2023-07-07 08:00:00+00:00,1,5.0037,5.9397,AT,AKC,urban,persistence
2023-07-07 09:00:00+00:00,1,4.182899,5.0037,AT,AKC,urban,persistence
2023-07-07 10:00:00+00:00,1,3.81515,4.182899,AT,AKC,urban,persistence
2023-07-07 11:00:00+00:00,1,4.0601,3.81515,AT,AKC,urban,persistence
2023-07-07 12:00:00+00:00,1,3.783499,4.0601,AT,AKC,urban,persistence
2023-07-07 13:00:00+00:00,1,3.61985,3.783499,AT,AKC,urban,persistence
2023-07-07 14:00:00+00:00,1,3.675899,3.61985,AT,AKC,urban,persistence
2023-07-07 15:00:00+00:00,1,3.859649,3.675899,AT,AKC,urban,persistence
2023-07-07 16:00:00+00:00,1,4.163649,3.859649,AT,AKC,urban,persistence
2023-07-07 17:00:00+00:00,1,4.549099,4.163649,AT,AKC,urban,persistence
2023-07-07 18:00:00+00:00,1,5.76865,4.549099,AT,AKC,urban,persistence
2023-07-07 19:00:00+00:00,1,6.70055,5.76865,AT,AKC,urban,persistence
2023-07-07 20:00:00+00:00,1,6.81305,6.70055,AT,AKC,urban,persistence
2023-07-07 23:00:00+00:00,1,7.247099,7.5935,AT,AKC,urban,persistence
2023-07-08 00:00:00+00:00,1,7.39715,7.247099,AT,AKC,urban,persistence
2023-07-08 01:00:00+00:00,1,7.0847,7.39715,AT,AKC,urban,persistence
2023-07-08 02:00:00+00:00,1,7.59665,7.0847,AT,AKC,urban,persistence
2023-07-08 03:00:00+00:00,1,8.68085,7.59665,AT,AKC,urban,persistence
2023-07-08 04:00:00+00:00,1,9.102649,8.68085,AT,AKC,urban,persistence
2023-07-08 05:00:00+00:00,1,8.300699,9.102649,AT,AKC,urban,persistence
2023-07-08 06:00:00+00:00,1,7.846149,8.300699,AT,AKC,urban,persistence
2023-07-08 07:00:00+00:00,1,6.942649,7.846149,AT,AKC,urban,persistence
2023-07-08 08:00:00+00:00,1,5.963049,6.942649,AT,AKC,urban,persistence
2023-07-08 09:00:00+00:00,1,5.54955,5.963049,AT,AKC,urban,persistence
2023-07-08 10:00:00+00:00,1,5.2466,5.54955,AT,AKC,urban,persistence
2023-07-08 11:00:00+00:00,1,4.654799,5.2466,AT,AKC,urban,persistence
2023-07-08 12:00:00+00:00,1,4.581749,4.654799,AT,AKC,urban,persistence
2023-07-08 13:00:00+00:00,1,4.528149,4.581749,AT,AKC,urban,persistence
2023-07-08 14:00:00+00:00,1,4.7342,4.528149,AT,AKC,urban,persistence
2023-07-08 15:00:00+00:00,1,4.8522,4.7342,AT,AKC,urban,persistence
2023-07-08 16:00:00+00:00,1,4.8231,4.8522,AT,AKC,urban,persistence
2023-07-08 17:00:00+00:00,1,5.13135,4.8231,AT,AKC,urban,persistence
2023-07-08 18:00:00+00:00,1,6.07205,5.13135,AT,AKC,urban,persistence
2023-07-08 19:00:00+00:00,1,7.18605,6.07205,AT,AKC,urban,persistence
2023-07-08 20:00:00+00:00,1,8.3523,7.18605,AT,AKC,urban,persistence
2023-07-08 21:00:00+00:00,1,8.567449,8.3523,AT,AKC,urban,persistence
2023-07-08 22:00:00+00:00,1,8.412799,8.567449,AT,AKC,urban,persistence
2023-07-08 23:00:00+00:00,1,8.3118,8.412799,AT,AKC,urban,persistence
2023-07-09 00:00:00+00:00,1,7.967149,8.3118,AT,AKC,urban,persistence
2023-07-09 01:00:00+00:00,1,8.39295,7.967149,AT,AKC,urban,persistence
2023-07-09 02:00:00+00:00,1,8.8604,8.39295,AT,AKC,urban,persistence
2023-07-09 03:00:00+00:00,1,9.03445,8.8604,AT,AKC,urban,persistence
2023-07-09 04:00:00+00:00,1,9.04655,9.03445,AT,AKC,urban,persistence
2023-07-09 05:00:00+00:00,1,8.151,9.04655,AT,AKC,urban,persistence
2023-07-09 06:00:00+00:00,1,7.96765,8.151,AT,AKC,urban,persistence
2023-07-09 07:00:00+00:00,1,7.43805,7.96765,AT,AKC,urban,persistence
2023-07-09 08:00:00+00:00,1,6.1891,7.43805,AT,AKC,urban,persistence
2023-07-09 09:00:00+00:00,1,6.331749,6.1891,AT,AKC,urban,persistence
2023-07-09 10:00:00+00:00,1,5.98985,6.331749,AT,AKC,urban,persistence
2023-07-09 11:00:00+00:00,1,4.33605,5.98985,AT,AKC,urban,persistence
2023-07-09 12:00:00+00:00,1,4.311699,4.33605,AT,AKC,urban,persistence
2023-07-09 13:00:00+00:00,1,4.8338,4.311699,AT,AKC,urban,persistence
2023-07-09 14:00:00+00:00,1,5.297749,4.8338,AT,AKC,urban,persistence
2023-07-09 15:00:00+00:00,1,5.5542,5.297749,AT,AKC,urban,persistence
2023-07-09 16:00:00+00:00,1,5.8246,5.5542,AT,AKC,urban,persistence
2023-07-09 17:00:00+00:00,1,6.6104,5.8246,AT,AKC,urban,persistence
2023-07-09 18:00:00+00:00,1,9.359749,6.6104,AT,AKC,urban,persistence
2023-07-09 19:00:00+00:00,1,9.605449,9.359749,AT,AKC,urban,persistence
2023-07-09 20:00:00+00:00,1,9.983249,9.605449,AT,AKC,urban,persistence
2023-07-09 21:00:00+00:00,1,9.70285,9.983249,AT,AKC,urban,persistence
2023-07-09 22:00:00+00:00,1,10.0985,9.70285,AT,AKC,urban,persistence
2023-07-09 23:00:00+00:00,1,10.234,10.0985,AT,AKC,urban,persistence
2023-07-10 00:00:00+00:00,1,11.8215,10.234,AT,AKC,urban,persistence
2023-07-10 01:00:00+00:00,1,12.2315,11.8215,AT,AKC,urban,persistence
2023-07-10 02:00:00+00:00,1,12.2005,12.2315,AT,AKC,urban,persistence
2023-07-10 03:00:00+00:00,1,11.908,12.2005,AT,AKC,urban,persistence
2023-07-10 04:00:00+00:00,1,12.092,11.908,AT,AKC,urban,persistence
2023-07-10 05:00:00+00:00,1,11.657,12.092,AT,AKC,urban,persistence
2023-07-10 06:00:00+00:00,1,10.3679,11.657,AT,AKC,urban,persistence
2023-07-10 07:00:00+00:00,1,7.830149,10.3679,AT,AKC,urban,persistence
2023-07-10 08:00:00+00:00,1,6.95485,7.830149,AT,AKC,urban,persistence
2023-07-10 09:00:00+00:00,1,7.640549,6.95485,AT,AKC,urban,persistence
2023-07-10 10:00:00+00:00,1,8.788249,7.640549,AT,AKC,urban,persistence
2023-07-10 11:00:00+00:00,1,8.52435,8.788249,AT,AKC,urban,persistence
2023-07-10 12:00:00+00:00,1,11.07285,8.52435,AT,AKC,urban,persistence
2023-07-10 13:00:00+00:00,1,12.954,11.07285,AT,AKC,urban,persistence
2023-07-10 14:00:00+00:00,1,10.433,12.954,AT,AKC,urban,persistence
2023-07-10 15:00:00+00:00,1,9.975649,10.433,AT,AKC,urban,persistence
2023-07-10 16:00:00+00:00,1,10.07775,9.975649,AT,AKC,urban,persistence
2023-07-10 17:00:00+00:00,1,11.401,10.07775,AT,AKC,urban,persistence
2023-07-10 18:00:00+00:00,1,12.6185,11.401,AT,AKC,urban,persistence
2023-07-10 19:00:00+00:00,1,13.091,12.6185,AT,AKC,urban,persistence
2023-07-10 20:00:00+00:00,1,11.7285,13.091,AT,AKC,urban,persistence
2023-07-10 21:00:00+00:00,1,9.43295,11.7285,AT,AKC,urban,persistence
2023-07-10 22:00:00+00:00,1,9.717249,9.43295,AT,AKC,urban,persistence
2023-07-10 23:00:00+00:00,1,10.874,9.717249,AT,AKC,urban,persistence
2023-07-11 00:00:00+00:00,1,11.8265,10.874,AT,AKC,urban,persistence
2023-07-11 01:00:00+00:00,1,12.233,11.8265,AT,AKC,urban,persistence
2023-07-11 02:00:00+00:00,1,12.173,12.233,AT,AKC,urban,persistence
2023-07-11 03:00:00+00:00,1,11.4515,12.173,AT,AKC,urban,persistence
2023-07-11 04:00:00+00:00,1,9.95285,11.4515,AT,AKC,urban,persistence
2023-07-11 05:00:00+00:00,1,7.87335,9.95285,AT,AKC,urban,persistence
2023-07-11 06:00:00+00:00,1,7.85225,7.87335,AT,AKC,urban,persistence
2023-07-11 07:00:00+00:00,1,7.219999,7.85225,AT,AKC,urban,persistence
2023-07-11 08:00:00+00:00,1,7.21745,7.219999,AT,AKC,urban,persistence
2023-07-11 09:00:00+00:00,1,7.188899,7.21745,AT,AKC,urban,persistence
2023-07-11 10:00:00+00:00,1,7.88245,7.188899,AT,AKC,urban,persistence
2023-07-11 11:00:00+00:00,1,7.61645,7.88245,AT,AKC,urban,persistence
2023-07-11 12:00:00+00:00,1,8.2931,7.61645,AT,AKC,urban,persistence
2023-07-11 13:00:00+00:00,1,9.313749,8.2931,AT,AKC,urban,persistence
2023-07-11 14:00:00+00:00,1,9.30865,9.313749,AT,AKC,urban,persistence
2023-07-11 15:00:00+00:00,1,9.75695,9.30865,AT,AKC,urban,persistence
2023-07-11 16:00:00+00:00,1,10.228,9.75695,AT,AKC,urban,persistence
2023-07-11 17:00:00+00:00,1,10.6165,10.228,AT,AKC,urban,persistence
2023-07-11 18:00:00+00:00,1,10.8645,10.6165,AT,AKC,urban,persistence
2023-07-11 19:00:00+00:00,1,11.3825,10.8645,AT,AKC,urban,persistence
2023-07-11 20:00:00+00:00,1,11.023,11.3825,AT,AKC,urban,persistence
2023-07-11 21:00:00+00:00,1,11.277,11.023,AT,AKC,urban,persistence
2023-07-11 22:00:00+00:00,1,11.643,11.277,AT,AKC,urban,persistence
2023-07-11 23:00:00+00:00,1,12.3155,11.643,AT,AKC,urban,persistence
2023-07-12 00:00:00+00:00,1,15.6955,12.3155,AT,AKC,urban,persistence
2023-07-12 01:00:00+00:00,1,11.70325,15.6955,AT,AKC,urban,persistence
2023-07-12 02:00:00+00:00,1,4.8333,11.70325,AT,AKC,urban,persistence
2023-07-12 03:00:00+00:00,1,3.71085,4.8333,AT,AKC,urban,persistence
2023-07-12 04:00:00+00:00,1,4.29425,3.71085,AT,AKC,urban,persistence
2023-07-12 05:00:00+00:00,1,4.829349,4.29425,AT,AKC,urban,persistence
2023-07-12 06:00:00+00:00,1,5.3893,4.829349,AT,AKC,urban,persistence
2023-07-12 07:00:00+00:00,1,6.032599,5.3893,AT,AKC,urban,persistence
2023-07-12 08:00:00+00:00,1,6.77015,6.032599,AT,AKC,urban,persistence
2023-07-12 09:00:00+00:00,1,5.6717,6.77015,AT,AKC,urban,persistence
2023-07-12 10:00:00+00:00,1,4.734899,5.6717,AT,AKC,urban,persistence
2023-07-12 11:00:00+00:00,1,6.0191,4.734899,AT,AKC,urban,persistence
2023-07-12 12:00:00+00:00,1,6.163399,6.0191,AT,AKC,urban,persistence
2023-07-12 13:00:00+00:00,1,7.1135,6.163399,AT,AKC,urban,persistence
2023-07-12 14:00:00+00:00,1,6.0355,7.1135,AT,AKC,urban,persistence
2023-07-12 15:00:00+00:00,1,5.3696,6.0355,AT,AKC,urban,persistence
2023-07-12 16:00:00+00:00,1,3.7453,5.3696,AT,AKC,urban,persistence
2023-07-12 17:00:00+00:00,1,4.24765,3.7453,AT,AKC,urban,persistence
2023-07-12 18:00:00+00:00,1,5.710649,4.24765,AT,AKC,urban,persistence
2023-07-12 19:00:00+00:00,1,6.929499,5.710649,AT,AKC,urban,persistence
2023-07-12 20:00:00+00:00,1,3.50215,6.929499,AT,AKC,urban,persistence
2023-07-12 21:00:00+00:00,1,3.207649,3.50215,AT,AKC,urban,persistence
2023-07-12 22:00:00+00:00,1,3.726249,3.207649,AT,AKC,urban,persistence
2023-07-12 23:00:00+00:00,1,3.344949,3.726249,AT,AKC,urban,persistence
2023-07-13 00:00:00+00:00,1,2.822499,3.344949,AT,AKC,urban,persistence
2023-07-13 01:00:00+00:00,1,3.387149,2.822499,AT,AKC,urban,persistence
2023-07-13 02:00:00+00:00,1,3.811049,3.387149,AT,AKC,urban,persistence
2023-07-13 03:00:00+00:00,1,3.822949,3.811049,AT,AKC,urban,persistence
2023-07-13 04:00:00+00:00,1,3.025799,3.822949,AT,AKC,urban,persistence
2023-07-13 05:00:00+00:00,1,3.670499,3.025799,AT,AKC,urban,persistence
2023-07-13 06:00:00+00:00,1,2.99725,3.670499,AT,AKC,urban,persistence
2023-07-13 07:00:00+00:00,1,4.0292,2.99725,AT,AKC,urban,persistence
2023-07-13 08:00:00+00:00,1,5.938849,4.0292,AT,AKC,urban,persistence
2023-07-13 09:00:00+00:00,1,5.986599,5.938849,AT,AKC,urban,persistence
2023-07-13 10:00:00+00:00,1,6.38835,5.986599,AT,AKC,urban,persistence
2023-07-13 11:00:00+00:00,1,5.856699,6.38835,AT,AKC,urban,persistence
2023-07-13 12:00:00+00:00,1,6.9172,5.856699,AT,AKC,urban,persistence
2023-07-13 13:00:00+00:00,1,6.617249,6.9172,AT,AKC,urban,persistence
2023-07-13 14:00:00+00:00,1,6.183449,6.617249,AT,AKC,urban,persistence
2023-07-13 15:00:00+00:00,1,5.788499,6.183449,AT,AKC,urban,persistence
2023-07-13 16:00:00+00:00,1,5.228199,5.788499,AT,AKC,urban,persistence
2023-07-13 17:00:00+00:00,1,4.475399,5.228199,AT,AKC,urban,persistence
2023-07-13 18:00:00+00:00,1,4.6047,4.475399,AT,AKC,urban,persistence
2023-07-13 19:00:00+00:00,1,4.6089,4.6047,AT,AKC,urban,persistence
2023-07-13 20:00:00+00:00,1,4.33885,4.6089,AT,AKC,urban,persistence
2023-07-13 21:00:00+00:00,1,4.21075,4.33885,AT,AKC,urban,persistence
2023-07-13 22:00:00+00:00,1,5.73315,4.21075,AT,AKC,urban,persistence
2023-07-13 23:00:00+00:00,1,4.125949,5.73315,AT,AKC,urban,persistence
2023-07-14 00:00:00+00:00,1,4.542449,4.125949,AT,AKC,urban,persistence
2023-07-14 01:00:00+00:00,1,4.665749,4.542449,AT,AKC,urban,persistence
2023-07-14 02:00:00+00:00,1,5.13,4.665749,AT,AKC,urban,persistence
2023-07-14 03:00:00+00:00,1,6.110699,5.13,AT,AKC,urban,persistence
2023-07-14 04:00:00+00:00,1,5.3694,6.110699,AT,AKC,urban,persistence
2023-07-14 05:00:00+00:00,1,4.89235,5.3694,AT,AKC,urban,persistence
2023-07-14 06:00:00+00:00,1,4.594449,4.89235,AT,AKC,urban,persistence
2023-07-14 07:00:00+00:00,1,4.521249,4.594449,AT,AKC,urban,persistence
2023-07-14 08:00:00+00:00,1,4.462049,4.521249,AT,AKC,urban,persistence
2023-07-14 09:00:00+00:00,1,3.80415,4.462049,AT,AKC,urban,persistence
2023-07-14 10:00:00+00:00,1,3.416049,3.80415,AT,AKC,urban,persistence
2023-07-14 11:00:00+00:00,1,3.480649,3.416049,AT,AKC,urban,persistence
2023-07-14 12:00:00+00:00,1,3.994849,3.480649,AT,AKC,urban,persistence
2023-07-14 13:00:00+00:00,1,4.165299,3.994849,AT,AKC,urban,persistence
2023-07-14 14:00:00+00:00,1,4.107549,4.165299,AT,AKC,urban,persistence
2023-07-14 15:00:00+00:00,1,4.36555,4.107549,AT,AKC,urban,persistence
2023-07-14 16:00:00+00:00,1,4.620349,4.36555,AT,AKC,urban,persistence
2023-07-14 17:00:00+00:00,1,5.127699,4.620349,AT,AKC,urban,persistence
2023-07-14 18:00:00+00:00,1,5.026999,5.127699,AT,AKC,urban,persistence
2023-07-14 19:00:00+00:00,1,5.285099,5.026999,AT,AKC,urban,persistence
2023-07-14 20:00:00+00:00,1,5.3787,5.285099,AT,AKC,urban,persistence
2023-07-14 21:00:00+00:00,1,5.320499,5.3787,AT,AKC,urban,persistence
2023-07-14 22:00:00+00:00,1,5.6048,5.320499,AT,AKC,urban,persistence
2023-07-14 23:00:00+00:00,1,6.0802,5.6048,AT,AKC,urban,persistence
2023-07-15 00:00:00+00:00,1,6.7993,6.0802,AT,AKC,urban,persistence
2023-07-15 01:00:00+00:00,1,7.6308,6.7993,AT,AKC,urban,persistence
2023-07-15 02:00:00+00:00,1,8.6939,7.6308,AT,AKC,urban,persistence
2023-07-15 03:00:00+00:00,1,7.9544,8.6939,AT,AKC,urban,persistence
2023-07-15 04:00:00+00:00,1,8.265749,7.9544,AT,AKC,urban,persistence
2023-07-15 05:00:00+00:00,1,6.926549,8.265749,AT,AKC,urban,persistence
2023-07-15 06:00:00+00:00,1,6.4953,6.926549,AT,AKC,urban,persistence
2023-07-15 07:00:00+00:00,1,6.770899,6.4953,AT,AKC,urban,persistence
2023-07-15 08:00:00+00:00,1,6.77255,6.770899,AT,AKC,urban,persistence
2023-07-15 09:00:00+00:00,1,5.8308,6.77255,AT,AKC,urban,persistence
2023-07-15 10:00:00+00:00,1,5.0838,5.8308,AT,AKC,urban,persistence
2023-07-15 11:00:00+00:00,1,4.522649,5.0838,AT,AKC,urban,persistence
2023-07-15 12:00:00+00:00,1,4.6946,4.522649,AT,AKC,urban,persistence
2023-07-15 13:00:00+00:00,1,4.822549,4.6946,AT,AKC,urban,persistence
2023-07-15 14:00:00+00:00,1,4.7754,4.822549,AT,AKC,urban,persistence
2023-07-15 15:00:00+00:00,1,5.178649,4.7754,AT,AKC,urban,persistence
2023-07-15 16:00:00+00:00,1,5.1953,5.178649,AT,AKC,urban,persistence
2023-07-15 17:00:00+00:00,1,5.868949,5.1953,AT,AKC,urban,persistence
2023-07-15 18:00:00+00:00,1,6.630499,5.868949,AT,AKC,urban,persistence
2023-07-15 19:00:00+00:00,1,6.87135,6.630499,AT,AKC,urban,persistence
2023-07-15 20:00:00+00:00,1,7.1258,6.87135,AT,AKC,urban,persistence
2023-07-15 21:00:00+00:00,1,7.208399,7.1258,AT,AKC,urban,persistence
2023-07-15 22:00:00+00:00,1,7.3969,7.208399,AT,AKC,urban,persistence
2023-07-15 23:00:00+00:00,1,7.56215,7.3969,AT,AKC,urban,persistence
2023-07-16 00:00:00+00:00,1,7.943799,7.56215,AT,AKC,urban,persistence
2023-07-16 01:00:00+00:00,1,8.232149,7.943799,AT,AKC,urban,persistence
2023-07-16 02:00:00+00:00,1,9.582249,8.232149,AT,AKC,urban,persistence
2023-07-16 03:00:00+00:00,1,9.881999,9.582249,AT,AKC,urban,persistence
2023-07-16 04:00:00+00:00,1,8.883699,9.881999,AT,AKC,urban,persistence
2023-07-16 05:00:00+00:00,1,8.61775,8.883699,AT,AKC,urban,persistence
2023-07-16 06:00:00+00:00,1,6.861249,8.61775,AT,AKC,urban,persistence
2023-07-16 07:00:00+00:00,1,4.925499,6.861249,AT,AKC,urban,persistence
2023-07-16 08:00:00+00:00,1,4.677749,4.925499,AT,AKC,urban,persistence
2023-07-16 09:00:00+00:00,1,4.33685,4.677749,AT,AKC,urban,persistence
2023-07-16 10:00:00+00:00,1,4.16855,4.33685,AT,AKC,urban,persistence
2023-07-16 11:00:00+00:00,1,4.065199,4.16855,AT,AKC,urban,persistence
2023-07-16 12:00:00+00:00,1,3.855299,4.065199,AT,AKC,urban,persistence
2023-07-16 13:00:00+00:00,1,3.3821,3.855299,AT,AKC,urban,persistence
2023-07-16 14:00:00+00:00,1,3.2539,3.3821,AT,AKC,urban,persistence
2023-07-16 15:00:00+00:00,1,3.270599,3.2539,AT,AKC,urban,persistence
2023-07-16 16:00:00+00:00,1,3.36765,3.270599,AT,AKC,urban,persistence
2023-07-16 17:00:00+00:00,1,3.751749,3.36765,AT,AKC,urban,persistence
2023-07-16 18:00:00+00:00,1,4.63735,3.751749,AT,AKC,urban,persistence
2023-07-16 19:00:00+00:00,1,4.8113,4.63735,AT,AKC,urban,persistence
2023-07-16 20:00:00+00:00,1,5.151499,4.8113,AT,AKC,urban,persistence
2023-07-16 21:00:00+00:00,1,5.158149,5.151499,AT,AKC,urban,persistence
2023-07-16 22:00:00+00:00,1,5.519849,5.158149,AT,AKC,urban,persistence
2023-07-16 23:00:00+00:00,1,5.497499,5.519849,AT,AKC,urban,persistence
2023-07-17 00:00:00+00:00,1,5.646249,5.497499,AT,AKC,urban,persistence
2023-07-17 01:00:00+00:00,1,5.449349,5.646249,AT,AKC,urban,persistence
2023-07-17 02:00:00+00:00,1,6.1261,5.449349,AT,AKC,urban,persistence
2023-07-17 03:00:00+00:00,1,5.584599,6.1261,AT,AKC,urban,persistence
2023-07-17 04:00:00+00:00,1,6.371899,5.584599,AT,AKC,urban,persistence
2023-07-17 05:00:00+00:00,1,5.6324,6.371899,AT,AKC,urban,persistence
2023-07-17 06:00:00+00:00,1,6.3478,5.6324,AT,AKC,urban,persistence
2023-07-17 07:00:00+00:00,1,6.758299,6.3478,AT,AKC,urban,persistence
2023-07-17 08:00:00+00:00,1,7.49485,6.758299,AT,AKC,urban,persistence
2023-07-17 09:00:00+00:00,1,7.28625,7.49485,AT,AKC,urban,persistence
2023-07-17 10:00:00+00:00,1,8.46735,7.28625,AT,AKC,urban,persistence
2023-07-17 11:00:00+00:00,1,9.045949,8.46735,AT,AKC,urban,persistence
2023-07-17 12:00:00+00:00,1,7.76885,9.045949,AT,AKC,urban,persistence
2023-07-17 13:00:00+00:00,1,6.408249,7.76885,AT,AKC,urban,persistence
2023-07-17 14:00:00+00:00,1,5.50745,6.408249,AT,AKC,urban,persistence
2023-07-17 15:00:00+00:00,1,4.299349,5.50745,AT,AKC,urban,persistence
2023-07-17 16:00:00+00:00,1,4.138099,4.299349,AT,AKC,urban,persistence
2023-07-17 17:00:00+00:00,1,3.81895,4.138099,AT,AKC,urban,persistence
2023-07-17 18:00:00+00:00,1,3.21915,3.81895,AT,AKC,urban,persistence
2023-07-17 19:00:00+00:00,1,4.1057,3.21915,AT,AKC,urban,persistence
2023-07-17 20:00:00+00:00,1,4.8653,4.1057,AT,AKC,urban,persistence
2023-07-17 21:00:00+00:00,1,5.223449,4.8653,AT,AKC,urban,persistence
2023-07-17 22:00:00+00:00,1,5.0054,5.223449,AT,AKC,urban,persistence
2023-07-17 23:00:00+00:00,1,4.72825,5.0054,AT,AKC,urban,persistence
2023-07-18 00:00:00+00:00,1,5.3484,4.72825,AT,AKC,urban,persistence
2023-07-18 01:00:00+00:00,1,6.096099,5.3484,AT,AKC,urban,persistence
2023-07-18 02:00:00+00:00,1,6.80555,6.096099,AT,AKC,urban,persistence
2023-07-18 03:00:00+00:00,1,6.2382,6.80555,AT,AKC,urban,persistence
2023-07-18 04:00:00+00:00,1,6.7143,6.2382,AT,AKC,urban,persistence
2023-07-18 05:00:00+00:00,1,6.215149,6.7143,AT,AKC,urban,persistence
2023-07-18 06:00:00+00:00,1,6.006,6.215149,AT,AKC,urban,persistence
2023-07-18 07:00:00+00:00,1,5.33975,6.006,AT,AKC,urban,persistence
2023-07-18 08:00:00+00:00,1,4.900899,5.33975,AT,AKC,urban,persistence
2023-07-18 09:00:00+00:00,1,4.731649,4.900899,AT,AKC,urban,persistence
2023-07-18 10:00:00+00:00,1,5.16165,4.731649,AT,AKC,urban,persistence
2023-07-18 11:00:00+00:00,1,5.90005,5.16165,AT,AKC,urban,persistence
2023-07-18 12:00:00+00:00,1,6.212249,5.90005,AT,AKC,urban,persistence
2023-07-18 13:00:00+00:00,1,6.63835,6.212249,AT,AKC,urban,persistence
2023-07-18 14:00:00+00:00,1,6.470499,6.63835,AT,AKC,urban,persistence
2023-07-18 15:00:00+00:00,1,6.641949,6.470499,AT,AKC,urban,persistence
2023-07-18 16:00:00+00:00,1,7.30455,6.641949,AT,AKC,urban,persistence
2023-07-18 17:00:00+00:00,1,8.480249,7.30455,AT,AKC,urban,persistence
2023-07-18 18:00:00+00:00,1,9.3675,8.480249,AT,AKC,urban,persistence
2023-07-18 19:00:00+00:00,1,8.433549,9.3675,AT,AKC,urban,persistence
2023-07-18 20:00:00+00:00,1,7.360699,8.433549,AT,AKC,urban,persistence
2023-07-18 21:00:00+00:00,1,6.842,7.360699,AT,AKC,urban,persistence
2023-07-18 22:00:00+00:00,1,6.348199,6.842,AT,AKC,urban,persistence
2023-07-18 23:00:00+00:00,1,5.933699,6.348199,AT,AKC,urban,persistence
2023-07-19 00:00:00+00:00,1,5.79535,5.933699,AT,AKC,urban,persistence
2023-07-19 01:00:00+00:00,1,6.194499,5.79535,AT,AKC,urban,persistence
2023-07-19 02:00:00+00:00,1,7.670849,6.194499,AT,AKC,urban,persistence
2023-07-19 03:00:00+00:00,1,7.58255,7.670849,AT,AKC,urban,persistence
2023-07-19 04:00:00+00:00,1,8.094249,7.58255,AT,AKC,urban,persistence
2023-07-19 05:00:00+00:00,1,9.435449,8.094249,AT,AKC,urban,persistence
2023-07-19 06:00:00+00:00,1,8.07925,9.435449,AT,AKC,urban,persistence
2023-07-19 07:00:00+00:00,1,8.0232,8.07925,AT,AKC,urban,persistence
2023-07-19 08:00:00+00:00,1,6.577699,8.0232,AT,AKC,urban,persistence
2023-07-19 09:00:00+00:00,1,7.209449,6.577699,AT,AKC,urban,persistence
2023-07-19 10:00:00+00:00,1,11.6235,7.209449,AT,AKC,urban,persistence
2023-07-19 11:00:00+00:00,1,10.3691,11.6235,AT,AKC,urban,persistence
2023-07-19 12:00:00+00:00,1,9.872249,10.3691,AT,AKC,urban,persistence
2023-07-19 13:00:00+00:00,1,9.17035,9.872249,AT,AKC,urban,persistence
2023-07-19 14:00:00+00:00,1,6.8502,9.17035,AT,AKC,urban,persistence
2023-07-19 15:00:00+00:00,1,5.7733,6.8502,AT,AKC,urban,persistence
2023-07-19 16:00:00+00:00,1,5.35365,5.7733,AT,AKC,urban,persistence
2023-07-19 17:00:00+00:00,1,3.714499,5.35365,AT,AKC,urban,persistence
2023-07-19 18:00:00+00:00,1,4.407649,3.714499,AT,AKC,urban,persistence
2023-07-19 19:00:00+00:00,1,4.53005,4.407649,AT,AKC,urban,persistence
2023-07-19 20:00:00+00:00,1,4.509799,4.53005,AT,AKC,urban,persistence
2023-07-19 21:00:00+00:00,1,4.9673,4.509799,AT,AKC,urban,persistence
2023-07-19 22:00:00+00:00,1,5.0592,4.9673,AT,AKC,urban,persistence
2023-07-19 23:00:00+00:00,1,5.4144,5.0592,AT,AKC,urban,persistence
2023-07-20 00:00:00+00:00,1,5.879949,5.4144,AT,AKC,urban,persistence
2023-07-20 01:00:00+00:00,1,5.663899,5.879949,AT,AKC,urban,persistence
2023-07-20 02:00:00+00:00,1,6.13115,5.663899,AT,AKC,urban,persistence
2023-07-20 03:00:00+00:00,1,5.6492,6.13115,AT,AKC,urban,persistence
2023-07-20 04:00:00+00:00,1,6.374199,5.6492,AT,AKC,urban,persistence
2023-07-20 05:00:00+00:00,1,5.679249,6.374199,AT,AKC,urban,persistence
2023-07-20 06:00:00+00:00,1,5.713099,5.679249,AT,AKC,urban,persistence
2023-07-20 07:00:00+00:00,1,6.045399,5.713099,AT,AKC,urban,persistence
2023-07-20 08:00:00+00:00,1,5.8948,6.045399,AT,AKC,urban,persistence
2023-07-20 09:00:00+00:00,1,7.22515,5.8948,AT,AKC,urban,persistence
2023-07-20 10:00:00+00:00,1,8.12775,7.22515,AT,AKC,urban,persistence
2023-07-20 11:00:00+00:00,1,8.361849,8.12775,AT,AKC,urban,persistence
2023-07-20 12:00:00+00:00,1,7.057549,8.361849,AT,AKC,urban,persistence
2023-07-20 13:00:00+00:00,1,4.342649,7.057549,AT,AKC,urban,persistence
2023-07-20 14:00:00+00:00,1,5.0002,4.342649,AT,AKC,urban,persistence
2023-07-20 15:00:00+00:00,1,3.7279,5.0002,AT,AKC,urban,persistence
2023-07-20 16:00:00+00:00,1,3.491899,3.7279,AT,AKC,urban,persistence
2023-07-20 17:00:00+00:00,1,3.47985,3.491899,AT,AKC,urban,persistence
2023-07-20 18:00:00+00:00,1,3.664299,3.47985,AT,AKC,urban,persistence
2023-07-20 19:00:00+00:00,1,3.561749,3.664299,AT,AKC,urban,persistence
2023-07-20 20:00:00+00:00,1,3.767299,3.561749,AT,AKC,urban,persistence
2023-07-20 21:00:00+00:00,1,4.058249,3.767299,AT,AKC,urban,persistence
2023-07-20 22:00:00+00:00,1,4.67315,4.058249,AT,AKC,urban,persistence
2023-07-20 23:00:00+00:00,1,4.99455,4.67315,AT,AKC,urban,persistence
2023-07-21 00:00:00+00:00,1,4.437299,4.99455,AT,AKC,urban,persistence
2023-07-21 01:00:00+00:00,1,4.66635,4.437299,AT,AKC,urban,persistence
2023-07-21 02:00:00+00:00,1,5.471949,4.66635,AT,AKC,urban,persistence
2023-07-21 03:00:00+00:00,1,5.9386,5.471949,AT,AKC,urban,persistence
2023-07-21 04:00:00+00:00,1,6.766449,5.9386,AT,AKC,urban,persistence
2023-07-21 05:00:00+00:00,1,7.177499,6.766449,AT,AKC,urban,persistence
2023-07-21 06:00:00+00:00,1,8.433849,7.177499,AT,AKC,urban,persistence
2023-07-21 07:00:00+00:00,1,9.923099,8.433849,AT,AKC,urban,persistence
2023-07-21 08:00:00+00:00,1,9.920799,9.923099,AT,AKC,urban,persistence
2023-07-21 09:00:00+00:00,1,6.938599,9.920799,AT,AKC,urban,persistence
2023-07-21 10:00:00+00:00,1,5.797049,6.938599,AT,AKC,urban,persistence
2023-07-21 11:00:00+00:00,1,4.24165,5.797049,AT,AKC,urban,persistence
2023-07-21 12:00:00+00:00,1,4.15435,4.24165,AT,AKC,urban,persistence
2023-07-21 13:00:00+00:00,1,4.240699,4.15435,AT,AKC,urban,persistence
2023-07-21 14:00:00+00:00,1,4.547249,4.240699,AT,AKC,urban,persistence
2023-07-21 15:00:00+00:00,1,6.423399,4.547249,AT,AKC,urban,persistence
2023-07-21 16:00:00+00:00,1,5.587949,6.423399,AT,AKC,urban,persistence
2023-07-21 17:00:00+00:00,1,5.8632,5.587949,AT,AKC,urban,persistence
2023-07-21 18:00:00+00:00,1,6.6568,5.8632,AT,AKC,urban,persistence
2023-07-21 19:00:00+00:00,1,7.608149,6.6568,AT,AKC,urban,persistence
2023-07-21 20:00:00+00:00,1,8.173899,7.608149,AT,AKC,urban,persistence
2023-07-21 21:00:00+00:00,1,5.93015,8.173899,AT,AKC,urban,persistence
2023-07-21 22:00:00+00:00,1,3.977649,5.93015,AT,AKC,urban,persistence
2023-07-21 23:00:00+00:00,1,4.101999,3.977649,AT,AKC,urban,persistence
2023-07-22 00:00:00+00:00,1,4.381899,4.101999,AT,AKC,urban,persistence
2023-07-22 01:00:00+00:00,1,4.86855,4.381899,AT,AKC,urban,persistence
2023-07-22 02:00:00+00:00,1,5.699199,4.86855,AT,AKC,urban,persistence
2023-07-22 03:00:00+00:00,1,4.7135,5.699199,AT,AKC,urban,persistence
2023-07-22 04:00:00+00:00,1,4.901,4.7135,AT,AKC,urban,persistence
2023-07-22 05:00:00+00:00,1,4.49365,4.901,AT,AKC,urban,persistence
2023-07-22 06:00:00+00:00,1,3.71315,4.49365,AT,AKC,urban,persistence
2023-07-22 07:00:00+00:00,1,3.54955,3.71315,AT,AKC,urban,persistence
2023-07-22 08:00:00+00:00,1,3.1177,3.54955,AT,AKC,urban,persistence
2023-07-22 09:00:00+00:00,1,2.960999,3.1177,AT,AKC,urban,persistence
2023-07-22 10:00:00+00:00,1,3.24105,2.960999,AT,AKC,urban,persistence
2023-07-22 11:00:00+00:00,1,2.97265,3.24105,AT,AKC,urban,persistence
2023-07-22 12:00:00+00:00,1,2.68335,2.97265,AT,AKC,urban,persistence
2023-07-22 13:00:00+00:00,1,2.67285,2.68335,AT,AKC,urban,persistence
2023-07-22 14:00:00+00:00,1,3.01745,2.67285,AT,AKC,urban,persistence
2023-07-22 15:00:00+00:00,1,3.2609,3.01745,AT,AKC,urban,persistence
2023-07-22 16:00:00+00:00,1,3.479549,3.2609,AT,AKC,urban,persistence
2023-07-22 17:00:00+00:00,1,3.8329,3.479549,AT,AKC,urban,persistence
2023-07-22 18:00:00+00:00,1,4.709599,3.8329,AT,AKC,urban,persistence
2023-07-22 19:00:00+00:00,1,4.5654,4.709599,AT,AKC,urban,persistence
2023-07-22 20:00:00+00:00,1,4.921449,4.5654,AT,AKC,urban,persistence
2023-07-22 21:00:00+00:00,1,4.459799,4.921449,AT,AKC,urban,persistence
2023-07-22 22:00:00+00:00,1,4.104049,4.459799,AT,AKC,urban,persistence
2023-07-22 23:00:00+00:00,1,4.521299,4.104049,AT,AKC,urban,persistence
2023-07-23 00:00:00+00:00,1,4.9418,4.521299,AT,AKC,urban,persistence
2023-07-23 01:00:00+00:00,1,5.08435,4.9418,AT,AKC,urban,persistence
2023-07-23 02:00:00+00:00,1,5.551199,5.08435,AT,AKC,urban,persistence
2023-07-23 03:00:00+00:00,1,5.308,5.551199,AT,AKC,urban,persistence
2023-07-23 04:00:00+00:00,1,4.89095,5.308,AT,AKC,urban,persistence
2023-07-23 05:00:00+00:00,1,4.292599,4.89095,AT,AKC,urban,persistence
2023-07-23 06:00:00+00:00,1,3.809749,4.292599,AT,AKC,urban,persistence
2023-07-23 07:00:00+00:00,1,3.8754,3.809749,AT,AKC,urban,persistence
2023-07-23 08:00:00+00:00,1,3.328999,3.8754,AT,AKC,urban,persistence
2023-07-23 09:00:00+00:00,1,3.227449,3.328999,AT,AKC,urban,persistence
2023-07-23 10:00:00+00:00,1,3.227849,3.227449,AT,AKC,urban,persistence
2023-07-23 11:00:00+00:00,1,3.22375,3.227849,AT,AKC,urban,persistence
2023-07-23 12:00:00+00:00,1,3.1612,3.22375,AT,AKC,urban,persistence
2023-07-23 13:00:00+00:00,1,3.4194,3.1612,AT,AKC,urban,persistence
2023-07-23 14:00:00+00:00,1,3.644949,3.4194,AT,AKC,urban,persistence
2023-07-23 15:00:00+00:00,1,4.14675,3.644949,AT,AKC,urban,persistence
2023-07-23 16:00:00+00:00,1,5.111649,4.14675,AT,AKC,urban,persistence
2023-07-23 17:00:00+00:00,1,5.5108,5.111649,AT,AKC,urban,persistence
2023-07-23 18:00:00+00:00,1,5.751399,5.5108,AT,AKC,urban,persistence
2023-07-23 19:00:00+00:00,1,5.809549,5.751399,AT,AKC,urban,persistence
2023-07-23 20:00:00+00:00,1,6.6394,5.809549,AT,AKC,urban,persistence
2023-07-23 21:00:00+00:00,1,6.5815,6.6394,AT,AKC,urban,persistence
2023-07-23 22:00:00+00:00,1,5.667099,6.5815,AT,AKC,urban,persistence
2023-07-23 23:00:00+00:00,1,5.6939,5.667099,AT,AKC,urban,persistence
2023-07-24 00:00:00+00:00,1,6.456299,5.6939,AT,AKC,urban,persistence
2023-07-24 01:00:00+00:00,1,8.21845,6.456299,AT,AKC,urban,persistence
2023-07-24 02:00:00+00:00,1,8.94915,8.21845,AT,AKC,urban,persistence
2023-07-24 03:00:00+00:00,1,8.8822,8.94915,AT,AKC,urban,persistence
2023-07-24 04:00:00+00:00,1,9.846199,8.8822,AT,AKC,urban,persistence
2023-07-24 05:00:00+00:00,1,8.716249,9.846199,AT,AKC,urban,persistence
2023-07-24 06:00:00+00:00,1,8.365299,8.716249,AT,AKC,urban,persistence
2023-07-24 07:00:00+00:00,1,8.87985,8.365299,AT,AKC,urban,persistence
2023-07-24 08:00:00+00:00,1,8.1606,8.87985,AT,AKC,urban,persistence
2023-07-24 09:00:00+00:00,1,6.289649,8.1606,AT,AKC,urban,persistence
2023-07-24 10:00:00+00:00,1,6.917349,6.289649,AT,AKC,urban,persistence
2023-07-24 11:00:00+00:00,1,8.178649,6.917349,AT,AKC,urban,persistence
2023-07-24 12:00:00+00:00,1,9.600299,8.178649,AT,AKC,urban,persistence
2023-07-24 13:00:00+00:00,1,10.966,9.600299,AT,AKC,urban,persistence
2023-07-24 14:00:00+00:00,1,9.044549,10.966,AT,AKC,urban,persistence
2023-07-24 15:00:00+00:00,1,7.05375,9.044549,AT,AKC,urban,persistence
2023-07-24 16:00:00+00:00,1,6.9053,7.05375,AT,AKC,urban,persistence
2023-07-24 17:00:00+00:00,1,3.684149,6.9053,AT,AKC,urban,persistence
2023-07-24 18:00:00+00:00,1,5.116499,3.684149,AT,AKC,urban,persistence
2023-07-24 19:00:00+00:00,1,3.858449,5.116499,AT,AKC,urban,persistence
2023-07-24 20:00:00+00:00,1,3.784349,3.858449,AT,AKC,urban,persistence
2023-07-24 21:00:00+00:00,1,4.441599,3.784349,AT,AKC,urban,persistence
2023-07-24 22:00:00+00:00,1,4.689299,4.441599,AT,AKC,urban,persistence
2023-07-24 23:00:00+00:00,1,3.73755,4.689299,AT,AKC,urban,persistence
2023-07-25 00:00:00+00:00,1,3.138599,3.73755,AT,AKC,urban,persistence
2023-07-25 01:00:00+00:00,1,3.4275,3.138599,AT,AKC,urban,persistence
2023-07-25 02:00:00+00:00,1,4.6805,3.4275,AT,AKC,urban,persistence
2023-07-25 03:00:00+00:00,1,4.068799,4.6805,AT,AKC,urban,persistence
2023-07-25 04:00:00+00:00,1,4.9664,4.068799,AT,AKC,urban,persistence
2023-07-25 05:00:00+00:00,1,6.627249,4.9664,AT,AKC,urban,persistence
2023-07-25 06:00:00+00:00,1,6.804249,6.627249,AT,AKC,urban,persistence
2023-07-25 07:00:00+00:00,1,7.189849,6.804249,AT,AKC,urban,persistence
2023-07-25 08:00:00+00:00,1,6.51675,7.189849,AT,AKC,urban,persistence
2023-07-25 09:00:00+00:00,1,3.81645,6.51675,AT,AKC,urban,persistence
2023-07-25 10:00:00+00:00,1,3.832049,3.81645,AT,AKC,urban,persistence
2023-07-25 11:00:00+00:00,1,2.967849,3.832049,AT,AKC,urban,persistence
2023-07-25 12:00:00+00:00,1,3.713049,2.967849,AT,AKC,urban,persistence
2023-07-25 13:00:00+00:00,1,4.899399,3.713049,AT,AKC,urban,persistence
2023-07-25 14:00:00+00:00,1,3.775249,4.899399,AT,AKC,urban,persistence
2023-07-25 15:00:00+00:00,1,2.974599,3.775249,AT,AKC,urban,persistence
2023-07-25 16:00:00+00:00,1,3.1953,2.974599,AT,AKC,urban,persistence
2023-07-25 17:00:00+00:00,1,3.520849,3.1953,AT,AKC,urban,persistence
2023-07-25 18:00:00+00:00,1,3.70025,3.520849,AT,AKC,urban,persistence
2023-07-25 19:00:00+00:00,1,3.60905,3.70025,AT,AKC,urban,persistence
2023-07-25 20:00:00+00:00,1,3.30375,3.60905,AT,AKC,urban,persistence
2023-07-25 21:00:00+00:00,1,3.467299,3.30375,AT,AKC,urban,persistence
2023-07-25 22:00:00+00:00,1,2.1598,3.467299,AT,AKC,urban,persistence
2023-07-25 23:00:00+00:00,1,2.134799,2.1598,AT,AKC,urban,persistence
2023-07-26 00:00:00+00:00,1,2.4835,2.134799,AT,AKC,urban,persistence
2023-07-26 01:00:00+00:00,1,2.46665,2.4835,AT,AKC,urban,persistence
2023-07-26 02:00:00+00:00,1,3.59,2.46665,AT,AKC,urban,persistence
2023-07-26 03:00:00+00:00,1,2.71355,3.59,AT,AKC,urban,persistence
2023-07-26 04:00:00+00:00,1,2.815899,2.71355,AT,AKC,urban,persistence
2023-07-26 05:00:00+00:00,1,3.1136,2.815899,AT,AKC,urban,persistence
2023-07-26 06:00:00+00:00,1,3.6991,3.1136,AT,AKC,urban,persistence
2023-07-26 07:00:00+00:00,1,6.275349,3.6991,AT,AKC,urban,persistence
2023-07-26 08:00:00+00:00,1,6.441049,6.275349,AT,AKC,urban,persistence
2023-07-26 09:00:00+00:00,1,7.144299,6.441049,AT,AKC,urban,persistence
2023-07-26 10:00:00+00:00,1,7.1215,7.144299,AT,AKC,urban,persistence
2023-07-26 11:00:00+00:00,1,3.9804,7.1215,AT,AKC,urban,persistence
2023-07-26 12:00:00+00:00,1,2.026999,3.9804,AT,AKC,urban,persistence
2023-07-26 13:00:00+00:00,1,5.210399,2.026999,AT,AKC,urban,persistence
2023-07-26 14:00:00+00:00,1,3.8245,5.210399,AT,AKC,urban,persistence
2023-07-26 15:00:00+00:00,1,3.337949,3.8245,AT,AKC,urban,persistence
2023-07-26 16:00:00+00:00,1,3.34635,3.337949,AT,AKC,urban,persistence
2023-07-26 17:00:00+00:00,1,3.2177,3.34635,AT,AKC,urban,persistence
2023-07-26 18:00:00+00:00,1,2.41135,3.2177,AT,AKC,urban,persistence
2023-07-26 19:00:00+00:00,1,2.85575,2.41135,AT,AKC,urban,persistence
2023-07-26 20:00:00+00:00,1,2.99305,2.85575,AT,AKC,urban,persistence
2023-07-26 21:00:00+00:00,1,3.3062,2.99305,AT,AKC,urban,persistence
2023-07-26 22:00:00+00:00,1,3.37655,3.3062,AT,AKC,urban,persistence
2023-07-26 23:00:00+00:00,1,3.681349,3.37655,AT,AKC,urban,persistence
2023-07-27 00:00:00+00:00,1,3.573999,3.681349,AT,AKC,urban,persistence
2023-07-27 01:00:00+00:00,1,3.407949,3.573999,AT,AKC,urban,persistence
2023-07-27 02:00:00+00:00,1,3.91155,3.407949,AT,AKC,urban,persistence
2023-07-27 03:00:00+00:00,1,3.619299,3.91155,AT,AKC,urban,persistence
2023-07-27 04:00:00+00:00,1,5.2944,3.619299,AT,AKC,urban,persistence
2023-07-27 05:00:00+00:00,1,5.13815,5.2944,AT,AKC,urban,persistence
2023-07-27 06:00:00+00:00,1,5.570199,5.13815,AT,AKC,urban,persistence
2023-07-27 07:00:00+00:00,1,4.0738,5.570199,AT,AKC,urban,persistence
2023-07-27 08:00:00+00:00,1,4.561399,4.0738,AT,AKC,urban,persistence
2023-07-27 09:00:00+00:00,1,5.27425,4.561399,AT,AKC,urban,persistence
2023-07-27 10:00:00+00:00,1,4.677399,5.27425,AT,AKC,urban,persistence
2023-07-27 11:00:00+00:00,1,5.2087,4.677399,AT,AKC,urban,persistence
2023-07-27 12:00:00+00:00,1,5.882999,5.2087,AT,AKC,urban,persistence
2023-07-27 13:00:00+00:00,1,4.881449,5.882999,AT,AKC,urban,persistence
2023-07-27 14:00:00+00:00,1,4.02985,4.881449,AT,AKC,urban,persistence
2023-07-27 15:00:00+00:00,1,3.57065,4.02985,AT,AKC,urban,persistence
2023-07-27 16:00:00+00:00,1,3.703599,3.57065,AT,AKC,urban,persistence
2023-07-27 17:00:00+00:00,1,3.731499,3.703599,AT,AKC,urban,persistence
2023-07-27 18:00:00+00:00,1,3.7761,3.731499,AT,AKC,urban,persistence
2023-07-27 19:00:00+00:00,1,4.117799,3.7761,AT,AKC,urban,persistence
2023-07-27 20:00:00+00:00,1,3.91415,4.117799,AT,AKC,urban,persistence
2023-07-27 21:00:00+00:00,1,3.197899,3.91415,AT,AKC,urban,persistence
2023-07-27 22:00:00+00:00,1,3.5974,3.197899,AT,AKC,urban,persistence
2023-07-27 23:00:00+00:00,1,3.307499,3.5974,AT,AKC,urban,persistence
2023-07-28 00:00:00+00:00,1,3.13215,3.307499,AT,AKC,urban,persistence
2023-07-28 01:00:00+00:00,1,3.269949,3.13215,AT,AKC,urban,persistence
2023-07-28 02:00:00+00:00,1,4.722899,3.269949,AT,AKC,urban,persistence
2023-07-28 03:00:00+00:00,1,4.894399,4.722899,AT,AKC,urban,persistence
2023-07-28 04:00:00+00:00,1,6.04195,4.894399,AT,AKC,urban,persistence
2023-07-28 05:00:00+00:00,1,15.508,6.04195,AT,AKC,urban,persistence
2023-07-28 06:00:00+00:00,1,5.493249,15.508,AT,AKC,urban,persistence
2023-07-28 07:00:00+00:00,1,7.9017,5.493249,AT,AKC,urban,persistence
2023-07-28 08:00:00+00:00,1,8.024499,7.9017,AT,AKC,urban,persistence
2023-07-28 09:00:00+00:00,1,9.6149,8.024499,AT,AKC,urban,persistence
2023-07-28 10:00:00+00:00,1,7.892299,9.6149,AT,AKC,urban,persistence
2023-07-28 11:00:00+00:00,1,5.89055,7.892299,AT,AKC,urban,persistence
2023-07-28 12:00:00+00:00,1,5.443149,5.89055,AT,AKC,urban,persistence
2023-07-28 13:00:00+00:00,1,4.063199,5.443149,AT,AKC,urban,persistence
2023-07-28 14:00:00+00:00,1,3.5771,4.063199,AT,AKC,urban,persistence
2023-07-28 15:00:00+00:00,1,3.704699,3.5771,AT,AKC,urban,persistence
2023-07-28 16:00:00+00:00,1,3.88415,3.704699,AT,AKC,urban,persistence
2023-07-28 17:00:00+00:00,1,4.1538,3.88415,AT,AKC,urban,persistence
2023-07-28 18:00:00+00:00,1,3.7932,4.1538,AT,AKC,urban,persistence
2023-07-28 19:00:00+00:00,1,3.428149,3.7932,AT,AKC,urban,persistence
2023-07-28 20:00:00+00:00,1,3.169749,3.428149,AT,AKC,urban,persistence
2023-07-28 21:00:00+00:00,1,3.09945,3.169749,AT,AKC,urban,persistence
2023-07-28 22:00:00+00:00,1,3.30285,3.09945,AT,AKC,urban,persistence
2023-07-28 23:00:00+00:00,1,3.5673,3.30285,AT,AKC,urban,persistence
2023-07-29 00:00:00+00:00,1,3.7431,3.5673,AT,AKC,urban,persistence
2023-07-29 01:00:00+00:00,1,3.333549,3.7431,AT,AKC,urban,persistence
2023-07-29 02:00:00+00:00,1,3.104949,3.333549,AT,AKC,urban,persistence
2023-07-29 03:00:00+00:00,1,2.6711,3.104949,AT,AKC,urban,persistence
2023-07-29 04:00:00+00:00,1,2.7452,2.6711,AT,AKC,urban,persistence
2023-07-29 05:00:00+00:00,1,2.23055,2.7452,AT,AKC,urban,persistence
2023-07-29 06:00:00+00:00,1,2.12325,2.23055,AT,AKC,urban,persistence
2023-07-29 07:00:00+00:00,1,2.395999,2.12325,AT,AKC,urban,persistence
2023-07-29 08:00:00+00:00,1,1.8681,2.395999,AT,AKC,urban,persistence
2023-07-29 09:00:00+00:00,1,1.78645,1.8681,AT,AKC,urban,persistence
2023-07-29 10:00:00+00:00,1,1.727349,1.78645,AT,AKC,urban,persistence
2023-07-29 11:00:00+00:00,1,2.460249,1.727349,AT,AKC,urban,persistence
2023-07-29 12:00:00+00:00,1,2.629849,2.460249,AT,AKC,urban,persistence
2023-07-29 13:00:00+00:00,1,2.08335,2.629849,AT,AKC,urban,persistence
2023-07-29 14:00:00+00:00,1,2.5201,2.08335,AT,AKC,urban,persistence
2023-07-29 15:00:00+00:00,1,3.07955,2.5201,AT,AKC,urban,persistence
2023-07-29 16:00:00+00:00,1,2.44385,3.07955,AT,AKC,urban,persistence
2023-07-29 17:00:00+00:00,1,2.201149,2.44385,AT,AKC,urban,persistence
2023-07-29 18:00:00+00:00,1,2.4358,2.201149,AT,AKC,urban,persistence
2023-07-29 19:00:00+00:00,1,2.558199,2.4358,AT,AKC,urban,persistence
2023-07-29 20:00:00+00:00,1,2.646049,2.558199,AT,AKC,urban,persistence
2023-07-29 21:00:00+00:00,1,2.6444,2.646049,AT,AKC,urban,persistence
2023-07-29 22:00:00+00:00,1,2.838699,2.6444,AT,AKC,urban,persistence
2023-07-29 23:00:00+00:00,1,2.656599,2.838699,AT,AKC,urban,persistence
2023-07-30 00:00:00+00:00,1,2.6589,2.656599,AT,AKC,urban,persistence
2023-07-30 01:00:00+00:00,1,2.7309,2.6589,AT,AKC,urban,persistence
2023-07-30 02:00:00+00:00,1,3.448149,2.7309,AT,AKC,urban,persistence
2023-07-30 03:00:00+00:00,1,2.86465,3.448149,AT,AKC,urban,persistence
2023-07-30 04:00:00+00:00,1,2.84885,2.86465,AT,AKC,urban,persistence
2023-07-30 05:00:00+00:00,1,2.8354,2.84885,AT,AKC,urban,persistence
2023-07-30 06:00:00+00:00,1,2.306399,2.8354,AT,AKC,urban,persistence
2023-07-30 07:00:00+00:00,1,2.495949,2.306399,AT,AKC,urban,persistence
2023-07-30 08:00:00+00:00,1,2.539249,2.495949,AT,AKC,urban,persistence
2023-07-30 09:00:00+00:00,1,3.12085,2.539249,AT,AKC,urban,persistence
2023-07-30 10:00:00+00:00,1,2.91805,3.12085,AT,AKC,urban,persistence
2023-07-30 11:00:00+00:00,1,2.381999,2.91805,AT,AKC,urban,persistence
2023-07-30 12:00:00+00:00,1,1.81185,2.381999,AT,AKC,urban,persistence
2023-07-30 13:00:00+00:00,1,3.04005,1.81185,AT,AKC,urban,persistence
2023-07-30 14:00:00+00:00,1,3.236,3.04005,AT,AKC,urban,persistence
2023-07-30 15:00:00+00:00,1,4.03275,3.236,AT,AKC,urban,persistence
2023-07-30 16:00:00+00:00,1,3.0774,4.03275,AT,AKC,urban,persistence
2023-07-30 17:00:00+00:00,1,2.68725,3.0774,AT,AKC,urban,persistence
2023-07-30 18:00:00+00:00,1,2.689249,2.68725,AT,AKC,urban,persistence
2023-07-30 19:00:00+00:00,1,2.83345,2.689249,AT,AKC,urban,persistence
2023-07-30 20:00:00+00:00,1,2.83395,2.83345,AT,AKC,urban,persistence
2023-07-30 21:00:00+00:00,1,3.1314,2.83395,AT,AKC,urban,persistence
2023-07-30 22:00:00+00:00,1,3.05535,3.1314,AT,AKC,urban,persistence
2023-07-30 23:00:00+00:00,1,3.046599,3.05535,AT,AKC,urban,persistence
2023-07-31 00:00:00+00:00,1,3.177899,3.046599,AT,AKC,urban,persistence
2023-07-31 01:00:00+00:00,1,3.38835,3.177899,AT,AKC,urban,persistence
2023-07-31 02:00:00+00:00,1,4.4218,3.38835,AT,AKC,urban,persistence
2023-07-31 03:00:00+00:00,1,4.453299,4.4218,AT,AKC,urban,persistence
2023-07-31 04:00:00+00:00,1,4.690949,4.453299,AT,AKC,urban,persistence
2023-07-31 05:00:00+00:00,1,4.619549,4.690949,AT,AKC,urban,persistence
2023-07-31 06:00:00+00:00,1,3.94455,4.619549,AT,AKC,urban,persistence
2023-07-31 07:00:00+00:00,1,4.062649,3.94455,AT,AKC,urban,persistence
2023-07-31 08:00:00+00:00,1,4.159249,4.062649,AT,AKC,urban,persistence
2023-07-31 09:00:00+00:00,1,3.812849,4.159249,AT,AKC,urban,persistence
2023-07-31 10:00:00+00:00,1,4.031,3.812849,AT,AKC,urban,persistence
2023-07-31 11:00:00+00:00,1,3.93365,4.031,AT,AKC,urban,persistence
2023-07-31 12:00:00+00:00,1,4.3997,3.93365,AT,AKC,urban,persistence
2023-07-31 13:00:00+00:00,1,3.656099,4.3997,AT,AKC,urban,persistence
2023-07-31 14:00:00+00:00,1,3.551899,3.656099,AT,AKC,urban,persistence
2023-07-31 15:00:00+00:00,1,3.226449,3.551899,AT,AKC,urban,persistence
2023-07-31 16:00:00+00:00,1,3.90775,3.226449,AT,AKC,urban,persistence
2023-07-31 17:00:00+00:00,1,4.561699,3.90775,AT,AKC,urban,persistence
2023-07-31 18:00:00+00:00,1,5.0229,4.561699,AT,AKC,urban,persistence
2023-07-31 19:00:00+00:00,1,5.3077,5.0229,AT,AKC,urban,persistence
2023-07-31 20:00:00+00:00,1,5.485499,5.3077,AT,AKC,urban,persistence
2023-07-31 21:00:00+00:00,1,5.508,5.485499,AT,AKC,urban,persistence
2023-07-31 22:00:00+00:00,1,6.175,5.508,AT,AKC,urban,persistence
2023-07-31 23:00:00+00:00,1,5.67135,6.175,AT,AKC,urban,persistence
2023-08-01 00:00:00+00:00,1,5.51675,5.67135,AT,AKC,urban,persistence
2023-08-01 01:00:00+00:00,1,5.500849,5.51675,AT,AKC,urban,persistence
2023-08-01 02:00:00+00:00,1,5.96065,5.500849,AT,AKC,urban,persistence
2023-08-01 03:00:00+00:00,1,7.609649,5.96065,AT,AKC,urban,persistence
2023-08-01 04:00:00+00:00,1,8.030449,7.609649,AT,AKC,urban,persistence
2023-08-01 05:00:00+00:00,1,8.623149,8.030449,AT,AKC,urban,persistence
2023-08-01 06:00:00+00:00,1,8.486849,8.623149,AT,AKC,urban,persistence
2023-08-01 07:00:00+00:00,1,8.463749,8.486849,AT,AKC,urban,persistence
2023-08-01 08:00:00+00:00,1,6.797249,8.463749,AT,AKC,urban,persistence
2023-08-01 09:00:00+00:00,1,5.9467,6.797249,AT,AKC,urban,persistence
2023-08-01 10:00:00+00:00,1,7.952349,5.9467,AT,AKC,urban,persistence
2023-08-01 11:00:00+00:00,1,8.0106,7.952349,AT,AKC,urban,persistence
2023-08-01 12:00:00+00:00,1,10.19085,8.0106,AT,AKC,urban,persistence
2023-08-01 13:00:00+00:00,1,6.658299,10.19085,AT,AKC,urban,persistence
2023-08-01 14:00:00+00:00,1,6.003199,6.658299,AT,AKC,urban,persistence
2023-08-01 15:00:00+00:00,1,6.460499,6.003199,AT,AKC,urban,persistence
2023-08-01 16:00:00+00:00,1,5.985449,6.460499,AT,AKC,urban,persistence
2023-08-01 17:00:00+00:00,1,5.8087,5.985449,AT,AKC,urban,persistence
2023-08-01 18:00:00+00:00,1,5.572999,5.8087,AT,AKC,urban,persistence
2023-08-01 19:00:00+00:00,1,6.289899,5.572999,AT,AKC,urban,persistence
2023-08-01 20:00:00+00:00,1,4.562349,6.289899,AT,AKC,urban,persistence
2023-08-01 21:00:00+00:00,1,3.108999,4.562349,AT,AKC,urban,persistence
2023-08-01 22:00:00+00:00,1,3.15205,3.108999,AT,AKC,urban,persistence
2023-08-01 23:00:00+00:00,1,2.817699,3.15205,AT,AKC,urban,persistence
2023-08-02 00:00:00+00:00,1,2.596049,2.817699,AT,AKC,urban,persistence
2023-08-02 01:00:00+00:00,1,2.239399,2.596049,AT,AKC,urban,persistence
2023-08-02 02:00:00+00:00,1,2.61365,2.239399,AT,AKC,urban,persistence
2023-08-02 03:00:00+00:00,1,2.866149,2.61365,AT,AKC,urban,persistence
2023-08-02 04:00:00+00:00,1,6.0143,2.866149,AT,AKC,urban,persistence
2023-08-02 05:00:00+00:00,1,5.163399,6.0143,AT,AKC,urban,persistence
2023-08-02 06:00:00+00:00,1,4.7206,5.163399,AT,AKC,urban,persistence
2023-08-02 07:00:00+00:00,1,4.7486,4.7206,AT,AKC,urban,persistence
2023-08-02 08:00:00+00:00,1,3.9031,4.7486,AT,AKC,urban,persistence
2023-08-02 09:00:00+00:00,1,3.4077,3.9031,AT,AKC,urban,persistence
2023-08-02 10:00:00+00:00,1,3.295199,3.4077,AT,AKC,urban,persistence
2023-08-02 11:00:00+00:00,1,3.288599,3.295199,AT,AKC,urban,persistence
2023-08-02 12:00:00+00:00,1,4.72685,3.288599,AT,AKC,urban,persistence
2023-08-02 13:00:00+00:00,1,5.732749,4.72685,AT,AKC,urban,persistence
2023-08-02 14:00:00+00:00,1,2.790999,5.732749,AT,AKC,urban,persistence
2023-08-02 15:00:00+00:00,1,2.80425,2.790999,AT,AKC,urban,persistence
2023-08-02 16:00:00+00:00,1,2.779299,2.80425,AT,AKC,urban,persistence
2023-08-02 17:00:00+00:00,1,2.53415,2.779299,AT,AKC,urban,persistence
2023-08-02 18:00:00+00:00,1,2.717499,2.53415,AT,AKC,urban,persistence
2023-08-02 19:00:00+00:00,1,2.938499,2.717499,AT,AKC,urban,persistence
2023-08-02 20:00:00+00:00,1,3.3175,2.938499,AT,AKC,urban,persistence
2023-08-02 21:00:00+00:00,1,3.6542,3.3175,AT,AKC,urban,persistence
2023-08-02 22:00:00+00:00,1,3.89055,3.6542,AT,AKC,urban,persistence
2023-08-02 23:00:00+00:00,1,4.142899,3.89055,AT,AKC,urban,persistence
2023-08-03 00:00:00+00:00,1,4.2763,4.142899,AT,AKC,urban,persistence
2023-08-03 01:00:00+00:00,1,4.10255,4.2763,AT,AKC,urban,persistence
2023-08-03 02:00:00+00:00,1,4.350049,4.10255,AT,AKC,urban,persistence
2023-08-03 03:00:00+00:00,1,4.122499,4.350049,AT,AKC,urban,persistence
2023-08-03 04:00:00+00:00,1,4.4797,4.122499,AT,AKC,urban,persistence
2023-08-03 05:00:00+00:00,1,4.411699,4.4797,AT,AKC,urban,persistence
2023-08-03 06:00:00+00:00,1,3.749149,4.411699,AT,AKC,urban,persistence
2023-08-03 07:00:00+00:00,1,5.85585,3.749149,AT,AKC,urban,persistence
2023-08-03 08:00:00+00:00,1,4.510649,5.85585,AT,AKC,urban,persistence
2023-08-03 09:00:00+00:00,1,3.45825,4.510649,AT,AKC,urban,persistence
2023-08-03 10:00:00+00:00,1,6.24015,3.45825,AT,AKC,urban,persistence
2023-08-03 11:00:00+00:00,1,4.569749,6.24015,AT,AKC,urban,persistence
2023-08-03 12:00:00+00:00,1,4.367899,4.569749,AT,AKC,urban,persistence
2023-08-03 13:00:00+00:00,1,3.506999,4.367899,AT,AKC,urban,persistence
2023-08-03 14:00:00+00:00,1,3.673249,3.506999,AT,AKC,urban,persistence
2023-08-03 15:00:00+00:00,1,3.23285,3.673249,AT,AKC,urban,persistence
2023-08-03 16:00:00+00:00,1,3.4391,3.23285,AT,AKC,urban,persistence
2023-08-03 17:00:00+00:00,1,3.71075,3.4391,AT,AKC,urban,persistence
2023-08-03 18:00:00+00:00,1,4.263549,3.71075,AT,AKC,urban,persistence
2023-08-03 19:00:00+00:00,1,3.995199,4.263549,AT,AKC,urban,persistence
2023-08-03 20:00:00+00:00,1,4.313099,3.995199,AT,AKC,urban,persistence
2023-08-03 21:00:00+00:00,1,4.096449,4.313099,AT,AKC,urban,persistence
2023-08-03 22:00:00+00:00,1,4.065549,4.096449,AT,AKC,urban,persistence
2023-08-03 23:00:00+00:00,1,3.665999,4.065549,AT,AKC,urban,persistence
2023-08-04 00:00:00+00:00,1,3.0128,3.665999,AT,AKC,urban,persistence
2023-08-04 01:00:00+00:00,1,3.000949,3.0128,AT,AKC,urban,persistence
2023-08-04 02:00:00+00:00,1,3.583549,3.000949,AT,AKC,urban,persistence
2023-08-04 03:00:00+00:00,1,3.57885,3.583549,AT,AKC,urban,persistence
2023-08-04 04:00:00+00:00,1,4.6849,3.57885,AT,AKC,urban,persistence
2023-08-04 05:00:00+00:00,1,4.5817,4.6849,AT,AKC,urban,persistence
2023-08-04 06:00:00+00:00,1,3.493599,4.5817,AT,AKC,urban,persistence
2023-08-04 07:00:00+00:00,1,3.61805,3.493599,AT,AKC,urban,persistence
2023-08-04 08:00:00+00:00,1,4.875499,3.61805,AT,AKC,urban,persistence
2023-08-04 09:00:00+00:00,1,4.752349,4.875499,AT,AKC,urban,persistence
2023-08-04 10:00:00+00:00,1,4.577099,4.752349,AT,AKC,urban,persistence
2023-08-04 11:00:00+00:00,1,5.689849,4.577099,AT,AKC,urban,persistence
2023-08-04 12:00:00+00:00,1,3.4906,5.689849,AT,AKC,urban,persistence
2023-08-04 13:00:00+00:00,1,3.29365,3.4906,AT,AKC,urban,persistence
2023-08-04 14:00:00+00:00,1,3.226999,3.29365,AT,AKC,urban,persistence
2023-08-04 15:00:00+00:00,1,2.5721,3.226999,AT,AKC,urban,persistence
2023-08-04 16:00:00+00:00,1,2.851049,2.5721,AT,AKC,urban,persistence
2023-08-04 17:00:00+00:00,1,3.42425,2.851049,AT,AKC,urban,persistence
2023-08-04 18:00:00+00:00,1,3.206449,3.42425,AT,AKC,urban,persistence
2023-08-04 19:00:00+00:00,1,2.671649,3.206449,AT,AKC,urban,persistence
2023-08-04 20:00:00+00:00,1,2.9678,2.671649,AT,AKC,urban,persistence
2023-08-04 21:00:00+00:00,1,2.94395,2.9678,AT,AKC,urban,persistence
2023-08-04 22:00:00+00:00,1,2.840749,2.94395,AT,AKC,urban,persistence
2023-08-04 23:00:00+00:00,1,3.03305,2.840749,AT,AKC,urban,persistence
2023-08-05 00:00:00+00:00,1,3.84705,3.03305,AT,AKC,urban,persistence
2023-08-05 01:00:00+00:00,1,3.316649,3.84705,AT,AKC,urban,persistence
2023-08-05 02:00:00+00:00,1,3.764899,3.316649,AT,AKC,urban,persistence
2023-08-05 03:00:00+00:00,1,4.623149,3.764899,AT,AKC,urban,persistence
2023-08-05 04:00:00+00:00,1,5.084199,4.623149,AT,AKC,urban,persistence
2023-08-05 05:00:00+00:00,1,4.9777,5.084199,AT,AKC,urban,persistence
2023-08-05 06:00:00+00:00,1,4.731699,4.9777,AT,AKC,urban,persistence
2023-08-05 07:00:00+00:00,1,6.229499,4.731699,AT,AKC,urban,persistence
2023-08-05 08:00:00+00:00,1,5.927999,6.229499,AT,AKC,urban,persistence
2023-08-05 09:00:00+00:00,1,3.7982,5.927999,AT,AKC,urban,persistence
2023-08-05 10:00:00+00:00,1,3.732699,3.7982,AT,AKC,urban,persistence
2023-08-05 11:00:00+00:00,1,2.55275,3.732699,AT,AKC,urban,persistence
2023-08-05 12:00:00+00:00,1,2.162699,2.55275,AT,AKC,urban,persistence
2023-08-05 13:00:00+00:00,1,2.62435,2.162699,AT,AKC,urban,persistence
2023-08-05 14:00:00+00:00,1,2.451349,2.62435,AT,AKC,urban,persistence
2023-08-05 15:00:00+00:00,1,2.06155,2.451349,AT,AKC,urban,persistence
2023-08-05 16:00:00+00:00,1,1.695549,2.06155,AT,AKC,urban,persistence
2023-08-05 17:00:00+00:00,1,1.82555,1.695549,AT,AKC,urban,persistence
2023-08-05 18:00:00+00:00,1,2.2244,1.82555,AT,AKC,urban,persistence
2023-08-05 19:00:00+00:00,1,1.74355,2.2244,AT,AKC,urban,persistence
2023-08-05 20:00:00+00:00,1,1.2941,1.74355,AT,AKC,urban,persistence
2023-08-05 21:00:00+00:00,1,0.956239,1.2941,AT,AKC,urban,persistence
2023-08-05 22:00:00+00:00,1,0.9311391,0.956239,AT,AKC,urban,persistence
2023-08-05 23:00:00+00:00,1,0.929625,0.9311391,AT,AKC,urban,persistence
2023-08-06 00:00:00+00:00,1,1.02093,0.929625,AT,AKC,urban,persistence
2023-08-06 01:00:00+00:00,1,1.301149,1.02093,AT,AKC,urban,persistence
2023-08-06 02:00:00+00:00,1,2.0798,1.301149,AT,AKC,urban,persistence
2023-08-06 03:00:00+00:00,1,2.60275,2.0798,AT,AKC,urban,persistence
2023-08-06 04:00:00+00:00,1,2.497849,2.60275,AT,AKC,urban,persistence
2023-08-06 05:00:00+00:00,1,2.5569,2.497849,AT,AKC,urban,persistence
2023-08-06 06:00:00+00:00,1,2.6248,2.5569,AT,AKC,urban,persistence
2023-08-06 07:00:00+00:00,1,3.037099,2.6248,AT,AKC,urban,persistence
2023-08-06 08:00:00+00:00,1,3.603749,3.037099,AT,AKC,urban,persistence
2023-08-06 09:00:00+00:00,1,3.5553,3.603749,AT,AKC,urban,persistence
2023-08-06 10:00:00+00:00,1,4.256599,3.5553,AT,AKC,urban,persistence
2023-08-06 11:00:00+00:00,1,4.0046,4.256599,AT,AKC,urban,persistence
2023-08-06 12:00:00+00:00,1,4.194649,4.0046,AT,AKC,urban,persistence
2023-08-06 13:00:00+00:00,1,2.5625,4.194649,AT,AKC,urban,persistence
2023-08-06 14:00:00+00:00,1,1.6728,2.5625,AT,AKC,urban,persistence
2023-08-06 15:00:00+00:00,1,1.430649,1.6728,AT,AKC,urban,persistence
2023-08-06 16:00:00+00:00,1,1.404299,1.430649,AT,AKC,urban,persistence
2023-08-06 17:00:00+00:00,1,1.2302,1.404299,AT,AKC,urban,persistence
2023-08-06 18:00:00+00:00,1,1.2608,1.2302,AT,AKC,urban,persistence
2023-08-06 19:00:00+00:00,1,1.195799,1.2608,AT,AKC,urban,persistence
2023-08-06 20:00:00+00:00,1,1.134649,1.195799,AT,AKC,urban,persistence
2023-08-06 21:00:00+00:00,1,1.223249,1.134649,AT,AKC,urban,persistence
2023-08-06 22:00:00+00:00,1,1.429749,1.223249,AT,AKC,urban,persistence
2023-08-06 23:00:00+00:00,1,1.598799,1.429749,AT,AKC,urban,persistence
2023-08-07 00:00:00+00:00,1,1.75235,1.598799,AT,AKC,urban,persistence
2023-08-07 01:00:00+00:00,1,2.02285,1.75235,AT,AKC,urban,persistence
2023-08-07 02:00:00+00:00,1,2.08785,2.02285,AT,AKC,urban,persistence
2023-08-07 03:00:00+00:00,1,1.8981,2.08785,AT,AKC,urban,persistence
2023-08-07 04:00:00+00:00,1,2.088399,1.8981,AT,AKC,urban,persistence
2023-08-07 05:00:00+00:00,1,2.39695,2.088399,AT,AKC,urban,persistence
2023-08-07 06:00:00+00:00,1,2.329649,2.39695,AT,AKC,urban,persistence
2023-08-07 07:00:00+00:00,1,2.2589,2.329649,AT,AKC,urban,persistence
2023-08-07 08:00:00+00:00,1,2.425849,2.2589,AT,AKC,urban,persistence
2023-08-07 09:00:00+00:00,1,1.92715,2.425849,AT,AKC,urban,persistence
2023-08-07 10:00:00+00:00,1,2.3894,1.92715,AT,AKC,urban,persistence
2023-08-07 11:00:00+00:00,1,3.2109,2.3894,AT,AKC,urban,persistence
2023-08-07 12:00:00+00:00,1,3.534349,3.2109,AT,AKC,urban,persistence
2023-08-07 13:00:00+00:00,1,4.204649,3.534349,AT,AKC,urban,persistence
2023-08-07 14:00:00+00:00,1,4.0457,4.204649,AT,AKC,urban,persistence
2023-08-07 15:00:00+00:00,1,2.58995,4.0457,AT,AKC,urban,persistence
2023-08-07 16:00:00+00:00,1,1.803599,2.58995,AT,AKC,urban,persistence
2023-08-07 17:00:00+00:00,1,1.6682,1.803599,AT,AKC,urban,persistence
2023-08-07 18:00:00+00:00,1,2.2406,1.6682,AT,AKC,urban,persistence
2023-08-07 19:00:00+00:00,1,2.33605,2.2406,AT,AKC,urban,persistence
2023-08-07 20:00:00+00:00,1,1.9091,2.33605,AT,AKC,urban,persistence
2023-08-07 21:00:00+00:00,1,2.076449,1.9091,AT,AKC,urban,persistence
2023-08-07 22:00:00+00:00,1,2.410249,2.076449,AT,AKC,urban,persistence
2023-08-07 23:00:00+00:00,1,2.420199,2.410249,AT,AKC,urban,persistence
2023-08-08 00:00:00+00:00,1,2.4155,2.420199,AT,AKC,urban,persistence
2023-08-08 01:00:00+00:00,1,2.453199,2.4155,AT,AKC,urban,persistence
2023-08-08 02:00:00+00:00,1,2.965,2.453199,AT,AKC,urban,persistence
2023-08-08 03:00:00+00:00,1,2.865149,2.965,AT,AKC,urban,persistence
2023-08-08 04:00:00+00:00,1,4.0506,2.865149,AT,AKC,urban,persistence
2023-08-08 05:00:00+00:00,1,5.86665,4.0506,AT,AKC,urban,persistence
2023-08-08 06:00:00+00:00,1,5.090549,5.86665,AT,AKC,urban,persistence
2023-08-08 07:00:00+00:00,1,6.21685,5.090549,AT,AKC,urban,persistence
2023-08-08 08:00:00+00:00,1,5.87985,6.21685,AT,AKC,urban,persistence
2023-08-08 09:00:00+00:00,1,4.51455,5.87985,AT,AKC,urban,persistence
2023-08-08 10:00:00+00:00,1,5.65625,4.51455,AT,AKC,urban,persistence
2023-08-08 11:00:00+00:00,1,4.310599,5.65625,AT,AKC,urban,persistence
2023-08-08 12:00:00+00:00,1,4.334199,4.310599,AT,AKC,urban,persistence
2023-08-08 13:00:00+00:00,1,3.795199,4.334199,AT,AKC,urban,persistence
2023-08-08 14:00:00+00:00,1,3.140349,3.795199,AT,AKC,urban,persistence
2023-08-08 15:00:00+00:00,1,6.718899,3.140349,AT,AKC,urban,persistence
2023-08-08 16:00:00+00:00,1,3.018449,6.718899,AT,AKC,urban,persistence
2023-08-08 17:00:00+00:00,1,3.5829,3.018449,AT,AKC,urban,persistence
2023-08-08 18:00:00+00:00,1,4.051349,3.5829,AT,AKC,urban,persistence
2023-08-08 19:00:00+00:00,1,4.39085,4.051349,AT,AKC,urban,persistence
2023-08-08 20:00:00+00:00,1,4.173049,4.39085,AT,AKC,urban,persistence
2023-08-08 21:00:00+00:00,1,4.6967,4.173049,AT,AKC,urban,persistence
2023-08-08 22:00:00+00:00,1,4.040599,4.6967,AT,AKC,urban,persistence
2023-08-08 23:00:00+00:00,1,4.3866,4.040599,AT,AKC,urban,persistence
2023-08-09 00:00:00+00:00,1,4.244449,4.3866,AT,AKC,urban,persistence
2023-08-09 01:00:00+00:00,1,3.97415,4.244449,AT,AKC,urban,persistence
2023-08-09 02:00:00+00:00,1,5.023399,3.97415,AT,AKC,urban,persistence
2023-08-09 03:00:00+00:00,1,4.8923,5.023399,AT,AKC,urban,persistence
2023-08-09 04:00:00+00:00,1,5.84345,4.8923,AT,AKC,urban,persistence
2023-08-09 05:00:00+00:00,1,5.808249,5.84345,AT,AKC,urban,persistence
2023-08-09 06:00:00+00:00,1,8.201749,5.808249,AT,AKC,urban,persistence
2023-08-09 07:00:00+00:00,1,7.6764,8.201749,AT,AKC,urban,persistence
2023-08-09 08:00:00+00:00,1,5.451499,7.6764,AT,AKC,urban,persistence
2023-08-09 09:00:00+00:00,1,5.917799,5.451499,AT,AKC,urban,persistence
2023-08-09 10:00:00+00:00,1,7.9658,5.917799,AT,AKC,urban,persistence
2023-08-09 11:00:00+00:00,1,4.424799,7.9658,AT,AKC,urban,persistence
2023-08-09 12:00:00+00:00,1,4.35255,4.424799,AT,AKC,urban,persistence
2023-08-09 13:00:00+00:00,1,3.2065,4.35255,AT,AKC,urban,persistence
2023-08-09 14:00:00+00:00,1,2.919849,3.2065,AT,AKC,urban,persistence
2023-08-09 15:00:00+00:00,1,2.64785,2.919849,AT,AKC,urban,persistence
2023-08-09 16:00:00+00:00,1,2.66225,2.64785,AT,AKC,urban,persistence
2023-08-09 17:00:00+00:00,1,2.868549,2.66225,AT,AKC,urban,persistence
2023-08-09 18:00:00+00:00,1,3.1294,2.868549,AT,AKC,urban,persistence
2023-08-09 19:00:00+00:00,1,2.253149,3.1294,AT,AKC,urban,persistence
2023-08-09 20:00:00+00:00,1,1.842999,2.253149,AT,AKC,urban,persistence
2023-08-09 21:00:00+00:00,1,1.94615,1.842999,AT,AKC,urban,persistence
2023-08-09 22:00:00+00:00,1,1.921249,1.94615,AT,AKC,urban,persistence
2023-08-09 23:00:00+00:00,1,1.9971,1.921249,AT,AKC,urban,persistence
2023-08-10 00:00:00+00:00,1,1.945699,1.9971,AT,AKC,urban,persistence
2023-08-10 01:00:00+00:00,1,2.046599,1.945699,AT,AKC,urban,persistence
2023-08-10 02:00:00+00:00,1,2.86575,2.046599,AT,AKC,urban,persistence
2023-08-10 03:00:00+00:00,1,2.34135,2.86575,AT,AKC,urban,persistence
2023-08-10 04:00:00+00:00,1,3.1791,2.34135,AT,AKC,urban,persistence
2023-08-10 05:00:00+00:00,1,4.1139,3.1791,AT,AKC,urban,persistence
2023-08-10 06:00:00+00:00,1,3.561349,4.1139,AT,AKC,urban,persistence
2023-08-10 07:00:00+00:00,1,3.714449,3.561349,AT,AKC,urban,persistence
2023-08-10 08:00:00+00:00,1,4.072649,3.714449,AT,AKC,urban,persistence
2023-08-10 09:00:00+00:00,1,3.433,4.072649,AT,AKC,urban,persistence
2023-08-10 10:00:00+00:00,1,4.054049,3.433,AT,AKC,urban,persistence
2023-08-10 11:00:00+00:00,1,6.7451,4.054049,AT,AKC,urban,persistence
2023-08-10 12:00:00+00:00,1,3.563199,6.7451,AT,AKC,urban,persistence
2023-08-10 13:00:00+00:00,1,3.28245,3.563199,AT,AKC,urban,persistence
2023-08-10 14:00:00+00:00,1,2.413949,3.28245,AT,AKC,urban,persistence
2023-08-10 15:00:00+00:00,1,2.277949,2.413949,AT,AKC,urban,persistence
2023-08-10 16:00:00+00:00,1,3.0339,2.277949,AT,AKC,urban,persistence
2023-08-10 17:00:00+00:00,1,3.7469,3.0339,AT,AKC,urban,persistence
2023-08-10 18:00:00+00:00,1,4.1044,3.7469,AT,AKC,urban,persistence
2023-08-10 19:00:00+00:00,1,3.87695,4.1044,AT,AKC,urban,persistence
2023-08-10 20:00:00+00:00,1,3.93545,3.87695,AT,AKC,urban,persistence
2023-08-10 21:00:00+00:00,1,3.844799,3.93545,AT,AKC,urban,persistence
2023-08-10 22:00:00+00:00,1,3.696,3.844799,AT,AKC,urban,persistence
2023-08-10 23:00:00+00:00,1,5.089699,3.696,AT,AKC,urban,persistence
2023-08-11 00:00:00+00:00,1,5.3969,5.089699,AT,AKC,urban,persistence
2023-08-11 01:00:00+00:00,1,5.1659,5.3969,AT,AKC,urban,persistence
2023-08-11 02:00:00+00:00,1,5.526199,5.1659,AT,AKC,urban,persistence
2023-08-11 03:00:00+00:00,1,5.143199,5.526199,AT,AKC,urban,persistence
2023-08-11 04:00:00+00:00,1,6.64445,5.143199,AT,AKC,urban,persistence
2023-08-11 05:00:00+00:00,1,6.632649,6.64445,AT,AKC,urban,persistence
2023-08-11 06:00:00+00:00,1,5.2567,6.632649,AT,AKC,urban,persistence
2023-08-11 07:00:00+00:00,1,4.237549,5.2567,AT,AKC,urban,persistence
2023-08-11 08:00:00+00:00,1,3.09275,4.237549,AT,AKC,urban,persistence
2023-08-11 09:00:00+00:00,1,3.02995,3.09275,AT,AKC,urban,persistence
2023-08-11 10:00:00+00:00,1,2.6679,3.02995,AT,AKC,urban,persistence
2023-08-11 11:00:00+00:00,1,2.9443,2.6679,AT,AKC,urban,persistence
2023-08-11 12:00:00+00:00,1,2.61,2.9443,AT,AKC,urban,persistence
2023-08-11 13:00:00+00:00,1,2.89895,2.61,AT,AKC,urban,persistence
2023-08-11 14:00:00+00:00,1,2.99735,2.89895,AT,AKC,urban,persistence
2023-08-11 15:00:00+00:00,1,3.1834,2.99735,AT,AKC,urban,persistence
2023-08-11 16:00:00+00:00,1,3.247849,3.1834,AT,AKC,urban,persistence
2023-08-11 17:00:00+00:00,1,4.119649,3.247849,AT,AKC,urban,persistence
2023-08-11 18:00:00+00:00,1,5.27655,4.119649,AT,AKC,urban,persistence
2023-08-11 19:00:00+00:00,1,6.3941,5.27655,AT,AKC,urban,persistence
2023-08-11 20:00:00+00:00,1,5.791899,6.3941,AT,AKC,urban,persistence
2023-08-11 21:00:00+00:00,1,5.633399,5.791899,AT,AKC,urban,persistence
2023-08-11 22:00:00+00:00,1,6.791299,5.633399,AT,AKC,urban,persistence
2023-08-11 23:00:00+00:00,1,5.74935,6.791299,AT,AKC,urban,persistence
2023-08-12 00:00:00+00:00,1,6.049949,5.74935,AT,AKC,urban,persistence
2023-08-12 01:00:00+00:00,1,7.4519,6.049949,AT,AKC,urban,persistence
2023-08-12 02:00:00+00:00,1,6.9656,7.4519,AT,AKC,urban,persistence
2023-08-12 03:00:00+00:00,1,7.767499,6.9656,AT,AKC,urban,persistence
2023-08-12 04:00:00+00:00,1,9.032899,7.767499,AT,AKC,urban,persistence
2023-08-12 05:00:00+00:00,1,8.47705,9.032899,AT,AKC,urban,persistence
2023-08-12 06:00:00+00:00,1,8.742,8.47705,AT,AKC,urban,persistence
2023-08-12 07:00:00+00:00,1,6.0618,8.742,AT,AKC,urban,persistence
2023-08-12 08:00:00+00:00,1,6.8878,6.0618,AT,AKC,urban,persistence
2023-08-12 09:00:00+00:00,1,5.0634,6.8878,AT,AKC,urban,persistence
2023-08-12 10:00:00+00:00,1,3.98335,5.0634,AT,AKC,urban,persistence
2023-08-12 11:00:00+00:00,1,3.558549,3.98335,AT,AKC,urban,persistence
2023-08-12 12:00:00+00:00,1,3.378399,3.558549,AT,AKC,urban,persistence
2023-08-12 13:00:00+00:00,1,3.47595,3.378399,AT,AKC,urban,persistence
2023-08-12 14:00:00+00:00,1,3.8221,3.47595,AT,AKC,urban,persistence
2023-08-12 15:00:00+00:00,1,4.5514,3.8221,AT,AKC,urban,persistence
2023-08-12 16:00:00+00:00,1,4.94355,4.5514,AT,AKC,urban,persistence
2023-08-12 17:00:00+00:00,1,5.258199,4.94355,AT,AKC,urban,persistence
2023-08-12 18:00:00+00:00,1,5.607549,5.258199,AT,AKC,urban,persistence
2023-08-12 19:00:00+00:00,1,5.91435,5.607549,AT,AKC,urban,persistence
2023-08-12 20:00:00+00:00,1,6.263099,5.91435,AT,AKC,urban,persistence
2023-08-12 21:00:00+00:00,1,6.860949,6.263099,AT,AKC,urban,persistence
2023-08-12 22:00:00+00:00,1,8.22495,6.860949,AT,AKC,urban,persistence
2023-08-12 23:00:00+00:00,1,8.225999,8.22495,AT,AKC,urban,persistence
2023-08-13 00:00:00+00:00,1,8.2746,8.225999,AT,AKC,urban,persistence
2023-08-13 01:00:00+00:00,1,9.0925,8.2746,AT,AKC,urban,persistence
2023-08-13 02:00:00+00:00,1,9.921199,9.0925,AT,AKC,urban,persistence
2023-08-13 03:00:00+00:00,1,9.0493,9.921199,AT,AKC,urban,persistence
2023-08-13 04:00:00+00:00,1,8.952699,9.0493,AT,AKC,urban,persistence
2023-08-13 05:00:00+00:00,1,8.2121,8.952699,AT,AKC,urban,persistence
2023-08-13 06:00:00+00:00,1,7.65705,8.2121,AT,AKC,urban,persistence
2023-08-13 07:00:00+00:00,1,7.3477,7.65705,AT,AKC,urban,persistence
2023-08-13 08:00:00+00:00,1,7.818249,7.3477,AT,AKC,urban,persistence
2023-08-13 09:00:00+00:00,1,7.69485,7.818249,AT,AKC,urban,persistence
2023-08-13 10:00:00+00:00,1,7.118599,7.69485,AT,AKC,urban,persistence
2023-08-13 11:00:00+00:00,1,6.108099,7.118599,AT,AKC,urban,persistence
2023-08-13 12:00:00+00:00,1,5.82855,6.108099,AT,AKC,urban,persistence
2023-08-13 13:00:00+00:00,1,6.11695,5.82855,AT,AKC,urban,persistence
2023-08-13 14:00:00+00:00,1,5.664649,6.11695,AT,AKC,urban,persistence
2023-08-13 15:00:00+00:00,1,6.4784,5.664649,AT,AKC,urban,persistence
2023-08-13 16:00:00+00:00,1,6.20975,6.4784,AT,AKC,urban,persistence
2023-08-13 17:00:00+00:00,1,5.92175,6.20975,AT,AKC,urban,persistence
2023-08-13 18:00:00+00:00,1,6.1658,5.92175,AT,AKC,urban,persistence
2023-08-13 19:00:00+00:00,1,6.6953,6.1658,AT,AKC,urban,persistence
2023-08-13 20:00:00+00:00,1,7.308,6.6953,AT,AKC,urban,persistence
2023-08-13 21:00:00+00:00,1,8.0911,7.308,AT,AKC,urban,persistence
2023-08-13 22:00:00+00:00,1,8.66835,8.0911,AT,AKC,urban,persistence
2023-08-13 23:00:00+00:00,1,9.3414,8.66835,AT,AKC,urban,persistence
2023-08-14 00:00:00+00:00,1,9.81735,9.3414,AT,AKC,urban,persistence
2023-08-14 01:00:00+00:00,1,9.305599,9.81735,AT,AKC,urban,persistence
2023-08-14 02:00:00+00:00,1,10.2247,9.305599,AT,AKC,urban,persistence
2023-08-14 03:00:00+00:00,1,10.602,10.2247,AT,AKC,urban,persistence
2023-08-14 04:00:00+00:00,1,11.593,10.602,AT,AKC,urban,persistence
2023-08-14 05:00:00+00:00,1,9.7362,11.593,AT,AKC,urban,persistence
2023-08-14 06:00:00+00:00,1,7.933699,9.7362,AT,AKC,urban,persistence
2023-08-14 07:00:00+00:00,1,7.8881,7.933699,AT,AKC,urban,persistence
2023-08-14 08:00:00+00:00,1,6.70275,7.8881,AT,AKC,urban,persistence
2023-08-14 09:00:00+00:00,1,5.11985,6.70275,AT,AKC,urban,persistence
2023-08-14 10:00:00+00:00,1,5.501199,5.11985,AT,AKC,urban,persistence
2023-08-14 11:00:00+00:00,1,5.667399,5.501199,AT,AKC,urban,persistence
2023-08-14 12:00:00+00:00,1,5.90005,5.667399,AT,AKC,urban,persistence
2023-08-14 13:00:00+00:00,1,5.765999,5.90005,AT,AKC,urban,persistence
2023-08-14 14:00:00+00:00,1,5.93175,5.765999,AT,AKC,urban,persistence
2023-08-14 15:00:00+00:00,1,6.156199,5.93175,AT,AKC,urban,persistence
2023-08-14 16:00:00+00:00,1,6.66425,6.156199,AT,AKC,urban,persistence
2023-08-14 17:00:00+00:00,1,7.289299,6.66425,AT,AKC,urban,persistence
2023-08-14 18:00:00+00:00,1,7.29145,7.289299,AT,AKC,urban,persistence
2023-08-14 19:00:00+00:00,1,7.6042,7.29145,AT,AKC,urban,persistence
2023-08-14 20:00:00+00:00,1,7.03015,7.6042,AT,AKC,urban,persistence
2023-08-14 21:00:00+00:00,1,7.224499,7.03015,AT,AKC,urban,persistence
2023-08-14 22:00:00+00:00,1,7.386549,7.224499,AT,AKC,urban,persistence
2023-08-14 23:00:00+00:00,1,7.882649,7.386549,AT,AKC,urban,persistence
2023-08-15 00:00:00+00:00,1,8.7735,7.882649,AT,AKC,urban,persistence
2023-08-15 01:00:00+00:00,1,10.68155,8.7735,AT,AKC,urban,persistence
2023-08-15 02:00:00+00:00,1,10.4295,10.68155,AT,AKC,urban,persistence
2023-08-15 03:00:00+00:00,1,10.8365,10.4295,AT,AKC,urban,persistence
2023-08-15 04:00:00+00:00,1,10.7975,10.8365,AT,AKC,urban,persistence
2023-08-15 05:00:00+00:00,1,9.73495,10.7975,AT,AKC,urban,persistence
2023-08-15 06:00:00+00:00,1,9.664699,9.73495,AT,AKC,urban,persistence
2023-08-15 07:00:00+00:00,1,8.64455,9.664699,AT,AKC,urban,persistence
2023-08-15 08:00:00+00:00,1,8.35715,8.64455,AT,AKC,urban,persistence
2023-08-15 09:00:00+00:00,1,8.22935,8.35715,AT,AKC,urban,persistence
2023-08-15 10:00:00+00:00,1,7.63245,8.22935,AT,AKC,urban,persistence
2023-08-15 11:00:00+00:00,1,7.735899,7.63245,AT,AKC,urban,persistence
2023-08-15 12:00:00+00:00,1,8.0703,7.735899,AT,AKC,urban,persistence
2023-08-15 13:00:00+00:00,1,8.394899,8.0703,AT,AKC,urban,persistence
2023-08-15 14:00:00+00:00,1,8.353699,8.394899,AT,AKC,urban,persistence
2023-08-15 15:00:00+00:00,1,8.117349,8.353699,AT,AKC,urban,persistence
2023-08-15 16:00:00+00:00,1,8.0275,8.117349,AT,AKC,urban,persistence
2023-08-15 17:00:00+00:00,1,8.759501,8.0275,AT,AKC,urban,persistence
2023-08-15 18:00:00+00:00,1,9.23505,8.759501,AT,AKC,urban,persistence
2023-08-15 19:00:00+00:00,1,9.224149,9.23505,AT,AKC,urban,persistence
2023-08-15 20:00:00+00:00,1,9.0839,9.224149,AT,AKC,urban,persistence
2023-08-15 21:00:00+00:00,1,7.970849,9.0839,AT,AKC,urban,persistence
2023-08-15 22:00:00+00:00,1,5.451299,7.970849,AT,AKC,urban,persistence
2023-08-15 23:00:00+00:00,1,4.773799,5.451299,AT,AKC,urban,persistence
2023-08-16 00:00:00+00:00,1,5.2986,4.773799,AT,AKC,urban,persistence
2023-08-16 01:00:00+00:00,1,6.2024,5.2986,AT,AKC,urban,persistence
2023-08-16 02:00:00+00:00,1,6.150099,6.2024,AT,AKC,urban,persistence
2023-08-16 03:00:00+00:00,1,6.781949,6.150099,AT,AKC,urban,persistence
2023-08-16 04:00:00+00:00,1,10.072,6.781949,AT,AKC,urban,persistence
2023-08-16 05:00:00+00:00,1,9.614049,10.072,AT,AKC,urban,persistence
2023-08-16 06:00:00+00:00,1,7.334799,9.614049,AT,AKC,urban,persistence
2023-08-16 07:00:00+00:00,1,8.078399,7.334799,AT,AKC,urban,persistence
2023-08-16 08:00:00+00:00,1,8.51625,8.078399,AT,AKC,urban,persistence
2023-08-16 09:00:00+00:00,1,8.37695,8.51625,AT,AKC,urban,persistence
2023-08-16 10:00:00+00:00,1,8.45125,8.37695,AT,AKC,urban,persistence
2023-08-16 11:00:00+00:00,1,7.7382,8.45125,AT,AKC,urban,persistence
2023-08-16 12:00:00+00:00,1,7.596699,7.7382,AT,AKC,urban,persistence
2023-08-16 13:00:00+00:00,1,9.524049,7.596699,AT,AKC,urban,persistence
2023-08-16 14:00:00+00:00,1,9.506149,9.524049,AT,AKC,urban,persistence
2023-08-16 15:00:00+00:00,1,8.6851,9.506149,AT,AKC,urban,persistence
2023-08-16 16:00:00+00:00,1,8.842849,8.6851,AT,AKC,urban,persistence
2023-08-16 17:00:00+00:00,1,9.326999,8.842849,AT,AKC,urban,persistence
2023-08-16 18:00:00+00:00,1,10.1786,9.326999,AT,AKC,urban,persistence
2023-08-16 19:00:00+00:00,1,10.7065,10.1786,AT,AKC,urban,persistence
2023-08-16 20:00:00+00:00,1,10.0274,10.7065,AT,AKC,urban,persistence
2023-08-16 21:00:00+00:00,1,11.195,10.0274,AT,AKC,urban,persistence
2023-08-16 22:00:00+00:00,1,11.433,11.195,AT,AKC,urban,persistence
2023-08-16 23:00:00+00:00,1,12.868,11.433,AT,AKC,urban,persistence
2023-08-17 00:00:00+00:00,1,12.833,12.868,AT,AKC,urban,persistence
2023-08-17 01:00:00+00:00,1,15.2375,12.833,AT,AKC,urban,persistence
2023-08-17 02:00:00+00:00,1,19.0175,15.2375,AT,AKC,urban,persistence
2023-08-17 03:00:00+00:00,1,15.405,19.0175,AT,AKC,urban,persistence
2023-08-17 04:00:00+00:00,1,15.8945,15.405,AT,AKC,urban,persistence
2023-08-17 05:00:00+00:00,1,13.715,15.8945,AT,AKC,urban,persistence
2023-08-17 06:00:00+00:00,1,9.4302,13.715,AT,AKC,urban,persistence
2023-08-17 07:00:00+00:00,1,11.481,9.4302,AT,AKC,urban,persistence
2023-08-17 08:00:00+00:00,1,11.0865,11.481,AT,AKC,urban,persistence
2023-08-17 09:00:00+00:00,1,8.497749,11.0865,AT,AKC,urban,persistence
2023-08-17 10:00:00+00:00,1,8.0352,8.497749,AT,AKC,urban,persistence
2023-08-17 11:00:00+00:00,1,8.891899,8.0352,AT,AKC,urban,persistence
2023-08-17 12:00:00+00:00,1,8.645549,8.891899,AT,AKC,urban,persistence
2023-08-17 13:00:00+00:00,1,9.7718,8.645549,AT,AKC,urban,persistence
2023-08-17 14:00:00+00:00,1,9.1813,9.7718,AT,AKC,urban,persistence
2023-08-17 15:00:00+00:00,1,8.31475,9.1813,AT,AKC,urban,persistence
2023-08-17 16:00:00+00:00,1,8.4771,8.31475,AT,AKC,urban,persistence
2023-08-17 17:00:00+00:00,1,9.2051,8.4771,AT,AKC,urban,persistence
2023-08-17 18:00:00+00:00,1,10.6825,9.2051,AT,AKC,urban,persistence
2023-08-17 19:00:00+00:00,1,11.4095,10.6825,AT,AKC,urban,persistence
2023-08-17 20:00:00+00:00,1,12.3825,11.4095,AT,AKC,urban,persistence
2023-08-17 21:00:00+00:00,1,12.634,12.3825,AT,AKC,urban,persistence
2023-08-17 22:00:00+00:00,1,12.48,12.634,AT,AKC,urban,persistence
2023-08-17 23:00:00+00:00,1,12.09,12.48,AT,AKC,urban,persistence
2023-08-18 00:00:00+00:00,1,11.7675,12.09,AT,AKC,urban,persistence
2023-08-18 01:00:00+00:00,1,11.8455,11.7675,AT,AKC,urban,persistence
2023-08-18 02:00:00+00:00,1,12.11,11.8455,AT,AKC,urban,persistence
2023-08-18 03:00:00+00:00,1,12.066,12.11,AT,AKC,urban,persistence
2023-08-18 04:00:00+00:00,1,12.302,12.066,AT,AKC,urban,persistence
2023-08-18 05:00:00+00:00,1,11.029,12.302,AT,AKC,urban,persistence
2023-08-18 06:00:00+00:00,1,10.6505,11.029,AT,AKC,urban,persistence
2023-08-18 07:00:00+00:00,1,10.4305,10.6505,AT,AKC,urban,persistence
2023-08-18 08:00:00+00:00,1,9.350349,10.4305,AT,AKC,urban,persistence
2023-08-18 09:00:00+00:00,1,9.936649,9.350349,AT,AKC,urban,persistence
2023-08-18 10:00:00+00:00,1,10.396,9.936649,AT,AKC,urban,persistence
2023-08-18 11:00:00+00:00,1,10.4099,10.396,AT,AKC,urban,persistence
2023-08-18 12:00:00+00:00,1,10.0665,10.4099,AT,AKC,urban,persistence
2023-08-18 13:00:00+00:00,1,10.499,10.0665,AT,AKC,urban,persistence
2023-08-18 14:00:00+00:00,1,10.19295,10.499,AT,AKC,urban,persistence
2023-08-18 15:00:00+00:00,1,9.3336,10.19295,AT,AKC,urban,persistence
2023-08-18 16:00:00+00:00,1,9.202749,9.3336,AT,AKC,urban,persistence
2023-08-18 17:00:00+00:00,1,9.049699,9.202749,AT,AKC,urban,persistence
2023-08-18 18:00:00+00:00,1,8.797649,9.049699,AT,AKC,urban,persistence
2023-08-18 19:00:00+00:00,1,8.798049,8.797649,AT,AKC,urban,persistence
2023-08-18 20:00:00+00:00,1,10.7621,8.798049,AT,AKC,urban,persistence
2023-08-18 21:00:00+00:00,1,12.523,10.7621,AT,AKC,urban,persistence
2023-08-18 22:00:00+00:00,1,12.4785,12.523,AT,AKC,urban,persistence
2023-08-18 23:00:00+00:00,1,13.375,12.4785,AT,AKC,urban,persistence
2023-08-19 00:00:00+00:00,1,14.755,13.375,AT,AKC,urban,persistence
2023-08-19 01:00:00+00:00,1,14.3875,14.755,AT,AKC,urban,persistence
2023-08-19 02:00:00+00:00,1,15.3755,14.3875,AT,AKC,urban,persistence
2023-08-19 03:00:00+00:00,1,15.0715,15.3755,AT,AKC,urban,persistence
2023-08-19 04:00:00+00:00,1,15.4455,15.0715,AT,AKC,urban,persistence
2023-08-19 05:00:00+00:00,1,14.1545,15.4455,AT,AKC,urban,persistence
2023-08-19 06:00:00+00:00,1,12.0475,14.1545,AT,AKC,urban,persistence
2023-08-19 07:00:00+00:00,1,9.731849,12.0475,AT,AKC,urban,persistence
2023-08-19 08:00:00+00:00,1,9.64755,9.731849,AT,AKC,urban,persistence
2023-08-19 09:00:00+00:00,1,10.2745,9.64755,AT,AKC,urban,persistence
2023-08-19 10:00:00+00:00,1,10.204,10.2745,AT,AKC,urban,persistence
2023-08-19 11:00:00+00:00,1,8.919549,10.204,AT,AKC,urban,persistence
2023-08-19 12:00:00+00:00,1,8.626649,8.919549,AT,AKC,urban,persistence
2023-08-19 13:00:00+00:00,1,9.060949,8.626649,AT,AKC,urban,persistence
2023-08-19 14:00:00+00:00,1,9.75345,9.060949,AT,AKC,urban,persistence
2023-08-19 15:00:00+00:00,1,10.0025,9.75345,AT,AKC,urban,persistence
2023-08-19 16:00:00+00:00,1,11.2955,10.0025,AT,AKC,urban,persistence
2023-08-19 17:00:00+00:00,1,11.0105,11.2955,AT,AKC,urban,persistence
2023-08-19 18:00:00+00:00,1,10.918,11.0105,AT,AKC,urban,persistence
2023-08-19 19:00:00+00:00,1,11.181,10.918,AT,AKC,urban,persistence
2023-08-19 20:00:00+00:00,1,11.7705,11.181,AT,AKC,urban,persistence
2023-08-19 21:00:00+00:00,1,11.96,11.7705,AT,AKC,urban,persistence
2023-08-19 22:00:00+00:00,1,12.134,11.96,AT,AKC,urban,persistence
2023-08-19 23:00:00+00:00,1,13.296,12.134,AT,AKC,urban,persistence
2023-08-20 00:00:00+00:00,1,13.3065,13.296,AT,AKC,urban,persistence
2023-08-20 01:00:00+00:00,1,12.8725,13.3065,AT,AKC,urban,persistence
2023-08-20 02:00:00+00:00,1,13.1335,12.8725,AT,AKC,urban,persistence
2023-08-20 03:00:00+00:00,1,14.7115,13.1335,AT,AKC,urban,persistence
2023-08-20 04:00:00+00:00,1,14.8455,14.7115,AT,AKC,urban,persistence
2023-08-20 05:00:00+00:00,1,13.1025,14.8455,AT,AKC,urban,persistence
2023-08-20 06:00:00+00:00,1,11.328,13.1025,AT,AKC,urban,persistence
2023-08-20 07:00:00+00:00,1,11.073,11.328,AT,AKC,urban,persistence
2023-08-20 08:00:00+00:00,1,11.2585,11.073,AT,AKC,urban,persistence
2023-08-20 09:00:00+00:00,1,9.461899,11.2585,AT,AKC,urban,persistence
2023-08-20 10:00:00+00:00,1,7.2444,9.461899,AT,AKC,urban,persistence
2023-08-20 11:00:00+00:00,1,6.364649,7.2444,AT,AKC,urban,persistence
2023-08-20 12:00:00+00:00,1,6.6609,6.364649,AT,AKC,urban,persistence
2023-08-20 13:00:00+00:00,1,6.095299,6.6609,AT,AKC,urban,persistence
2023-08-20 14:00:00+00:00,1,7.06005,6.095299,AT,AKC,urban,persistence
2023-08-20 15:00:00+00:00,1,7.7755,7.06005,AT,AKC,urban,persistence
2023-08-20 16:00:00+00:00,1,8.071849,7.7755,AT,AKC,urban,persistence
2023-08-20 17:00:00+00:00,1,8.766149,8.071849,AT,AKC,urban,persistence
2023-08-20 18:00:00+00:00,1,8.9102,8.766149,AT,AKC,urban,persistence
2023-08-20 19:00:00+00:00,1,8.57175,8.9102,AT,AKC,urban,persistence
2023-08-20 20:00:00+00:00,1,8.276249,8.57175,AT,AKC,urban,persistence
2023-08-20 21:00:00+00:00,1,8.866199,8.276249,AT,AKC,urban,persistence
2023-08-20 22:00:00+00:00,1,9.214,8.866199,AT,AKC,urban,persistence
2023-08-20 23:00:00+00:00,1,9.38895,9.214,AT,AKC,urban,persistence
2023-08-21 00:00:00+00:00,1,9.6721,9.38895,AT,AKC,urban,persistence
2023-08-21 01:00:00+00:00,1,9.453149,9.6721,AT,AKC,urban,persistence
2023-08-21 02:00:00+00:00,1,10.5615,9.453149,AT,AKC,urban,persistence
2023-08-21 03:00:00+00:00,1,14.7435,10.5615,AT,AKC,urban,persistence
2023-08-21 04:00:00+00:00,1,13.051,14.7435,AT,AKC,urban,persistence
2023-08-21 05:00:00+00:00,1,14.579,13.051,AT,AKC,urban,persistence
2023-08-21 06:00:00+00:00,1,14.342,14.579,AT,AKC,urban,persistence
2023-08-21 07:00:00+00:00,1,13.0105,14.342,AT,AKC,urban,persistence
2023-08-21 08:00:00+00:00,1,9.257249,13.0105,AT,AKC,urban,persistence
2023-08-21 09:00:00+00:00,1,7.9312,9.257249,AT,AKC,urban,persistence
2023-08-21 10:00:00+00:00,1,7.85095,7.9312,AT,AKC,urban,persistence
2023-08-21 11:00:00+00:00,1,6.680399,7.85095,AT,AKC,urban,persistence
2023-08-21 12:00:00+00:00,1,7.6317,6.680399,AT,AKC,urban,persistence
2023-08-21 13:00:00+00:00,1,6.38465,7.6317,AT,AKC,urban,persistence
2023-08-21 14:00:00+00:00,1,5.3267,6.38465,AT,AKC,urban,persistence
2023-08-21 15:00:00+00:00,1,6.312299,5.3267,AT,AKC,urban,persistence
2023-08-21 16:00:00+00:00,1,6.0816,6.312299,AT,AKC,urban,persistence
2023-08-21 17:00:00+00:00,1,6.201049,6.0816,AT,AKC,urban,persistence
2023-08-21 18:00:00+00:00,1,7.887099,6.201049,AT,AKC,urban,persistence
2023-08-21 19:00:00+00:00,1,7.830549,7.887099,AT,AKC,urban,persistence
2023-08-21 20:00:00+00:00,1,7.16715,7.830549,AT,AKC,urban,persistence
2023-08-21 21:00:00+00:00,1,7.321249,7.16715,AT,AKC,urban,persistence
2023-08-21 22:00:00+00:00,1,7.949999,7.321249,AT,AKC,urban,persistence
2023-08-21 23:00:00+00:00,1,9.3309,7.949999,AT,AKC,urban,persistence
2023-08-22 00:00:00+00:00,1,8.847149,9.3309,AT,AKC,urban,persistence
2023-08-22 01:00:00+00:00,1,8.9881,8.847149,AT,AKC,urban,persistence
2023-08-22 02:00:00+00:00,1,9.998399,8.9881,AT,AKC,urban,persistence
2023-08-22 03:00:00+00:00,1,11.4145,9.998399,AT,AKC,urban,persistence
2023-08-22 04:00:00+00:00,1,15.954,11.4145,AT,AKC,urban,persistence
2023-08-22 05:00:00+00:00,1,13.525,15.954,AT,AKC,urban,persistence
2023-08-22 06:00:00+00:00,1,10.1165,13.525,AT,AKC,urban,persistence
2023-08-22 07:00:00+00:00,1,10.2565,10.1165,AT,AKC,urban,persistence
2023-08-22 08:00:00+00:00,1,10.813,10.2565,AT,AKC,urban,persistence
2023-08-22 09:00:00+00:00,1,10.702,10.813,AT,AKC,urban,persistence
2023-08-22 10:00:00+00:00,1,9.7784,10.702,AT,AKC,urban,persistence
2023-08-22 11:00:00+00:00,1,8.30055,9.7784,AT,AKC,urban,persistence
2023-08-22 12:00:00+00:00,1,7.699649,8.30055,AT,AKC,urban,persistence
2023-08-22 13:00:00+00:00,1,8.01185,7.699649,AT,AKC,urban,persistence
2023-08-22 14:00:00+00:00,1,7.82135,8.01185,AT,AKC,urban,persistence
2023-08-22 15:00:00+00:00,1,8.461099,7.82135,AT,AKC,urban,persistence
2023-08-22 16:00:00+00:00,1,6.68245,8.461099,AT,AKC,urban,persistence
2023-08-22 17:00:00+00:00,1,7.127749,6.68245,AT,AKC,urban,persistence
2023-08-22 18:00:00+00:00,1,8.807,7.127749,AT,AKC,urban,persistence
2023-08-22 19:00:00+00:00,1,8.29555,8.807,AT,AKC,urban,persistence
2023-08-22 20:00:00+00:00,1,8.0867,8.29555,AT,AKC,urban,persistence
2023-08-22 21:00:00+00:00,1,8.542099,8.0867,AT,AKC,urban,persistence
2023-08-22 22:00:00+00:00,1,8.732599,8.542099,AT,AKC,urban,persistence
2023-08-22 23:00:00+00:00,1,8.58145,8.732599,AT,AKC,urban,persistence
2023-08-23 00:00:00+00:00,1,8.808199,8.58145,AT,AKC,urban,persistence
2023-08-23 01:00:00+00:00,1,9.36905,8.808199,AT,AKC,urban,persistence
2023-08-23 02:00:00+00:00,1,10.19425,9.36905,AT,AKC,urban,persistence
2023-08-23 03:00:00+00:00,1,10.5445,10.19425,AT,AKC,urban,persistence
2023-08-23 04:00:00+00:00,1,9.99775,10.5445,AT,AKC,urban,persistence
2023-08-23 05:00:00+00:00,1,10.3259,9.99775,AT,AKC,urban,persistence
2023-08-23 06:00:00+00:00,1,10.12105,10.3259,AT,AKC,urban,persistence
2023-08-23 07:00:00+00:00,1,10.413,10.12105,AT,AKC,urban,persistence
2023-08-23 08:00:00+00:00,1,8.475149,10.413,AT,AKC,urban,persistence
2023-08-23 09:00:00+00:00,1,8.34305,8.475149,AT,AKC,urban,persistence
2023-08-23 10:00:00+00:00,1,8.825349,8.34305,AT,AKC,urban,persistence
2023-08-23 11:00:00+00:00,1,9.060549,8.825349,AT,AKC,urban,persistence
2023-08-23 12:00:00+00:00,1,9.98455,9.060549,AT,AKC,urban,persistence
2023-08-23 13:00:00+00:00,1,8.648849,9.98455,AT,AKC,urban,persistence
2023-08-23 14:00:00+00:00,1,7.696549,8.648849,AT,AKC,urban,persistence
2023-08-23 15:00:00+00:00,1,6.890999,7.696549,AT,AKC,urban,persistence
2023-08-23 16:00:00+00:00,1,5.7224,6.890999,AT,AKC,urban,persistence
2023-08-23 17:00:00+00:00,1,6.10925,5.7224,AT,AKC,urban,persistence
2023-08-23 18:00:00+00:00,1,5.94845,6.10925,AT,AKC,urban,persistence
2023-08-23 19:00:00+00:00,1,7.2486,5.94845,AT,AKC,urban,persistence
2023-08-23 20:00:00+00:00,1,8.108749,7.2486,AT,AKC,urban,persistence
2023-08-23 21:00:00+00:00,1,8.299799,8.108749,AT,AKC,urban,persistence
2023-08-23 22:00:00+00:00,1,8.629749,8.299799,AT,AKC,urban,persistence
2023-08-23 23:00:00+00:00,1,8.51175,8.629749,AT,AKC,urban,persistence
2023-08-24 00:00:00+00:00,1,8.57015,8.51175,AT,AKC,urban,persistence
2023-08-24 01:00:00+00:00,1,8.9305,8.57015,AT,AKC,urban,persistence
2023-08-24 02:00:00+00:00,1,10.397,8.9305,AT,AKC,urban,persistence
2023-08-24 03:00:00+00:00,1,11.214,10.397,AT,AKC,urban,persistence
2023-08-24 04:00:00+00:00,1,11.747,11.214,AT,AKC,urban,persistence
2023-08-24 05:00:00+00:00,1,11.4265,11.747,AT,AKC,urban,persistence
2023-08-24 06:00:00+00:00,1,9.9699,11.4265,AT,AKC,urban,persistence
2023-08-24 07:00:00+00:00,1,10.1236,9.9699,AT,AKC,urban,persistence
2023-08-24 08:00:00+00:00,1,10.3406,10.1236,AT,AKC,urban,persistence
2023-08-24 09:00:00+00:00,1,9.294649,10.3406,AT,AKC,urban,persistence
2023-08-24 10:00:00+00:00,1,9.493299,9.294649,AT,AKC,urban,persistence
2023-08-24 11:00:00+00:00,1,9.0746,9.493299,AT,AKC,urban,persistence
2023-08-24 12:00:00+00:00,1,8.94725,9.0746,AT,AKC,urban,persistence
2023-08-24 13:00:00+00:00,1,8.697149,8.94725,AT,AKC,urban,persistence
2023-08-24 14:00:00+00:00,1,8.5729,8.697149,AT,AKC,urban,persistence
2023-08-24 15:00:00+00:00,1,9.6752,8.5729,AT,AKC,urban,persistence
2023-08-24 16:00:00+00:00,1,10.531,9.6752,AT,AKC,urban,persistence
2023-08-24 17:00:00+00:00,1,10.8995,10.531,AT,AKC,urban,persistence
2023-08-24 18:00:00+00:00,1,9.52795,10.8995,AT,AKC,urban,persistence
2023-08-24 19:00:00+00:00,1,8.461899,9.52795,AT,AKC,urban,persistence
2023-08-24 20:00:00+00:00,1,8.475549,8.461899,AT,AKC,urban,persistence
2023-08-24 21:00:00+00:00,1,8.996649,8.475549,AT,AKC,urban,persistence
2023-08-24 22:00:00+00:00,1,9.7336,8.996649,AT,AKC,urban,persistence
2023-08-24 23:00:00+00:00,1,16.4935,9.7336,AT,AKC,urban,persistence
2023-08-25 00:00:00+00:00,1,9.692899,16.4935,AT,AKC,urban,persistence
2023-08-25 01:00:00+00:00,1,4.653999,9.692899,AT,AKC,urban,persistence
2023-08-25 02:00:00+00:00,1,2.765599,4.653999,AT,AKC,urban,persistence
2023-08-25 03:00:00+00:00,1,2.6482,2.765599,AT,AKC,urban,persistence
2023-08-25 04:00:00+00:00,1,3.800799,2.6482,AT,AKC,urban,persistence
2023-08-25 05:00:00+00:00,1,5.857299,3.800799,AT,AKC,urban,persistence
2023-08-25 06:00:00+00:00,1,7.6373,5.857299,AT,AKC,urban,persistence
2023-08-25 07:00:00+00:00,1,6.483049,7.6373,AT,AKC,urban,persistence
2023-08-25 08:00:00+00:00,1,7.260499,6.483049,AT,AKC,urban,persistence
2023-08-25 09:00:00+00:00,1,6.6632,7.260499,AT,AKC,urban,persistence
2023-08-25 10:00:00+00:00,1,5.26185,6.6632,AT,AKC,urban,persistence
2023-08-25 11:00:00+00:00,1,4.813149,5.26185,AT,AKC,urban,persistence
2023-08-25 12:00:00+00:00,1,5.371799,4.813149,AT,AKC,urban,persistence
2023-08-25 13:00:00+00:00,1,3.381999,5.371799,AT,AKC,urban,persistence
2023-08-25 14:00:00+00:00,1,3.0956,3.381999,AT,AKC,urban,persistence
2023-08-25 15:00:00+00:00,1,3.10645,3.0956,AT,AKC,urban,persistence
2023-08-25 16:00:00+00:00,1,3.556799,3.10645,AT,AKC,urban,persistence
2023-08-25 17:00:00+00:00,1,4.569499,3.556799,AT,AKC,urban,persistence
2023-08-25 18:00:00+00:00,1,7.89545,4.569499,AT,AKC,urban,persistence
2023-08-25 19:00:00+00:00,1,5.02715,7.89545,AT,AKC,urban,persistence
2023-08-25 20:00:00+00:00,1,4.901949,5.02715,AT,AKC,urban,persistence
2023-08-25 21:00:00+00:00,1,4.7876,4.901949,AT,AKC,urban,persistence
2023-08-25 22:00:00+00:00,1,5.1426,4.7876,AT,AKC,urban,persistence
2023-08-25 23:00:00+00:00,1,5.255899,5.1426,AT,AKC,urban,persistence
2023-08-26 00:00:00+00:00,1,5.2206,5.255899,AT,AKC,urban,persistence
2023-08-26 01:00:00+00:00,1,5.5621,5.2206,AT,AKC,urban,persistence
2023-08-26 02:00:00+00:00,1,6.0627,5.5621,AT,AKC,urban,persistence
2023-08-26 03:00:00+00:00,1,5.7002,6.0627,AT,AKC,urban,persistence
2023-08-26 04:00:00+00:00,1,6.10035,5.7002,AT,AKC,urban,persistence
2023-08-26 05:00:00+00:00,1,5.997699,6.10035,AT,AKC,urban,persistence
2023-08-26 06:00:00+00:00,1,5.758049,5.997699,AT,AKC,urban,persistence
2023-08-26 07:00:00+00:00,1,6.3399,5.758049,AT,AKC,urban,persistence
2023-08-26 08:00:00+00:00,1,5.342899,6.3399,AT,AKC,urban,persistence
2023-08-26 09:00:00+00:00,1,3.986999,5.342899,AT,AKC,urban,persistence
2023-08-26 10:00:00+00:00,1,4.44575,3.986999,AT,AKC,urban,persistence
2023-08-26 11:00:00+00:00,1,4.402349,4.44575,AT,AKC,urban,persistence
2023-08-26 12:00:00+00:00,1,3.58255,4.402349,AT,AKC,urban,persistence
2023-08-26 13:00:00+00:00,1,3.6054,3.58255,AT,AKC,urban,persistence
2023-08-26 14:00:00+00:00,1,3.49545,3.6054,AT,AKC,urban,persistence
2023-08-26 15:00:00+00:00,1,3.1476,3.49545,AT,AKC,urban,persistence
2023-08-26 16:00:00+00:00,1,4.051799,3.1476,AT,AKC,urban,persistence
2023-08-26 17:00:00+00:00,1,5.123799,4.051799,AT,AKC,urban,persistence
2023-08-26 18:00:00+00:00,1,5.658699,5.123799,AT,AKC,urban,persistence
2023-08-26 19:00:00+00:00,1,5.21615,5.658699,AT,AKC,urban,persistence
2023-08-26 20:00:00+00:00,1,2.324199,5.21615,AT,AKC,urban,persistence
2023-08-26 21:00:00+00:00,1,2.814249,2.324199,AT,AKC,urban,persistence
2023-08-26 22:00:00+00:00,1,3.551299,2.814249,AT,AKC,urban,persistence
2023-08-26 23:00:00+00:00,1,3.23965,3.551299,AT,AKC,urban,persistence
2023-08-27 00:00:00+00:00,1,4.078299,3.23965,AT,AKC,urban,persistence
2023-08-27 01:00:00+00:00,1,4.275449,4.078299,AT,AKC,urban,persistence
2023-08-27 02:00:00+00:00,1,4.82495,4.275449,AT,AKC,urban,persistence
2023-08-27 03:00:00+00:00,1,4.579599,4.82495,AT,AKC,urban,persistence
2023-08-27 04:00:00+00:00,1,5.13595,4.579599,AT,AKC,urban,persistence
2023-08-27 05:00:00+00:00,1,4.7623,5.13595,AT,AKC,urban,persistence
2023-08-27 06:00:00+00:00,1,4.51795,4.7623,AT,AKC,urban,persistence
2023-08-27 07:00:00+00:00,1,3.65245,4.51795,AT,AKC,urban,persistence
2023-08-27 08:00:00+00:00,1,3.6303,3.65245,AT,AKC,urban,persistence
2023-08-27 09:00:00+00:00,1,4.038549,3.6303,AT,AKC,urban,persistence
2023-08-27 10:00:00+00:00,1,4.910949,4.038549,AT,AKC,urban,persistence
2023-08-27 11:00:00+00:00,1,4.92765,4.910949,AT,AKC,urban,persistence
2023-08-27 12:00:00+00:00,1,6.165249,4.92765,AT,AKC,urban,persistence
2023-08-27 13:00:00+00:00,1,6.638249,6.165249,AT,AKC,urban,persistence
2023-08-27 14:00:00+00:00,1,6.4995,6.638249,AT,AKC,urban,persistence
2023-08-27 15:00:00+00:00,1,5.5692,6.4995,AT,AKC,urban,persistence
2023-08-27 16:00:00+00:00,1,3.912099,5.5692,AT,AKC,urban,persistence
2023-08-27 17:00:00+00:00,1,3.150449,3.912099,AT,AKC,urban,persistence
2023-08-27 18:00:00+00:00,1,3.191249,3.150449,AT,AKC,urban,persistence
2023-08-27 19:00:00+00:00,1,2.48885,3.191249,AT,AKC,urban,persistence
2023-08-27 20:00:00+00:00,1,2.49615,2.48885,AT,AKC,urban,persistence
2023-08-27 21:00:00+00:00,1,2.781799,2.49615,AT,AKC,urban,persistence
2023-08-27 22:00:00+00:00,1,3.087899,2.781799,AT,AKC,urban,persistence
2023-08-27 23:00:00+00:00,1,3.178949,3.087899,AT,AKC,urban,persistence
2023-08-28 00:00:00+00:00,1,3.132349,3.178949,AT,AKC,urban,persistence
2023-08-28 01:00:00+00:00,1,2.825299,3.132349,AT,AKC,urban,persistence
2023-08-28 02:00:00+00:00,1,2.6933,2.825299,AT,AKC,urban,persistence
2023-08-28 03:00:00+00:00,1,2.609149,2.6933,AT,AKC,urban,persistence
2023-08-28 04:00:00+00:00,1,3.959399,2.609149,AT,AKC,urban,persistence
2023-08-28 05:00:00+00:00,1,4.6778,3.959399,AT,AKC,urban,persistence
2023-08-28 06:00:00+00:00,1,4.573699,4.6778,AT,AKC,urban,persistence
2023-08-28 07:00:00+00:00,1,4.5734,4.573699,AT,AKC,urban,persistence
2023-08-28 08:00:00+00:00,1,4.87895,4.5734,AT,AKC,urban,persistence
2023-08-28 09:00:00+00:00,1,5.4005,4.87895,AT,AKC,urban,persistence
2023-08-28 10:00:00+00:00,1,4.542449,5.4005,AT,AKC,urban,persistence
2023-08-28 11:00:00+00:00,1,4.380499,4.542449,AT,AKC,urban,persistence
2023-08-28 12:00:00+00:00,1,4.94375,4.380499,AT,AKC,urban,persistence
2023-08-28 13:00:00+00:00,1,5.140899,4.94375,AT,AKC,urban,persistence
2023-08-28 14:00:00+00:00,1,6.811849,5.140899,AT,AKC,urban,persistence
2023-08-28 15:00:00+00:00,1,8.184,6.811849,AT,AKC,urban,persistence
2023-08-28 16:00:00+00:00,1,9.05395,8.184,AT,AKC,urban,persistence
2023-08-28 17:00:00+00:00,1,9.75625,9.05395,AT,AKC,urban,persistence
2023-08-28 18:00:00+00:00,1,9.36905,9.75625,AT,AKC,urban,persistence
2023-08-28 19:00:00+00:00,1,3.628849,9.36905,AT,AKC,urban,persistence
2023-08-28 20:00:00+00:00,1,3.0562,3.628849,AT,AKC,urban,persistence
2023-08-28 21:00:00+00:00,1,2.039499,3.0562,AT,AKC,urban,persistence
2023-08-28 22:00:00+00:00,1,2.732699,2.039499,AT,AKC,urban,persistence
2023-08-28 23:00:00+00:00,1,4.174449,2.732699,AT,AKC,urban,persistence
2023-08-29 00:00:00+00:00,1,4.7026,4.174449,AT,AKC,urban,persistence
2023-08-29 01:00:00+00:00,1,4.051599,4.7026,AT,AKC,urban,persistence
2023-08-29 02:00:00+00:00,1,3.905499,4.051599,AT,AKC,urban,persistence
2023-08-29 03:00:00+00:00,1,3.974349,3.905499,AT,AKC,urban,persistence
2023-08-29 04:00:00+00:00,1,4.05115,3.974349,AT,AKC,urban,persistence
2023-08-29 05:00:00+00:00,1,4.02855,4.05115,AT,AKC,urban,persistence
2023-08-29 06:00:00+00:00,1,3.0218,4.02855,AT,AKC,urban,persistence
2023-08-29 07:00:00+00:00,1,2.60395,3.0218,AT,AKC,urban,persistence
2023-08-29 08:00:00+00:00,1,2.212349,2.60395,AT,AKC,urban,persistence
2023-08-29 09:00:00+00:00,1,2.30205,2.212349,AT,AKC,urban,persistence
2023-08-29 10:00:00+00:00,1,2.8382,2.30205,AT,AKC,urban,persistence
2023-08-29 11:00:00+00:00,1,3.42315,2.8382,AT,AKC,urban,persistence
2023-08-29 12:00:00+00:00,1,3.9151,3.42315,AT,AKC,urban,persistence
2023-08-29 13:00:00+00:00,1,3.82315,3.9151,AT,AKC,urban,persistence
2023-08-29 14:00:00+00:00,1,2.729,3.82315,AT,AKC,urban,persistence
2023-08-29 15:00:00+00:00,1,2.713,2.729,AT,AKC,urban,persistence
2023-08-29 16:00:00+00:00,1,2.089849,2.713,AT,AKC,urban,persistence
2023-08-29 17:00:00+00:00,1,1.939499,2.089849,AT,AKC,urban,persistence
2023-08-29 18:00:00+00:00,1,1.8906,1.939499,AT,AKC,urban,persistence
2023-08-29 19:00:00+00:00,1,1.930099,1.8906,AT,AKC,urban,persistence
2023-08-29 20:00:00+00:00,1,2.3049,1.930099,AT,AKC,urban,persistence
2023-08-29 21:00:00+00:00,1,2.654649,2.3049,AT,AKC,urban,persistence
2023-08-29 22:00:00+00:00,1,2.740799,2.654649,AT,AKC,urban,persistence
2023-08-29 23:00:00+00:00,1,2.91555,2.740799,AT,AKC,urban,persistence
2023-08-30 00:00:00+00:00,1,2.964349,2.91555,AT,AKC,urban,persistence
2023-08-30 01:00:00+00:00,1,3.310349,2.964349,AT,AKC,urban,persistence
2023-08-30 02:00:00+00:00,1,3.0668,3.310349,AT,AKC,urban,persistence
2023-08-30 03:00:00+00:00,1,3.63115,3.0668,AT,AKC,urban,persistence
2023-08-30 04:00:00+00:00,1,4.705399,3.63115,AT,AKC,urban,persistence
2023-08-30 05:00:00+00:00,1,4.948349,4.705399,AT,AKC,urban,persistence
2023-08-30 06:00:00+00:00,1,4.1173,4.948349,AT,AKC,urban,persistence
2023-08-30 07:00:00+00:00,1,3.994699,4.1173,AT,AKC,urban,persistence
2023-08-30 08:00:00+00:00,1,3.73235,3.994699,AT,AKC,urban,persistence
2023-08-30 09:00:00+00:00,1,2.535449,3.73235,AT,AKC,urban,persistence
2023-08-30 10:00:00+00:00,1,2.928849,2.535449,AT,AKC,urban,persistence
2023-08-30 11:00:00+00:00,1,3.698949,2.928849,AT,AKC,urban,persistence
2023-08-30 12:00:00+00:00,1,2.881249,3.698949,AT,AKC,urban,persistence
2023-08-30 13:00:00+00:00,1,2.5707,2.881249,AT,AKC,urban,persistence
2023-08-30 14:00:00+00:00,1,2.930999,2.5707,AT,AKC,urban,persistence
2023-08-30 15:00:00+00:00,1,3.1124,2.930999,AT,AKC,urban,persistence
2023-08-30 16:00:00+00:00,1,2.8256,3.1124,AT,AKC,urban,persistence
2023-08-30 17:00:00+00:00,1,3.1356,2.8256,AT,AKC,urban,persistence
2023-08-30 18:00:00+00:00,1,3.55525,3.1356,AT,AKC,urban,persistence
2023-08-30 19:00:00+00:00,1,3.6988,3.55525,AT,AKC,urban,persistence
2023-08-30 20:00:00+00:00,1,3.598599,3.6988,AT,AKC,urban,persistence
2023-08-30 21:00:00+00:00,1,3.730549,3.598599,AT,AKC,urban,persistence
2023-08-30 22:00:00+00:00,1,3.9293,3.730549,AT,AKC,urban,persistence
2023-08-30 23:00:00+00:00,1,3.8741,3.9293,AT,AKC,urban,persistence
2023-08-31 00:00:00+00:00,1,4.3337,3.8741,AT,AKC,urban,persistence
2023-08-31 01:00:00+00:00,1,4.780949,4.3337,AT,AKC,urban,persistence
2023-08-31 02:00:00+00:00,1,4.470299,4.780949,AT,AKC,urban,persistence
2023-08-31 03:00:00+00:00,1,4.0487,4.470299,AT,AKC,urban,persistence
2023-08-31 04:00:00+00:00,1,4.408749,4.0487,AT,AKC,urban,persistence
2023-08-31 05:00:00+00:00,1,4.4321,4.408749,AT,AKC,urban,persistence
2023-08-31 06:00:00+00:00,1,4.979249,4.4321,AT,AKC,urban,persistence
2023-08-31 07:00:00+00:00,1,5.64365,4.979249,AT,AKC,urban,persistence
2023-08-31 08:00:00+00:00,1,4.3879,5.64365,AT,AKC,urban,persistence
2023-08-31 09:00:00+00:00,1,4.094099,4.3879,AT,AKC,urban,persistence
2023-08-31 10:00:00+00:00,1,5.1828,4.094099,AT,AKC,urban,persistence
2023-08-31 11:00:00+00:00,1,4.43595,5.1828,AT,AKC,urban,persistence
2023-08-31 12:00:00+00:00,1,4.652999,4.43595,AT,AKC,urban,persistence
2023-08-31 13:00:00+00:00,1,3.7406,4.652999,AT,AKC,urban,persistence
2023-08-31 14:00:00+00:00,1,3.67125,3.7406,AT,AKC,urban,persistence
2023-08-31 15:00:00+00:00,1,3.483,3.67125,AT,AKC,urban,persistence
2023-08-31 16:00:00+00:00,1,3.860399,3.483,AT,AKC,urban,persistence
2023-08-31 17:00:00+00:00,1,4.161649,3.860399,AT,AKC,urban,persistence
2023-08-31 18:00:00+00:00,1,4.79465,4.161649,AT,AKC,urban,persistence
2023-08-31 19:00:00+00:00,1,5.09035,4.79465,AT,AKC,urban,persistence
2023-08-31 20:00:00+00:00,1,5.687,5.09035,AT,AKC,urban,persistence
2023-08-31 21:00:00+00:00,1,3.8828,5.687,AT,AKC,urban,persistence
2023-08-31 22:00:00+00:00,1,3.720699,3.8828,AT,AKC,urban,persistence
2023-08-31 23:00:00+00:00,1,3.8024,3.720699,AT,AKC,urban,persistence
2023-09-01 00:00:00+00:00,1,3.926849,3.8024,AT,AKC,urban,persistence
2023-09-01 01:00:00+00:00,1,3.898149,3.926849,AT,AKC,urban,persistence
2023-09-01 02:00:00+00:00,1,4.334699,3.898149,AT,AKC,urban,persistence
2023-09-01 03:00:00+00:00,1,5.4146,4.334699,AT,AKC,urban,persistence
2023-09-01 04:00:00+00:00,1,6.775449,5.4146,AT,AKC,urban,persistence
2023-09-01 05:00:00+00:00,1,6.6096,6.775449,AT,AKC,urban,persistence
2023-09-01 06:00:00+00:00,1,5.44775,6.6096,AT,AKC,urban,persistence
2023-09-01 07:00:00+00:00,1,6.1366,5.44775,AT,AKC,urban,persistence
2023-09-01 08:00:00+00:00,1,5.1976,6.1366,AT,AKC,urban,persistence
2023-09-01 09:00:00+00:00,1,4.3592,5.1976,AT,AKC,urban,persistence
2023-09-01 10:00:00+00:00,1,3.82625,4.3592,AT,AKC,urban,persistence
2023-09-01 11:00:00+00:00,1,3.38205,3.82625,AT,AKC,urban,persistence
2023-09-01 12:00:00+00:00,1,2.67065,3.38205,AT,AKC,urban,persistence
2023-09-01 13:00:00+00:00,1,2.134999,2.67065,AT,AKC,urban,persistence
2023-09-01 14:00:00+00:00,1,1.93945,2.134999,AT,AKC,urban,persistence
2023-09-01 15:00:00+00:00,1,2.676849,1.93945,AT,AKC,urban,persistence
2023-09-01 16:00:00+00:00,1,3.54185,2.676849,AT,AKC,urban,persistence
2023-09-01 17:00:00+00:00,1,4.91355,3.54185,AT,AKC,urban,persistence
2023-09-01 18:00:00+00:00,1,5.297149,4.91355,AT,AKC,urban,persistence
2023-09-01 19:00:00+00:00,1,5.01245,5.297149,AT,AKC,urban,persistence
2023-09-01 20:00:00+00:00,1,5.80455,5.01245,AT,AKC,urban,persistence
2023-09-01 21:00:00+00:00,1,5.389649,5.80455,AT,AKC,urban,persistence
2023-09-01 22:00:00+00:00,1,4.89645,5.389649,AT,AKC,urban,persistence
2023-09-01 23:00:00+00:00,1,4.83045,4.89645,AT,AKC,urban,persistence
2023-09-02 00:00:00+00:00,1,5.0696,4.83045,AT,AKC,urban,persistence
2023-09-02 01:00:00+00:00,1,4.4769,5.0696,AT,AKC,urban,persistence
2023-09-02 02:00:00+00:00,1,5.6082,4.4769,AT,AKC,urban,persistence
2023-09-02 03:00:00+00:00,1,5.624949,5.6082,AT,AKC,urban,persistence
2023-09-02 04:00:00+00:00,1,5.885999,5.624949,AT,AKC,urban,persistence
2023-09-02 05:00:00+00:00,1,6.066499,5.885999,AT,AKC,urban,persistence
2023-09-02 06:00:00+00:00,1,4.520599,6.066499,AT,AKC,urban,persistence
2023-09-02 07:00:00+00:00,1,3.616,4.520599,AT,AKC,urban,persistence
2023-09-02 08:00:00+00:00,1,2.895949,3.616,AT,AKC,urban,persistence
2023-09-02 09:00:00+00:00,1,2.6605,2.895949,AT,AKC,urban,persistence
2023-09-02 10:00:00+00:00,1,2.820199,2.6605,AT,AKC,urban,persistence
2023-09-02 11:00:00+00:00,1,3.03765,2.820199,AT,AKC,urban,persistence
2023-09-02 12:00:00+00:00,1,3.094049,3.03765,AT,AKC,urban,persistence
2023-09-02 13:00:00+00:00,1,3.100899,3.094049,AT,AKC,urban,persistence
2023-09-02 14:00:00+00:00,1,3.3115,3.100899,AT,AKC,urban,persistence
2023-09-02 15:00:00+00:00,1,3.407449,3.3115,AT,AKC,urban,persistence
2023-09-02 16:00:00+00:00,1,4.420749,3.407449,AT,AKC,urban,persistence
2023-09-02 17:00:00+00:00,1,3.875649,4.420749,AT,AKC,urban,persistence
2023-09-02 18:00:00+00:00,1,5.127449,3.875649,AT,AKC,urban,persistence
2023-09-02 19:00:00+00:00,1,5.8898,5.127449,AT,AKC,urban,persistence
2023-09-02 20:00:00+00:00,1,5.70795,5.8898,AT,AKC,urban,persistence
2023-09-02 21:00:00+00:00,1,5.857999,5.70795,AT,AKC,urban,persistence
2023-09-02 22:00:00+00:00,1,6.742149,5.857999,AT,AKC,urban,persistence
2023-09-02 23:00:00+00:00,1,5.123499,6.742149,AT,AKC,urban,persistence
2023-09-03 00:00:00+00:00,1,4.1758,5.123499,AT,AKC,urban,persistence
2023-09-03 01:00:00+00:00,1,4.08115,4.1758,AT,AKC,urban,persistence
2023-09-03 02:00:00+00:00,1,4.150899,4.08115,AT,AKC,urban,persistence
2023-09-03 03:00:00+00:00,1,4.267849,4.150899,AT,AKC,urban,persistence
2023-09-03 04:00:00+00:00,1,4.2087,4.267849,AT,AKC,urban,persistence
2023-09-03 05:00:00+00:00,1,3.7715,4.2087,AT,AKC,urban,persistence
2023-09-03 06:00:00+00:00,1,3.624399,3.7715,AT,AKC,urban,persistence
2023-09-03 07:00:00+00:00,1,3.51795,3.624399,AT,AKC,urban,persistence
2023-09-03 08:00:00+00:00,1,4.032549,3.51795,AT,AKC,urban,persistence
2023-09-03 09:00:00+00:00,1,3.289999,4.032549,AT,AKC,urban,persistence
2023-09-03 10:00:00+00:00,1,3.590749,3.289999,AT,AKC,urban,persistence
2023-09-03 11:00:00+00:00,1,3.23515,3.590749,AT,AKC,urban,persistence
2023-09-03 12:00:00+00:00,1,2.915549,3.23515,AT,AKC,urban,persistence
2023-09-03 13:00:00+00:00,1,3.197999,2.915549,AT,AKC,urban,persistence
2023-09-03 14:00:00+00:00,1,3.666699,3.197999,AT,AKC,urban,persistence
2023-09-03 15:00:00+00:00,1,3.88175,3.666699,AT,AKC,urban,persistence
2023-09-03 16:00:00+00:00,1,4.30605,3.88175,AT,AKC,urban,persistence
2023-09-03 17:00:00+00:00,1,4.6103,4.30605,AT,AKC,urban,persistence
2023-09-03 18:00:00+00:00,1,4.55895,4.6103,AT,AKC,urban,persistence
2023-09-03 19:00:00+00:00,1,5.11415,4.55895,AT,AKC,urban,persistence
2023-09-03 20:00:00+00:00,1,5.563899,5.11415,AT,AKC,urban,persistence
2023-09-03 21:00:00+00:00,1,6.2802,5.563899,AT,AKC,urban,persistence
2023-09-03 22:00:00+00:00,1,6.675799,6.2802,AT,AKC,urban,persistence
2023-09-03 23:00:00+00:00,1,7.035349,6.675799,AT,AKC,urban,persistence
2023-09-04 00:00:00+00:00,1,7.065649,7.035349,AT,AKC,urban,persistence
2023-09-04 01:00:00+00:00,1,7.082449,7.065649,AT,AKC,urban,persistence
2023-09-04 02:00:00+00:00,1,7.27165,7.082449,AT,AKC,urban,persistence
2023-09-04 03:00:00+00:00,1,7.0837,7.27165,AT,AKC,urban,persistence
2023-09-04 04:00:00+00:00,1,6.74905,7.0837,AT,AKC,urban,persistence
2023-09-04 05:00:00+00:00,1,6.259399,6.74905,AT,AKC,urban,persistence
2023-09-04 06:00:00+00:00,1,5.1574,6.259399,AT,AKC,urban,persistence
2023-09-04 07:00:00+00:00,1,4.76875,5.1574,AT,AKC,urban,persistence
2023-09-04 08:00:00+00:00,1,4.93,4.76875,AT,AKC,urban,persistence
2023-09-04 09:00:00+00:00,1,4.473549,4.93,AT,AKC,urban,persistence
2023-09-04 10:00:00+00:00,1,4.2114,4.473549,AT,AKC,urban,persistence
2023-09-04 11:00:00+00:00,1,4.1047,4.2114,AT,AKC,urban,persistence
2023-09-04 12:00:00+00:00,1,4.020349,4.1047,AT,AKC,urban,persistence
2023-09-04 13:00:00+00:00,1,3.9622,4.020349,AT,AKC,urban,persistence
2023-09-04 14:00:00+00:00,1,4.134249,3.9622,AT,AKC,urban,persistence
2023-09-04 15:00:00+00:00,1,4.300499,4.134249,AT,AKC,urban,persistence
2023-09-04 16:00:00+00:00,1,4.756449,4.300499,AT,AKC,urban,persistence
2023-09-04 17:00:00+00:00,1,4.70225,4.756449,AT,AKC,urban,persistence
2023-09-04 18:00:00+00:00,1,5.360199,4.70225,AT,AKC,urban,persistence
2023-09-04 19:00:00+00:00,1,5.7908,5.360199,AT,AKC,urban,persistence
2023-09-04 20:00:00+00:00,1,5.968899,5.7908,AT,AKC,urban,persistence
2023-09-04 21:00:00+00:00,1,5.721899,5.968899,AT,AKC,urban,persistence
2023-09-04 22:00:00+00:00,1,5.892399,5.721899,AT,AKC,urban,persistence
2023-09-04 23:00:00+00:00,1,6.193799,5.892399,AT,AKC,urban,persistence
2023-09-05 00:00:00+00:00,1,6.1637,6.193799,AT,AKC,urban,persistence
2023-09-05 01:00:00+00:00,1,6.125699,6.1637,AT,AKC,urban,persistence
2023-09-05 02:00:00+00:00,1,6.544249,6.125699,AT,AKC,urban,persistence
2023-09-05 03:00:00+00:00,1,7.43955,6.544249,AT,AKC,urban,persistence
2023-09-05 04:00:00+00:00,1,10.2936,7.43955,AT,AKC,urban,persistence
2023-09-05 05:00:00+00:00,1,8.690549,10.2936,AT,AKC,urban,persistence
2023-09-05 06:00:00+00:00,1,7.9656,8.690549,AT,AKC,urban,persistence
2023-09-05 07:00:00+00:00,1,7.814499,7.9656,AT,AKC,urban,persistence
2023-09-05 08:00:00+00:00,1,6.33275,7.814499,AT,AKC,urban,persistence
2023-09-05 09:00:00+00:00,1,5.409549,6.33275,AT,AKC,urban,persistence
2023-09-05 10:00:00+00:00,1,5.633699,5.409549,AT,AKC,urban,persistence
2023-09-05 11:00:00+00:00,1,5.557199,5.633699,AT,AKC,urban,persistence
2023-09-05 12:00:00+00:00,1,5.2827,5.557199,AT,AKC,urban,persistence
2023-09-05 13:00:00+00:00,1,5.605799,5.2827,AT,AKC,urban,persistence
2023-09-05 14:00:00+00:00,1,5.770899,5.605799,AT,AKC,urban,persistence
2023-09-05 15:00:00+00:00,1,6.12055,5.770899,AT,AKC,urban,persistence
2023-09-05 16:00:00+00:00,1,7.30045,6.12055,AT,AKC,urban,persistence
2023-09-05 17:00:00+00:00,1,8.4801,7.30045,AT,AKC,urban,persistence
2023-09-05 18:00:00+00:00,1,9.1303,8.4801,AT,AKC,urban,persistence
2023-09-05 19:00:00+00:00,1,9.322299,9.1303,AT,AKC,urban,persistence
2023-09-05 20:00:00+00:00,1,9.061349,9.322299,AT,AKC,urban,persistence
2023-09-05 21:00:00+00:00,1,8.7077,9.061349,AT,AKC,urban,persistence
2023-09-05 22:00:00+00:00,1,8.73365,8.7077,AT,AKC,urban,persistence
2023-09-05 23:00:00+00:00,1,9.123649,8.73365,AT,AKC,urban,persistence
2023-09-06 00:00:00+00:00,1,9.13265,9.123649,AT,AKC,urban,persistence
2023-09-06 01:00:00+00:00,1,11.1575,9.13265,AT,AKC,urban,persistence
2023-09-06 02:00:00+00:00,1,11.339,11.1575,AT,AKC,urban,persistence
2023-09-06 03:00:00+00:00,1,12.224,11.339,AT,AKC,urban,persistence
2023-09-06 04:00:00+00:00,1,14.558,12.224,AT,AKC,urban,persistence
2023-09-06 05:00:00+00:00,1,15.996,14.558,AT,AKC,urban,persistence
2023-09-06 06:00:00+00:00,1,12.3015,15.996,AT,AKC,urban,persistence
2023-09-06 07:00:00+00:00,1,10.0525,12.3015,AT,AKC,urban,persistence
2023-09-06 08:00:00+00:00,1,8.03055,10.0525,AT,AKC,urban,persistence
2023-09-06 09:00:00+00:00,1,6.777299,8.03055,AT,AKC,urban,persistence
2023-09-06 10:00:00+00:00,1,6.3837,6.777299,AT,AKC,urban,persistence
2023-09-06 11:00:00+00:00,1,5.7704,6.3837,AT,AKC,urban,persistence
2023-09-06 12:00:00+00:00,1,5.9004,5.7704,AT,AKC,urban,persistence
2023-09-06 13:00:00+00:00,1,6.066849,5.9004,AT,AKC,urban,persistence
2023-09-06 14:00:00+00:00,1,5.8372,6.066849,AT,AKC,urban,persistence
2023-09-06 15:00:00+00:00,1,5.41645,5.8372,AT,AKC,urban,persistence
2023-09-06 16:00:00+00:00,1,6.517,5.41645,AT,AKC,urban,persistence
2023-09-06 17:00:00+00:00,1,7.36705,6.517,AT,AKC,urban,persistence
2023-09-06 18:00:00+00:00,1,8.163849,7.36705,AT,AKC,urban,persistence
2023-09-06 19:00:00+00:00,1,8.60445,8.163849,AT,AKC,urban,persistence
2023-09-06 20:00:00+00:00,1,9.18485,8.60445,AT,AKC,urban,persistence
2023-09-06 21:00:00+00:00,1,10.9755,9.18485,AT,AKC,urban,persistence
2023-09-06 22:00:00+00:00,1,10.9415,10.9755,AT,AKC,urban,persistence
2023-09-06 23:00:00+00:00,1,10.2745,10.9415,AT,AKC,urban,persistence
2023-09-07 00:00:00+00:00,1,10.2785,10.2745,AT,AKC,urban,persistence
2023-09-07 01:00:00+00:00,1,10.761,10.2785,AT,AKC,urban,persistence
2023-09-07 02:00:00+00:00,1,11.622,10.761,AT,AKC,urban,persistence
2023-09-07 03:00:00+00:00,1,11.7795,11.622,AT,AKC,urban,persistence
2023-09-07 04:00:00+00:00,1,12.4265,11.7795,AT,AKC,urban,persistence
2023-09-07 05:00:00+00:00,1,13.25,12.4265,AT,AKC,urban,persistence
2023-09-07 06:00:00+00:00,1,11.285,13.25,AT,AKC,urban,persistence
2023-09-07 07:00:00+00:00,1,13.154,11.285,AT,AKC,urban,persistence
2023-09-07 08:00:00+00:00,1,9.985,13.154,AT,AKC,urban,persistence
2023-09-07 09:00:00+00:00,1,5.98535,9.985,AT,AKC,urban,persistence
2023-09-07 10:00:00+00:00,1,5.969299,5.98535,AT,AKC,urban,persistence
2023-09-07 11:00:00+00:00,1,5.1861,5.969299,AT,AKC,urban,persistence
2023-09-07 12:00:00+00:00,1,5.675,5.1861,AT,AKC,urban,persistence
2023-09-07 13:00:00+00:00,1,5.845099,5.675,AT,AKC,urban,persistence
2023-09-07 14:00:00+00:00,1,5.8224,5.845099,AT,AKC,urban,persistence
2023-09-07 15:00:00+00:00,1,5.8886,5.8224,AT,AKC,urban,persistence
2023-09-07 16:00:00+00:00,1,6.456649,5.8886,AT,AKC,urban,persistence
2023-09-07 17:00:00+00:00,1,8.69995,6.456649,AT,AKC,urban,persistence
2023-09-07 18:00:00+00:00,1,10.121,8.69995,AT,AKC,urban,persistence
2023-09-07 19:00:00+00:00,1,10.4675,10.121,AT,AKC,urban,persistence
2023-09-07 20:00:00+00:00,1,9.954099,10.4675,AT,AKC,urban,persistence
2023-09-07 21:00:00+00:00,1,11.6315,9.954099,AT,AKC,urban,persistence
2023-09-07 22:00:00+00:00,1,12.847,11.6315,AT,AKC,urban,persistence
2023-09-07 23:00:00+00:00,1,12.0625,12.847,AT,AKC,urban,persistence
2023-09-08 00:00:00+00:00,1,11.6725,12.0625,AT,AKC,urban,persistence
2023-09-08 01:00:00+00:00,1,11.685,11.6725,AT,AKC,urban,persistence
2023-09-08 02:00:00+00:00,1,11.429,11.685,AT,AKC,urban,persistence
2023-09-08 03:00:00+00:00,1,11.901,11.429,AT,AKC,urban,persistence
2023-09-08 04:00:00+00:00,1,13.8725,11.901,AT,AKC,urban,persistence
2023-09-08 05:00:00+00:00,1,13.9765,13.8725,AT,AKC,urban,persistence
2023-09-08 06:00:00+00:00,1,12.777,13.9765,AT,AKC,urban,persistence
2023-09-08 07:00:00+00:00,1,10.4218,12.777,AT,AKC,urban,persistence
2023-09-08 08:00:00+00:00,1,6.882249,10.4218,AT,AKC,urban,persistence
2023-09-08 09:00:00+00:00,1,6.094049,6.882249,AT,AKC,urban,persistence
2023-09-08 10:00:00+00:00,1,5.76655,6.094049,AT,AKC,urban,persistence
2023-09-08 11:00:00+00:00,1,6.20685,5.76655,AT,AKC,urban,persistence
2023-09-08 12:00:00+00:00,1,5.991849,6.20685,AT,AKC,urban,persistence
2023-09-08 13:00:00+00:00,1,5.4538,5.991849,AT,AKC,urban,persistence
2023-09-08 14:00:00+00:00,1,5.599749,5.4538,AT,AKC,urban,persistence
2023-09-08 15:00:00+00:00,1,6.026849,5.599749,AT,AKC,urban,persistence
2023-09-08 16:00:00+00:00,1,7.04495,6.026849,AT,AKC,urban,persistence
2023-09-08 17:00:00+00:00,1,8.268799,7.04495,AT,AKC,urban,persistence
2023-09-08 18:00:00+00:00,1,9.482399,8.268799,AT,AKC,urban,persistence
2023-09-08 19:00:00+00:00,1,10.2099,9.482399,AT,AKC,urban,persistence
2023-09-08 20:00:00+00:00,1,11.367,10.2099,AT,AKC,urban,persistence
2023-09-08 21:00:00+00:00,1,12.416,11.367,AT,AKC,urban,persistence
2023-09-08 22:00:00+00:00,1,12.1675,12.416,AT,AKC,urban,persistence
2023-09-08 23:00:00+00:00,1,13.066,12.1675,AT,AKC,urban,persistence
2023-09-09 00:00:00+00:00,1,12.5185,13.066,AT,AKC,urban,persistence
2023-09-09 01:00:00+00:00,1,12.436,12.5185,AT,AKC,urban,persistence
2023-09-09 02:00:00+00:00,1,12.42,12.436,AT,AKC,urban,persistence
2023-09-09 03:00:00+00:00,1,12.295,12.42,AT,AKC,urban,persistence
2023-09-09 04:00:00+00:00,1,13.0105,12.295,AT,AKC,urban,persistence
2023-09-09 05:00:00+00:00,1,14.2935,13.0105,AT,AKC,urban,persistence
2023-09-09 06:00:00+00:00,1,13.318,14.2935,AT,AKC,urban,persistence
2023-09-09 07:00:00+00:00,1,12.391,13.318,AT,AKC,urban,persistence
2023-09-09 08:00:00+00:00,1,8.4558,12.391,AT,AKC,urban,persistence
2023-09-09 09:00:00+00:00,1,6.5564,8.4558,AT,AKC,urban,persistence
2023-09-09 10:00:00+00:00,1,6.1061,6.5564,AT,AKC,urban,persistence
2023-09-09 11:00:00+00:00,1,6.155499,6.1061,AT,AKC,urban,persistence
2023-09-09 12:00:00+00:00,1,6.21685,6.155499,AT,AKC,urban,persistence
2023-09-09 13:00:00+00:00,1,6.3027,6.21685,AT,AKC,urban,persistence
2023-09-09 14:00:00+00:00,1,6.49765,6.3027,AT,AKC,urban,persistence
2023-09-09 15:00:00+00:00,1,6.654649,6.49765,AT,AKC,urban,persistence
2023-09-09 16:00:00+00:00,1,7.487499,6.654649,AT,AKC,urban,persistence
2023-09-09 17:00:00+00:00,1,9.46095,7.487499,AT,AKC,urban,persistence
2023-09-09 18:00:00+00:00,1,10.54055,9.46095,AT,AKC,urban,persistence
2023-09-09 19:00:00+00:00,1,11.916,10.54055,AT,AKC,urban,persistence
2023-09-09 20:00:00+00:00,1,11.7135,11.916,AT,AKC,urban,persistence
2023-09-09 21:00:00+00:00,1,12.6245,11.7135,AT,AKC,urban,persistence
2023-09-09 22:00:00+00:00,1,14.172,12.6245,AT,AKC,urban,persistence
2023-09-09 23:00:00+00:00,1,14.011,14.172,AT,AKC,urban,persistence
2023-09-10 00:00:00+00:00,1,13.8965,14.011,AT,AKC,urban,persistence
2023-09-10 01:00:00+00:00,1,13.94,13.8965,AT,AKC,urban,persistence
2023-09-10 02:00:00+00:00,1,14.1645,13.94,AT,AKC,urban,persistence
2023-09-10 03:00:00+00:00,1,13.6115,14.1645,AT,AKC,urban,persistence
2023-09-10 04:00:00+00:00,1,14.172,13.6115,AT,AKC,urban,persistence
2023-09-10 05:00:00+00:00,1,15.81,14.172,AT,AKC,urban,persistence
2023-09-10 06:00:00+00:00,1,13.3075,15.81,AT,AKC,urban,persistence
2023-09-10 07:00:00+00:00,1,12.0195,13.3075,AT,AKC,urban,persistence
2023-09-10 08:00:00+00:00,1,11.794,12.0195,AT,AKC,urban,persistence
2023-09-10 09:00:00+00:00,1,10.8095,11.794,AT,AKC,urban,persistence
2023-09-10 10:00:00+00:00,1,10.2675,10.8095,AT,AKC,urban,persistence
2023-09-10 11:00:00+00:00,1,9.3422,10.2675,AT,AKC,urban,persistence
2023-09-10 12:00:00+00:00,1,8.797249,9.3422,AT,AKC,urban,persistence
2023-09-10 13:00:00+00:00,1,8.2593,8.797249,AT,AKC,urban,persistence
2023-09-10 14:00:00+00:00,1,7.81035,8.2593,AT,AKC,urban,persistence
2023-09-10 15:00:00+00:00,1,7.76585,7.81035,AT,AKC,urban,persistence
2023-09-10 16:00:00+00:00,1,8.6665,7.76585,AT,AKC,urban,persistence
2023-09-10 17:00:00+00:00,1,11.4555,8.6665,AT,AKC,urban,persistence
2023-09-10 18:00:00+00:00,1,12.4715,11.4555,AT,AKC,urban,persistence
2023-09-10 19:00:00+00:00,1,11.164,12.4715,AT,AKC,urban,persistence
2023-09-10 20:00:00+00:00,1,13.214,11.164,AT,AKC,urban,persistence
2023-09-10 21:00:00+00:00,1,13.6725,13.214,AT,AKC,urban,persistence
2023-09-10 22:00:00+00:00,1,13.6375,13.6725,AT,AKC,urban,persistence
2023-09-10 23:00:00+00:00,1,14.029,13.6375,AT,AKC,urban,persistence
2023-09-11 00:00:00+00:00,1,14.425,14.029,AT,AKC,urban,persistence
2023-09-11 01:00:00+00:00,1,14.0515,14.425,AT,AKC,urban,persistence
2023-09-11 02:00:00+00:00,1,14.934,14.0515,AT,AKC,urban,persistence
2023-09-11 03:00:00+00:00,1,15.364,14.934,AT,AKC,urban,persistence
2023-09-11 04:00:00+00:00,1,17.1875,15.364,AT,AKC,urban,persistence
2023-09-11 05:00:00+00:00,1,16.754,17.1875,AT,AKC,urban,persistence
2023-09-11 06:00:00+00:00,1,15.245,16.754,AT,AKC,urban,persistence
2023-09-11 07:00:00+00:00,1,14.5045,15.245,AT,AKC,urban,persistence
2023-09-11 08:00:00+00:00,1,14.9145,14.5045,AT,AKC,urban,persistence
2023-09-11 09:00:00+00:00,1,14.895,14.9145,AT,AKC,urban,persistence
2023-09-11 10:00:00+00:00,1,13.6775,14.895,AT,AKC,urban,persistence
2023-09-11 11:00:00+00:00,1,12.1415,13.6775,AT,AKC,urban,persistence
2023-09-11 12:00:00+00:00,1,10.6965,12.1415,AT,AKC,urban,persistence
2023-09-11 13:00:00+00:00,1,10.6485,10.6965,AT,AKC,urban,persistence
2023-09-11 14:00:00+00:00,1,9.931349,10.6485,AT,AKC,urban,persistence
2023-09-11 15:00:00+00:00,1,9.1634,9.931349,AT,AKC,urban,persistence
2023-09-11 16:00:00+00:00,1,9.005649,9.1634,AT,AKC,urban,persistence
2023-09-11 17:00:00+00:00,1,10.8718,9.005649,AT,AKC,urban,persistence
2023-09-11 18:00:00+00:00,1,12.3625,10.8718,AT,AKC,urban,persistence
2023-09-11 19:00:00+00:00,1,13.32,12.3625,AT,AKC,urban,persistence
2023-09-11 20:00:00+00:00,1,13.8725,13.32,AT,AKC,urban,persistence
2023-09-11 21:00:00+00:00,1,14.6225,13.8725,AT,AKC,urban,persistence
2023-09-11 22:00:00+00:00,1,15.7405,14.6225,AT,AKC,urban,persistence
2023-09-11 23:00:00+00:00,1,14.8505,15.7405,AT,AKC,urban,persistence
2023-09-12 00:00:00+00:00,1,13.825,14.8505,AT,AKC,urban,persistence
2023-09-12 01:00:00+00:00,1,14.783,13.825,AT,AKC,urban,persistence
2023-09-12 02:00:00+00:00,1,15.8195,14.783,AT,AKC,urban,persistence
2023-09-12 03:00:00+00:00,1,16.425,15.8195,AT,AKC,urban,persistence
2023-09-12 04:00:00+00:00,1,18.3695,16.425,AT,AKC,urban,persistence
2023-09-12 05:00:00+00:00,1,19.7345,18.3695,AT,AKC,urban,persistence
2023-09-12 06:00:00+00:00,1,19.4645,19.7345,AT,AKC,urban,persistence
2023-09-12 07:00:00+00:00,1,19.423,19.4645,AT,AKC,urban,persistence
2023-09-12 08:00:00+00:00,1,18.0755,19.423,AT,AKC,urban,persistence
2023-09-12 09:00:00+00:00,1,15.4385,18.0755,AT,AKC,urban,persistence
2023-09-12 10:00:00+00:00,1,15.33,15.4385,AT,AKC,urban,persistence
2023-09-12 11:00:00+00:00,1,13.0425,15.33,AT,AKC,urban,persistence
2023-09-12 12:00:00+00:00,1,12.3535,13.0425,AT,AKC,urban,persistence
2023-09-12 13:00:00+00:00,1,12.726,12.3535,AT,AKC,urban,persistence
2023-09-12 14:00:00+00:00,1,12.406,12.726,AT,AKC,urban,persistence
2023-09-12 15:00:00+00:00,1,13.0515,12.406,AT,AKC,urban,persistence
2023-09-12 16:00:00+00:00,1,14.566,13.0515,AT,AKC,urban,persistence
2023-09-12 17:00:00+00:00,1,14.8855,14.566,AT,AKC,urban,persistence
2023-09-12 18:00:00+00:00,1,17.103,14.8855,AT,AKC,urban,persistence
2023-09-12 19:00:00+00:00,1,16.6315,17.103,AT,AKC,urban,persistence
2023-09-12 20:00:00+00:00,1,17.0395,16.6315,AT,AKC,urban,persistence
2023-09-12 21:00:00+00:00,1,17.774,17.0395,AT,AKC,urban,persistence
2023-09-12 22:00:00+00:00,1,20.1495,17.774,AT,AKC,urban,persistence
2023-09-12 23:00:00+00:00,1,20.2335,20.1495,AT,AKC,urban,persistence
2023-09-13 00:00:00+00:00,1,19.0465,20.2335,AT,AKC,urban,persistence
2023-09-13 01:00:00+00:00,1,20.811,19.0465,AT,AKC,urban,persistence
2023-09-13 02:00:00+00:00,1,21.359,20.811,AT,AKC,urban,persistence
2023-09-13 03:00:00+00:00,1,22.5155,21.359,AT,AKC,urban,persistence
2023-09-13 04:00:00+00:00,1,26.257,22.5155,AT,AKC,urban,persistence
2023-09-13 05:00:00+00:00,1,22.456,26.257,AT,AKC,urban,persistence
2023-09-13 06:00:00+00:00,1,18.435,22.456,AT,AKC,urban,persistence
2023-09-13 07:00:00+00:00,1,14.8905,18.435,AT,AKC,urban,persistence
2023-09-13 08:00:00+00:00,1,10.346,14.8905,AT,AKC,urban,persistence
2023-09-13 09:00:00+00:00,1,11.0325,10.346,AT,AKC,urban,persistence
2023-09-13 10:00:00+00:00,1,9.909999,11.0325,AT,AKC,urban,persistence
2023-09-13 11:00:00+00:00,1,8.333399,9.909999,AT,AKC,urban,persistence
2023-09-13 12:00:00+00:00,1,11.0365,8.333399,AT,AKC,urban,persistence
2023-09-13 13:00:00+00:00,1,9.199999,11.0365,AT,AKC,urban,persistence
2023-09-13 14:00:00+00:00,1,10.896,9.199999,AT,AKC,urban,persistence
2023-09-13 15:00:00+00:00,1,9.2894,10.896,AT,AKC,urban,persistence
2023-09-13 16:00:00+00:00,1,8.25345,9.2894,AT,AKC,urban,persistence
2023-09-13 17:00:00+00:00,1,4.60045,8.25345,AT,AKC,urban,persistence
2023-09-13 18:00:00+00:00,1,5.494799,4.60045,AT,AKC,urban,persistence
2023-09-13 19:00:00+00:00,1,5.510049,5.494799,AT,AKC,urban,persistence
2023-09-13 20:00:00+00:00,1,5.498549,5.510049,AT,AKC,urban,persistence
2023-09-13 21:00:00+00:00,1,5.725749,5.498549,AT,AKC,urban,persistence
2023-09-13 22:00:00+00:00,1,5.5513,5.725749,AT,AKC,urban,persistence
2023-09-13 23:00:00+00:00,1,5.572249,5.5513,AT,AKC,urban,persistence
2023-09-14 00:00:00+00:00,1,6.189899,5.572249,AT,AKC,urban,persistence
2023-09-14 01:00:00+00:00,1,6.09735,6.189899,AT,AKC,urban,persistence
2023-09-14 02:00:00+00:00,1,6.4701,6.09735,AT,AKC,urban,persistence
2023-09-14 03:00:00+00:00,1,6.426899,6.4701,AT,AKC,urban,persistence
2023-09-14 04:00:00+00:00,1,7.5734,6.426899,AT,AKC,urban,persistence
2023-09-14 05:00:00+00:00,1,7.894399,7.5734,AT,AKC,urban,persistence
2023-09-14 06:00:00+00:00,1,8.286149,7.894399,AT,AKC,urban,persistence
2023-09-14 07:00:00+00:00,1,10.84895,8.286149,AT,AKC,urban,persistence
2023-09-14 08:00:00+00:00,1,8.661699,10.84895,AT,AKC,urban,persistence
2023-09-14 09:00:00+00:00,1,6.868999,8.661699,AT,AKC,urban,persistence
2023-09-14 10:00:00+00:00,1,6.235699,6.868999,AT,AKC,urban,persistence
2023-09-14 11:00:00+00:00,1,5.036149,6.235699,AT,AKC,urban,persistence
2023-09-14 12:00:00+00:00,1,3.851249,5.036149,AT,AKC,urban,persistence
2023-09-14 13:00:00+00:00,1,3.70455,3.851249,AT,AKC,urban,persistence
2023-09-14 14:00:00+00:00,1,3.808549,3.70455,AT,AKC,urban,persistence
2023-09-14 15:00:00+00:00,1,3.960449,3.808549,AT,AKC,urban,persistence
2023-09-14 16:00:00+00:00,1,4.25345,3.960449,AT,AKC,urban,persistence
2023-09-14 17:00:00+00:00,1,4.73235,4.25345,AT,AKC,urban,persistence
2023-09-14 18:00:00+00:00,1,4.9749,4.73235,AT,AKC,urban,persistence
2023-09-14 19:00:00+00:00,1,4.586449,4.9749,AT,AKC,urban,persistence
2023-09-14 20:00:00+00:00,1,4.92135,4.586449,AT,AKC,urban,persistence
2023-09-14 21:00:00+00:00,1,5.227,4.92135,AT,AKC,urban,persistence
2023-09-14 22:00:00+00:00,1,5.580999,5.227,AT,AKC,urban,persistence
2023-09-14 23:00:00+00:00,1,5.974949,5.580999,AT,AKC,urban,persistence
2023-09-15 00:00:00+00:00,1,6.727999,5.974949,AT,AKC,urban,persistence
2023-09-15 01:00:00+00:00,1,8.087249,6.727999,AT,AKC,urban,persistence
2023-09-15 02:00:00+00:00,1,8.57875,8.087249,AT,AKC,urban,persistence
2023-09-15 03:00:00+00:00,1,9.752,8.57875,AT,AKC,urban,persistence
2023-09-15 04:00:00+00:00,1,8.72915,9.752,AT,AKC,urban,persistence
2023-09-15 05:00:00+00:00,1,8.149649,8.72915,AT,AKC,urban,persistence
2023-09-15 06:00:00+00:00,1,7.983349,8.149649,AT,AKC,urban,persistence
2023-09-15 07:00:00+00:00,1,7.773449,7.983349,AT,AKC,urban,persistence
2023-09-15 08:00:00+00:00,1,7.846699,7.773449,AT,AKC,urban,persistence
2023-09-15 09:00:00+00:00,1,7.1138,7.846699,AT,AKC,urban,persistence
2023-09-15 10:00:00+00:00,1,5.697549,7.1138,AT,AKC,urban,persistence
2023-09-15 11:00:00+00:00,1,5.9503,5.697549,AT,AKC,urban,persistence
2023-09-15 12:00:00+00:00,1,5.55595,5.9503,AT,AKC,urban,persistence
2023-09-15 13:00:00+00:00,1,6.197199,5.55595,AT,AKC,urban,persistence
2023-09-15 14:00:00+00:00,1,6.156,6.197199,AT,AKC,urban,persistence
2023-09-15 15:00:00+00:00,1,6.062449,6.156,AT,AKC,urban,persistence
2023-09-15 16:00:00+00:00,1,6.635,6.062449,AT,AKC,urban,persistence
2023-09-15 17:00:00+00:00,1,7.605549,6.635,AT,AKC,urban,persistence
2023-09-15 18:00:00+00:00,1,8.7665,7.605549,AT,AKC,urban,persistence
2023-09-15 19:00:00+00:00,1,9.059,8.7665,AT,AKC,urban,persistence
2023-09-15 20:00:00+00:00,1,8.808149,9.059,AT,AKC,urban,persistence
2023-09-15 21:00:00+00:00,1,8.894249,8.808149,AT,AKC,urban,persistence
2023-09-15 22:00:00+00:00,1,8.391799,8.894249,AT,AKC,urban,persistence
2023-09-15 23:00:00+00:00,1,8.87985,8.391799,AT,AKC,urban,persistence
2023-09-16 00:00:00+00:00,1,9.307149,8.87985,AT,AKC,urban,persistence
2023-09-16 01:00:00+00:00,1,9.95865,9.307149,AT,AKC,urban,persistence
2023-09-16 02:00:00+00:00,1,11.002,9.95865,AT,AKC,urban,persistence
2023-09-16 03:00:00+00:00,1,12.3485,11.002,AT,AKC,urban,persistence
2023-09-16 04:00:00+00:00,1,10.86395,12.3485,AT,AKC,urban,persistence
2023-09-16 05:00:00+00:00,1,8.45785,10.86395,AT,AKC,urban,persistence
2023-09-16 06:00:00+00:00,1,6.83715,8.45785,AT,AKC,urban,persistence
2023-09-16 07:00:00+00:00,1,5.890299,6.83715,AT,AKC,urban,persistence
2023-09-16 08:00:00+00:00,1,5.439149,5.890299,AT,AKC,urban,persistence
2023-09-16 09:00:00+00:00,1,5.372449,5.439149,AT,AKC,urban,persistence
2023-09-16 10:00:00+00:00,1,4.9706,5.372449,AT,AKC,urban,persistence
2023-09-16 11:00:00+00:00,1,4.323249,4.9706,AT,AKC,urban,persistence
2023-09-16 12:00:00+00:00,1,4.321949,4.323249,AT,AKC,urban,persistence
2023-09-16 13:00:00+00:00,1,4.486949,4.321949,AT,AKC,urban,persistence
2023-09-16 14:00:00+00:00,1,4.557399,4.486949,AT,AKC,urban,persistence
2023-09-16 15:00:00+00:00,1,4.578599,4.557399,AT,AKC,urban,persistence
2023-09-16 16:00:00+00:00,1,4.9038,4.578599,AT,AKC,urban,persistence
2023-09-16 17:00:00+00:00,1,5.1015,4.9038,AT,AKC,urban,persistence
2023-09-16 18:00:00+00:00,1,5.3522,5.1015,AT,AKC,urban,persistence
2023-09-16 19:00:00+00:00,1,5.643549,5.3522,AT,AKC,urban,persistence
2023-09-16 20:00:00+00:00,1,6.364799,5.643549,AT,AKC,urban,persistence
2023-09-16 21:00:00+00:00,1,6.6647,6.364799,AT,AKC,urban,persistence
2023-09-16 22:00:00+00:00,1,6.750849,6.6647,AT,AKC,urban,persistence
2023-09-16 23:00:00+00:00,1,6.621049,6.750849,AT,AKC,urban,persistence
2023-09-17 00:00:00+00:00,1,6.78985,6.621049,AT,AKC,urban,persistence
2023-09-17 01:00:00+00:00,1,7.4004,6.78985,AT,AKC,urban,persistence
2023-09-17 02:00:00+00:00,1,7.741049,7.4004,AT,AKC,urban,persistence
2023-09-17 03:00:00+00:00,1,7.911749,7.741049,AT,AKC,urban,persistence
2023-09-17 04:00:00+00:00,1,8.2877,7.911749,AT,AKC,urban,persistence
2023-09-17 05:00:00+00:00,1,9.07735,8.2877,AT,AKC,urban,persistence
2023-09-17 06:00:00+00:00,1,8.637949,9.07735,AT,AKC,urban,persistence
2023-09-17 07:00:00+00:00,1,8.23525,8.637949,AT,AKC,urban,persistence
2023-09-17 08:00:00+00:00,1,7.53515,8.23525,AT,AKC,urban,persistence
2023-09-17 09:00:00+00:00,1,7.30065,7.53515,AT,AKC,urban,persistence
2023-09-17 10:00:00+00:00,1,6.5361,7.30065,AT,AKC,urban,persistence
2023-09-17 11:00:00+00:00,1,5.809,6.5361,AT,AKC,urban,persistence
2023-09-17 12:00:00+00:00,1,5.15415,5.809,AT,AKC,urban,persistence
2023-09-17 13:00:00+00:00,1,5.020899,5.15415,AT,AKC,urban,persistence
2023-09-17 14:00:00+00:00,1,5.129149,5.020899,AT,AKC,urban,persistence
2023-09-17 15:00:00+00:00,1,5.7588,5.129149,AT,AKC,urban,persistence
2023-09-17 16:00:00+00:00,1,6.42465,5.7588,AT,AKC,urban,persistence
2023-09-17 17:00:00+00:00,1,6.70145,6.42465,AT,AKC,urban,persistence
2023-09-17 18:00:00+00:00,1,6.71455,6.70145,AT,AKC,urban,persistence
2023-09-17 19:00:00+00:00,1,7.43805,6.71455,AT,AKC,urban,persistence
2023-09-17 20:00:00+00:00,1,9.64405,7.43805,AT,AKC,urban,persistence
2023-09-17 21:00:00+00:00,1,10.186,9.64405,AT,AKC,urban,persistence
2023-09-17 22:00:00+00:00,1,10.4605,10.186,AT,AKC,urban,persistence
2023-09-17 23:00:00+00:00,1,10.677,10.4605,AT,AKC,urban,persistence
2023-09-18 00:00:00+00:00,1,10.341,10.677,AT,AKC,urban,persistence
2023-09-18 01:00:00+00:00,1,11.569,10.341,AT,AKC,urban,persistence
2023-09-18 02:00:00+00:00,1,12.7055,11.569,AT,AKC,urban,persistence
2023-09-18 03:00:00+00:00,1,13.291,12.7055,AT,AKC,urban,persistence
2023-09-18 04:00:00+00:00,1,14.3435,13.291,AT,AKC,urban,persistence
2023-09-18 05:00:00+00:00,1,13.97,14.3435,AT,AKC,urban,persistence
2023-09-18 06:00:00+00:00,1,10.3,13.97,AT,AKC,urban,persistence
2023-09-18 07:00:00+00:00,1,8.888,10.3,AT,AKC,urban,persistence
2023-09-18 08:00:00+00:00,1,8.202799,8.888,AT,AKC,urban,persistence
2023-09-18 09:00:00+00:00,1,7.844099,8.202799,AT,AKC,urban,persistence
2023-09-18 10:00:00+00:00,1,8.496149,7.844099,AT,AKC,urban,persistence
2023-09-18 11:00:00+00:00,1,8.61775,8.496149,AT,AKC,urban,persistence
2023-09-18 12:00:00+00:00,1,10.136,8.61775,AT,AKC,urban,persistence
2023-09-18 13:00:00+00:00,1,11.1805,10.136,AT,AKC,urban,persistence
2023-09-18 14:00:00+00:00,1,9.84345,11.1805,AT,AKC,urban,persistence
2023-09-18 15:00:00+00:00,1,11.1955,9.84345,AT,AKC,urban,persistence
2023-09-18 16:00:00+00:00,1,12.229,11.1955,AT,AKC,urban,persistence
2023-09-18 17:00:00+00:00,1,10.14725,12.229,AT,AKC,urban,persistence
2023-09-18 18:00:00+00:00,1,10.10415,10.14725,AT,AKC,urban,persistence
2023-09-18 19:00:00+00:00,1,4.9882,10.10415,AT,AKC,urban,persistence
2023-09-18 20:00:00+00:00,1,4.958099,4.9882,AT,AKC,urban,persistence
2023-09-18 21:00:00+00:00,1,3.51385,4.958099,AT,AKC,urban,persistence
2023-09-18 22:00:00+00:00,1,2.4663,3.51385,AT,AKC,urban,persistence
2023-09-18 23:00:00+00:00,1,1.92945,2.4663,AT,AKC,urban,persistence
2023-09-19 00:00:00+00:00,1,1.53995,1.92945,AT,AKC,urban,persistence
2023-09-19 01:00:00+00:00,1,1.730849,1.53995,AT,AKC,urban,persistence
2023-09-19 02:00:00+00:00,1,2.020949,1.730849,AT,AKC,urban,persistence
2023-09-19 03:00:00+00:00,1,2.35905,2.020949,AT,AKC,urban,persistence
2023-09-19 04:00:00+00:00,1,3.392149,2.35905,AT,AKC,urban,persistence
2023-09-19 05:00:00+00:00,1,3.6508,3.392149,AT,AKC,urban,persistence
2023-09-19 06:00:00+00:00,1,5.3845,3.6508,AT,AKC,urban,persistence
2023-09-19 07:00:00+00:00,1,6.84265,5.3845,AT,AKC,urban,persistence
2023-09-19 08:00:00+00:00,1,5.238249,6.84265,AT,AKC,urban,persistence
2023-09-19 09:00:00+00:00,1,4.3453,5.238249,AT,AKC,urban,persistence
2023-09-19 10:00:00+00:00,1,4.4439,4.3453,AT,AKC,urban,persistence
2023-09-19 11:00:00+00:00,1,5.03355,4.4439,AT,AKC,urban,persistence
2023-09-19 12:00:00+00:00,1,4.775199,5.03355,AT,AKC,urban,persistence
2023-09-19 13:00:00+00:00,1,4.14765,4.775199,AT,AKC,urban,persistence
2023-09-19 14:00:00+00:00,1,3.3772,4.14765,AT,AKC,urban,persistence
2023-09-19 15:00:00+00:00,1,2.7953,3.3772,AT,AKC,urban,persistence
2023-09-19 16:00:00+00:00,1,2.52565,2.7953,AT,AKC,urban,persistence
2023-09-19 17:00:00+00:00,1,2.68155,2.52565,AT,AKC,urban,persistence
2023-09-19 18:00:00+00:00,1,2.26985,2.68155,AT,AKC,urban,persistence
2023-09-19 19:00:00+00:00,1,2.36785,2.26985,AT,AKC,urban,persistence
2023-09-19 20:00:00+00:00,1,2.06325,2.36785,AT,AKC,urban,persistence
2023-09-19 21:00:00+00:00,1,2.12395,2.06325,AT,AKC,urban,persistence
2023-09-19 22:00:00+00:00,1,2.24055,2.12395,AT,AKC,urban,persistence
2023-09-19 23:00:00+00:00,1,2.3667,2.24055,AT,AKC,urban,persistence
2023-09-20 00:00:00+00:00,1,2.575249,2.3667,AT,AKC,urban,persistence
2023-09-20 01:00:00+00:00,1,3.293699,2.575249,AT,AKC,urban,persistence
2023-09-20 02:00:00+00:00,1,3.576349,3.293699,AT,AKC,urban,persistence
2023-09-20 03:00:00+00:00,1,4.17385,3.576349,AT,AKC,urban,persistence
2023-09-20 04:00:00+00:00,1,7.0106,4.17385,AT,AKC,urban,persistence
2023-09-20 05:00:00+00:00,1,7.47675,7.0106,AT,AKC,urban,persistence
2023-09-20 06:00:00+00:00,1,6.751999,7.47675,AT,AKC,urban,persistence
2023-09-20 07:00:00+00:00,1,4.69185,6.751999,AT,AKC,urban,persistence
2023-09-20 08:00:00+00:00,1,4.307749,4.69185,AT,AKC,urban,persistence
2023-09-20 09:00:00+00:00,1,3.354799,4.307749,AT,AKC,urban,persistence
2023-09-20 10:00:00+00:00,1,3.642149,3.354799,AT,AKC,urban,persistence
2023-09-20 11:00:00+00:00,1,4.359499,3.642149,AT,AKC,urban,persistence
2023-09-20 12:00:00+00:00,1,4.2423,4.359499,AT,AKC,urban,persistence
2023-09-20 13:00:00+00:00,1,5.541649,4.2423,AT,AKC,urban,persistence
2023-09-20 14:00:00+00:00,1,6.129349,5.541649,AT,AKC,urban,persistence
2023-09-20 15:00:00+00:00,1,6.305649,6.129349,AT,AKC,urban,persistence
2023-09-20 16:00:00+00:00,1,6.550849,6.305649,AT,AKC,urban,persistence
2023-09-20 17:00:00+00:00,1,6.904199,6.550849,AT,AKC,urban,persistence
2023-09-20 18:00:00+00:00,1,7.527899,6.904199,AT,AKC,urban,persistence
2023-09-20 19:00:00+00:00,1,8.016349,7.527899,AT,AKC,urban,persistence
2023-09-20 20:00:00+00:00,1,8.489549,8.016349,AT,AKC,urban,persistence
2023-09-20 21:00:00+00:00,1,8.662899,8.489549,AT,AKC,urban,persistence
2023-09-20 22:00:00+00:00,1,8.8027,8.662899,AT,AKC,urban,persistence
2023-09-20 23:00:00+00:00,1,8.29335,8.8027,AT,AKC,urban,persistence
2023-09-21 00:00:00+00:00,1,9.2814,8.29335,AT,AKC,urban,persistence
2023-09-21 01:00:00+00:00,1,10.45145,9.2814,AT,AKC,urban,persistence
2023-09-21 02:00:00+00:00,1,11.283,10.45145,AT,AKC,urban,persistence
2023-09-21 03:00:00+00:00,1,12.4875,11.283,AT,AKC,urban,persistence
2023-09-21 04:00:00+00:00,1,12.2955,12.4875,AT,AKC,urban,persistence
2023-09-21 05:00:00+00:00,1,11.0565,12.2955,AT,AKC,urban,persistence
2023-09-21 06:00:00+00:00,1,9.180549,11.0565,AT,AKC,urban,persistence
2023-09-21 07:00:00+00:00,1,8.09095,9.180549,AT,AKC,urban,persistence
2023-09-21 08:00:00+00:00,1,6.6625,8.09095,AT,AKC,urban,persistence
2023-09-21 09:00:00+00:00,1,5.782799,6.6625,AT,AKC,urban,persistence
2023-09-21 10:00:00+00:00,1,5.462699,5.782799,AT,AKC,urban,persistence
2023-09-21 11:00:00+00:00,1,5.60095,5.462699,AT,AKC,urban,persistence
2023-09-21 12:00:00+00:00,1,6.725049,5.60095,AT,AKC,urban,persistence
2023-09-21 13:00:00+00:00,1,6.963449,6.725049,AT,AKC,urban,persistence
2023-09-21 14:00:00+00:00,1,8.9041,6.963449,AT,AKC,urban,persistence
2023-09-21 15:00:00+00:00,1,8.002149,8.9041,AT,AKC,urban,persistence
2023-09-21 16:00:00+00:00,1,7.489799,8.002149,AT,AKC,urban,persistence
2023-09-21 17:00:00+00:00,1,6.725299,7.489799,AT,AKC,urban,persistence
2023-09-21 18:00:00+00:00,1,5.8912,6.725299,AT,AKC,urban,persistence
2023-09-21 19:00:00+00:00,1,5.769249,5.8912,AT,AKC,urban,persistence
2023-09-21 20:00:00+00:00,1,6.1328,5.769249,AT,AKC,urban,persistence
2023-09-21 21:00:00+00:00,1,6.253549,6.1328,AT,AKC,urban,persistence
2023-09-21 22:00:00+00:00,1,6.626049,6.253549,AT,AKC,urban,persistence
2023-09-21 23:00:00+00:00,1,7.016849,6.626049,AT,AKC,urban,persistence
2023-09-22 00:00:00+00:00,1,6.573349,7.016849,AT,AKC,urban,persistence
2023-09-22 01:00:00+00:00,1,6.579799,6.573349,AT,AKC,urban,persistence
2023-09-22 02:00:00+00:00,1,7.246449,6.579799,AT,AKC,urban,persistence
2023-09-22 03:00:00+00:00,1,7.3934,7.246449,AT,AKC,urban,persistence
2023-09-22 04:00:00+00:00,1,8.263199,7.3934,AT,AKC,urban,persistence
2023-09-22 05:00:00+00:00,1,6.1514,8.263199,AT,AKC,urban,persistence
2023-09-22 06:00:00+00:00,1,5.424849,6.1514,AT,AKC,urban,persistence
2023-09-22 07:00:00+00:00,1,4.66905,5.424849,AT,AKC,urban,persistence
2023-09-22 08:00:00+00:00,1,4.001699,4.66905,AT,AKC,urban,persistence
2023-09-22 09:00:00+00:00,1,4.077549,4.001699,AT,AKC,urban,persistence
2023-09-22 10:00:00+00:00,1,5.116399,4.077549,AT,AKC,urban,persistence
2023-09-22 11:00:00+00:00,1,5.186299,5.116399,AT,AKC,urban,persistence
2023-09-22 12:00:00+00:00,1,5.800499,5.186299,AT,AKC,urban,persistence
2023-09-22 13:00:00+00:00,1,6.236399,5.800499,AT,AKC,urban,persistence
2023-09-22 14:00:00+00:00,1,5.23005,6.236399,AT,AKC,urban,persistence
2023-09-22 15:00:00+00:00,1,3.150199,5.23005,AT,AKC,urban,persistence
2023-09-22 16:00:00+00:00,1,2.884049,3.150199,AT,AKC,urban,persistence
2023-09-22 17:00:00+00:00,1,3.000999,2.884049,AT,AKC,urban,persistence
2023-09-22 18:00:00+00:00,1,2.520699,3.000999,AT,AKC,urban,persistence
2023-09-22 19:00:00+00:00,1,3.815,2.520699,AT,AKC,urban,persistence
2023-09-22 20:00:00+00:00,1,3.761499,3.815,AT,AKC,urban,persistence
2023-09-22 21:00:00+00:00,1,3.240049,3.761499,AT,AKC,urban,persistence
2023-09-22 22:00:00+00:00,1,2.254449,3.240049,AT,AKC,urban,persistence
2023-09-22 23:00:00+00:00,1,1.994149,2.254449,AT,AKC,urban,persistence
2023-09-23 00:00:00+00:00,1,2.582799,1.994149,AT,AKC,urban,persistence
2023-09-23 01:00:00+00:00,1,2.6026,2.582799,AT,AKC,urban,persistence
2023-09-23 02:00:00+00:00,1,3.2073,2.6026,AT,AKC,urban,persistence
2023-09-23 03:00:00+00:00,1,3.370599,3.2073,AT,AKC,urban,persistence
2023-09-23 04:00:00+00:00,1,3.691649,3.370599,AT,AKC,urban,persistence
2023-09-23 05:00:00+00:00,1,2.89835,3.691649,AT,AKC,urban,persistence
2023-09-23 06:00:00+00:00,1,2.76355,2.89835,AT,AKC,urban,persistence
2023-09-23 07:00:00+00:00,1,3.7957,2.76355,AT,AKC,urban,persistence
2023-09-23 08:00:00+00:00,1,4.349849,3.7957,AT,AKC,urban,persistence
2023-09-23 09:00:00+00:00,1,4.1311,4.349849,AT,AKC,urban,persistence
2023-09-23 10:00:00+00:00,1,4.1229,4.1311,AT,AKC,urban,persistence
2023-09-23 11:00:00+00:00,1,3.8691,4.1229,AT,AKC,urban,persistence
2023-09-23 12:00:00+00:00,1,4.019099,3.8691,AT,AKC,urban,persistence
2023-09-23 13:00:00+00:00,1,4.971899,4.019099,AT,AKC,urban,persistence
2023-09-23 14:00:00+00:00,1,4.309499,4.971899,AT,AKC,urban,persistence
2023-09-23 15:00:00+00:00,1,3.5683,4.309499,AT,AKC,urban,persistence
2023-09-23 16:00:00+00:00,1,2.914249,3.5683,AT,AKC,urban,persistence
2023-09-23 17:00:00+00:00,1,2.701849,2.914249,AT,AKC,urban,persistence
2023-09-23 18:00:00+00:00,1,2.075299,2.701849,AT,AKC,urban,persistence
2023-09-23 19:00:00+00:00,1,1.8768,2.075299,AT,AKC,urban,persistence
2023-09-23 20:00:00+00:00,1,2.2072,1.8768,AT,AKC,urban,persistence
2023-09-23 21:00:00+00:00,1,2.4439,2.2072,AT,AKC,urban,persistence
2023-09-23 22:00:00+00:00,1,2.583199,2.4439,AT,AKC,urban,persistence
2023-09-23 23:00:00+00:00,1,2.577499,2.583199,AT,AKC,urban,persistence
2023-09-24 00:00:00+00:00,1,2.55395,2.577499,AT,AKC,urban,persistence
2023-09-24 01:00:00+00:00,1,2.671999,2.55395,AT,AKC,urban,persistence
2023-09-24 02:00:00+00:00,1,2.9506,2.671999,AT,AKC,urban,persistence
2023-09-24 03:00:00+00:00,1,2.94075,2.9506,AT,AKC,urban,persistence
2023-09-24 04:00:00+00:00,1,2.8831,2.94075,AT,AKC,urban,persistence
2023-09-24 05:00:00+00:00,1,3.024849,2.8831,AT,AKC,urban,persistence
2023-09-24 06:00:00+00:00,1,2.992599,3.024849,AT,AKC,urban,persistence
2023-09-24 07:00:00+00:00,1,3.190099,2.992599,AT,AKC,urban,persistence
2023-09-24 08:00:00+00:00,1,3.15595,3.190099,AT,AKC,urban,persistence
2023-09-24 09:00:00+00:00,1,3.26165,3.15595,AT,AKC,urban,persistence
2023-09-24 10:00:00+00:00,1,3.338599,3.26165,AT,AKC,urban,persistence
2023-09-24 11:00:00+00:00,1,3.34115,3.338599,AT,AKC,urban,persistence
2023-09-24 12:00:00+00:00,1,3.3206,3.34115,AT,AKC,urban,persistence
2023-09-24 13:00:00+00:00,1,3.564049,3.3206,AT,AKC,urban,persistence
2023-09-24 14:00:00+00:00,1,3.8227,3.564049,AT,AKC,urban,persistence
2023-09-24 15:00:00+00:00,1,3.83475,3.8227,AT,AKC,urban,persistence
2023-09-24 16:00:00+00:00,1,3.680699,3.83475,AT,AKC,urban,persistence
2023-09-24 17:00:00+00:00,1,3.643799,3.680699,AT,AKC,urban,persistence
2023-09-24 18:00:00+00:00,1,3.829249,3.643799,AT,AKC,urban,persistence
2023-09-24 19:00:00+00:00,1,3.97445,3.829249,AT,AKC,urban,persistence
2023-09-24 20:00:00+00:00,1,4.042599,3.97445,AT,AKC,urban,persistence
2023-09-24 21:00:00+00:00,1,4.37305,4.042599,AT,AKC,urban,persistence
2023-09-24 22:00:00+00:00,1,4.32445,4.37305,AT,AKC,urban,persistence
2023-09-24 23:00:00+00:00,1,4.40775,4.32445,AT,AKC,urban,persistence
2023-09-25 00:00:00+00:00,1,4.54405,4.40775,AT,AKC,urban,persistence
2023-09-25 01:00:00+00:00,1,4.63455,4.54405,AT,AKC,urban,persistence
2023-09-25 02:00:00+00:00,1,5.16305,4.63455,AT,AKC,urban,persistence
2023-09-25 03:00:00+00:00,1,5.58995,5.16305,AT,AKC,urban,persistence
2023-09-25 04:00:00+00:00,1,7.526249,5.58995,AT,AKC,urban,persistence
2023-09-25 05:00:00+00:00,1,6.453949,7.526249,AT,AKC,urban,persistence
2023-09-25 06:00:00+00:00,1,6.201399,6.453949,AT,AKC,urban,persistence
2023-09-25 07:00:00+00:00,1,6.901299,6.201399,AT,AKC,urban,persistence
2023-09-25 08:00:00+00:00,1,6.73915,6.901299,AT,AKC,urban,persistence
2023-09-25 09:00:00+00:00,1,6.032899,6.73915,AT,AKC,urban,persistence
2023-09-25 10:00:00+00:00,1,5.693949,6.032899,AT,AKC,urban,persistence
2023-09-25 11:00:00+00:00,1,5.192299,5.693949,AT,AKC,urban,persistence
2023-09-25 12:00:00+00:00,1,5.504849,5.192299,AT,AKC,urban,persistence
2023-09-25 13:00:00+00:00,1,6.320549,5.504849,AT,AKC,urban,persistence
2023-09-25 14:00:00+00:00,1,6.854249,6.320549,AT,AKC,urban,persistence
2023-09-25 15:00:00+00:00,1,7.727299,6.854249,AT,AKC,urban,persistence
2023-09-25 16:00:00+00:00,1,9.115099,7.727299,AT,AKC,urban,persistence
2023-09-25 17:00:00+00:00,1,10.5065,9.115099,AT,AKC,urban,persistence
2023-09-25 18:00:00+00:00,1,10.25145,10.5065,AT,AKC,urban,persistence
2023-09-25 19:00:00+00:00,1,9.073049,10.25145,AT,AKC,urban,persistence
2023-09-25 20:00:00+00:00,1,8.798799,9.073049,AT,AKC,urban,persistence
2023-09-25 21:00:00+00:00,1,9.036399,8.798799,AT,AKC,urban,persistence
2023-09-25 22:00:00+00:00,1,9.90985,9.036399,AT,AKC,urban,persistence
2023-09-25 23:00:00+00:00,1,9.3087,9.90985,AT,AKC,urban,persistence
2023-09-26 00:00:00+00:00,1,9.84165,9.3087,AT,AKC,urban,persistence
2023-09-26 01:00:00+00:00,1,11.3145,9.84165,AT,AKC,urban,persistence
2023-09-26 02:00:00+00:00,1,12.3405,11.3145,AT,AKC,urban,persistence
2023-09-26 03:00:00+00:00,1,15.4945,12.3405,AT,AKC,urban,persistence
2023-09-26 04:00:00+00:00,1,18.6895,15.4945,AT,AKC,urban,persistence
2023-09-26 05:00:00+00:00,1,17.849,18.6895,AT,AKC,urban,persistence
2023-09-26 06:00:00+00:00,1,16.3475,17.849,AT,AKC,urban,persistence
2023-09-26 07:00:00+00:00,1,13.5275,16.3475,AT,AKC,urban,persistence
2023-09-26 08:00:00+00:00,1,13.283,13.5275,AT,AKC,urban,persistence
2023-09-26 09:00:00+00:00,1,12.147,13.283,AT,AKC,urban,persistence
2023-09-26 10:00:00+00:00,1,9.98735,12.147,AT,AKC,urban,persistence
2023-09-26 11:00:00+00:00,1,9.575449,9.98735,AT,AKC,urban,persistence
2023-09-26 12:00:00+00:00,1,9.4489,9.575449,AT,AKC,urban,persistence
2023-09-26 13:00:00+00:00,1,9.50925,9.4489,AT,AKC,urban,persistence
2023-09-26 14:00:00+00:00,1,9.83955,9.50925,AT,AKC,urban,persistence
2023-09-26 15:00:00+00:00,1,10.5315,9.83955,AT,AKC,urban,persistence
2023-09-26 16:00:00+00:00,1,11.7255,10.5315,AT,AKC,urban,persistence
2023-09-26 17:00:00+00:00,1,13.71,11.7255,AT,AKC,urban,persistence
2023-09-26 18:00:00+00:00,1,14.029,13.71,AT,AKC,urban,persistence
2023-09-26 19:00:00+00:00,1,13.8965,14.029,AT,AKC,urban,persistence
2023-09-26 20:00:00+00:00,1,15.2965,13.8965,AT,AKC,urban,persistence
2023-09-26 21:00:00+00:00,1,16.9335,15.2965,AT,AKC,urban,persistence
2023-09-26 22:00:00+00:00,1,17.434,16.9335,AT,AKC,urban,persistence
2023-09-26 23:00:00+00:00,1,17.848,17.434,AT,AKC,urban,persistence
2023-09-27 00:00:00+00:00,1,18.2965,17.848,AT,AKC,urban,persistence
2023-09-27 01:00:00+00:00,1,17.893,18.2965,AT,AKC,urban,persistence
2023-09-27 02:00:00+00:00,1,17.6795,17.893,AT,AKC,urban,persistence
2023-09-27 03:00:00+00:00,1,18.287,17.6795,AT,AKC,urban,persistence
2023-09-27 04:00:00+00:00,1,19.354,18.287,AT,AKC,urban,persistence
2023-09-27 05:00:00+00:00,1,20.018,19.354,AT,AKC,urban,persistence
2023-09-27 06:00:00+00:00,1,16.704,20.018,AT,AKC,urban,persistence
2023-09-27 07:00:00+00:00,1,14.8885,16.704,AT,AKC,urban,persistence
2023-09-27 08:00:00+00:00,1,13.6955,14.8885,AT,AKC,urban,persistence
2023-09-27 09:00:00+00:00,1,12.013,13.6955,AT,AKC,urban,persistence
2023-09-27 10:00:00+00:00,1,10.964,12.013,AT,AKC,urban,persistence
2023-09-27 11:00:00+00:00,1,9.900099,10.964,AT,AKC,urban,persistence
2023-09-27 12:00:00+00:00,1,10.265,9.900099,AT,AKC,urban,persistence
2023-09-27 13:00:00+00:00,1,9.822449,10.265,AT,AKC,urban,persistence
2023-09-27 14:00:00+00:00,1,10.3306,9.822449,AT,AKC,urban,persistence
2023-09-27 15:00:00+00:00,1,10.792,10.3306,AT,AKC,urban,persistence
2023-09-27 16:00:00+00:00,1,10.5085,10.792,AT,AKC,urban,persistence
2023-09-27 17:00:00+00:00,1,10.502,10.5085,AT,AKC,urban,persistence
2023-09-27 18:00:00+00:00,1,11.478,10.502,AT,AKC,urban,persistence
2023-09-27 19:00:00+00:00,1,11.197,11.478,AT,AKC,urban,persistence
2023-09-27 20:00:00+00:00,1,11.541,11.197,AT,AKC,urban,persistence
2023-09-27 21:00:00+00:00,1,11.7285,11.541,AT,AKC,urban,persistence
2023-09-27 22:00:00+00:00,1,12.9995,11.7285,AT,AKC,urban,persistence
2023-09-27 23:00:00+00:00,1,12.934,12.9995,AT,AKC,urban,persistence
2023-09-28 00:00:00+00:00,1,13.197,12.934,AT,AKC,urban,persistence
2023-09-28 01:00:00+00:00,1,13.616,13.197,AT,AKC,urban,persistence
2023-09-28 02:00:00+00:00,1,14.2985,13.616,AT,AKC,urban,persistence
2023-09-28 03:00:00+00:00,1,15.1165,14.2985,AT,AKC,urban,persistence
2023-09-28 04:00:00+00:00,1,16.985,15.1165,AT,AKC,urban,persistence
2023-09-28 05:00:00+00:00,1,17.07,16.985,AT,AKC,urban,persistence
2023-09-28 06:00:00+00:00,1,16.0205,17.07,AT,AKC,urban,persistence
2023-09-28 07:00:00+00:00,1,17.6555,16.0205,AT,AKC,urban,persistence
2023-09-28 08:00:00+00:00,1,12.43,17.6555,AT,AKC,urban,persistence
2023-09-28 09:00:00+00:00,1,10.46235,12.43,AT,AKC,urban,persistence
2023-09-28 10:00:00+00:00,1,13.1235,10.46235,AT,AKC,urban,persistence
2023-09-28 11:00:00+00:00,1,11.0396,13.1235,AT,AKC,urban,persistence
2023-09-28 12:00:00+00:00,1,9.094449,11.0396,AT,AKC,urban,persistence
2023-09-28 13:00:00+00:00,1,8.8222,9.094449,AT,AKC,urban,persistence
2023-09-28 14:00:00+00:00,1,9.3309,8.8222,AT,AKC,urban,persistence
2023-09-28 15:00:00+00:00,1,10.09245,9.3309,AT,AKC,urban,persistence
2023-09-28 16:00:00+00:00,1,11.3085,10.09245,AT,AKC,urban,persistence
2023-09-28 17:00:00+00:00,1,11.886,11.3085,AT,AKC,urban,persistence
2023-09-28 18:00:00+00:00,1,12.238,11.886,AT,AKC,urban,persistence
2023-09-28 19:00:00+00:00,1,12.85,12.238,AT,AKC,urban,persistence
2023-09-28 20:00:00+00:00,1,12.7745,12.85,AT,AKC,urban,persistence
2023-09-28 21:00:00+00:00,1,13.866,12.7745,AT,AKC,urban,persistence
2023-09-28 22:00:00+00:00,1,14.758,13.866,AT,AKC,urban,persistence
2023-09-28 23:00:00+00:00,1,14.5085,14.758,AT,AKC,urban,persistence
2023-09-29 00:00:00+00:00,1,14.5615,14.5085,AT,AKC,urban,persistence
2023-09-29 01:00:00+00:00,1,14.8185,14.5615,AT,AKC,urban,persistence
2023-09-29 02:00:00+00:00,1,14.542,14.8185,AT,AKC,urban,persistence
2023-09-29 03:00:00+00:00,1,15.0585,14.542,AT,AKC,urban,persistence
2023-09-29 04:00:00+00:00,1,16.246,15.0585,AT,AKC,urban,persistence
2023-09-29 05:00:00+00:00,1,18.1515,16.246,AT,AKC,urban,persistence
2023-09-29 06:00:00+00:00,1,13.502,18.1515,AT,AKC,urban,persistence
2023-09-29 07:00:00+00:00,1,11.1975,13.502,AT,AKC,urban,persistence
2023-09-29 08:00:00+00:00,1,10.236,11.1975,AT,AKC,urban,persistence
2023-09-29 09:00:00+00:00,1,14.4717,10.236,AT,AKC,urban,persistence
2023-09-29 10:00:00+00:00,1,11.3185,14.4717,AT,AKC,urban,persistence
2023-09-29 11:00:00+00:00,1,8.8865,11.3185,AT,AKC,urban,persistence
2023-09-29 12:00:00+00:00,1,8.7353,8.8865,AT,AKC,urban,persistence
2023-09-29 13:00:00+00:00,1,7.41835,8.7353,AT,AKC,urban,persistence
2023-09-29 14:00:00+00:00,1,7.40595,7.41835,AT,AKC,urban,persistence
2023-09-29 15:00:00+00:00,1,9.259599,7.40595,AT,AKC,urban,persistence
2023-09-29 16:00:00+00:00,1,12.084,9.259599,AT,AKC,urban,persistence
2023-09-29 17:00:00+00:00,1,10.659,12.084,AT,AKC,urban,persistence
2023-09-29 18:00:00+00:00,1,9.708349,10.659,AT,AKC,urban,persistence
2023-09-29 19:00:00+00:00,1,10.3536,9.708349,AT,AKC,urban,persistence
2023-09-29 20:00:00+00:00,1,13.4925,10.3536,AT,AKC,urban,persistence
2023-09-29 21:00:00+00:00,1,13.148,13.4925,AT,AKC,urban,persistence
2023-09-29 22:00:00+00:00,1,11.9245,13.148,AT,AKC,urban,persistence
2023-09-29 23:00:00+00:00,1,10.01445,11.9245,AT,AKC,urban,persistence
2023-09-30 00:00:00+00:00,1,12.326,10.01445,AT,AKC,urban,persistence
2023-09-30 01:00:00+00:00,1,11.6215,12.326,AT,AKC,urban,persistence
2023-09-30 02:00:00+00:00,1,11.1357,11.6215,AT,AKC,urban,persistence
2023-09-30 03:00:00+00:00,1,10.2955,11.1357,AT,AKC,urban,persistence
2023-09-30 04:00:00+00:00,1,11.36,10.2955,AT,AKC,urban,persistence
2023-09-30 05:00:00+00:00,1,11.4715,11.36,AT,AKC,urban,persistence
2023-09-30 06:00:00+00:00,1,10.5645,11.4715,AT,AKC,urban,persistence
2023-09-30 07:00:00+00:00,1,10.0827,10.5645,AT,AKC,urban,persistence
2023-09-30 08:00:00+00:00,1,8.2826,10.0827,AT,AKC,urban,persistence
2023-09-30 09:00:00+00:00,1,7.630049,8.2826,AT,AKC,urban,persistence
2023-09-30 10:00:00+00:00,1,7.104399,7.630049,AT,AKC,urban,persistence
2023-09-30 11:00:00+00:00,1,6.4429,7.104399,AT,AKC,urban,persistence
2023-09-30 12:00:00+00:00,1,6.0522,6.4429,AT,AKC,urban,persistence
2023-09-30 13:00:00+00:00,1,7.276849,6.0522,AT,AKC,urban,persistence
2023-09-30 14:00:00+00:00,1,4.94015,7.276849,AT,AKC,urban,persistence
2023-09-30 15:00:00+00:00,1,3.210899,4.94015,AT,AKC,urban,persistence
2023-09-30 16:00:00+00:00,1,2.76515,3.210899,AT,AKC,urban,persistence
2023-09-30 17:00:00+00:00,1,3.698349,2.76515,AT,AKC,urban,persistence
2023-09-30 18:00:00+00:00,1,4.4235,3.698349,AT,AKC,urban,persistence
2023-09-30 19:00:00+00:00,1,4.8919,4.4235,AT,AKC,urban,persistence
2023-09-30 20:00:00+00:00,1,4.7712,4.8919,AT,AKC,urban,persistence
2023-09-30 21:00:00+00:00,1,4.716199,4.7712,AT,AKC,urban,persistence
2023-09-30 22:00:00+00:00,1,5.09415,4.716199,AT,AKC,urban,persistence
2023-09-30 23:00:00+00:00,1,5.235099,5.09415,AT,AKC,urban,persistence
2023-10-01 00:00:00+00:00,1,5.163599,5.235099,AT,AKC,urban,persistence
2023-10-01 01:00:00+00:00,1,5.21565,5.163599,AT,AKC,urban,persistence
2023-10-01 02:00:00+00:00,1,5.766049,5.21565,AT,AKC,urban,persistence
2023-10-01 03:00:00+00:00,1,5.504449,5.766049,AT,AKC,urban,persistence
2023-10-01 04:00:00+00:00,1,5.862649,5.504449,AT,AKC,urban,persistence
2023-10-01 05:00:00+00:00,1,5.98865,5.862649,AT,AKC,urban,persistence
2023-10-01 06:00:00+00:00,1,6.681349,5.98865,AT,AKC,urban,persistence
2023-10-01 07:00:00+00:00,1,7.36295,6.681349,AT,AKC,urban,persistence
2023-10-01 08:00:00+00:00,1,6.934649,7.36295,AT,AKC,urban,persistence
2023-10-01 09:00:00+00:00,1,5.661299,6.934649,AT,AKC,urban,persistence
2023-10-01 10:00:00+00:00,1,5.929349,5.661299,AT,AKC,urban,persistence
2023-10-01 11:00:00+00:00,1,5.850549,5.929349,AT,AKC,urban,persistence
2023-10-01 12:00:00+00:00,1,6.010299,5.850549,AT,AKC,urban,persistence
2023-10-01 13:00:00+00:00,1,6.170399,6.010299,AT,AKC,urban,persistence
2023-10-01 14:00:00+00:00,1,6.375699,6.170399,AT,AKC,urban,persistence
2023-10-01 15:00:00+00:00,1,6.4679,6.375699,AT,AKC,urban,persistence
2023-10-01 16:00:00+00:00,1,7.115449,6.4679,AT,AKC,urban,persistence
2023-10-01 17:00:00+00:00,1,7.68595,7.115449,AT,AKC,urban,persistence
2023-10-01 18:00:00+00:00,1,7.683899,7.68595,AT,AKC,urban,persistence
2023-10-01 19:00:00+00:00,1,7.8057,7.683899,AT,AKC,urban,persistence
2023-10-01 20:00:00+00:00,1,8.14575,7.8057,AT,AKC,urban,persistence
2023-10-01 21:00:00+00:00,1,8.236049,8.14575,AT,AKC,urban,persistence
2023-10-01 22:00:00+00:00,1,7.93335,8.236049,AT,AKC,urban,persistence
2023-10-01 23:00:00+00:00,1,8.062099,7.93335,AT,AKC,urban,persistence
2023-10-02 00:00:00+00:00,1,7.941599,8.062099,AT,AKC,urban,persistence
2023-10-02 01:00:00+00:00,1,8.345749,7.941599,AT,AKC,urban,persistence
2023-10-02 02:00:00+00:00,1,9.37215,8.345749,AT,AKC,urban,persistence
2023-10-02 03:00:00+00:00,1,10.1549,9.37215,AT,AKC,urban,persistence
2023-10-02 04:00:00+00:00,1,11.473,10.1549,AT,AKC,urban,persistence
2023-10-02 05:00:00+00:00,1,14.107,11.473,AT,AKC,urban,persistence
2023-10-02 06:00:00+00:00,1,11.8345,14.107,AT,AKC,urban,persistence
2023-10-02 07:00:00+00:00,1,12.3745,11.8345,AT,AKC,urban,persistence
2023-10-02 08:00:00+00:00,1,9.080299,12.3745,AT,AKC,urban,persistence
2023-10-02 09:00:00+00:00,1,7.644949,9.080299,AT,AKC,urban,persistence
2023-10-02 10:00:00+00:00,1,6.983249,7.644949,AT,AKC,urban,persistence
2023-10-02 11:00:00+00:00,1,6.54005,6.983249,AT,AKC,urban,persistence
2023-10-02 12:00:00+00:00,1,6.52085,6.54005,AT,AKC,urban,persistence
2023-10-02 13:00:00+00:00,1,6.942099,6.52085,AT,AKC,urban,persistence
2023-10-02 14:00:00+00:00,1,8.159749,6.942099,AT,AKC,urban,persistence
2023-10-02 15:00:00+00:00,1,9.520549,8.159749,AT,AKC,urban,persistence
2023-10-02 16:00:00+00:00,1,10.8355,9.520549,AT,AKC,urban,persistence
2023-10-02 17:00:00+00:00,1,12.2155,10.8355,AT,AKC,urban,persistence
2023-10-02 18:00:00+00:00,1,12.8255,12.2155,AT,AKC,urban,persistence
2023-10-02 19:00:00+00:00,1,14.652,12.8255,AT,AKC,urban,persistence
2023-10-02 20:00:00+00:00,1,14.722,14.652,AT,AKC,urban,persistence
2023-10-02 21:00:00+00:00,1,14.325,14.722,AT,AKC,urban,persistence
2023-10-02 22:00:00+00:00,1,15.077,14.325,AT,AKC,urban,persistence
2023-10-02 23:00:00+00:00,1,14.99,15.077,AT,AKC,urban,persistence
2023-10-03 00:00:00+00:00,1,12.807,14.99,AT,AKC,urban,persistence
2023-10-03 01:00:00+00:00,1,12.6145,12.807,AT,AKC,urban,persistence
2023-10-03 02:00:00+00:00,1,13.607,12.6145,AT,AKC,urban,persistence
2023-10-03 03:00:00+00:00,1,12.537,13.607,AT,AKC,urban,persistence
2023-10-03 04:00:00+00:00,1,13.346,12.537,AT,AKC,urban,persistence
2023-10-03 05:00:00+00:00,1,14.2135,13.346,AT,AKC,urban,persistence
2023-10-03 06:00:00+00:00,1,14.7515,14.2135,AT,AKC,urban,persistence
2023-10-03 07:00:00+00:00,1,13.856,14.7515,AT,AKC,urban,persistence
2023-10-03 08:00:00+00:00,1,12.936,13.856,AT,AKC,urban,persistence
2023-10-03 09:00:00+00:00,1,13.5045,12.936,AT,AKC,urban,persistence
2023-10-03 10:00:00+00:00,1,12.4575,13.5045,AT,AKC,urban,persistence
2023-10-03 11:00:00+00:00,1,11.358,12.4575,AT,AKC,urban,persistence
2023-10-03 12:00:00+00:00,1,12.161,11.358,AT,AKC,urban,persistence
2023-10-03 13:00:00+00:00,1,12.161,12.161,AT,AKC,urban,persistence
2023-10-03 14:00:00+00:00,1,12.2735,12.161,AT,AKC,urban,persistence
2023-10-03 15:00:00+00:00,1,12.346,12.2735,AT,AKC,urban,persistence
2023-10-03 16:00:00+00:00,1,13.1235,12.346,AT,AKC,urban,persistence
2023-10-03 17:00:00+00:00,1,14.188,13.1235,AT,AKC,urban,persistence
2023-10-03 18:00:00+00:00,1,17.03,14.188,AT,AKC,urban,persistence
2023-10-03 19:00:00+00:00,1,15.901,17.03,AT,AKC,urban,persistence
2023-10-03 20:00:00+00:00,1,10.6118,15.901,AT,AKC,urban,persistence
2023-10-03 21:00:00+00:00,1,15.4715,10.6118,AT,AKC,urban,persistence
2023-10-03 22:00:00+00:00,1,6.23145,15.4715,AT,AKC,urban,persistence
2023-10-03 23:00:00+00:00,1,3.023099,6.23145,AT,AKC,urban,persistence
2023-10-04 00:00:00+00:00,1,3.812549,3.023099,AT,AKC,urban,persistence
2023-10-04 01:00:00+00:00,1,2.84835,3.812549,AT,AKC,urban,persistence
2023-10-04 02:00:00+00:00,1,2.782299,2.84835,AT,AKC,urban,persistence
2023-10-04 03:00:00+00:00,1,3.4573,2.782299,AT,AKC,urban,persistence
2023-10-04 04:00:00+00:00,1,4.40355,3.4573,AT,AKC,urban,persistence
2023-10-04 05:00:00+00:00,1,5.3113,4.40355,AT,AKC,urban,persistence
2023-10-04 06:00:00+00:00,1,5.590899,5.3113,AT,AKC,urban,persistence
2023-10-04 07:00:00+00:00,1,5.2592,5.590899,AT,AKC,urban,persistence
2023-10-04 08:00:00+00:00,1,7.80385,5.2592,AT,AKC,urban,persistence
2023-10-04 09:00:00+00:00,1,5.339099,7.80385,AT,AKC,urban,persistence
2023-10-04 10:00:00+00:00,1,4.4587,5.339099,AT,AKC,urban,persistence
2023-10-04 11:00:00+00:00,1,3.35685,4.4587,AT,AKC,urban,persistence
2023-10-04 12:00:00+00:00,1,4.604199,3.35685,AT,AKC,urban,persistence
2023-10-04 13:00:00+00:00,1,5.598249,4.604199,AT,AKC,urban,persistence
2023-10-04 14:00:00+00:00,1,8.740349,5.598249,AT,AKC,urban,persistence
2023-10-04 15:00:00+00:00,1,5.352049,8.740349,AT,AKC,urban,persistence
2023-10-04 16:00:00+00:00,1,6.026149,5.352049,AT,AKC,urban,persistence
2023-10-04 17:00:00+00:00,1,4.000499,6.026149,AT,AKC,urban,persistence
2023-10-04 18:00:00+00:00,1,3.671499,4.000499,AT,AKC,urban,persistence
2023-10-04 19:00:00+00:00,1,3.829249,3.671499,AT,AKC,urban,persistence
2023-10-04 20:00:00+00:00,1,4.021699,3.829249,AT,AKC,urban,persistence
2023-10-04 21:00:00+00:00,1,5.86915,4.021699,AT,AKC,urban,persistence
2023-10-04 22:00:00+00:00,1,3.951449,5.86915,AT,AKC,urban,persistence
2023-10-04 23:00:00+00:00,1,3.681799,3.951449,AT,AKC,urban,persistence
2023-10-05 00:00:00+00:00,1,3.829999,3.681799,AT,AKC,urban,persistence
2023-10-05 01:00:00+00:00,1,3.453899,3.829999,AT,AKC,urban,persistence
2023-10-05 02:00:00+00:00,1,3.81325,3.453899,AT,AKC,urban,persistence
2023-10-05 03:00:00+00:00,1,5.49835,3.81325,AT,AKC,urban,persistence
2023-10-05 04:00:00+00:00,1,8.104499,5.49835,AT,AKC,urban,persistence
2023-10-05 05:00:00+00:00,1,9.61095,8.104499,AT,AKC,urban,persistence
2023-10-05 06:00:00+00:00,1,11.5125,9.61095,AT,AKC,urban,persistence
2023-10-05 07:00:00+00:00,1,11.8645,11.5125,AT,AKC,urban,persistence
2023-10-05 08:00:00+00:00,1,11.7765,11.8645,AT,AKC,urban,persistence
2023-10-05 09:00:00+00:00,1,10.1046,11.7765,AT,AKC,urban,persistence
2023-10-05 10:00:00+00:00,1,8.920049,10.1046,AT,AKC,urban,persistence
2023-10-05 11:00:00+00:00,1,7.068349,8.920049,AT,AKC,urban,persistence
2023-10-05 12:00:00+00:00,1,13.8795,7.068349,AT,AKC,urban,persistence
2023-10-05 13:00:00+00:00,1,7.233249,13.8795,AT,AKC,urban,persistence
2023-10-05 14:00:00+00:00,1,5.377599,7.233249,AT,AKC,urban,persistence
2023-10-05 15:00:00+00:00,1,5.597749,5.377599,AT,AKC,urban,persistence
2023-10-05 16:00:00+00:00,1,6.14795,5.597749,AT,AKC,urban,persistence
2023-10-05 17:00:00+00:00,1,5.418399,6.14795,AT,AKC,urban,persistence
2023-10-05 18:00:00+00:00,1,4.8333,5.418399,AT,AKC,urban,persistence
2023-10-05 19:00:00+00:00,1,4.77745,4.8333,AT,AKC,urban,persistence
2023-10-05 20:00:00+00:00,1,5.03485,4.77745,AT,AKC,urban,persistence
2023-10-05 21:00:00+00:00,1,5.263449,5.03485,AT,AKC,urban,persistence
2023-10-05 22:00:00+00:00,1,5.289549,5.263449,AT,AKC,urban,persistence
2023-10-05 23:00:00+00:00,1,5.194849,5.289549,AT,AKC,urban,persistence
2023-10-06 00:00:00+00:00,1,5.409549,5.194849,AT,AKC,urban,persistence
2023-10-06 01:00:00+00:00,1,5.966449,5.409549,AT,AKC,urban,persistence
2023-10-06 02:00:00+00:00,1,6.446849,5.966449,AT,AKC,urban,persistence
2023-10-06 03:00:00+00:00,1,9.905849,6.446849,AT,AKC,urban,persistence
2023-10-06 04:00:00+00:00,1,12.401,9.905849,AT,AKC,urban,persistence
2023-10-06 05:00:00+00:00,1,10.25875,12.401,AT,AKC,urban,persistence
2023-10-06 06:00:00+00:00,1,7.820449,10.25875,AT,AKC,urban,persistence
2023-10-06 07:00:00+00:00,1,7.000749,7.820449,AT,AKC,urban,persistence
2023-10-06 08:00:00+00:00,1,6.10575,7.000749,AT,AKC,urban,persistence
2023-10-06 09:00:00+00:00,1,5.2142,6.10575,AT,AKC,urban,persistence
2023-10-06 10:00:00+00:00,1,6.5295,5.2142,AT,AKC,urban,persistence
2023-10-06 11:00:00+00:00,1,6.000699,6.5295,AT,AKC,urban,persistence
2023-10-06 12:00:00+00:00,1,6.04615,6.000699,AT,AKC,urban,persistence
2023-10-06 13:00:00+00:00,1,6.2529,6.04615,AT,AKC,urban,persistence
2023-10-06 14:00:00+00:00,1,6.619999,6.2529,AT,AKC,urban,persistence
2023-10-06 15:00:00+00:00,1,7.484,6.619999,AT,AKC,urban,persistence
2023-10-06 16:00:00+00:00,1,8.94565,7.484,AT,AKC,urban,persistence
2023-10-06 17:00:00+00:00,1,9.42905,8.94565,AT,AKC,urban,persistence
2023-10-06 18:00:00+00:00,1,8.833049,9.42905,AT,AKC,urban,persistence
2023-10-06 19:00:00+00:00,1,8.83855,8.833049,AT,AKC,urban,persistence
2023-10-06 20:00:00+00:00,1,8.93555,8.83855,AT,AKC,urban,persistence
2023-10-06 21:00:00+00:00,1,9.145449,8.93555,AT,AKC,urban,persistence
2023-10-06 22:00:00+00:00,1,8.1695,9.145449,AT,AKC,urban,persistence
2023-10-06 23:00:00+00:00,1,9.251049,8.1695,AT,AKC,urban,persistence
2023-10-07 00:00:00+00:00,1,10.0364,9.251049,AT,AKC,urban,persistence
2023-10-07 01:00:00+00:00,1,10.33,10.0364,AT,AKC,urban,persistence
2023-10-07 02:00:00+00:00,1,9.3231,10.33,AT,AKC,urban,persistence
2023-10-07 03:00:00+00:00,1,11.77465,9.3231,AT,AKC,urban,persistence
2023-10-07 04:00:00+00:00,1,10.2757,11.77465,AT,AKC,urban,persistence
2023-10-07 05:00:00+00:00,1,12.293,10.2757,AT,AKC,urban,persistence
2023-10-07 06:00:00+00:00,1,16.295,12.293,AT,AKC,urban,persistence
2023-10-07 07:00:00+00:00,1,21.6375,16.295,AT,AKC,urban,persistence
2023-10-07 08:00:00+00:00,1,9.95585,21.6375,AT,AKC,urban,persistence
2023-10-07 09:00:00+00:00,1,10.79375,9.95585,AT,AKC,urban,persistence
2023-10-07 10:00:00+00:00,1,8.1714,10.79375,AT,AKC,urban,persistence
2023-10-07 11:00:00+00:00,1,9.730249,8.1714,AT,AKC,urban,persistence
2023-10-07 12:00:00+00:00,1,11.42015,9.730249,AT,AKC,urban,persistence
2023-10-07 13:00:00+00:00,1,7.92465,11.42015,AT,AKC,urban,persistence
2023-10-07 14:00:00+00:00,1,5.601449,7.92465,AT,AKC,urban,persistence
2023-10-07 15:00:00+00:00,1,6.473699,5.601449,AT,AKC,urban,persistence
2023-10-07 16:00:00+00:00,1,6.388,6.473699,AT,AKC,urban,persistence
2023-10-07 17:00:00+00:00,1,7.30535,6.388,AT,AKC,urban,persistence
2023-10-07 18:00:00+00:00,1,9.492899,7.30535,AT,AKC,urban,persistence
2023-10-07 19:00:00+00:00,1,8.944099,9.492899,AT,AKC,urban,persistence
2023-10-07 20:00:00+00:00,1,13.997,8.944099,AT,AKC,urban,persistence
2023-10-07 21:00:00+00:00,1,11.5095,13.997,AT,AKC,urban,persistence
2023-10-07 22:00:00+00:00,1,8.158399,11.5095,AT,AKC,urban,persistence
2023-10-07 23:00:00+00:00,1,5.74655,8.158399,AT,AKC,urban,persistence
2023-10-08 00:00:00+00:00,1,5.571249,5.74655,AT,AKC,urban,persistence
2023-10-08 01:00:00+00:00,1,5.372499,5.571249,AT,AKC,urban,persistence
2023-10-08 02:00:00+00:00,1,5.877949,5.372499,AT,AKC,urban,persistence
2023-10-08 03:00:00+00:00,1,6.052299,5.877949,AT,AKC,urban,persistence
2023-10-08 04:00:00+00:00,1,6.25355,6.052299,AT,AKC,urban,persistence
2023-10-08 05:00:00+00:00,1,6.266949,6.25355,AT,AKC,urban,persistence
2023-10-08 06:00:00+00:00,1,6.25205,6.266949,AT,AKC,urban,persistence
2023-10-08 07:00:00+00:00,1,6.71285,6.25205,AT,AKC,urban,persistence
2023-10-08 08:00:00+00:00,1,4.178349,6.71285,AT,AKC,urban,persistence
2023-10-08 09:00:00+00:00,1,1.37835,4.178349,AT,AKC,urban,persistence
2023-10-08 10:00:00+00:00,1,1.390799,1.37835,AT,AKC,urban,persistence
2023-10-08 11:00:00+00:00,1,1.53565,1.390799,AT,AKC,urban,persistence
2023-10-08 12:00:00+00:00,1,2.4384,1.53565,AT,AKC,urban,persistence
2023-10-08 13:00:00+00:00,1,3.12835,2.4384,AT,AKC,urban,persistence
2023-10-08 14:00:00+00:00,1,3.2968,3.12835,AT,AKC,urban,persistence
2023-10-08 15:00:00+00:00,1,2.98955,3.2968,AT,AKC,urban,persistence
2023-10-08 16:00:00+00:00,1,2.923349,2.98955,AT,AKC,urban,persistence
2023-10-08 17:00:00+00:00,1,3.21245,2.923349,AT,AKC,urban,persistence
2023-10-08 18:00:00+00:00,1,3.07835,3.21245,AT,AKC,urban,persistence
2023-10-08 19:00:00+00:00,1,3.14645,3.07835,AT,AKC,urban,persistence
2023-10-08 20:00:00+00:00,1,3.364749,3.14645,AT,AKC,urban,persistence
2023-10-08 21:00:00+00:00,1,3.9251,3.364749,AT,AKC,urban,persistence
2023-10-08 22:00:00+00:00,1,4.058199,3.9251,AT,AKC,urban,persistence
2023-10-08 23:00:00+00:00,1,4.248899,4.058199,AT,AKC,urban,persistence
2023-10-09 00:00:00+00:00,1,4.382149,4.248899,AT,AKC,urban,persistence
2023-10-09 01:00:00+00:00,1,4.0296,4.382149,AT,AKC,urban,persistence
2023-10-09 02:00:00+00:00,1,4.408699,4.0296,AT,AKC,urban,persistence
2023-10-09 03:00:00+00:00,1,5.1886,4.408699,AT,AKC,urban,persistence
2023-10-09 04:00:00+00:00,1,12.76515,5.1886,AT,AKC,urban,persistence
2023-10-09 05:00:00+00:00,1,6.6549,12.76515,AT,AKC,urban,persistence
2023-10-09 06:00:00+00:00,1,5.583149,6.6549,AT,AKC,urban,persistence
2023-10-09 07:00:00+00:00,1,7.27145,5.583149,AT,AKC,urban,persistence
2023-10-09 08:00:00+00:00,1,9.09525,7.27145,AT,AKC,urban,persistence
2023-10-09 09:00:00+00:00,1,7.815,9.09525,AT,AKC,urban,persistence
2023-10-09 10:00:00+00:00,1,9.1813,7.815,AT,AKC,urban,persistence
2023-10-09 11:00:00+00:00,1,8.089599,9.1813,AT,AKC,urban,persistence
2023-10-09 12:00:00+00:00,1,9.09095,8.089599,AT,AKC,urban,persistence
2023-10-09 13:00:00+00:00,1,9.95935,9.09095,AT,AKC,urban,persistence
2023-10-09 14:00:00+00:00,1,9.145099,9.95935,AT,AKC,urban,persistence
2023-10-09 15:00:00+00:00,1,8.42015,9.145099,AT,AKC,urban,persistence
2023-10-09 16:00:00+00:00,1,7.546249,8.42015,AT,AKC,urban,persistence
2023-10-09 17:00:00+00:00,1,9.340999,7.546249,AT,AKC,urban,persistence
2023-10-09 18:00:00+00:00,1,9.21675,9.340999,AT,AKC,urban,persistence
2023-10-09 19:00:00+00:00,1,8.470749,9.21675,AT,AKC,urban,persistence
2023-10-09 20:00:00+00:00,1,8.6173,8.470749,AT,AKC,urban,persistence
2023-10-09 21:00:00+00:00,1,8.55775,8.6173,AT,AKC,urban,persistence
2023-10-09 22:00:00+00:00,1,9.0808,8.55775,AT,AKC,urban,persistence
2023-10-09 23:00:00+00:00,1,9.758549,9.0808,AT,AKC,urban,persistence
2023-10-10 00:00:00+00:00,1,10.1327,9.758549,AT,AKC,urban,persistence
2023-10-10 01:00:00+00:00,1,10.779,10.1327,AT,AKC,urban,persistence
2023-10-10 02:00:00+00:00,1,11.1855,10.779,AT,AKC,urban,persistence
2023-10-10 03:00:00+00:00,1,12.0795,11.1855,AT,AKC,urban,persistence
2023-10-10 04:00:00+00:00,1,13.3995,12.0795,AT,AKC,urban,persistence
2023-10-10 05:00:00+00:00,1,11.308,13.3995,AT,AKC,urban,persistence
2023-10-10 06:00:00+00:00,1,10.419,11.308,AT,AKC,urban,persistence
2023-10-10 07:00:00+00:00,1,10.24745,10.419,AT,AKC,urban,persistence
2023-10-10 08:00:00+00:00,1,11.841,10.24745,AT,AKC,urban,persistence
2023-10-10 09:00:00+00:00,1,12.6895,11.841,AT,AKC,urban,persistence
2023-10-10 10:00:00+00:00,1,12.687,12.6895,AT,AKC,urban,persistence
2023-10-10 11:00:00+00:00,1,13.918,12.687,AT,AKC,urban,persistence
2023-10-10 12:00:00+00:00,1,13.1085,13.918,AT,AKC,urban,persistence
2023-10-10 13:00:00+00:00,1,12.5305,13.1085,AT,AKC,urban,persistence
2023-10-10 14:00:00+00:00,1,12.1925,12.5305,AT,AKC,urban,persistence
2023-10-10 15:00:00+00:00,1,13.4255,12.1925,AT,AKC,urban,persistence
2023-10-10 16:00:00+00:00,1,14.242,13.4255,AT,AKC,urban,persistence
2023-10-10 17:00:00+00:00,1,16.704,14.242,AT,AKC,urban,persistence
2023-10-10 18:00:00+00:00,1,16.786,16.704,AT,AKC,urban,persistence
2023-10-10 19:00:00+00:00,1,16.5035,16.786,AT,AKC,urban,persistence
2023-10-10 20:00:00+00:00,1,16.62,16.5035,AT,AKC,urban,persistence
2023-10-10 21:00:00+00:00,1,16.3305,16.62,AT,AKC,urban,persistence
2023-10-10 22:00:00+00:00,1,15.0735,16.3305,AT,AKC,urban,persistence
2023-10-10 23:00:00+00:00,1,13.877,15.0735,AT,AKC,urban,persistence
2023-10-11 00:00:00+00:00,1,13.496,13.877,AT,AKC,urban,persistence
2023-10-11 01:00:00+00:00,1,12.126,13.496,AT,AKC,urban,persistence
2023-10-11 02:00:00+00:00,1,11.954,12.126,AT,AKC,urban,persistence
2023-10-11 03:00:00+00:00,1,12.2895,11.954,AT,AKC,urban,persistence
2023-10-11 04:00:00+00:00,1,13.4385,12.2895,AT,AKC,urban,persistence
2023-10-11 05:00:00+00:00,1,14.3495,13.4385,AT,AKC,urban,persistence
2023-10-11 06:00:00+00:00,1,14.346,14.3495,AT,AKC,urban,persistence
2023-10-11 07:00:00+00:00,1,14.4475,14.346,AT,AKC,urban,persistence
2023-10-11 08:00:00+00:00,1,13.061,14.4475,AT,AKC,urban,persistence
2023-10-11 09:00:00+00:00,1,12.9365,13.061,AT,AKC,urban,persistence
2023-10-11 10:00:00+00:00,1,12.2645,12.9365,AT,AKC,urban,persistence
2023-10-11 11:00:00+00:00,1,11.392,12.2645,AT,AKC,urban,persistence
2023-10-11 12:00:00+00:00,1,10.8665,11.392,AT,AKC,urban,persistence
2023-10-11 13:00:00+00:00,1,11.4205,10.8665,AT,AKC,urban,persistence
2023-10-11 14:00:00+00:00,1,11.455,11.4205,AT,AKC,urban,persistence
2023-10-11 15:00:00+00:00,1,15.2995,11.455,AT,AKC,urban,persistence
2023-10-11 16:00:00+00:00,1,16.187,15.2995,AT,AKC,urban,persistence
2023-10-11 17:00:00+00:00,1,15.0785,16.187,AT,AKC,urban,persistence
2023-10-11 18:00:00+00:00,1,15.9325,15.0785,AT,AKC,urban,persistence
2023-10-11 19:00:00+00:00,1,13.7315,15.9325,AT,AKC,urban,persistence
2023-10-11 20:00:00+00:00,1,11.7815,13.7315,AT,AKC,urban,persistence
2023-10-11 21:00:00+00:00,1,11.1845,11.7815,AT,AKC,urban,persistence
2023-10-11 22:00:00+00:00,1,11.752,11.1845,AT,AKC,urban,persistence
2023-10-11 23:00:00+00:00,1,11.859,11.752,AT,AKC,urban,persistence
2023-10-12 00:00:00+00:00,1,13.9795,11.859,AT,AKC,urban,persistence
2023-10-12 01:00:00+00:00,1,15.041,13.9795,AT,AKC,urban,persistence
2023-10-12 02:00:00+00:00,1,15.196,15.041,AT,AKC,urban,persistence
2023-10-12 03:00:00+00:00,1,13.097,15.196,AT,AKC,urban,persistence
2023-10-12 04:00:00+00:00,1,16.79,13.097,AT,AKC,urban,persistence
2023-10-12 05:00:00+00:00,1,15.8435,16.79,AT,AKC,urban,persistence
2023-10-12 06:00:00+00:00,1,15.691,15.8435,AT,AKC,urban,persistence
2023-10-12 07:00:00+00:00,1,16.6155,15.691,AT,AKC,urban,persistence
2023-10-12 08:00:00+00:00,1,13.6165,16.6155,AT,AKC,urban,persistence
2023-10-12 09:00:00+00:00,1,11.952,13.6165,AT,AKC,urban,persistence
2023-10-12 10:00:00+00:00,1,11.38375,11.952,AT,AKC,urban,persistence
2023-10-12 11:00:00+00:00,1,11.3745,11.38375,AT,AKC,urban,persistence
2023-10-12 12:00:00+00:00,1,11.26565,11.3745,AT,AKC,urban,persistence
2023-10-12 13:00:00+00:00,1,8.8789,11.26565,AT,AKC,urban,persistence
2023-10-12 14:00:00+00:00,1,8.64405,8.8789,AT,AKC,urban,persistence
2023-10-12 15:00:00+00:00,1,9.555999,8.64405,AT,AKC,urban,persistence
2023-10-12 16:00:00+00:00,1,9.323849,9.555999,AT,AKC,urban,persistence
2023-10-12 17:00:00+00:00,1,10.4825,9.323849,AT,AKC,urban,persistence
2023-10-12 18:00:00+00:00,1,10.9035,10.4825,AT,AKC,urban,persistence
2023-10-12 19:00:00+00:00,1,12.239,10.9035,AT,AKC,urban,persistence
2023-10-12 20:00:00+00:00,1,11.016,12.239,AT,AKC,urban,persistence
2023-10-12 21:00:00+00:00,1,11.058,11.016,AT,AKC,urban,persistence
2023-10-12 22:00:00+00:00,1,12.503,11.058,AT,AKC,urban,persistence
2023-10-12 23:00:00+00:00,1,12.202,12.503,AT,AKC,urban,persistence
2023-10-13 00:00:00+00:00,1,12.012,12.202,AT,AKC,urban,persistence
2023-10-13 01:00:00+00:00,1,10.9825,12.012,AT,AKC,urban,persistence
2023-10-13 02:00:00+00:00,1,11.248,10.9825,AT,AKC,urban,persistence
2023-10-13 03:00:00+00:00,1,12.003,11.248,AT,AKC,urban,persistence
2023-10-13 04:00:00+00:00,1,12.0335,12.003,AT,AKC,urban,persistence
2023-10-13 05:00:00+00:00,1,13.123,12.0335,AT,AKC,urban,persistence
2023-10-13 06:00:00+00:00,1,13.645,13.123,AT,AKC,urban,persistence
2023-10-13 07:00:00+00:00,1,12.573,13.645,AT,AKC,urban,persistence
2023-10-13 08:00:00+00:00,1,9.4799,12.573,AT,AKC,urban,persistence
2023-10-13 09:00:00+00:00,1,8.250699,9.4799,AT,AKC,urban,persistence
2023-10-13 10:00:00+00:00,1,8.436599,8.250699,AT,AKC,urban,persistence
2023-10-13 11:00:00+00:00,1,8.3456,8.436599,AT,AKC,urban,persistence
2023-10-13 12:00:00+00:00,1,8.683149,8.3456,AT,AKC,urban,persistence
2023-10-13 13:00:00+00:00,1,8.58145,8.683149,AT,AKC,urban,persistence
2023-10-13 14:00:00+00:00,1,8.924599,8.58145,AT,AKC,urban,persistence
2023-10-13 15:00:00+00:00,1,10.1182,8.924599,AT,AKC,urban,persistence
2023-10-13 16:00:00+00:00,1,11.0885,10.1182,AT,AKC,urban,persistence
2023-10-13 17:00:00+00:00,1,12.2285,11.0885,AT,AKC,urban,persistence
2023-10-13 18:00:00+00:00,1,13.962,12.2285,AT,AKC,urban,persistence
2023-10-13 19:00:00+00:00,1,14.082,13.962,AT,AKC,urban,persistence
2023-10-13 20:00:00+00:00,1,15.566,14.082,AT,AKC,urban,persistence
2023-10-13 21:00:00+00:00,1,16.2065,15.566,AT,AKC,urban,persistence
2023-10-13 22:00:00+00:00,1,18.1945,16.2065,AT,AKC,urban,persistence
2023-10-13 23:00:00+00:00,1,19.732,18.1945,AT,AKC,urban,persistence
2023-10-14 00:00:00+00:00,1,20.608,19.732,AT,AKC,urban,persistence
2023-10-14 01:00:00+00:00,1,17.4615,20.608,AT,AKC,urban,persistence
2023-10-14 02:00:00+00:00,1,20.116,17.4615,AT,AKC,urban,persistence
2023-10-14 03:00:00+00:00,1,22.6425,20.116,AT,AKC,urban,persistence
2023-10-14 04:00:00+00:00,1,24.864,22.6425,AT,AKC,urban,persistence
2023-10-14 05:00:00+00:00,1,25.4645,24.864,AT,AKC,urban,persistence
2023-10-14 06:00:00+00:00,1,24.4885,25.4645,AT,AKC,urban,persistence
2023-10-14 07:00:00+00:00,1,20.902,24.4885,AT,AKC,urban,persistence
2023-10-14 08:00:00+00:00,1,16.9125,20.902,AT,AKC,urban,persistence
2023-10-14 09:00:00+00:00,1,9.984199,16.9125,AT,AKC,urban,persistence
2023-10-14 10:00:00+00:00,1,7.55945,9.984199,AT,AKC,urban,persistence
2023-10-14 11:00:00+00:00,1,7.28215,7.55945,AT,AKC,urban,persistence
2023-10-14 12:00:00+00:00,1,6.945349,7.28215,AT,AKC,urban,persistence
2023-10-14 13:00:00+00:00,1,6.630949,6.945349,AT,AKC,urban,persistence
2023-10-14 14:00:00+00:00,1,6.238399,6.630949,AT,AKC,urban,persistence
2023-10-14 15:00:00+00:00,1,6.48,6.238399,AT,AKC,urban,persistence
2023-10-14 16:00:00+00:00,1,6.518149,6.48,AT,AKC,urban,persistence
2023-10-14 17:00:00+00:00,1,6.491049,6.518149,AT,AKC,urban,persistence
2023-10-14 18:00:00+00:00,1,2.3447,6.491049,AT,AKC,urban,persistence
2023-10-14 19:00:00+00:00,1,1.665849,2.3447,AT,AKC,urban,persistence
2023-10-14 20:00:00+00:00,1,1.6899,1.665849,AT,AKC,urban,persistence
2023-10-14 21:00:00+00:00,1,1.908249,1.6899,AT,AKC,urban,persistence
2023-10-14 22:00:00+00:00,1,2.4175,1.908249,AT,AKC,urban,persistence
2023-10-14 23:00:00+00:00,1,3.314749,2.4175,AT,AKC,urban,persistence
2023-10-15 00:00:00+00:00,1,3.701449,3.314749,AT,AKC,urban,persistence
2023-10-15 01:00:00+00:00,1,3.85545,3.701449,AT,AKC,urban,persistence
2023-10-15 02:00:00+00:00,1,3.969349,3.85545,AT,AKC,urban,persistence
2023-10-15 03:00:00+00:00,1,3.858399,3.969349,AT,AKC,urban,persistence
2023-10-15 04:00:00+00:00,1,3.737349,3.858399,AT,AKC,urban,persistence
2023-10-15 05:00:00+00:00,1,3.597599,3.737349,AT,AKC,urban,persistence
2023-10-15 06:00:00+00:00,1,3.79155,3.597599,AT,AKC,urban,persistence
2023-10-15 07:00:00+00:00,1,4.0162,3.79155,AT,AKC,urban,persistence
2023-10-15 08:00:00+00:00,1,4.253449,4.0162,AT,AKC,urban,persistence
2023-10-15 09:00:00+00:00,1,3.868099,4.253449,AT,AKC,urban,persistence
2023-10-15 10:00:00+00:00,1,3.648799,3.868099,AT,AKC,urban,persistence
2023-10-15 11:00:00+00:00,1,3.420449,3.648799,AT,AKC,urban,persistence
2023-10-15 12:00:00+00:00,1,2.820549,3.420449,AT,AKC,urban,persistence
2023-10-15 13:00:00+00:00,1,2.82445,2.820549,AT,AKC,urban,persistence
2023-10-15 14:00:00+00:00,1,2.474349,2.82445,AT,AKC,urban,persistence
2023-10-15 15:00:00+00:00,1,3.037349,2.474349,AT,AKC,urban,persistence
2023-10-15 16:00:00+00:00,1,2.762849,3.037349,AT,AKC,urban,persistence
2023-10-15 17:00:00+00:00,1,2.0992,2.762849,AT,AKC,urban,persistence
2023-10-15 18:00:00+00:00,1,2.1241,2.0992,AT,AKC,urban,persistence
2023-10-15 19:00:00+00:00,1,2.000599,2.1241,AT,AKC,urban,persistence
2023-10-15 20:00:00+00:00,1,2.5137,2.000599,AT,AKC,urban,persistence
2023-10-15 21:00:00+00:00,1,2.5823,2.5137,AT,AKC,urban,persistence
2023-10-15 22:00:00+00:00,1,2.3938,2.5823,AT,AKC,urban,persistence
2023-10-15 23:00:00+00:00,1,3.93265,2.3938,AT,AKC,urban,persistence
2023-10-16 00:00:00+00:00,1,4.296299,3.93265,AT,AKC,urban,persistence
2023-10-16 01:00:00+00:00,1,4.579999,4.296299,AT,AKC,urban,persistence
2023-10-16 02:00:00+00:00,1,2.99615,4.579999,AT,AKC,urban,persistence
2023-10-16 03:00:00+00:00,1,4.355599,2.99615,AT,AKC,urban,persistence
2023-10-16 04:00:00+00:00,1,6.405349,4.355599,AT,AKC,urban,persistence
2023-10-16 05:00:00+00:00,1,9.045,6.405349,AT,AKC,urban,persistence
2023-10-16 06:00:00+00:00,1,6.6153,9.045,AT,AKC,urban,persistence
2023-10-16 07:00:00+00:00,1,5.7087,6.6153,AT,AKC,urban,persistence
2023-10-16 08:00:00+00:00,1,4.4358,5.7087,AT,AKC,urban,persistence
2023-10-16 09:00:00+00:00,1,4.322899,4.4358,AT,AKC,urban,persistence
2023-10-16 10:00:00+00:00,1,4.15985,4.322899,AT,AKC,urban,persistence
2023-10-16 11:00:00+00:00,1,3.548699,4.15985,AT,AKC,urban,persistence
2023-10-16 12:00:00+00:00,1,2.564949,3.548699,AT,AKC,urban,persistence
2023-10-16 13:00:00+00:00,1,2.451149,2.564949,AT,AKC,urban,persistence
2023-10-16 14:00:00+00:00,1,2.3393,2.451149,AT,AKC,urban,persistence
2023-10-16 15:00:00+00:00,1,2.7279,2.3393,AT,AKC,urban,persistence
2023-10-16 16:00:00+00:00,1,5.7333,2.7279,AT,AKC,urban,persistence
2023-10-16 17:00:00+00:00,1,6.841549,5.7333,AT,AKC,urban,persistence
2023-10-16 18:00:00+00:00,1,7.354749,6.841549,AT,AKC,urban,persistence
2023-10-16 19:00:00+00:00,1,6.83955,7.354749,AT,AKC,urban,persistence
2023-10-16 20:00:00+00:00,1,6.04215,6.83955,AT,AKC,urban,persistence
2023-10-16 21:00:00+00:00,1,6.160599,6.04215,AT,AKC,urban,persistence
2023-10-16 22:00:00+00:00,1,4.8898,6.160599,AT,AKC,urban,persistence
2023-10-16 23:00:00+00:00,1,5.567349,4.8898,AT,AKC,urban,persistence
2023-10-17 00:00:00+00:00,1,6.5135,5.567349,AT,AKC,urban,persistence
2023-10-17 01:00:00+00:00,1,7.2241,6.5135,AT,AKC,urban,persistence
2023-10-17 02:00:00+00:00,1,7.786549,7.2241,AT,AKC,urban,persistence
2023-10-17 03:00:00+00:00,1,8.335899,7.786549,AT,AKC,urban,persistence
2023-10-17 04:00:00+00:00,1,9.711999,8.335899,AT,AKC,urban,persistence
2023-10-17 05:00:00+00:00,1,11.242,9.711999,AT,AKC,urban,persistence
2023-10-17 06:00:00+00:00,1,12.236,11.242,AT,AKC,urban,persistence
2023-10-17 07:00:00+00:00,1,11.577,12.236,AT,AKC,urban,persistence
2023-10-17 08:00:00+00:00,1,8.22755,11.577,AT,AKC,urban,persistence
2023-10-17 09:00:00+00:00,1,8.42825,8.22755,AT,AKC,urban,persistence
2023-10-17 10:00:00+00:00,1,7.1427,8.42825,AT,AKC,urban,persistence
2023-10-17 11:00:00+00:00,1,5.99835,7.1427,AT,AKC,urban,persistence
2023-10-17 12:00:00+00:00,1,4.861949,5.99835,AT,AKC,urban,persistence
2023-10-17 13:00:00+00:00,1,4.288949,4.861949,AT,AKC,urban,persistence
2023-10-17 14:00:00+00:00,1,4.723099,4.288949,AT,AKC,urban,persistence
2023-10-17 15:00:00+00:00,1,5.144849,4.723099,AT,AKC,urban,persistence
2023-10-17 16:00:00+00:00,1,6.357399,5.144849,AT,AKC,urban,persistence
2023-10-17 17:00:00+00:00,1,6.809999,6.357399,AT,AKC,urban,persistence
2023-10-17 18:00:00+00:00,1,6.508049,6.809999,AT,AKC,urban,persistence
2023-10-17 19:00:00+00:00,1,6.849499,6.508049,AT,AKC,urban,persistence
2023-10-17 20:00:00+00:00,1,7.204299,6.849499,AT,AKC,urban,persistence
2023-10-17 21:00:00+00:00,1,8.1107,7.204299,AT,AKC,urban,persistence
2023-10-17 22:00:00+00:00,1,8.8639,8.1107,AT,AKC,urban,persistence
2023-10-17 23:00:00+00:00,1,10.37895,8.8639,AT,AKC,urban,persistence
2023-10-18 00:00:00+00:00,1,11.8045,10.37895,AT,AKC,urban,persistence
2023-10-18 01:00:00+00:00,1,13.52,11.8045,AT,AKC,urban,persistence
2023-10-18 02:00:00+00:00,1,14.101,13.52,AT,AKC,urban,persistence
2023-10-18 03:00:00+00:00,1,14.507,14.101,AT,AKC,urban,persistence
2023-10-18 04:00:00+00:00,1,15.554,14.507,AT,AKC,urban,persistence
2023-10-18 05:00:00+00:00,1,15.7395,15.554,AT,AKC,urban,persistence
2023-10-18 06:00:00+00:00,1,16.6715,15.7395,AT,AKC,urban,persistence
2023-10-18 07:00:00+00:00,1,15.9235,16.6715,AT,AKC,urban,persistence
2023-10-18 08:00:00+00:00,1,14.656,15.9235,AT,AKC,urban,persistence
2023-10-18 09:00:00+00:00,1,14.5925,14.656,AT,AKC,urban,persistence
2023-10-18 10:00:00+00:00,1,14.8715,14.5925,AT,AKC,urban,persistence
2023-10-18 11:00:00+00:00,1,14.0,14.8715,AT,AKC,urban,persistence
2023-10-18 12:00:00+00:00,1,14.471,14.0,AT,AKC,urban,persistence
2023-10-18 13:00:00+00:00,1,13.7855,14.471,AT,AKC,urban,persistence
2023-10-18 14:00:00+00:00,1,12.635,13.7855,AT,AKC,urban,persistence
2023-10-18 15:00:00+00:00,1,13.6265,12.635,AT,AKC,urban,persistence
2023-10-18 16:00:00+00:00,1,15.3255,13.6265,AT,AKC,urban,persistence
2023-10-18 17:00:00+00:00,1,13.874,15.3255,AT,AKC,urban,persistence
2023-10-18 18:00:00+00:00,1,11.924,13.874,AT,AKC,urban,persistence
2023-10-18 19:00:00+00:00,1,14.4835,11.924,AT,AKC,urban,persistence
2023-10-18 20:00:00+00:00,1,13.3455,14.4835,AT,AKC,urban,persistence
2023-10-18 21:00:00+00:00,1,15.183,13.3455,AT,AKC,urban,persistence
2023-10-18 22:00:00+00:00,1,16.533,15.183,AT,AKC,urban,persistence
2023-10-18 23:00:00+00:00,1,17.15,16.533,AT,AKC,urban,persistence
2023-10-19 00:00:00+00:00,1,17.9245,17.15,AT,AKC,urban,persistence
2023-10-19 01:00:00+00:00,1,19.002,17.9245,AT,AKC,urban,persistence
2023-10-19 02:00:00+00:00,1,20.0895,19.002,AT,AKC,urban,persistence
2023-10-19 03:00:00+00:00,1,20.5655,20.0895,AT,AKC,urban,persistence
2023-10-19 04:00:00+00:00,1,20.962,20.5655,AT,AKC,urban,persistence
2023-10-19 05:00:00+00:00,1,21.449,20.962,AT,AKC,urban,persistence
2023-10-19 06:00:00+00:00,1,21.5575,21.449,AT,AKC,urban,persistence
2023-10-19 07:00:00+00:00,1,22.987,21.5575,AT,AKC,urban,persistence
2023-10-19 08:00:00+00:00,1,22.062,22.987,AT,AKC,urban,persistence
2023-10-19 09:00:00+00:00,1,20.005,22.062,AT,AKC,urban,persistence
2023-10-19 10:00:00+00:00,1,18.9715,20.005,AT,AKC,urban,persistence
2023-10-19 11:00:00+00:00,1,19.722,18.9715,AT,AKC,urban,persistence
2023-10-19 12:00:00+00:00,1,27.0175,19.722,AT,AKC,urban,persistence
2023-10-19 13:00:00+00:00,1,23.032,27.0175,AT,AKC,urban,persistence
2023-10-19 14:00:00+00:00,1,21.9985,23.032,AT,AKC,urban,persistence
2023-10-19 15:00:00+00:00,1,22.249,21.9985,AT,AKC,urban,persistence
2023-10-19 16:00:00+00:00,1,24.2645,22.249,AT,AKC,urban,persistence
2023-10-19 17:00:00+00:00,1,25.223,24.2645,AT,AKC,urban,persistence
2023-10-19 18:00:00+00:00,1,24.8985,25.223,AT,AKC,urban,persistence
2023-10-19 19:00:00+00:00,1,24.1745,24.8985,AT,AKC,urban,persistence
2023-10-19 20:00:00+00:00,1,23.1125,24.1745,AT,AKC,urban,persistence
2023-10-19 21:00:00+00:00,1,21.907,23.1125,AT,AKC,urban,persistence
2023-10-19 22:00:00+00:00,1,20.4865,21.907,AT,AKC,urban,persistence
2023-10-19 23:00:00+00:00,1,21.5275,20.4865,AT,AKC,urban,persistence
2023-10-20 00:00:00+00:00,1,22.4705,21.5275,AT,AKC,urban,persistence
2023-10-20 01:00:00+00:00,1,24.179,22.4705,AT,AKC,urban,persistence
2023-10-20 02:00:00+00:00,1,23.2925,24.179,AT,AKC,urban,persistence
2023-10-20 03:00:00+00:00,1,20.909,23.2925,AT,AKC,urban,persistence
2023-10-20 04:00:00+00:00,1,22.018,20.909,AT,AKC,urban,persistence
2023-10-20 05:00:00+00:00,1,28.039,22.018,AT,AKC,urban,persistence
2023-10-20 06:00:00+00:00,1,24.7885,28.039,AT,AKC,urban,persistence
2023-10-20 07:00:00+00:00,1,25.4115,24.7885,AT,AKC,urban,persistence
2023-10-20 08:00:00+00:00,1,19.0165,25.4115,AT,AKC,urban,persistence
2023-10-20 09:00:00+00:00,1,10.706,19.0165,AT,AKC,urban,persistence
2023-10-20 10:00:00+00:00,1,9.2522,10.706,AT,AKC,urban,persistence
2023-10-20 11:00:00+00:00,1,10.61355,9.2522,AT,AKC,urban,persistence
2023-10-20 12:00:00+00:00,1,13.2335,10.61355,AT,AKC,urban,persistence
2023-10-20 13:00:00+00:00,1,21.657,13.2335,AT,AKC,urban,persistence
2023-10-20 14:00:00+00:00,1,21.919,21.657,AT,AKC,urban,persistence
2023-10-20 15:00:00+00:00,1,13.2945,21.919,AT,AKC,urban,persistence
2023-10-20 16:00:00+00:00,1,14.6805,13.2945,AT,AKC,urban,persistence
2023-10-20 17:00:00+00:00,1,16.255,14.6805,AT,AKC,urban,persistence
2023-10-20 18:00:00+00:00,1,16.9995,16.255,AT,AKC,urban,persistence
2023-10-20 19:00:00+00:00,1,17.1205,16.9995,AT,AKC,urban,persistence
2023-10-20 20:00:00+00:00,1,17.123,17.1205,AT,AKC,urban,persistence
2023-10-20 21:00:00+00:00,1,17.093,17.123,AT,AKC,urban,persistence
2023-10-20 22:00:00+00:00,1,17.249,17.093,AT,AKC,urban,persistence
2023-10-20 23:00:00+00:00,1,16.773,17.249,AT,AKC,urban,persistence
2023-10-21 00:00:00+00:00,1,12.06305,16.773,AT,AKC,urban,persistence
2023-10-21 01:00:00+00:00,1,7.109999,12.06305,AT,AKC,urban,persistence
2023-10-21 02:00:00+00:00,1,7.13765,7.109999,AT,AKC,urban,persistence
2023-10-21 03:00:00+00:00,1,7.901999,7.13765,AT,AKC,urban,persistence
2023-10-21 04:00:00+00:00,1,8.16215,7.901999,AT,AKC,urban,persistence
2023-10-21 05:00:00+00:00,1,7.844699,8.16215,AT,AKC,urban,persistence
2023-10-21 06:00:00+00:00,1,9.416999,7.844699,AT,AKC,urban,persistence
2023-10-21 07:00:00+00:00,1,7.878399,9.416999,AT,AKC,urban,persistence
2023-10-21 08:00:00+00:00,1,5.7553,7.878399,AT,AKC,urban,persistence
2023-10-21 09:00:00+00:00,1,5.34825,5.7553,AT,AKC,urban,persistence
2023-10-21 10:00:00+00:00,1,5.872149,5.34825,AT,AKC,urban,persistence
2023-10-21 11:00:00+00:00,1,6.737699,5.872149,AT,AKC,urban,persistence
2023-10-21 12:00:00+00:00,1,6.5753,6.737699,AT,AKC,urban,persistence
2023-10-21 13:00:00+00:00,1,5.583399,6.5753,AT,AKC,urban,persistence
2023-10-21 14:00:00+00:00,1,4.390549,5.583399,AT,AKC,urban,persistence
2023-10-21 15:00:00+00:00,1,4.181499,4.390549,AT,AKC,urban,persistence
2023-10-21 16:00:00+00:00,1,4.533699,4.181499,AT,AKC,urban,persistence
2023-10-21 17:00:00+00:00,1,6.29465,4.533699,AT,AKC,urban,persistence
2023-10-21 18:00:00+00:00,1,6.641449,6.29465,AT,AKC,urban,persistence
2023-10-21 19:00:00+00:00,1,6.944849,6.641449,AT,AKC,urban,persistence
2023-10-21 20:00:00+00:00,1,6.5247,6.944849,AT,AKC,urban,persistence
2023-10-21 21:00:00+00:00,1,6.099049,6.5247,AT,AKC,urban,persistence
2023-10-21 22:00:00+00:00,1,6.70935,6.099049,AT,AKC,urban,persistence
2023-10-21 23:00:00+00:00,1,4.960399,6.70935,AT,AKC,urban,persistence
2023-10-22 00:00:00+00:00,1,4.277549,4.960399,AT,AKC,urban,persistence
2023-10-22 01:00:00+00:00,1,3.4169,4.277549,AT,AKC,urban,persistence
2023-10-22 02:00:00+00:00,1,3.26285,3.4169,AT,AKC,urban,persistence
2023-10-22 03:00:00+00:00,1,2.360049,3.26285,AT,AKC,urban,persistence
2023-10-22 04:00:00+00:00,1,2.078199,2.360049,AT,AKC,urban,persistence
2023-10-22 05:00:00+00:00,1,1.634949,2.078199,AT,AKC,urban,persistence
2023-10-22 06:00:00+00:00,1,1.934849,1.634949,AT,AKC,urban,persistence
2023-10-22 07:00:00+00:00,1,1.460949,1.934849,AT,AKC,urban,persistence
2023-10-22 08:00:00+00:00,1,1.397899,1.460949,AT,AKC,urban,persistence
2023-10-22 09:00:00+00:00,1,1.509199,1.397899,AT,AKC,urban,persistence
2023-10-22 10:00:00+00:00,1,1.58,1.509199,AT,AKC,urban,persistence
2023-10-22 11:00:00+00:00,1,1.709599,1.58,AT,AKC,urban,persistence
2023-10-22 12:00:00+00:00,1,1.862799,1.709599,AT,AKC,urban,persistence
2023-10-22 13:00:00+00:00,1,2.04725,1.862799,AT,AKC,urban,persistence
2023-10-22 14:00:00+00:00,1,2.283149,2.04725,AT,AKC,urban,persistence
2023-10-22 15:00:00+00:00,1,2.539999,2.283149,AT,AKC,urban,persistence
2023-10-22 16:00:00+00:00,1,3.803699,2.539999,AT,AKC,urban,persistence
2023-10-22 17:00:00+00:00,1,3.9619,3.803699,AT,AKC,urban,persistence
2023-10-22 18:00:00+00:00,1,4.60165,3.9619,AT,AKC,urban,persistence
2023-10-22 19:00:00+00:00,1,5.582349,4.60165,AT,AKC,urban,persistence
2023-10-22 20:00:00+00:00,1,6.466699,5.582349,AT,AKC,urban,persistence
2023-10-22 21:00:00+00:00,1,6.7848,6.466699,AT,AKC,urban,persistence
2023-10-22 22:00:00+00:00,1,5.682549,6.7848,AT,AKC,urban,persistence
2023-10-22 23:00:00+00:00,1,7.331299,5.682549,AT,AKC,urban,persistence
2023-10-23 00:00:00+00:00,1,4.355949,7.331299,AT,AKC,urban,persistence
2023-10-23 01:00:00+00:00,1,3.8945,4.355949,AT,AKC,urban,persistence
2023-10-23 02:00:00+00:00,1,2.986199,3.8945,AT,AKC,urban,persistence
2023-10-23 03:00:00+00:00,1,4.918299,2.986199,AT,AKC,urban,persistence
2023-10-23 04:00:00+00:00,1,7.28655,4.918299,AT,AKC,urban,persistence
2023-10-23 05:00:00+00:00,1,9.248049,7.28655,AT,AKC,urban,persistence
2023-10-23 06:00:00+00:00,1,12.9385,9.248049,AT,AKC,urban,persistence
2023-10-23 07:00:00+00:00,1,14.6185,12.9385,AT,AKC,urban,persistence
2023-10-23 08:00:00+00:00,1,12.077,14.6185,AT,AKC,urban,persistence
2023-10-23 09:00:00+00:00,1,9.583999,12.077,AT,AKC,urban,persistence
2023-10-23 10:00:00+00:00,1,6.841249,9.583999,AT,AKC,urban,persistence
2023-10-23 11:00:00+00:00,1,5.841199,6.841249,AT,AKC,urban,persistence
2023-10-23 12:00:00+00:00,1,6.369549,5.841199,AT,AKC,urban,persistence
2023-10-23 13:00:00+00:00,1,8.315599,6.369549,AT,AKC,urban,persistence
2023-10-23 14:00:00+00:00,1,8.7213,8.315599,AT,AKC,urban,persistence
2023-10-23 15:00:00+00:00,1,8.013,8.7213,AT,AKC,urban,persistence
2023-10-23 16:00:00+00:00,1,7.8343,8.013,AT,AKC,urban,persistence
2023-10-23 17:00:00+00:00,1,8.43185,7.8343,AT,AKC,urban,persistence
2023-10-23 18:00:00+00:00,1,10.578,8.43185,AT,AKC,urban,persistence
2023-10-23 19:00:00+00:00,1,12.0305,10.578,AT,AKC,urban,persistence
2023-10-23 20:00:00+00:00,1,12.984,12.0305,AT,AKC,urban,persistence
2023-10-23 21:00:00+00:00,1,13.2555,12.984,AT,AKC,urban,persistence
2023-10-23 22:00:00+00:00,1,13.059,13.2555,AT,AKC,urban,persistence
2023-10-23 23:00:00+00:00,1,12.598,13.059,AT,AKC,urban,persistence
2023-10-24 00:00:00+00:00,1,12.5525,12.598,AT,AKC,urban,persistence
2023-10-24 01:00:00+00:00,1,13.79,12.5525,AT,AKC,urban,persistence
2023-10-24 02:00:00+00:00,1,16.1375,13.79,AT,AKC,urban,persistence
2023-10-24 03:00:00+00:00,1,16.925,16.1375,AT,AKC,urban,persistence
2023-10-24 04:00:00+00:00,1,18.754,16.925,AT,AKC,urban,persistence
2023-10-24 05:00:00+00:00,1,16.6425,18.754,AT,AKC,urban,persistence
2023-10-24 06:00:00+00:00,1,17.1735,16.6425,AT,AKC,urban,persistence
2023-10-24 07:00:00+00:00,1,18.1365,17.1735,AT,AKC,urban,persistence
2023-10-24 08:00:00+00:00,1,15.5785,18.1365,AT,AKC,urban,persistence
2023-10-24 09:00:00+00:00,1,11.257,15.5785,AT,AKC,urban,persistence
2023-10-24 10:00:00+00:00,1,11.6165,11.257,AT,AKC,urban,persistence
2023-10-24 11:00:00+00:00,1,9.61445,11.6165,AT,AKC,urban,persistence
2023-10-24 12:00:00+00:00,1,9.72315,9.61445,AT,AKC,urban,persistence
2023-10-24 13:00:00+00:00,1,9.619499,9.72315,AT,AKC,urban,persistence
2023-10-24 14:00:00+00:00,1,10.8695,9.619499,AT,AKC,urban,persistence
2023-10-24 15:00:00+00:00,1,12.0085,10.8695,AT,AKC,urban,persistence
2023-10-24 16:00:00+00:00,1,13.0395,12.0085,AT,AKC,urban,persistence
2023-10-24 17:00:00+00:00,1,13.747,13.0395,AT,AKC,urban,persistence
2023-10-24 18:00:00+00:00,1,13.533,13.747,AT,AKC,urban,persistence
2023-10-24 19:00:00+00:00,1,15.0015,13.533,AT,AKC,urban,persistence
2023-10-24 20:00:00+00:00,1,10.1685,15.0015,AT,AKC,urban,persistence
2023-10-24 21:00:00+00:00,1,10.4495,10.1685,AT,AKC,urban,persistence
2023-10-24 22:00:00+00:00,1,9.713399,10.4495,AT,AKC,urban,persistence
2023-10-24 23:00:00+00:00,1,10.7029,9.713399,AT,AKC,urban,persistence
2023-10-25 00:00:00+00:00,1,10.3624,10.7029,AT,AKC,urban,persistence
2023-10-25 01:00:00+00:00,1,8.92735,10.3624,AT,AKC,urban,persistence
2023-10-25 02:00:00+00:00,1,7.545299,8.92735,AT,AKC,urban,persistence
2023-10-25 03:00:00+00:00,1,7.295,7.545299,AT,AKC,urban,persistence
2023-10-25 04:00:00+00:00,1,8.306499,7.295,AT,AKC,urban,persistence
2023-10-25 05:00:00+00:00,1,6.4825,8.306499,AT,AKC,urban,persistence
2023-10-25 06:00:00+00:00,1,7.070199,6.4825,AT,AKC,urban,persistence
2023-10-25 07:00:00+00:00,1,6.81395,7.070199,AT,AKC,urban,persistence
2023-10-25 08:00:00+00:00,1,6.5684,6.81395,AT,AKC,urban,persistence
2023-10-25 09:00:00+00:00,1,4.42195,6.5684,AT,AKC,urban,persistence
2023-10-25 10:00:00+00:00,1,4.651599,4.42195,AT,AKC,urban,persistence
2023-10-25 11:00:00+00:00,1,3.5988,4.651599,AT,AKC,urban,persistence
2023-10-25 12:00:00+00:00,1,3.9994,3.5988,AT,AKC,urban,persistence
2023-10-25 13:00:00+00:00,1,2.79725,3.9994,AT,AKC,urban,persistence
2023-10-25 14:00:00+00:00,1,2.6013,2.79725,AT,AKC,urban,persistence
2023-10-25 15:00:00+00:00,1,2.49475,2.6013,AT,AKC,urban,persistence
2023-10-25 16:00:00+00:00,1,3.221899,2.49475,AT,AKC,urban,persistence
2023-10-25 17:00:00+00:00,1,3.7322,3.221899,AT,AKC,urban,persistence
2023-10-25 18:00:00+00:00,1,4.70345,3.7322,AT,AKC,urban,persistence
2023-10-25 19:00:00+00:00,1,5.00355,4.70345,AT,AKC,urban,persistence
2023-10-25 20:00:00+00:00,1,6.324299,5.00355,AT,AKC,urban,persistence
2023-10-25 21:00:00+00:00,1,6.690449,6.324299,AT,AKC,urban,persistence
2023-10-25 22:00:00+00:00,1,8.665249,6.690449,AT,AKC,urban,persistence
2023-10-25 23:00:00+00:00,1,7.9098,8.665249,AT,AKC,urban,persistence
2023-10-26 00:00:00+00:00,1,7.337249,7.9098,AT,AKC,urban,persistence
2023-10-26 01:00:00+00:00,1,5.9953,7.337249,AT,AKC,urban,persistence
2023-10-26 02:00:00+00:00,1,3.24415,5.9953,AT,AKC,urban,persistence
2023-10-26 03:00:00+00:00,1,2.716849,3.24415,AT,AKC,urban,persistence
2023-10-26 04:00:00+00:00,1,2.4823,2.716849,AT,AKC,urban,persistence
2023-10-26 05:00:00+00:00,1,1.54655,2.4823,AT,AKC,urban,persistence
2023-10-26 06:00:00+00:00,1,1.517099,1.54655,AT,AKC,urban,persistence
2023-10-26 07:00:00+00:00,1,1.788399,1.517099,AT,AKC,urban,persistence
2023-10-26 08:00:00+00:00,1,2.957499,1.788399,AT,AKC,urban,persistence
2023-10-26 09:00:00+00:00,1,1.760649,2.957499,AT,AKC,urban,persistence
2023-10-26 10:00:00+00:00,1,1.967949,1.760649,AT,AKC,urban,persistence
2023-10-26 11:00:00+00:00,1,2.659749,1.967949,AT,AKC,urban,persistence
2023-10-26 12:00:00+00:00,1,1.817149,2.659749,AT,AKC,urban,persistence
2023-10-26 13:00:00+00:00,1,1.91375,1.817149,AT,AKC,urban,persistence
2023-10-26 14:00:00+00:00,1,2.391749,1.91375,AT,AKC,urban,persistence
2023-10-26 15:00:00+00:00,1,5.98015,2.391749,AT,AKC,urban,persistence
2023-10-26 16:00:00+00:00,1,7.7058,5.98015,AT,AKC,urban,persistence
2023-10-26 17:00:00+00:00,1,6.7802,7.7058,AT,AKC,urban,persistence
2023-10-26 18:00:00+00:00,1,5.46535,6.7802,AT,AKC,urban,persistence
2023-10-26 19:00:00+00:00,1,7.050049,5.46535,AT,AKC,urban,persistence
2023-10-26 20:00:00+00:00,1,4.269,7.050049,AT,AKC,urban,persistence
2023-10-26 21:00:00+00:00,1,6.50195,4.269,AT,AKC,urban,persistence
2023-10-26 22:00:00+00:00,1,5.866849,6.50195,AT,AKC,urban,persistence
2023-10-26 23:00:00+00:00,1,7.667849,5.866849,AT,AKC,urban,persistence
2023-10-27 00:00:00+00:00,1,6.49495,7.667849,AT,AKC,urban,persistence
2023-10-27 01:00:00+00:00,1,7.99075,6.49495,AT,AKC,urban,persistence
2023-10-27 02:00:00+00:00,1,11.088,7.99075,AT,AKC,urban,persistence
2023-10-27 03:00:00+00:00,1,11.474,11.088,AT,AKC,urban,persistence
2023-10-27 04:00:00+00:00,1,9.489399,11.474,AT,AKC,urban,persistence
2023-10-27 05:00:00+00:00,1,4.93385,9.489399,AT,AKC,urban,persistence
2023-10-27 06:00:00+00:00,1,2.6932,4.93385,AT,AKC,urban,persistence
2023-10-27 07:00:00+00:00,1,1.5261,2.6932,AT,AKC,urban,persistence
2023-10-27 08:00:00+00:00,1,2.009999,1.5261,AT,AKC,urban,persistence
2023-10-27 09:00:00+00:00,1,2.0174,2.009999,AT,AKC,urban,persistence
2023-10-27 10:00:00+00:00,1,1.771849,2.0174,AT,AKC,urban,persistence
2023-10-27 11:00:00+00:00,1,1.922649,1.771849,AT,AKC,urban,persistence
2023-10-27 12:00:00+00:00,1,1.891549,1.922649,AT,AKC,urban,persistence
2023-10-27 13:00:00+00:00,1,1.525799,1.891549,AT,AKC,urban,persistence
2023-10-27 14:00:00+00:00,1,1.825799,1.525799,AT,AKC,urban,persistence
2023-10-27 15:00:00+00:00,1,1.921449,1.825799,AT,AKC,urban,persistence
2023-10-27 16:00:00+00:00,1,2.02045,1.921449,AT,AKC,urban,persistence
2023-10-27 17:00:00+00:00,1,2.131,2.02045,AT,AKC,urban,persistence
2023-10-27 18:00:00+00:00,1,2.48285,2.131,AT,AKC,urban,persistence
2023-10-27 19:00:00+00:00,1,2.64545,2.48285,AT,AKC,urban,persistence
2023-10-27 20:00:00+00:00,1,2.6887,2.64545,AT,AKC,urban,persistence
2023-10-27 21:00:00+00:00,1,2.516099,2.6887,AT,AKC,urban,persistence
2023-10-27 22:00:00+00:00,1,3.0587,2.516099,AT,AKC,urban,persistence
2023-10-27 23:00:00+00:00,1,1.88475,3.0587,AT,AKC,urban,persistence
2023-10-28 00:00:00+00:00,1,1.933099,1.88475,AT,AKC,urban,persistence
2023-10-28 01:00:00+00:00,1,1.975049,1.933099,AT,AKC,urban,persistence
2023-10-28 02:00:00+00:00,1,1.85855,1.975049,AT,AKC,urban,persistence
2023-10-28 03:00:00+00:00,1,2.4203,1.85855,AT,AKC,urban,persistence
2023-10-28 04:00:00+00:00,1,2.00575,2.4203,AT,AKC,urban,persistence
2023-10-28 05:00:00+00:00,1,1.778849,2.00575,AT,AKC,urban,persistence
2023-10-28 06:00:00+00:00,1,1.797549,1.778849,AT,AKC,urban,persistence
2023-10-28 07:00:00+00:00,1,1.99445,1.797549,AT,AKC,urban,persistence
2023-10-28 08:00:00+00:00,1,2.184,1.99445,AT,AKC,urban,persistence
2023-10-28 09:00:00+00:00,1,2.2097,2.184,AT,AKC,urban,persistence
2023-10-28 10:00:00+00:00,1,1.811149,2.2097,AT,AKC,urban,persistence
2023-10-28 11:00:00+00:00,1,1.672399,1.811149,AT,AKC,urban,persistence
2023-10-28 12:00:00+00:00,1,1.686749,1.672399,AT,AKC,urban,persistence
2023-10-28 13:00:00+00:00,1,2.0831,1.686749,AT,AKC,urban,persistence
2023-10-28 14:00:00+00:00,1,3.089099,2.0831,AT,AKC,urban,persistence
2023-10-28 15:00:00+00:00,1,4.7381,3.089099,AT,AKC,urban,persistence
2023-10-28 16:00:00+00:00,1,7.6554,4.7381,AT,AKC,urban,persistence
2023-10-28 17:00:00+00:00,1,9.206199,7.6554,AT,AKC,urban,persistence
2023-10-28 18:00:00+00:00,1,10.8985,9.206199,AT,AKC,urban,persistence
2023-10-28 19:00:00+00:00,1,11.016,10.8985,AT,AKC,urban,persistence
2023-10-28 20:00:00+00:00,1,9.25295,11.016,AT,AKC,urban,persistence
2023-10-28 21:00:00+00:00,1,8.298049,9.25295,AT,AKC,urban,persistence
2023-10-28 22:00:00+00:00,1,7.829199,8.298049,AT,AKC,urban,persistence
2023-10-28 23:00:00+00:00,1,7.674349,7.829199,AT,AKC,urban,persistence
2023-10-29 00:00:00+00:00,1,7.51875,7.674349,AT,AKC,urban,persistence
2023-10-29 01:00:00+00:00,1,8.928899,7.51875,AT,AKC,urban,persistence
2023-10-29 02:00:00+00:00,1,9.504199,8.928899,AT,AKC,urban,persistence
2023-10-29 03:00:00+00:00,1,10.61725,9.504199,AT,AKC,urban,persistence
2023-10-29 04:00:00+00:00,1,12.032,10.61725,AT,AKC,urban,persistence
2023-10-29 05:00:00+00:00,1,11.1435,12.032,AT,AKC,urban,persistence
2023-10-29 06:00:00+00:00,1,14.103,11.1435,AT,AKC,urban,persistence
2023-10-29 07:00:00+00:00,1,12.7545,14.103,AT,AKC,urban,persistence
2023-10-29 08:00:00+00:00,1,12.3065,12.7545,AT,AKC,urban,persistence
2023-10-29 09:00:00+00:00,1,12.9285,12.3065,AT,AKC,urban,persistence
2023-10-29 10:00:00+00:00,1,9.83835,12.9285,AT,AKC,urban,persistence
2023-10-29 11:00:00+00:00,1,9.652099,9.83835,AT,AKC,urban,persistence
2023-10-29 12:00:00+00:00,1,9.458549,9.652099,AT,AKC,urban,persistence
2023-10-29 13:00:00+00:00,1,5.918149,9.458549,AT,AKC,urban,persistence
2023-10-29 14:00:00+00:00,1,7.2662,5.918149,AT,AKC,urban,persistence
2023-10-29 15:00:00+00:00,1,9.97725,7.2662,AT,AKC,urban,persistence
2023-10-29 16:00:00+00:00,1,11.9875,9.97725,AT,AKC,urban,persistence
2023-10-29 17:00:00+00:00,1,13.052,11.9875,AT,AKC,urban,persistence
2023-10-29 18:00:00+00:00,1,16.778,13.052,AT,AKC,urban,persistence
2023-10-29 19:00:00+00:00,1,15.4625,16.778,AT,AKC,urban,persistence
2023-10-29 20:00:00+00:00,1,15.2075,15.4625,AT,AKC,urban,persistence
2023-10-29 21:00:00+00:00,1,14.0185,15.2075,AT,AKC,urban,persistence
2023-10-29 22:00:00+00:00,1,13.238,14.0185,AT,AKC,urban,persistence
2023-10-29 23:00:00+00:00,1,10.12375,13.238,AT,AKC,urban,persistence
2023-10-30 00:00:00+00:00,1,10.882,10.12375,AT,AKC,urban,persistence
2023-10-30 01:00:00+00:00,1,12.1255,10.882,AT,AKC,urban,persistence
2023-10-30 02:00:00+00:00,1,12.605,12.1255,AT,AKC,urban,persistence
2023-10-30 03:00:00+00:00,1,11.81,12.605,AT,AKC,urban,persistence
2023-10-30 04:00:00+00:00,1,12.2605,11.81,AT,AKC,urban,persistence
2023-10-30 05:00:00+00:00,1,13.733,12.2605,AT,AKC,urban,persistence
2023-10-30 06:00:00+00:00,1,16.719,13.733,AT,AKC,urban,persistence
2023-10-30 07:00:00+00:00,1,16.802,16.719,AT,AKC,urban,persistence
2023-10-30 08:00:00+00:00,1,13.154,16.802,AT,AKC,urban,persistence
2023-10-30 09:00:00+00:00,1,12.109,13.154,AT,AKC,urban,persistence
2023-10-30 10:00:00+00:00,1,13.4695,12.109,AT,AKC,urban,persistence
2023-10-30 11:00:00+00:00,1,13.8885,13.4695,AT,AKC,urban,persistence
2023-10-30 12:00:00+00:00,1,12.7785,13.8885,AT,AKC,urban,persistence
2023-10-30 13:00:00+00:00,1,12.6605,12.7785,AT,AKC,urban,persistence
2023-10-30 14:00:00+00:00,1,14.659,12.6605,AT,AKC,urban,persistence
2023-10-30 15:00:00+00:00,1,17.0175,14.659,AT,AKC,urban,persistence
2023-10-30 16:00:00+00:00,1,17.344,17.0175,AT,AKC,urban,persistence
2023-10-30 17:00:00+00:00,1,10.1222,17.344,AT,AKC,urban,persistence
2023-10-30 18:00:00+00:00,1,7.040599,10.1222,AT,AKC,urban,persistence
2023-10-30 19:00:00+00:00,1,6.098599,7.040599,AT,AKC,urban,persistence
2023-10-30 20:00:00+00:00,1,5.833199,6.098599,AT,AKC,urban,persistence
2023-10-30 21:00:00+00:00,1,5.741799,5.833199,AT,AKC,urban,persistence
2023-10-30 22:00:00+00:00,1,5.6672,5.741799,AT,AKC,urban,persistence
2023-10-30 23:00:00+00:00,1,5.6823,5.6672,AT,AKC,urban,persistence
2023-10-31 00:00:00+00:00,1,5.769949,5.6823,AT,AKC,urban,persistence
2023-10-31 01:00:00+00:00,1,5.802649,5.769949,AT,AKC,urban,persistence
2023-10-31 02:00:00+00:00,1,3.942499,5.802649,AT,AKC,urban,persistence
2023-10-31 03:00:00+00:00,1,1.943199,3.942499,AT,AKC,urban,persistence
2023-10-31 04:00:00+00:00,1,2.41125,1.943199,AT,AKC,urban,persistence
2023-10-31 05:00:00+00:00,1,5.037099,2.41125,AT,AKC,urban,persistence
2023-10-31 06:00:00+00:00,1,5.9259,5.037099,AT,AKC,urban,persistence
2023-10-31 07:00:00+00:00,1,3.8354,5.9259,AT,AKC,urban,persistence
2023-10-31 08:00:00+00:00,1,5.988999,3.8354,AT,AKC,urban,persistence
2023-10-31 09:00:00+00:00,1,2.75885,5.988999,AT,AKC,urban,persistence
2023-10-31 10:00:00+00:00,1,2.0341,2.75885,AT,AKC,urban,persistence
2023-10-31 11:00:00+00:00,1,1.749449,2.0341,AT,AKC,urban,persistence
2023-10-31 12:00:00+00:00,1,1.80115,1.749449,AT,AKC,urban,persistence
2023-10-31 13:00:00+00:00,1,1.840849,1.80115,AT,AKC,urban,persistence
2023-10-31 14:00:00+00:00,1,1.945349,1.840849,AT,AKC,urban,persistence
2023-10-31 15:00:00+00:00,1,2.4853,1.945349,AT,AKC,urban,persistence
2023-10-31 16:00:00+00:00,1,2.465849,2.4853,AT,AKC,urban,persistence
2023-10-31 17:00:00+00:00,1,2.793799,2.465849,AT,AKC,urban,persistence
2023-10-31 18:00:00+00:00,1,3.3403,2.793799,AT,AKC,urban,persistence
2023-10-31 19:00:00+00:00,1,3.3572,3.3403,AT,AKC,urban,persistence
2023-10-31 20:00:00+00:00,1,4.51175,3.3572,AT,AKC,urban,persistence
2023-10-31 21:00:00+00:00,1,4.006,4.51175,AT,AKC,urban,persistence
2023-10-31 22:00:00+00:00,1,4.07485,4.006,AT,AKC,urban,persistence
2023-10-31 23:00:00+00:00,1,4.005149,4.07485,AT,AKC,urban,persistence
2023-11-01 00:00:00+00:00,1,3.226049,4.005149,AT,AKC,urban,persistence
2023-11-01 01:00:00+00:00,1,2.44745,3.226049,AT,AKC,urban,persistence
2023-11-01 02:00:00+00:00,1,1.632899,2.44745,AT,AKC,urban,persistence
2023-11-01 03:00:00+00:00,1,1.462699,1.632899,AT,AKC,urban,persistence
2023-11-01 04:00:00+00:00,1,1.699749,1.462699,AT,AKC,urban,persistence
2023-11-01 05:00:00+00:00,1,2.296999,1.699749,AT,AKC,urban,persistence
2023-11-01 06:00:00+00:00,1,2.423949,2.296999,AT,AKC,urban,persistence
2023-11-01 07:00:00+00:00,1,2.262049,2.423949,AT,AKC,urban,persistence
2023-11-01 08:00:00+00:00,1,1.98985,2.262049,AT,AKC,urban,persistence
2023-11-01 09:00:00+00:00,1,1.640799,1.98985,AT,AKC,urban,persistence
2023-11-01 10:00:00+00:00,1,1.67295,1.640799,AT,AKC,urban,persistence
2023-11-01 11:00:00+00:00,1,1.35095,1.67295,AT,AKC,urban,persistence
2023-11-01 12:00:00+00:00,1,1.5819,1.35095,AT,AKC,urban,persistence
2023-11-01 13:00:00+00:00,1,2.04435,1.5819,AT,AKC,urban,persistence
2023-11-01 14:00:00+00:00,1,2.5496,2.04435,AT,AKC,urban,persistence
2023-11-01 15:00:00+00:00,1,2.661399,2.5496,AT,AKC,urban,persistence
2023-11-01 16:00:00+00:00,1,4.002399,2.661399,AT,AKC,urban,persistence
2023-11-01 17:00:00+00:00,1,4.4734,4.002399,AT,AKC,urban,persistence
2023-11-01 18:00:00+00:00,1,4.8062,4.4734,AT,AKC,urban,persistence
2023-11-01 19:00:00+00:00,1,5.31075,4.8062,AT,AKC,urban,persistence
2023-11-01 20:00:00+00:00,1,5.312999,5.31075,AT,AKC,urban,persistence
2023-11-01 21:00:00+00:00,1,6.57995,5.312999,AT,AKC,urban,persistence
2023-11-01 22:00:00+00:00,1,7.22025,6.57995,AT,AKC,urban,persistence
2023-11-01 23:00:00+00:00,1,6.342149,7.22025,AT,AKC,urban,persistence
2023-11-02 00:00:00+00:00,1,6.521399,6.342149,AT,AKC,urban,persistence
2023-11-02 01:00:00+00:00,1,5.92825,6.521399,AT,AKC,urban,persistence
2023-11-02 02:00:00+00:00,1,6.259399,5.92825,AT,AKC,urban,persistence
2023-11-02 03:00:00+00:00,1,7.1455,6.259399,AT,AKC,urban,persistence
2023-11-02 04:00:00+00:00,1,8.168399,7.1455,AT,AKC,urban,persistence
2023-11-02 05:00:00+00:00,1,7.979749,8.168399,AT,AKC,urban,persistence
2023-11-02 06:00:00+00:00,1,6.360249,7.979749,AT,AKC,urban,persistence
2023-11-02 07:00:00+00:00,1,7.5735,6.360249,AT,AKC,urban,persistence
2023-11-02 08:00:00+00:00,1,4.67045,7.5735,AT,AKC,urban,persistence
2023-11-02 09:00:00+00:00,1,5.1321,4.67045,AT,AKC,urban,persistence
2023-11-02 10:00:00+00:00,1,4.423749,5.1321,AT,AKC,urban,persistence
2023-11-02 11:00:00+00:00,1,4.297249,4.423749,AT,AKC,urban,persistence
2023-11-02 12:00:00+00:00,1,4.4828,4.297249,AT,AKC,urban,persistence
2023-11-02 13:00:00+00:00,1,4.7283,4.4828,AT,AKC,urban,persistence
2023-11-02 14:00:00+00:00,1,4.02535,4.7283,AT,AKC,urban,persistence
2023-11-02 15:00:00+00:00,1,3.26595,4.02535,AT,AKC,urban,persistence
2023-11-02 16:00:00+00:00,1,3.1326,3.26595,AT,AKC,urban,persistence
2023-11-02 17:00:00+00:00,1,3.578749,3.1326,AT,AKC,urban,persistence
2023-11-02 18:00:00+00:00,1,3.297499,3.578749,AT,AKC,urban,persistence
2023-11-02 19:00:00+00:00,1,3.311749,3.297499,AT,AKC,urban,persistence
2023-11-02 20:00:00+00:00,1,3.247699,3.311749,AT,AKC,urban,persistence
2023-11-02 21:00:00+00:00,1,3.29225,3.247699,AT,AKC,urban,persistence
2023-11-02 22:00:00+00:00,1,1.801249,3.29225,AT,AKC,urban,persistence
2023-11-02 23:00:00+00:00,1,1.492199,1.801249,AT,AKC,urban,persistence
2023-11-03 00:00:00+00:00,1,1.421,1.492199,AT,AKC,urban,persistence
2023-11-03 01:00:00+00:00,1,1.10385,1.421,AT,AKC,urban,persistence
2023-11-03 02:00:00+00:00,1,0.930595,1.10385,AT,AKC,urban,persistence
2023-11-03 03:00:00+00:00,1,0.939904,0.930595,AT,AKC,urban,persistence
2023-11-03 04:00:00+00:00,1,1.43575,0.939904,AT,AKC,urban,persistence
2023-11-03 05:00:00+00:00,1,2.67635,1.43575,AT,AKC,urban,persistence
2023-11-03 06:00:00+00:00,1,3.9993,2.67635,AT,AKC,urban,persistence
2023-11-03 07:00:00+00:00,1,1.868099,3.9993,AT,AKC,urban,persistence
2023-11-03 08:00:00+00:00,1,2.126149,1.868099,AT,AKC,urban,persistence
2023-11-03 09:00:00+00:00,1,1.69725,2.126149,AT,AKC,urban,persistence
2023-11-03 10:00:00+00:00,1,1.18985,1.69725,AT,AKC,urban,persistence
2023-11-03 11:00:00+00:00,1,1.49335,1.18985,AT,AKC,urban,persistence
2023-11-03 12:00:00+00:00,1,1.506199,1.49335,AT,AKC,urban,persistence
2023-11-03 13:00:00+00:00,1,1.750599,1.506199,AT,AKC,urban,persistence
2023-11-03 14:00:00+00:00,1,1.738049,1.750599,AT,AKC,urban,persistence
2023-11-03 15:00:00+00:00,1,2.07165,1.738049,AT,AKC,urban,persistence
2023-11-03 16:00:00+00:00,1,2.68585,2.07165,AT,AKC,urban,persistence
2023-11-03 17:00:00+00:00,1,2.960449,2.68585,AT,AKC,urban,persistence
2023-11-03 18:00:00+00:00,1,3.320499,2.960449,AT,AKC,urban,persistence
2023-11-03 19:00:00+00:00,1,2.9545,3.320499,AT,AKC,urban,persistence
2023-11-03 20:00:00+00:00,1,2.529399,2.9545,AT,AKC,urban,persistence
2023-11-03 21:00:00+00:00,1,2.2681,2.529399,AT,AKC,urban,persistence
2023-11-03 22:00:00+00:00,1,2.127449,2.2681,AT,AKC,urban,persistence
2023-11-03 23:00:00+00:00,1,2.1654,2.127449,AT,AKC,urban,persistence
2023-11-04 00:00:00+00:00,1,1.558049,2.1654,AT,AKC,urban,persistence
2023-11-04 01:00:00+00:00,1,1.77775,1.558049,AT,AKC,urban,persistence
2023-11-04 02:00:00+00:00,1,1.6094,1.77775,AT,AKC,urban,persistence
2023-11-04 03:00:00+00:00,1,1.738499,1.6094,AT,AKC,urban,persistence
2023-11-04 04:00:00+00:00,1,2.2272,1.738499,AT,AKC,urban,persistence
2023-11-04 05:00:00+00:00,1,2.69505,2.2272,AT,AKC,urban,persistence
2023-11-04 06:00:00+00:00,1,3.652849,2.69505,AT,AKC,urban,persistence
2023-11-04 07:00:00+00:00,1,2.9107,3.652849,AT,AKC,urban,persistence
2023-11-04 08:00:00+00:00,1,2.0857,2.9107,AT,AKC,urban,persistence
2023-11-04 09:00:00+00:00,1,1.89385,2.0857,AT,AKC,urban,persistence
2023-11-04 10:00:00+00:00,1,2.22445,1.89385,AT,AKC,urban,persistence
2023-11-04 11:00:00+00:00,1,1.90155,2.22445,AT,AKC,urban,persistence
2023-11-04 12:00:00+00:00,1,1.822849,1.90155,AT,AKC,urban,persistence
2023-11-04 13:00:00+00:00,1,2.03125,1.822849,AT,AKC,urban,persistence
2023-11-04 14:00:00+00:00,1,2.61675,2.03125,AT,AKC,urban,persistence
2023-11-04 15:00:00+00:00,1,3.189499,2.61675,AT,AKC,urban,persistence
2023-11-04 16:00:00+00:00,1,4.750599,3.189499,AT,AKC,urban,persistence
2023-11-04 17:00:00+00:00,1,6.222499,4.750599,AT,AKC,urban,persistence
2023-11-04 18:00:00+00:00,1,7.8695,6.222499,AT,AKC,urban,persistence
2023-11-04 19:00:00+00:00,1,8.1187,7.8695,AT,AKC,urban,persistence
2023-11-04 20:00:00+00:00,1,7.90425,8.1187,AT,AKC,urban,persistence
2023-11-04 21:00:00+00:00,1,8.20555,7.90425,AT,AKC,urban,persistence
2023-11-04 22:00:00+00:00,1,8.383,8.20555,AT,AKC,urban,persistence
2023-11-04 23:00:00+00:00,1,7.9951,8.383,AT,AKC,urban,persistence
2023-11-05 00:00:00+00:00,1,8.718199,7.9951,AT,AKC,urban,persistence
2023-11-05 01:00:00+00:00,1,3.04675,8.718199,AT,AKC,urban,persistence
2023-11-05 02:00:00+00:00,1,2.476649,3.04675,AT,AKC,urban,persistence
2023-11-05 03:00:00+00:00,1,2.643599,2.476649,AT,AKC,urban,persistence
2023-11-05 04:00:00+00:00,1,3.04005,2.643599,AT,AKC,urban,persistence
2023-11-05 05:00:00+00:00,1,3.11015,3.04005,AT,AKC,urban,persistence
2023-11-05 06:00:00+00:00,1,3.16015,3.11015,AT,AKC,urban,persistence
2023-11-05 07:00:00+00:00,1,3.119299,3.16015,AT,AKC,urban,persistence
2023-11-05 08:00:00+00:00,1,3.9229,3.119299,AT,AKC,urban,persistence
2023-11-05 09:00:00+00:00,1,3.820149,3.9229,AT,AKC,urban,persistence
2023-11-05 10:00:00+00:00,1,3.224949,3.820149,AT,AKC,urban,persistence
2023-11-05 11:00:00+00:00,1,2.581349,3.224949,AT,AKC,urban,persistence
2023-11-05 12:00:00+00:00,1,2.317649,2.581349,AT,AKC,urban,persistence
2023-11-05 13:00:00+00:00,1,2.898799,2.317649,AT,AKC,urban,persistence
2023-11-05 14:00:00+00:00,1,3.590649,2.898799,AT,AKC,urban,persistence
2023-11-05 15:00:00+00:00,1,4.19105,3.590649,AT,AKC,urban,persistence
2023-11-05 16:00:00+00:00,1,9.288849,4.19105,AT,AKC,urban,persistence
2023-11-05 17:00:00+00:00,1,11.0075,9.288849,AT,AKC,urban,persistence
2023-11-05 18:00:00+00:00,1,3.9814,11.0075,AT,AKC,urban,persistence
2023-11-05 19:00:00+00:00,1,1.742249,3.9814,AT,AKC,urban,persistence
2023-11-05 20:00:00+00:00,1,1.632999,1.742249,AT,AKC,urban,persistence
2023-11-05 21:00:00+00:00,1,1.503299,1.632999,AT,AKC,urban,persistence
2023-11-05 22:00:00+00:00,1,1.548399,1.503299,AT,AKC,urban,persistence
2023-11-05 23:00:00+00:00,1,1.581449,1.548399,AT,AKC,urban,persistence
2023-11-06 00:00:00+00:00,1,1.628749,1.581449,AT,AKC,urban,persistence
2023-11-06 01:00:00+00:00,1,1.674749,1.628749,AT,AKC,urban,persistence
2023-11-06 02:00:00+00:00,1,1.70525,1.674749,AT,AKC,urban,persistence
2023-11-06 03:00:00+00:00,1,1.8005,1.70525,AT,AKC,urban,persistence
2023-11-06 04:00:00+00:00,1,2.36775,1.8005,AT,AKC,urban,persistence
2023-11-06 05:00:00+00:00,1,3.6595,2.36775,AT,AKC,urban,persistence
2023-11-06 06:00:00+00:00,1,3.521349,3.6595,AT,AKC,urban,persistence
2023-11-06 07:00:00+00:00,1,3.8315,3.521349,AT,AKC,urban,persistence
2023-11-06 08:00:00+00:00,1,4.456099,3.8315,AT,AKC,urban,persistence
2023-11-06 09:00:00+00:00,1,4.55,4.456099,AT,AKC,urban,persistence
2023-11-06 10:00:00+00:00,1,3.207,4.55,AT,AKC,urban,persistence
2023-11-06 11:00:00+00:00,1,3.02815,3.207,AT,AKC,urban,persistence
2023-11-06 12:00:00+00:00,1,3.269199,3.02815,AT,AKC,urban,persistence
2023-11-06 13:00:00+00:00,1,3.616,3.269199,AT,AKC,urban,persistence
2023-11-06 14:00:00+00:00,1,4.372149,3.616,AT,AKC,urban,persistence
2023-11-06 15:00:00+00:00,1,4.54535,4.372149,AT,AKC,urban,persistence
2023-11-06 16:00:00+00:00,1,7.973849,4.54535,AT,AKC,urban,persistence
2023-11-06 17:00:00+00:00,1,7.90495,7.973849,AT,AKC,urban,persistence
2023-11-06 18:00:00+00:00,1,5.869549,7.90495,AT,AKC,urban,persistence
2023-11-06 19:00:00+00:00,1,7.713899,5.869549,AT,AKC,urban,persistence
2023-11-06 20:00:00+00:00,1,9.279,7.713899,AT,AKC,urban,persistence
2023-11-06 21:00:00+00:00,1,6.213649,9.279,AT,AKC,urban,persistence
2023-11-06 22:00:00+00:00,1,6.742699,6.213649,AT,AKC,urban,persistence
2023-11-06 23:00:00+00:00,1,3.754349,6.742699,AT,AKC,urban,persistence
2023-11-07 00:00:00+00:00,1,3.75955,3.754349,AT,AKC,urban,persistence
2023-11-07 01:00:00+00:00,1,2.660599,3.75955,AT,AKC,urban,persistence
2023-11-07 02:00:00+00:00,1,2.828299,2.660599,AT,AKC,urban,persistence
2023-11-07 03:00:00+00:00,1,2.52365,2.828299,AT,AKC,urban,persistence
2023-11-07 04:00:00+00:00,1,2.52565,2.52365,AT,AKC,urban,persistence
2023-11-07 05:00:00+00:00,1,3.6925,2.52565,AT,AKC,urban,persistence
2023-11-07 06:00:00+00:00,1,4.50295,3.6925,AT,AKC,urban,persistence
2023-11-07 07:00:00+00:00,1,5.4025,4.50295,AT,AKC,urban,persistence
2023-11-07 08:00:00+00:00,1,4.69315,5.4025,AT,AKC,urban,persistence
2023-11-07 09:00:00+00:00,1,8.9582,4.69315,AT,AKC,urban,persistence
2023-11-07 10:00:00+00:00,1,5.792949,8.9582,AT,AKC,urban,persistence
2023-11-07 11:00:00+00:00,1,5.27075,5.792949,AT,AKC,urban,persistence
2023-11-07 12:00:00+00:00,1,7.124549,5.27075,AT,AKC,urban,persistence
2023-11-07 13:00:00+00:00,1,6.5577,7.124549,AT,AKC,urban,persistence
2023-11-07 14:00:00+00:00,1,6.373899,6.5577,AT,AKC,urban,persistence
2023-11-07 15:00:00+00:00,1,7.3261,6.373899,AT,AKC,urban,persistence
2023-11-07 16:00:00+00:00,1,6.83345,7.3261,AT,AKC,urban,persistence
2023-11-07 17:00:00+00:00,1,5.769149,6.83345,AT,AKC,urban,persistence
2023-11-07 18:00:00+00:00,1,5.20755,5.769149,AT,AKC,urban,persistence
2023-11-07 19:00:00+00:00,1,6.10295,5.20755,AT,AKC,urban,persistence
2023-11-07 20:00:00+00:00,1,4.08195,6.10295,AT,AKC,urban,persistence
2023-11-07 21:00:00+00:00,1,2.762,4.08195,AT,AKC,urban,persistence
2023-11-07 22:00:00+00:00,1,2.43735,2.762,AT,AKC,urban,persistence
2023-11-07 23:00:00+00:00,1,3.23915,2.43735,AT,AKC,urban,persistence
2023-11-08 00:00:00+00:00,1,4.946749,3.23915,AT,AKC,urban,persistence
2023-11-08 01:00:00+00:00,1,4.950799,4.946749,AT,AKC,urban,persistence
2023-11-08 02:00:00+00:00,1,4.496799,4.950799,AT,AKC,urban,persistence
2023-11-08 03:00:00+00:00,1,4.025499,4.496799,AT,AKC,urban,persistence
2023-11-08 04:00:00+00:00,1,3.127399,4.025499,AT,AKC,urban,persistence
2023-11-08 05:00:00+00:00,1,5.04615,3.127399,AT,AKC,urban,persistence
2023-11-08 06:00:00+00:00,1,4.420399,5.04615,AT,AKC,urban,persistence
2023-11-08 07:00:00+00:00,1,3.291599,4.420399,AT,AKC,urban,persistence
2023-11-08 08:00:00+00:00,1,3.084,3.291599,AT,AKC,urban,persistence
2023-11-08 09:00:00+00:00,1,3.485849,3.084,AT,AKC,urban,persistence
2023-11-08 10:00:00+00:00,1,3.2273,3.485849,AT,AKC,urban,persistence
2023-11-08 11:00:00+00:00,1,3.697199,3.2273,AT,AKC,urban,persistence
2023-11-08 12:00:00+00:00,1,3.148799,3.697199,AT,AKC,urban,persistence
2023-11-08 13:00:00+00:00,1,3.611999,3.148799,AT,AKC,urban,persistence
2023-11-08 14:00:00+00:00,1,3.85545,3.611999,AT,AKC,urban,persistence
2023-11-08 15:00:00+00:00,1,6.101099,3.85545,AT,AKC,urban,persistence
2023-11-08 16:00:00+00:00,1,8.383299,6.101099,AT,AKC,urban,persistence
2023-11-08 17:00:00+00:00,1,10.0975,8.383299,AT,AKC,urban,persistence
2023-11-08 18:00:00+00:00,1,10.15135,10.0975,AT,AKC,urban,persistence
2023-11-08 19:00:00+00:00,1,9.2795,10.15135,AT,AKC,urban,persistence
2023-11-08 20:00:00+00:00,1,11.3175,9.2795,AT,AKC,urban,persistence
2023-11-08 21:00:00+00:00,1,8.73845,11.3175,AT,AKC,urban,persistence
2023-11-08 22:00:00+00:00,1,8.6925,8.73845,AT,AKC,urban,persistence
2023-11-08 23:00:00+00:00,1,7.774999,8.6925,AT,AKC,urban,persistence
2023-11-09 00:00:00+00:00,1,6.10295,7.774999,AT,AKC,urban,persistence
2023-11-09 01:00:00+00:00,1,8.0409,6.10295,AT,AKC,urban,persistence
2023-11-09 02:00:00+00:00,1,6.855199,8.0409,AT,AKC,urban,persistence
2023-11-09 03:00:00+00:00,1,5.745299,6.855199,AT,AKC,urban,persistence
2023-11-09 04:00:00+00:00,1,5.9375,5.745299,AT,AKC,urban,persistence
2023-11-09 05:00:00+00:00,1,8.100349,5.9375,AT,AKC,urban,persistence
2023-11-09 06:00:00+00:00,1,9.254549,8.100349,AT,AKC,urban,persistence
2023-11-09 07:00:00+00:00,1,10.6285,9.254549,AT,AKC,urban,persistence
2023-11-09 08:00:00+00:00,1,13.257,10.6285,AT,AKC,urban,persistence
2023-11-09 09:00:00+00:00,1,10.5745,13.257,AT,AKC,urban,persistence
2023-11-09 10:00:00+00:00,1,10.6365,10.5745,AT,AKC,urban,persistence
2023-11-09 11:00:00+00:00,1,9.98505,10.6365,AT,AKC,urban,persistence
2023-11-09 12:00:00+00:00,1,8.272199,9.98505,AT,AKC,urban,persistence
2023-11-09 13:00:00+00:00,1,6.761499,8.272199,AT,AKC,urban,persistence
2023-11-09 14:00:00+00:00,1,8.716549,6.761499,AT,AKC,urban,persistence
2023-11-09 15:00:00+00:00,1,11.469,8.716549,AT,AKC,urban,persistence
2023-11-09 16:00:00+00:00,1,10.4,11.469,AT,AKC,urban,persistence
2023-11-09 17:00:00+00:00,1,14.799,10.4,AT,AKC,urban,persistence
2023-11-09 18:00:00+00:00,1,16.2975,14.799,AT,AKC,urban,persistence
2023-11-09 19:00:00+00:00,1,15.652,16.2975,AT,AKC,urban,persistence
2023-11-09 20:00:00+00:00,1,16.205,15.652,AT,AKC,urban,persistence
2023-11-09 21:00:00+00:00,1,16.7865,16.205,AT,AKC,urban,persistence
2023-11-09 22:00:00+00:00,1,18.2505,16.7865,AT,AKC,urban,persistence
2023-11-09 23:00:00+00:00,1,18.132,18.2505,AT,AKC,urban,persistence
2023-11-10 00:00:00+00:00,1,15.535,18.132,AT,AKC,urban,persistence
2023-11-10 01:00:00+00:00,1,16.8695,15.535,AT,AKC,urban,persistence
2023-11-10 02:00:00+00:00,1,18.033,16.8695,AT,AKC,urban,persistence
2023-11-10 03:00:00+00:00,1,15.7705,18.033,AT,AKC,urban,persistence
2023-11-10 04:00:00+00:00,1,13.425,15.7705,AT,AKC,urban,persistence
2023-11-10 05:00:00+00:00,1,11.407,13.425,AT,AKC,urban,persistence
2023-11-10 06:00:00+00:00,1,11.0885,11.407,AT,AKC,urban,persistence
2023-11-10 07:00:00+00:00,1,15.1245,11.0885,AT,AKC,urban,persistence
2023-11-10 08:00:00+00:00,1,14.304,15.1245,AT,AKC,urban,persistence
2023-11-10 09:00:00+00:00,1,5.394149,14.304,AT,AKC,urban,persistence
2023-11-10 10:00:00+00:00,1,4.94385,5.394149,AT,AKC,urban,persistence
2023-11-10 11:00:00+00:00,1,5.1028,4.94385,AT,AKC,urban,persistence
2023-11-10 12:00:00+00:00,1,5.44455,5.1028,AT,AKC,urban,persistence
2023-11-10 13:00:00+00:00,1,9.78775,5.44455,AT,AKC,urban,persistence
2023-11-10 14:00:00+00:00,1,12.2435,9.78775,AT,AKC,urban,persistence
2023-11-10 15:00:00+00:00,1,12.0415,12.2435,AT,AKC,urban,persistence
2023-11-10 16:00:00+00:00,1,14.9795,12.0415,AT,AKC,urban,persistence
2023-11-10 17:00:00+00:00,1,15.26,14.9795,AT,AKC,urban,persistence
2023-11-10 18:00:00+00:00,1,14.3815,15.26,AT,AKC,urban,persistence
2023-11-10 19:00:00+00:00,1,14.298,14.3815,AT,AKC,urban,persistence
2023-11-10 20:00:00+00:00,1,10.21325,14.298,AT,AKC,urban,persistence
2023-11-10 21:00:00+00:00,1,8.95265,10.21325,AT,AKC,urban,persistence
2023-11-10 22:00:00+00:00,1,11.8315,8.95265,AT,AKC,urban,persistence
2023-11-10 23:00:00+00:00,1,11.206,11.8315,AT,AKC,urban,persistence
2023-11-11 00:00:00+00:00,1,8.022749,11.206,AT,AKC,urban,persistence
2023-11-11 01:00:00+00:00,1,6.17065,8.022749,AT,AKC,urban,persistence
2023-11-11 02:00:00+00:00,1,4.986199,6.17065,AT,AKC,urban,persistence
2023-11-11 03:00:00+00:00,1,4.67945,4.986199,AT,AKC,urban,persistence
2023-11-11 04:00:00+00:00,1,4.69915,4.67945,AT,AKC,urban,persistence
2023-11-11 05:00:00+00:00,1,4.752699,4.69915,AT,AKC,urban,persistence
2023-11-11 06:00:00+00:00,1,5.24845,4.752699,AT,AKC,urban,persistence
2023-11-11 07:00:00+00:00,1,2.857349,5.24845,AT,AKC,urban,persistence
2023-11-11 08:00:00+00:00,1,2.09325,2.857349,AT,AKC,urban,persistence
2023-11-11 09:00:00+00:00,1,1.951249,2.09325,AT,AKC,urban,persistence
2023-11-11 10:00:00+00:00,1,1.982,1.951249,AT,AKC,urban,persistence
2023-11-11 11:00:00+00:00,1,1.600549,1.982,AT,AKC,urban,persistence
2023-11-11 12:00:00+00:00,1,1.644449,1.600549,AT,AKC,urban,persistence
2023-11-11 13:00:00+00:00,1,1.2448,1.644449,AT,AKC,urban,persistence
2023-11-11 14:00:00+00:00,1,1.3768,1.2448,AT,AKC,urban,persistence
2023-11-11 15:00:00+00:00,1,2.01605,1.3768,AT,AKC,urban,persistence
2023-11-11 16:00:00+00:00,1,1.816449,2.01605,AT,AKC,urban,persistence
2023-11-11 17:00:00+00:00,1,2.075049,1.816449,AT,AKC,urban,persistence
2023-11-11 18:00:00+00:00,1,2.958849,2.075049,AT,AKC,urban,persistence
2023-11-11 19:00:00+00:00,1,3.71175,2.958849,AT,AKC,urban,persistence
2023-11-11 20:00:00+00:00,1,4.0764,3.71175,AT,AKC,urban,persistence
2023-11-11 21:00:00+00:00,1,4.3213,4.0764,AT,AKC,urban,persistence
2023-11-11 22:00:00+00:00,1,4.46675,4.3213,AT,AKC,urban,persistence
2023-11-11 23:00:00+00:00,1,5.07005,4.46675,AT,AKC,urban,persistence
2023-11-12 00:00:00+00:00,1,5.01935,5.07005,AT,AKC,urban,persistence
2023-11-12 01:00:00+00:00,1,5.243849,5.01935,AT,AKC,urban,persistence
2023-11-12 02:00:00+00:00,1,6.130749,5.243849,AT,AKC,urban,persistence
2023-11-12 03:00:00+00:00,1,6.707449,6.130749,AT,AKC,urban,persistence
2023-11-12 04:00:00+00:00,1,6.064549,6.707449,AT,AKC,urban,persistence
2023-11-12 05:00:00+00:00,1,5.5671,6.064549,AT,AKC,urban,persistence
2023-11-12 06:00:00+00:00,1,6.4376,5.5671,AT,AKC,urban,persistence
2023-11-12 07:00:00+00:00,1,5.785699,6.4376,AT,AKC,urban,persistence
2023-11-12 08:00:00+00:00,1,4.351799,5.785699,AT,AKC,urban,persistence
2023-11-12 09:00:00+00:00,1,3.307199,4.351799,AT,AKC,urban,persistence
2023-11-12 10:00:00+00:00,1,2.385799,3.307199,AT,AKC,urban,persistence
2023-11-12 11:00:00+00:00,1,2.189249,2.385799,AT,AKC,urban,persistence
2023-11-12 12:00:00+00:00,1,2.399549,2.189249,AT,AKC,urban,persistence
2023-11-12 13:00:00+00:00,1,2.648099,2.399549,AT,AKC,urban,persistence
2023-11-12 14:00:00+00:00,1,3.051249,2.648099,AT,AKC,urban,persistence
2023-11-12 15:00:00+00:00,1,6.40295,3.051249,AT,AKC,urban,persistence
2023-11-12 16:00:00+00:00,1,10.1888,6.40295,AT,AKC,urban,persistence
2023-11-12 17:00:00+00:00,1,12.138,10.1888,AT,AKC,urban,persistence
2023-11-12 18:00:00+00:00,1,12.681,12.138,AT,AKC,urban,persistence
2023-11-12 19:00:00+00:00,1,11.498,12.681,AT,AKC,urban,persistence
2023-11-12 20:00:00+00:00,1,10.33635,11.498,AT,AKC,urban,persistence
2023-11-12 21:00:00+00:00,1,9.65455,10.33635,AT,AKC,urban,persistence
2023-11-12 22:00:00+00:00,1,9.233499,9.65455,AT,AKC,urban,persistence
2023-11-12 23:00:00+00:00,1,9.674799,9.233499,AT,AKC,urban,persistence
2023-11-13 00:00:00+00:00,1,7.6494,9.674799,AT,AKC,urban,persistence
2023-11-13 01:00:00+00:00,1,8.098649,7.6494,AT,AKC,urban,persistence
2023-11-13 02:00:00+00:00,1,7.26875,8.098649,AT,AKC,urban,persistence
2023-11-13 03:00:00+00:00,1,7.46425,7.26875,AT,AKC,urban,persistence
2023-11-13 04:00:00+00:00,1,6.993149,7.46425,AT,AKC,urban,persistence
2023-11-13 05:00:00+00:00,1,6.1117,6.993149,AT,AKC,urban,persistence
2023-11-13 06:00:00+00:00,1,7.271349,6.1117,AT,AKC,urban,persistence
2023-11-13 07:00:00+00:00,1,10.909,7.271349,AT,AKC,urban,persistence
2023-11-13 08:00:00+00:00,1,13.4085,10.909,AT,AKC,urban,persistence
2023-11-13 09:00:00+00:00,1,11.108,13.4085,AT,AKC,urban,persistence
2023-11-13 10:00:00+00:00,1,7.8746,11.108,AT,AKC,urban,persistence
2023-11-13 11:00:00+00:00,1,7.354649,7.8746,AT,AKC,urban,persistence
2023-11-13 12:00:00+00:00,1,8.342949,7.354649,AT,AKC,urban,persistence
2023-11-13 13:00:00+00:00,1,7.625,8.342949,AT,AKC,urban,persistence
2023-11-13 14:00:00+00:00,1,8.23825,7.625,AT,AKC,urban,persistence
2023-11-13 15:00:00+00:00,1,10.2519,8.23825,AT,AKC,urban,persistence
2023-11-13 16:00:00+00:00,1,13.747,10.2519,AT,AKC,urban,persistence
2023-11-13 17:00:00+00:00,1,13.287,13.747,AT,AKC,urban,persistence
2023-11-13 18:00:00+00:00,1,14.272,13.287,AT,AKC,urban,persistence
2023-11-13 19:00:00+00:00,1,15.5235,14.272,AT,AKC,urban,persistence
2023-11-13 20:00:00+00:00,1,17.1195,15.5235,AT,AKC,urban,persistence
2023-11-13 21:00:00+00:00,1,15.003,17.1195,AT,AKC,urban,persistence
2023-11-13 22:00:00+00:00,1,12.425,15.003,AT,AKC,urban,persistence
2023-11-13 23:00:00+00:00,1,12.1945,12.425,AT,AKC,urban,persistence
2023-11-14 00:00:00+00:00,1,9.494999,12.1945,AT,AKC,urban,persistence
2023-11-14 01:00:00+00:00,1,1.43645,9.494999,AT,AKC,urban,persistence
2023-11-14 02:00:00+00:00,1,1.458999,1.43645,AT,AKC,urban,persistence
2023-11-14 03:00:00+00:00,1,1.4104,1.458999,AT,AKC,urban,persistence
2023-11-14 04:00:00+00:00,1,2.0809,1.4104,AT,AKC,urban,persistence
2023-11-14 05:00:00+00:00,1,2.049749,2.0809,AT,AKC,urban,persistence
2023-11-14 06:00:00+00:00,1,2.732749,2.049749,AT,AKC,urban,persistence
2023-11-14 07:00:00+00:00,1,2.702399,2.732749,AT,AKC,urban,persistence
2023-11-14 08:00:00+00:00,1,7.90625,2.702399,AT,AKC,urban,persistence
2023-11-14 09:00:00+00:00,1,7.664,7.90625,AT,AKC,urban,persistence
2023-11-14 10:00:00+00:00,1,3.489399,7.664,AT,AKC,urban,persistence
2023-11-14 11:00:00+00:00,1,4.084249,3.489399,AT,AKC,urban,persistence
2023-11-14 12:00:00+00:00,1,3.371449,4.084249,AT,AKC,urban,persistence
2023-11-14 13:00:00+00:00,1,3.310649,3.371449,AT,AKC,urban,persistence
2023-11-14 14:00:00+00:00,1,3.279799,3.310649,AT,AKC,urban,persistence
2023-11-14 15:00:00+00:00,1,2.653699,3.279799,AT,AKC,urban,persistence
2023-11-14 16:00:00+00:00,1,2.39835,2.653699,AT,AKC,urban,persistence
2023-11-14 17:00:00+00:00,1,2.08235,2.39835,AT,AKC,urban,persistence
2023-11-14 18:00:00+00:00,1,2.183599,2.08235,AT,AKC,urban,persistence
2023-11-14 19:00:00+00:00,1,1.881649,2.183599,AT,AKC,urban,persistence
2023-11-14 20:00:00+00:00,1,1.92265,1.881649,AT,AKC,urban,persistence
2023-11-14 21:00:00+00:00,1,1.711849,1.92265,AT,AKC,urban,persistence
2023-11-14 22:00:00+00:00,1,2.1075,1.711849,AT,AKC,urban,persistence
2023-11-14 23:00:00+00:00,1,2.176699,2.1075,AT,AKC,urban,persistence
2023-11-15 00:00:00+00:00,1,1.077525,2.176699,AT,AKC,urban,persistence
2023-11-15 01:00:00+00:00,1,1.057924,1.077525,AT,AKC,urban,persistence
2023-11-15 02:00:00+00:00,1,1.14625,1.057924,AT,AKC,urban,persistence
2023-11-15 03:00:00+00:00,1,1.228899,1.14625,AT,AKC,urban,persistence
2023-11-15 04:00:00+00:00,1,1.76495,1.228899,AT,AKC,urban,persistence
2023-11-15 05:00:00+00:00,1,2.127399,1.76495,AT,AKC,urban,persistence
2023-11-15 06:00:00+00:00,1,2.28565,2.127399,AT,AKC,urban,persistence
2023-11-15 07:00:00+00:00,1,1.769749,2.28565,AT,AKC,urban,persistence
2023-11-15 08:00:00+00:00,1,1.911599,1.769749,AT,AKC,urban,persistence
2023-11-15 09:00:00+00:00,1,1.738699,1.911599,AT,AKC,urban,persistence
2023-11-15 10:00:00+00:00,1,1.76935,1.738699,AT,AKC,urban,persistence
2023-11-15 11:00:00+00:00,1,2.0236,1.76935,AT,AKC,urban,persistence
2023-11-15 12:00:00+00:00,1,2.010849,2.0236,AT,AKC,urban,persistence
2023-11-15 13:00:00+00:00,1,1.79565,2.010849,AT,AKC,urban,persistence
2023-11-15 14:00:00+00:00,1,2.247849,1.79565,AT,AKC,urban,persistence
2023-11-15 15:00:00+00:00,1,2.5074,2.247849,AT,AKC,urban,persistence
2023-11-15 16:00:00+00:00,1,2.49235,2.5074,AT,AKC,urban,persistence
2023-11-15 17:00:00+00:00,1,2.545249,2.49235,AT,AKC,urban,persistence
2023-11-15 18:00:00+00:00,1,2.538899,2.545249,AT,AKC,urban,persistence
2023-11-15 19:00:00+00:00,1,2.499199,2.538899,AT,AKC,urban,persistence
2023-11-15 20:00:00+00:00,1,2.093549,2.499199,AT,AKC,urban,persistence
2023-11-15 21:00:00+00:00,1,1.614899,2.093549,AT,AKC,urban,persistence
2023-11-15 22:00:00+00:00,1,1.901499,1.614899,AT,AKC,urban,persistence
2023-11-15 23:00:00+00:00,1,1.8083,1.901499,AT,AKC,urban,persistence
2023-11-16 00:00:00+00:00,1,1.862349,1.8083,AT,AKC,urban,persistence
2023-11-16 01:00:00+00:00,1,2.315,1.862349,AT,AKC,urban,persistence
2023-11-16 02:00:00+00:00,1,2.83575,2.315,AT,AKC,urban,persistence
2023-11-16 03:00:00+00:00,1,2.65645,2.83575,AT,AKC,urban,persistence
2023-11-16 04:00:00+00:00,1,3.062849,2.65645,AT,AKC,urban,persistence
2023-11-16 05:00:00+00:00,1,5.4607,3.062849,AT,AKC,urban,persistence
2023-11-16 06:00:00+00:00,1,5.728699,5.4607,AT,AKC,urban,persistence
2023-11-16 07:00:00+00:00,1,4.8625,5.728699,AT,AKC,urban,persistence
2023-11-16 08:00:00+00:00,1,4.938349,4.8625,AT,AKC,urban,persistence
2023-11-16 09:00:00+00:00,1,4.210599,4.938349,AT,AKC,urban,persistence
2023-11-16 10:00:00+00:00,1,4.46355,4.210599,AT,AKC,urban,persistence
2023-11-16 11:00:00+00:00,1,4.7437,4.46355,AT,AKC,urban,persistence
2023-11-16 12:00:00+00:00,1,3.15915,4.7437,AT,AKC,urban,persistence
2023-11-16 13:00:00+00:00,1,3.85335,3.15915,AT,AKC,urban,persistence
2023-11-16 14:00:00+00:00,1,4.708849,3.85335,AT,AKC,urban,persistence
2023-11-16 15:00:00+00:00,1,6.046199,4.708849,AT,AKC,urban,persistence
2023-11-16 16:00:00+00:00,1,7.797249,6.046199,AT,AKC,urban,persistence
2023-11-16 17:00:00+00:00,1,9.307499,7.797249,AT,AKC,urban,persistence
2023-11-16 18:00:00+00:00,1,9.5373,9.307499,AT,AKC,urban,persistence
2023-11-16 19:00:00+00:00,1,10.18215,9.5373,AT,AKC,urban,persistence
2023-11-16 20:00:00+00:00,1,11.7085,10.18215,AT,AKC,urban,persistence
2023-11-16 21:00:00+00:00,1,10.2595,11.7085,AT,AKC,urban,persistence
2023-11-16 22:00:00+00:00,1,9.065199,10.2595,AT,AKC,urban,persistence
2023-11-16 23:00:00+00:00,1,7.524049,9.065199,AT,AKC,urban,persistence
2023-11-17 00:00:00+00:00,1,8.017149,7.524049,AT,AKC,urban,persistence
2023-11-17 01:00:00+00:00,1,10.2016,8.017149,AT,AKC,urban,persistence
2023-11-17 02:00:00+00:00,1,10.0919,10.2016,AT,AKC,urban,persistence
2023-11-17 03:00:00+00:00,1,9.56145,10.0919,AT,AKC,urban,persistence
2023-11-17 04:00:00+00:00,1,8.73285,9.56145,AT,AKC,urban,persistence
2023-11-17 05:00:00+00:00,1,4.52885,8.73285,AT,AKC,urban,persistence
2023-11-17 06:00:00+00:00,1,5.675999,4.52885,AT,AKC,urban,persistence
2023-11-17 07:00:00+00:00,1,7.44005,5.675999,AT,AKC,urban,persistence
2023-11-17 08:00:00+00:00,1,5.2285,7.44005,AT,AKC,urban,persistence
2023-11-17 09:00:00+00:00,1,5.7483,5.2285,AT,AKC,urban,persistence
2023-11-17 10:00:00+00:00,1,6.500349,5.7483,AT,AKC,urban,persistence
2023-11-17 11:00:00+00:00,1,4.643599,6.500349,AT,AKC,urban,persistence
2023-11-17 12:00:00+00:00,1,4.4174,4.643599,AT,AKC,urban,persistence
2023-11-17 13:00:00+00:00,1,4.2423,4.4174,AT,AKC,urban,persistence
2023-11-17 14:00:00+00:00,1,4.4309,4.2423,AT,AKC,urban,persistence
2023-11-17 15:00:00+00:00,1,4.9208,4.4309,AT,AKC,urban,persistence
2023-11-17 16:00:00+00:00,1,5.03985,4.9208,AT,AKC,urban,persistence
2023-11-17 17:00:00+00:00,1,4.826399,5.03985,AT,AKC,urban,persistence
2023-11-17 18:00:00+00:00,1,4.547699,4.826399,AT,AKC,urban,persistence
2023-11-17 19:00:00+00:00,1,3.752949,4.547699,AT,AKC,urban,persistence
2023-11-17 20:00:00+00:00,1,3.39475,3.752949,AT,AKC,urban,persistence
2023-11-17 21:00:00+00:00,1,3.074249,3.39475,AT,AKC,urban,persistence
2023-11-17 22:00:00+00:00,1,3.5618,3.074249,AT,AKC,urban,persistence
2023-11-17 23:00:00+00:00,1,3.992499,3.5618,AT,AKC,urban,persistence
2023-11-18 00:00:00+00:00,1,4.39995,3.992499,AT,AKC,urban,persistence
2023-11-18 01:00:00+00:00,1,4.083199,4.39995,AT,AKC,urban,persistence
2023-11-18 02:00:00+00:00,1,3.5685,4.083199,AT,AKC,urban,persistence
2023-11-18 03:00:00+00:00,1,3.24585,3.5685,AT,AKC,urban,persistence
2023-11-18 04:00:00+00:00,1,4.9133,3.24585,AT,AKC,urban,persistence
2023-11-18 05:00:00+00:00,1,4.704999,4.9133,AT,AKC,urban,persistence
2023-11-18 06:00:00+00:00,1,4.6568,4.704999,AT,AKC,urban,persistence
2023-11-18 07:00:00+00:00,1,4.8077,4.6568,AT,AKC,urban,persistence
2023-11-18 08:00:00+00:00,1,5.514349,4.8077,AT,AKC,urban,persistence
2023-11-18 09:00:00+00:00,1,6.14045,5.514349,AT,AKC,urban,persistence
2023-11-18 10:00:00+00:00,1,6.74215,6.14045,AT,AKC,urban,persistence
2023-11-18 11:00:00+00:00,1,6.98215,6.74215,AT,AKC,urban,persistence
2023-11-18 12:00:00+00:00,1,5.335499,6.98215,AT,AKC,urban,persistence
2023-11-18 13:00:00+00:00,1,5.126099,5.335499,AT,AKC,urban,persistence
2023-11-18 14:00:00+00:00,1,4.40215,5.126099,AT,AKC,urban,persistence
2023-11-18 15:00:00+00:00,1,4.9643,4.40215,AT,AKC,urban,persistence
2023-11-18 16:00:00+00:00,1,5.50765,4.9643,AT,AKC,urban,persistence
2023-11-18 17:00:00+00:00,1,7.4018,5.50765,AT,AKC,urban,persistence
2023-11-18 18:00:00+00:00,1,12.065,7.4018,AT,AKC,urban,persistence
2023-11-18 19:00:00+00:00,1,10.0719,12.065,AT,AKC,urban,persistence
2023-11-18 20:00:00+00:00,1,9.5899,10.0719,AT,AKC,urban,persistence
2023-11-18 21:00:00+00:00,1,9.120149,9.5899,AT,AKC,urban,persistence
2023-11-18 22:00:00+00:00,1,11.5725,9.120149,AT,AKC,urban,persistence
2023-11-18 23:00:00+00:00,1,13.1035,11.5725,AT,AKC,urban,persistence
2023-11-19 00:00:00+00:00,1,10.938,13.1035,AT,AKC,urban,persistence
2023-11-19 01:00:00+00:00,1,9.209499,10.938,AT,AKC,urban,persistence
2023-11-19 02:00:00+00:00,1,7.010299,9.209499,AT,AKC,urban,persistence
2023-11-19 03:00:00+00:00,1,6.9125,7.010299,AT,AKC,urban,persistence
2023-11-19 04:00:00+00:00,1,7.486499,6.9125,AT,AKC,urban,persistence
2023-11-19 05:00:00+00:00,1,9.1443,7.486499,AT,AKC,urban,persistence
2023-11-19 06:00:00+00:00,1,8.892299,9.1443,AT,AKC,urban,persistence
2023-11-19 07:00:00+00:00,1,9.127149,8.892299,AT,AKC,urban,persistence
2023-11-19 08:00:00+00:00,1,8.752449,9.127149,AT,AKC,urban,persistence
2023-11-19 09:00:00+00:00,1,10.38,8.752449,AT,AKC,urban,persistence
2023-11-19 10:00:00+00:00,1,9.456299,10.38,AT,AKC,urban,persistence
2023-11-19 11:00:00+00:00,1,10.0594,9.456299,AT,AKC,urban,persistence
2023-11-19 12:00:00+00:00,1,10.8665,10.0594,AT,AKC,urban,persistence
2023-11-19 13:00:00+00:00,1,12.3775,10.8665,AT,AKC,urban,persistence
2023-11-19 14:00:00+00:00,1,13.708,12.3775,AT,AKC,urban,persistence
2023-11-19 15:00:00+00:00,1,13.7115,13.708,AT,AKC,urban,persistence
2023-11-19 16:00:00+00:00,1,17.9495,13.7115,AT,AKC,urban,persistence
2023-11-19 17:00:00+00:00,1,21.252,17.9495,AT,AKC,urban,persistence
2023-11-19 18:00:00+00:00,1,21.2565,21.252,AT,AKC,urban,persistence
2023-11-19 19:00:00+00:00,1,22.2225,21.2565,AT,AKC,urban,persistence
2023-11-19 20:00:00+00:00,1,24.618,22.2225,AT,AKC,urban,persistence
2023-11-19 21:00:00+00:00,1,17.494,24.618,AT,AKC,urban,persistence
2023-11-19 22:00:00+00:00,1,14.346,17.494,AT,AKC,urban,persistence
2023-11-19 23:00:00+00:00,1,4.3097,14.346,AT,AKC,urban,persistence
2023-11-20 00:00:00+00:00,1,2.09315,4.3097,AT,AKC,urban,persistence
2023-11-20 01:00:00+00:00,1,2.0318,2.09315,AT,AKC,urban,persistence
2023-11-20 02:00:00+00:00,1,2.47755,2.0318,AT,AKC,urban,persistence
2023-11-20 03:00:00+00:00,1,2.93035,2.47755,AT,AKC,urban,persistence
2023-11-20 04:00:00+00:00,1,2.85365,2.93035,AT,AKC,urban,persistence
2023-11-20 05:00:00+00:00,1,3.34485,2.85365,AT,AKC,urban,persistence
2023-11-20 06:00:00+00:00,1,3.4871,3.34485,AT,AKC,urban,persistence
2023-11-20 07:00:00+00:00,1,3.876349,3.4871,AT,AKC,urban,persistence
2023-11-20 08:00:00+00:00,1,3.820149,3.876349,AT,AKC,urban,persistence
2023-11-20 09:00:00+00:00,1,3.405099,3.820149,AT,AKC,urban,persistence
2023-11-20 10:00:00+00:00,1,3.412899,3.405099,AT,AKC,urban,persistence
2023-11-20 11:00:00+00:00,1,3.933899,3.412899,AT,AKC,urban,persistence
2023-11-20 12:00:00+00:00,1,3.64205,3.933899,AT,AKC,urban,persistence
2023-11-20 13:00:00+00:00,1,7.495599,3.64205,AT,AKC,urban,persistence
2023-11-20 14:00:00+00:00,1,14.1388,7.495599,AT,AKC,urban,persistence
2023-11-20 15:00:00+00:00,1,6.81655,14.1388,AT,AKC,urban,persistence
2023-11-20 16:00:00+00:00,1,6.894599,6.81655,AT,AKC,urban,persistence
2023-11-20 17:00:00+00:00,1,8.15455,6.894599,AT,AKC,urban,persistence
2023-11-20 18:00:00+00:00,1,7.5626,8.15455,AT,AKC,urban,persistence
2023-11-20 19:00:00+00:00,1,5.21525,7.5626,AT,AKC,urban,persistence
2023-11-20 20:00:00+00:00,1,5.509949,5.21525,AT,AKC,urban,persistence
2023-11-20 21:00:00+00:00,1,4.692749,5.509949,AT,AKC,urban,persistence
2023-11-20 22:00:00+00:00,1,4.068049,4.692749,AT,AKC,urban,persistence
2023-11-20 23:00:00+00:00,1,4.287899,4.068049,AT,AKC,urban,persistence
2023-11-21 00:00:00+00:00,1,5.070799,4.287899,AT,AKC,urban,persistence
2023-11-21 01:00:00+00:00,1,4.1245,5.070799,AT,AKC,urban,persistence
2023-11-21 02:00:00+00:00,1,4.145799,4.1245,AT,AKC,urban,persistence
2023-11-21 03:00:00+00:00,1,4.052849,4.145799,AT,AKC,urban,persistence
2023-11-21 04:00:00+00:00,1,5.51265,4.052849,AT,AKC,urban,persistence
2023-11-21 05:00:00+00:00,1,7.080599,5.51265,AT,AKC,urban,persistence
2023-11-21 06:00:00+00:00,1,7.8652,7.080599,AT,AKC,urban,persistence
2023-11-21 07:00:00+00:00,1,6.2644,7.8652,AT,AKC,urban,persistence
2023-11-21 08:00:00+00:00,1,8.02165,6.2644,AT,AKC,urban,persistence
2023-11-21 09:00:00+00:00,1,11.149,8.02165,AT,AKC,urban,persistence
2023-11-21 10:00:00+00:00,1,3.18265,11.149,AT,AKC,urban,persistence
2023-11-21 11:00:00+00:00,1,4.93945,3.18265,AT,AKC,urban,persistence
2023-11-21 12:00:00+00:00,1,4.606249,4.93945,AT,AKC,urban,persistence
2023-11-21 13:00:00+00:00,1,5.0564,4.606249,AT,AKC,urban,persistence
2023-11-21 14:00:00+00:00,1,9.503349,5.0564,AT,AKC,urban,persistence
2023-11-21 15:00:00+00:00,1,7.079999,9.503349,AT,AKC,urban,persistence
2023-11-21 16:00:00+00:00,1,6.84245,7.079999,AT,AKC,urban,persistence
2023-11-21 17:00:00+00:00,1,5.428649,6.84245,AT,AKC,urban,persistence
2023-11-21 18:00:00+00:00,1,4.615599,5.428649,AT,AKC,urban,persistence
2023-11-21 19:00:00+00:00,1,6.0903,4.615599,AT,AKC,urban,persistence
2023-11-21 20:00:00+00:00,1,7.143799,6.0903,AT,AKC,urban,persistence
2023-11-21 21:00:00+00:00,1,6.79005,7.143799,AT,AKC,urban,persistence
2023-11-21 22:00:00+00:00,1,7.472149,6.79005,AT,AKC,urban,persistence
2023-11-21 23:00:00+00:00,1,11.159,7.472149,AT,AKC,urban,persistence
2023-11-22 00:00:00+00:00,1,7.695099,11.159,AT,AKC,urban,persistence
2023-11-22 01:00:00+00:00,1,8.470899,7.695099,AT,AKC,urban,persistence
2023-11-22 02:00:00+00:00,1,8.252099,8.470899,AT,AKC,urban,persistence
2023-11-22 03:00:00+00:00,1,8.909049,8.252099,AT,AKC,urban,persistence
2023-11-22 04:00:00+00:00,1,8.834699,8.909049,AT,AKC,urban,persistence
2023-11-22 05:00:00+00:00,1,9.7704,8.834699,AT,AKC,urban,persistence
2023-11-22 06:00:00+00:00,1,9.781,9.7704,AT,AKC,urban,persistence
2023-11-22 07:00:00+00:00,1,10.2949,9.781,AT,AKC,urban,persistence
2023-11-22 08:00:00+00:00,1,10.5655,10.2949,AT,AKC,urban,persistence
2023-11-22 09:00:00+00:00,1,11.319,10.5655,AT,AKC,urban,persistence
2023-11-22 10:00:00+00:00,1,11.1505,11.319,AT,AKC,urban,persistence
2023-11-22 11:00:00+00:00,1,13.616,11.1505,AT,AKC,urban,persistence
2023-11-22 12:00:00+00:00,1,16.0795,13.616,AT,AKC,urban,persistence
2023-11-22 13:00:00+00:00,1,17.3025,16.0795,AT,AKC,urban,persistence
2023-11-22 14:00:00+00:00,1,15.197,17.3025,AT,AKC,urban,persistence
2023-11-22 15:00:00+00:00,1,17.217,15.197,AT,AKC,urban,persistence
2023-11-22 16:00:00+00:00,1,19.164,17.217,AT,AKC,urban,persistence
2023-11-22 17:00:00+00:00,1,19.809,19.164,AT,AKC,urban,persistence
2023-11-22 18:00:00+00:00,1,19.86,19.809,AT,AKC,urban,persistence
2023-11-22 19:00:00+00:00,1,20.6665,19.86,AT,AKC,urban,persistence
2023-11-22 20:00:00+00:00,1,17.689,20.6665,AT,AKC,urban,persistence
2023-11-22 21:00:00+00:00,1,14.231,17.689,AT,AKC,urban,persistence
2023-11-22 22:00:00+00:00,1,13.7165,14.231,AT,AKC,urban,persistence
2023-11-22 23:00:00+00:00,1,12.5955,13.7165,AT,AKC,urban,persistence
2023-11-23 00:00:00+00:00,1,11.942,12.5955,AT,AKC,urban,persistence
2023-11-23 01:00:00+00:00,1,11.3415,11.942,AT,AKC,urban,persistence
2023-11-23 02:00:00+00:00,1,11.3775,11.3415,AT,AKC,urban,persistence
2023-11-23 03:00:00+00:00,1,11.083,11.3775,AT,AKC,urban,persistence
2023-11-23 04:00:00+00:00,1,10.6395,11.083,AT,AKC,urban,persistence
2023-11-23 05:00:00+00:00,1,9.5295,10.6395,AT,AKC,urban,persistence
2023-11-23 06:00:00+00:00,1,11.768,9.5295,AT,AKC,urban,persistence
2023-11-23 07:00:00+00:00,1,12.1935,11.768,AT,AKC,urban,persistence
2023-11-23 08:00:00+00:00,1,11.4045,12.1935,AT,AKC,urban,persistence
2023-11-23 09:00:00+00:00,1,10.5565,11.4045,AT,AKC,urban,persistence
2023-11-23 10:00:00+00:00,1,10.259,10.5565,AT,AKC,urban,persistence
2023-11-23 11:00:00+00:00,1,9.68065,10.259,AT,AKC,urban,persistence
2023-11-23 12:00:00+00:00,1,9.432149,9.68065,AT,AKC,urban,persistence
2023-11-23 13:00:00+00:00,1,9.91205,9.432149,AT,AKC,urban,persistence
2023-11-23 14:00:00+00:00,1,8.706899,9.91205,AT,AKC,urban,persistence
2023-11-23 15:00:00+00:00,1,0.0,8.706899,AT,AKC,urban,persistence
2023-11-23 16:00:00+00:00,1,7.79895,0.0,AT,AKC,urban,persistence
2023-11-23 17:00:00+00:00,1,6.501999,7.79895,AT,AKC,urban,persistence
2023-11-23 18:00:00+00:00,1,4.971099,6.501999,AT,AKC,urban,persistence
2023-11-23 19:00:00+00:00,1,6.17955,4.971099,AT,AKC,urban,persistence
2023-11-23 20:00:00+00:00,1,3.903049,6.17955,AT,AKC,urban,persistence
2023-11-23 21:00:00+00:00,1,4.3217,3.903049,AT,AKC,urban,persistence
2023-11-23 22:00:00+00:00,1,5.2589,4.3217,AT,AKC,urban,persistence
2023-11-23 23:00:00+00:00,1,6.12835,5.2589,AT,AKC,urban,persistence
2023-11-24 00:00:00+00:00,1,5.43795,6.12835,AT,AKC,urban,persistence
2023-11-24 01:00:00+00:00,1,4.324549,5.43795,AT,AKC,urban,persistence
2023-11-24 02:00:00+00:00,1,3.950399,4.324549,AT,AKC,urban,persistence
2023-11-24 03:00:00+00:00,1,3.9828,3.950399,AT,AKC,urban,persistence
2023-11-24 04:00:00+00:00,1,3.9158,3.9828,AT,AKC,urban,persistence
2023-11-24 05:00:00+00:00,1,2.414599,3.9158,AT,AKC,urban,persistence
2023-11-24 06:00:00+00:00,1,1.646049,2.414599,AT,AKC,urban,persistence
2023-11-24 07:00:00+00:00,1,1.952749,1.646049,AT,AKC,urban,persistence
2023-11-24 08:00:00+00:00,1,2.004699,1.952749,AT,AKC,urban,persistence
2023-11-24 09:00:00+00:00,1,1.8838,2.004699,AT,AKC,urban,persistence
2023-11-24 10:00:00+00:00,1,2.57875,1.8838,AT,AKC,urban,persistence
2023-11-24 11:00:00+00:00,1,3.2637,2.57875,AT,AKC,urban,persistence
2023-11-24 12:00:00+00:00,1,2.398499,3.2637,AT,AKC,urban,persistence
2023-11-24 13:00:00+00:00,1,1.785749,2.398499,AT,AKC,urban,persistence
2023-11-24 14:00:00+00:00,1,1.711349,1.785749,AT,AKC,urban,persistence
2023-11-24 15:00:00+00:00,1,1.81595,1.711349,AT,AKC,urban,persistence
2023-11-24 16:00:00+00:00,1,1.687,1.81595,AT,AKC,urban,persistence
2023-11-24 17:00:00+00:00,1,1.957999,1.687,AT,AKC,urban,persistence
2023-11-24 18:00:00+00:00,1,1.689049,1.957999,AT,AKC,urban,persistence
2023-11-24 19:00:00+00:00,1,1.461099,1.689049,AT,AKC,urban,persistence
2023-11-24 20:00:00+00:00,1,2.63565,1.461099,AT,AKC,urban,persistence
2023-11-24 21:00:00+00:00,1,2.681399,2.63565,AT,AKC,urban,persistence
2023-11-24 22:00:00+00:00,1,2.0381,2.681399,AT,AKC,urban,persistence
2023-11-24 23:00:00+00:00,1,2.118149,2.0381,AT,AKC,urban,persistence
2023-11-25 00:00:00+00:00,1,1.9498,2.118149,AT,AKC,urban,persistence
2023-11-25 01:00:00+00:00,1,2.743599,1.9498,AT,AKC,urban,persistence
2023-11-25 02:00:00+00:00,1,2.68895,2.743599,AT,AKC,urban,persistence
2023-11-25 03:00:00+00:00,1,2.360949,2.68895,AT,AKC,urban,persistence
2023-11-25 04:00:00+00:00,1,1.69195,2.360949,AT,AKC,urban,persistence
2023-11-25 05:00:00+00:00,1,1.32395,1.69195,AT,AKC,urban,persistence
2023-11-25 06:00:00+00:00,1,1.580849,1.32395,AT,AKC,urban,persistence
2023-11-25 07:00:00+00:00,1,1.564949,1.580849,AT,AKC,urban,persistence
2023-11-25 08:00:00+00:00,1,1.78725,1.564949,AT,AKC,urban,persistence
2023-11-25 09:00:00+00:00,1,2.60395,1.78725,AT,AKC,urban,persistence
2023-11-25 10:00:00+00:00,1,2.393249,2.60395,AT,AKC,urban,persistence
2023-11-25 11:00:00+00:00,1,2.156,2.393249,AT,AKC,urban,persistence
2023-11-25 12:00:00+00:00,1,4.356349,2.156,AT,AKC,urban,persistence
2023-11-25 13:00:00+00:00,1,2.80035,4.356349,AT,AKC,urban,persistence
2023-11-25 14:00:00+00:00,1,2.94285,2.80035,AT,AKC,urban,persistence
2023-11-25 15:00:00+00:00,1,3.45445,2.94285,AT,AKC,urban,persistence
2023-11-25 16:00:00+00:00,1,3.489249,3.45445,AT,AKC,urban,persistence
2023-11-25 17:00:00+00:00,1,4.884249,3.489249,AT,AKC,urban,persistence
2023-11-25 18:00:00+00:00,1,4.59695,4.884249,AT,AKC,urban,persistence
2023-11-25 19:00:00+00:00,1,5.255249,4.59695,AT,AKC,urban,persistence
2023-11-25 20:00:00+00:00,1,5.333149,5.255249,AT,AKC,urban,persistence
2023-11-25 21:00:00+00:00,1,3.49915,5.333149,AT,AKC,urban,persistence
2023-11-25 22:00:00+00:00,1,3.9924,3.49915,AT,AKC,urban,persistence
2023-11-25 23:00:00+00:00,1,3.509749,3.9924,AT,AKC,urban,persistence
2023-11-26 00:00:00+00:00,1,3.70865,3.509749,AT,AKC,urban,persistence
2023-11-26 01:00:00+00:00,1,2.723949,3.70865,AT,AKC,urban,persistence
2023-11-26 02:00:00+00:00,1,2.048699,2.723949,AT,AKC,urban,persistence
2023-11-26 03:00:00+00:00,1,2.2585,2.048699,AT,AKC,urban,persistence
2023-11-26 04:00:00+00:00,1,2.366899,2.2585,AT,AKC,urban,persistence
2023-11-26 05:00:00+00:00,1,2.219349,2.366899,AT,AKC,urban,persistence
2023-11-26 06:00:00+00:00,1,1.838799,2.219349,AT,AKC,urban,persistence
2023-11-26 07:00:00+00:00,1,1.844049,1.838799,AT,AKC,urban,persistence
2023-11-26 08:00:00+00:00,1,2.190599,1.844049,AT,AKC,urban,persistence
2023-11-26 09:00:00+00:00,1,1.911499,2.190599,AT,AKC,urban,persistence
2023-11-26 10:00:00+00:00,1,1.79285,1.911499,AT,AKC,urban,persistence
2023-11-26 11:00:00+00:00,1,1.508899,1.79285,AT,AKC,urban,persistence
2023-11-26 12:00:00+00:00,1,1.514199,1.508899,AT,AKC,urban,persistence
2023-11-26 13:00:00+00:00,1,1.732549,1.514199,AT,AKC,urban,persistence
2023-11-26 14:00:00+00:00,1,1.948999,1.732549,AT,AKC,urban,persistence
2023-11-26 15:00:00+00:00,1,2.314899,1.948999,AT,AKC,urban,persistence
2023-11-26 16:00:00+00:00,1,3.102349,2.314899,AT,AKC,urban,persistence
2023-11-26 17:00:00+00:00,1,4.192199,3.102349,AT,AKC,urban,persistence
2023-11-26 18:00:00+00:00,1,4.791399,4.192199,AT,AKC,urban,persistence
2023-11-26 19:00:00+00:00,1,6.8155,4.791399,AT,AKC,urban,persistence
2023-11-26 20:00:00+00:00,1,7.13945,6.8155,AT,AKC,urban,persistence
2023-11-26 21:00:00+00:00,1,7.0176,7.13945,AT,AKC,urban,persistence
2023-11-26 22:00:00+00:00,1,6.15365,7.0176,AT,AKC,urban,persistence
2023-11-26 23:00:00+00:00,1,5.33065,6.15365,AT,AKC,urban,persistence
2023-11-27 00:00:00+00:00,1,5.44935,5.33065,AT,AKC,urban,persistence
2023-11-27 01:00:00+00:00,1,5.50745,5.44935,AT,AKC,urban,persistence
2023-11-27 02:00:00+00:00,1,5.385049,5.50745,AT,AKC,urban,persistence
2023-11-27 03:00:00+00:00,1,4.713399,5.385049,AT,AKC,urban,persistence
2023-11-27 04:00:00+00:00,1,3.890799,4.713399,AT,AKC,urban,persistence
2023-11-27 05:00:00+00:00,1,4.9804,3.890799,AT,AKC,urban,persistence
2023-11-27 06:00:00+00:00,1,4.30375,4.9804,AT,AKC,urban,persistence
2023-11-27 07:00:00+00:00,1,3.315849,4.30375,AT,AKC,urban,persistence
2023-11-27 08:00:00+00:00,1,3.240399,3.315849,AT,AKC,urban,persistence
2023-11-27 09:00:00+00:00,1,3.190549,3.240399,AT,AKC,urban,persistence
2023-11-27 10:00:00+00:00,1,3.54815,3.190549,AT,AKC,urban,persistence
2023-11-27 11:00:00+00:00,1,3.91475,3.54815,AT,AKC,urban,persistence
2023-11-27 12:00:00+00:00,1,3.511049,3.91475,AT,AKC,urban,persistence
2023-11-27 13:00:00+00:00,1,3.9292,3.511049,AT,AKC,urban,persistence
2023-11-27 14:00:00+00:00,1,6.786849,3.9292,AT,AKC,urban,persistence
2023-11-27 15:00:00+00:00,1,6.4615,6.786849,AT,AKC,urban,persistence
2023-11-27 16:00:00+00:00,1,9.2404,6.4615,AT,AKC,urban,persistence
2023-11-27 17:00:00+00:00,1,11.006,9.2404,AT,AKC,urban,persistence
2023-11-27 18:00:00+00:00,1,13.196,11.006,AT,AKC,urban,persistence
2023-11-27 19:00:00+00:00,1,15.9395,13.196,AT,AKC,urban,persistence
2023-11-27 20:00:00+00:00,1,17.0395,15.9395,AT,AKC,urban,persistence
2023-11-27 21:00:00+00:00,1,18.3565,17.0395,AT,AKC,urban,persistence
2023-11-27 22:00:00+00:00,1,19.0505,18.3565,AT,AKC,urban,persistence
2023-11-27 23:00:00+00:00,1,17.995,19.0505,AT,AKC,urban,persistence
2023-11-28 00:00:00+00:00,1,18.054,17.995,AT,AKC,urban,persistence
2023-11-28 01:00:00+00:00,1,18.597,18.054,AT,AKC,urban,persistence
2023-11-28 02:00:00+00:00,1,17.3685,18.597,AT,AKC,urban,persistence
2023-11-28 03:00:00+00:00,1,18.305,17.3685,AT,AKC,urban,persistence
2023-11-28 04:00:00+00:00,1,17.133,18.305,AT,AKC,urban,persistence
2023-11-28 05:00:00+00:00,1,17.9455,17.133,AT,AKC,urban,persistence
2023-11-28 06:00:00+00:00,1,19.207,17.9455,AT,AKC,urban,persistence
2023-11-28 07:00:00+00:00,1,16.2965,19.207,AT,AKC,urban,persistence
2023-11-28 08:00:00+00:00,1,6.7649,16.2965,AT,AKC,urban,persistence
2023-11-28 09:00:00+00:00,1,5.6279,6.7649,AT,AKC,urban,persistence
2023-11-28 10:00:00+00:00,1,6.975,5.6279,AT,AKC,urban,persistence
2023-11-28 11:00:00+00:00,1,5.708049,6.975,AT,AKC,urban,persistence
2023-11-28 12:00:00+00:00,1,4.51345,5.708049,AT,AKC,urban,persistence
2023-11-28 13:00:00+00:00,1,5.836999,4.51345,AT,AKC,urban,persistence
2023-11-28 14:00:00+00:00,1,5.47305,5.836999,AT,AKC,urban,persistence
2023-11-28 15:00:00+00:00,1,7.238949,5.47305,AT,AKC,urban,persistence
2023-11-28 16:00:00+00:00,1,3.698649,7.238949,AT,AKC,urban,persistence
2023-11-28 17:00:00+00:00,1,3.046149,3.698649,AT,AKC,urban,persistence
2023-11-28 18:00:00+00:00,1,5.003399,3.046149,AT,AKC,urban,persistence
2023-11-28 19:00:00+00:00,1,6.7732,5.003399,AT,AKC,urban,persistence
2023-11-28 20:00:00+00:00,1,7.33265,6.7732,AT,AKC,urban,persistence
2023-11-28 21:00:00+00:00,1,6.4804,7.33265,AT,AKC,urban,persistence
2023-11-28 22:00:00+00:00,1,5.756199,6.4804,AT,AKC,urban,persistence
2023-11-28 23:00:00+00:00,1,7.333199,5.756199,AT,AKC,urban,persistence
2023-11-29 00:00:00+00:00,1,8.170849,7.333199,AT,AKC,urban,persistence
2023-11-29 01:00:00+00:00,1,8.794899,8.170849,AT,AKC,urban,persistence
2023-11-29 02:00:00+00:00,1,7.740249,8.794899,AT,AKC,urban,persistence
2023-11-29 03:00:00+00:00,1,7.74835,7.740249,AT,AKC,urban,persistence
2023-11-29 04:00:00+00:00,1,8.524,7.74835,AT,AKC,urban,persistence
2023-11-29 05:00:00+00:00,1,10.35795,8.524,AT,AKC,urban,persistence
2023-11-29 06:00:00+00:00,1,10.39545,10.35795,AT,AKC,urban,persistence
2023-11-29 07:00:00+00:00,1,10.7185,10.39545,AT,AKC,urban,persistence
2023-11-29 08:00:00+00:00,1,9.437549,10.7185,AT,AKC,urban,persistence
2023-11-29 09:00:00+00:00,1,8.9589,9.437549,AT,AKC,urban,persistence
2023-11-29 10:00:00+00:00,1,10.04385,8.9589,AT,AKC,urban,persistence
2023-11-29 11:00:00+00:00,1,11.62,10.04385,AT,AKC,urban,persistence
2023-11-29 12:00:00+00:00,1,11.107,11.62,AT,AKC,urban,persistence
2023-11-29 13:00:00+00:00,1,12.098,11.107,AT,AKC,urban,persistence
2023-11-29 14:00:00+00:00,1,12.9155,12.098,AT,AKC,urban,persistence
2023-11-29 15:00:00+00:00,1,13.692,12.9155,AT,AKC,urban,persistence
2023-11-29 16:00:00+00:00,1,13.9485,13.692,AT,AKC,urban,persistence
2023-11-29 17:00:00+00:00,1,14.5115,13.9485,AT,AKC,urban,persistence
2023-11-29 18:00:00+00:00,1,15.4355,14.5115,AT,AKC,urban,persistence
2023-11-29 19:00:00+00:00,1,18.1135,15.4355,AT,AKC,urban,persistence
2023-11-29 20:00:00+00:00,1,17.8495,18.1135,AT,AKC,urban,persistence
2023-11-29 21:00:00+00:00,1,18.66,17.8495,AT,AKC,urban,persistence
2023-11-29 22:00:00+00:00,1,17.4965,18.66,AT,AKC,urban,persistence
2023-11-29 23:00:00+00:00,1,17.529,17.4965,AT,AKC,urban,persistence
2023-11-30 00:00:00+00:00,1,15.554,17.529,AT,AKC,urban,persistence
2023-11-30 01:00:00+00:00,1,16.363,15.554,AT,AKC,urban,persistence
2023-11-30 02:00:00+00:00,1,15.953,16.363,AT,AKC,urban,persistence
2023-11-30 03:00:00+00:00,1,17.4285,15.953,AT,AKC,urban,persistence
2023-11-30 04:00:00+00:00,1,17.765,17.4285,AT,AKC,urban,persistence
2023-11-30 05:00:00+00:00,1,17.933,17.765,AT,AKC,urban,persistence
2023-11-30 06:00:00+00:00,1,16.9055,17.933,AT,AKC,urban,persistence
2023-11-30 07:00:00+00:00,1,15.9345,16.9055,AT,AKC,urban,persistence
2023-11-30 08:00:00+00:00,1,16.1745,15.9345,AT,AKC,urban,persistence
2023-11-30 09:00:00+00:00,1,15.565,16.1745,AT,AKC,urban,persistence
2023-11-30 10:00:00+00:00,1,16.6605,15.565,AT,AKC,urban,persistence
2023-11-30 11:00:00+00:00,1,17.412,16.6605,AT,AKC,urban,persistence
2023-11-30 12:00:00+00:00,1,16.9175,17.412,AT,AKC,urban,persistence
2023-11-30 13:00:00+00:00,1,18.649,16.9175,AT,AKC,urban,persistence
2023-11-30 14:00:00+00:00,1,23.432,18.649,AT,AKC,urban,persistence
2023-11-30 15:00:00+00:00,1,25.1295,23.432,AT,AKC,urban,persistence
2023-11-30 16:00:00+00:00,1,25.2715,25.1295,AT,AKC,urban,persistence
2023-11-30 17:00:00+00:00,1,24.3215,25.2715,AT,AKC,urban,persistence
2023-11-30 18:00:00+00:00,1,23.318,24.3215,AT,AKC,urban,persistence
2023-11-30 19:00:00+00:00,1,21.346,23.318,AT,AKC,urban,persistence
2023-11-30 20:00:00+00:00,1,22.259,21.346,AT,AKC,urban,persistence
2023-11-30 21:00:00+00:00,1,20.738,22.259,AT,AKC,urban,persistence
2023-11-30 22:00:00+00:00,1,19.502,20.738,AT,AKC,urban,persistence
2023-11-30 23:00:00+00:00,1,18.3085,19.502,AT,AKC,urban,persistence
2023-12-01 00:00:00+00:00,1,17.7775,18.3085,AT,AKC,urban,persistence
2023-12-01 01:00:00+00:00,1,17.638,17.7775,AT,AKC,urban,persistence
2023-12-01 02:00:00+00:00,1,19.2325,17.638,AT,AKC,urban,persistence
2023-12-01 03:00:00+00:00,1,23.5645,19.2325,AT,AKC,urban,persistence
2023-12-01 04:00:00+00:00,1,28.0135,23.5645,AT,AKC,urban,persistence
2023-12-01 05:00:00+00:00,1,29.478,28.0135,AT,AKC,urban,persistence
2023-12-01 06:00:00+00:00,1,30.0975,29.478,AT,AKC,urban,persistence
2023-12-01 07:00:00+00:00,1,25.563,30.0975,AT,AKC,urban,persistence
2023-12-01 08:00:00+00:00,1,23.95,25.563,AT,AKC,urban,persistence
2023-12-01 09:00:00+00:00,1,20.584,23.95,AT,AKC,urban,persistence
2023-12-01 10:00:00+00:00,1,17.7895,20.584,AT,AKC,urban,persistence
2023-12-01 11:00:00+00:00,1,19.932,17.7895,AT,AKC,urban,persistence
2023-12-01 12:00:00+00:00,1,20.7205,19.932,AT,AKC,urban,persistence
2023-12-01 13:00:00+00:00,1,21.111,20.7205,AT,AKC,urban,persistence
2023-12-01 14:00:00+00:00,1,20.979,21.111,AT,AKC,urban,persistence
2023-12-01 15:00:00+00:00,1,19.1835,20.979,AT,AKC,urban,persistence
2023-12-01 16:00:00+00:00,1,16.2615,19.1835,AT,AKC,urban,persistence
2023-12-01 17:00:00+00:00,1,13.6375,16.2615,AT,AKC,urban,persistence
2023-12-01 18:00:00+00:00,1,11.636,13.6375,AT,AKC,urban,persistence
2023-12-01 19:00:00+00:00,1,10.522,11.636,AT,AKC,urban,persistence
2023-12-01 20:00:00+00:00,1,10.46475,10.522,AT,AKC,urban,persistence
2023-12-01 21:00:00+00:00,1,9.4999,10.46475,AT,AKC,urban,persistence
2023-12-01 22:00:00+00:00,1,8.25205,9.4999,AT,AKC,urban,persistence
2023-12-01 23:00:00+00:00,1,10.3785,8.25205,AT,AKC,urban,persistence
2023-12-02 00:00:00+00:00,1,14.71,10.3785,AT,AKC,urban,persistence
2023-12-02 01:00:00+00:00,1,17.004,14.71,AT,AKC,urban,persistence
2023-12-02 02:00:00+00:00,1,19.0955,17.004,AT,AKC,urban,persistence
2023-12-02 03:00:00+00:00,1,16.774,19.0955,AT,AKC,urban,persistence
2023-12-02 04:00:00+00:00,1,15.893,16.774,AT,AKC,urban,persistence
2023-12-02 05:00:00+00:00,1,18.2485,15.893,AT,AKC,urban,persistence
2023-12-02 06:00:00+00:00,1,18.144,18.2485,AT,AKC,urban,persistence
2023-12-02 07:00:00+00:00,1,16.857,18.144,AT,AKC,urban,persistence
2023-12-02 08:00:00+00:00,1,14.879,16.857,AT,AKC,urban,persistence
2023-12-02 09:00:00+00:00,1,13.8915,14.879,AT,AKC,urban,persistence
2023-12-02 10:00:00+00:00,1,10.73415,13.8915,AT,AKC,urban,persistence
2023-12-02 11:00:00+00:00,1,7.34805,10.73415,AT,AKC,urban,persistence
2023-12-02 12:00:00+00:00,1,5.83505,7.34805,AT,AKC,urban,persistence
2023-12-02 13:00:00+00:00,1,4.952149,5.83505,AT,AKC,urban,persistence
2023-12-02 14:00:00+00:00,1,5.173999,4.952149,AT,AKC,urban,persistence
2023-12-02 15:00:00+00:00,1,5.835599,5.173999,AT,AKC,urban,persistence
2023-12-02 16:00:00+00:00,1,7.1803,5.835599,AT,AKC,urban,persistence
2023-12-02 17:00:00+00:00,1,9.110399,7.1803,AT,AKC,urban,persistence
2023-12-02 18:00:00+00:00,1,10.3155,9.110399,AT,AKC,urban,persistence
2023-12-02 19:00:00+00:00,1,10.15435,10.3155,AT,AKC,urban,persistence
2023-12-02 20:00:00+00:00,1,10.7115,10.15435,AT,AKC,urban,persistence
2023-12-02 21:00:00+00:00,1,8.346199,10.7115,AT,AKC,urban,persistence
2023-12-02 22:00:00+00:00,1,7.25195,8.346199,AT,AKC,urban,persistence
2023-12-02 23:00:00+00:00,1,7.837949,7.25195,AT,AKC,urban,persistence
2023-12-03 00:00:00+00:00,1,9.18715,7.837949,AT,AKC,urban,persistence
2023-12-03 01:00:00+00:00,1,7.2242,9.18715,AT,AKC,urban,persistence
2023-12-03 02:00:00+00:00,1,8.453649,7.2242,AT,AKC,urban,persistence
2023-12-03 03:00:00+00:00,1,9.571199,8.453649,AT,AKC,urban,persistence
2023-12-03 04:00:00+00:00,1,9.762849,9.571199,AT,AKC,urban,persistence
2023-12-03 05:00:00+00:00,1,9.7009,9.762849,AT,AKC,urban,persistence
2023-12-03 06:00:00+00:00,1,10.268,9.7009,AT,AKC,urban,persistence
2023-12-03 07:00:00+00:00,1,11.2305,10.268,AT,AKC,urban,persistence
2023-12-03 08:00:00+00:00,1,9.487899,11.2305,AT,AKC,urban,persistence
2023-12-03 09:00:00+00:00,1,8.85025,9.487899,AT,AKC,urban,persistence
2023-12-03 10:00:00+00:00,1,9.758199,8.85025,AT,AKC,urban,persistence
2023-12-03 11:00:00+00:00,1,10.2115,9.758199,AT,AKC,urban,persistence
2023-12-03 12:00:00+00:00,1,10.0855,10.2115,AT,AKC,urban,persistence
2023-12-03 13:00:00+00:00,1,10.871,10.0855,AT,AKC,urban,persistence
2023-12-03 14:00:00+00:00,1,11.1775,10.871,AT,AKC,urban,persistence
2023-12-03 15:00:00+00:00,1,11.971,11.1775,AT,AKC,urban,persistence
2023-12-03 16:00:00+00:00,1,12.033,11.971,AT,AKC,urban,persistence
2023-12-03 17:00:00+00:00,1,10.968,12.033,AT,AKC,urban,persistence
2023-12-03 18:00:00+00:00,1,11.1875,10.968,AT,AKC,urban,persistence
2023-12-03 19:00:00+00:00,1,12.9325,11.1875,AT,AKC,urban,persistence
2023-12-03 20:00:00+00:00,1,13.1285,12.9325,AT,AKC,urban,persistence
2023-12-03 21:00:00+00:00,1,13.4405,13.1285,AT,AKC,urban,persistence
2023-12-03 22:00:00+00:00,1,14.59,13.4405,AT,AKC,urban,persistence
2023-12-03 23:00:00+00:00,1,12.7415,14.59,AT,AKC,urban,persistence
2023-12-04 00:00:00+00:00,1,12.796,12.7415,AT,AKC,urban,persistence
2023-12-04 01:00:00+00:00,1,13.7985,12.796,AT,AKC,urban,persistence
2023-12-04 02:00:00+00:00,1,18.415,13.7985,AT,AKC,urban,persistence
2023-12-04 03:00:00+00:00,1,20.4725,18.415,AT,AKC,urban,persistence
2023-12-04 04:00:00+00:00,1,20.1415,20.4725,AT,AKC,urban,persistence
2023-12-04 05:00:00+00:00,1,23.1715,20.1415,AT,AKC,urban,persistence
2023-12-04 06:00:00+00:00,1,21.1695,23.1715,AT,AKC,urban,persistence
2023-12-04 07:00:00+00:00,1,20.644,21.1695,AT,AKC,urban,persistence
2023-12-04 08:00:00+00:00,1,22.758,20.644,AT,AKC,urban,persistence
2023-12-04 09:00:00+00:00,1,17.232,22.758,AT,AKC,urban,persistence
2023-12-04 10:00:00+00:00,1,14.972,17.232,AT,AKC,urban,persistence
2023-12-04 11:00:00+00:00,1,13.8955,14.972,AT,AKC,urban,persistence
2023-12-04 12:00:00+00:00,1,14.5065,13.8955,AT,AKC,urban,persistence
2023-12-04 13:00:00+00:00,1,13.4985,14.5065,AT,AKC,urban,persistence
2023-12-04 14:00:00+00:00,1,13.1865,13.4985,AT,AKC,urban,persistence
2023-12-04 15:00:00+00:00,1,12.345,13.1865,AT,AKC,urban,persistence
2023-12-04 16:00:00+00:00,1,11.475,12.345,AT,AKC,urban,persistence
2023-12-04 17:00:00+00:00,1,12.062,11.475,AT,AKC,urban,persistence
2023-12-04 18:00:00+00:00,1,12.244,12.062,AT,AKC,urban,persistence
2023-12-04 19:00:00+00:00,1,12.1325,12.244,AT,AKC,urban,persistence
2023-12-04 20:00:00+00:00,1,12.6585,12.1325,AT,AKC,urban,persistence
2023-12-04 21:00:00+00:00,1,14.467,12.6585,AT,AKC,urban,persistence
2023-12-04 22:00:00+00:00,1,16.367,14.467,AT,AKC,urban,persistence
2023-12-04 23:00:00+00:00,1,17.375,16.367,AT,AKC,urban,persistence
2023-12-05 00:00:00+00:00,1,18.3425,17.375,AT,AKC,urban,persistence
2023-12-05 01:00:00+00:00,1,19.1505,18.3425,AT,AKC,urban,persistence
2023-12-05 02:00:00+00:00,1,20.291,19.1505,AT,AKC,urban,persistence
2023-12-05 03:00:00+00:00,1,22.1905,20.291,AT,AKC,urban,persistence
2023-12-05 04:00:00+00:00,1,23.1095,22.1905,AT,AKC,urban,persistence
2023-12-05 05:00:00+00:00,1,23.6035,23.1095,AT,AKC,urban,persistence
2023-12-05 06:00:00+00:00,1,23.9735,23.6035,AT,AKC,urban,persistence
2023-12-05 07:00:00+00:00,1,25.2385,23.9735,AT,AKC,urban,persistence
2023-12-05 08:00:00+00:00,1,26.6635,25.2385,AT,AKC,urban,persistence
2023-12-05 09:00:00+00:00,1,27.7575,26.6635,AT,AKC,urban,persistence
2023-12-05 10:00:00+00:00,1,29.298,27.7575,AT,AKC,urban,persistence
2023-12-05 11:00:00+00:00,1,30.3405,29.298,AT,AKC,urban,persistence
2023-12-05 12:00:00+00:00,1,29.685,30.3405,AT,AKC,urban,persistence
2023-12-05 13:00:00+00:00,1,29.303,29.685,AT,AKC,urban,persistence
2023-12-05 14:00:00+00:00,1,29.3035,29.303,AT,AKC,urban,persistence
2023-12-05 15:00:00+00:00,1,28.96,29.3035,AT,AKC,urban,persistence
2023-12-05 16:00:00+00:00,1,28.2975,28.96,AT,AKC,urban,persistence
2023-12-05 17:00:00+00:00,1,29.01,28.2975,AT,AKC,urban,persistence
2023-12-05 18:00:00+00:00,1,30.5655,29.01,AT,AKC,urban,persistence
2023-12-05 19:00:00+00:00,1,30.958,30.5655,AT,AKC,urban,persistence
2023-12-05 20:00:00+00:00,1,30.335,30.958,AT,AKC,urban,persistence
2023-12-05 21:00:00+00:00,1,30.0885,30.335,AT,AKC,urban,persistence
2023-12-05 22:00:00+00:00,1,30.8455,30.0885,AT,AKC,urban,persistence
2023-12-05 23:00:00+00:00,1,31.4735,30.8455,AT,AKC,urban,persistence
2023-12-06 00:00:00+00:00,1,30.4525,31.4735,AT,AKC,urban,persistence
2023-12-06 01:00:00+00:00,1,30.8195,30.4525,AT,AKC,urban,persistence
2023-12-06 02:00:00+00:00,1,30.5635,30.8195,AT,AKC,urban,persistence
2023-12-06 03:00:00+00:00,1,30.494,30.5635,AT,AKC,urban,persistence
2023-12-06 04:00:00+00:00,1,30.3315,30.494,AT,AKC,urban,persistence
2023-12-06 05:00:00+00:00,1,30.2635,30.3315,AT,AKC,urban,persistence
2023-12-06 06:00:00+00:00,1,30.824,30.2635,AT,AKC,urban,persistence
2023-12-06 07:00:00+00:00,1,29.1945,30.824,AT,AKC,urban,persistence
2023-12-06 08:00:00+00:00,1,28.3,29.1945,AT,AKC,urban,persistence
2023-12-06 09:00:00+00:00,1,32.555,28.3,AT,AKC,urban,persistence
2023-12-06 10:00:00+00:00,1,36.471,32.555,AT,AKC,urban,persistence
2023-12-06 11:00:00+00:00,1,40.315,36.471,AT,AKC,urban,persistence
2023-12-06 12:00:00+00:00,1,43.7525,40.315,AT,AKC,urban,persistence
2023-12-06 13:00:00+00:00,1,42.2315,43.7525,AT,AKC,urban,persistence
2023-12-06 14:00:00+00:00,1,43.016,42.2315,AT,AKC,urban,persistence
2023-12-06 15:00:00+00:00,1,42.4725,43.016,AT,AKC,urban,persistence
2023-12-06 16:00:00+00:00,1,34.413,42.4725,AT,AKC,urban,persistence
2023-12-06 17:00:00+00:00,1,20.193,34.413,AT,AKC,urban,persistence
2023-12-06 18:00:00+00:00,1,16.344,20.193,AT,AKC,urban,persistence
2023-12-06 19:00:00+00:00,1,14.4265,16.344,AT,AKC,urban,persistence
2023-12-06 20:00:00+00:00,1,14.973,14.4265,AT,AKC,urban,persistence
2023-12-06 21:00:00+00:00,1,16.8545,14.973,AT,AKC,urban,persistence
2023-12-06 22:00:00+00:00,1,17.8145,16.8545,AT,AKC,urban,persistence
2023-12-06 23:00:00+00:00,1,14.934,17.8145,AT,AKC,urban,persistence
2023-12-07 00:00:00+00:00,1,13.139,14.934,AT,AKC,urban,persistence
2023-12-07 01:00:00+00:00,1,11.528,13.139,AT,AKC,urban,persistence
2023-12-07 02:00:00+00:00,1,10.9845,11.528,AT,AKC,urban,persistence
2023-12-07 03:00:00+00:00,1,10.442,10.9845,AT,AKC,urban,persistence
2023-12-07 04:00:00+00:00,1,10.2185,10.442,AT,AKC,urban,persistence
2023-12-07 05:00:00+00:00,1,11.771,10.2185,AT,AKC,urban,persistence
2023-12-07 06:00:00+00:00,1,10.972,11.771,AT,AKC,urban,persistence
2023-12-07 07:00:00+00:00,1,12.3065,10.972,AT,AKC,urban,persistence
2023-12-07 08:00:00+00:00,1,12.6755,12.3065,AT,AKC,urban,persistence
2023-12-07 09:00:00+00:00,1,11.3355,12.6755,AT,AKC,urban,persistence
2023-12-07 10:00:00+00:00,1,11.5,11.3355,AT,AKC,urban,persistence
2023-12-07 11:00:00+00:00,1,11.6215,11.5,AT,AKC,urban,persistence
2023-12-07 12:00:00+00:00,1,12.5,11.6215,AT,AKC,urban,persistence
2023-12-07 13:00:00+00:00,1,14.169,12.5,AT,AKC,urban,persistence
2023-12-07 14:00:00+00:00,1,16.4565,14.169,AT,AKC,urban,persistence
2023-12-07 15:00:00+00:00,1,15.9865,16.4565,AT,AKC,urban,persistence
2023-12-07 16:00:00+00:00,1,14.173,15.9865,AT,AKC,urban,persistence
2023-12-07 17:00:00+00:00,1,14.888,14.173,AT,AKC,urban,persistence
2023-12-07 18:00:00+00:00,1,13.4915,14.888,AT,AKC,urban,persistence
2023-12-07 19:00:00+00:00,1,16.2045,13.4915,AT,AKC,urban,persistence
2023-12-07 20:00:00+00:00,1,18.6335,16.2045,AT,AKC,urban,persistence
2023-12-07 21:00:00+00:00,1,17.9825,18.6335,AT,AKC,urban,persistence
2023-12-07 22:00:00+00:00,1,16.9245,17.9825,AT,AKC,urban,persistence
2023-12-07 23:00:00+00:00,1,17.713,16.9245,AT,AKC,urban,persistence
2023-12-08 00:00:00+00:00,1,17.0025,17.713,AT,AKC,urban,persistence
2023-12-08 01:00:00+00:00,1,19.3995,17.0025,AT,AKC,urban,persistence
2023-12-08 02:00:00+00:00,1,19.474,19.3995,AT,AKC,urban,persistence
2023-12-08 03:00:00+00:00,1,18.118,19.474,AT,AKC,urban,persistence
2023-12-08 04:00:00+00:00,1,18.016,18.118,AT,AKC,urban,persistence
2023-12-08 05:00:00+00:00,1,19.748,18.016,AT,AKC,urban,persistence
2023-12-08 06:00:00+00:00,1,17.5265,19.748,AT,AKC,urban,persistence
2023-12-08 07:00:00+00:00,1,16.0265,17.5265,AT,AKC,urban,persistence
2023-12-08 08:00:00+00:00,1,15.8945,16.0265,AT,AKC,urban,persistence
2023-12-08 09:00:00+00:00,1,17.634,15.8945,AT,AKC,urban,persistence
2023-12-08 10:00:00+00:00,1,19.938,17.634,AT,AKC,urban,persistence
2023-12-08 11:00:00+00:00,1,21.6775,19.938,AT,AKC,urban,persistence
2023-12-08 12:00:00+00:00,1,21.406,21.6775,AT,AKC,urban,persistence
2023-12-08 13:00:00+00:00,1,21.439,21.406,AT,AKC,urban,persistence
2023-12-08 14:00:00+00:00,1,21.7305,21.439,AT,AKC,urban,persistence
2023-12-08 15:00:00+00:00,1,21.0245,21.7305,AT,AKC,urban,persistence
2023-12-08 16:00:00+00:00,1,20.9225,21.0245,AT,AKC,urban,persistence
2023-12-08 17:00:00+00:00,1,20.2265,20.9225,AT,AKC,urban,persistence
2023-12-08 18:00:00+00:00,1,21.246,20.2265,AT,AKC,urban,persistence
2023-12-08 19:00:00+00:00,1,21.8655,21.246,AT,AKC,urban,persistence
2023-12-08 20:00:00+00:00,1,22.9515,21.8655,AT,AKC,urban,persistence
2023-12-08 21:00:00+00:00,1,22.4585,22.9515,AT,AKC,urban,persistence
2023-12-08 22:00:00+00:00,1,21.2045,22.4585,AT,AKC,urban,persistence
2023-12-08 23:00:00+00:00,1,20.916,21.2045,AT,AKC,urban,persistence
2023-12-09 00:00:00+00:00,1,20.2825,20.916,AT,AKC,urban,persistence
2023-12-09 01:00:00+00:00,1,19.121,20.2825,AT,AKC,urban,persistence
2023-12-09 02:00:00+00:00,1,19.017,19.121,AT,AKC,urban,persistence
2023-12-09 03:00:00+00:00,1,19.1655,19.017,AT,AKC,urban,persistence
2023-12-09 04:00:00+00:00,1,16.9795,19.1655,AT,AKC,urban,persistence
2023-12-09 05:00:00+00:00,1,15.57,16.9795,AT,AKC,urban,persistence
2023-12-09 06:00:00+00:00,1,14.5695,15.57,AT,AKC,urban,persistence
2023-12-09 07:00:00+00:00,1,15.782,14.5695,AT,AKC,urban,persistence
2023-12-09 08:00:00+00:00,1,16.852,15.782,AT,AKC,urban,persistence
2023-12-09 09:00:00+00:00,1,15.171,16.852,AT,AKC,urban,persistence
2023-12-09 10:00:00+00:00,1,14.4835,15.171,AT,AKC,urban,persistence
2023-12-09 11:00:00+00:00,1,13.018,14.4835,AT,AKC,urban,persistence
2023-12-09 12:00:00+00:00,1,14.3635,13.018,AT,AKC,urban,persistence
2023-12-09 13:00:00+00:00,1,16.055,14.3635,AT,AKC,urban,persistence
2023-12-09 14:00:00+00:00,1,19.2265,16.055,AT,AKC,urban,persistence
2023-12-09 15:00:00+00:00,1,21.0885,19.2265,AT,AKC,urban,persistence
2023-12-09 16:00:00+00:00,1,24.1805,21.0885,AT,AKC,urban,persistence
2023-12-09 17:00:00+00:00,1,20.705,24.1805,AT,AKC,urban,persistence
2023-12-09 18:00:00+00:00,1,20.623,20.705,AT,AKC,urban,persistence
2023-12-09 19:00:00+00:00,1,20.538,20.623,AT,AKC,urban,persistence
2023-12-09 20:00:00+00:00,1,18.765,20.538,AT,AKC,urban,persistence
2023-12-09 21:00:00+00:00,1,18.1195,18.765,AT,AKC,urban,persistence
2023-12-09 22:00:00+00:00,1,18.201,18.1195,AT,AKC,urban,persistence
2023-12-09 23:00:00+00:00,1,19.5935,18.201,AT,AKC,urban,persistence
2023-12-10 00:00:00+00:00,1,18.349,19.5935,AT,AKC,urban,persistence
2023-12-10 01:00:00+00:00,1,16.239,18.349,AT,AKC,urban,persistence
2023-12-10 02:00:00+00:00,1,14.302,16.239,AT,AKC,urban,persistence
2023-12-10 03:00:00+00:00,1,13.411,14.302,AT,AKC,urban,persistence
2023-12-10 04:00:00+00:00,1,12.0055,13.411,AT,AKC,urban,persistence
2023-12-10 05:00:00+00:00,1,15.412,12.0055,AT,AKC,urban,persistence
2023-12-10 06:00:00+00:00,1,16.242,15.412,AT,AKC,urban,persistence
2023-12-10 07:00:00+00:00,1,16.3705,16.242,AT,AKC,urban,persistence
2023-12-10 08:00:00+00:00,1,13.985,16.3705,AT,AKC,urban,persistence
2023-12-10 09:00:00+00:00,1,2.8252,13.985,AT,AKC,urban,persistence
2023-12-10 10:00:00+00:00,1,3.174999,2.8252,AT,AKC,urban,persistence
2023-12-10 11:00:00+00:00,1,4.113749,3.174999,AT,AKC,urban,persistence
2023-12-10 12:00:00+00:00,1,4.4349,4.113749,AT,AKC,urban,persistence
2023-12-10 13:00:00+00:00,1,4.6293,4.4349,AT,AKC,urban,persistence
2023-12-10 14:00:00+00:00,1,5.035399,4.6293,AT,AKC,urban,persistence
2023-12-10 15:00:00+00:00,1,7.830049,5.035399,AT,AKC,urban,persistence
2023-12-10 16:00:00+00:00,1,7.340899,7.830049,AT,AKC,urban,persistence
2023-12-10 17:00:00+00:00,1,13.2195,7.340899,AT,AKC,urban,persistence
2023-12-10 18:00:00+00:00,1,20.3415,13.2195,AT,AKC,urban,persistence
2023-12-10 19:00:00+00:00,1,16.706,20.3415,AT,AKC,urban,persistence
2023-12-10 20:00:00+00:00,1,15.567,16.706,AT,AKC,urban,persistence
2023-12-10 21:00:00+00:00,1,14.834,15.567,AT,AKC,urban,persistence
2023-12-10 22:00:00+00:00,1,13.2445,14.834,AT,AKC,urban,persistence
2023-12-10 23:00:00+00:00,1,13.0435,13.2445,AT,AKC,urban,persistence
2023-12-11 00:00:00+00:00,1,17.421,13.0435,AT,AKC,urban,persistence
2023-12-11 01:00:00+00:00,1,18.9445,17.421,AT,AKC,urban,persistence
2023-12-11 02:00:00+00:00,1,17.885,18.9445,AT,AKC,urban,persistence
2023-12-11 03:00:00+00:00,1,19.7325,17.885,AT,AKC,urban,persistence
2023-12-11 04:00:00+00:00,1,21.044,19.7325,AT,AKC,urban,persistence
2023-12-11 05:00:00+00:00,1,19.9105,21.044,AT,AKC,urban,persistence
2023-12-11 06:00:00+00:00,1,19.9295,19.9105,AT,AKC,urban,persistence
2023-12-11 07:00:00+00:00,1,22.7105,19.9295,AT,AKC,urban,persistence
2023-12-11 08:00:00+00:00,1,23.677,22.7105,AT,AKC,urban,persistence
2023-12-11 09:00:00+00:00,1,23.4345,23.677,AT,AKC,urban,persistence
2023-12-11 10:00:00+00:00,1,25.1225,23.4345,AT,AKC,urban,persistence
2023-12-11 11:00:00+00:00,1,23.224,25.1225,AT,AKC,urban,persistence
2023-12-11 12:00:00+00:00,1,22.4815,23.224,AT,AKC,urban,persistence
2023-12-11 13:00:00+00:00,1,23.327,22.4815,AT,AKC,urban,persistence
2023-12-11 14:00:00+00:00,1,28.163,23.327,AT,AKC,urban,persistence
2023-12-11 15:00:00+00:00,1,23.351,28.163,AT,AKC,urban,persistence
2023-12-11 16:00:00+00:00,1,24.9725,23.351,AT,AKC,urban,persistence
2023-12-11 17:00:00+00:00,1,25.698,24.9725,AT,AKC,urban,persistence
2023-12-11 18:00:00+00:00,1,23.905,25.698,AT,AKC,urban,persistence
2023-12-11 19:00:00+00:00,1,10.93255,23.905,AT,AKC,urban,persistence
2023-12-11 20:00:00+00:00,1,2.530449,10.93255,AT,AKC,urban,persistence
2023-12-11 21:00:00+00:00,1,2.410749,2.530449,AT,AKC,urban,persistence
2023-12-11 22:00:00+00:00,1,2.6153,2.410749,AT,AKC,urban,persistence
2023-12-11 23:00:00+00:00,1,2.847599,2.6153,AT,AKC,urban,persistence
2023-12-12 00:00:00+00:00,1,3.06375,2.847599,AT,AKC,urban,persistence
2023-12-12 01:00:00+00:00,1,3.173049,3.06375,AT,AKC,urban,persistence
2023-12-12 02:00:00+00:00,1,3.17,3.173049,AT,AKC,urban,persistence
2023-12-12 03:00:00+00:00,1,3.3073,3.17,AT,AKC,urban,persistence
2023-12-12 04:00:00+00:00,1,4.6855,3.3073,AT,AKC,urban,persistence
2023-12-12 05:00:00+00:00,1,6.845,4.6855,AT,AKC,urban,persistence
2023-12-12 06:00:00+00:00,1,7.25375,6.845,AT,AKC,urban,persistence
2023-12-12 07:00:00+00:00,1,6.782599,7.25375,AT,AKC,urban,persistence
2023-12-12 08:00:00+00:00,1,6.9484,6.782599,AT,AKC,urban,persistence
2023-12-12 09:00:00+00:00,1,7.001699,6.9484,AT,AKC,urban,persistence
2023-12-12 10:00:00+00:00,1,5.841099,7.001699,AT,AKC,urban,persistence
2023-12-12 11:00:00+00:00,1,8.2574,5.841099,AT,AKC,urban,persistence
2023-12-12 12:00:00+00:00,1,8.727749,8.2574,AT,AKC,urban,persistence
2023-12-12 13:00:00+00:00,1,9.367899,8.727749,AT,AKC,urban,persistence
2023-12-12 14:00:00+00:00,1,10.12995,9.367899,AT,AKC,urban,persistence
2023-12-12 15:00:00+00:00,1,9.206649,10.12995,AT,AKC,urban,persistence
2023-12-12 16:00:00+00:00,1,9.47735,9.206649,AT,AKC,urban,persistence
2023-12-12 17:00:00+00:00,1,11.3955,9.47735,AT,AKC,urban,persistence
2023-12-12 18:00:00+00:00,1,13.376,11.3955,AT,AKC,urban,persistence
2023-12-12 19:00:00+00:00,1,16.223,13.376,AT,AKC,urban,persistence
2023-12-12 20:00:00+00:00,1,16.0255,16.223,AT,AKC,urban,persistence
2023-12-12 21:00:00+00:00,1,17.746,16.0255,AT,AKC,urban,persistence
2023-12-12 22:00:00+00:00,1,19.5415,17.746,AT,AKC,urban,persistence
2023-12-12 23:00:00+00:00,1,19.989,19.5415,AT,AKC,urban,persistence
2023-12-13 00:00:00+00:00,1,18.847,19.989,AT,AKC,urban,persistence
2023-12-13 01:00:00+00:00,1,19.5425,18.847,AT,AKC,urban,persistence
2023-12-13 02:00:00+00:00,1,20.4155,19.5425,AT,AKC,urban,persistence
2023-12-13 03:00:00+00:00,1,21.383,20.4155,AT,AKC,urban,persistence
2023-12-13 04:00:00+00:00,1,20.3855,21.383,AT,AKC,urban,persistence
2023-12-13 05:00:00+00:00,1,24.8025,20.3855,AT,AKC,urban,persistence
2023-12-13 06:00:00+00:00,1,24.1655,24.8025,AT,AKC,urban,persistence
2023-12-13 07:00:00+00:00,1,22.938,24.1655,AT,AKC,urban,persistence
2023-12-13 08:00:00+00:00,1,17.483,22.938,AT,AKC,urban,persistence
2023-12-13 09:00:00+00:00,1,22.668,17.483,AT,AKC,urban,persistence
2023-12-13 10:00:00+00:00,1,25.251,22.668,AT,AKC,urban,persistence
2023-12-13 11:00:00+00:00,1,25.6855,25.251,AT,AKC,urban,persistence
2023-12-13 12:00:00+00:00,1,26.479,25.6855,AT,AKC,urban,persistence
2023-12-13 13:00:00+00:00,1,24.387,26.479,AT,AKC,urban,persistence
2023-12-13 14:00:00+00:00,1,23.23,24.387,AT,AKC,urban,persistence
2023-12-13 15:00:00+00:00,1,22.16,23.23,AT,AKC,urban,persistence
2023-12-13 16:00:00+00:00,1,24.5575,22.16,AT,AKC,urban,persistence
2023-12-13 17:00:00+00:00,1,25.6605,24.5575,AT,AKC,urban,persistence
2023-12-13 18:00:00+00:00,1,22.626,25.6605,AT,AKC,urban,persistence
2023-12-13 19:00:00+00:00,1,23.7475,22.626,AT,AKC,urban,persistence
2023-12-13 20:00:00+00:00,1,23.4605,23.7475,AT,AKC,urban,persistence
2023-12-13 21:00:00+00:00,1,16.207,23.4605,AT,AKC,urban,persistence
2023-12-13 22:00:00+00:00,1,18.359,16.207,AT,AKC,urban,persistence
2023-12-13 23:00:00+00:00,1,19.417,18.359,AT,AKC,urban,persistence
2023-12-14 00:00:00+00:00,1,20.4765,19.417,AT,AKC,urban,persistence
2023-12-14 01:00:00+00:00,1,20.0435,20.4765,AT,AKC,urban,persistence
2023-12-14 02:00:00+00:00,1,19.1405,20.0435,AT,AKC,urban,persistence
2023-12-14 03:00:00+00:00,1,14.4875,19.1405,AT,AKC,urban,persistence
2023-12-14 04:00:00+00:00,1,8.710299,14.4875,AT,AKC,urban,persistence
2023-12-14 05:00:00+00:00,1,5.548799,8.710299,AT,AKC,urban,persistence
2023-12-14 06:00:00+00:00,1,3.00005,5.548799,AT,AKC,urban,persistence
2023-12-14 07:00:00+00:00,1,4.439199,3.00005,AT,AKC,urban,persistence
2023-12-14 08:00:00+00:00,1,3.10435,4.439199,AT,AKC,urban,persistence
2023-12-14 09:00:00+00:00,1,2.901249,3.10435,AT,AKC,urban,persistence
2023-12-14 10:00:00+00:00,1,2.897399,2.901249,AT,AKC,urban,persistence
2023-12-14 11:00:00+00:00,1,5.77025,2.897399,AT,AKC,urban,persistence
2023-12-14 12:00:00+00:00,1,4.8021,5.77025,AT,AKC,urban,persistence
2023-12-14 13:00:00+00:00,1,4.5535,4.8021,AT,AKC,urban,persistence
2023-12-14 14:00:00+00:00,1,5.55515,4.5535,AT,AKC,urban,persistence
2023-12-14 15:00:00+00:00,1,7.036099,5.55515,AT,AKC,urban,persistence
2023-12-14 16:00:00+00:00,1,9.392299,7.036099,AT,AKC,urban,persistence
2023-12-14 17:00:00+00:00,1,8.83465,9.392299,AT,AKC,urban,persistence
2023-12-14 18:00:00+00:00,1,7.926,8.83465,AT,AKC,urban,persistence
2023-12-14 19:00:00+00:00,1,8.08435,7.926,AT,AKC,urban,persistence
2023-12-14 20:00:00+00:00,1,8.70495,8.08435,AT,AKC,urban,persistence
2023-12-14 21:00:00+00:00,1,8.305549,8.70495,AT,AKC,urban,persistence
2023-12-14 22:00:00+00:00,1,7.106849,8.305549,AT,AKC,urban,persistence
2023-12-14 23:00:00+00:00,1,4.977299,7.106849,AT,AKC,urban,persistence
2023-12-15 00:00:00+00:00,1,4.591499,4.977299,AT,AKC,urban,persistence
2023-12-15 01:00:00+00:00,1,4.674699,4.591499,AT,AKC,urban,persistence
2023-12-15 02:00:00+00:00,1,3.658499,4.674699,AT,AKC,urban,persistence
2023-12-15 03:00:00+00:00,1,3.76025,3.658499,AT,AKC,urban,persistence
2023-12-15 04:00:00+00:00,1,4.04085,3.76025,AT,AKC,urban,persistence
2023-12-15 05:00:00+00:00,1,5.02215,4.04085,AT,AKC,urban,persistence
2023-12-15 06:00:00+00:00,1,5.760199,5.02215,AT,AKC,urban,persistence
2023-12-15 07:00:00+00:00,1,4.620249,5.760199,AT,AKC,urban,persistence
2023-12-15 08:00:00+00:00,1,5.2722,4.620249,AT,AKC,urban,persistence
2023-12-15 09:00:00+00:00,1,6.4219,5.2722,AT,AKC,urban,persistence
2023-12-15 10:00:00+00:00,1,8.569,6.4219,AT,AKC,urban,persistence
2023-12-15 11:00:00+00:00,1,7.249449,8.569,AT,AKC,urban,persistence
2023-12-15 12:00:00+00:00,1,7.899549,7.249449,AT,AKC,urban,persistence
2023-12-15 13:00:00+00:00,1,7.994649,7.899549,AT,AKC,urban,persistence
2023-12-15 14:00:00+00:00,1,5.37555,7.994649,AT,AKC,urban,persistence
2023-12-15 15:00:00+00:00,1,5.478899,5.37555,AT,AKC,urban,persistence
2023-12-15 16:00:00+00:00,1,6.19525,5.478899,AT,AKC,urban,persistence
2023-12-15 17:00:00+00:00,1,6.3576,6.19525,AT,AKC,urban,persistence
2023-12-15 18:00:00+00:00,1,8.37555,6.3576,AT,AKC,urban,persistence
2023-12-15 19:00:00+00:00,1,9.382699,8.37555,AT,AKC,urban,persistence
2023-12-15 20:00:00+00:00,1,9.52795,9.382699,AT,AKC,urban,persistence
2023-12-15 21:00:00+00:00,1,8.658199,9.52795,AT,AKC,urban,persistence
2023-12-15 22:00:00+00:00,1,8.5016,8.658199,AT,AKC,urban,persistence
2023-12-15 23:00:00+00:00,1,8.312049,8.5016,AT,AKC,urban,persistence
2023-12-16 00:00:00+00:00,1,9.5155,8.312049,AT,AKC,urban,persistence
2023-12-16 01:00:00+00:00,1,9.344099,9.5155,AT,AKC,urban,persistence
2023-12-16 02:00:00+00:00,1,10.653,9.344099,AT,AKC,urban,persistence
2023-12-16 03:00:00+00:00,1,9.9874,10.653,AT,AKC,urban,persistence
2023-12-16 04:00:00+00:00,1,10.945,9.9874,AT,AKC,urban,persistence
2023-12-16 05:00:00+00:00,1,11.1355,10.945,AT,AKC,urban,persistence
2023-12-16 06:00:00+00:00,1,10.7775,11.1355,AT,AKC,urban,persistence
2023-12-16 07:00:00+00:00,1,8.622249,10.7775,AT,AKC,urban,persistence
2023-12-16 08:00:00+00:00,1,7.144949,8.622249,AT,AKC,urban,persistence
2023-12-16 09:00:00+00:00,1,6.86915,7.144949,AT,AKC,urban,persistence
2023-12-16 10:00:00+00:00,1,5.517149,6.86915,AT,AKC,urban,persistence
2023-12-16 11:00:00+00:00,1,6.769199,5.517149,AT,AKC,urban,persistence
2023-12-16 12:00:00+00:00,1,9.6756,6.769199,AT,AKC,urban,persistence
2023-12-16 13:00:00+00:00,1,11.2775,9.6756,AT,AKC,urban,persistence
2023-12-16 14:00:00+00:00,1,12.8395,11.2775,AT,AKC,urban,persistence
2023-12-16 15:00:00+00:00,1,13.353,12.8395,AT,AKC,urban,persistence
2023-12-16 16:00:00+00:00,1,13.3825,13.353,AT,AKC,urban,persistence
2023-12-16 17:00:00+00:00,1,13.713,13.3825,AT,AKC,urban,persistence
2023-12-16 18:00:00+00:00,1,14.231,13.713,AT,AKC,urban,persistence
2023-12-16 19:00:00+00:00,1,13.5075,14.231,AT,AKC,urban,persistence
2023-12-16 20:00:00+00:00,1,12.9495,13.5075,AT,AKC,urban,persistence
2023-12-16 21:00:00+00:00,1,13.366,12.9495,AT,AKC,urban,persistence
2023-12-16 22:00:00+00:00,1,9.80405,13.366,AT,AKC,urban,persistence
2023-12-16 23:00:00+00:00,1,8.916099,9.80405,AT,AKC,urban,persistence
2023-12-17 00:00:00+00:00,1,8.90285,8.916099,AT,AKC,urban,persistence
2023-12-17 01:00:00+00:00,1,8.477899,8.90285,AT,AKC,urban,persistence
2023-12-17 02:00:00+00:00,1,8.202099,8.477899,AT,AKC,urban,persistence
2023-12-17 03:00:00+00:00,1,7.81395,8.202099,AT,AKC,urban,persistence
2023-12-17 04:00:00+00:00,1,7.102749,7.81395,AT,AKC,urban,persistence
2023-12-17 05:00:00+00:00,1,6.167949,7.102749,AT,AKC,urban,persistence
2023-12-17 06:00:00+00:00,1,4.47695,6.167949,AT,AKC,urban,persistence
2023-12-17 07:00:00+00:00,1,4.3906,4.47695,AT,AKC,urban,persistence
2023-12-17 08:00:00+00:00,1,3.876699,4.3906,AT,AKC,urban,persistence
2023-12-17 09:00:00+00:00,1,3.208849,3.876699,AT,AKC,urban,persistence
2023-12-17 10:00:00+00:00,1,2.6693,3.208849,AT,AKC,urban,persistence
2023-12-17 11:00:00+00:00,1,2.574349,2.6693,AT,AKC,urban,persistence
2023-12-17 12:00:00+00:00,1,2.534349,2.574349,AT,AKC,urban,persistence
2023-12-17 13:00:00+00:00,1,2.5861,2.534349,AT,AKC,urban,persistence
2023-12-17 14:00:00+00:00,1,3.361799,2.5861,AT,AKC,urban,persistence
2023-12-17 15:00:00+00:00,1,5.0071,3.361799,AT,AKC,urban,persistence
2023-12-17 16:00:00+00:00,1,9.5079,5.0071,AT,AKC,urban,persistence
2023-12-17 17:00:00+00:00,1,17.5405,9.5079,AT,AKC,urban,persistence
2023-12-17 18:00:00+00:00,1,19.225,17.5405,AT,AKC,urban,persistence
2023-12-17 19:00:00+00:00,1,20.1005,19.225,AT,AKC,urban,persistence
2023-12-17 20:00:00+00:00,1,19.243,20.1005,AT,AKC,urban,persistence
2023-12-17 21:00:00+00:00,1,19.671,19.243,AT,AKC,urban,persistence
2023-12-17 22:00:00+00:00,1,20.343,19.671,AT,AKC,urban,persistence
2023-12-17 23:00:00+00:00,1,16.9195,20.343,AT,AKC,urban,persistence
2023-12-18 00:00:00+00:00,1,15.706,16.9195,AT,AKC,urban,persistence
2023-12-18 01:00:00+00:00,1,16.3415,15.706,AT,AKC,urban,persistence
2023-12-18 02:00:00+00:00,1,18.968,16.3415,AT,AKC,urban,persistence
2023-12-18 03:00:00+00:00,1,18.9415,18.968,AT,AKC,urban,persistence
2023-12-18 04:00:00+00:00,1,20.214,18.9415,AT,AKC,urban,persistence
2023-12-18 05:00:00+00:00,1,22.4115,20.214,AT,AKC,urban,persistence
2023-12-18 06:00:00+00:00,1,25.084,22.4115,AT,AKC,urban,persistence
2023-12-18 07:00:00+00:00,1,27.8925,25.084,AT,AKC,urban,persistence
2023-12-18 08:00:00+00:00,1,25.7585,27.8925,AT,AKC,urban,persistence
2023-12-18 09:00:00+00:00,1,7.44395,25.7585,AT,AKC,urban,persistence
2023-12-18 10:00:00+00:00,1,11.4907,7.44395,AT,AKC,urban,persistence
2023-12-18 11:00:00+00:00,1,5.941599,11.4907,AT,AKC,urban,persistence
2023-12-18 12:00:00+00:00,1,5.8232,5.941599,AT,AKC,urban,persistence
2023-12-18 13:00:00+00:00,1,4.772649,5.8232,AT,AKC,urban,persistence
2023-12-18 14:00:00+00:00,1,10.49635,4.772649,AT,AKC,urban,persistence
2023-12-18 15:00:00+00:00,1,8.358749,10.49635,AT,AKC,urban,persistence
2023-12-18 16:00:00+00:00,1,6.91655,8.358749,AT,AKC,urban,persistence
2023-12-18 17:00:00+00:00,1,13.90135,6.91655,AT,AKC,urban,persistence
2023-12-18 18:00:00+00:00,1,23.8985,13.90135,AT,AKC,urban,persistence
2023-12-18 19:00:00+00:00,1,27.827,23.8985,AT,AKC,urban,persistence
2023-12-18 20:00:00+00:00,1,27.9675,27.827,AT,AKC,urban,persistence
2023-12-18 21:00:00+00:00,1,27.982,27.9675,AT,AKC,urban,persistence
2023-12-18 22:00:00+00:00,1,26.4535,27.982,AT,AKC,urban,persistence
2023-12-18 23:00:00+00:00,1,27.866,26.4535,AT,AKC,urban,persistence
2023-12-19 00:00:00+00:00,1,25.6925,27.866,AT,AKC,urban,persistence
2023-12-19 01:00:00+00:00,1,24.9215,25.6925,AT,AKC,urban,persistence
2023-12-19 02:00:00+00:00,1,23.4835,24.9215,AT,AKC,urban,persistence
2023-12-19 03:00:00+00:00,1,4.888249,23.4835,AT,AKC,urban,persistence
2023-12-19 04:00:00+00:00,1,14.6502,4.888249,AT,AKC,urban,persistence
2023-12-19 05:00:00+00:00,1,26.1465,14.6502,AT,AKC,urban,persistence
2023-12-19 06:00:00+00:00,1,29.6805,26.1465,AT,AKC,urban,persistence
2023-12-19 07:00:00+00:00,1,25.5335,29.6805,AT,AKC,urban,persistence
2023-12-19 08:00:00+00:00,1,28.627,25.5335,AT,AKC,urban,persistence
2023-12-19 09:00:00+00:00,1,29.7125,28.627,AT,AKC,urban,persistence
2023-12-19 10:00:00+00:00,1,31.56,29.7125,AT,AKC,urban,persistence
2023-12-19 11:00:00+00:00,1,33.2775,31.56,AT,AKC,urban,persistence
2023-12-19 12:00:00+00:00,1,25.985,33.2775,AT,AKC,urban,persistence
2023-12-19 13:00:00+00:00,1,32.283,25.985,AT,AKC,urban,persistence
2023-12-19 14:00:00+00:00,1,28.1705,32.283,AT,AKC,urban,persistence
2023-12-19 15:00:00+00:00,1,30.879,28.1705,AT,AKC,urban,persistence
2023-12-19 16:00:00+00:00,1,36.8,30.879,AT,AKC,urban,persistence
2023-12-19 17:00:00+00:00,1,39.527,36.8,AT,AKC,urban,persistence
2023-12-19 18:00:00+00:00,1,36.7065,39.527,AT,AKC,urban,persistence
2023-12-19 19:00:00+00:00,1,33.909,36.7065,AT,AKC,urban,persistence
2023-12-19 20:00:00+00:00,1,36.689,33.909,AT,AKC,urban,persistence
2023-12-19 21:00:00+00:00,1,35.1745,36.689,AT,AKC,urban,persistence
2023-12-19 22:00:00+00:00,1,31.7065,35.1745,AT,AKC,urban,persistence
2023-12-19 23:00:00+00:00,1,33.008,31.7065,AT,AKC,urban,persistence
2023-12-20 00:00:00+00:00,1,28.667,33.008,AT,AKC,urban,persistence
2023-12-20 01:00:00+00:00,1,25.9415,28.667,AT,AKC,urban,persistence
2023-12-20 02:00:00+00:00,1,24.648,25.9415,AT,AKC,urban,persistence
2023-12-20 03:00:00+00:00,1,26.472,24.648,AT,AKC,urban,persistence
2023-12-20 04:00:00+00:00,1,7.818099,26.472,AT,AKC,urban,persistence
2023-12-20 05:00:00+00:00,1,8.549799,7.818099,AT,AKC,urban,persistence
2023-12-20 06:00:00+00:00,1,6.419699,8.549799,AT,AKC,urban,persistence
2023-12-20 07:00:00+00:00,1,6.07145,6.419699,AT,AKC,urban,persistence
2023-12-20 08:00:00+00:00,1,4.64935,6.07145,AT,AKC,urban,persistence
2023-12-20 09:00:00+00:00,1,3.9017,4.64935,AT,AKC,urban,persistence
2023-12-20 10:00:00+00:00,1,3.910049,3.9017,AT,AKC,urban,persistence
2023-12-20 11:00:00+00:00,1,3.2978,3.910049,AT,AKC,urban,persistence
2023-12-20 12:00:00+00:00,1,3.1435,3.2978,AT,AKC,urban,persistence
2023-12-20 13:00:00+00:00,1,3.401649,3.1435,AT,AKC,urban,persistence
2023-12-20 14:00:00+00:00,1,2.899799,3.401649,AT,AKC,urban,persistence
2023-12-20 15:00:00+00:00,1,3.492549,2.899799,AT,AKC,urban,persistence
2023-12-20 16:00:00+00:00,1,3.134399,3.492549,AT,AKC,urban,persistence
2023-12-20 17:00:00+00:00,1,3.458449,3.134399,AT,AKC,urban,persistence
2023-12-20 18:00:00+00:00,1,3.516149,3.458449,AT,AKC,urban,persistence
2023-12-20 19:00:00+00:00,1,4.361549,3.516149,AT,AKC,urban,persistence
2023-12-20 20:00:00+00:00,1,3.7477,4.361549,AT,AKC,urban,persistence
2023-12-20 21:00:00+00:00,1,3.21925,3.7477,AT,AKC,urban,persistence
2023-12-20 22:00:00+00:00,1,3.033999,3.21925,AT,AKC,urban,persistence
2023-12-20 23:00:00+00:00,1,2.30445,3.033999,AT,AKC,urban,persistence
2023-12-21 00:00:00+00:00,1,2.18945,2.30445,AT,AKC,urban,persistence
2023-12-21 01:00:00+00:00,1,1.944399,2.18945,AT,AKC,urban,persistence
2023-12-21 02:00:00+00:00,1,2.070199,1.944399,AT,AKC,urban,persistence
2023-12-21 03:00:00+00:00,1,1.7836,2.070199,AT,AKC,urban,persistence
2023-12-21 04:00:00+00:00,1,2.67645,1.7836,AT,AKC,urban,persistence
2023-12-21 05:00:00+00:00,1,4.0061,2.67645,AT,AKC,urban,persistence
2023-12-21 06:00:00+00:00,1,3.79005,4.0061,AT,AKC,urban,persistence
2023-12-21 07:00:00+00:00,1,2.5141,3.79005,AT,AKC,urban,persistence
2023-12-21 08:00:00+00:00,1,2.02705,2.5141,AT,AKC,urban,persistence
2023-12-21 09:00:00+00:00,1,2.20755,2.02705,AT,AKC,urban,persistence
2023-12-21 10:00:00+00:00,1,2.236799,2.20755,AT,AKC,urban,persistence
2023-12-21 11:00:00+00:00,1,2.636549,2.236799,AT,AKC,urban,persistence
2023-12-21 12:00:00+00:00,1,2.529399,2.636549,AT,AKC,urban,persistence
2023-12-21 13:00:00+00:00,1,1.380899,2.529399,AT,AKC,urban,persistence
2023-12-21 14:00:00+00:00,1,1.48185,1.380899,AT,AKC,urban,persistence
2023-12-21 15:00:00+00:00,1,1.248899,1.48185,AT,AKC,urban,persistence
2023-12-21 16:00:00+00:00,1,1.1895,1.248899,AT,AKC,urban,persistence
2023-12-21 17:00:00+00:00,1,1.21775,1.1895,AT,AKC,urban,persistence
2023-12-21 18:00:00+00:00,1,1.30795,1.21775,AT,AKC,urban,persistence
2023-12-21 19:00:00+00:00,1,1.167999,1.30795,AT,AKC,urban,persistence
2023-12-21 20:00:00+00:00,1,1.328199,1.167999,AT,AKC,urban,persistence
2023-12-21 21:00:00+00:00,1,1.378749,1.328199,AT,AKC,urban,persistence
2023-12-21 22:00:00+00:00,1,1.20885,1.378749,AT,AKC,urban,persistence
2023-12-21 23:00:00+00:00,1,1.365649,1.20885,AT,AKC,urban,persistence
2023-12-22 00:00:00+00:00,1,1.588649,1.365649,AT,AKC,urban,persistence
2023-12-22 01:00:00+00:00,1,1.734699,1.588649,AT,AKC,urban,persistence
2023-12-22 02:00:00+00:00,1,2.575799,1.734699,AT,AKC,urban,persistence
2023-12-22 03:00:00+00:00,1,1.782099,2.575799,AT,AKC,urban,persistence
2023-12-22 04:00:00+00:00,1,2.3947,1.782099,AT,AKC,urban,persistence
2023-12-22 05:00:00+00:00,1,2.65065,2.3947,AT,AKC,urban,persistence
2023-12-22 06:00:00+00:00,1,2.241699,2.65065,AT,AKC,urban,persistence
2023-12-22 07:00:00+00:00,1,2.06515,2.241699,AT,AKC,urban,persistence
2023-12-22 08:00:00+00:00,1,2.47345,2.06515,AT,AKC,urban,persistence
2023-12-22 09:00:00+00:00,1,2.254449,2.47345,AT,AKC,urban,persistence
2023-12-22 10:00:00+00:00,1,2.1202,2.254449,AT,AKC,urban,persistence
2023-12-22 11:00:00+00:00,1,1.654399,2.1202,AT,AKC,urban,persistence
2023-12-22 12:00:00+00:00,1,1.9656,1.654399,AT,AKC,urban,persistence
2023-12-22 13:00:00+00:00,1,1.97335,1.9656,AT,AKC,urban,persistence
2023-12-22 14:00:00+00:00,1,1.5787,1.97335,AT,AKC,urban,persistence
2023-12-22 15:00:00+00:00,1,1.315249,1.5787,AT,AKC,urban,persistence
2023-12-22 16:00:00+00:00,1,1.378649,1.315249,AT,AKC,urban,persistence
2023-12-22 17:00:00+00:00,1,1.522199,1.378649,AT,AKC,urban,persistence
2023-12-22 18:00:00+00:00,1,2.0425,1.522199,AT,AKC,urban,persistence
2023-12-22 19:00:00+00:00,1,3.155849,2.0425,AT,AKC,urban,persistence
2023-12-22 20:00:00+00:00,1,2.9892,3.155849,AT,AKC,urban,persistence
2023-12-22 21:00:00+00:00,1,1.013579,2.9892,AT,AKC,urban,persistence
2023-12-22 22:00:00+00:00,1,0.976999,1.013579,AT,AKC,urban,persistence
2023-12-22 23:00:00+00:00,1,0.851289,0.976999,AT,AKC,urban,persistence
2023-12-23 00:00:00+00:00,1,0.728595,0.851289,AT,AKC,urban,persistence
2023-12-23 01:00:00+00:00,1,0.66227,0.728595,AT,AKC,urban,persistence
2023-12-23 02:00:00+00:00,1,0.728705,0.66227,AT,AKC,urban,persistence
2023-12-23 03:00:00+00:00,1,0.724815,0.728705,AT,AKC,urban,persistence
2023-12-23 04:00:00+00:00,1,0.808229,0.724815,AT,AKC,urban,persistence
2023-12-23 05:00:00+00:00,1,1.021699,0.808229,AT,AKC,urban,persistence
2023-12-23 06:00:00+00:00,1,1.096899,1.021699,AT,AKC,urban,persistence
2023-12-23 07:00:00+00:00,1,1.284049,1.096899,AT,AKC,urban,persistence
2023-12-23 08:00:00+00:00,1,1.54115,1.284049,AT,AKC,urban,persistence
2023-12-23 09:00:00+00:00,1,4.034199,1.54115,AT,AKC,urban,persistence
2023-12-23 10:00:00+00:00,1,5.3125,4.034199,AT,AKC,urban,persistence
2023-12-23 11:00:00+00:00,1,3.312849,5.3125,AT,AKC,urban,persistence
2023-12-23 12:00:00+00:00,1,2.6526,3.312849,AT,AKC,urban,persistence
2023-12-23 13:00:00+00:00,1,1.1798,2.6526,AT,AKC,urban,persistence
2023-12-23 14:00:00+00:00,1,1.21235,1.1798,AT,AKC,urban,persistence
2023-12-23 15:00:00+00:00,1,2.467149,1.21235,AT,AKC,urban,persistence
2023-12-23 16:00:00+00:00,1,2.623399,2.467149,AT,AKC,urban,persistence
2023-12-23 17:00:00+00:00,1,1.826349,2.623399,AT,AKC,urban,persistence
2023-12-23 18:00:00+00:00,1,2.1475,1.826349,AT,AKC,urban,persistence
2023-12-23 19:00:00+00:00,1,2.563349,2.1475,AT,AKC,urban,persistence
2023-12-23 20:00:00+00:00,1,1.36415,2.563349,AT,AKC,urban,persistence
2023-12-23 21:00:00+00:00,1,1.1059,1.36415,AT,AKC,urban,persistence
2023-12-23 22:00:00+00:00,1,1.09645,1.1059,AT,AKC,urban,persistence
2023-12-23 23:00:00+00:00,1,1.10415,1.09645,AT,AKC,urban,persistence
2023-12-24 00:00:00+00:00,1,1.187,1.10415,AT,AKC,urban,persistence
2023-12-24 01:00:00+00:00,1,1.235499,1.187,AT,AKC,urban,persistence
2023-12-24 02:00:00+00:00,1,1.156049,1.235499,AT,AKC,urban,persistence
2023-12-24 03:00:00+00:00,1,1.136399,1.156049,AT,AKC,urban,persistence
2023-12-24 04:00:00+00:00,1,1.045199,1.136399,AT,AKC,urban,persistence
2023-12-24 05:00:00+00:00,1,1.163349,1.045199,AT,AKC,urban,persistence
2023-12-24 06:00:00+00:00,1,1.3054,1.163349,AT,AKC,urban,persistence
2023-12-24 07:00:00+00:00,1,1.43385,1.3054,AT,AKC,urban,persistence
2023-12-24 08:00:00+00:00,1,1.400799,1.43385,AT,AKC,urban,persistence
2023-12-24 09:00:00+00:00,1,1.43735,1.400799,AT,AKC,urban,persistence
2023-12-24 10:00:00+00:00,1,1.433799,1.43735,AT,AKC,urban,persistence
2023-12-24 11:00:00+00:00,1,1.29855,1.433799,AT,AKC,urban,persistence
2023-12-24 12:00:00+00:00,1,1.2978,1.29855,AT,AKC,urban,persistence
2023-12-24 13:00:00+00:00,1,1.7501,1.2978,AT,AKC,urban,persistence
2023-12-24 14:00:00+00:00,1,1.723999,1.7501,AT,AKC,urban,persistence
2023-12-24 15:00:00+00:00,1,1.5089,1.723999,AT,AKC,urban,persistence
2023-12-24 16:00:00+00:00,1,1.560299,1.5089,AT,AKC,urban,persistence
2023-12-24 17:00:00+00:00,1,1.62265,1.560299,AT,AKC,urban,persistence
2023-12-24 18:00:00+00:00,1,1.654,1.62265,AT,AKC,urban,persistence
2023-12-24 19:00:00+00:00,1,1.59675,1.654,AT,AKC,urban,persistence
2023-12-24 20:00:00+00:00,1,1.328649,1.59675,AT,AKC,urban,persistence
2023-12-24 21:00:00+00:00,1,1.52465,1.328649,AT,AKC,urban,persistence
2023-12-24 22:00:00+00:00,1,1.53075,1.52465,AT,AKC,urban,persistence
2023-12-24 23:00:00+00:00,1,1.556149,1.53075,AT,AKC,urban,persistence
2023-12-25 00:00:00+00:00,1,1.516999,1.556149,AT,AKC,urban,persistence
2023-12-25 01:00:00+00:00,1,1.444949,1.516999,AT,AKC,urban,persistence
2023-12-25 02:00:00+00:00,1,1.36465,1.444949,AT,AKC,urban,persistence
2023-12-25 03:00:00+00:00,1,1.2867,1.36465,AT,AKC,urban,persistence
2023-12-25 04:00:00+00:00,1,1.2193,1.2867,AT,AKC,urban,persistence
2023-12-25 05:00:00+00:00,1,1.35885,1.2193,AT,AKC,urban,persistence
2023-12-25 06:00:00+00:00,1,1.4544,1.35885,AT,AKC,urban,persistence
2023-12-25 07:00:00+00:00,1,1.560149,1.4544,AT,AKC,urban,persistence
2023-12-25 08:00:00+00:00,1,1.709949,1.560149,AT,AKC,urban,persistence
2023-12-25 09:00:00+00:00,1,1.766099,1.709949,AT,AKC,urban,persistence
2023-12-25 10:00:00+00:00,1,1.832849,1.766099,AT,AKC,urban,persistence
2023-12-25 11:00:00+00:00,1,1.91595,1.832849,AT,AKC,urban,persistence
2023-12-25 12:00:00+00:00,1,1.90455,1.91595,AT,AKC,urban,persistence
2023-12-25 13:00:00+00:00,1,1.959549,1.90455,AT,AKC,urban,persistence
2023-12-25 14:00:00+00:00,1,2.123149,1.959549,AT,AKC,urban,persistence
2023-12-25 15:00:00+00:00,1,2.338349,2.123149,AT,AKC,urban,persistence
2023-12-25 16:00:00+00:00,1,2.4994,2.338349,AT,AKC,urban,persistence
2023-12-25 17:00:00+00:00,1,2.220849,2.4994,AT,AKC,urban,persistence
2023-12-25 18:00:00+00:00,1,2.330049,2.220849,AT,AKC,urban,persistence
2023-12-25 19:00:00+00:00,1,1.98385,2.330049,AT,AKC,urban,persistence
2023-12-25 20:00:00+00:00,1,2.014149,1.98385,AT,AKC,urban,persistence
2023-12-25 21:00:00+00:00,1,2.071199,2.014149,AT,AKC,urban,persistence
2023-12-25 22:00:00+00:00,1,2.30955,2.071199,AT,AKC,urban,persistence
2023-12-25 23:00:00+00:00,1,2.25915,2.30955,AT,AKC,urban,persistence
2023-12-26 00:00:00+00:00,1,2.157949,2.25915,AT,AKC,urban,persistence
2023-12-26 01:00:00+00:00,1,1.954299,2.157949,AT,AKC,urban,persistence
2023-12-26 02:00:00+00:00,1,1.841449,1.954299,AT,AKC,urban,persistence
2023-12-26 03:00:00+00:00,1,1.874699,1.841449,AT,AKC,urban,persistence
2023-12-26 04:00:00+00:00,1,2.073699,1.874699,AT,AKC,urban,persistence
2023-12-26 05:00:00+00:00,1,2.3701,2.073699,AT,AKC,urban,persistence
2023-12-26 06:00:00+00:00,1,2.330999,2.3701,AT,AKC,urban,persistence
2023-12-26 07:00:00+00:00,1,2.64545,2.330999,AT,AKC,urban,persistence
2023-12-26 08:00:00+00:00,1,3.024149,2.64545,AT,AKC,urban,persistence
2023-12-26 09:00:00+00:00,1,3.00995,3.024149,AT,AKC,urban,persistence
2023-12-26 10:00:00+00:00,1,3.029649,3.00995,AT,AKC,urban,persistence
2023-12-26 11:00:00+00:00,1,2.93825,3.029649,AT,AKC,urban,persistence
2023-12-26 12:00:00+00:00,1,3.3036,2.93825,AT,AKC,urban,persistence
2023-12-26 13:00:00+00:00,1,3.3933,3.3036,AT,AKC,urban,persistence
2023-12-26 14:00:00+00:00,1,2.913899,3.3933,AT,AKC,urban,persistence
2023-12-26 15:00:00+00:00,1,2.802899,2.913899,AT,AKC,urban,persistence
2023-12-26 16:00:00+00:00,1,2.555249,2.802899,AT,AKC,urban,persistence
2023-12-26 17:00:00+00:00,1,2.4851,2.555249,AT,AKC,urban,persistence
2023-12-26 18:00:00+00:00,1,3.4828,2.4851,AT,AKC,urban,persistence
2023-12-26 19:00:00+00:00,1,4.03805,3.4828,AT,AKC,urban,persistence
2023-12-26 20:00:00+00:00,1,3.787799,4.03805,AT,AKC,urban,persistence
2023-12-26 21:00:00+00:00,1,3.32165,3.787799,AT,AKC,urban,persistence
2023-12-26 22:00:00+00:00,1,3.42175,3.32165,AT,AKC,urban,persistence
2023-12-26 23:00:00+00:00,1,3.29185,3.42175,AT,AKC,urban,persistence
2023-12-27 00:00:00+00:00,1,3.678999,3.29185,AT,AKC,urban,persistence
2023-12-27 01:00:00+00:00,1,3.850899,3.678999,AT,AKC,urban,persistence
2023-12-27 02:00:00+00:00,1,3.3431,3.850899,AT,AKC,urban,persistence
2023-12-27 03:00:00+00:00,1,2.919749,3.3431,AT,AKC,urban,persistence
2023-12-27 04:00:00+00:00,1,2.854199,2.919749,AT,AKC,urban,persistence
2023-12-27 05:00:00+00:00,1,2.984899,2.854199,AT,AKC,urban,persistence
2023-12-27 06:00:00+00:00,1,3.79305,2.984899,AT,AKC,urban,persistence
2023-12-27 07:00:00+00:00,1,4.563099,3.79305,AT,AKC,urban,persistence
2023-12-27 08:00:00+00:00,1,5.729249,4.563099,AT,AKC,urban,persistence
2023-12-27 09:00:00+00:00,1,5.72445,5.729249,AT,AKC,urban,persistence
2023-12-27 10:00:00+00:00,1,4.224349,5.72445,AT,AKC,urban,persistence
2023-12-27 11:00:00+00:00,1,4.1603,4.224349,AT,AKC,urban,persistence
2023-12-27 12:00:00+00:00,1,3.4874,4.1603,AT,AKC,urban,persistence
2023-12-27 13:00:00+00:00,1,3.839,3.4874,AT,AKC,urban,persistence
2023-12-27 14:00:00+00:00,1,5.64655,3.839,AT,AKC,urban,persistence
2023-12-27 15:00:00+00:00,1,12.9595,5.64655,AT,AKC,urban,persistence
2023-12-27 16:00:00+00:00,1,9.3371,12.9595,AT,AKC,urban,persistence
2023-12-27 17:00:00+00:00,1,11.646,9.3371,AT,AKC,urban,persistence
2023-12-27 18:00:00+00:00,1,13.826,11.646,AT,AKC,urban,persistence
2023-12-27 19:00:00+00:00,1,14.6405,13.826,AT,AKC,urban,persistence
2023-12-27 20:00:00+00:00,1,14.4455,14.6405,AT,AKC,urban,persistence
2023-12-27 21:00:00+00:00,1,14.5,14.4455,AT,AKC,urban,persistence
2023-12-27 22:00:00+00:00,1,15.2145,14.5,AT,AKC,urban,persistence
2023-12-27 23:00:00+00:00,1,16.4665,15.2145,AT,AKC,urban,persistence
2023-12-28 00:00:00+00:00,1,18.173,16.4665,AT,AKC,urban,persistence
2023-12-28 01:00:00+00:00,1,20.5655,18.173,AT,AKC,urban,persistence
2023-12-28 02:00:00+00:00,1,21.429,20.5655,AT,AKC,urban,persistence
2023-12-28 03:00:00+00:00,1,22.793,21.429,AT,AKC,urban,persistence
2023-12-28 04:00:00+00:00,1,24.394,22.793,AT,AKC,urban,persistence
2023-12-28 05:00:00+00:00,1,23.9975,24.394,AT,AKC,urban,persistence
2023-12-28 06:00:00+00:00,1,23.6535,23.9975,AT,AKC,urban,persistence
2023-12-28 07:00:00+00:00,1,22.6255,23.6535,AT,AKC,urban,persistence
2023-12-28 08:00:00+00:00,1,19.557,22.6255,AT,AKC,urban,persistence
2023-12-28 09:00:00+00:00,1,18.2765,19.557,AT,AKC,urban,persistence
2023-12-28 10:00:00+00:00,1,17.387,18.2765,AT,AKC,urban,persistence
2023-12-28 11:00:00+00:00,1,16.56,17.387,AT,AKC,urban,persistence
2023-12-28 12:00:00+00:00,1,15.554,16.56,AT,AKC,urban,persistence
2023-12-28 13:00:00+00:00,1,16.347,15.554,AT,AKC,urban,persistence
2023-12-28 14:00:00+00:00,1,19.3375,16.347,AT,AKC,urban,persistence
2023-12-28 15:00:00+00:00,1,21.821,19.3375,AT,AKC,urban,persistence
2023-12-28 16:00:00+00:00,1,23.206,21.821,AT,AKC,urban,persistence
2023-12-28 17:00:00+00:00,1,26.489,23.206,AT,AKC,urban,persistence
2023-12-28 18:00:00+00:00,1,23.248,26.489,AT,AKC,urban,persistence
2023-12-28 19:00:00+00:00,1,24.1565,23.248,AT,AKC,urban,persistence
2023-12-28 20:00:00+00:00,1,24.596,24.1565,AT,AKC,urban,persistence
2023-12-28 21:00:00+00:00,1,23.0555,24.596,AT,AKC,urban,persistence
2023-12-28 22:00:00+00:00,1,22.0865,23.0555,AT,AKC,urban,persistence
2023-12-28 23:00:00+00:00,1,19.3075,22.0865,AT,AKC,urban,persistence
2023-12-29 00:00:00+00:00,1,18.774,19.3075,AT,AKC,urban,persistence
2023-12-29 01:00:00+00:00,1,20.5035,18.774,AT,AKC,urban,persistence
2023-12-29 02:00:00+00:00,1,19.4605,20.5035,AT,AKC,urban,persistence
2023-12-29 03:00:00+00:00,1,7.919,19.4605,AT,AKC,urban,persistence
2023-12-29 04:00:00+00:00,1,2.824199,7.919,AT,AKC,urban,persistence
2023-12-29 05:00:00+00:00,1,5.698049,2.824199,AT,AKC,urban,persistence
2023-12-29 06:00:00+00:00,1,11.8185,5.698049,AT,AKC,urban,persistence
2023-12-29 07:00:00+00:00,1,13.3615,11.8185,AT,AKC,urban,persistence
2023-12-29 08:00:00+00:00,1,14.026,13.3615,AT,AKC,urban,persistence
2023-12-29 09:00:00+00:00,1,13.5555,14.026,AT,AKC,urban,persistence
2023-12-29 10:00:00+00:00,1,3.215899,13.5555,AT,AKC,urban,persistence
2023-12-29 11:00:00+00:00,1,3.308499,3.215899,AT,AKC,urban,persistence
2023-12-29 12:00:00+00:00,1,3.796999,3.308499,AT,AKC,urban,persistence
2023-12-29 13:00:00+00:00,1,3.827399,3.796999,AT,AKC,urban,persistence
2023-12-29 14:00:00+00:00,1,3.666599,3.827399,AT,AKC,urban,persistence
2023-12-29 15:00:00+00:00,1,5.49565,3.666599,AT,AKC,urban,persistence
2023-12-29 16:00:00+00:00,1,10.80035,5.49565,AT,AKC,urban,persistence
2023-12-29 17:00:00+00:00,1,4.285349,10.80035,AT,AKC,urban,persistence
2023-12-29 18:00:00+00:00,1,4.704699,4.285349,AT,AKC,urban,persistence
2023-12-29 19:00:00+00:00,1,11.1,4.704699,AT,AKC,urban,persistence
2023-12-29 20:00:00+00:00,1,13.1755,11.1,AT,AKC,urban,persistence
2023-12-29 21:00:00+00:00,1,15.0265,13.1755,AT,AKC,urban,persistence
2023-12-29 22:00:00+00:00,1,17.1135,15.0265,AT,AKC,urban,persistence
2023-12-29 23:00:00+00:00,1,17.103,17.1135,AT,AKC,urban,persistence
2023-12-30 00:00:00+00:00,1,15.5315,17.103,AT,AKC,urban,persistence
2023-12-30 01:00:00+00:00,1,4.188549,15.5315,AT,AKC,urban,persistence
2023-12-30 02:00:00+00:00,1,2.15915,4.188549,AT,AKC,urban,persistence
2023-12-30 03:00:00+00:00,1,2.13975,2.15915,AT,AKC,urban,persistence
2023-12-30 04:00:00+00:00,1,2.1124,2.13975,AT,AKC,urban,persistence
2023-12-30 05:00:00+00:00,1,2.294,2.1124,AT,AKC,urban,persistence
2023-12-30 06:00:00+00:00,1,2.439849,2.294,AT,AKC,urban,persistence
2023-12-30 07:00:00+00:00,1,2.781599,2.439849,AT,AKC,urban,persistence
2023-12-30 08:00:00+00:00,1,2.677449,2.781599,AT,AKC,urban,persistence
2023-12-30 09:00:00+00:00,1,2.61135,2.677449,AT,AKC,urban,persistence
2023-12-30 10:00:00+00:00,1,2.505549,2.61135,AT,AKC,urban,persistence
2023-12-30 11:00:00+00:00,1,2.35195,2.505549,AT,AKC,urban,persistence
2023-12-30 12:00:00+00:00,1,2.46465,2.35195,AT,AKC,urban,persistence
2023-12-30 13:00:00+00:00,1,2.478049,2.46465,AT,AKC,urban,persistence
2023-12-30 14:00:00+00:00,1,4.372799,2.478049,AT,AKC,urban,persistence
2023-12-30 15:00:00+00:00,1,5.155449,4.372799,AT,AKC,urban,persistence
2023-12-30 16:00:00+00:00,1,6.836299,5.155449,AT,AKC,urban,persistence
2023-12-30 17:00:00+00:00,1,8.9402,6.836299,AT,AKC,urban,persistence
2023-12-30 18:00:00+00:00,1,10.233,8.9402,AT,AKC,urban,persistence
2023-12-30 19:00:00+00:00,1,13.1365,10.233,AT,AKC,urban,persistence
2023-12-30 20:00:00+00:00,1,12.821,13.1365,AT,AKC,urban,persistence
2023-12-30 21:00:00+00:00,1,9.6335,12.821,AT,AKC,urban,persistence
2023-12-30 22:00:00+00:00,1,10.2266,9.6335,AT,AKC,urban,persistence
2023-12-30 23:00:00+00:00,1,13.0055,10.2266,AT,AKC,urban,persistence
2023-12-31 00:00:00+00:00,1,15.2385,13.0055,AT,AKC,urban,persistence
2023-12-31 01:00:00+00:00,1,15.7235,15.2385,AT,AKC,urban,persistence
2023-12-31 02:00:00+00:00,1,15.096,15.7235,AT,AKC,urban,persistence
2023-12-31 03:00:00+00:00,1,15.4765,15.096,AT,AKC,urban,persistence
2023-12-31 04:00:00+00:00,1,23.6135,15.4765,AT,AKC,urban,persistence
2023-12-31 05:00:00+00:00,1,28.1025,23.6135,AT,AKC,urban,persistence
2023-12-31 06:00:00+00:00,1,28.232,28.1025,AT,AKC,urban,persistence
2023-12-31 07:00:00+00:00,1,25.5025,28.232,AT,AKC,urban,persistence
2023-12-31 08:00:00+00:00,1,24.835,25.5025,AT,AKC,urban,persistence
2023-12-31 09:00:00+00:00,1,25.217,24.835,AT,AKC,urban,persistence
2023-12-31 10:00:00+00:00,1,21.348,25.217,AT,AKC,urban,persistence
2023-12-31 11:00:00+00:00,1,19.787,21.348,AT,AKC,urban,persistence
2023-12-31 12:00:00+00:00,1,19.4085,19.787,AT,AKC,urban,persistence
2023-12-31 13:00:00+00:00,1,19.59,19.4085,AT,AKC,urban,persistence
2023-12-31 14:00:00+00:00,1,16.1215,19.59,AT,AKC,urban,persistence
2023-12-31 15:00:00+00:00,1,16.4425,16.1215,AT,AKC,urban,persistence
2023-12-31 16:00:00+00:00,1,17.905,16.4425,AT,AKC,urban,persistence
2023-12-31 17:00:00+00:00,1,20.1645,17.905,AT,AKC,urban,persistence
2023-12-31 18:00:00+00:00,1,21.513,20.1645,AT,AKC,urban,persistence
2023-12-31 19:00:00+00:00,1,22.779,21.513,AT,AKC,urban,persistence
2023-12-31 20:00:00+00:00,1,20.9065,22.779,AT,AKC,urban,persistence
2024-01-01 02:00:00+00:00,1,3.297425,4.059174,AT,AKC,urban,persistence
2024-01-01 05:00:00+00:00,1,2.177375,2.3347745,AT,AKC,urban,persistence
2024-01-01 06:00:00+00:00,1,2.779575,2.177375,AT,AKC,urban,persistence
2024-01-01 07:00:00+00:00,1,4.5905245,2.779575,AT,AKC,urban,persistence
2024-01-01 08:00:00+00:00,1,5.9244495,4.5905245,AT,AKC,urban,persistence
2024-01-01 11:00:00+00:00,1,3.817875,4.0548495,AT,AKC,urban,persistence
2024-01-01 12:00:00+00:00,1,4.0565245,3.817875,AT,AKC,urban,persistence
2024-01-01 13:00:00+00:00,1,3.9852,4.0565245,AT,AKC,urban,persistence
2024-01-01 14:00:00+00:00,1,3.733299,3.9852,AT,AKC,urban,persistence
2024-01-01 15:00:00+00:00,1,4.405475,3.733299,AT,AKC,urban,persistence
2024-01-01 16:00:00+00:00,1,3.2383995,4.405475,AT,AKC,urban,persistence
2024-01-01 17:00:00+00:00,1,3.5789245,3.2383995,AT,AKC,urban,persistence
2024-01-01 18:00:00+00:00,1,3.6944495,3.5789245,AT,AKC,urban,persistence
2024-01-01 19:00:00+00:00,1,3.626325,3.6944495,AT,AKC,urban,persistence
2024-01-01 20:00:00+00:00,1,3.3901495,3.626325,AT,AKC,urban,persistence
2024-01-01 23:00:00+00:00,1,3.460049,3.4584995,AT,AKC,urban,persistence
2024-01-02 00:00:00+00:00,1,3.394025,3.460049,AT,AKC,urban,persistence
2024-01-02 01:00:00+00:00,1,3.5450495,3.394025,AT,AKC,urban,persistence
2024-01-02 02:00:00+00:00,1,3.8805495,3.5450495,AT,AKC,urban,persistence
2024-01-02 03:00:00+00:00,1,4.171799,3.8805495,AT,AKC,urban,persistence
2024-01-02 04:00:00+00:00,1,5.1064,4.171799,AT,AKC,urban,persistence
2024-01-02 05:00:00+00:00,1,5.6620745,5.1064,AT,AKC,urban,persistence
2024-01-02 06:00:00+00:00,1,6.0538245,5.6620745,AT,AKC,urban,persistence
2024-01-02 07:00:00+00:00,1,5.790324,6.0538245,AT,AKC,urban,persistence
2024-01-02 08:00:00+00:00,1,4.7078495,5.790324,AT,AKC,urban,persistence
2024-01-02 09:00:00+00:00,1,4.549699,4.7078495,AT,AKC,urban,persistence
2024-01-02 10:00:00+00:00,1,5.2766245,4.549699,AT,AKC,urban,persistence
2024-01-02 11:00:00+00:00,1,5.8317745,5.2766245,AT,AKC,urban,persistence
2024-01-02 12:00:00+00:00,1,7.1111,5.8317745,AT,AKC,urban,persistence
2024-01-02 13:00:00+00:00,1,7.3974745,7.1111,AT,AKC,urban,persistence
2024-01-02 14:00:00+00:00,1,7.9178,7.3974745,AT,AKC,urban,persistence
2024-01-02 15:00:00+00:00,1,8.348324,7.9178,AT,AKC,urban,persistence
2024-01-02 16:00:00+00:00,1,8.1353995,8.348324,AT,AKC,urban,persistence
2024-01-02 17:00:00+00:00,1,9.1924495,8.1353995,AT,AKC,urban,persistence
2024-01-02 18:00:00+00:00,1,10.463425,9.1924495,AT,AKC,urban,persistence
2024-01-02 19:00:00+00:00,1,12.225,10.463425,AT,AKC,urban,persistence
2024-01-02 20:00:00+00:00,1,11.4995,12.225,AT,AKC,urban,persistence
2024-01-02 21:00:00+00:00,1,11.40575,11.4995,AT,AKC,urban,persistence
2024-01-02 22:00:00+00:00,1,10.162475,11.40575,AT,AKC,urban,persistence
2024-01-02 23:00:00+00:00,1,9.2758995,10.162475,AT,AKC,urban,persistence
2024-01-03 00:00:00+00:00,1,11.68,9.2758995,AT,AKC,urban,persistence
2024-01-03 01:00:00+00:00,1,11.432,11.68,AT,AKC,urban,persistence
2024-01-03 02:00:00+00:00,1,5.8953495,11.432,AT,AKC,urban,persistence
2024-01-03 03:00:00+00:00,1,1.372649,5.8953495,AT,AKC,urban,persistence
2024-01-03 04:00:00+00:00,1,1.8073245,1.372649,AT,AKC,urban,persistence
2024-01-03 05:00:00+00:00,1,2.0131995,1.8073245,AT,AKC,urban,persistence
2024-01-03 06:00:00+00:00,1,1.7119995,2.0131995,AT,AKC,urban,persistence
2024-01-03 07:00:00+00:00,1,1.5342995,1.7119995,AT,AKC,urban,persistence
2024-01-03 08:00:00+00:00,1,1.6832495,1.5342995,AT,AKC,urban,persistence
2024-01-03 09:00:00+00:00,1,1.565949,1.6832495,AT,AKC,urban,persistence
2024-01-03 10:00:00+00:00,1,1.583725,1.565949,AT,AKC,urban,persistence
2024-01-03 11:00:00+00:00,1,1.7076995,1.583725,AT,AKC,urban,persistence
2024-01-03 12:00:00+00:00,1,1.9295995,1.7076995,AT,AKC,urban,persistence
2024-01-03 13:00:00+00:00,1,1.8182745,1.9295995,AT,AKC,urban,persistence
2024-01-03 14:00:00+00:00,1,1.7936245,1.8182745,AT,AKC,urban,persistence
2024-01-03 15:00:00+00:00,1,3.8107495,1.7936245,AT,AKC,urban,persistence
2024-01-03 16:00:00+00:00,1,5.927224,3.8107495,AT,AKC,urban,persistence
2024-01-03 17:00:00+00:00,1,6.9616495,5.927224,AT,AKC,urban,persistence
2024-01-03 18:00:00+00:00,1,9.440224,6.9616495,AT,AKC,urban,persistence
2024-01-03 19:00:00+00:00,1,7.258075,9.440224,AT,AKC,urban,persistence
2024-01-03 20:00:00+00:00,1,13.89775,7.258075,AT,AKC,urban,persistence
2024-01-03 21:00:00+00:00,1,8.0862995,13.89775,AT,AKC,urban,persistence
2024-01-03 22:00:00+00:00,1,3.2164745,8.0862995,AT,AKC,urban,persistence
2024-01-03 23:00:00+00:00,1,2.16585,3.2164745,AT,AKC,urban,persistence
2024-01-04 00:00:00+00:00,1,1.510625,2.16585,AT,AKC,urban,persistence
2024-01-04 01:00:00+00:00,1,1.63845,1.510625,AT,AKC,urban,persistence
2024-01-04 02:00:00+00:00,1,1.0650195,1.63845,AT,AKC,urban,persistence
2024-01-04 03:00:00+00:00,1,1.120469,1.0650195,AT,AKC,urban,persistence
2024-01-04 04:00:00+00:00,1,1.2983745,1.120469,AT,AKC,urban,persistence
2024-01-04 05:00:00+00:00,1,1.680525,1.2983745,AT,AKC,urban,persistence
2024-01-04 06:00:00+00:00,1,1.6002245,1.680525,AT,AKC,urban,persistence
2024-01-04 07:00:00+00:00,1,1.7368995,1.6002245,AT,AKC,urban,persistence
2024-01-04 08:00:00+00:00,1,1.6435995,1.7368995,AT,AKC,urban,persistence
2024-01-04 09:00:00+00:00,1,1.5596745,1.6435995,AT,AKC,urban,persistence
2024-01-04 10:00:00+00:00,1,1.7436745,1.5596745,AT,AKC,urban,persistence
2024-01-04 11:00:00+00:00,1,1.6979745,1.7436745,AT,AKC,urban,persistence
2024-01-04 12:00:00+00:00,1,1.5990245,1.6979745,AT,AKC,urban,persistence
2024-01-04 13:00:00+00:00,1,1.7110995,1.5990245,AT,AKC,urban,persistence
2024-01-04 14:00:00+00:00,1,1.805499,1.7110995,AT,AKC,urban,persistence
2024-01-04 15:00:00+00:00,1,1.70325,1.805499,AT,AKC,urban,persistence
2024-01-04 16:00:00+00:00,1,2.0219495,1.70325,AT,AKC,urban,persistence
2024-01-04 17:00:00+00:00,1,2.158225,2.0219495,AT,AKC,urban,persistence
2024-01-04 18:00:00+00:00,1,1.796199,2.158225,AT,AKC,urban,persistence
2024-01-04 19:00:00+00:00,1,1.833749,1.796199,AT,AKC,urban,persistence
2024-01-04 20:00:00+00:00,1,1.9429995,1.833749,AT,AKC,urban,persistence
2024-01-04 21:00:00+00:00,1,2.0590245,1.9429995,AT,AKC,urban,persistence
2024-01-04 22:00:00+00:00,1,2.132649,2.0590245,AT,AKC,urban,persistence
2024-01-04 23:00:00+00:00,1,2.1587245,2.132649,AT,AKC,urban,persistence
2024-01-05 00:00:00+00:00,1,2.301149,2.1587245,AT,AKC,urban,persistence
2024-01-05 01:00:00+00:00,1,2.6635245,2.301149,AT,AKC,urban,persistence
2024-01-05 02:00:00+00:00,1,2.9558995,2.6635245,AT,AKC,urban,persistence
2024-01-05 03:00:00+00:00,1,3.141875,2.9558995,AT,AKC,urban,persistence
2024-01-05 04:00:00+00:00,1,3.759049,3.141875,AT,AKC,urban,persistence
2024-01-05 05:00:00+00:00,1,4.1828,3.759049,AT,AKC,urban,persistence
2024-01-05 06:00:00+00:00,1,4.6057995,4.1828,AT,AKC,urban,persistence
2024-01-05 07:00:00+00:00,1,4.289225,4.6057995,AT,AKC,urban,persistence
2024-01-05 08:00:00+00:00,1,4.9759495,4.289225,AT,AKC,urban,persistence
2024-01-05 09:00:00+00:00,1,5.974749,4.9759495,AT,AKC,urban,persistence
2024-01-05 10:00:00+00:00,1,10.6484,5.974749,AT,AKC,urban,persistence
2024-01-05 11:00:00+00:00,1,13.563,10.6484,AT,AKC,urban,persistence
2024-01-05 12:00:00+00:00,1,15.21,13.563,AT,AKC,urban,persistence
2024-01-05 13:00:00+00:00,1,15.0375,15.21,AT,AKC,urban,persistence
2024-01-05 14:00:00+00:00,1,12.92675,15.0375,AT,AKC,urban,persistence
2024-01-05 15:00:00+00:00,1,13.4475,12.92675,AT,AKC,urban,persistence
2024-01-05 16:00:00+00:00,1,16.1915,13.4475,AT,AKC,urban,persistence
2024-01-05 17:00:00+00:00,1,17.99275,16.1915,AT,AKC,urban,persistence
2024-01-05 18:00:00+00:00,1,19.95625,17.99275,AT,AKC,urban,persistence
2024-01-05 19:00:00+00:00,1,22.63425,19.95625,AT,AKC,urban,persistence
2024-01-05 20:00:00+00:00,1,21.74625,22.63425,AT,AKC,urban,persistence
2024-01-05 21:00:00+00:00,1,19.9295,21.74625,AT,AKC,urban,persistence
2024-01-05 22:00:00+00:00,1,19.617,19.9295,AT,AKC,urban,persistence
2024-01-05 23:00:00+00:00,1,19.5185,19.617,AT,AKC,urban,persistence
2024-01-06 00:00:00+00:00,1,19.618,19.5185,AT,AKC,urban,persistence
2024-01-06 01:00:00+00:00,1,21.5725,19.618,AT,AKC,urban,persistence
2024-01-06 02:00:00+00:00,1,21.53225,21.5725,AT,AKC,urban,persistence
2024-01-06 03:00:00+00:00,1,20.41925,21.53225,AT,AKC,urban,persistence
2024-01-06 04:00:00+00:00,1,19.10375,20.41925,AT,AKC,urban,persistence
2024-01-06 05:00:00+00:00,1,18.01975,19.10375,AT,AKC,urban,persistence
2024-01-06 06:00:00+00:00,1,16.72325,18.01975,AT,AKC,urban,persistence
2024-01-06 07:00:00+00:00,1,14.8745,16.72325,AT,AKC,urban,persistence
2024-01-06 08:00:00+00:00,1,9.8046495,14.8745,AT,AKC,urban,persistence
2024-01-06 09:00:00+00:00,1,6.8411245,9.8046495,AT,AKC,urban,persistence
2024-01-06 10:00:00+00:00,1,9.053675,6.8411245,AT,AKC,urban,persistence
2024-01-06 11:00:00+00:00,1,9.5289745,9.053675,AT,AKC,urban,persistence
2024-01-06 12:00:00+00:00,1,8.4610995,9.5289745,AT,AKC,urban,persistence
2024-01-06 13:00:00+00:00,1,8.519775,8.4610995,AT,AKC,urban,persistence
2024-01-06 14:00:00+00:00,1,7.7456245,8.519775,AT,AKC,urban,persistence
2024-01-06 15:00:00+00:00,1,7.000499,7.7456245,AT,AKC,urban,persistence
2024-01-06 16:00:00+00:00,1,6.149575,7.000499,AT,AKC,urban,persistence
2024-01-06 17:00:00+00:00,1,6.1059245,6.149575,AT,AKC,urban,persistence
2024-01-06 18:00:00+00:00,1,7.965949,6.1059245,AT,AKC,urban,persistence
2024-01-06 19:00:00+00:00,1,11.32475,7.965949,AT,AKC,urban,persistence
2024-01-06 20:00:00+00:00,1,9.336075,11.32475,AT,AKC,urban,persistence
2024-01-06 21:00:00+00:00,1,8.44005,9.336075,AT,AKC,urban,persistence
2024-01-06 22:00:00+00:00,1,8.1576495,8.44005,AT,AKC,urban,persistence
2024-01-06 23:00:00+00:00,1,6.3624245,8.1576495,AT,AKC,urban,persistence
2024-01-07 00:00:00+00:00,1,5.654599,6.3624245,AT,AKC,urban,persistence
2024-01-07 01:00:00+00:00,1,6.287774,5.654599,AT,AKC,urban,persistence
2024-01-07 02:00:00+00:00,1,7.1083,6.287774,AT,AKC,urban,persistence
2024-01-07 03:00:00+00:00,1,8.0224995,7.1083,AT,AKC,urban,persistence
2024-01-07 04:00:00+00:00,1,8.099075,8.0224995,AT,AKC,urban,persistence
2024-01-07 05:00:00+00:00,1,8.827174,8.099075,AT,AKC,urban,persistence
2024-01-07 06:00:00+00:00,1,8.8299495,8.827174,AT,AKC,urban,persistence
2024-01-07 07:00:00+00:00,1,10.90525,8.8299495,AT,AKC,urban,persistence
2024-01-07 08:00:00+00:00,1,9.0217495,10.90525,AT,AKC,urban,persistence
2024-01-07 09:00:00+00:00,1,7.7530995,9.0217495,AT,AKC,urban,persistence
2024-01-07 10:00:00+00:00,1,9.0262245,7.7530995,AT,AKC,urban,persistence
2024-01-07 11:00:00+00:00,1,9.4962745,9.0262245,AT,AKC,urban,persistence
2024-01-07 12:00:00+00:00,1,10.1423745,9.4962745,AT,AKC,urban,persistence
2024-01-07 13:00:00+00:00,1,10.0133,10.1423745,AT,AKC,urban,persistence
2024-01-07 14:00:00+00:00,1,10.51225,10.0133,AT,AKC,urban,persistence
2024-01-07 15:00:00+00:00,1,12.26975,10.51225,AT,AKC,urban,persistence
2024-01-07 16:00:00+00:00,1,13.02275,12.26975,AT,AKC,urban,persistence
2024-01-07 17:00:00+00:00,1,11.22175,13.02275,AT,AKC,urban,persistence
2024-01-07 18:00:00+00:00,1,8.9010245,11.22175,AT,AKC,urban,persistence
2024-01-07 19:00:00+00:00,1,8.4186245,8.9010245,AT,AKC,urban,persistence
2024-01-07 20:00:00+00:00,1,9.2153745,8.4186245,AT,AKC,urban,persistence
2024-01-07 23:00:00+00:00,1,10.191975,9.89545,AT,AKC,urban,persistence
2024-01-08 00:00:00+00:00,1,11.21975,10.191975,AT,AKC,urban,persistence
2024-01-08 01:00:00+00:00,1,12.67625,11.21975,AT,AKC,urban,persistence
2024-01-08 02:00:00+00:00,1,11.62225,12.67625,AT,AKC,urban,persistence
2024-01-08 03:00:00+00:00,1,11.4455,11.62225,AT,AKC,urban,persistence
2024-01-08 04:00:00+00:00,1,12.029,11.4455,AT,AKC,urban,persistence
2024-01-08 05:00:00+00:00,1,12.39675,12.029,AT,AKC,urban,persistence
2024-01-08 06:00:00+00:00,1,12.7175,12.39675,AT,AKC,urban,persistence
2024-01-08 07:00:00+00:00,1,13.8485,12.7175,AT,AKC,urban,persistence
2024-01-08 08:00:00+00:00,1,17.1525,13.8485,AT,AKC,urban,persistence
2024-01-08 09:00:00+00:00,1,18.75475,17.1525,AT,AKC,urban,persistence
2024-01-08 10:00:00+00:00,1,17.79475,18.75475,AT,AKC,urban,persistence
2024-01-08 11:00:00+00:00,1,17.851,17.79475,AT,AKC,urban,persistence
2024-01-08 12:00:00+00:00,1,18.62775,17.851,AT,AKC,urban,persistence
2024-01-08 13:00:00+00:00,1,18.09375,18.62775,AT,AKC,urban,persistence
2024-01-08 14:00:00+00:00,1,19.1325,18.09375,AT,AKC,urban,persistence
2024-01-08 15:00:00+00:00,1,18.71,19.1325,AT,AKC,urban,persistence
2024-01-08 16:00:00+00:00,1,18.42775,18.71,AT,AKC,urban,persistence
2024-01-08 17:00:00+00:00,1,20.34275,18.42775,AT,AKC,urban,persistence
2024-01-08 18:00:00+00:00,1,21.294,20.34275,AT,AKC,urban,persistence
2024-01-08 19:00:00+00:00,1,22.07625,21.294,AT,AKC,urban,persistence
2024-01-08 20:00:00+00:00,1,21.863,22.07625,AT,AKC,urban,persistence
2024-01-08 21:00:00+00:00,1,22.65175,21.863,AT,AKC,urban,persistence
2024-01-08 22:00:00+00:00,1,20.904,22.65175,AT,AKC,urban,persistence
2024-01-08 23:00:00+00:00,1,21.2445,20.904,AT,AKC,urban,persistence
2024-01-09 00:00:00+00:00,1,21.4285,21.2445,AT,AKC,urban,persistence
2024-01-09 01:00:00+00:00,1,21.03975,21.4285,AT,AKC,urban,persistence
2024-01-09 02:00:00+00:00,1,20.61775,21.03975,AT,AKC,urban,persistence
2024-01-09 03:00:00+00:00,1,20.71175,20.61775,AT,AKC,urban,persistence
2024-01-09 04:00:00+00:00,1,21.08075,20.71175,AT,AKC,urban,persistence
2024-01-09 05:00:00+00:00,1,22.348,21.08075,AT,AKC,urban,persistence
2024-01-09 06:00:00+00:00,1,23.971,22.348,AT,AKC,urban,persistence
2024-01-09 07:00:00+00:00,1,23.364,23.971,AT,AKC,urban,persistence
2024-01-09 08:00:00+00:00,1,23.35775,23.364,AT,AKC,urban,persistence
2024-01-09 09:00:00+00:00,1,23.26125,23.35775,AT,AKC,urban,persistence
2024-01-09 10:00:00+00:00,1,24.6325,23.26125,AT,AKC,urban,persistence
2024-01-09 11:00:00+00:00,1,24.70175,24.6325,AT,AKC,urban,persistence
2024-01-09 12:00:00+00:00,1,24.64825,24.70175,AT,AKC,urban,persistence
2024-01-09 13:00:00+00:00,1,24.60475,24.64825,AT,AKC,urban,persistence
2024-01-09 14:00:00+00:00,1,25.37675,24.60475,AT,AKC,urban,persistence
2024-01-09 15:00:00+00:00,1,25.27625,25.37675,AT,AKC,urban,persistence
2024-01-09 16:00:00+00:00,1,28.496,25.27625,AT,AKC,urban,persistence
2024-01-09 17:00:00+00:00,1,30.84075,28.496,AT,AKC,urban,persistence
2024-01-09 18:00:00+00:00,1,32.05175,30.84075,AT,AKC,urban,persistence
2024-01-09 19:00:00+00:00,1,36.2825,32.05175,AT,AKC,urban,persistence
2024-01-09 20:00:00+00:00,1,35.3045,36.2825,AT,AKC,urban,persistence
2024-01-09 21:00:00+00:00,1,37.14725,35.3045,AT,AKC,urban,persistence
2024-01-09 22:00:00+00:00,1,39.17225,37.14725,AT,AKC,urban,persistence
2024-01-09 23:00:00+00:00,1,40.9925,39.17225,AT,AKC,urban,persistence
2024-01-10 00:00:00+00:00,1,42.75375,40.9925,AT,AKC,urban,persistence
2024-01-10 01:00:00+00:00,1,45.5235,42.75375,AT,AKC,urban,persistence
2024-01-10 02:00:00+00:00,1,48.10075,45.5235,AT,AKC,urban,persistence
2024-01-10 03:00:00+00:00,1,48.98575,48.10075,AT,AKC,urban,persistence
2024-01-10 04:00:00+00:00,1,46.61225,48.98575,AT,AKC,urban,persistence
2024-01-10 05:00:00+00:00,1,43.75625,46.61225,AT,AKC,urban,persistence
2024-01-10 06:00:00+00:00,1,43.46825,43.75625,AT,AKC,urban,persistence
2024-01-10 07:00:00+00:00,1,44.2365,43.46825,AT,AKC,urban,persistence
2024-01-10 08:00:00+00:00,1,44.773,44.2365,AT,AKC,urban,persistence
2024-01-10 09:00:00+00:00,1,38.2005,44.773,AT,AKC,urban,persistence
2024-01-10 10:00:00+00:00,1,32.56475,38.2005,AT,AKC,urban,persistence
2024-01-10 11:00:00+00:00,1,26.42375,32.56475,AT,AKC,urban,persistence
2024-01-10 12:00:00+00:00,1,30.89675,26.42375,AT,AKC,urban,persistence
2024-01-10 13:00:00+00:00,1,25.014,30.89675,AT,AKC,urban,persistence
2024-01-10 14:00:00+00:00,1,30.4375,25.014,AT,AKC,urban,persistence
2024-01-10 15:00:00+00:00,1,28.04025,30.4375,AT,AKC,urban,persistence
2024-01-10 16:00:00+00:00,1,26.84425,28.04025,AT,AKC,urban,persistence
2024-01-10 17:00:00+00:00,1,31.0625,26.84425,AT,AKC,urban,persistence
2024-01-10 18:00:00+00:00,1,31.48625,31.0625,AT,AKC,urban,persistence
2024-01-10 19:00:00+00:00,1,30.39175,31.48625,AT,AKC,urban,persistence
2024-01-10 20:00:00+00:00,1,29.92525,30.39175,AT,AKC,urban,persistence
2024-01-10 21:00:00+00:00,1,29.47125,29.92525,AT,AKC,urban,persistence
2024-01-10 22:00:00+00:00,1,28.5625,29.47125,AT,AKC,urban,persistence
2024-01-10 23:00:00+00:00,1,29.142,28.5625,AT,AKC,urban,persistence
2024-01-11 00:00:00+00:00,1,29.7425,29.142,AT,AKC,urban,persistence
2024-01-11 01:00:00+00:00,1,29.841,29.7425,AT,AKC,urban,persistence
2024-01-11 02:00:00+00:00,1,29.18325,29.841,AT,AKC,urban,persistence
2024-01-11 03:00:00+00:00,1,28.1165,29.18325,AT,AKC,urban,persistence
2024-01-11 04:00:00+00:00,1,28.221,28.1165,AT,AKC,urban,persistence
2024-01-11 05:00:00+00:00,1,30.221,28.221,AT,AKC,urban,persistence
2024-01-11 06:00:00+00:00,1,32.0805,30.221,AT,AKC,urban,persistence
2024-01-11 07:00:00+00:00,1,32.8455,32.0805,AT,AKC,urban,persistence
2024-01-11 08:00:00+00:00,1,32.40875,32.8455,AT,AKC,urban,persistence
2024-01-11 09:00:00+00:00,1,30.45475,32.40875,AT,AKC,urban,persistence
2024-01-11 10:00:00+00:00,1,27.8215,30.45475,AT,AKC,urban,persistence
2024-01-11 11:00:00+00:00,1,27.031,27.8215,AT,AKC,urban,persistence
2024-01-11 12:00:00+00:00,1,28.254,27.031,AT,AKC,urban,persistence
2024-01-11 13:00:00+00:00,1,25.34025,28.254,AT,AKC,urban,persistence
2024-01-11 14:00:00+00:00,1,24.82425,25.34025,AT,AKC,urban,persistence
2024-01-11 15:00:00+00:00,1,27.141,24.82425,AT,AKC,urban,persistence
2024-01-11 16:00:00+00:00,1,25.929,27.141,AT,AKC,urban,persistence
2024-01-11 17:00:00+00:00,1,24.6905,25.929,AT,AKC,urban,persistence
2024-01-11 18:00:00+00:00,1,23.54325,24.6905,AT,AKC,urban,persistence
2024-01-11 19:00:00+00:00,1,26.15725,23.54325,AT,AKC,urban,persistence
2024-01-11 20:00:00+00:00,1,28.13525,26.15725,AT,AKC,urban,persistence
2024-01-11 21:00:00+00:00,1,28.84925,28.13525,AT,AKC,urban,persistence
2024-01-11 22:00:00+00:00,1,27.64875,28.84925,AT,AKC,urban,persistence
2024-01-11 23:00:00+00:00,1,27.66125,27.64875,AT,AKC,urban,persistence
2024-01-12 00:00:00+00:00,1,31.16025,27.66125,AT,AKC,urban,persistence
2024-01-12 01:00:00+00:00,1,29.3815,31.16025,AT,AKC,urban,persistence
2024-01-12 02:00:00+00:00,1,26.584,29.3815,AT,AKC,urban,persistence
2024-01-12 03:00:00+00:00,1,29.42825,26.584,AT,AKC,urban,persistence
2024-01-12 04:00:00+00:00,1,30.15325,29.42825,AT,AKC,urban,persistence
2024-01-12 05:00:00+00:00,1,31.74775,30.15325,AT,AKC,urban,persistence
2024-01-12 06:00:00+00:00,1,30.79225,31.74775,AT,AKC,urban,persistence
2024-01-12 07:00:00+00:00,1,29.146,30.79225,AT,AKC,urban,persistence
2024-01-12 08:00:00+00:00,1,27.555,29.146,AT,AKC,urban,persistence
2024-01-12 09:00:00+00:00,1,25.24725,27.555,AT,AKC,urban,persistence
2024-01-12 10:00:00+00:00,1,24.76175,25.24725,AT,AKC,urban,persistence
2024-01-12 11:00:00+00:00,1,24.7245,24.76175,AT,AKC,urban,persistence
2024-01-12 12:00:00+00:00,1,24.28075,24.7245,AT,AKC,urban,persistence
2024-01-12 13:00:00+00:00,1,24.36725,24.28075,AT,AKC,urban,persistence
2024-01-12 14:00:00+00:00,1,27.795,24.36725,AT,AKC,urban,persistence
2024-01-12 15:00:00+00:00,1,25.14075,27.795,AT,AKC,urban,persistence
2024-01-12 16:00:00+00:00,1,24.11425,25.14075,AT,AKC,urban,persistence
2024-01-12 17:00:00+00:00,1,23.395,24.11425,AT,AKC,urban,persistence
2024-01-12 18:00:00+00:00,1,21.40875,23.395,AT,AKC,urban,persistence
2024-01-12 19:00:00+00:00,1,26.4795,21.40875,AT,AKC,urban,persistence
2024-01-12 20:00:00+00:00,1,28.37575,26.4795,AT,AKC,urban,persistence
2024-01-12 21:00:00+00:00,1,28.4455,28.37575,AT,AKC,urban,persistence
2024-01-12 22:00:00+00:00,1,26.41225,28.4455,AT,AKC,urban,persistence
2024-01-12 23:00:00+00:00,1,26.8135,26.41225,AT,AKC,urban,persistence
2024-01-13 00:00:00+00:00,1,24.0915,26.8135,AT,AKC,urban,persistence
2024-01-13 01:00:00+00:00,1,21.0145,24.0915,AT,AKC,urban,persistence
2024-01-13 02:00:00+00:00,1,22.75575,21.0145,AT,AKC,urban,persistence
2024-01-13 03:00:00+00:00,1,23.09875,22.75575,AT,AKC,urban,persistence
2024-01-13 04:00:00+00:00,1,20.584,23.09875,AT,AKC,urban,persistence
2024-01-13 05:00:00+00:00,1,16.557,20.584,AT,AKC,urban,persistence
2024-01-13 06:00:00+00:00,1,13.9815,16.557,AT,AKC,urban,persistence
2024-01-13 07:00:00+00:00,1,15.4225,13.9815,AT,AKC,urban,persistence
2024-01-13 08:00:00+00:00,1,16.7355,15.4225,AT,AKC,urban,persistence
2024-01-13 09:00:00+00:00,1,17.57675,16.7355,AT,AKC,urban,persistence
2024-01-13 10:00:00+00:00,1,17.5615,17.57675,AT,AKC,urban,persistence
2024-01-13 11:00:00+00:00,1,17.7985,17.5615,AT,AKC,urban,persistence
2024-01-13 12:00:00+00:00,1,16.085,17.7985,AT,AKC,urban,persistence
2024-01-13 13:00:00+00:00,1,15.74425,16.085,AT,AKC,urban,persistence
2024-01-13 14:00:00+00:00,1,15.96425,15.74425,AT,AKC,urban,persistence
2024-01-13 15:00:00+00:00,1,16.098,15.96425,AT,AKC,urban,persistence
2024-01-13 16:00:00+00:00,1,15.763,16.098,AT,AKC,urban,persistence
2024-01-13 17:00:00+00:00,1,17.11325,15.763,AT,AKC,urban,persistence
2024-01-13 18:00:00+00:00,1,18.21125,17.11325,AT,AKC,urban,persistence
2024-01-13 19:00:00+00:00,1,17.919,18.21125,AT,AKC,urban,persistence
2024-01-13 20:00:00+00:00,1,19.2435,17.919,AT,AKC,urban,persistence
2024-01-13 21:00:00+00:00,1,20.0025,19.2435,AT,AKC,urban,persistence
2024-01-13 22:00:00+00:00,1,21.54025,20.0025,AT,AKC,urban,persistence
2024-01-13 23:00:00+00:00,1,21.52475,21.54025,AT,AKC,urban,persistence
2024-01-14 00:00:00+00:00,1,19.97825,21.52475,AT,AKC,urban,persistence
2024-01-14 01:00:00+00:00,1,19.5415,19.97825,AT,AKC,urban,persistence
2024-01-14 02:00:00+00:00,1,15.666,19.5415,AT,AKC,urban,persistence
2024-01-14 03:00:00+00:00,1,10.5582,15.666,AT,AKC,urban,persistence
2024-01-14 04:00:00+00:00,1,8.0655,10.5582,AT,AKC,urban,persistence
2024-01-14 05:00:00+00:00,1,7.030274,8.0655,AT,AKC,urban,persistence
2024-01-14 06:00:00+00:00,1,7.464575,7.030274,AT,AKC,urban,persistence
2024-01-14 07:00:00+00:00,1,6.7695245,7.464575,AT,AKC,urban,persistence
2024-01-14 08:00:00+00:00,1,6.011825,6.7695245,AT,AKC,urban,persistence
2024-01-14 09:00:00+00:00,1,6.191974,6.011825,AT,AKC,urban,persistence
2024-01-14 10:00:00+00:00,1,6.53385,6.191974,AT,AKC,urban,persistence
2024-01-14 11:00:00+00:00,1,7.6371995,6.53385,AT,AKC,urban,persistence
2024-01-14 12:00:00+00:00,1,8.86345,7.6371995,AT,AKC,urban,persistence
2024-01-14 13:00:00+00:00,1,10.034675,8.86345,AT,AKC,urban,persistence
2024-01-14 14:00:00+00:00,1,9.4522495,10.034675,AT,AKC,urban,persistence
2024-01-14 15:00:00+00:00,1,9.892575,9.4522495,AT,AKC,urban,persistence
2024-01-14 16:00:00+00:00,1,9.4766745,9.892575,AT,AKC,urban,persistence
2024-01-14 17:00:00+00:00,1,10.0805,9.4766745,AT,AKC,urban,persistence
2024-01-14 18:00:00+00:00,1,9.9641,10.0805,AT,AKC,urban,persistence
2024-01-14 19:00:00+00:00,1,9.180025,9.9641,AT,AKC,urban,persistence
2024-01-14 20:00:00+00:00,1,8.4156245,9.180025,AT,AKC,urban,persistence
2024-01-14 21:00:00+00:00,1,6.870775,8.4156245,AT,AKC,urban,persistence
2024-01-14 22:00:00+00:00,1,7.4608745,6.870775,AT,AKC,urban,persistence
2024-01-14 23:00:00+00:00,1,6.6949995,7.4608745,AT,AKC,urban,persistence
2024-01-15 00:00:00+00:00,1,8.06485,6.6949995,AT,AKC,urban,persistence
2024-01-15 01:00:00+00:00,1,10.53775,8.06485,AT,AKC,urban,persistence
2024-01-15 02:00:00+00:00,1,11.3915,10.53775,AT,AKC,urban,persistence
2024-01-15 03:00:00+00:00,1,13.98,11.3915,AT,AKC,urban,persistence
2024-01-15 04:00:00+00:00,1,14.636,13.98,AT,AKC,urban,persistence
2024-01-15 05:00:00+00:00,1,13.56875,14.636,AT,AKC,urban,persistence
2024-01-15 06:00:00+00:00,1,14.2225,13.56875,AT,AKC,urban,persistence
2024-01-15 07:00:00+00:00,1,11.9615,14.2225,AT,AKC,urban,persistence
2024-01-15 08:00:00+00:00,1,12.091,11.9615,AT,AKC,urban,persistence
2024-01-15 09:00:00+00:00,1,10.893,12.091,AT,AKC,urban,persistence
2024-01-15 10:00:00+00:00,1,11.1544,10.893,AT,AKC,urban,persistence
2024-01-15 11:00:00+00:00,1,11.99025,11.1544,AT,AKC,urban,persistence
2024-01-15 12:00:00+00:00,1,7.029,11.99025,AT,AKC,urban,persistence
2024-01-15 13:00:00+00:00,1,5.890699,7.029,AT,AKC,urban,persistence
2024-01-15 14:00:00+00:00,1,5.1752745,5.890699,AT,AKC,urban,persistence
2024-01-15 15:00:00+00:00,1,4.7344995,5.1752745,AT,AKC,urban,persistence
2024-01-15 16:00:00+00:00,1,4.6068245,4.7344995,AT,AKC,urban,persistence
2024-01-15 17:00:00+00:00,1,4.1362995,4.6068245,AT,AKC,urban,persistence
2024-01-15 18:00:00+00:00,1,3.421399,4.1362995,AT,AKC,urban,persistence
2024-01-15 19:00:00+00:00,1,3.9546245,3.421399,AT,AKC,urban,persistence
2024-01-15 20:00:00+00:00,1,5.1393,3.9546245,AT,AKC,urban,persistence
2024-01-15 21:00:00+00:00,1,5.3468495,5.1393,AT,AKC,urban,persistence
2024-01-15 22:00:00+00:00,1,5.5502995,5.3468495,AT,AKC,urban,persistence
2024-01-15 23:00:00+00:00,1,6.5621495,5.5502995,AT,AKC,urban,persistence
2024-01-16 00:00:00+00:00,1,6.84105,6.5621495,AT,AKC,urban,persistence
2024-01-16 01:00:00+00:00,1,6.7040745,6.84105,AT,AKC,urban,persistence
2024-01-16 02:00:00+00:00,1,6.7025245,6.7040745,AT,AKC,urban,persistence
2024-01-16 03:00:00+00:00,1,6.2183995,6.7025245,AT,AKC,urban,persistence
2024-01-16 04:00:00+00:00,1,5.6340245,6.2183995,AT,AKC,urban,persistence
2024-01-16 05:00:00+00:00,1,5.6683,5.6340245,AT,AKC,urban,persistence
2024-01-16 06:00:00+00:00,1,6.331425,5.6683,AT,AKC,urban,persistence
2024-01-16 07:00:00+00:00,1,5.716874,6.331425,AT,AKC,urban,persistence
2024-01-16 08:00:00+00:00,1,4.8639,5.716874,AT,AKC,urban,persistence
2024-01-16 09:00:00+00:00,1,5.5471745,4.8639,AT,AKC,urban,persistence
2024-01-16 10:00:00+00:00,1,5.0781995,5.5471745,AT,AKC,urban,persistence
2024-01-16 11:00:00+00:00,1,5.2666245,5.0781995,AT,AKC,urban,persistence
2024-01-16 12:00:00+00:00,1,4.5847995,5.2666245,AT,AKC,urban,persistence
2024-01-16 13:00:00+00:00,1,4.175225,4.5847995,AT,AKC,urban,persistence
2024-01-16 14:00:00+00:00,1,4.242299,4.175225,AT,AKC,urban,persistence
2024-01-16 15:00:00+00:00,1,5.0932495,4.242299,AT,AKC,urban,persistence
2024-01-16 16:00:00+00:00,1,6.3549,5.0932495,AT,AKC,urban,persistence
2024-01-16 17:00:00+00:00,1,10.260525,6.3549,AT,AKC,urban,persistence
2024-01-16 18:00:00+00:00,1,12.2105,10.260525,AT,AKC,urban,persistence
2024-01-16 19:00:00+00:00,1,13.11875,12.2105,AT,AKC,urban,persistence
2024-01-16 20:00:00+00:00,1,16.39375,13.11875,AT,AKC,urban,persistence
2024-01-16 21:00:00+00:00,1,13.92525,16.39375,AT,AKC,urban,persistence
2024-01-16 22:00:00+00:00,1,15.68925,13.92525,AT,AKC,urban,persistence
2024-01-16 23:00:00+00:00,1,16.6375,15.68925,AT,AKC,urban,persistence
2024-01-17 00:00:00+00:00,1,18.664,16.6375,AT,AKC,urban,persistence
2024-01-17 01:00:00+00:00,1,21.27075,18.664,AT,AKC,urban,persistence
2024-01-17 02:00:00+00:00,1,22.62225,21.27075,AT,AKC,urban,persistence
2024-01-17 03:00:00+00:00,1,21.18575,22.62225,AT,AKC,urban,persistence
2024-01-17 04:00:00+00:00,1,20.27225,21.18575,AT,AKC,urban,persistence
2024-01-17 05:00:00+00:00,1,18.15775,20.27225,AT,AKC,urban,persistence
2024-01-17 06:00:00+00:00,1,18.23375,18.15775,AT,AKC,urban,persistence
2024-01-17 07:00:00+00:00,1,16.83025,18.23375,AT,AKC,urban,persistence
2024-01-17 08:00:00+00:00,1,17.74425,16.83025,AT,AKC,urban,persistence
2024-01-17 09:00:00+00:00,1,19.89,17.74425,AT,AKC,urban,persistence
2024-01-17 10:00:00+00:00,1,20.727,19.89,AT,AKC,urban,persistence
2024-01-17 11:00:00+00:00,1,20.2415,20.727,AT,AKC,urban,persistence
2024-01-17 12:00:00+00:00,1,19.772,20.2415,AT,AKC,urban,persistence
2024-01-17 13:00:00+00:00,1,21.6665,19.772,AT,AKC,urban,persistence
2024-01-17 14:00:00+00:00,1,21.83725,21.6665,AT,AKC,urban,persistence
2024-01-17 15:00:00+00:00,1,23.4695,21.83725,AT,AKC,urban,persistence
2024-01-17 16:00:00+00:00,1,23.34375,23.4695,AT,AKC,urban,persistence
2024-01-17 17:00:00+00:00,1,24.14525,23.34375,AT,AKC,urban,persistence
2024-01-17 18:00:00+00:00,1,24.50225,24.14525,AT,AKC,urban,persistence
2024-01-17 19:00:00+00:00,1,24.77475,24.50225,AT,AKC,urban,persistence
2024-01-17 20:00:00+00:00,1,23.31425,24.77475,AT,AKC,urban,persistence
2024-01-17 21:00:00+00:00,1,24.5225,23.31425,AT,AKC,urban,persistence
2024-01-17 22:00:00+00:00,1,23.9425,24.5225,AT,AKC,urban,persistence
2024-01-17 23:00:00+00:00,1,23.32375,23.9425,AT,AKC,urban,persistence
2024-01-18 00:00:00+00:00,1,22.64725,23.32375,AT,AKC,urban,persistence
2024-01-18 01:00:00+00:00,1,25.0115,22.64725,AT,AKC,urban,persistence
2024-01-18 02:00:00+00:00,1,27.01675,25.0115,AT,AKC,urban,persistence
2024-01-18 03:00:00+00:00,1,24.46375,27.01675,AT,AKC,urban,persistence
2024-01-18 04:00:00+00:00,1,23.07875,24.46375,AT,AKC,urban,persistence
2024-01-18 05:00:00+00:00,1,22.93125,23.07875,AT,AKC,urban,persistence
2024-01-18 06:00:00+00:00,1,26.59625,22.93125,AT,AKC,urban,persistence
2024-01-18 07:00:00+00:00,1,22.11275,26.59625,AT,AKC,urban,persistence
2024-01-18 08:00:00+00:00,1,24.6125,22.11275,AT,AKC,urban,persistence
2024-01-18 09:00:00+00:00,1,27.91225,24.6125,AT,AKC,urban,persistence
2024-01-18 10:00:00+00:00,1,29.972,27.91225,AT,AKC,urban,persistence
2024-01-18 11:00:00+00:00,1,29.22175,29.972,AT,AKC,urban,persistence
2024-01-18 12:00:00+00:00,1,18.60275,29.22175,AT,AKC,urban,persistence
2024-01-18 13:00:00+00:00,1,17.05325,18.60275,AT,AKC,urban,persistence
2024-01-18 14:00:00+00:00,1,16.9295,17.05325,AT,AKC,urban,persistence
2024-01-18 15:00:00+00:00,1,25.285,16.9295,AT,AKC,urban,persistence
2024-01-18 16:00:00+00:00,1,19.99375,25.285,AT,AKC,urban,persistence
2024-01-18 17:00:00+00:00,1,3.128,19.99375,AT,AKC,urban,persistence
2024-01-18 18:00:00+00:00,1,9.1390495,3.128,AT,AKC,urban,persistence
2024-01-18 19:00:00+00:00,1,9.1954245,9.1390495,AT,AKC,urban,persistence
2024-01-18 20:00:00+00:00,1,9.7771745,9.1954245,AT,AKC,urban,persistence
2024-01-18 21:00:00+00:00,1,10.35475,9.7771745,AT,AKC,urban,persistence
2024-01-18 22:00:00+00:00,1,11.03325,10.35475,AT,AKC,urban,persistence
2024-01-18 23:00:00+00:00,1,10.24475,11.03325,AT,AKC,urban,persistence
2024-01-19 00:00:00+00:00,1,8.321524,10.24475,AT,AKC,urban,persistence
2024-01-19 01:00:00+00:00,1,5.373649,8.321524,AT,AKC,urban,persistence
2024-01-19 02:00:00+00:00,1,5.16625,5.373649,AT,AKC,urban,persistence
2024-01-19 03:00:00+00:00,1,4.8074245,5.16625,AT,AKC,urban,persistence
2024-01-19 04:00:00+00:00,1,4.369499,4.8074245,AT,AKC,urban,persistence
2024-01-19 05:00:00+00:00,1,3.8476245,4.369499,AT,AKC,urban,persistence
2024-01-19 06:00:00+00:00,1,4.9291495,3.8476245,AT,AKC,urban,persistence
2024-01-19 07:00:00+00:00,1,6.5972495,4.9291495,AT,AKC,urban,persistence
2024-01-19 08:00:00+00:00,1,8.024325,6.5972495,AT,AKC,urban,persistence
2024-01-19 09:00:00+00:00,1,7.610625,8.024325,AT,AKC,urban,persistence
2024-01-19 10:00:00+00:00,1,7.0105995,7.610625,AT,AKC,urban,persistence
2024-01-19 11:00:00+00:00,1,6.3987995,7.0105995,AT,AKC,urban,persistence
2024-01-19 12:00:00+00:00,1,6.9592495,6.3987995,AT,AKC,urban,persistence
2024-01-19 13:00:00+00:00,1,6.3376,6.9592495,AT,AKC,urban,persistence
2024-01-19 14:00:00+00:00,1,6.4741245,6.3376,AT,AKC,urban,persistence
2024-01-19 15:00:00+00:00,1,9.2168745,6.4741245,AT,AKC,urban,persistence
2024-01-19 16:00:00+00:00,1,10.6106,9.2168745,AT,AKC,urban,persistence
2024-01-19 17:00:00+00:00,1,12.02575,10.6106,AT,AKC,urban,persistence
2024-01-19 18:00:00+00:00,1,12.86975,12.02575,AT,AKC,urban,persistence
2024-01-19 19:00:00+00:00,1,13.647,12.86975,AT,AKC,urban,persistence
2024-01-19 20:00:00+00:00,1,13.76325,13.647,AT,AKC,urban,persistence
2024-01-19 21:00:00+00:00,1,14.22675,13.76325,AT,AKC,urban,persistence
2024-01-19 22:00:00+00:00,1,14.4155,14.22675,AT,AKC,urban,persistence
2024-01-19 23:00:00+00:00,1,15.13575,14.4155,AT,AKC,urban,persistence
2024-01-20 00:00:00+00:00,1,15.0625,15.13575,AT,AKC,urban,persistence
2024-01-20 01:00:00+00:00,1,16.209,15.0625,AT,AKC,urban,persistence
2024-01-20 02:00:00+00:00,1,16.4575,16.209,AT,AKC,urban,persistence
2024-01-20 03:00:00+00:00,1,15.35825,16.4575,AT,AKC,urban,persistence
2024-01-20 04:00:00+00:00,1,13.2025,15.35825,AT,AKC,urban,persistence
2024-01-20 05:00:00+00:00,1,13.05375,13.2025,AT,AKC,urban,persistence
2024-01-20 06:00:00+00:00,1,12.865,13.05375,AT,AKC,urban,persistence
2024-01-20 07:00:00+00:00,1,11.2675,12.865,AT,AKC,urban,persistence
2024-01-20 08:00:00+00:00,1,10.3465,11.2675,AT,AKC,urban,persistence
2024-01-20 09:00:00+00:00,1,10.1024495,10.3465,AT,AKC,urban,persistence
2024-01-20 10:00:00+00:00,1,8.749875,10.1024495,AT,AKC,urban,persistence
2024-01-20 11:00:00+00:00,1,7.786074,8.749875,AT,AKC,urban,persistence
2024-01-20 12:00:00+00:00,1,6.4652495,7.786074,AT,AKC,urban,persistence
2024-01-20 13:00:00+00:00,1,6.131274,6.4652495,AT,AKC,urban,persistence
2024-01-20 14:00:00+00:00,1,6.4674245,6.131274,AT,AKC,urban,persistence
2024-01-20 15:00:00+00:00,1,6.6139,6.4674245,AT,AKC,urban,persistence
2024-01-20 16:00:00+00:00,1,6.43975,6.6139,AT,AKC,urban,persistence
2024-01-20 17:00:00+00:00,1,6.0296995,6.43975,AT,AKC,urban,persistence
2024-01-20 18:00:00+00:00,1,5.9380745,6.0296995,AT,AKC,urban,persistence
2024-01-20 19:00:00+00:00,1,5.9305745,5.9380745,AT,AKC,urban,persistence
2024-01-20 20:00:00+00:00,1,5.695574,5.9305745,AT,AKC,urban,persistence
2024-01-20 21:00:00+00:00,1,5.8247495,5.695574,AT,AKC,urban,persistence
2024-01-20 22:00:00+00:00,1,6.088375,5.8247495,AT,AKC,urban,persistence
2024-01-20 23:00:00+00:00,1,5.4880745,6.088375,AT,AKC,urban,persistence
2024-01-21 00:00:00+00:00,1,5.0583495,5.4880745,AT,AKC,urban,persistence
2024-01-21 01:00:00+00:00,1,5.224324,5.0583495,AT,AKC,urban,persistence
2024-01-21 02:00:00+00:00,1,5.517074,5.224324,AT,AKC,urban,persistence
2024-01-21 03:00:00+00:00,1,4.9466,5.517074,AT,AKC,urban,persistence
2024-01-21 04:00:00+00:00,1,5.760875,4.9466,AT,AKC,urban,persistence
2024-01-21 05:00:00+00:00,1,7.074124,5.760875,AT,AKC,urban,persistence
2024-01-21 06:00:00+00:00,1,7.548825,7.074124,AT,AKC,urban,persistence
2024-01-21 07:00:00+00:00,1,7.6664495,7.548825,AT,AKC,urban,persistence
2024-01-21 08:00:00+00:00,1,7.4280745,7.6664495,AT,AKC,urban,persistence
2024-01-21 09:00:00+00:00,1,8.082099,7.4280745,AT,AKC,urban,persistence
2024-01-21 10:00:00+00:00,1,10.111325,8.082099,AT,AKC,urban,persistence
2024-01-21 11:00:00+00:00,1,6.9138245,10.111325,AT,AKC,urban,persistence
2024-01-21 12:00:00+00:00,1,8.7879495,6.9138245,AT,AKC,urban,persistence
2024-01-21 13:00:00+00:00,1,11.749,8.7879495,AT,AKC,urban,persistence
2024-01-21 14:00:00+00:00,1,13.7965,11.749,AT,AKC,urban,persistence
2024-01-21 15:00:00+00:00,1,16.14975,13.7965,AT,AKC,urban,persistence
2024-01-21 16:00:00+00:00,1,17.66225,16.14975,AT,AKC,urban,persistence
2024-01-21 17:00:00+00:00,1,19.87575,17.66225,AT,AKC,urban,persistence
2024-01-21 18:00:00+00:00,1,19.809,19.87575,AT,AKC,urban,persistence
2024-01-21 19:00:00+00:00,1,20.206,19.809,AT,AKC,urban,persistence
2024-01-21 20:00:00+00:00,1,21.77575,20.206,AT,AKC,urban,persistence
2024-01-21 21:00:00+00:00,1,23.0315,21.77575,AT,AKC,urban,persistence
2024-01-21 22:00:00+00:00,1,26.465,23.0315,AT,AKC,urban,persistence
2024-01-21 23:00:00+00:00,1,23.098,26.465,AT,AKC,urban,persistence
2024-01-22 00:00:00+00:00,1,22.269,23.098,AT,AKC,urban,persistence
2024-01-22 01:00:00+00:00,1,24.24025,22.269,AT,AKC,urban,persistence
2024-01-22 02:00:00+00:00,1,25.3055,24.24025,AT,AKC,urban,persistence
2024-01-22 03:00:00+00:00,1,25.17325,25.3055,AT,AKC,urban,persistence
2024-01-22 04:00:00+00:00,1,25.00725,25.17325,AT,AKC,urban,persistence
2024-01-22 05:00:00+00:00,1,26.0405,25.00725,AT,AKC,urban,persistence
2024-01-22 06:00:00+00:00,1,26.21175,26.0405,AT,AKC,urban,persistence
2024-01-22 07:00:00+00:00,1,24.637,26.21175,AT,AKC,urban,persistence
2024-01-22 08:00:00+00:00,1,24.32375,24.637,AT,AKC,urban,persistence
2024-01-22 09:00:00+00:00,1,20.862,24.32375,AT,AKC,urban,persistence
2024-01-22 10:00:00+00:00,1,20.65225,20.862,AT,AKC,urban,persistence
2024-01-22 11:00:00+00:00,1,21.0275,20.65225,AT,AKC,urban,persistence
2024-01-22 12:00:00+00:00,1,18.4495,21.0275,AT,AKC,urban,persistence
2024-01-22 13:00:00+00:00,1,17.95375,18.4495,AT,AKC,urban,persistence
2024-01-22 14:00:00+00:00,1,18.3385,17.95375,AT,AKC,urban,persistence
2024-01-22 15:00:00+00:00,1,18.615,18.3385,AT,AKC,urban,persistence
2024-01-22 16:00:00+00:00,1,23.073,18.615,AT,AKC,urban,persistence
2024-01-22 17:00:00+00:00,1,24.233,23.073,AT,AKC,urban,persistence
2024-01-22 18:00:00+00:00,1,25.11525,24.233,AT,AKC,urban,persistence
2024-01-22 19:00:00+00:00,1,26.23925,25.11525,AT,AKC,urban,persistence
2024-01-22 20:00:00+00:00,1,27.11625,26.23925,AT,AKC,urban,persistence
2024-01-22 21:00:00+00:00,1,27.977,27.11625,AT,AKC,urban,persistence
2024-01-22 22:00:00+00:00,1,29.904,27.977,AT,AKC,urban,persistence
2024-01-22 23:00:00+00:00,1,30.1395,29.904,AT,AKC,urban,persistence
2024-01-23 00:00:00+00:00,1,31.123,30.1395,AT,AKC,urban,persistence
2024-01-23 01:00:00+00:00,1,34.89275,31.123,AT,AKC,urban,persistence
2024-01-23 02:00:00+00:00,1,36.697,34.89275,AT,AKC,urban,persistence
2024-01-23 03:00:00+00:00,1,37.66175,36.697,AT,AKC,urban,persistence
2024-01-23 04:00:00+00:00,1,38.928,37.66175,AT,AKC,urban,persistence
2024-01-23 05:00:00+00:00,1,15.032025,38.928,AT,AKC,urban,persistence
2024-01-23 06:00:00+00:00,1,6.301274,15.032025,AT,AKC,urban,persistence
2024-01-23 07:00:00+00:00,1,4.6737245,6.301274,AT,AKC,urban,persistence
2024-01-23 08:00:00+00:00,1,3.813249,4.6737245,AT,AKC,urban,persistence
2024-01-23 09:00:00+00:00,1,3.3964245,3.813249,AT,AKC,urban,persistence
2024-01-23 10:00:00+00:00,1,2.787274,3.3964245,AT,AKC,urban,persistence
2024-01-23 11:00:00+00:00,1,3.009224,2.787274,AT,AKC,urban,persistence
2024-01-23 12:00:00+00:00,1,3.0958245,3.009224,AT,AKC,urban,persistence
2024-01-23 13:00:00+00:00,1,3.7405745,3.0958245,AT,AKC,urban,persistence
2024-01-23 14:00:00+00:00,1,4.095075,3.7405745,AT,AKC,urban,persistence
2024-01-23 15:00:00+00:00,1,3.3977245,4.095075,AT,AKC,urban,persistence
2024-01-23 16:00:00+00:00,1,3.9140745,3.3977245,AT,AKC,urban,persistence
2024-01-23 17:00:00+00:00,1,4.3476245,3.9140745,AT,AKC,urban,persistence
2024-01-23 18:00:00+00:00,1,4.9155745,4.3476245,AT,AKC,urban,persistence
2024-01-23 19:00:00+00:00,1,4.3243245,4.9155745,AT,AKC,urban,persistence
2024-01-23 20:00:00+00:00,1,4.2716745,4.3243245,AT,AKC,urban,persistence
2024-01-23 21:00:00+00:00,1,4.4116245,4.2716745,AT,AKC,urban,persistence
2024-01-23 22:00:00+00:00,1,5.9099745,4.4116245,AT,AKC,urban,persistence
2024-01-23 23:00:00+00:00,1,6.3445995,5.9099745,AT,AKC,urban,persistence
2024-01-24 00:00:00+00:00,1,5.802,6.3445995,AT,AKC,urban,persistence
2024-01-24 01:00:00+00:00,1,4.423424,5.802,AT,AKC,urban,persistence
2024-01-24 02:00:00+00:00,1,4.730275,4.423424,AT,AKC,urban,persistence
2024-01-24 03:00:00+00:00,1,5.2310995,4.730275,AT,AKC,urban,persistence
2024-01-24 04:00:00+00:00,1,4.5012995,5.2310995,AT,AKC,urban,persistence
2024-01-24 05:00:00+00:00,1,5.1354245,4.5012995,AT,AKC,urban,persistence
2024-01-24 06:00:00+00:00,1,6.4154745,5.1354245,AT,AKC,urban,persistence
2024-01-24 07:00:00+00:00,1,5.772649,6.4154745,AT,AKC,urban,persistence
2024-01-24 08:00:00+00:00,1,3.170224,5.772649,AT,AKC,urban,persistence
2024-01-24 09:00:00+00:00,1,3.1978495,3.170224,AT,AKC,urban,persistence
2024-01-24 10:00:00+00:00,1,2.9596745,3.1978495,AT,AKC,urban,persistence
2024-01-24 11:00:00+00:00,1,4.045024,2.9596745,AT,AKC,urban,persistence
2024-01-24 12:00:00+00:00,1,3.6635245,4.045024,AT,AKC,urban,persistence
2024-01-24 13:00:00+00:00,1,4.994025,3.6635245,AT,AKC,urban,persistence
2024-01-24 14:00:00+00:00,1,3.00205,4.994025,AT,AKC,urban,persistence
2024-01-24 15:00:00+00:00,1,1.5837,3.00205,AT,AKC,urban,persistence
2024-01-24 16:00:00+00:00,1,1.7747245,1.5837,AT,AKC,urban,persistence
2024-01-24 17:00:00+00:00,1,2.1850245,1.7747245,AT,AKC,urban,persistence
2024-01-24 18:00:00+00:00,1,3.3019495,2.1850245,AT,AKC,urban,persistence
2024-01-24 19:00:00+00:00,1,3.2411995,3.3019495,AT,AKC,urban,persistence
2024-01-24 20:00:00+00:00,1,3.5350495,3.2411995,AT,AKC,urban,persistence
2024-01-24 21:00:00+00:00,1,4.543649,3.5350495,AT,AKC,urban,persistence
2024-01-24 22:00:00+00:00,1,4.9903,4.543649,AT,AKC,urban,persistence
2024-01-24 23:00:00+00:00,1,4.921224,4.9903,AT,AKC,urban,persistence
2024-01-25 00:00:00+00:00,1,4.8270495,4.921224,AT,AKC,urban,persistence
2024-01-25 01:00:00+00:00,1,4.9644495,4.8270495,AT,AKC,urban,persistence
2024-01-25 02:00:00+00:00,1,5.0153495,4.9644495,AT,AKC,urban,persistence
2024-01-25 03:00:00+00:00,1,5.1666495,5.0153495,AT,AKC,urban,persistence
2024-01-25 04:00:00+00:00,1,5.870349,5.1666495,AT,AKC,urban,persistence
2024-01-25 05:00:00+00:00,1,7.1359745,5.870349,AT,AKC,urban,persistence
2024-01-25 06:00:00+00:00,1,7.4179995,7.1359745,AT,AKC,urban,persistence
2024-01-25 07:00:00+00:00,1,7.4850245,7.4179995,AT,AKC,urban,persistence
2024-01-25 08:00:00+00:00,1,7.3427745,7.4850245,AT,AKC,urban,persistence
2024-01-25 09:00:00+00:00,1,7.4152245,7.3427745,AT,AKC,urban,persistence
2024-01-25 10:00:00+00:00,1,7.4208745,7.4152245,AT,AKC,urban,persistence
2024-01-25 11:00:00+00:00,1,8.998425,7.4208745,AT,AKC,urban,persistence
2024-01-25 12:00:00+00:00,1,8.3731245,8.998425,AT,AKC,urban,persistence
2024-01-25 13:00:00+00:00,1,8.1469,8.3731245,AT,AKC,urban,persistence
2024-01-25 14:00:00+00:00,1,6.6780745,8.1469,AT,AKC,urban,persistence
2024-01-25 15:00:00+00:00,1,6.458775,6.6780745,AT,AKC,urban,persistence
2024-01-25 16:00:00+00:00,1,5.8260245,6.458775,AT,AKC,urban,persistence
2024-01-25 17:00:00+00:00,1,6.0459745,5.8260245,AT,AKC,urban,persistence
2024-01-25 18:00:00+00:00,1,6.2965495,6.0459745,AT,AKC,urban,persistence
2024-01-25 19:00:00+00:00,1,6.21005,6.2965495,AT,AKC,urban,persistence
2024-01-25 20:00:00+00:00,1,5.976399,6.21005,AT,AKC,urban,persistence
2024-01-25 21:00:00+00:00,1,5.8603,5.976399,AT,AKC,urban,persistence
2024-01-25 22:00:00+00:00,1,6.2426495,5.8603,AT,AKC,urban,persistence
2024-01-25 23:00:00+00:00,1,6.588874,6.2426495,AT,AKC,urban,persistence
2024-01-26 00:00:00+00:00,1,6.797249,6.588874,AT,AKC,urban,persistence
2024-01-26 01:00:00+00:00,1,6.838825,6.797249,AT,AKC,urban,persistence
2024-01-26 02:00:00+00:00,1,6.794125,6.838825,AT,AKC,urban,persistence
2024-01-26 03:00:00+00:00,1,6.8600245,6.794125,AT,AKC,urban,persistence
2024-01-26 04:00:00+00:00,1,6.8292245,6.8600245,AT,AKC,urban,persistence
2024-01-26 05:00:00+00:00,1,7.592625,6.8292245,AT,AKC,urban,persistence
2024-01-26 06:00:00+00:00,1,9.25145,7.592625,AT,AKC,urban,persistence
2024-01-26 07:00:00+00:00,1,9.725599,9.25145,AT,AKC,urban,persistence
2024-01-26 08:00:00+00:00,1,11.28725,9.725599,AT,AKC,urban,persistence
2024-01-26 09:00:00+00:00,1,11.6325,11.28725,AT,AKC,urban,persistence
2024-01-26 10:00:00+00:00,1,10.901325,11.6325,AT,AKC,urban,persistence
2024-01-26 11:00:00+00:00,1,11.1525,10.901325,AT,AKC,urban,persistence
2024-01-26 12:00:00+00:00,1,11.055,11.1525,AT,AKC,urban,persistence
2024-01-26 13:00:00+00:00,1,10.82475,11.055,AT,AKC,urban,persistence
2024-01-26 14:00:00+00:00,1,10.9275,10.82475,AT,AKC,urban,persistence
2024-01-26 15:00:00+00:00,1,12.423,10.9275,AT,AKC,urban,persistence
2024-01-26 16:00:00+00:00,1,5.9199745,12.423,AT,AKC,urban,persistence
2024-01-26 17:00:00+00:00,1,4.2461995,5.9199745,AT,AKC,urban,persistence
2024-01-26 18:00:00+00:00,1,3.139449,4.2461995,AT,AKC,urban,persistence
2024-01-26 19:00:00+00:00,1,2.171824,3.139449,AT,AKC,urban,persistence
2024-01-26 20:00:00+00:00,1,1.901399,2.171824,AT,AKC,urban,persistence
2024-01-26 21:00:00+00:00,1,1.973699,1.901399,AT,AKC,urban,persistence
2024-01-26 22:00:00+00:00,1,1.6500495,1.973699,AT,AKC,urban,persistence
2024-01-26 23:00:00+00:00,1,1.4541745,1.6500495,AT,AKC,urban,persistence
2024-01-27 00:00:00+00:00,1,1.6883745,1.4541745,AT,AKC,urban,persistence
2024-01-27 01:00:00+00:00,1,2.21725,1.6883745,AT,AKC,urban,persistence
2024-01-27 02:00:00+00:00,1,2.739724,2.21725,AT,AKC,urban,persistence
2024-01-27 03:00:00+00:00,1,3.3236495,2.739724,AT,AKC,urban,persistence
2024-01-27 04:00:00+00:00,1,3.546849,3.3236495,AT,AKC,urban,persistence
2024-01-27 05:00:00+00:00,1,3.9947995,3.546849,AT,AKC,urban,persistence
2024-01-27 06:00:00+00:00,1,4.2320995,3.9947995,AT,AKC,urban,persistence
2024-01-27 07:00:00+00:00,1,4.655399,4.2320995,AT,AKC,urban,persistence
2024-01-27 08:00:00+00:00,1,5.3112245,4.655399,AT,AKC,urban,persistence
2024-01-27 09:00:00+00:00,1,5.7451495,5.3112245,AT,AKC,urban,persistence
2024-01-27 10:00:00+00:00,1,5.293625,5.7451495,AT,AKC,urban,persistence
2024-01-27 11:00:00+00:00,1,4.857,5.293625,AT,AKC,urban,persistence
2024-01-27 12:00:00+00:00,1,5.1560995,4.857,AT,AKC,urban,persistence
2024-01-27 13:00:00+00:00,1,4.988475,5.1560995,AT,AKC,urban,persistence
2024-01-27 14:00:00+00:00,1,5.1887245,4.988475,AT,AKC,urban,persistence
2024-01-27 15:00:00+00:00,1,5.6726995,5.1887245,AT,AKC,urban,persistence
2024-01-27 16:00:00+00:00,1,5.96065,5.6726995,AT,AKC,urban,persistence
2024-01-27 17:00:00+00:00,1,5.3193495,5.96065,AT,AKC,urban,persistence
2024-01-27 18:00:00+00:00,1,5.1237495,5.3193495,AT,AKC,urban,persistence
2024-01-27 19:00:00+00:00,1,5.000075,5.1237495,AT,AKC,urban,persistence
2024-01-27 20:00:00+00:00,1,5.0479245,5.000075,AT,AKC,urban,persistence
2024-01-27 21:00:00+00:00,1,5.314174,5.0479245,AT,AKC,urban,persistence
2024-01-27 22:00:00+00:00,1,5.325949,5.314174,AT,AKC,urban,persistence
2024-01-27 23:00:00+00:00,1,5.6208745,5.325949,AT,AKC,urban,persistence
2024-01-28 00:00:00+00:00,1,6.001199,5.6208745,AT,AKC,urban,persistence
2024-01-28 01:00:00+00:00,1,6.12755,6.001199,AT,AKC,urban,persistence
2024-01-28 02:00:00+00:00,1,6.143099,6.12755,AT,AKC,urban,persistence
2024-01-28 03:00:00+00:00,1,5.6920495,6.143099,AT,AKC,urban,persistence
2024-01-28 04:00:00+00:00,1,6.324124,5.6920495,AT,AKC,urban,persistence
2024-01-28 05:00:00+00:00,1,6.1028995,6.324124,AT,AKC,urban,persistence
2024-01-28 06:00:00+00:00,1,6.1633745,6.1028995,AT,AKC,urban,persistence
2024-01-28 07:00:00+00:00,1,6.1533245,6.1633745,AT,AKC,urban,persistence
2024-01-28 08:00:00+00:00,1,7.4413495,6.1533245,AT,AKC,urban,persistence
2024-01-28 09:00:00+00:00,1,7.753124,7.4413495,AT,AKC,urban,persistence
2024-01-28 10:00:00+00:00,1,7.2968245,7.753124,AT,AKC,urban,persistence
2024-01-28 11:00:00+00:00,1,7.7812495,7.2968245,AT,AKC,urban,persistence
2024-01-28 12:00:00+00:00,1,6.2974495,7.7812495,AT,AKC,urban,persistence
2024-01-28 13:00:00+00:00,1,6.020224,6.2974495,AT,AKC,urban,persistence
2024-01-28 14:00:00+00:00,1,6.875625,6.020224,AT,AKC,urban,persistence
2024-01-28 15:00:00+00:00,1,8.9822745,6.875625,AT,AKC,urban,persistence
2024-01-28 16:00:00+00:00,1,9.979225,8.9822745,AT,AKC,urban,persistence
2024-01-28 17:00:00+00:00,1,13.59175,9.979225,AT,AKC,urban,persistence
2024-01-28 18:00:00+00:00,1,16.16475,13.59175,AT,AKC,urban,persistence
2024-01-28 19:00:00+00:00,1,15.70275,16.16475,AT,AKC,urban,persistence
2024-01-28 20:00:00+00:00,1,16.92525,15.70275,AT,AKC,urban,persistence
2024-01-28 21:00:00+00:00,1,14.59525,16.92525,AT,AKC,urban,persistence
2024-01-28 22:00:00+00:00,1,13.21925,14.59525,AT,AKC,urban,persistence
2024-01-28 23:00:00+00:00,1,15.57375,13.21925,AT,AKC,urban,persistence
2024-01-29 00:00:00+00:00,1,22.2235,15.57375,AT,AKC,urban,persistence
2024-01-29 01:00:00+00:00,1,21.9865,22.2235,AT,AKC,urban,persistence
2024-01-29 02:00:00+00:00,1,18.30225,21.9865,AT,AKC,urban,persistence
2024-01-29 03:00:00+00:00,1,16.359,18.30225,AT,AKC,urban,persistence
2024-01-29 04:00:00+00:00,1,17.29175,16.359,AT,AKC,urban,persistence
2024-01-29 05:00:00+00:00,1,19.791,17.29175,AT,AKC,urban,persistence
2024-01-29 06:00:00+00:00,1,21.638,19.791,AT,AKC,urban,persistence
2024-01-29 07:00:00+00:00,1,19.75025,21.638,AT,AKC,urban,persistence
2024-01-29 08:00:00+00:00,1,19.4555,19.75025,AT,AKC,urban,persistence
2024-01-29 09:00:00+00:00,1,19.6395,19.4555,AT,AKC,urban,persistence
2024-01-29 10:00:00+00:00,1,17.28525,19.6395,AT,AKC,urban,persistence
2024-01-29 11:00:00+00:00,1,14.38275,17.28525,AT,AKC,urban,persistence
2024-01-29 12:00:00+00:00,1,12.312,14.38275,AT,AKC,urban,persistence
2024-01-29 13:00:00+00:00,1,13.62575,12.312,AT,AKC,urban,persistence
2024-01-29 14:00:00+00:00,1,13.11075,13.62575,AT,AKC,urban,persistence
2024-01-29 15:00:00+00:00,1,14.24075,13.11075,AT,AKC,urban,persistence
2024-01-29 16:00:00+00:00,1,14.5175,14.24075,AT,AKC,urban,persistence
2024-01-29 17:00:00+00:00,1,15.64775,14.5175,AT,AKC,urban,persistence
2024-01-29 18:00:00+00:00,1,17.38775,15.64775,AT,AKC,urban,persistence
2024-01-29 19:00:00+00:00,1,18.541,17.38775,AT,AKC,urban,persistence
2024-01-29 20:00:00+00:00,1,19.01825,18.541,AT,AKC,urban,persistence
2024-01-29 21:00:00+00:00,1,18.68475,19.01825,AT,AKC,urban,persistence
2024-01-29 22:00:00+00:00,1,18.356,18.68475,AT,AKC,urban,persistence
2024-01-29 23:00:00+00:00,1,18.56775,18.356,AT,AKC,urban,persistence
2024-01-30 00:00:00+00:00,1,18.36325,18.56775,AT,AKC,urban,persistence
2024-01-30 01:00:00+00:00,1,17.673,18.36325,AT,AKC,urban,persistence
2024-01-30 02:00:00+00:00,1,17.53575,17.673,AT,AKC,urban,persistence
2024-01-30 03:00:00+00:00,1,18.7,17.53575,AT,AKC,urban,persistence
2024-01-30 04:00:00+00:00,1,19.0255,18.7,AT,AKC,urban,persistence
2024-01-30 05:00:00+00:00,1,19.20025,19.0255,AT,AKC,urban,persistence
2024-01-30 06:00:00+00:00,1,19.646,19.20025,AT,AKC,urban,persistence
2024-01-30 07:00:00+00:00,1,20.73975,19.646,AT,AKC,urban,persistence
2024-01-30 08:00:00+00:00,1,21.22675,20.73975,AT,AKC,urban,persistence
2024-01-30 09:00:00+00:00,1,18.2805,21.22675,AT,AKC,urban,persistence
2024-01-30 10:00:00+00:00,1,17.69175,18.2805,AT,AKC,urban,persistence
2024-01-30 11:00:00+00:00,1,16.5965,17.69175,AT,AKC,urban,persistence
2024-01-30 12:00:00+00:00,1,16.339,16.5965,AT,AKC,urban,persistence
2024-01-30 13:00:00+00:00,1,16.249,16.339,AT,AKC,urban,persistence
2024-01-30 14:00:00+00:00,1,15.25375,16.249,AT,AKC,urban,persistence
2024-01-30 15:00:00+00:00,1,15.2215,15.25375,AT,AKC,urban,persistence
2024-01-30 16:00:00+00:00,1,15.11875,15.2215,AT,AKC,urban,persistence
2024-01-30 17:00:00+00:00,1,16.20975,15.11875,AT,AKC,urban,persistence
2024-01-30 18:00:00+00:00,1,17.9645,16.20975,AT,AKC,urban,persistence
2024-01-30 19:00:00+00:00,1,18.6505,17.9645,AT,AKC,urban,persistence
2024-01-30 20:00:00+00:00,1,19.732,18.6505,AT,AKC,urban,persistence
2024-01-30 21:00:00+00:00,1,20.93275,19.732,AT,AKC,urban,persistence
2024-01-30 22:00:00+00:00,1,24.60375,20.93275,AT,AKC,urban,persistence
2024-01-30 23:00:00+00:00,1,25.86025,24.60375,AT,AKC,urban,persistence
2024-01-31 00:00:00+00:00,1,28.702,25.86025,AT,AKC,urban,persistence
2024-01-31 01:00:00+00:00,1,28.117,28.702,AT,AKC,urban,persistence
2024-01-31 02:00:00+00:00,1,27.79175,28.117,AT,AKC,urban,persistence
2024-01-31 03:00:00+00:00,1,26.5445,27.79175,AT,AKC,urban,persistence
2024-01-31 04:00:00+00:00,1,25.97875,26.5445,AT,AKC,urban,persistence
2024-01-31 05:00:00+00:00,1,27.787,25.97875,AT,AKC,urban,persistence
2024-01-31 06:00:00+00:00,1,28.91925,27.787,AT,AKC,urban,persistence
2024-01-31 07:00:00+00:00,1,29.2365,28.91925,AT,AKC,urban,persistence
2024-01-31 08:00:00+00:00,1,31.43375,29.2365,AT,AKC,urban,persistence
2024-01-31 09:00:00+00:00,1,34.08175,31.43375,AT,AKC,urban,persistence
2024-01-31 10:00:00+00:00,1,34.80825,34.08175,AT,AKC,urban,persistence
2024-01-31 11:00:00+00:00,1,32.665,34.80825,AT,AKC,urban,persistence
2024-01-31 12:00:00+00:00,1,35.336,32.665,AT,AKC,urban,persistence
2024-01-31 13:00:00+00:00,1,36.637,35.336,AT,AKC,urban,persistence
2024-01-31 14:00:00+00:00,1,37.00625,36.637,AT,AKC,urban,persistence
2024-01-31 15:00:00+00:00,1,36.9885,37.00625,AT,AKC,urban,persistence
2024-01-31 16:00:00+00:00,1,36.9265,36.9885,AT,AKC,urban,persistence
2024-01-31 17:00:00+00:00,1,37.7395,36.9265,AT,AKC,urban,persistence
2024-01-31 18:00:00+00:00,1,38.7455,37.7395,AT,AKC,urban,persistence
2024-01-31 19:00:00+00:00,1,39.7485,38.7455,AT,AKC,urban,persistence
2024-01-31 20:00:00+00:00,1,40.52825,39.7485,AT,AKC,urban,persistence
2024-01-31 21:00:00+00:00,1,40.88025,40.52825,AT,AKC,urban,persistence
2024-01-31 22:00:00+00:00,1,42.00325,40.88025,AT,AKC,urban,persistence
2024-01-31 23:00:00+00:00,1,41.828,42.00325,AT,AKC,urban,persistence
2024-02-01 00:00:00+00:00,1,38.855,41.828,AT,AKC,urban,persistence
2024-02-01 01:00:00+00:00,1,33.50775,38.855,AT,AKC,urban,persistence
2024-02-01 02:00:00+00:00,1,35.16975,33.50775,AT,AKC,urban,persistence
2024-02-01 03:00:00+00:00,1,29.4625,35.16975,AT,AKC,urban,persistence
2024-02-01 04:00:00+00:00,1,29.67475,29.4625,AT,AKC,urban,persistence
2024-02-01 05:00:00+00:00,1,19.86275,29.67475,AT,AKC,urban,persistence
2024-02-01 06:00:00+00:00,1,15.0195,19.86275,AT,AKC,urban,persistence
2024-02-01 07:00:00+00:00,1,12.30575,15.0195,AT,AKC,urban,persistence
2024-02-01 08:00:00+00:00,1,11.5165,12.30575,AT,AKC,urban,persistence
2024-02-01 09:00:00+00:00,1,11.08625,11.5165,AT,AKC,urban,persistence
2024-02-01 10:00:00+00:00,1,10.391,11.08625,AT,AKC,urban,persistence
2024-02-01 11:00:00+00:00,1,9.212274,10.391,AT,AKC,urban,persistence
2024-02-01 12:00:00+00:00,1,6.6615,9.212274,AT,AKC,urban,persistence
2024-02-01 13:00:00+00:00,1,5.7438,6.6615,AT,AKC,urban,persistence
2024-02-01 14:00:00+00:00,1,5.083075,5.7438,AT,AKC,urban,persistence
2024-02-01 15:00:00+00:00,1,4.94045,5.083075,AT,AKC,urban,persistence
2024-02-01 16:00:00+00:00,1,5.675124,4.94045,AT,AKC,urban,persistence
2024-02-01 17:00:00+00:00,1,4.467625,5.675124,AT,AKC,urban,persistence
2024-02-01 18:00:00+00:00,1,3.6431745,4.467625,AT,AKC,urban,persistence
2024-02-01 19:00:00+00:00,1,3.1050495,3.6431745,AT,AKC,urban,persistence
2024-02-01 20:00:00+00:00,1,3.160599,3.1050495,AT,AKC,urban,persistence
2024-02-01 21:00:00+00:00,1,3.522049,3.160599,AT,AKC,urban,persistence
2024-02-01 22:00:00+00:00,1,3.5153995,3.522049,AT,AKC,urban,persistence
2024-02-01 23:00:00+00:00,1,3.693874,3.5153995,AT,AKC,urban,persistence
2024-02-02 00:00:00+00:00,1,3.978175,3.693874,AT,AKC,urban,persistence
2024-02-02 01:00:00+00:00,1,3.9666,3.978175,AT,AKC,urban,persistence
2024-02-02 02:00:00+00:00,1,4.1716,3.9666,AT,AKC,urban,persistence
2024-02-02 03:00:00+00:00,1,4.375249,4.1716,AT,AKC,urban,persistence
2024-02-02 04:00:00+00:00,1,4.9322745,4.375249,AT,AKC,urban,persistence
2024-02-02 05:00:00+00:00,1,10.6364,4.9322745,AT,AKC,urban,persistence
2024-02-02 06:00:00+00:00,1,15.32975,10.6364,AT,AKC,urban,persistence
2024-02-02 07:00:00+00:00,1,13.08075,15.32975,AT,AKC,urban,persistence
2024-02-02 08:00:00+00:00,1,11.618,13.08075,AT,AKC,urban,persistence
2024-02-02 09:00:00+00:00,1,9.1946995,11.618,AT,AKC,urban,persistence
2024-02-02 10:00:00+00:00,1,8.593824,9.1946995,AT,AKC,urban,persistence
2024-02-02 11:00:00+00:00,1,9.596675,8.593824,AT,AKC,urban,persistence
2024-02-02 12:00:00+00:00,1,9.3612495,9.596675,AT,AKC,urban,persistence
2024-02-02 13:00:00+00:00,1,7.777299,9.3612495,AT,AKC,urban,persistence
2024-02-02 14:00:00+00:00,1,7.11685,7.777299,AT,AKC,urban,persistence
2024-02-02 15:00:00+00:00,1,5.71365,7.11685,AT,AKC,urban,persistence
2024-02-02 16:00:00+00:00,1,3.683975,5.71365,AT,AKC,urban,persistence
2024-02-02 17:00:00+00:00,1,2.467624,3.683975,AT,AKC,urban,persistence
2024-02-02 18:00:00+00:00,1,2.616349,2.467624,AT,AKC,urban,persistence
2024-02-02 19:00:00+00:00,1,2.457474,2.616349,AT,AKC,urban,persistence
2024-02-02 20:00:00+00:00,1,2.33045,2.457474,AT,AKC,urban,persistence
2024-02-02 21:00:00+00:00,1,2.201175,2.33045,AT,AKC,urban,persistence
2024-02-02 22:00:00+00:00,1,2.022574,2.201175,AT,AKC,urban,persistence
2024-02-02 23:00:00+00:00,1,2.2991495,2.022574,AT,AKC,urban,persistence
2024-02-03 00:00:00+00:00,1,2.392525,2.2991495,AT,AKC,urban,persistence
2024-02-03 01:00:00+00:00,1,2.3484495,2.392525,AT,AKC,urban,persistence
2024-02-03 02:00:00+00:00,1,2.5505495,2.3484495,AT,AKC,urban,persistence
2024-02-03 03:00:00+00:00,1,2.8367245,2.5505495,AT,AKC,urban,persistence
2024-02-03 04:00:00+00:00,1,3.1139,2.8367245,AT,AKC,urban,persistence
2024-02-03 05:00:00+00:00,1,3.4461495,3.1139,AT,AKC,urban,persistence
2024-02-03 06:00:00+00:00,1,3.5192745,3.4461495,AT,AKC,urban,persistence
2024-02-03 07:00:00+00:00,1,4.2470495,3.5192745,AT,AKC,urban,persistence
2024-02-03 08:00:00+00:00,1,5.1239745,4.2470495,AT,AKC,urban,persistence
2024-02-03 09:00:00+00:00,1,4.655799,5.1239745,AT,AKC,urban,persistence
2024-02-03 10:00:00+00:00,1,4.211724,4.655799,AT,AKC,urban,persistence
2024-02-03 11:00:00+00:00,1,4.117624,4.211724,AT,AKC,urban,persistence
2024-02-03 12:00:00+00:00,1,3.896124,4.117624,AT,AKC,urban,persistence
2024-02-03 13:00:00+00:00,1,3.2856245,3.896124,AT,AKC,urban,persistence
2024-02-03 14:00:00+00:00,1,3.128549,3.2856245,AT,AKC,urban,persistence
2024-02-03 15:00:00+00:00,1,3.5315995,3.128549,AT,AKC,urban,persistence
2024-02-03 16:00:00+00:00,1,4.1595245,3.5315995,AT,AKC,urban,persistence
2024-02-03 17:00:00+00:00,1,3.871025,4.1595245,AT,AKC,urban,persistence
2024-02-03 18:00:00+00:00,1,3.508574,3.871025,AT,AKC,urban,persistence
2024-02-03 19:00:00+00:00,1,3.834924,3.508574,AT,AKC,urban,persistence
2024-02-03 20:00:00+00:00,1,4.577725,3.834924,AT,AKC,urban,persistence
2024-02-03 21:00:00+00:00,1,6.3684245,4.577725,AT,AKC,urban,persistence
2024-02-03 22:00:00+00:00,1,6.0026495,6.3684245,AT,AKC,urban,persistence
2024-02-03 23:00:00+00:00,1,5.59115,6.0026495,AT,AKC,urban,persistence
2024-02-04 00:00:00+00:00,1,4.320549,5.59115,AT,AKC,urban,persistence
2024-02-04 01:00:00+00:00,1,4.678649,4.320549,AT,AKC,urban,persistence
2024-02-04 02:00:00+00:00,1,4.270974,4.678649,AT,AKC,urban,persistence
2024-02-04 03:00:00+00:00,1,4.661374,4.270974,AT,AKC,urban,persistence
2024-02-04 04:00:00+00:00,1,3.722825,4.661374,AT,AKC,urban,persistence
2024-02-04 05:00:00+00:00,1,3.9775995,3.722825,AT,AKC,urban,persistence
2024-02-04 06:00:00+00:00,1,3.7857245,3.9775995,AT,AKC,urban,persistence
2024-02-04 07:00:00+00:00,1,2.7196245,3.7857245,AT,AKC,urban,persistence
2024-02-04 08:00:00+00:00,1,2.0127,2.7196245,AT,AKC,urban,persistence
2024-02-04 09:00:00+00:00,1,1.956299,2.0127,AT,AKC,urban,persistence
2024-02-04 10:00:00+00:00,1,1.769074,1.956299,AT,AKC,urban,persistence
2024-02-04 11:00:00+00:00,1,2.1254495,1.769074,AT,AKC,urban,persistence
2024-02-04 12:00:00+00:00,1,2.7666495,2.1254495,AT,AKC,urban,persistence
2024-02-04 13:00:00+00:00,1,3.065425,2.7666495,AT,AKC,urban,persistence
2024-02-04 14:00:00+00:00,1,2.8048495,3.065425,AT,AKC,urban,persistence
2024-02-04 15:00:00+00:00,1,2.5139995,2.8048495,AT,AKC,urban,persistence
2024-02-04 16:00:00+00:00,1,2.517974,2.5139995,AT,AKC,urban,persistence
2024-02-04 17:00:00+00:00,1,2.2553495,2.517974,AT,AKC,urban,persistence
2024-02-04 18:00:00+00:00,1,2.426549,2.2553495,AT,AKC,urban,persistence
2024-02-04 19:00:00+00:00,1,2.8516245,2.426549,AT,AKC,urban,persistence
2024-02-04 20:00:00+00:00,1,2.540925,2.8516245,AT,AKC,urban,persistence
2024-02-04 21:00:00+00:00,1,2.173774,2.540925,AT,AKC,urban,persistence
2024-02-04 22:00:00+00:00,1,1.9917745,2.173774,AT,AKC,urban,persistence
2024-02-04 23:00:00+00:00,1,2.096224,1.9917745,AT,AKC,urban,persistence
2024-02-05 00:00:00+00:00,1,1.974799,2.096224,AT,AKC,urban,persistence
2024-02-05 01:00:00+00:00,1,2.4373495,1.974799,AT,AKC,urban,persistence
2024-02-05 02:00:00+00:00,1,2.2485,2.4373495,AT,AKC,urban,persistence
2024-02-05 03:00:00+00:00,1,2.429225,2.2485,AT,AKC,urban,persistence
2024-02-05 04:00:00+00:00,1,2.45175,2.429225,AT,AKC,urban,persistence
2024-02-05 05:00:00+00:00,1,2.4431,2.45175,AT,AKC,urban,persistence
2024-02-05 06:00:00+00:00,1,2.4798245,2.4431,AT,AKC,urban,persistence
2024-02-05 07:00:00+00:00,1,2.98495,2.4798245,AT,AKC,urban,persistence
2024-02-05 08:00:00+00:00,1,2.6532245,2.98495,AT,AKC,urban,persistence
2024-02-05 09:00:00+00:00,1,2.7881745,2.6532245,AT,AKC,urban,persistence
2024-02-05 10:00:00+00:00,1,2.892175,2.7881745,AT,AKC,urban,persistence
2024-02-05 11:00:00+00:00,1,4.5092245,2.892175,AT,AKC,urban,persistence
2024-02-05 12:00:00+00:00,1,5.305074,4.5092245,AT,AKC,urban,persistence
2024-02-05 13:00:00+00:00,1,5.4749995,5.305074,AT,AKC,urban,persistence
2024-02-05 14:00:00+00:00,1,4.921349,5.4749995,AT,AKC,urban,persistence
2024-02-05 15:00:00+00:00,1,5.7207745,4.921349,AT,AKC,urban,persistence
2024-02-05 16:00:00+00:00,1,5.6518245,5.7207745,AT,AKC,urban,persistence
2024-02-05 17:00:00+00:00,1,5.8673745,5.6518245,AT,AKC,urban,persistence
2024-02-05 18:00:00+00:00,1,5.9130495,5.8673745,AT,AKC,urban,persistence
2024-02-05 19:00:00+00:00,1,6.3212995,5.9130495,AT,AKC,urban,persistence
2024-02-05 20:00:00+00:00,1,6.497474,6.3212995,AT,AKC,urban,persistence
2024-02-05 21:00:00+00:00,1,6.5456495,6.497474,AT,AKC,urban,persistence
2024-02-05 22:00:00+00:00,1,6.514825,6.5456495,AT,AKC,urban,persistence
2024-02-05 23:00:00+00:00,1,6.6321245,6.514825,AT,AKC,urban,persistence
2024-02-06 00:00:00+00:00,1,6.3470745,6.6321245,AT,AKC,urban,persistence
2024-02-06 01:00:00+00:00,1,5.9239995,6.3470745,AT,AKC,urban,persistence
2024-02-06 02:00:00+00:00,1,5.60555,5.9239995,AT,AKC,urban,persistence
2024-02-06 03:00:00+00:00,1,5.3411245,5.60555,AT,AKC,urban,persistence
2024-02-06 04:00:00+00:00,1,5.513424,5.3411245,AT,AKC,urban,persistence
2024-02-06 05:00:00+00:00,1,6.4708495,5.513424,AT,AKC,urban,persistence
2024-02-06 06:00:00+00:00,1,6.1548245,6.4708495,AT,AKC,urban,persistence
2024-02-06 07:00:00+00:00,1,6.560599,6.1548245,AT,AKC,urban,persistence
2024-02-06 08:00:00+00:00,1,6.9517245,6.560599,AT,AKC,urban,persistence
2024-02-06 09:00:00+00:00,1,8.3005,6.9517245,AT,AKC,urban,persistence
2024-02-06 10:00:00+00:00,1,8.4317495,8.3005,AT,AKC,urban,persistence
2024-02-06 11:00:00+00:00,1,8.3283745,8.4317495,AT,AKC,urban,persistence
2024-02-06 12:00:00+00:00,1,7.3226995,8.3283745,AT,AKC,urban,persistence
2024-02-06 13:00:00+00:00,1,7.267149,7.3226995,AT,AKC,urban,persistence
2024-02-06 14:00:00+00:00,1,6.493724,7.267149,AT,AKC,urban,persistence
2024-02-06 15:00:00+00:00,1,5.4128745,6.493724,AT,AKC,urban,persistence
2024-02-06 16:00:00+00:00,1,4.911474,5.4128745,AT,AKC,urban,persistence
2024-02-06 17:00:00+00:00,1,4.917375,4.911474,AT,AKC,urban,persistence
2024-02-06 18:00:00+00:00,1,5.042124,4.917375,AT,AKC,urban,persistence
2024-02-06 19:00:00+00:00,1,5.14475,5.042124,AT,AKC,urban,persistence
2024-02-06 20:00:00+00:00,1,5.2362495,5.14475,AT,AKC,urban,persistence
2024-02-06 21:00:00+00:00,1,5.0442995,5.2362495,AT,AKC,urban,persistence
2024-02-06 22:00:00+00:00,1,5.377674,5.0442995,AT,AKC,urban,persistence
2024-02-06 23:00:00+00:00,1,5.649825,5.377674,AT,AKC,urban,persistence
2024-02-07 00:00:00+00:00,1,5.0458995,5.649825,AT,AKC,urban,persistence
2024-02-07 01:00:00+00:00,1,5.6366245,5.0458995,AT,AKC,urban,persistence
2024-02-07 02:00:00+00:00,1,5.1859745,5.6366245,AT,AKC,urban,persistence
2024-02-07 03:00:00+00:00,1,5.0431995,5.1859745,AT,AKC,urban,persistence
2024-02-07 04:00:00+00:00,1,5.063049,5.0431995,AT,AKC,urban,persistence
2024-02-07 05:00:00+00:00,1,6.084524,5.063049,AT,AKC,urban,persistence
2024-02-07 06:00:00+00:00,1,6.246974,6.084524,AT,AKC,urban,persistence
2024-02-07 07:00:00+00:00,1,5.351525,6.246974,AT,AKC,urban,persistence
2024-02-07 08:00:00+00:00,1,5.6457495,5.351525,AT,AKC,urban,persistence
2024-02-07 09:00:00+00:00,1,5.2321495,5.6457495,AT,AKC,urban,persistence
2024-02-07 10:00:00+00:00,1,4.927525,5.2321495,AT,AKC,urban,persistence
2024-02-07 11:00:00+00:00,1,5.923474,4.927525,AT,AKC,urban,persistence
2024-02-07 12:00:00+00:00,1,5.779549,5.923474,AT,AKC,urban,persistence
2024-02-07 13:00:00+00:00,1,4.3366245,5.779549,AT,AKC,urban,persistence
2024-02-07 14:00:00+00:00,1,4.3435495,4.3366245,AT,AKC,urban,persistence
2024-02-07 15:00:00+00:00,1,3.34785,4.3435495,AT,AKC,urban,persistence
2024-02-07 16:00:00+00:00,1,3.5510245,3.34785,AT,AKC,urban,persistence
2024-02-07 17:00:00+00:00,1,2.8552995,3.5510245,AT,AKC,urban,persistence
2024-02-07 18:00:00+00:00,1,3.2900995,2.8552995,AT,AKC,urban,persistence
2024-02-07 19:00:00+00:00,1,3.47885,3.2900995,AT,AKC,urban,persistence
2024-02-07 20:00:00+00:00,1,3.444674,3.47885,AT,AKC,urban,persistence
2024-02-07 21:00:00+00:00,1,3.4313245,3.444674,AT,AKC,urban,persistence
2024-02-07 22:00:00+00:00,1,3.5448495,3.4313245,AT,AKC,urban,persistence
2024-02-07 23:00:00+00:00,1,3.341399,3.5448495,AT,AKC,urban,persistence
2024-02-08 00:00:00+00:00,1,2.9315495,3.341399,AT,AKC,urban,persistence
2024-02-08 01:00:00+00:00,1,2.5918,2.9315495,AT,AKC,urban,persistence
2024-02-08 02:00:00+00:00,1,1.8553745,2.5918,AT,AKC,urban,persistence
2024-02-08 03:00:00+00:00,1,1.70565,1.8553745,AT,AKC,urban,persistence
2024-02-08 04:00:00+00:00,1,2.447849,1.70565,AT,AKC,urban,persistence
2024-02-08 05:00:00+00:00,1,3.2542745,2.447849,AT,AKC,urban,persistence
2024-02-08 06:00:00+00:00,1,3.443124,3.2542745,AT,AKC,urban,persistence
2024-02-08 07:00:00+00:00,1,2.7293245,3.443124,AT,AKC,urban,persistence
2024-02-08 08:00:00+00:00,1,3.009574,2.7293245,AT,AKC,urban,persistence
2024-02-08 09:00:00+00:00,1,3.185449,3.009574,AT,AKC,urban,persistence
2024-02-08 10:00:00+00:00,1,2.3083495,3.185449,AT,AKC,urban,persistence
2024-02-08 11:00:00+00:00,1,4.0503745,2.3083495,AT,AKC,urban,persistence
2024-02-08 12:00:00+00:00,1,4.471724,4.0503745,AT,AKC,urban,persistence
2024-02-08 13:00:00+00:00,1,2.422349,4.471724,AT,AKC,urban,persistence
2024-02-08 14:00:00+00:00,1,2.4679995,2.422349,AT,AKC,urban,persistence
2024-02-08 15:00:00+00:00,1,3.4956745,2.4679995,AT,AKC,urban,persistence
2024-02-08 16:00:00+00:00,1,7.6437495,3.4956745,AT,AKC,urban,persistence
2024-02-08 17:00:00+00:00,1,13.7325,7.6437495,AT,AKC,urban,persistence
2024-02-08 18:00:00+00:00,1,8.388024,13.7325,AT,AKC,urban,persistence
2024-02-08 19:00:00+00:00,1,4.8911495,8.388024,AT,AKC,urban,persistence
2024-02-08 20:00:00+00:00,1,7.3339995,4.8911495,AT,AKC,urban,persistence
2024-02-08 21:00:00+00:00,1,9.036774,7.3339995,AT,AKC,urban,persistence
2024-02-08 22:00:00+00:00,1,10.942625,9.036774,AT,AKC,urban,persistence
2024-02-08 23:00:00+00:00,1,10.814125,10.942625,AT,AKC,urban,persistence
2024-02-09 00:00:00+00:00,1,11.74375,10.814125,AT,AKC,urban,persistence
2024-02-09 01:00:00+00:00,1,13.5955,11.74375,AT,AKC,urban,persistence
2024-02-09 02:00:00+00:00,1,16.015,13.5955,AT,AKC,urban,persistence
2024-02-09 03:00:00+00:00,1,17.13925,16.015,AT,AKC,urban,persistence
2024-02-09 04:00:00+00:00,1,17.722,17.13925,AT,AKC,urban,persistence
2024-02-09 05:00:00+00:00,1,18.42675,17.722,AT,AKC,urban,persistence
2024-02-09 06:00:00+00:00,1,19.5645,18.42675,AT,AKC,urban,persistence
2024-02-09 07:00:00+00:00,1,19.0645,19.5645,AT,AKC,urban,persistence
2024-02-09 08:00:00+00:00,1,18.02675,19.0645,AT,AKC,urban,persistence
2024-02-09 09:00:00+00:00,1,17.334,18.02675,AT,AKC,urban,persistence
2024-02-09 10:00:00+00:00,1,15.78025,17.334,AT,AKC,urban,persistence
2024-02-09 11:00:00+00:00,1,15.68825,15.78025,AT,AKC,urban,persistence
2024-02-09 12:00:00+00:00,1,14.09825,15.68825,AT,AKC,urban,persistence
2024-02-09 13:00:00+00:00,1,13.9275,14.09825,AT,AKC,urban,persistence
2024-02-09 14:00:00+00:00,1,12.95925,13.9275,AT,AKC,urban,persistence
2024-02-09 15:00:00+00:00,1,13.694,12.95925,AT,AKC,urban,persistence
2024-02-09 16:00:00+00:00,1,15.985,13.694,AT,AKC,urban,persistence
2024-02-09 17:00:00+00:00,1,20.125,15.985,AT,AKC,urban,persistence
2024-02-09 18:00:00+00:00,1,18.12675,20.125,AT,AKC,urban,persistence
2024-02-09 19:00:00+00:00,1,17.028,18.12675,AT,AKC,urban,persistence
2024-02-09 20:00:00+00:00,1,14.754,17.028,AT,AKC,urban,persistence
2024-02-09 21:00:00+00:00,1,14.19,14.754,AT,AKC,urban,persistence
2024-02-09 22:00:00+00:00,1,16.795,14.19,AT,AKC,urban,persistence
2024-02-09 23:00:00+00:00,1,16.40475,16.795,AT,AKC,urban,persistence
2024-02-10 00:00:00+00:00,1,16.002,16.40475,AT,AKC,urban,persistence
2024-02-10 01:00:00+00:00,1,15.648,16.002,AT,AKC,urban,persistence
2024-02-10 02:00:00+00:00,1,15.528,15.648,AT,AKC,urban,persistence
2024-02-10 03:00:00+00:00,1,14.93375,15.528,AT,AKC,urban,persistence
2024-02-10 04:00:00+00:00,1,15.60425,14.93375,AT,AKC,urban,persistence
2024-02-10 05:00:00+00:00,1,15.51175,15.60425,AT,AKC,urban,persistence
2024-02-10 06:00:00+00:00,1,14.4815,15.51175,AT,AKC,urban,persistence
2024-02-10 07:00:00+00:00,1,12.62025,14.4815,AT,AKC,urban,persistence
2024-02-10 08:00:00+00:00,1,13.943,12.62025,AT,AKC,urban,persistence
2024-02-10 09:00:00+00:00,1,12.98075,13.943,AT,AKC,urban,persistence
2024-02-10 10:00:00+00:00,1,7.5838245,12.98075,AT,AKC,urban,persistence
2024-02-10 11:00:00+00:00,1,8.2195245,7.5838245,AT,AKC,urban,persistence
2024-02-10 12:00:00+00:00,1,10.67795,8.2195245,AT,AKC,urban,persistence
2024-02-10 13:00:00+00:00,1,12.277,10.67795,AT,AKC,urban,persistence
2024-02-10 14:00:00+00:00,1,12.19075,12.277,AT,AKC,urban,persistence
2024-02-10 15:00:00+00:00,1,13.01275,12.19075,AT,AKC,urban,persistence
2024-02-10 16:00:00+00:00,1,11.81325,13.01275,AT,AKC,urban,persistence
2024-02-10 17:00:00+00:00,1,13.4695,11.81325,AT,AKC,urban,persistence
2024-02-10 18:00:00+00:00,1,14.088,13.4695,AT,AKC,urban,persistence
2024-02-10 19:00:00+00:00,1,11.01125,14.088,AT,AKC,urban,persistence
2024-02-10 20:00:00+00:00,1,11.024,11.01125,AT,AKC,urban,persistence
2024-02-10 21:00:00+00:00,1,8.7712495,11.024,AT,AKC,urban,persistence
2024-02-10 22:00:00+00:00,1,6.4105995,8.7712495,AT,AKC,urban,persistence
2024-02-10 23:00:00+00:00,1,4.831299,6.4105995,AT,AKC,urban,persistence
2024-02-11 00:00:00+00:00,1,5.3776245,4.831299,AT,AKC,urban,persistence
2024-02-11 01:00:00+00:00,1,4.7656,5.3776245,AT,AKC,urban,persistence
2024-02-11 02:00:00+00:00,1,4.417174,4.7656,AT,AKC,urban,persistence
2024-02-11 03:00:00+00:00,1,5.6909,4.417174,AT,AKC,urban,persistence
2024-02-11 04:00:00+00:00,1,7.250949,5.6909,AT,AKC,urban,persistence
2024-02-11 05:00:00+00:00,1,6.676525,7.250949,AT,AKC,urban,persistence
2024-02-11 06:00:00+00:00,1,5.8544245,6.676525,AT,AKC,urban,persistence
2024-02-11 07:00:00+00:00,1,4.996249,5.8544245,AT,AKC,urban,persistence
2024-02-11 08:00:00+00:00,1,4.192499,4.996249,AT,AKC,urban,persistence
2024-02-11 09:00:00+00:00,1,4.0346245,4.192499,AT,AKC,urban,persistence
2024-02-11 10:00:00+00:00,1,4.828024,4.0346245,AT,AKC,urban,persistence
2024-02-11 11:00:00+00:00,1,2.579275,4.828024,AT,AKC,urban,persistence
2024-02-11 12:00:00+00:00,1,1.5687745,2.579275,AT,AKC,urban,persistence
2024-02-11 13:00:00+00:00,1,1.442474,1.5687745,AT,AKC,urban,persistence
2024-02-11 14:00:00+00:00,1,1.8177745,1.442474,AT,AKC,urban,persistence
2024-02-11 15:00:00+00:00,1,2.398074,1.8177745,AT,AKC,urban,persistence
2024-02-11 16:00:00+00:00,1,2.893024,2.398074,AT,AKC,urban,persistence
2024-02-11 17:00:00+00:00,1,2.719324,2.893024,AT,AKC,urban,persistence
2024-02-11 18:00:00+00:00,1,2.9858745,2.719324,AT,AKC,urban,persistence
2024-02-11 19:00:00+00:00,1,2.981474,2.9858745,AT,AKC,urban,persistence
2024-02-11 20:00:00+00:00,1,3.1061995,2.981474,AT,AKC,urban,persistence
2024-02-11 21:00:00+00:00,1,3.1365,3.1061995,AT,AKC,urban,persistence
2024-02-11 22:00:00+00:00,1,3.053299,3.1365,AT,AKC,urban,persistence
2024-02-11 23:00:00+00:00,1,2.867,3.053299,AT,AKC,urban,persistence
2024-02-12 00:00:00+00:00,1,3.060249,2.867,AT,AKC,urban,persistence
2024-02-12 01:00:00+00:00,1,3.1937,3.060249,AT,AKC,urban,persistence
2024-02-12 02:00:00+00:00,1,3.7987745,3.1937,AT,AKC,urban,persistence
2024-02-12 03:00:00+00:00,1,4.5171995,3.7987745,AT,AKC,urban,persistence
2024-02-12 04:00:00+00:00,1,4.7984995,4.5171995,AT,AKC,urban,persistence
2024-02-12 05:00:00+00:00,1,5.36615,4.7984995,AT,AKC,urban,persistence
2024-02-12 06:00:00+00:00,1,4.8856995,5.36615,AT,AKC,urban,persistence
2024-02-12 07:00:00+00:00,1,3.809125,4.8856995,AT,AKC,urban,persistence
2024-02-12 08:00:00+00:00,1,3.7126995,3.809125,AT,AKC,urban,persistence
2024-02-12 09:00:00+00:00,1,3.1144495,3.7126995,AT,AKC,urban,persistence
2024-02-12 10:00:00+00:00,1,3.3363995,3.1144495,AT,AKC,urban,persistence
2024-02-12 11:00:00+00:00,1,3.4677495,3.3363995,AT,AKC,urban,persistence
2024-02-12 12:00:00+00:00,1,3.3250995,3.4677495,AT,AKC,urban,persistence
2024-02-12 13:00:00+00:00,1,4.6786995,3.3250995,AT,AKC,urban,persistence
2024-02-12 14:00:00+00:00,1,3.48625,4.6786995,AT,AKC,urban,persistence
2024-02-12 15:00:00+00:00,1,2.982324,3.48625,AT,AKC,urban,persistence
2024-02-12 16:00:00+00:00,1,2.6852745,2.982324,AT,AKC,urban,persistence
2024-02-12 17:00:00+00:00,1,2.705724,2.6852745,AT,AKC,urban,persistence
2024-02-12 18:00:00+00:00,1,2.983775,2.705724,AT,AKC,urban,persistence
2024-02-12 19:00:00+00:00,1,2.996724,2.983775,AT,AKC,urban,persistence
2024-02-12 20:00:00+00:00,1,3.540774,2.996724,AT,AKC,urban,persistence
2024-02-12 21:00:00+00:00,1,4.241674,3.540774,AT,AKC,urban,persistence
2024-02-12 22:00:00+00:00,1,4.27645,4.241674,AT,AKC,urban,persistence
2024-02-12 23:00:00+00:00,1,4.242649,4.27645,AT,AKC,urban,persistence
2024-02-13 00:00:00+00:00,1,5.3060995,4.242649,AT,AKC,urban,persistence
2024-02-13 01:00:00+00:00,1,5.8848995,5.3060995,AT,AKC,urban,persistence
2024-02-13 02:00:00+00:00,1,6.5402,5.8848995,AT,AKC,urban,persistence
2024-02-13 03:00:00+00:00,1,7.227749,6.5402,AT,AKC,urban,persistence
2024-02-13 04:00:00+00:00,1,7.6328995,7.227749,AT,AKC,urban,persistence
2024-02-13 05:00:00+00:00,1,6.377925,7.6328995,AT,AKC,urban,persistence
2024-02-13 06:00:00+00:00,1,5.3978995,6.377925,AT,AKC,urban,persistence
2024-02-13 07:00:00+00:00,1,6.086724,5.3978995,AT,AKC,urban,persistence
2024-02-13 08:00:00+00:00,1,6.426899,6.086724,AT,AKC,urban,persistence
2024-02-13 09:00:00+00:00,1,6.413749,6.426899,AT,AKC,urban,persistence
2024-02-13 10:00:00+00:00,1,6.1851745,6.413749,AT,AKC,urban,persistence
2024-02-13 11:00:00+00:00,1,4.394725,6.1851745,AT,AKC,urban,persistence
2024-02-13 12:00:00+00:00,1,4.130899,4.394725,AT,AKC,urban,persistence
2024-02-13 13:00:00+00:00,1,3.3800245,4.130899,AT,AKC,urban,persistence
2024-02-13 14:00:00+00:00,1,3.3396995,3.3800245,AT,AKC,urban,persistence
2024-02-13 15:00:00+00:00,1,3.837824,3.3396995,AT,AKC,urban,persistence
2024-02-13 16:00:00+00:00,1,4.2439995,3.837824,AT,AKC,urban,persistence
2024-02-13 17:00:00+00:00,1,4.358599,4.2439995,AT,AKC,urban,persistence
2024-02-13 18:00:00+00:00,1,5.2661745,4.358599,AT,AKC,urban,persistence
2024-02-13 19:00:00+00:00,1,8.01095,5.2661745,AT,AKC,urban,persistence
2024-02-13 20:00:00+00:00,1,10.63255,8.01095,AT,AKC,urban,persistence
2024-02-13 21:00:00+00:00,1,6.6477,10.63255,AT,AKC,urban,persistence
2024-02-13 22:00:00+00:00,1,6.7294995,6.6477,AT,AKC,urban,persistence
2024-02-13 23:00:00+00:00,1,7.5007745,6.7294995,AT,AKC,urban,persistence
2024-02-14 00:00:00+00:00,1,7.80825,7.5007745,AT,AKC,urban,persistence
2024-02-14 01:00:00+00:00,1,6.458199,7.80825,AT,AKC,urban,persistence
2024-02-14 02:00:00+00:00,1,6.608599,6.458199,AT,AKC,urban,persistence
2024-02-14 03:00:00+00:00,1,7.571499,6.608599,AT,AKC,urban,persistence
2024-02-14 04:00:00+00:00,1,8.761875,7.571499,AT,AKC,urban,persistence
2024-02-14 05:00:00+00:00,1,10.212,8.761875,AT,AKC,urban,persistence
2024-02-14 06:00:00+00:00,1,11.57475,10.212,AT,AKC,urban,persistence
2024-02-14 07:00:00+00:00,1,9.4487995,11.57475,AT,AKC,urban,persistence
2024-02-14 08:00:00+00:00,1,9.1792995,9.4487995,AT,AKC,urban,persistence
2024-02-14 09:00:00+00:00,1,9.4378495,9.1792995,AT,AKC,urban,persistence
2024-02-14 10:00:00+00:00,1,6.117324,9.4378495,AT,AKC,urban,persistence
2024-02-14 11:00:00+00:00,1,5.1471245,6.117324,AT,AKC,urban,persistence
2024-02-14 12:00:00+00:00,1,5.461199,5.1471245,AT,AKC,urban,persistence
2024-02-14 13:00:00+00:00,1,5.227125,5.461199,AT,AKC,urban,persistence
2024-02-14 14:00:00+00:00,1,5.140225,5.227125,AT,AKC,urban,persistence
2024-02-14 15:00:00+00:00,1,5.1389995,5.140225,AT,AKC,urban,persistence
2024-02-14 16:00:00+00:00,1,4.593075,5.1389995,AT,AKC,urban,persistence
2024-02-14 17:00:00+00:00,1,4.0016995,4.593075,AT,AKC,urban,persistence
2024-02-14 18:00:00+00:00,1,4.5582995,4.0016995,AT,AKC,urban,persistence
2024-02-14 19:00:00+00:00,1,4.7422995,4.5582995,AT,AKC,urban,persistence
2024-02-14 20:00:00+00:00,1,4.1242,4.7422995,AT,AKC,urban,persistence
2024-02-14 21:00:00+00:00,1,3.8988,4.1242,AT,AKC,urban,persistence
2024-02-14 22:00:00+00:00,1,3.6948495,3.8988,AT,AKC,urban,persistence
2024-02-14 23:00:00+00:00,1,4.2868995,3.6948495,AT,AKC,urban,persistence
2024-02-15 00:00:00+00:00,1,4.195025,4.2868995,AT,AKC,urban,persistence
2024-02-15 01:00:00+00:00,1,4.7414745,4.195025,AT,AKC,urban,persistence
2024-02-15 02:00:00+00:00,1,5.221075,4.7414745,AT,AKC,urban,persistence
2024-02-15 03:00:00+00:00,1,6.8105495,5.221075,AT,AKC,urban,persistence
2024-02-15 04:00:00+00:00,1,7.431924,6.8105495,AT,AKC,urban,persistence
2024-02-15 05:00:00+00:00,1,9.1134995,7.431924,AT,AKC,urban,persistence
2024-02-15 06:00:00+00:00,1,10.824375,9.1134995,AT,AKC,urban,persistence
2024-02-15 07:00:00+00:00,1,14.292,10.824375,AT,AKC,urban,persistence
2024-02-15 08:00:00+00:00,1,12.23,14.292,AT,AKC,urban,persistence
2024-02-15 09:00:00+00:00,1,16.81475,12.23,AT,AKC,urban,persistence
2024-02-15 10:00:00+00:00,1,10.63535,16.81475,AT,AKC,urban,persistence
2024-02-15 11:00:00+00:00,1,7.005199,10.63535,AT,AKC,urban,persistence
2024-02-15 12:00:00+00:00,1,10.000075,7.005199,AT,AKC,urban,persistence
2024-02-15 13:00:00+00:00,1,10.52975,10.000075,AT,AKC,urban,persistence
2024-02-15 14:00:00+00:00,1,14.1075,10.52975,AT,AKC,urban,persistence
2024-02-15 15:00:00+00:00,1,20.51675,14.1075,AT,AKC,urban,persistence
2024-02-15 16:00:00+00:00,1,21.47975,20.51675,AT,AKC,urban,persistence
2024-02-15 17:00:00+00:00,1,23.858,21.47975,AT,AKC,urban,persistence
2024-02-15 18:00:00+00:00,1,23.164,23.858,AT,AKC,urban,persistence
2024-02-15 19:00:00+00:00,1,23.64025,23.164,AT,AKC,urban,persistence
2024-02-15 20:00:00+00:00,1,23.54175,23.64025,AT,AKC,urban,persistence
2024-02-15 21:00:00+00:00,1,21.1055,23.54175,AT,AKC,urban,persistence
2024-02-15 22:00:00+00:00,1,18.77125,21.1055,AT,AKC,urban,persistence
2024-02-15 23:00:00+00:00,1,18.4215,18.77125,AT,AKC,urban,persistence
2024-02-16 00:00:00+00:00,1,18.212,18.4215,AT,AKC,urban,persistence
2024-02-16 01:00:00+00:00,1,16.8575,18.212,AT,AKC,urban,persistence
2024-02-16 02:00:00+00:00,1,16.91075,16.8575,AT,AKC,urban,persistence
2024-02-16 03:00:00+00:00,1,17.02225,16.91075,AT,AKC,urban,persistence
2024-02-16 04:00:00+00:00,1,16.20225,17.02225,AT,AKC,urban,persistence
2024-02-16 05:00:00+00:00,1,15.873,16.20225,AT,AKC,urban,persistence
2024-02-16 06:00:00+00:00,1,14.80075,15.873,AT,AKC,urban,persistence
2024-02-16 07:00:00+00:00,1,13.548,14.80075,AT,AKC,urban,persistence
2024-02-16 08:00:00+00:00,1,11.0043,13.548,AT,AKC,urban,persistence
2024-02-16 09:00:00+00:00,1,6.502099,11.0043,AT,AKC,urban,persistence
2024-02-16 10:00:00+00:00,1,5.4425245,6.502099,AT,AKC,urban,persistence
2024-02-16 11:00:00+00:00,1,4.691824,5.4425245,AT,AKC,urban,persistence
2024-02-16 12:00:00+00:00,1,5.4475245,4.691824,AT,AKC,urban,persistence
2024-02-16 13:00:00+00:00,1,5.40515,5.4475245,AT,AKC,urban,persistence
2024-02-16 14:00:00+00:00,1,5.9999245,5.40515,AT,AKC,urban,persistence
2024-02-16 15:00:00+00:00,1,7.617324,5.9999245,AT,AKC,urban,persistence
2024-02-16 16:00:00+00:00,1,10.347475,7.617324,AT,AKC,urban,persistence
2024-02-16 17:00:00+00:00,1,12.51475,10.347475,AT,AKC,urban,persistence
2024-02-16 18:00:00+00:00,1,13.7175,12.51475,AT,AKC,urban,persistence
2024-02-16 19:00:00+00:00,1,14.2915,13.7175,AT,AKC,urban,persistence
2024-02-16 20:00:00+00:00,1,14.378,14.2915,AT,AKC,urban,persistence
2024-02-16 21:00:00+00:00,1,14.513,14.378,AT,AKC,urban,persistence
2024-02-16 22:00:00+00:00,1,15.1045,14.513,AT,AKC,urban,persistence
2024-02-16 23:00:00+00:00,1,17.00425,15.1045,AT,AKC,urban,persistence
2024-02-17 00:00:00+00:00,1,16.64325,17.00425,AT,AKC,urban,persistence
2024-02-17 01:00:00+00:00,1,16.96975,16.64325,AT,AKC,urban,persistence
2024-02-17 02:00:00+00:00,1,17.3385,16.96975,AT,AKC,urban,persistence
2024-02-17 03:00:00+00:00,1,17.3565,17.3385,AT,AKC,urban,persistence
2024-02-17 04:00:00+00:00,1,18.44675,17.3565,AT,AKC,urban,persistence
2024-02-17 05:00:00+00:00,1,19.75375,18.44675,AT,AKC,urban,persistence
2024-02-17 06:00:00+00:00,1,20.531,19.75375,AT,AKC,urban,persistence
2024-02-17 07:00:00+00:00,1,22.18425,20.531,AT,AKC,urban,persistence
2024-02-17 08:00:00+00:00,1,22.33375,22.18425,AT,AKC,urban,persistence
2024-02-17 09:00:00+00:00,1,14.813975,22.33375,AT,AKC,urban,persistence
2024-02-17 10:00:00+00:00,1,7.011774,14.813975,AT,AKC,urban,persistence
2024-02-17 11:00:00+00:00,1,6.2182995,7.011774,AT,AKC,urban,persistence
2024-02-17 12:00:00+00:00,1,5.9470745,6.2182995,AT,AKC,urban,persistence
2024-02-17 13:00:00+00:00,1,6.1762245,5.9470745,AT,AKC,urban,persistence
2024-02-17 14:00:00+00:00,1,6.6633745,6.1762245,AT,AKC,urban,persistence
2024-02-17 15:00:00+00:00,1,9.870025,6.6633745,AT,AKC,urban,persistence
2024-02-17 16:00:00+00:00,1,7.792924,9.870025,AT,AKC,urban,persistence
2024-02-17 17:00:00+00:00,1,7.9579,7.792924,AT,AKC,urban,persistence
2024-02-17 18:00:00+00:00,1,9.221025,7.9579,AT,AKC,urban,persistence
2024-02-17 19:00:00+00:00,1,7.073374,9.221025,AT,AKC,urban,persistence
2024-02-17 20:00:00+00:00,1,4.8919745,7.073374,AT,AKC,urban,persistence
2024-02-17 21:00:00+00:00,1,3.7909245,4.8919745,AT,AKC,urban,persistence
2024-02-17 22:00:00+00:00,1,3.902074,3.7909245,AT,AKC,urban,persistence
2024-02-17 23:00:00+00:00,1,4.3384995,3.902074,AT,AKC,urban,persistence
2024-02-18 00:00:00+00:00,1,5.3704495,4.3384995,AT,AKC,urban,persistence
2024-02-18 01:00:00+00:00,1,6.4069495,5.3704495,AT,AKC,urban,persistence
2024-02-18 02:00:00+00:00,1,6.403075,6.4069495,AT,AKC,urban,persistence
2024-02-18 03:00:00+00:00,1,6.3913995,6.403075,AT,AKC,urban,persistence
2024-02-18 04:00:00+00:00,1,6.6213495,6.3913995,AT,AKC,urban,persistence
2024-02-18 05:00:00+00:00,1,7.066625,6.6213495,AT,AKC,urban,persistence
2024-02-18 06:00:00+00:00,1,5.948249,7.066625,AT,AKC,urban,persistence
2024-02-18 07:00:00+00:00,1,5.217325,5.948249,AT,AKC,urban,persistence
2024-02-18 08:00:00+00:00,1,6.64955,5.217325,AT,AKC,urban,persistence
2024-02-18 09:00:00+00:00,1,7.560125,6.64955,AT,AKC,urban,persistence
2024-02-18 10:00:00+00:00,1,8.0816745,7.560125,AT,AKC,urban,persistence
2024-02-18 11:00:00+00:00,1,8.401324,8.0816745,AT,AKC,urban,persistence
2024-02-18 12:00:00+00:00,1,6.6337995,8.401324,AT,AKC,urban,persistence
2024-02-18 13:00:00+00:00,1,5.6911745,6.6337995,AT,AKC,urban,persistence
2024-02-18 14:00:00+00:00,1,6.819,5.6911745,AT,AKC,urban,persistence
2024-02-18 15:00:00+00:00,1,9.391,6.819,AT,AKC,urban,persistence
2024-02-18 16:00:00+00:00,1,11.36875,9.391,AT,AKC,urban,persistence
2024-02-18 17:00:00+00:00,1,11.262,11.36875,AT,AKC,urban,persistence
2024-02-18 18:00:00+00:00,1,11.544,11.262,AT,AKC,urban,persistence
2024-02-18 19:00:00+00:00,1,12.03625,11.544,AT,AKC,urban,persistence
2024-02-18 20:00:00+00:00,1,11.83,12.03625,AT,AKC,urban,persistence
2024-02-18 21:00:00+00:00,1,10.4195,11.83,AT,AKC,urban,persistence
2024-02-18 22:00:00+00:00,1,11.27925,10.4195,AT,AKC,urban,persistence
2024-02-18 23:00:00+00:00,1,11.5465,11.27925,AT,AKC,urban,persistence
2024-02-19 00:00:00+00:00,1,13.37575,11.5465,AT,AKC,urban,persistence
2024-02-19 01:00:00+00:00,1,13.91675,13.37575,AT,AKC,urban,persistence
2024-02-19 02:00:00+00:00,1,13.55575,13.91675,AT,AKC,urban,persistence
2024-02-19 03:00:00+00:00,1,10.71195,13.55575,AT,AKC,urban,persistence
2024-02-19 04:00:00+00:00,1,4.5444995,10.71195,AT,AKC,urban,persistence
2024-02-19 05:00:00+00:00,1,2.7183745,4.5444995,AT,AKC,urban,persistence
2024-02-19 06:00:00+00:00,1,3.93475,2.7183745,AT,AKC,urban,persistence
2024-02-19 07:00:00+00:00,1,2.27115,3.93475,AT,AKC,urban,persistence
2024-02-19 08:00:00+00:00,1,3.2804995,2.27115,AT,AKC,urban,persistence
2024-02-19 09:00:00+00:00,1,2.5824995,3.2804995,AT,AKC,urban,persistence
2024-02-19 10:00:00+00:00,1,3.6660995,2.5824995,AT,AKC,urban,persistence
2024-02-19 11:00:00+00:00,1,3.828249,3.6660995,AT,AKC,urban,persistence
2024-02-19 12:00:00+00:00,1,2.6703995,3.828249,AT,AKC,urban,persistence
2024-02-19 13:00:00+00:00,1,3.4853,2.6703995,AT,AKC,urban,persistence
2024-02-19 14:00:00+00:00,1,3.855474,3.4853,AT,AKC,urban,persistence
2024-02-19 15:00:00+00:00,1,3.026275,3.855474,AT,AKC,urban,persistence
2024-02-19 16:00:00+00:00,1,3.066074,3.026275,AT,AKC,urban,persistence
2024-02-19 17:00:00+00:00,1,2.808274,3.066074,AT,AKC,urban,persistence
2024-02-19 18:00:00+00:00,1,2.7511745,2.808274,AT,AKC,urban,persistence
2024-02-19 19:00:00+00:00,1,3.0605495,2.7511745,AT,AKC,urban,persistence
2024-02-19 20:00:00+00:00,1,2.9823495,3.0605495,AT,AKC,urban,persistence
2024-02-19 21:00:00+00:00,1,3.166574,2.9823495,AT,AKC,urban,persistence
2024-02-19 22:00:00+00:00,1,3.911249,3.166574,AT,AKC,urban,persistence
2024-02-19 23:00:00+00:00,1,4.6139495,3.911249,AT,AKC,urban,persistence
2024-02-20 00:00:00+00:00,1,4.416,4.6139495,AT,AKC,urban,persistence
2024-02-20 01:00:00+00:00,1,4.670099,4.416,AT,AKC,urban,persistence
2024-02-20 02:00:00+00:00,1,4.1656745,4.670099,AT,AKC,urban,persistence
2024-02-20 03:00:00+00:00,1,4.297674,4.1656745,AT,AKC,urban,persistence
2024-02-20 04:00:00+00:00,1,4.357849,4.297674,AT,AKC,urban,persistence
2024-02-20 05:00:00+00:00,1,7.3548995,4.357849,AT,AKC,urban,persistence
2024-02-20 06:00:00+00:00,1,6.2536,7.3548995,AT,AKC,urban,persistence
2024-02-20 07:00:00+00:00,1,5.0009245,6.2536,AT,AKC,urban,persistence
2024-02-20 08:00:00+00:00,1,4.8689995,5.0009245,AT,AKC,urban,persistence
2024-02-20 09:00:00+00:00,1,5.411575,4.8689995,AT,AKC,urban,persistence
2024-02-20 10:00:00+00:00,1,5.993524,5.411575,AT,AKC,urban,persistence
2024-02-20 11:00:00+00:00,1,5.738725,5.993524,AT,AKC,urban,persistence
2024-02-20 12:00:00+00:00,1,4.9680495,5.738725,AT,AKC,urban,persistence
2024-02-20 13:00:00+00:00,1,4.0991495,4.9680495,AT,AKC,urban,persistence
2024-02-20 14:00:00+00:00,1,3.4775245,4.0991495,AT,AKC,urban,persistence
2024-02-20 15:00:00+00:00,1,3.5565745,3.4775245,AT,AKC,urban,persistence
2024-02-20 16:00:00+00:00,1,3.262774,3.5565745,AT,AKC,urban,persistence
2024-02-20 17:00:00+00:00,1,3.266049,3.262774,AT,AKC,urban,persistence
2024-02-20 18:00:00+00:00,1,4.3735995,3.266049,AT,AKC,urban,persistence
2024-02-20 19:00:00+00:00,1,4.9433995,4.3735995,AT,AKC,urban,persistence
2024-02-20 20:00:00+00:00,1,5.49715,4.9433995,AT,AKC,urban,persistence
2024-02-20 21:00:00+00:00,1,6.4334745,5.49715,AT,AKC,urban,persistence
2024-02-20 22:00:00+00:00,1,6.2594745,6.4334745,AT,AKC,urban,persistence
2024-02-20 23:00:00+00:00,1,6.183325,6.2594745,AT,AKC,urban,persistence
2024-02-21 00:00:00+00:00,1,6.1815495,6.183325,AT,AKC,urban,persistence
2024-02-21 01:00:00+00:00,1,6.4840245,6.1815495,AT,AKC,urban,persistence
2024-02-21 02:00:00+00:00,1,6.428999,6.4840245,AT,AKC,urban,persistence
2024-02-21 03:00:00+00:00,1,6.5193495,6.428999,AT,AKC,urban,persistence
2024-02-21 04:00:00+00:00,1,6.8664,6.5193495,AT,AKC,urban,persistence
2024-02-21 05:00:00+00:00,1,7.2953495,6.8664,AT,AKC,urban,persistence
2024-02-21 06:00:00+00:00,1,6.7379995,7.2953495,AT,AKC,urban,persistence
2024-02-21 07:00:00+00:00,1,5.7093495,6.7379995,AT,AKC,urban,persistence
2024-02-21 08:00:00+00:00,1,5.894975,5.7093495,AT,AKC,urban,persistence
2024-02-21 09:00:00+00:00,1,6.4826495,5.894975,AT,AKC,urban,persistence
2024-02-21 10:00:00+00:00,1,5.9323745,6.4826495,AT,AKC,urban,persistence
2024-02-21 11:00:00+00:00,1,6.2905245,5.9323745,AT,AKC,urban,persistence
2024-02-21 12:00:00+00:00,1,4.8907995,6.2905245,AT,AKC,urban,persistence
2024-02-21 13:00:00+00:00,1,5.1392,4.8907995,AT,AKC,urban,persistence
2024-02-21 14:00:00+00:00,1,6.769574,5.1392,AT,AKC,urban,persistence
2024-02-21 15:00:00+00:00,1,6.874349,6.769574,AT,AKC,urban,persistence
2024-02-21 16:00:00+00:00,1,8.2555,6.874349,AT,AKC,urban,persistence
2024-02-21 17:00:00+00:00,1,10.346375,8.2555,AT,AKC,urban,persistence
2024-02-21 18:00:00+00:00,1,11.60275,10.346375,AT,AKC,urban,persistence
2024-02-21 19:00:00+00:00,1,10.93675,11.60275,AT,AKC,urban,persistence
2024-02-21 20:00:00+00:00,1,13.65675,10.93675,AT,AKC,urban,persistence
2024-02-21 21:00:00+00:00,1,15.46225,13.65675,AT,AKC,urban,persistence
2024-02-21 22:00:00+00:00,1,13.91375,15.46225,AT,AKC,urban,persistence
2024-02-21 23:00:00+00:00,1,11.738,13.91375,AT,AKC,urban,persistence
2024-02-22 00:00:00+00:00,1,8.7953745,11.738,AT,AKC,urban,persistence
2024-02-22 01:00:00+00:00,1,9.8346995,8.7953745,AT,AKC,urban,persistence
2024-02-22 02:00:00+00:00,1,11.6035,9.8346995,AT,AKC,urban,persistence
2024-02-22 03:00:00+00:00,1,12.55075,11.6035,AT,AKC,urban,persistence
2024-02-22 04:00:00+00:00,1,12.37925,12.55075,AT,AKC,urban,persistence
2024-02-22 05:00:00+00:00,1,11.7635,12.37925,AT,AKC,urban,persistence
2024-02-22 06:00:00+00:00,1,11.989,11.7635,AT,AKC,urban,persistence
2024-02-22 07:00:00+00:00,1,12.3435,11.989,AT,AKC,urban,persistence
2024-02-22 08:00:00+00:00,1,13.3255,12.3435,AT,AKC,urban,persistence
2024-02-22 09:00:00+00:00,1,14.04325,13.3255,AT,AKC,urban,persistence
2024-02-22 10:00:00+00:00,1,15.46775,14.04325,AT,AKC,urban,persistence
2024-02-22 11:00:00+00:00,1,15.78375,15.46775,AT,AKC,urban,persistence
2024-02-22 12:00:00+00:00,1,15.7835,15.78375,AT,AKC,urban,persistence
2024-02-22 13:00:00+00:00,1,14.5895,15.7835,AT,AKC,urban,persistence
2024-02-22 14:00:00+00:00,1,10.968,14.5895,AT,AKC,urban,persistence
2024-02-22 15:00:00+00:00,1,8.957424,10.968,AT,AKC,urban,persistence
2024-02-22 16:00:00+00:00,1,9.7209245,8.957424,AT,AKC,urban,persistence
2024-02-22 17:00:00+00:00,1,8.385975,9.7209245,AT,AKC,urban,persistence
2024-02-22 18:00:00+00:00,1,8.2489995,8.385975,AT,AKC,urban,persistence
2024-02-22 19:00:00+00:00,1,8.14,8.2489995,AT,AKC,urban,persistence
2024-02-22 20:00:00+00:00,1,7.2747495,8.14,AT,AKC,urban,persistence
2024-02-22 21:00:00+00:00,1,6.8766495,7.2747495,AT,AKC,urban,persistence
2024-02-22 22:00:00+00:00,1,5.866874,6.8766495,AT,AKC,urban,persistence
2024-02-22 23:00:00+00:00,1,8.4703995,5.866874,AT,AKC,urban,persistence
2024-02-23 00:00:00+00:00,1,7.943149,8.4703995,AT,AKC,urban,persistence
2024-02-23 01:00:00+00:00,1,6.211549,7.943149,AT,AKC,urban,persistence
2024-02-23 02:00:00+00:00,1,5.7042245,6.211549,AT,AKC,urban,persistence
2024-02-23 03:00:00+00:00,1,7.413649,5.7042245,AT,AKC,urban,persistence
