Country,SiteNumber,StationArea_Label,dt_utc,horizon,y_true,y_pred
AT,AKC,urban,2023-01-08 05:00:00+00:00,1,25.261,25.646402
AT,AKC,urban,2023-01-08 06:00:00+00:00,1,23.809,24.86269
AT,AKC,urban,2023-01-08 07:00:00+00:00,1,23.378,23.252146
AT,AKC,urban,2023-01-08 08:00:00+00:00,1,22.275,22.335674
AT,AKC,urban,2023-01-08 09:00:00+00:00,1,20.4045,21.563402
AT,AKC,urban,2023-01-08 10:00:00+00:00,1,19.7675,19.443409
AT,AKC,urban,2023-01-08 11:00:00+00:00,1,18.0835,19.196243
AT,AKC,urban,2023-01-08 12:00:00+00:00,1,19.024,17.556786
AT,AKC,urban,2023-01-08 13:00:00+00:00,1,16.6975,18.621323
AT,AKC,urban,2023-01-08 14:00:00+00:00,1,14.29,16.35359
AT,AKC,urban,2023-01-08 15:00:00+00:00,1,16.517,13.9444065
AT,AKC,urban,2023-01-08 16:00:00+00:00,1,14.889,16.00729
AT,AKC,urban,2023-01-08 17:00:00+00:00,1,15.542,15.100637
AT,AKC,urban,2023-01-08 18:00:00+00:00,1,15.536,15.649357
AT,AKC,urban,2023-01-08 19:00:00+00:00,1,18.4525,15.759664
AT,AKC,urban,2023-01-08 20:00:00+00:00,1,19.7435,18.776196
AT,AKC,urban,2023-01-08 21:00:00+00:00,1,17.301,19.92561
AT,AKC,urban,2023-01-08 22:00:00+00:00,1,17.748,17.301281
AT,AKC,urban,2023-01-08 23:00:00+00:00,1,18.0985,17.369802
AT,AKC,urban,2023-01-09 00:00:00+00:00,1,18.9985,17.900913
AT,AKC,urban,2023-01-09 01:00:00+00:00,1,19.458,18.94826
AT,AKC,urban,2023-01-09 02:00:00+00:00,1,16.3345,19.313927
AT,AKC,urban,2023-01-09 03:00:00+00:00,1,16.1585,16.604862
AT,AKC,urban,2023-01-09 04:00:00+00:00,1,16.7655,15.472908
AT,AKC,urban,2023-01-09 05:00:00+00:00,1,13.501,16.255037
AT,AKC,urban,2023-01-09 06:00:00+00:00,1,15.638,13.9747505
AT,AKC,urban,2023-01-09 07:00:00+00:00,1,12.484,16.141727
AT,AKC,urban,2023-01-09 08:00:00+00:00,1,9.126,11.46575
AT,AKC,urban,2023-01-09 09:00:00+00:00,1,4.093649,8.043233
AT,AKC,urban,2023-01-09 10:00:00+00:00,1,1.745399,4.1097865
AT,AKC,urban,2023-01-09 11:00:00+00:00,1,1.77355,2.8141503
AT,AKC,urban,2023-01-09 12:00:00+00:00,1,2.65625,2.3337495
AT,AKC,urban,2023-01-09 13:00:00+00:00,1,3.22385,2.4510937
AT,AKC,urban,2023-01-09 14:00:00+00:00,1,2.852499,3.1788535
AT,AKC,urban,2023-01-09 15:00:00+00:00,1,2.6603,2.95403
AT,AKC,urban,2023-01-09 16:00:00+00:00,1,3.025549,2.8339624
AT,AKC,urban,2023-01-09 17:00:00+00:00,1,3.35435,3.0198057
AT,AKC,urban,2023-01-09 18:00:00+00:00,1,3.494249,3.4699793
AT,AKC,urban,2023-01-09 19:00:00+00:00,1,3.542399,3.518549
AT,AKC,urban,2023-01-09 20:00:00+00:00,1,3.343649,3.5594285
AT,AKC,urban,2023-01-09 21:00:00+00:00,1,3.324399,3.5023987
AT,AKC,urban,2023-01-09 22:00:00+00:00,1,3.605,3.4711971
AT,AKC,urban,2023-01-09 23:00:00+00:00,1,3.47545,3.5212603
AT,AKC,urban,2023-01-10 00:00:00+00:00,1,3.193799,3.5196736
AT,AKC,urban,2023-01-10 01:00:00+00:00,1,2.89825,3.2830436
AT,AKC,urban,2023-01-10 02:00:00+00:00,1,2.771299,3.0435386
AT,AKC,urban,2023-01-10 03:00:00+00:00,1,2.83045,2.9211006
AT,AKC,urban,2023-01-10 04:00:00+00:00,1,2.870999,2.8457682
AT,AKC,urban,2023-01-10 05:00:00+00:00,1,3.07875,2.8397024
AT,AKC,urban,2023-01-10 06:00:00+00:00,1,3.664599,2.9305346
AT,AKC,urban,2023-01-10 07:00:00+00:00,1,3.946,3.3401637
AT,AKC,urban,2023-01-10 08:00:00+00:00,1,4.42875,3.8568406
AT,AKC,urban,2023-01-10 09:00:00+00:00,1,4.25,4.414928
AT,AKC,urban,2023-01-10 10:00:00+00:00,1,4.279549,4.210356
AT,AKC,urban,2023-01-10 11:00:00+00:00,1,3.979199,4.081535
AT,AKC,urban,2023-01-10 12:00:00+00:00,1,3.883299,4.211385
AT,AKC,urban,2023-01-10 13:00:00+00:00,1,3.335949,4.2840047
AT,AKC,urban,2023-01-10 14:00:00+00:00,1,3.00985,3.541033
AT,AKC,urban,2023-01-10 15:00:00+00:00,1,3.6367,3.2879763
AT,AKC,urban,2023-01-10 16:00:00+00:00,1,3.802599,3.554603
AT,AKC,urban,2023-01-10 17:00:00+00:00,1,3.53165,3.6975522
AT,AKC,urban,2023-01-10 18:00:00+00:00,1,4.252699,3.5257497
AT,AKC,urban,2023-01-10 19:00:00+00:00,1,4.70195,4.0961046
AT,AKC,urban,2023-01-10 20:00:00+00:00,1,4.0225,4.662449
AT,AKC,urban,2023-01-10 21:00:00+00:00,1,3.232749,4.219278
AT,AKC,urban,2023-01-10 22:00:00+00:00,1,3.203249,3.4785957
AT,AKC,urban,2023-01-10 23:00:00+00:00,1,4.124199,3.3092148
AT,AKC,urban,2023-01-11 00:00:00+00:00,1,5.13605,3.907965
AT,AKC,urban,2023-01-11 01:00:00+00:00,1,5.273949,4.979803
AT,AKC,urban,2023-01-11 02:00:00+00:00,1,4.8899,5.3666477
AT,AKC,urban,2023-01-11 03:00:00+00:00,1,5.3934,5.108998
AT,AKC,urban,2023-01-11 04:00:00+00:00,1,8.1315,5.6903253
AT,AKC,urban,2023-01-11 05:00:00+00:00,1,10.632,8.949659
AT,AKC,urban,2023-01-11 06:00:00+00:00,1,14.387,11.522576
AT,AKC,urban,2023-01-11 07:00:00+00:00,1,12.642,14.804267
AT,AKC,urban,2023-01-11 08:00:00+00:00,1,11.0752,13.106511
AT,AKC,urban,2023-01-11 09:00:00+00:00,1,10.37215,10.567615
AT,AKC,urban,2023-01-11 10:00:00+00:00,1,6.8301,9.96878
AT,AKC,urban,2023-01-11 11:00:00+00:00,1,7.170749,6.3532424
AT,AKC,urban,2023-01-11 12:00:00+00:00,1,8.065099,7.155166
AT,AKC,urban,2023-01-11 13:00:00+00:00,1,7.3611,7.777315
AT,AKC,urban,2023-01-11 14:00:00+00:00,1,8.93865,7.5905614
AT,AKC,urban,2023-01-11 15:00:00+00:00,1,9.494499,8.818732
AT,AKC,urban,2023-01-11 16:00:00+00:00,1,9.5058,9.356722
AT,AKC,urban,2023-01-11 17:00:00+00:00,1,12.4625,9.640894
AT,AKC,urban,2023-01-11 18:00:00+00:00,1,11.6535,12.90618
AT,AKC,urban,2023-01-11 19:00:00+00:00,1,3.296599,11.75448
AT,AKC,urban,2023-01-11 20:00:00+00:00,1,3.233649,3.9667923
AT,AKC,urban,2023-01-11 21:00:00+00:00,1,4.84375,3.3352153
AT,AKC,urban,2023-01-11 22:00:00+00:00,1,5.986299,4.466781
AT,AKC,urban,2023-01-11 23:00:00+00:00,1,6.1472,5.576009
AT,AKC,urban,2023-01-12 00:00:00+00:00,1,7.640799,5.8007565
AT,AKC,urban,2023-01-12 01:00:00+00:00,1,6.693449,7.2336817
AT,AKC,urban,2023-01-12 02:00:00+00:00,1,5.86275,6.487004
AT,AKC,urban,2023-01-12 03:00:00+00:00,1,5.525199,5.77221
AT,AKC,urban,2023-01-12 04:00:00+00:00,1,4.414999,5.6194797
AT,AKC,urban,2023-01-12 05:00:00+00:00,1,4.5766,4.688206
AT,AKC,urban,2023-01-12 06:00:00+00:00,1,4.97535,4.7000422
AT,AKC,urban,2023-01-12 07:00:00+00:00,1,3.097849,5.1257687
AT,AKC,urban,2023-01-12 08:00:00+00:00,1,3.564899,4.195053
AT,AKC,urban,2023-01-12 09:00:00+00:00,1,3.792449,4.193407
AT,AKC,urban,2023-01-12 10:00:00+00:00,1,3.86765,4.1012
AT,AKC,urban,2023-01-12 11:00:00+00:00,1,4.125699,3.9624658
AT,AKC,urban,2023-01-12 12:00:00+00:00,1,3.4604,4.37572
AT,AKC,urban,2023-01-12 13:00:00+00:00,1,3.61425,3.8667157
AT,AKC,urban,2023-01-12 14:00:00+00:00,1,5.116649,4.04075
AT,AKC,urban,2023-01-12 15:00:00+00:00,1,6.07805,5.980367
AT,AKC,urban,2023-01-12 16:00:00+00:00,1,9.610549,7.188265
AT,AKC,urban,2023-01-12 17:00:00+00:00,1,12.0205,10.134165
AT,AKC,urban,2023-01-12 18:00:00+00:00,1,8.802799,13.067321
AT,AKC,urban,2023-01-12 19:00:00+00:00,1,7.1682,9.115738
AT,AKC,urban,2023-01-12 20:00:00+00:00,1,11.6515,6.3474913
AT,AKC,urban,2023-01-12 21:00:00+00:00,1,11.9625,10.537894
AT,AKC,urban,2023-01-12 22:00:00+00:00,1,8.6089,10.730875
AT,AKC,urban,2023-01-12 23:00:00+00:00,1,7.1956,8.577442
AT,AKC,urban,2023-01-13 00:00:00+00:00,1,10.178,7.185474
AT,AKC,urban,2023-01-13 01:00:00+00:00,1,6.7137,9.430856
AT,AKC,urban,2023-01-13 02:00:00+00:00,1,6.0643,6.8420777
AT,AKC,urban,2023-01-13 03:00:00+00:00,1,5.716799,6.0183516
AT,AKC,urban,2023-01-13 04:00:00+00:00,1,7.057199,6.415689
AT,AKC,urban,2023-01-13 05:00:00+00:00,1,10.939,7.7334228
AT,AKC,urban,2023-01-13 06:00:00+00:00,1,12.4325,11.119505
AT,AKC,urban,2023-01-13 07:00:00+00:00,1,13.822,12.155206
AT,AKC,urban,2023-01-13 08:00:00+00:00,1,15.319,12.550144
AT,AKC,urban,2023-01-13 09:00:00+00:00,1,16.927,14.094634
AT,AKC,urban,2023-01-13 10:00:00+00:00,1,17.91,15.0524645
AT,AKC,urban,2023-01-13 11:00:00+00:00,1,16.052,15.890651
AT,AKC,urban,2023-01-13 12:00:00+00:00,1,13.905,15.206902
AT,AKC,urban,2023-01-13 13:00:00+00:00,1,15.582,13.287526
AT,AKC,urban,2023-01-13 14:00:00+00:00,1,17.02,14.4336195
AT,AKC,urban,2023-01-13 15:00:00+00:00,1,18.7535,16.25987
AT,AKC,urban,2023-01-13 16:00:00+00:00,1,21.992,18.333956
AT,AKC,urban,2023-01-13 17:00:00+00:00,1,23.988,22.515427
AT,AKC,urban,2023-01-13 18:00:00+00:00,1,19.68,24.697247
AT,AKC,urban,2023-01-13 19:00:00+00:00,1,2.219749,18.295885
AT,AKC,urban,2023-01-13 20:00:00+00:00,1,2.34455,4.63342
AT,AKC,urban,2023-01-13 21:00:00+00:00,1,2.375549,3.290957
AT,AKC,urban,2023-01-13 22:00:00+00:00,1,2.5662,2.5248637
AT,AKC,urban,2023-01-13 23:00:00+00:00,1,2.612149,2.6098335
AT,AKC,urban,2023-01-14 00:00:00+00:00,1,2.668349,2.7231014
AT,AKC,urban,2023-01-14 01:00:00+00:00,1,2.709549,2.8535564
AT,AKC,urban,2023-01-14 02:00:00+00:00,1,2.2768,2.7922847
AT,AKC,urban,2023-01-14 03:00:00+00:00,1,2.3642,2.6852272
AT,AKC,urban,2023-01-14 04:00:00+00:00,1,2.509999,2.649896
AT,AKC,urban,2023-01-14 05:00:00+00:00,1,2.535749,2.674051
AT,AKC,urban,2023-01-14 06:00:00+00:00,1,2.651949,2.6332688
AT,AKC,urban,2023-01-14 07:00:00+00:00,1,2.914449,2.744308
AT,AKC,urban,2023-01-14 08:00:00+00:00,1,2.86765,3.0794182
AT,AKC,urban,2023-01-14 09:00:00+00:00,1,2.710549,3.002999
AT,AKC,urban,2023-01-14 10:00:00+00:00,1,2.936999,3.0654469
AT,AKC,urban,2023-01-14 11:00:00+00:00,1,2.69775,3.079028
AT,AKC,urban,2023-01-14 12:00:00+00:00,1,2.805399,2.961632
AT,AKC,urban,2023-01-14 13:00:00+00:00,1,3.50605,3.0061321
AT,AKC,urban,2023-01-14 14:00:00+00:00,1,4.924149,3.8260388
AT,AKC,urban,2023-01-14 15:00:00+00:00,1,7.223099,5.2206717
AT,AKC,urban,2023-01-14 16:00:00+00:00,1,7.63875,7.291343
AT,AKC,urban,2023-01-14 17:00:00+00:00,1,7.31605,8.028368
AT,AKC,urban,2023-01-14 18:00:00+00:00,1,8.915051,7.6164837
AT,AKC,urban,2023-01-14 19:00:00+00:00,1,11.8885,9.015024
AT,AKC,urban,2023-01-14 20:00:00+00:00,1,11.564,11.843166
AT,AKC,urban,2023-01-14 21:00:00+00:00,1,13.356,10.149387
AT,AKC,urban,2023-01-14 22:00:00+00:00,1,11.246,12.766403
AT,AKC,urban,2023-01-14 23:00:00+00:00,1,10.7705,10.769462
AT,AKC,urban,2023-01-15 00:00:00+00:00,1,11.4785,10.242043
AT,AKC,urban,2023-01-15 01:00:00+00:00,1,12.761,11.175104
AT,AKC,urban,2023-01-15 02:00:00+00:00,1,9.71725,12.4479885
AT,AKC,urban,2023-01-15 03:00:00+00:00,1,9.18715,9.468923
AT,AKC,urban,2023-01-15 04:00:00+00:00,1,8.381999,9.044375
AT,AKC,urban,2023-01-15 05:00:00+00:00,1,7.86875,8.478091
AT,AKC,urban,2023-01-15 06:00:00+00:00,1,7.676199,8.299187
AT,AKC,urban,2023-01-15 07:00:00+00:00,1,7.3118,7.6914463
AT,AKC,urban,2023-01-15 08:00:00+00:00,1,7.372149,7.2965236
AT,AKC,urban,2023-01-15 09:00:00+00:00,1,7.777599,7.384811
AT,AKC,urban,2023-01-15 10:00:00+00:00,1,8.07075,7.5162024
AT,AKC,urban,2023-01-15 11:00:00+00:00,1,8.93865,8.079595
AT,AKC,urban,2023-01-15 12:00:00+00:00,1,10.5005,8.722084
AT,AKC,urban,2023-01-15 13:00:00+00:00,1,11.3735,10.228377
AT,AKC,urban,2023-01-15 14:00:00+00:00,1,11.7945,11.522166
AT,AKC,urban,2023-01-15 15:00:00+00:00,1,6.3775,11.859011
AT,AKC,urban,2023-01-15 16:00:00+00:00,1,2.53255,5.7743535
AT,AKC,urban,2023-01-15 17:00:00+00:00,1,1.898249,3.5752032
AT,AKC,urban,2023-01-15 18:00:00+00:00,1,2.226649,2.6397107
AT,AKC,urban,2023-01-15 19:00:00+00:00,1,2.01565,2.354143
AT,AKC,urban,2023-01-15 20:00:00+00:00,1,2.333849,2.3170924
AT,AKC,urban,2023-01-15 21:00:00+00:00,1,2.478849,2.4046834
AT,AKC,urban,2023-01-15 22:00:00+00:00,1,1.832599,2.4175184
AT,AKC,urban,2023-01-15 23:00:00+00:00,1,1.904649,2.2961254
AT,AKC,urban,2023-01-16 00:00:00+00:00,1,2.024499,2.2561233
AT,AKC,urban,2023-01-16 01:00:00+00:00,1,1.7625,2.1000607
AT,AKC,urban,2023-01-16 02:00:00+00:00,1,1.74705,2.1076899
AT,AKC,urban,2023-01-16 03:00:00+00:00,1,1.941749,2.044003
AT,AKC,urban,2023-01-16 04:00:00+00:00,1,2.651999,2.251791
AT,AKC,urban,2023-01-16 05:00:00+00:00,1,2.5081,3.4060261
AT,AKC,urban,2023-01-16 06:00:00+00:00,1,3.2411,3.4550068
AT,AKC,urban,2023-01-16 07:00:00+00:00,1,3.51355,3.986801
AT,AKC,urban,2023-01-16 08:00:00+00:00,1,3.64015,3.943818
AT,AKC,urban,2023-01-16 09:00:00+00:00,1,3.4924,3.7015872
AT,AKC,urban,2023-01-16 10:00:00+00:00,1,3.06885,3.7698438
AT,AKC,urban,2023-01-16 11:00:00+00:00,1,5.07415,3.4438396
AT,AKC,urban,2023-01-16 12:00:00+00:00,1,3.536799,4.8029547
AT,AKC,urban,2023-01-16 13:00:00+00:00,1,3.9131,4.0696406
AT,AKC,urban,2023-01-16 14:00:00+00:00,1,5.6219,3.917117
AT,AKC,urban,2023-01-16 15:00:00+00:00,1,6.160149,5.588126
AT,AKC,urban,2023-01-16 16:00:00+00:00,1,6.136349,6.34992
AT,AKC,urban,2023-01-16 17:00:00+00:00,1,6.357649,6.3286686
AT,AKC,urban,2023-01-16 18:00:00+00:00,1,7.664849,6.5514684
AT,AKC,urban,2023-01-16 19:00:00+00:00,1,7.092999,7.513153
AT,AKC,urban,2023-01-16 20:00:00+00:00,1,7.4271,7.3331823
AT,AKC,urban,2023-01-16 21:00:00+00:00,1,8.293849,7.334637
AT,AKC,urban,2023-01-16 22:00:00+00:00,1,8.3294,8.190752
AT,AKC,urban,2023-01-16 23:00:00+00:00,1,8.264499,8.216359
AT,AKC,urban,2023-01-17 00:00:00+00:00,1,9.4701,8.192617
AT,AKC,urban,2023-01-17 01:00:00+00:00,1,11.821,9.160752
AT,AKC,urban,2023-01-17 02:00:00+00:00,1,11.7465,11.340119
AT,AKC,urban,2023-01-17 03:00:00+00:00,1,12.2975,11.3415365
AT,AKC,urban,2023-01-17 04:00:00+00:00,1,13.188,11.996454
AT,AKC,urban,2023-01-17 05:00:00+00:00,1,14.8205,12.839835
AT,AKC,urban,2023-01-17 06:00:00+00:00,1,16.3695,14.807333
AT,AKC,urban,2023-01-17 07:00:00+00:00,1,15.4205,16.001637
AT,AKC,urban,2023-01-17 08:00:00+00:00,1,16.1035,15.181998
AT,AKC,urban,2023-01-17 09:00:00+00:00,1,10.28275,15.034388
AT,AKC,urban,2023-01-17 10:00:00+00:00,1,6.10995,9.636327
AT,AKC,urban,2023-01-17 11:00:00+00:00,1,3.934599,6.082343
AT,AKC,urban,2023-01-17 12:00:00+00:00,1,5.003049,5.806928
AT,AKC,urban,2023-01-17 13:00:00+00:00,1,5.29635,5.390329
AT,AKC,urban,2023-01-17 14:00:00+00:00,1,7.737999,5.739581
AT,AKC,urban,2023-01-17 15:00:00+00:00,1,7.336999,7.166043
AT,AKC,urban,2023-01-17 16:00:00+00:00,1,5.69925,7.7305875
AT,AKC,urban,2023-01-17 17:00:00+00:00,1,4.21735,6.0279284
AT,AKC,urban,2023-01-17 18:00:00+00:00,1,4.250299,4.9590073
AT,AKC,urban,2023-01-17 19:00:00+00:00,1,4.97725,4.4519563
AT,AKC,urban,2023-01-17 20:00:00+00:00,1,5.811999,5.0900707
AT,AKC,urban,2023-01-17 21:00:00+00:00,1,6.843299,5.8749037
AT,AKC,urban,2023-01-17 22:00:00+00:00,1,6.230899,6.7235656
AT,AKC,urban,2023-01-17 23:00:00+00:00,1,4.4911,6.3345475
AT,AKC,urban,2023-01-18 00:00:00+00:00,1,4.1367,5.0472555
AT,AKC,urban,2023-01-18 01:00:00+00:00,1,4.012499,4.3984203
AT,AKC,urban,2023-01-18 02:00:00+00:00,1,4.733349,4.2299743
AT,AKC,urban,2023-01-18 03:00:00+00:00,1,6.052749,4.6776843
AT,AKC,urban,2023-01-18 04:00:00+00:00,1,7.176049,5.992498
AT,AKC,urban,2023-01-18 05:00:00+00:00,1,10.8275,7.37692
AT,AKC,urban,2023-01-18 06:00:00+00:00,1,13.8275,11.378754
AT,AKC,urban,2023-01-18 07:00:00+00:00,1,14.335,14.270465
AT,AKC,urban,2023-01-18 08:00:00+00:00,1,9.498399,14.4534
AT,AKC,urban,2023-01-18 09:00:00+00:00,1,6.501749,9.363363
AT,AKC,urban,2023-01-18 10:00:00+00:00,1,4.426149,5.4989705
AT,AKC,urban,2023-01-18 11:00:00+00:00,1,2.47755,4.6175966
AT,AKC,urban,2023-01-18 12:00:00+00:00,1,2.683249,4.0266976
AT,AKC,urban,2023-01-18 13:00:00+00:00,1,4.5748,3.841725
AT,AKC,urban,2023-01-18 14:00:00+00:00,1,4.352,5.6993833
AT,AKC,urban,2023-01-18 15:00:00+00:00,1,7.142849,5.5654097
AT,AKC,urban,2023-01-18 16:00:00+00:00,1,11.049,9.152175
AT,AKC,urban,2023-01-18 17:00:00+00:00,1,15.167,13.160083
AT,AKC,urban,2023-01-18 18:00:00+00:00,1,13.2015,15.530961
AT,AKC,urban,2023-01-18 19:00:00+00:00,1,14.5645,13.686766
AT,AKC,urban,2023-01-18 20:00:00+00:00,1,12.2085,15.1482315
AT,AKC,urban,2023-01-18 21:00:00+00:00,1,6.894399,11.724673
AT,AKC,urban,2023-01-18 22:00:00+00:00,1,10.2098,5.84641
AT,AKC,urban,2023-01-18 23:00:00+00:00,1,10.1305,7.955826
AT,AKC,urban,2023-01-19 00:00:00+00:00,1,10.6275,9.180499
AT,AKC,urban,2023-01-19 01:00:00+00:00,1,10.457,10.27638
AT,AKC,urban,2023-01-19 02:00:00+00:00,1,9.77725,10.16242
AT,AKC,urban,2023-01-19 03:00:00+00:00,1,11.786,9.571631
AT,AKC,urban,2023-01-19 04:00:00+00:00,1,13.561,11.284233
AT,AKC,urban,2023-01-19 05:00:00+00:00,1,13.31,13.237065
AT,AKC,urban,2023-01-19 06:00:00+00:00,1,11.2025,13.369851
AT,AKC,urban,2023-01-19 07:00:00+00:00,1,11.418,12.328353
AT,AKC,urban,2023-01-19 08:00:00+00:00,1,10.186,10.217854
AT,AKC,urban,2023-01-19 09:00:00+00:00,1,10.29605,10.5219965
AT,AKC,urban,2023-01-19 10:00:00+00:00,1,8.70335,10.003077
AT,AKC,urban,2023-01-19 11:00:00+00:00,1,7.4804,8.668778
AT,AKC,urban,2023-01-19 12:00:00+00:00,1,12.19405,7.4445963
AT,AKC,urban,2023-01-19 13:00:00+00:00,1,16.731,11.311069
AT,AKC,urban,2023-01-19 14:00:00+00:00,1,19.1165,15.29111
AT,AKC,urban,2023-01-19 15:00:00+00:00,1,18.8475,18.509706
AT,AKC,urban,2023-01-19 16:00:00+00:00,1,18.1735,17.864166
AT,AKC,urban,2023-01-19 17:00:00+00:00,1,18.259,17.442596
AT,AKC,urban,2023-01-19 18:00:00+00:00,1,18.194,17.809225
AT,AKC,urban,2023-01-19 19:00:00+00:00,1,18.134,18.238817
AT,AKC,urban,2023-01-19 20:00:00+00:00,1,17.573,17.423475
AT,AKC,urban,2023-01-19 21:00:00+00:00,1,15.5255,17.213873
AT,AKC,urban,2023-01-19 22:00:00+00:00,1,13.1255,15.697762
AT,AKC,urban,2023-01-19 23:00:00+00:00,1,14.1895,12.288426
AT,AKC,urban,2023-01-20 00:00:00+00:00,1,15.693,13.825803
AT,AKC,urban,2023-01-20 01:00:00+00:00,1,16.3,15.572447
AT,AKC,urban,2023-01-20 02:00:00+00:00,1,13.7965,16.288868
AT,AKC,urban,2023-01-20 03:00:00+00:00,1,15.019,13.487667
AT,AKC,urban,2023-01-20 04:00:00+00:00,1,16.6735,14.691998
AT,AKC,urban,2023-01-20 05:00:00+00:00,1,16.158,17.09737
AT,AKC,urban,2023-01-20 06:00:00+00:00,1,15.4945,16.473763
AT,AKC,urban,2023-01-20 07:00:00+00:00,1,15.1745,15.916164
AT,AKC,urban,2023-01-20 08:00:00+00:00,1,12.9225,15.550081
AT,AKC,urban,2023-01-20 09:00:00+00:00,1,13.519,12.917337
AT,AKC,urban,2023-01-20 10:00:00+00:00,1,14.4065,13.5381565
AT,AKC,urban,2023-01-20 11:00:00+00:00,1,13.345,14.648186
AT,AKC,urban,2023-01-20 12:00:00+00:00,1,12.82,12.672446
AT,AKC,urban,2023-01-20 13:00:00+00:00,1,13.432,12.406335
AT,AKC,urban,2023-01-20 14:00:00+00:00,1,13.819,13.020427
AT,AKC,urban,2023-01-20 15:00:00+00:00,1,13.887,13.785035
AT,AKC,urban,2023-01-20 16:00:00+00:00,1,12.755,14.447989
AT,AKC,urban,2023-01-20 17:00:00+00:00,1,13.2335,12.752439
AT,AKC,urban,2023-01-20 18:00:00+00:00,1,15.7465,13.5001745
AT,AKC,urban,2023-01-20 19:00:00+00:00,1,16.799,16.086033
AT,AKC,urban,2023-01-20 20:00:00+00:00,1,15.712,15.628211
AT,AKC,urban,2023-01-20 21:00:00+00:00,1,16.1855,15.248896
AT,AKC,urban,2023-01-20 22:00:00+00:00,1,13.7775,15.95545
AT,AKC,urban,2023-01-20 23:00:00+00:00,1,12.8085,12.8414545
AT,AKC,urban,2023-01-21 00:00:00+00:00,1,9.801899,11.989083
AT,AKC,urban,2023-01-21 01:00:00+00:00,1,9.3192,8.999101
AT,AKC,urban,2023-01-21 02:00:00+00:00,1,8.800749,8.645037
AT,AKC,urban,2023-01-21 03:00:00+00:00,1,9.3698,8.692878
AT,AKC,urban,2023-01-21 04:00:00+00:00,1,8.5655,9.123346
AT,AKC,urban,2023-01-21 05:00:00+00:00,1,8.320899,8.690366
AT,AKC,urban,2023-01-21 06:00:00+00:00,1,7.396399,8.589843
AT,AKC,urban,2023-01-21 07:00:00+00:00,1,6.4326,7.6712613
AT,AKC,urban,2023-01-21 08:00:00+00:00,1,6.23255,6.4213862
AT,AKC,urban,2023-01-21 09:00:00+00:00,1,5.928899,6.1837916
AT,AKC,urban,2023-01-21 10:00:00+00:00,1,5.9846,5.9638486
AT,AKC,urban,2023-01-21 11:00:00+00:00,1,6.665349,5.8818398
AT,AKC,urban,2023-01-21 12:00:00+00:00,1,6.973549,6.6008253
AT,AKC,urban,2023-01-21 13:00:00+00:00,1,7.08885,6.750209
AT,AKC,urban,2023-01-21 14:00:00+00:00,1,7.42195,6.931855
AT,AKC,urban,2023-01-21 15:00:00+00:00,1,7.952099,7.339135
AT,AKC,urban,2023-01-21 16:00:00+00:00,1,9.520849,7.7078595
AT,AKC,urban,2023-01-21 17:00:00+00:00,1,10.788,9.336699
AT,AKC,urban,2023-01-21 18:00:00+00:00,1,11.9095,10.585641
AT,AKC,urban,2023-01-21 19:00:00+00:00,1,12.565,12.088998
AT,AKC,urban,2023-01-21 20:00:00+00:00,1,10.982,12.564416
AT,AKC,urban,2023-01-21 21:00:00+00:00,1,11.284,10.828599
AT,AKC,urban,2023-01-21 22:00:00+00:00,1,13.035,11.113519
AT,AKC,urban,2023-01-21 23:00:00+00:00,1,14.64,12.506549
AT,AKC,urban,2023-01-22 00:00:00+00:00,1,15.177,13.889702
AT,AKC,urban,2023-01-22 01:00:00+00:00,1,17.0795,14.635472
AT,AKC,urban,2023-01-22 02:00:00+00:00,1,16.623,16.430447
AT,AKC,urban,2023-01-22 03:00:00+00:00,1,16.3385,15.797226
AT,AKC,urban,2023-01-22 04:00:00+00:00,1,16.077,15.851437
AT,AKC,urban,2023-01-22 05:00:00+00:00,1,13.9065,15.69643
AT,AKC,urban,2023-01-22 06:00:00+00:00,1,10.502,12.741577
AT,AKC,urban,2023-01-22 07:00:00+00:00,1,7.974699,10.208057
AT,AKC,urban,2023-01-22 08:00:00+00:00,1,8.520799,7.4492793
AT,AKC,urban,2023-01-22 09:00:00+00:00,1,8.774299,8.083603
AT,AKC,urban,2023-01-22 10:00:00+00:00,1,8.079999,8.47344
AT,AKC,urban,2023-01-22 11:00:00+00:00,1,10.0451,8.029713
AT,AKC,urban,2023-01-22 12:00:00+00:00,1,10.9205,9.303844
AT,AKC,urban,2023-01-22 13:00:00+00:00,1,11.3585,10.18822
AT,AKC,urban,2023-01-22 14:00:00+00:00,1,13.049,11.0328865
AT,AKC,urban,2023-01-22 15:00:00+00:00,1,15.5965,12.727038
AT,AKC,urban,2023-01-22 16:00:00+00:00,1,15.6725,15.325588
AT,AKC,urban,2023-01-22 17:00:00+00:00,1,15.9265,15.720134
AT,AKC,urban,2023-01-22 18:00:00+00:00,1,16.32,15.868552
AT,AKC,urban,2023-01-22 19:00:00+00:00,1,16.768,16.132107
AT,AKC,urban,2023-01-22 20:00:00+00:00,1,16.86,16.585642
AT,AKC,urban,2023-01-22 21:00:00+00:00,1,18.525,16.393234
AT,AKC,urban,2023-01-22 22:00:00+00:00,1,19.9085,18.109112
AT,AKC,urban,2023-01-22 23:00:00+00:00,1,19.3865,19.488258
AT,AKC,urban,2023-01-23 00:00:00+00:00,1,20.504,18.926937
AT,AKC,urban,2023-01-23 01:00:00+00:00,1,21.624,19.769485
AT,AKC,urban,2023-01-23 02:00:00+00:00,1,22.5375,21.062227
AT,AKC,urban,2023-01-23 03:00:00+00:00,1,23.4905,21.907808
AT,AKC,urban,2023-01-23 04:00:00+00:00,1,19.8,22.350058
AT,AKC,urban,2023-01-23 05:00:00+00:00,1,16.247,18.696053
AT,AKC,urban,2023-01-23 06:00:00+00:00,1,15.733,15.907995
AT,AKC,urban,2023-01-23 07:00:00+00:00,1,16.9455,15.193368
AT,AKC,urban,2023-01-23 08:00:00+00:00,1,16.1965,16.416286
AT,AKC,urban,2023-01-23 09:00:00+00:00,1,13.8265,15.952301
AT,AKC,urban,2023-01-23 10:00:00+00:00,1,14.635,13.313148
AT,AKC,urban,2023-01-23 11:00:00+00:00,1,14.826,14.15894
AT,AKC,urban,2023-01-23 12:00:00+00:00,1,14.3295,14.892028
AT,AKC,urban,2023-01-23 13:00:00+00:00,1,13.1005,14.246965
AT,AKC,urban,2023-01-23 14:00:00+00:00,1,12.3935,13.125197
AT,AKC,urban,2023-01-23 15:00:00+00:00,1,13.339,12.786885
AT,AKC,urban,2023-01-23 16:00:00+00:00,1,14.4825,13.287781
AT,AKC,urban,2023-01-23 17:00:00+00:00,1,15.5415,14.226709
AT,AKC,urban,2023-01-23 18:00:00+00:00,1,16.6675,15.639375
AT,AKC,urban,2023-01-23 19:00:00+00:00,1,16.8995,17.153322
AT,AKC,urban,2023-01-23 20:00:00+00:00,1,16.14,16.989529
AT,AKC,urban,2023-01-23 21:00:00+00:00,1,15.7565,16.124138
AT,AKC,urban,2023-01-23 22:00:00+00:00,1,15.3425,15.784101
AT,AKC,urban,2023-01-23 23:00:00+00:00,1,15.27,15.452519
AT,AKC,urban,2023-01-24 00:00:00+00:00,1,14.8255,15.246057
AT,AKC,urban,2023-01-24 01:00:00+00:00,1,14.408,14.766586
AT,AKC,urban,2023-01-24 02:00:00+00:00,1,14.313,14.372922
AT,AKC,urban,2023-01-24 03:00:00+00:00,1,15.4585,14.171777
AT,AKC,urban,2023-01-24 04:00:00+00:00,1,16.638,15.310209
AT,AKC,urban,2023-01-24 05:00:00+00:00,1,18.18,16.557608
AT,AKC,urban,2023-01-24 06:00:00+00:00,1,18.922,18.100117
AT,AKC,urban,2023-01-24 07:00:00+00:00,1,19.422,19.134747
AT,AKC,urban,2023-01-24 08:00:00+00:00,1,19.8095,19.144892
AT,AKC,urban,2023-01-24 09:00:00+00:00,1,18.504,19.828485
AT,AKC,urban,2023-01-24 10:00:00+00:00,1,17.8165,18.01632
AT,AKC,urban,2023-01-24 11:00:00+00:00,1,16.899,17.493374
AT,AKC,urban,2023-01-24 12:00:00+00:00,1,15.66,16.88353
AT,AKC,urban,2023-01-24 13:00:00+00:00,1,15.106,15.450923
AT,AKC,urban,2023-01-24 14:00:00+00:00,1,14.409,15.339115
AT,AKC,urban,2023-01-24 15:00:00+00:00,1,13.6555,14.750557
AT,AKC,urban,2023-01-24 16:00:00+00:00,1,14.179,13.593916
AT,AKC,urban,2023-01-24 17:00:00+00:00,1,14.551,13.789643
AT,AKC,urban,2023-01-24 18:00:00+00:00,1,14.0595,14.720248
AT,AKC,urban,2023-01-24 19:00:00+00:00,1,13.8015,14.149013
AT,AKC,urban,2023-01-24 20:00:00+00:00,1,14.0615,13.688345
AT,AKC,urban,2023-01-24 21:00:00+00:00,1,14.1775,13.846586
AT,AKC,urban,2023-01-24 22:00:00+00:00,1,12.9025,13.906178
AT,AKC,urban,2023-01-24 23:00:00+00:00,1,12.2175,13.157128
AT,AKC,urban,2023-01-25 00:00:00+00:00,1,12.294,12.47733
AT,AKC,urban,2023-01-25 01:00:00+00:00,1,12.943,12.560284
AT,AKC,urban,2023-01-25 02:00:00+00:00,1,13.376,12.834003
AT,AKC,urban,2023-01-25 03:00:00+00:00,1,14.9275,13.276359
AT,AKC,urban,2023-01-25 04:00:00+00:00,1,15.56,14.95351
AT,AKC,urban,2023-01-25 05:00:00+00:00,1,14.3765,15.976288
AT,AKC,urban,2023-01-25 06:00:00+00:00,1,15.285,15.025516
AT,AKC,urban,2023-01-25 07:00:00+00:00,1,14.6195,15.874268
AT,AKC,urban,2023-01-25 08:00:00+00:00,1,12.797,14.676508
AT,AKC,urban,2023-01-25 09:00:00+00:00,1,12.307,12.950063
AT,AKC,urban,2023-01-25 10:00:00+00:00,1,14.08,12.280562
AT,AKC,urban,2023-01-25 11:00:00+00:00,1,14.4265,13.595071
AT,AKC,urban,2023-01-25 12:00:00+00:00,1,15.243,14.18842
AT,AKC,urban,2023-01-25 13:00:00+00:00,1,15.3875,15.295962
AT,AKC,urban,2023-01-25 14:00:00+00:00,1,16.1685,15.62168
AT,AKC,urban,2023-01-25 15:00:00+00:00,1,16.737,16.556765
AT,AKC,urban,2023-01-25 16:00:00+00:00,1,18.0385,17.053492
AT,AKC,urban,2023-01-25 17:00:00+00:00,1,18.872,18.012163
AT,AKC,urban,2023-01-25 18:00:00+00:00,1,21.333,19.233128
AT,AKC,urban,2023-01-25 19:00:00+00:00,1,22.148,21.340034
AT,AKC,urban,2023-01-25 20:00:00+00:00,1,21.675,22.384565
AT,AKC,urban,2023-01-25 21:00:00+00:00,1,15.0715,21.437696
AT,AKC,urban,2023-01-25 22:00:00+00:00,1,11.102,14.573282
AT,AKC,urban,2023-01-25 23:00:00+00:00,1,8.5578,9.808455
AT,AKC,urban,2023-01-26 00:00:00+00:00,1,8.744299,8.607075
AT,AKC,urban,2023-01-26 01:00:00+00:00,1,9.3759,8.840226
AT,AKC,urban,2023-01-26 02:00:00+00:00,1,10.4785,9.453026
AT,AKC,urban,2023-01-26 03:00:00+00:00,1,11.0175,10.337932
AT,AKC,urban,2023-01-26 04:00:00+00:00,1,12.3205,11.161222
AT,AKC,urban,2023-01-26 05:00:00+00:00,1,13.706,12.369476
AT,AKC,urban,2023-01-26 06:00:00+00:00,1,14.71,13.868424
AT,AKC,urban,2023-01-26 07:00:00+00:00,1,17.178,14.846615
AT,AKC,urban,2023-01-26 08:00:00+00:00,1,17.8585,17.477413
AT,AKC,urban,2023-01-26 09:00:00+00:00,1,18.0745,18.106123
AT,AKC,urban,2023-01-26 10:00:00+00:00,1,18.07,18.144093
AT,AKC,urban,2023-01-26 11:00:00+00:00,1,21.321,17.879124
AT,AKC,urban,2023-01-26 12:00:00+00:00,1,21.31,21.05138
AT,AKC,urban,2023-01-26 13:00:00+00:00,1,20.363,21.028378
AT,AKC,urban,2023-01-26 14:00:00+00:00,1,17.6915,20.013556
AT,AKC,urban,2023-01-26 15:00:00+00:00,1,15.5,16.950756
AT,AKC,urban,2023-01-26 16:00:00+00:00,1,15.911,15.869543
AT,AKC,urban,2023-01-26 17:00:00+00:00,1,15.8995,16.109085
AT,AKC,urban,2023-01-26 18:00:00+00:00,1,12.8425,16.104647
AT,AKC,urban,2023-01-26 19:00:00+00:00,1,10.992,12.865372
AT,AKC,urban,2023-01-26 20:00:00+00:00,1,11.9105,11.283946
AT,AKC,urban,2023-01-26 21:00:00+00:00,1,12.106,11.754518
AT,AKC,urban,2023-01-26 22:00:00+00:00,1,11.6545,12.278074
AT,AKC,urban,2023-01-26 23:00:00+00:00,1,8.707149,11.793235
AT,AKC,urban,2023-01-27 00:00:00+00:00,1,7.909399,8.7327585
AT,AKC,urban,2023-01-27 01:00:00+00:00,1,11.4585,8.089327
AT,AKC,urban,2023-01-27 02:00:00+00:00,1,12.041,11.127781
AT,AKC,urban,2023-01-27 03:00:00+00:00,1,11.4455,11.897889
AT,AKC,urban,2023-01-27 04:00:00+00:00,1,10.7705,11.68223
AT,AKC,urban,2023-01-27 05:00:00+00:00,1,11.9525,11.220958
AT,AKC,urban,2023-01-27 06:00:00+00:00,1,13.1175,12.107148
AT,AKC,urban,2023-01-27 07:00:00+00:00,1,14.125,13.425598
AT,AKC,urban,2023-01-27 08:00:00+00:00,1,16.358,14.007111
AT,AKC,urban,2023-01-27 09:00:00+00:00,1,17.777,16.129112
AT,AKC,urban,2023-01-27 10:00:00+00:00,1,18.683,17.35973
AT,AKC,urban,2023-01-27 11:00:00+00:00,1,18.894,18.383234
AT,AKC,urban,2023-01-27 12:00:00+00:00,1,19.4865,18.532377
AT,AKC,urban,2023-01-27 13:00:00+00:00,1,22.044,19.051445
AT,AKC,urban,2023-01-27 14:00:00+00:00,1,23.8235,21.792557
AT,AKC,urban,2023-01-27 15:00:00+00:00,1,23.28,23.870104
AT,AKC,urban,2023-01-27 16:00:00+00:00,1,20.061,23.101765
AT,AKC,urban,2023-01-27 17:00:00+00:00,1,19.993,18.932337
AT,AKC,urban,2023-01-27 18:00:00+00:00,1,19.56,19.36928
AT,AKC,urban,2023-01-27 19:00:00+00:00,1,19.825,19.435139
AT,AKC,urban,2023-01-27 20:00:00+00:00,1,19.6415,19.457972
AT,AKC,urban,2023-01-27 21:00:00+00:00,1,19.1045,19.320286
AT,AKC,urban,2023-01-27 22:00:00+00:00,1,18.3915,18.652588
AT,AKC,urban,2023-01-27 23:00:00+00:00,1,18.0395,17.612904
AT,AKC,urban,2023-01-28 00:00:00+00:00,1,19.916,17.545525
AT,AKC,urban,2023-01-28 01:00:00+00:00,1,20.2295,19.1728
AT,AKC,urban,2023-01-28 02:00:00+00:00,1,20.2755,20.026678
AT,AKC,urban,2023-01-28 03:00:00+00:00,1,20.9485,19.934584
AT,AKC,urban,2023-01-28 04:00:00+00:00,1,19.48,20.669867
AT,AKC,urban,2023-01-28 05:00:00+00:00,1,18.4775,18.504696
AT,AKC,urban,2023-01-28 06:00:00+00:00,1,19.7115,17.628979
AT,AKC,urban,2023-01-28 07:00:00+00:00,1,19.2885,19.231499
AT,AKC,urban,2023-01-28 08:00:00+00:00,1,18.4545,19.126038
AT,AKC,urban,2023-01-28 09:00:00+00:00,1,17.9605,18.0254
AT,AKC,urban,2023-01-28 10:00:00+00:00,1,19.65,17.5115
AT,AKC,urban,2023-01-28 11:00:00+00:00,1,18.2305,19.28286
AT,AKC,urban,2023-01-28 12:00:00+00:00,1,18.2605,17.768972
AT,AKC,urban,2023-01-28 13:00:00+00:00,1,17.6945,17.717535
AT,AKC,urban,2023-01-28 14:00:00+00:00,1,17.674,17.545116
AT,AKC,urban,2023-01-28 15:00:00+00:00,1,16.8865,17.542513
AT,AKC,urban,2023-01-28 16:00:00+00:00,1,16.431,17.309696
AT,AKC,urban,2023-01-28 17:00:00+00:00,1,13.1115,16.478731
AT,AKC,urban,2023-01-28 18:00:00+00:00,1,12.2525,13.071404
AT,AKC,urban,2023-01-28 19:00:00+00:00,1,11.927,12.240618
AT,AKC,urban,2023-01-28 20:00:00+00:00,1,10.8235,11.932893
AT,AKC,urban,2023-01-28 21:00:00+00:00,1,10.2065,11.163261
AT,AKC,urban,2023-01-28 22:00:00+00:00,1,9.9941,10.272963
AT,AKC,urban,2023-01-28 23:00:00+00:00,1,9.8176,10.174552
AT,AKC,urban,2023-01-29 00:00:00+00:00,1,9.39245,9.951643
AT,AKC,urban,2023-01-29 01:00:00+00:00,1,9.091699,9.734076
AT,AKC,urban,2023-01-29 02:00:00+00:00,1,9.61365,9.369521
AT,AKC,urban,2023-01-29 03:00:00+00:00,1,9.674799,9.541577
AT,AKC,urban,2023-01-29 04:00:00+00:00,1,9.116649,9.595606
AT,AKC,urban,2023-01-29 05:00:00+00:00,1,10.1275,9.338329
AT,AKC,urban,2023-01-29 06:00:00+00:00,1,10.73,9.926886
AT,AKC,urban,2023-01-29 07:00:00+00:00,1,11.966,10.505241
AT,AKC,urban,2023-01-29 08:00:00+00:00,1,13.457,11.621024
AT,AKC,urban,2023-01-29 09:00:00+00:00,1,14.9745,13.26925
AT,AKC,urban,2023-01-29 10:00:00+00:00,1,15.1935,14.293814
AT,AKC,urban,2023-01-29 11:00:00+00:00,1,15.4915,15.031285
AT,AKC,urban,2023-01-29 12:00:00+00:00,1,15.3945,15.16883
AT,AKC,urban,2023-01-29 13:00:00+00:00,1,15.043,15.068373
AT,AKC,urban,2023-01-29 14:00:00+00:00,1,15.7535,15.105347
AT,AKC,urban,2023-01-29 15:00:00+00:00,1,15.3455,15.994418
AT,AKC,urban,2023-01-29 16:00:00+00:00,1,14.71,15.661321
AT,AKC,urban,2023-01-29 17:00:00+00:00,1,13.8485,15.287218
AT,AKC,urban,2023-01-29 18:00:00+00:00,1,13.103,13.730626
AT,AKC,urban,2023-01-29 19:00:00+00:00,1,13.6265,13.130074
AT,AKC,urban,2023-01-29 20:00:00+00:00,1,15.2615,13.641802
AT,AKC,urban,2023-01-29 21:00:00+00:00,1,16.6125,15.003899
AT,AKC,urban,2023-01-29 22:00:00+00:00,1,17.3035,16.48058
AT,AKC,urban,2023-01-29 23:00:00+00:00,1,17.8625,16.7442
AT,AKC,urban,2023-01-30 00:00:00+00:00,1,18.2435,17.285347
AT,AKC,urban,2023-01-30 01:00:00+00:00,1,17.7315,17.793524
AT,AKC,urban,2023-01-30 02:00:00+00:00,1,16.2525,17.337587
AT,AKC,urban,2023-01-30 03:00:00+00:00,1,16.7395,16.357279
AT,AKC,urban,2023-01-30 04:00:00+00:00,1,17.9755,16.343485
AT,AKC,urban,2023-01-30 05:00:00+00:00,1,17.344,17.29534
AT,AKC,urban,2023-01-30 06:00:00+00:00,1,15.774,17.747795
AT,AKC,urban,2023-01-30 07:00:00+00:00,1,15.1585,16.222559
AT,AKC,urban,2023-01-30 08:00:00+00:00,1,12.648,15.885407
AT,AKC,urban,2023-01-30 09:00:00+00:00,1,8.5247,13.2134495
AT,AKC,urban,2023-01-30 10:00:00+00:00,1,7.522349,7.805316
AT,AKC,urban,2023-01-30 11:00:00+00:00,1,7.59875,7.078952
AT,AKC,urban,2023-01-30 12:00:00+00:00,1,7.87615,7.595275
AT,AKC,urban,2023-01-30 13:00:00+00:00,1,6.90075,7.3303146
AT,AKC,urban,2023-01-30 14:00:00+00:00,1,7.398149,6.79523
AT,AKC,urban,2023-01-30 15:00:00+00:00,1,7.7817,7.0988426
AT,AKC,urban,2023-01-30 16:00:00+00:00,1,6.4941,7.589255
AT,AKC,urban,2023-01-30 17:00:00+00:00,1,7.2673,6.7239933
AT,AKC,urban,2023-01-30 18:00:00+00:00,1,7.368149,7.0865955
AT,AKC,urban,2023-01-30 19:00:00+00:00,1,6.660599,7.3266826
AT,AKC,urban,2023-01-30 20:00:00+00:00,1,6.813449,6.7197385
AT,AKC,urban,2023-01-30 21:00:00+00:00,1,5.23945,6.476954
AT,AKC,urban,2023-01-30 22:00:00+00:00,1,4.3723,5.499841
AT,AKC,urban,2023-01-30 23:00:00+00:00,1,3.8571,4.7289834
AT,AKC,urban,2023-01-31 00:00:00+00:00,1,4.869599,4.052515
AT,AKC,urban,2023-01-31 01:00:00+00:00,1,5.0977,4.601084
AT,AKC,urban,2023-01-31 02:00:00+00:00,1,4.69435,5.100774
AT,AKC,urban,2023-01-31 03:00:00+00:00,1,3.825049,4.877933
AT,AKC,urban,2023-01-31 04:00:00+00:00,1,3.4832,4.093255
AT,AKC,urban,2023-01-31 05:00:00+00:00,1,3.425649,3.7141814
AT,AKC,urban,2023-01-31 06:00:00+00:00,1,4.05675,3.7307677
AT,AKC,urban,2023-01-31 07:00:00+00:00,1,3.1452,4.047791
AT,AKC,urban,2023-01-31 08:00:00+00:00,1,6.633699,3.683579
AT,AKC,urban,2023-01-31 09:00:00+00:00,1,5.987099,5.656234
AT,AKC,urban,2023-01-31 10:00:00+00:00,1,5.3934,5.550881
AT,AKC,urban,2023-01-31 11:00:00+00:00,1,6.60575,5.8065863
AT,AKC,urban,2023-01-31 12:00:00+00:00,1,6.427849,6.3163204
AT,AKC,urban,2023-01-31 13:00:00+00:00,1,5.623849,6.4955406
AT,AKC,urban,2023-01-31 14:00:00+00:00,1,5.517099,6.1258235
AT,AKC,urban,2023-01-31 15:00:00+00:00,1,6.53775,5.488155
AT,AKC,urban,2023-01-31 16:00:00+00:00,1,5.908299,6.502166
AT,AKC,urban,2023-01-31 17:00:00+00:00,1,5.5297,6.2929916
AT,AKC,urban,2023-01-31 18:00:00+00:00,1,6.1079,5.0895624
AT,AKC,urban,2023-01-31 19:00:00+00:00,1,5.979149,6.0440674
AT,AKC,urban,2023-01-31 20:00:00+00:00,1,6.318049,6.1792326
AT,AKC,urban,2023-01-31 21:00:00+00:00,1,5.447949,6.355879
AT,AKC,urban,2023-01-31 22:00:00+00:00,1,4.269149,5.471189
AT,AKC,urban,2023-01-31 23:00:00+00:00,1,3.398699,4.3617067
AT,AKC,urban,2023-02-01 00:00:00+00:00,1,3.86905,3.7022145
AT,AKC,urban,2023-02-01 01:00:00+00:00,1,3.9344,3.5932922
AT,AKC,urban,2023-02-01 02:00:00+00:00,1,3.959599,3.9002304
AT,AKC,urban,2023-02-01 03:00:00+00:00,1,5.404,3.8799646
AT,AKC,urban,2023-02-01 04:00:00+00:00,1,5.4134,5.2714586
AT,AKC,urban,2023-02-01 05:00:00+00:00,1,5.86005,5.549305
AT,AKC,urban,2023-02-01 06:00:00+00:00,1,5.532449,5.948264
AT,AKC,urban,2023-02-01 07:00:00+00:00,1,6.069649,5.479548
AT,AKC,urban,2023-02-01 08:00:00+00:00,1,6.25985,5.7856526
AT,AKC,urban,2023-02-01 09:00:00+00:00,1,4.489999,6.077402
AT,AKC,urban,2023-02-01 10:00:00+00:00,1,4.410449,4.5890284
AT,AKC,urban,2023-02-01 11:00:00+00:00,1,3.821,4.141913
AT,AKC,urban,2023-02-01 12:00:00+00:00,1,3.3087,3.8752546
AT,AKC,urban,2023-02-01 13:00:00+00:00,1,2.357699,3.4842741
AT,AKC,urban,2023-02-01 14:00:00+00:00,1,2.7374,2.9105177
AT,AKC,urban,2023-02-01 15:00:00+00:00,1,3.76725,2.8472478
AT,AKC,urban,2023-02-01 16:00:00+00:00,1,5.509449,3.662828
AT,AKC,urban,2023-02-01 17:00:00+00:00,1,5.9081,5.3465896
AT,AKC,urban,2023-02-01 18:00:00+00:00,1,5.948349,5.704642
AT,AKC,urban,2023-02-01 19:00:00+00:00,1,5.09465,5.817958
AT,AKC,urban,2023-02-01 20:00:00+00:00,1,4.75845,5.1421003
AT,AKC,urban,2023-02-01 21:00:00+00:00,1,4.328999,4.774027
AT,AKC,urban,2023-02-01 22:00:00+00:00,1,2.802299,4.412462
AT,AKC,urban,2023-02-01 23:00:00+00:00,1,0.855939,3.223078
AT,AKC,urban,2023-02-02 00:00:00+00:00,1,0.83735,2.1906953
AT,AKC,urban,2023-02-02 01:00:00+00:00,1,0.716915,1.7264781
AT,AKC,urban,2023-02-02 02:00:00+00:00,1,1.104475,1.1329197
AT,AKC,urban,2023-02-02 03:00:00+00:00,1,1.534299,1.2023052
AT,AKC,urban,2023-02-02 04:00:00+00:00,1,1.83585,1.659327
AT,AKC,urban,2023-02-02 05:00:00+00:00,1,2.23115,1.9033719
AT,AKC,urban,2023-02-02 06:00:00+00:00,1,2.541649,2.327886
AT,AKC,urban,2023-02-02 07:00:00+00:00,1,3.2835,2.5233386
AT,AKC,urban,2023-02-02 08:00:00+00:00,1,3.316699,3.340465
AT,AKC,urban,2023-02-02 09:00:00+00:00,1,3.359899,3.5155618
AT,AKC,urban,2023-02-02 10:00:00+00:00,1,3.60235,3.5445213
AT,AKC,urban,2023-02-02 11:00:00+00:00,1,4.095849,3.6504278
AT,AKC,urban,2023-02-02 12:00:00+00:00,1,4.245699,4.280878
AT,AKC,urban,2023-02-02 13:00:00+00:00,1,3.40535,4.335091
AT,AKC,urban,2023-02-02 14:00:00+00:00,1,2.83065,3.6676037
AT,AKC,urban,2023-02-02 15:00:00+00:00,1,2.964099,3.057069
AT,AKC,urban,2023-02-02 16:00:00+00:00,1,3.5913,3.0422773
AT,AKC,urban,2023-02-02 17:00:00+00:00,1,3.776,3.4993792
AT,AKC,urban,2023-02-02 18:00:00+00:00,1,3.984799,3.845914
AT,AKC,urban,2023-02-02 19:00:00+00:00,1,4.5521,4.002537
AT,AKC,urban,2023-02-02 20:00:00+00:00,1,5.090149,4.519842
AT,AKC,urban,2023-02-02 21:00:00+00:00,1,5.37405,4.790575
AT,AKC,urban,2023-02-02 22:00:00+00:00,1,5.53095,5.3900485
AT,AKC,urban,2023-02-02 23:00:00+00:00,1,5.984299,5.450949
AT,AKC,urban,2023-02-03 00:00:00+00:00,1,5.8211,5.736483
AT,AKC,urban,2023-02-03 01:00:00+00:00,1,3.359699,5.7508807
AT,AKC,urban,2023-02-03 02:00:00+00:00,1,1.344099,4.0019183
AT,AKC,urban,2023-02-03 03:00:00+00:00,1,0.919129,2.7434628
AT,AKC,urban,2023-02-03 04:00:00+00:00,1,1.34315,1.9712557
AT,AKC,urban,2023-02-03 05:00:00+00:00,1,1.6316,1.5533907
AT,AKC,urban,2023-02-03 06:00:00+00:00,1,1.85985,1.6459774
AT,AKC,urban,2023-02-03 07:00:00+00:00,1,2.44435,1.7792593
AT,AKC,urban,2023-02-03 08:00:00+00:00,1,2.91035,2.131733
AT,AKC,urban,2023-02-03 09:00:00+00:00,1,2.38975,2.6853154
AT,AKC,urban,2023-02-03 10:00:00+00:00,1,2.3077,2.5181217
AT,AKC,urban,2023-02-03 11:00:00+00:00,1,2.27915,2.4798133
AT,AKC,urban,2023-02-03 12:00:00+00:00,1,2.09975,2.4349785
AT,AKC,urban,2023-02-03 13:00:00+00:00,1,2.40525,2.2912505
AT,AKC,urban,2023-02-03 14:00:00+00:00,1,2.466,2.3297594
AT,AKC,urban,2023-02-03 15:00:00+00:00,1,2.318099,2.5685775
AT,AKC,urban,2023-02-03 16:00:00+00:00,1,2.66365,2.4935963
AT,AKC,urban,2023-02-03 17:00:00+00:00,1,2.10485,2.6219664
AT,AKC,urban,2023-02-03 18:00:00+00:00,1,1.55585,2.4250503
AT,AKC,urban,2023-02-03 19:00:00+00:00,1,2.443799,2.1604626
AT,AKC,urban,2023-02-03 20:00:00+00:00,1,3.48075,2.3724678
AT,AKC,urban,2023-02-03 21:00:00+00:00,1,3.254149,3.1602213
AT,AKC,urban,2023-02-03 22:00:00+00:00,1,3.4972,3.3340163
AT,AKC,urban,2023-02-03 23:00:00+00:00,1,3.49795,3.5539606
AT,AKC,urban,2023-02-04 00:00:00+00:00,1,3.151499,3.517325
AT,AKC,urban,2023-02-04 01:00:00+00:00,1,2.76775,3.3477097
AT,AKC,urban,2023-02-04 02:00:00+00:00,1,2.236199,3.0799775
AT,AKC,urban,2023-02-04 03:00:00+00:00,1,1.3966,2.6982353
AT,AKC,urban,2023-02-04 04:00:00+00:00,1,1.786599,2.0793216
AT,AKC,urban,2023-02-04 05:00:00+00:00,1,3.04375,1.9579527
AT,AKC,urban,2023-02-04 06:00:00+00:00,1,3.757699,2.690625
AT,AKC,urban,2023-02-04 07:00:00+00:00,1,2.910049,3.6337466
AT,AKC,urban,2023-02-04 08:00:00+00:00,1,2.585799,3.193259
AT,AKC,urban,2023-02-04 09:00:00+00:00,1,3.116349,2.8436508
AT,AKC,urban,2023-02-04 10:00:00+00:00,1,2.992049,3.046365
AT,AKC,urban,2023-02-04 11:00:00+00:00,1,2.90775,3.062679
AT,AKC,urban,2023-02-04 12:00:00+00:00,1,3.01055,3.0301156
AT,AKC,urban,2023-02-04 13:00:00+00:00,1,2.89175,2.9753153
AT,AKC,urban,2023-02-04 14:00:00+00:00,1,3.2322,3.015705
AT,AKC,urban,2023-02-04 15:00:00+00:00,1,3.154399,3.377848
AT,AKC,urban,2023-02-04 16:00:00+00:00,1,2.923299,3.338421
AT,AKC,urban,2023-02-04 17:00:00+00:00,1,3.382699,3.1590037
AT,AKC,urban,2023-02-04 18:00:00+00:00,1,3.8973,3.4471292
AT,AKC,urban,2023-02-04 19:00:00+00:00,1,4.396049,3.9121885
AT,AKC,urban,2023-02-04 20:00:00+00:00,1,3.706099,4.46235
AT,AKC,urban,2023-02-04 21:00:00+00:00,1,3.945749,3.9239063
AT,AKC,urban,2023-02-04 22:00:00+00:00,1,3.597149,3.825584
AT,AKC,urban,2023-02-04 23:00:00+00:00,1,3.666949,3.7528687
AT,AKC,urban,2023-02-05 00:00:00+00:00,1,3.618499,3.7930474
AT,AKC,urban,2023-02-05 01:00:00+00:00,1,3.320199,3.7644122
AT,AKC,urban,2023-02-05 02:00:00+00:00,1,3.424049,3.6189167
AT,AKC,urban,2023-02-05 03:00:00+00:00,1,3.13385,3.4635801
AT,AKC,urban,2023-02-05 04:00:00+00:00,1,3.229199,3.3489625
AT,AKC,urban,2023-02-05 05:00:00+00:00,1,3.080749,3.3272762
AT,AKC,urban,2023-02-05 06:00:00+00:00,1,3.1222,3.3026006
AT,AKC,urban,2023-02-05 07:00:00+00:00,1,3.6087,3.26018
AT,AKC,urban,2023-02-05 08:00:00+00:00,1,3.892199,3.6881685
AT,AKC,urban,2023-02-05 09:00:00+00:00,1,3.970799,4.0756702
AT,AKC,urban,2023-02-05 10:00:00+00:00,1,3.62625,4.08627
AT,AKC,urban,2023-02-05 11:00:00+00:00,1,3.723449,3.7759464
AT,AKC,urban,2023-02-05 12:00:00+00:00,1,4.885149,3.9107063
AT,AKC,urban,2023-02-05 13:00:00+00:00,1,6.138549,4.772964
AT,AKC,urban,2023-02-05 14:00:00+00:00,1,6.50985,6.191844
AT,AKC,urban,2023-02-05 15:00:00+00:00,1,8.23925,6.5586395
AT,AKC,urban,2023-02-05 16:00:00+00:00,1,9.924799,8.446719
AT,AKC,urban,2023-02-05 17:00:00+00:00,1,10.146,10.190148
AT,AKC,urban,2023-02-05 18:00:00+00:00,1,10.7285,10.484957
AT,AKC,urban,2023-02-05 19:00:00+00:00,1,12.55,10.4910145
AT,AKC,urban,2023-02-05 20:00:00+00:00,1,11.904,12.517292
AT,AKC,urban,2023-02-05 21:00:00+00:00,1,11.545,11.761638
AT,AKC,urban,2023-02-05 22:00:00+00:00,1,10.8165,11.219953
AT,AKC,urban,2023-02-05 23:00:00+00:00,1,11.1605,10.598686
AT,AKC,urban,2023-02-06 00:00:00+00:00,1,11.8115,10.844085
AT,AKC,urban,2023-02-06 01:00:00+00:00,1,12.5035,11.397482
AT,AKC,urban,2023-02-06 02:00:00+00:00,1,12.64,12.165083
AT,AKC,urban,2023-02-06 03:00:00+00:00,1,12.7255,12.2566185
AT,AKC,urban,2023-02-06 04:00:00+00:00,1,13.756,12.420125
AT,AKC,urban,2023-02-06 05:00:00+00:00,1,13.7715,13.824738
AT,AKC,urban,2023-02-06 06:00:00+00:00,1,14.705,13.708324
AT,AKC,urban,2023-02-06 07:00:00+00:00,1,13.54,14.341387
AT,AKC,urban,2023-02-06 08:00:00+00:00,1,13.07,13.509958
AT,AKC,urban,2023-02-06 09:00:00+00:00,1,12.7755,12.115107
AT,AKC,urban,2023-02-06 10:00:00+00:00,1,13.704,12.080113
AT,AKC,urban,2023-02-06 11:00:00+00:00,1,14.809,13.279756
AT,AKC,urban,2023-02-06 12:00:00+00:00,1,15.034,14.863308
AT,AKC,urban,2023-02-06 13:00:00+00:00,1,13.723,15.4376335
AT,AKC,urban,2023-02-06 14:00:00+00:00,1,15.4895,13.432792
AT,AKC,urban,2023-02-06 15:00:00+00:00,1,16.055,15.256029
AT,AKC,urban,2023-02-06 16:00:00+00:00,1,16.8875,16.865456
AT,AKC,urban,2023-02-06 17:00:00+00:00,1,19.101,17.920954
AT,AKC,urban,2023-02-06 18:00:00+00:00,1,21.263,19.154425
AT,AKC,urban,2023-02-06 19:00:00+00:00,1,23.4335,21.924599
AT,AKC,urban,2023-02-06 20:00:00+00:00,1,24.6255,23.377737
AT,AKC,urban,2023-02-06 21:00:00+00:00,1,23.8265,24.13454
AT,AKC,urban,2023-02-06 22:00:00+00:00,1,27.8095,23.468615
AT,AKC,urban,2023-02-06 23:00:00+00:00,1,30.84,26.435574
AT,AKC,urban,2023-02-07 00:00:00+00:00,1,32.3055,28.960638
AT,AKC,urban,2023-02-07 01:00:00+00:00,1,33.4385,30.700535
AT,AKC,urban,2023-02-07 02:00:00+00:00,1,33.1275,31.368517
AT,AKC,urban,2023-02-07 03:00:00+00:00,1,32.1415,31.595291
AT,AKC,urban,2023-02-07 04:00:00+00:00,1,30.9695,30.408358
AT,AKC,urban,2023-02-07 05:00:00+00:00,1,31.697,30.212912
AT,AKC,urban,2023-02-07 06:00:00+00:00,1,30.256,32.13333
AT,AKC,urban,2023-02-07 07:00:00+00:00,1,27.995,29.518377
AT,AKC,urban,2023-02-07 08:00:00+00:00,1,25.6855,26.378439
AT,AKC,urban,2023-02-07 09:00:00+00:00,1,23.467,26.111948
AT,AKC,urban,2023-02-07 10:00:00+00:00,1,23.79,23.094265
AT,AKC,urban,2023-02-07 11:00:00+00:00,1,22.08,23.488647
AT,AKC,urban,2023-02-07 12:00:00+00:00,1,21.704,22.49529
AT,AKC,urban,2023-02-07 13:00:00+00:00,1,22.08,21.782913
AT,AKC,urban,2023-02-07 14:00:00+00:00,1,21.66,21.395243
AT,AKC,urban,2023-02-07 15:00:00+00:00,1,23.4905,22.362806
AT,AKC,urban,2023-02-07 16:00:00+00:00,1,25.1235,23.928623
AT,AKC,urban,2023-02-07 17:00:00+00:00,1,24.101,25.585852
AT,AKC,urban,2023-02-07 18:00:00+00:00,1,21.9105,23.822966
AT,AKC,urban,2023-02-07 19:00:00+00:00,1,19.2505,21.407515
AT,AKC,urban,2023-02-07 20:00:00+00:00,1,17.767,18.43441
AT,AKC,urban,2023-02-07 21:00:00+00:00,1,18.144,17.00286
AT,AKC,urban,2023-02-07 22:00:00+00:00,1,19.2945,18.25009
AT,AKC,urban,2023-02-07 23:00:00+00:00,1,20.609,19.563957
AT,AKC,urban,2023-02-08 00:00:00+00:00,1,23.5805,20.617895
AT,AKC,urban,2023-02-08 01:00:00+00:00,1,25.16,23.432451
AT,AKC,urban,2023-02-08 02:00:00+00:00,1,25.0945,25.089628
AT,AKC,urban,2023-02-08 03:00:00+00:00,1,26.479,24.740402
AT,AKC,urban,2023-02-08 04:00:00+00:00,1,27.353,25.97855
AT,AKC,urban,2023-02-08 05:00:00+00:00,1,28.227,27.134563
AT,AKC,urban,2023-02-08 06:00:00+00:00,1,31.216,28.68456
AT,AKC,urban,2023-02-08 07:00:00+00:00,1,31.919,29.894442
AT,AKC,urban,2023-02-08 08:00:00+00:00,1,33.991,31.131802
AT,AKC,urban,2023-02-08 09:00:00+00:00,1,34.4635,33.525986
AT,AKC,urban,2023-02-08 10:00:00+00:00,1,32.6885,34.17039
AT,AKC,urban,2023-02-08 11:00:00+00:00,1,30.3165,33.843624
AT,AKC,urban,2023-02-08 12:00:00+00:00,1,21.605,31.081495
AT,AKC,urban,2023-02-08 13:00:00+00:00,1,16.706,20.568512
AT,AKC,urban,2023-02-08 14:00:00+00:00,1,15.9925,18.087412
AT,AKC,urban,2023-02-08 15:00:00+00:00,1,17.6415,17.301493
AT,AKC,urban,2023-02-08 16:00:00+00:00,1,16.9525,17.743515
AT,AKC,urban,2023-02-08 17:00:00+00:00,1,17.831,18.07145
AT,AKC,urban,2023-02-08 18:00:00+00:00,1,19.2435,17.881805
AT,AKC,urban,2023-02-08 19:00:00+00:00,1,20.944,20.536882
AT,AKC,urban,2023-02-08 20:00:00+00:00,1,24.0545,21.559917
AT,AKC,urban,2023-02-08 21:00:00+00:00,1,26.8615,24.438429
AT,AKC,urban,2023-02-08 22:00:00+00:00,1,25.683,26.6383
AT,AKC,urban,2023-02-08 23:00:00+00:00,1,24.0965,24.8629
AT,AKC,urban,2023-02-09 00:00:00+00:00,1,23.2405,23.945648
AT,AKC,urban,2023-02-09 01:00:00+00:00,1,22.726,23.350573
AT,AKC,urban,2023-02-09 02:00:00+00:00,1,23.753,21.932798
AT,AKC,urban,2023-02-09 03:00:00+00:00,1,26.825,23.480022
AT,AKC,urban,2023-02-09 04:00:00+00:00,1,32.59,26.102165
AT,AKC,urban,2023-02-09 05:00:00+00:00,1,33.4715,32.40077
AT,AKC,urban,2023-02-09 06:00:00+00:00,1,30.738,34.121567
AT,AKC,urban,2023-02-09 07:00:00+00:00,1,28.043,31.174286
AT,AKC,urban,2023-02-09 08:00:00+00:00,1,24.4445,29.953577
AT,AKC,urban,2023-02-09 09:00:00+00:00,1,20.949,26.221329
AT,AKC,urban,2023-02-09 10:00:00+00:00,1,18.648,22.548878
AT,AKC,urban,2023-02-09 11:00:00+00:00,1,18.874,17.849361
AT,AKC,urban,2023-02-09 12:00:00+00:00,1,18.8975,18.396412
AT,AKC,urban,2023-02-09 13:00:00+00:00,1,18.9485,19.073296
AT,AKC,urban,2023-02-09 14:00:00+00:00,1,18.26,19.219263
AT,AKC,urban,2023-02-09 15:00:00+00:00,1,18.374,19.774948
AT,AKC,urban,2023-02-09 16:00:00+00:00,1,18.8155,19.254654
AT,AKC,urban,2023-02-09 17:00:00+00:00,1,20.442,20.054317
AT,AKC,urban,2023-02-09 18:00:00+00:00,1,21.2465,20.378391
AT,AKC,urban,2023-02-09 19:00:00+00:00,1,22.4115,22.121662
AT,AKC,urban,2023-02-09 20:00:00+00:00,1,22.029,23.360525
AT,AKC,urban,2023-02-09 21:00:00+00:00,1,22.2315,22.593775
AT,AKC,urban,2023-02-09 22:00:00+00:00,1,23.171,21.378483
AT,AKC,urban,2023-02-09 23:00:00+00:00,1,23.1055,23.356342
AT,AKC,urban,2023-02-10 00:00:00+00:00,1,19.809,23.048084
AT,AKC,urban,2023-02-10 01:00:00+00:00,1,21.2755,18.929256
AT,AKC,urban,2023-02-10 02:00:00+00:00,1,21.6655,21.679825
AT,AKC,urban,2023-02-10 03:00:00+00:00,1,23.684,21.880192
AT,AKC,urban,2023-02-10 04:00:00+00:00,1,25.1135,23.468174
AT,AKC,urban,2023-02-10 05:00:00+00:00,1,27.159,25.016682
AT,AKC,urban,2023-02-10 06:00:00+00:00,1,24.645,27.355146
AT,AKC,urban,2023-02-10 07:00:00+00:00,1,24.7385,25.81818
AT,AKC,urban,2023-02-10 08:00:00+00:00,1,27.715,24.37706
AT,AKC,urban,2023-02-10 09:00:00+00:00,1,55.992,25.416578
AT,AKC,urban,2023-02-10 10:00:00+00:00,1,28.239,43.428173
AT,AKC,urban,2023-02-10 11:00:00+00:00,1,22.039,31.700129
AT,AKC,urban,2023-02-10 12:00:00+00:00,1,19.429,20.872442
AT,AKC,urban,2023-02-10 13:00:00+00:00,1,21.045,15.997926
AT,AKC,urban,2023-02-10 14:00:00+00:00,1,23.9545,18.7232
AT,AKC,urban,2023-02-10 15:00:00+00:00,1,24.5475,25.11874
AT,AKC,urban,2023-02-10 16:00:00+00:00,1,25.544,22.802744
AT,AKC,urban,2023-02-10 17:00:00+00:00,1,27.078,25.058258
AT,AKC,urban,2023-02-10 18:00:00+00:00,1,26.365,26.678099
AT,AKC,urban,2023-02-10 19:00:00+00:00,1,26.381,26.170012
AT,AKC,urban,2023-02-10 20:00:00+00:00,1,26.2805,25.812119
AT,AKC,urban,2023-02-10 21:00:00+00:00,1,26.7085,25.524637
AT,AKC,urban,2023-02-10 22:00:00+00:00,1,26.1095,25.750912
AT,AKC,urban,2023-02-10 23:00:00+00:00,1,26.5885,24.940317
AT,AKC,urban,2023-02-11 00:00:00+00:00,1,29.5565,25.739992
AT,AKC,urban,2023-02-11 01:00:00+00:00,1,33.5385,28.223152
AT,AKC,urban,2023-02-11 02:00:00+00:00,1,33.083,32.45551
AT,AKC,urban,2023-02-11 03:00:00+00:00,1,33.728,31.50659
AT,AKC,urban,2023-02-11 04:00:00+00:00,1,31.754,32.80468
AT,AKC,urban,2023-02-11 05:00:00+00:00,1,31.8985,31.58703
AT,AKC,urban,2023-02-11 06:00:00+00:00,1,30.049,31.192577
AT,AKC,urban,2023-02-11 07:00:00+00:00,1,25.319,28.424658
AT,AKC,urban,2023-02-11 08:00:00+00:00,1,25.053,24.095255
AT,AKC,urban,2023-02-11 09:00:00+00:00,1,25.761,24.073034
AT,AKC,urban,2023-02-11 10:00:00+00:00,1,21.131,24.113623
AT,AKC,urban,2023-02-11 11:00:00+00:00,1,19.2055,19.369143
AT,AKC,urban,2023-02-11 12:00:00+00:00,1,18.622,18.391928
AT,AKC,urban,2023-02-11 13:00:00+00:00,1,16.8325,16.361042
AT,AKC,urban,2023-02-11 14:00:00+00:00,1,15.646,14.756102
AT,AKC,urban,2023-02-11 15:00:00+00:00,1,16.5795,14.452409
AT,AKC,urban,2023-02-11 16:00:00+00:00,1,18.068,16.156414
AT,AKC,urban,2023-02-11 17:00:00+00:00,1,18.8665,17.675945
AT,AKC,urban,2023-02-11 18:00:00+00:00,1,19.5575,18.843342
AT,AKC,urban,2023-02-11 19:00:00+00:00,1,20.349,19.065071
AT,AKC,urban,2023-02-11 20:00:00+00:00,1,20.8015,19.926983
AT,AKC,urban,2023-02-11 21:00:00+00:00,1,21.334,19.896639
AT,AKC,urban,2023-02-11 22:00:00+00:00,1,19.57,20.666689
AT,AKC,urban,2023-02-11 23:00:00+00:00,1,18.2115,18.487991
AT,AKC,urban,2023-02-12 00:00:00+00:00,1,17.2885,17.00972
AT,AKC,urban,2023-02-12 01:00:00+00:00,1,17.505,16.590311
AT,AKC,urban,2023-02-12 02:00:00+00:00,1,18.971,16.652887
AT,AKC,urban,2023-02-12 03:00:00+00:00,1,21.172,18.373924
AT,AKC,urban,2023-02-12 04:00:00+00:00,1,21.7055,20.810162
AT,AKC,urban,2023-02-12 05:00:00+00:00,1,21.2055,21.17141
AT,AKC,urban,2023-02-12 06:00:00+00:00,1,20.3745,20.268648
AT,AKC,urban,2023-02-12 07:00:00+00:00,1,17.9545,19.244362
AT,AKC,urban,2023-02-12 08:00:00+00:00,1,15.467,17.02592
AT,AKC,urban,2023-02-12 09:00:00+00:00,1,13.8015,15.000987
AT,AKC,urban,2023-02-12 10:00:00+00:00,1,12.621,12.984975
AT,AKC,urban,2023-02-12 11:00:00+00:00,1,13.073,12.227714
AT,AKC,urban,2023-02-12 12:00:00+00:00,1,14.9365,12.651005
AT,AKC,urban,2023-02-12 13:00:00+00:00,1,17.224,14.137408
AT,AKC,urban,2023-02-12 14:00:00+00:00,1,17.2645,16.977606
AT,AKC,urban,2023-02-12 15:00:00+00:00,1,17.2025,16.991127
AT,AKC,urban,2023-02-12 16:00:00+00:00,1,18.583,17.166027
AT,AKC,urban,2023-02-12 17:00:00+00:00,1,18.5995,18.556114
AT,AKC,urban,2023-02-12 18:00:00+00:00,1,17.5085,18.8218
AT,AKC,urban,2023-02-12 19:00:00+00:00,1,13.921,17.823614
AT,AKC,urban,2023-02-12 20:00:00+00:00,1,11.627,13.784764
AT,AKC,urban,2023-02-12 21:00:00+00:00,1,15.113,11.822999
AT,AKC,urban,2023-02-12 22:00:00+00:00,1,15.64,13.874623
AT,AKC,urban,2023-02-12 23:00:00+00:00,1,14.072,15.373903
AT,AKC,urban,2023-02-13 00:00:00+00:00,1,14.703,13.635459
AT,AKC,urban,2023-02-13 01:00:00+00:00,1,13.6645,14.474171
AT,AKC,urban,2023-02-13 02:00:00+00:00,1,11.373,13.666878
AT,AKC,urban,2023-02-13 03:00:00+00:00,1,11.1005,11.839591
AT,AKC,urban,2023-02-13 04:00:00+00:00,1,12.2935,11.503986
AT,AKC,urban,2023-02-13 05:00:00+00:00,1,9.67485,13.812121
AT,AKC,urban,2023-02-13 06:00:00+00:00,1,10.996,10.010196
AT,AKC,urban,2023-02-13 07:00:00+00:00,1,11.1845,10.612979
AT,AKC,urban,2023-02-13 08:00:00+00:00,1,10.08415,10.956275
AT,AKC,urban,2023-02-13 09:00:00+00:00,1,9.257299,9.771868
AT,AKC,urban,2023-02-13 10:00:00+00:00,1,7.721199,10.102899
AT,AKC,urban,2023-02-13 11:00:00+00:00,1,7.397299,7.8887467
AT,AKC,urban,2023-02-13 12:00:00+00:00,1,7.810899,7.6871657
AT,AKC,urban,2023-02-13 13:00:00+00:00,1,6.0819,7.6802382
AT,AKC,urban,2023-02-13 14:00:00+00:00,1,6.696399,6.586171
AT,AKC,urban,2023-02-13 15:00:00+00:00,1,7.3485,7.0976043
AT,AKC,urban,2023-02-13 16:00:00+00:00,1,7.918,7.4648457
AT,AKC,urban,2023-02-13 17:00:00+00:00,1,8.012049,7.8371077
AT,AKC,urban,2023-02-13 18:00:00+00:00,1,7.762949,7.973144
AT,AKC,urban,2023-02-13 19:00:00+00:00,1,7.7143,7.776923
AT,AKC,urban,2023-02-13 20:00:00+00:00,1,8.228899,7.712725
AT,AKC,urban,2023-02-13 21:00:00+00:00,1,6.248149,8.066068
AT,AKC,urban,2023-02-13 22:00:00+00:00,1,5.652549,6.5426164
AT,AKC,urban,2023-02-13 23:00:00+00:00,1,7.37725,5.4329834
AT,AKC,urban,2023-02-14 00:00:00+00:00,1,10.753,7.0815387
AT,AKC,urban,2023-02-14 01:00:00+00:00,1,12.536,10.117305
AT,AKC,urban,2023-02-14 02:00:00+00:00,1,13.3215,11.576865
AT,AKC,urban,2023-02-14 03:00:00+00:00,1,13.4845,12.942085
AT,AKC,urban,2023-02-14 04:00:00+00:00,1,12.2255,13.078443
AT,AKC,urban,2023-02-14 05:00:00+00:00,1,12.4465,12.202223
AT,AKC,urban,2023-02-14 06:00:00+00:00,1,12.2025,12.783046
AT,AKC,urban,2023-02-14 07:00:00+00:00,1,14.4115,12.36362
AT,AKC,urban,2023-02-14 08:00:00+00:00,1,14.1845,13.544542
AT,AKC,urban,2023-02-14 09:00:00+00:00,1,15.8305,12.702177
AT,AKC,urban,2023-02-14 10:00:00+00:00,1,16.4645,15.029821
AT,AKC,urban,2023-02-14 11:00:00+00:00,1,17.013,16.092638
AT,AKC,urban,2023-02-14 12:00:00+00:00,1,17.521,16.124748
AT,AKC,urban,2023-02-14 13:00:00+00:00,1,17.4145,16.79191
AT,AKC,urban,2023-02-14 14:00:00+00:00,1,17.029,16.962536
AT,AKC,urban,2023-02-14 15:00:00+00:00,1,17.8145,16.891897
AT,AKC,urban,2023-02-14 16:00:00+00:00,1,18.2145,18.063374
AT,AKC,urban,2023-02-14 17:00:00+00:00,1,18.2485,17.822433
AT,AKC,urban,2023-02-14 18:00:00+00:00,1,18.265,18.502445
AT,AKC,urban,2023-02-14 19:00:00+00:00,1,18.1215,18.526678
AT,AKC,urban,2023-02-14 20:00:00+00:00,1,18.968,18.236948
AT,AKC,urban,2023-02-14 21:00:00+00:00,1,18.772,19.017406
AT,AKC,urban,2023-02-14 22:00:00+00:00,1,19.168,18.353453
AT,AKC,urban,2023-02-14 23:00:00+00:00,1,19.6645,19.011297
AT,AKC,urban,2023-02-15 00:00:00+00:00,1,20.5515,19.817295
AT,AKC,urban,2023-02-15 01:00:00+00:00,1,21.0335,20.345207
AT,AKC,urban,2023-02-15 02:00:00+00:00,1,21.5215,21.046793
AT,AKC,urban,2023-02-15 03:00:00+00:00,1,21.539,21.33633
AT,AKC,urban,2023-02-15 04:00:00+00:00,1,23.329,21.038149
AT,AKC,urban,2023-02-15 05:00:00+00:00,1,25.866,23.396688
AT,AKC,urban,2023-02-15 06:00:00+00:00,1,22.6,26.919584
AT,AKC,urban,2023-02-15 07:00:00+00:00,1,22.309,23.15586
AT,AKC,urban,2023-02-15 08:00:00+00:00,1,22.455,21.05829
AT,AKC,urban,2023-02-15 09:00:00+00:00,1,22.9245,22.84201
AT,AKC,urban,2023-02-15 10:00:00+00:00,1,22.516,22.984303
AT,AKC,urban,2023-02-15 11:00:00+00:00,1,22.88,21.683962
AT,AKC,urban,2023-02-15 12:00:00+00:00,1,23.923,23.62759
AT,AKC,urban,2023-02-15 13:00:00+00:00,1,22.663,24.609825
AT,AKC,urban,2023-02-15 14:00:00+00:00,1,23.049,23.200397
AT,AKC,urban,2023-02-15 15:00:00+00:00,1,25.135,23.750008
AT,AKC,urban,2023-02-15 16:00:00+00:00,1,26.631,24.676298
AT,AKC,urban,2023-02-15 17:00:00+00:00,1,29.839,26.303522
AT,AKC,urban,2023-02-15 18:00:00+00:00,1,31.967,29.81562
AT,AKC,urban,2023-02-15 19:00:00+00:00,1,33.337,32.15535
AT,AKC,urban,2023-02-15 20:00:00+00:00,1,34.426,33.414734
AT,AKC,urban,2023-02-15 21:00:00+00:00,1,34.0255,33.272064
AT,AKC,urban,2023-02-15 22:00:00+00:00,1,34.952,33.05993
AT,AKC,urban,2023-02-15 23:00:00+00:00,1,35.0295,33.911552
AT,AKC,urban,2023-02-16 00:00:00+00:00,1,35.095,34.502605
AT,AKC,urban,2023-02-16 01:00:00+00:00,1,34.755,34.841965
AT,AKC,urban,2023-02-16 02:00:00+00:00,1,28.7845,34.04805
AT,AKC,urban,2023-02-16 03:00:00+00:00,1,19.794,27.058306
AT,AKC,urban,2023-02-16 04:00:00+00:00,1,19.546,18.919416
AT,AKC,urban,2023-02-16 05:00:00+00:00,1,21.637,18.097845
AT,AKC,urban,2023-02-16 06:00:00+00:00,1,22.2385,21.956402
AT,AKC,urban,2023-02-16 07:00:00+00:00,1,22.0305,23.050964
AT,AKC,urban,2023-02-16 08:00:00+00:00,1,27.002,23.103266
AT,AKC,urban,2023-02-16 09:00:00+00:00,1,28.6545,26.072714
AT,AKC,urban,2023-02-16 10:00:00+00:00,1,31.1275,28.528917
AT,AKC,urban,2023-02-16 11:00:00+00:00,1,29.858,29.175772
AT,AKC,urban,2023-02-16 12:00:00+00:00,1,30.5515,29.372986
AT,AKC,urban,2023-02-16 13:00:00+00:00,1,29.279,30.378628
AT,AKC,urban,2023-02-16 14:00:00+00:00,1,29.514,29.673357
AT,AKC,urban,2023-02-16 15:00:00+00:00,1,29.667,30.72777
AT,AKC,urban,2023-02-16 16:00:00+00:00,1,28.8045,29.682207
AT,AKC,urban,2023-02-16 17:00:00+00:00,1,28.9805,28.11279
AT,AKC,urban,2023-02-16 18:00:00+00:00,1,32.598,28.10027
AT,AKC,urban,2023-02-16 19:00:00+00:00,1,34.698,31.324228
AT,AKC,urban,2023-02-16 20:00:00+00:00,1,34.782,32.592037
AT,AKC,urban,2023-02-16 21:00:00+00:00,1,34.12,33.286724
AT,AKC,urban,2023-02-16 22:00:00+00:00,1,33.6865,32.129215
AT,AKC,urban,2023-02-16 23:00:00+00:00,1,33.0895,32.17577
AT,AKC,urban,2023-02-17 00:00:00+00:00,1,32.346,31.86533
AT,AKC,urban,2023-02-17 01:00:00+00:00,1,31.6855,31.052748
AT,AKC,urban,2023-02-17 02:00:00+00:00,1,30.282,30.102575
AT,AKC,urban,2023-02-17 03:00:00+00:00,1,22.365,28.887442
AT,AKC,urban,2023-02-17 04:00:00+00:00,1,14.72515,19.194386
AT,AKC,urban,2023-02-17 05:00:00+00:00,1,9.8801,13.653495
AT,AKC,urban,2023-02-17 06:00:00+00:00,1,10.12055,12.5827465
AT,AKC,urban,2023-02-17 07:00:00+00:00,1,9.5412,9.5674305
AT,AKC,urban,2023-02-17 08:00:00+00:00,1,9.192999,10.22678
AT,AKC,urban,2023-02-17 09:00:00+00:00,1,8.367099,8.58087
AT,AKC,urban,2023-02-17 10:00:00+00:00,1,7.666549,8.101288
AT,AKC,urban,2023-02-17 11:00:00+00:00,1,6.854249,7.692509
AT,AKC,urban,2023-02-17 12:00:00+00:00,1,5.94225,6.750998
AT,AKC,urban,2023-02-17 13:00:00+00:00,1,4.6029,6.18416
AT,AKC,urban,2023-02-17 14:00:00+00:00,1,4.287899,5.1410437
AT,AKC,urban,2023-02-17 15:00:00+00:00,1,5.0317,4.7750015
AT,AKC,urban,2023-02-17 16:00:00+00:00,1,5.8175,5.1861234
AT,AKC,urban,2023-02-17 17:00:00+00:00,1,5.817,6.003567
AT,AKC,urban,2023-02-17 18:00:00+00:00,1,5.032999,5.891059
AT,AKC,urban,2023-02-17 19:00:00+00:00,1,4.55835,5.5293813
AT,AKC,urban,2023-02-17 20:00:00+00:00,1,4.5903,4.8766723
AT,AKC,urban,2023-02-17 21:00:00+00:00,1,4.066249,4.70999
AT,AKC,urban,2023-02-17 22:00:00+00:00,1,3.404449,4.358379
AT,AKC,urban,2023-02-17 23:00:00+00:00,1,3.129199,3.8054638
AT,AKC,urban,2023-02-18 00:00:00+00:00,1,2.9876,3.6721013
AT,AKC,urban,2023-02-18 01:00:00+00:00,1,2.7708,3.195859
AT,AKC,urban,2023-02-18 02:00:00+00:00,1,2.785049,2.9210644
AT,AKC,urban,2023-02-18 03:00:00+00:00,1,2.5489,2.8920712
AT,AKC,urban,2023-02-18 04:00:00+00:00,1,2.151899,2.820354
AT,AKC,urban,2023-02-18 05:00:00+00:00,1,2.5046,2.5444486
AT,AKC,urban,2023-02-18 06:00:00+00:00,1,2.512099,3.0559886
AT,AKC,urban,2023-02-18 07:00:00+00:00,1,2.732599,2.6750917
AT,AKC,urban,2023-02-18 08:00:00+00:00,1,3.013,2.6892993
AT,AKC,urban,2023-02-18 09:00:00+00:00,1,3.269249,3.0347857
AT,AKC,urban,2023-02-18 10:00:00+00:00,1,3.29255,3.5477645
AT,AKC,urban,2023-02-18 11:00:00+00:00,1,2.96105,3.3693252
AT,AKC,urban,2023-02-18 12:00:00+00:00,1,2.43155,3.2228725
AT,AKC,urban,2023-02-18 13:00:00+00:00,1,2.119649,2.9383242
AT,AKC,urban,2023-02-18 14:00:00+00:00,1,1.961799,2.6634865
AT,AKC,urban,2023-02-18 15:00:00+00:00,1,2.13135,2.363494
AT,AKC,urban,2023-02-18 16:00:00+00:00,1,2.20655,2.4126732
AT,AKC,urban,2023-02-18 17:00:00+00:00,1,2.315199,2.506213
AT,AKC,urban,2023-02-18 18:00:00+00:00,1,2.38645,2.5442324
AT,AKC,urban,2023-02-18 19:00:00+00:00,1,2.122999,2.5357134
AT,AKC,urban,2023-02-18 20:00:00+00:00,1,1.65425,2.2613478
AT,AKC,urban,2023-02-18 21:00:00+00:00,1,1.5645,2.1313527
AT,AKC,urban,2023-02-18 22:00:00+00:00,1,1.674099,1.875153
AT,AKC,urban,2023-02-18 23:00:00+00:00,1,1.88555,1.6860982
AT,AKC,urban,2023-02-19 00:00:00+00:00,1,1.94525,1.8704531
AT,AKC,urban,2023-02-19 01:00:00+00:00,1,2.08505,1.9041525
AT,AKC,urban,2023-02-19 02:00:00+00:00,1,3.4098,1.9694556
AT,AKC,urban,2023-02-19 03:00:00+00:00,1,4.17525,3.0990696
AT,AKC,urban,2023-02-19 04:00:00+00:00,1,4.00675,3.8991878
AT,AKC,urban,2023-02-19 05:00:00+00:00,1,3.430799,4.0271835
AT,AKC,urban,2023-02-19 06:00:00+00:00,1,2.876049,3.5616608
AT,AKC,urban,2023-02-19 07:00:00+00:00,1,1.943249,3.1302927
AT,AKC,urban,2023-02-19 08:00:00+00:00,1,1.97025,2.4982388
AT,AKC,urban,2023-02-19 09:00:00+00:00,1,1.3698,2.099747
AT,AKC,urban,2023-02-19 10:00:00+00:00,1,1.553349,1.8192512
AT,AKC,urban,2023-02-19 11:00:00+00:00,1,1.858249,1.6471878
AT,AKC,urban,2023-02-19 12:00:00+00:00,1,1.43315,1.7186935
AT,AKC,urban,2023-02-19 13:00:00+00:00,1,1.742799,1.6644816
AT,AKC,urban,2023-02-19 14:00:00+00:00,1,1.674399,1.8735172
AT,AKC,urban,2023-02-19 15:00:00+00:00,1,1.279,1.6865907
AT,AKC,urban,2023-02-19 16:00:00+00:00,1,1.393899,1.6791435
AT,AKC,urban,2023-02-19 17:00:00+00:00,1,1.7023,1.6529977
AT,AKC,urban,2023-02-19 18:00:00+00:00,1,2.12305,1.6478128
AT,AKC,urban,2023-02-19 19:00:00+00:00,1,3.286499,1.9666938
AT,AKC,urban,2023-02-19 20:00:00+00:00,1,5.4287,3.1250079
AT,AKC,urban,2023-02-19 21:00:00+00:00,1,5.012149,4.645688
AT,AKC,urban,2023-02-19 22:00:00+00:00,1,5.01865,5.014345
AT,AKC,urban,2023-02-19 23:00:00+00:00,1,4.90655,4.9332027
AT,AKC,urban,2023-02-20 00:00:00+00:00,1,4.727449,4.8281994
AT,AKC,urban,2023-02-20 01:00:00+00:00,1,5.014649,4.700666
AT,AKC,urban,2023-02-20 02:00:00+00:00,1,5.93385,4.8811564
AT,AKC,urban,2023-02-20 03:00:00+00:00,1,7.23085,5.7491975
AT,AKC,urban,2023-02-20 04:00:00+00:00,1,7.54335,6.7684226
AT,AKC,urban,2023-02-20 05:00:00+00:00,1,7.743249,7.540817
AT,AKC,urban,2023-02-20 06:00:00+00:00,1,7.622249,8.583585
AT,AKC,urban,2023-02-20 07:00:00+00:00,1,5.937049,7.5019646
AT,AKC,urban,2023-02-20 08:00:00+00:00,1,5.90925,5.326952
AT,AKC,urban,2023-02-20 09:00:00+00:00,1,5.773599,5.624277
AT,AKC,urban,2023-02-20 10:00:00+00:00,1,5.205749,5.6439424
AT,AKC,urban,2023-02-20 11:00:00+00:00,1,4.9826,5.4291153
AT,AKC,urban,2023-02-20 12:00:00+00:00,1,4.8218,4.9884486
AT,AKC,urban,2023-02-20 13:00:00+00:00,1,4.0851,5.1037183
AT,AKC,urban,2023-02-20 14:00:00+00:00,1,3.7876,4.283429
AT,AKC,urban,2023-02-20 15:00:00+00:00,1,3.956249,4.1120625
AT,AKC,urban,2023-02-20 16:00:00+00:00,1,4.249449,3.9399118
AT,AKC,urban,2023-02-20 17:00:00+00:00,1,4.2194,4.148769
AT,AKC,urban,2023-02-20 18:00:00+00:00,1,4.030399,4.430884
AT,AKC,urban,2023-02-20 19:00:00+00:00,1,3.6402,4.2859373
AT,AKC,urban,2023-02-20 20:00:00+00:00,1,3.565549,3.862566
AT,AKC,urban,2023-02-20 21:00:00+00:00,1,3.839399,3.7417748
AT,AKC,urban,2023-02-20 22:00:00+00:00,1,3.70305,3.9903212
AT,AKC,urban,2023-02-20 23:00:00+00:00,1,3.886549,4.0143266
AT,AKC,urban,2023-02-21 00:00:00+00:00,1,4.101449,3.9712822
AT,AKC,urban,2023-02-21 01:00:00+00:00,1,4.156,4.0951543
AT,AKC,urban,2023-02-21 02:00:00+00:00,1,4.42245,4.3308544
AT,AKC,urban,2023-02-21 03:00:00+00:00,1,4.420849,4.545644
AT,AKC,urban,2023-02-21 04:00:00+00:00,1,4.956299,4.48409
AT,AKC,urban,2023-02-21 05:00:00+00:00,1,5.85045,5.0884657
AT,AKC,urban,2023-02-21 06:00:00+00:00,1,6.37015,6.09564
AT,AKC,urban,2023-02-21 07:00:00+00:00,1,6.3564,6.427305
AT,AKC,urban,2023-02-21 08:00:00+00:00,1,6.992199,6.307628
AT,AKC,urban,2023-02-21 09:00:00+00:00,1,6.8406,6.530056
AT,AKC,urban,2023-02-21 10:00:00+00:00,1,5.8331,6.649481
AT,AKC,urban,2023-02-21 11:00:00+00:00,1,5.1098,5.7910914
AT,AKC,urban,2023-02-21 12:00:00+00:00,1,3.50585,5.7443805
AT,AKC,urban,2023-02-21 13:00:00+00:00,1,3.277849,4.0412626
AT,AKC,urban,2023-02-21 14:00:00+00:00,1,3.356649,3.7745469
AT,AKC,urban,2023-02-21 15:00:00+00:00,1,3.752449,3.4432547
AT,AKC,urban,2023-02-21 16:00:00+00:00,1,4.03835,3.7986622
AT,AKC,urban,2023-02-21 17:00:00+00:00,1,4.30235,4.1719227
AT,AKC,urban,2023-02-21 18:00:00+00:00,1,4.500149,4.4642253
AT,AKC,urban,2023-02-21 19:00:00+00:00,1,4.39805,4.635725
AT,AKC,urban,2023-02-21 20:00:00+00:00,1,3.959499,4.382696
AT,AKC,urban,2023-02-21 21:00:00+00:00,1,3.52145,4.081673
AT,AKC,urban,2023-02-21 22:00:00+00:00,1,3.811199,3.533447
AT,AKC,urban,2023-02-21 23:00:00+00:00,1,3.665999,3.7123387
AT,AKC,urban,2023-02-22 00:00:00+00:00,1,3.564549,3.5923934
AT,AKC,urban,2023-02-22 01:00:00+00:00,1,3.50505,3.6125793
AT,AKC,urban,2023-02-22 02:00:00+00:00,1,3.968699,3.4557548
AT,AKC,urban,2023-02-22 03:00:00+00:00,1,4.37905,3.9737725
AT,AKC,urban,2023-02-22 04:00:00+00:00,1,4.89245,4.408864
AT,AKC,urban,2023-02-22 05:00:00+00:00,1,6.5401,5.1810493
AT,AKC,urban,2023-02-22 06:00:00+00:00,1,7.243949,7.799024
AT,AKC,urban,2023-02-22 07:00:00+00:00,1,7.0,7.7565103
AT,AKC,urban,2023-02-22 08:00:00+00:00,1,9.699649,7.0282707
AT,AKC,urban,2023-02-22 09:00:00+00:00,1,8.5226,8.536496
AT,AKC,urban,2023-02-22 10:00:00+00:00,1,6.2782,8.015301
AT,AKC,urban,2023-02-22 11:00:00+00:00,1,6.80445,5.94011
AT,AKC,urban,2023-02-22 12:00:00+00:00,1,5.898699,6.575422
AT,AKC,urban,2023-02-22 13:00:00+00:00,1,4.308899,6.026737
AT,AKC,urban,2023-02-22 14:00:00+00:00,1,5.0654,4.5991955
AT,AKC,urban,2023-02-22 15:00:00+00:00,1,6.410449,5.0427585
AT,AKC,urban,2023-02-22 16:00:00+00:00,1,8.20825,6.5989637
AT,AKC,urban,2023-02-22 17:00:00+00:00,1,10.463,8.432515
AT,AKC,urban,2023-02-22 18:00:00+00:00,1,15.246,10.8772955
AT,AKC,urban,2023-02-22 19:00:00+00:00,1,15.2485,15.911627
AT,AKC,urban,2023-02-22 20:00:00+00:00,1,16.26,15.36581
AT,AKC,urban,2023-02-22 21:00:00+00:00,1,15.3065,15.910258
AT,AKC,urban,2023-02-22 22:00:00+00:00,1,15.609,15.271328
AT,AKC,urban,2023-02-22 23:00:00+00:00,1,15.976,15.199326
AT,AKC,urban,2023-02-23 00:00:00+00:00,1,17.115,15.898289
AT,AKC,urban,2023-02-23 01:00:00+00:00,1,17.23,17.182285
AT,AKC,urban,2023-02-23 02:00:00+00:00,1,17.2755,16.979155
AT,AKC,urban,2023-02-23 03:00:00+00:00,1,17.591,17.15072
AT,AKC,urban,2023-02-23 04:00:00+00:00,1,16.532,17.622677
AT,AKC,urban,2023-02-23 05:00:00+00:00,1,19.3485,17.182308
AT,AKC,urban,2023-02-23 06:00:00+00:00,1,20.3655,20.024868
AT,AKC,urban,2023-02-23 07:00:00+00:00,1,20.7235,21.127419
AT,AKC,urban,2023-02-23 08:00:00+00:00,1,20.064,20.857422
AT,AKC,urban,2023-02-23 09:00:00+00:00,1,21.562,19.4813
AT,AKC,urban,2023-02-23 10:00:00+00:00,1,23.6485,19.721624
AT,AKC,urban,2023-02-23 11:00:00+00:00,1,24.8855,22.441483
AT,AKC,urban,2023-02-23 12:00:00+00:00,1,24.411,23.627193
AT,AKC,urban,2023-02-23 13:00:00+00:00,1,21.02,23.67857
AT,AKC,urban,2023-02-23 14:00:00+00:00,1,18.8915,20.043041
AT,AKC,urban,2023-02-23 15:00:00+00:00,1,20.485,20.282087
AT,AKC,urban,2023-02-23 16:00:00+00:00,1,21.6595,20.118504
AT,AKC,urban,2023-02-23 17:00:00+00:00,1,21.7525,22.239525
AT,AKC,urban,2023-02-23 18:00:00+00:00,1,21.7245,21.929403
AT,AKC,urban,2023-02-23 19:00:00+00:00,1,22.3235,21.902048
AT,AKC,urban,2023-02-23 20:00:00+00:00,1,22.5875,22.38649
AT,AKC,urban,2023-02-23 21:00:00+00:00,1,23.0875,22.656471
AT,AKC,urban,2023-02-23 22:00:00+00:00,1,24.5545,22.463938
AT,AKC,urban,2023-02-23 23:00:00+00:00,1,25.541,23.105448
AT,AKC,urban,2023-02-24 00:00:00+00:00,1,25.8795,24.455648
AT,AKC,urban,2023-02-24 01:00:00+00:00,1,25.3045,25.077517
AT,AKC,urban,2023-02-24 02:00:00+00:00,1,25.477,24.70082
AT,AKC,urban,2023-02-24 03:00:00+00:00,1,31.253,24.339573
AT,AKC,urban,2023-02-24 04:00:00+00:00,1,31.227,30.163061
AT,AKC,urban,2023-02-24 05:00:00+00:00,1,30.4205,30.761368
AT,AKC,urban,2023-02-24 06:00:00+00:00,1,28.1955,31.399782
AT,AKC,urban,2023-02-24 07:00:00+00:00,1,27.3015,30.13449
AT,AKC,urban,2023-02-24 08:00:00+00:00,1,19.864,28.253704
AT,AKC,urban,2023-02-24 09:00:00+00:00,1,11.887,18.072824
AT,AKC,urban,2023-02-24 10:00:00+00:00,1,14.398,10.867892
AT,AKC,urban,2023-02-24 11:00:00+00:00,1,11.541,13.508858
AT,AKC,urban,2023-02-24 12:00:00+00:00,1,7.7017,12.393396
AT,AKC,urban,2023-02-24 13:00:00+00:00,1,8.32925,8.273484
AT,AKC,urban,2023-02-24 14:00:00+00:00,1,9.51805,8.140232
AT,AKC,urban,2023-02-24 15:00:00+00:00,1,9.787,9.596068
AT,AKC,urban,2023-02-24 16:00:00+00:00,1,11.0775,10.520307
AT,AKC,urban,2023-02-24 17:00:00+00:00,1,13.577,11.758748
AT,AKC,urban,2023-02-24 18:00:00+00:00,1,14.8975,15.079923
AT,AKC,urban,2023-02-24 19:00:00+00:00,1,11.12495,15.179051
AT,AKC,urban,2023-02-24 20:00:00+00:00,1,8.025699,11.14056
AT,AKC,urban,2023-02-24 21:00:00+00:00,1,8.81595,6.9091396
AT,AKC,urban,2023-02-24 22:00:00+00:00,1,6.932749,8.047356
AT,AKC,urban,2023-02-24 23:00:00+00:00,1,4.259949,7.151602
AT,AKC,urban,2023-02-25 00:00:00+00:00,1,3.117449,4.181156
AT,AKC,urban,2023-02-25 01:00:00+00:00,1,2.50005,3.2954893
AT,AKC,urban,2023-02-25 02:00:00+00:00,1,1.6528,2.6250386
AT,AKC,urban,2023-02-25 03:00:00+00:00,1,1.201699,2.2889447
AT,AKC,urban,2023-02-25 04:00:00+00:00,1,1.175999,1.945233
AT,AKC,urban,2023-02-25 05:00:00+00:00,1,1.212899,1.7402092
AT,AKC,urban,2023-02-25 06:00:00+00:00,1,1.3666,1.5739688
AT,AKC,urban,2023-02-25 07:00:00+00:00,1,2.17385,1.663769
AT,AKC,urban,2023-02-25 08:00:00+00:00,1,2.979899,1.9559797
AT,AKC,urban,2023-02-25 09:00:00+00:00,1,3.291549,2.7380352
AT,AKC,urban,2023-02-25 10:00:00+00:00,1,2.815299,3.2841847
AT,AKC,urban,2023-02-25 11:00:00+00:00,1,2.899399,3.127375
AT,AKC,urban,2023-02-25 12:00:00+00:00,1,2.53275,3.0706882
AT,AKC,urban,2023-02-25 13:00:00+00:00,1,2.607049,2.7960093
AT,AKC,urban,2023-02-25 14:00:00+00:00,1,2.98215,2.7932103
AT,AKC,urban,2023-02-25 15:00:00+00:00,1,2.0015,2.8293514
AT,AKC,urban,2023-02-25 16:00:00+00:00,1,3.1198,2.4617932
AT,AKC,urban,2023-02-25 17:00:00+00:00,1,1.76745,2.9820936
AT,AKC,urban,2023-02-25 18:00:00+00:00,1,2.134599,2.3190515
AT,AKC,urban,2023-02-25 19:00:00+00:00,1,2.797299,2.4368856
AT,AKC,urban,2023-02-25 20:00:00+00:00,1,3.3467,2.5942025
AT,AKC,urban,2023-02-25 21:00:00+00:00,1,3.958749,3.3256629
AT,AKC,urban,2023-02-25 22:00:00+00:00,1,3.985499,3.8180423
AT,AKC,urban,2023-02-25 23:00:00+00:00,1,4.239749,3.9310484
AT,AKC,urban,2023-02-26 00:00:00+00:00,1,4.25335,4.103266
AT,AKC,urban,2023-02-26 01:00:00+00:00,1,3.555649,4.193488
AT,AKC,urban,2023-02-26 02:00:00+00:00,1,3.587949,3.7809753
AT,AKC,urban,2023-02-26 03:00:00+00:00,1,4.2908,3.604125
AT,AKC,urban,2023-02-26 04:00:00+00:00,1,5.283599,4.083122
AT,AKC,urban,2023-02-26 05:00:00+00:00,1,5.777699,5.1517158
AT,AKC,urban,2023-02-26 06:00:00+00:00,1,5.82165,5.7718906
AT,AKC,urban,2023-02-26 07:00:00+00:00,1,4.866099,5.608535
AT,AKC,urban,2023-02-26 08:00:00+00:00,1,3.402849,5.0391636
AT,AKC,urban,2023-02-26 09:00:00+00:00,1,3.270649,3.9863503
AT,AKC,urban,2023-02-26 10:00:00+00:00,1,3.421549,3.372433
AT,AKC,urban,2023-02-26 11:00:00+00:00,1,3.1518,3.4013498
AT,AKC,urban,2023-02-26 12:00:00+00:00,1,3.34415,3.265391
AT,AKC,urban,2023-02-26 13:00:00+00:00,1,3.4924,3.3164647
AT,AKC,urban,2023-02-26 14:00:00+00:00,1,3.325699,3.5665562
AT,AKC,urban,2023-02-26 15:00:00+00:00,1,3.812449,3.5241165
AT,AKC,urban,2023-02-26 16:00:00+00:00,1,4.637149,3.7362978
AT,AKC,urban,2023-02-26 17:00:00+00:00,1,5.825349,4.649689
AT,AKC,urban,2023-02-26 18:00:00+00:00,1,5.224499,5.774286
AT,AKC,urban,2023-02-26 19:00:00+00:00,1,5.0604,5.382871
AT,AKC,urban,2023-02-26 20:00:00+00:00,1,5.606349,5.1928554
AT,AKC,urban,2023-02-26 21:00:00+00:00,1,5.9785,5.394513
AT,AKC,urban,2023-02-26 22:00:00+00:00,1,6.520949,5.7993946
AT,AKC,urban,2023-02-26 23:00:00+00:00,1,6.603449,6.3468637
AT,AKC,urban,2023-02-27 00:00:00+00:00,1,5.653399,6.4282265
AT,AKC,urban,2023-02-27 01:00:00+00:00,1,5.272449,5.7375407
AT,AKC,urban,2023-02-27 02:00:00+00:00,1,5.30945,5.197465
AT,AKC,urban,2023-02-27 03:00:00+00:00,1,5.117599,5.4274497
AT,AKC,urban,2023-02-27 04:00:00+00:00,1,5.130249,5.275529
AT,AKC,urban,2023-02-27 05:00:00+00:00,1,5.962049,5.5440474
AT,AKC,urban,2023-02-27 06:00:00+00:00,1,6.3983,5.943726
AT,AKC,urban,2023-02-27 07:00:00+00:00,1,5.859149,6.337803
AT,AKC,urban,2023-02-27 08:00:00+00:00,1,5.1911,6.2456913
AT,AKC,urban,2023-02-27 09:00:00+00:00,1,5.7627,5.200218
AT,AKC,urban,2023-02-27 10:00:00+00:00,1,6.039199,5.71473
AT,AKC,urban,2023-02-27 11:00:00+00:00,1,6.61435,5.719432
AT,AKC,urban,2023-02-27 12:00:00+00:00,1,6.5773,6.26755
AT,AKC,urban,2023-02-27 13:00:00+00:00,1,6.193099,6.6237407
AT,AKC,urban,2023-02-27 14:00:00+00:00,1,6.1448,6.364073
AT,AKC,urban,2023-02-27 15:00:00+00:00,1,6.385299,6.359782
AT,AKC,urban,2023-02-27 16:00:00+00:00,1,8.45265,6.8150916
AT,AKC,urban,2023-02-27 17:00:00+00:00,1,11.0485,8.692551
AT,AKC,urban,2023-02-27 18:00:00+00:00,1,10.7605,10.877297
AT,AKC,urban,2023-02-27 19:00:00+00:00,1,10.538,10.298896
AT,AKC,urban,2023-02-27 20:00:00+00:00,1,11.2635,10.366181
AT,AKC,urban,2023-02-27 21:00:00+00:00,1,12.534,11.182016
AT,AKC,urban,2023-02-27 22:00:00+00:00,1,12.6505,12.495296
AT,AKC,urban,2023-02-27 23:00:00+00:00,1,13.2145,12.506616
AT,AKC,urban,2023-02-28 00:00:00+00:00,1,14.069,12.736341
AT,AKC,urban,2023-02-28 01:00:00+00:00,1,14.6095,13.509738
AT,AKC,urban,2023-02-28 02:00:00+00:00,1,15.182,14.270846
AT,AKC,urban,2023-02-28 03:00:00+00:00,1,15.4165,14.936862
AT,AKC,urban,2023-02-28 04:00:00+00:00,1,16.8405,15.812279
AT,AKC,urban,2023-02-28 05:00:00+00:00,1,17.918,17.033081
AT,AKC,urban,2023-02-28 06:00:00+00:00,1,19.463,18.59008
AT,AKC,urban,2023-02-28 07:00:00+00:00,1,21.0045,19.666204
AT,AKC,urban,2023-02-28 08:00:00+00:00,1,19.4515,20.967041
AT,AKC,urban,2023-02-28 09:00:00+00:00,1,19.6195,19.573708
AT,AKC,urban,2023-02-28 10:00:00+00:00,1,19.613,18.599764
AT,AKC,urban,2023-02-28 11:00:00+00:00,1,17.1945,18.706007
AT,AKC,urban,2023-02-28 12:00:00+00:00,1,15.665,17.668386
AT,AKC,urban,2023-02-28 13:00:00+00:00,1,16.392,16.725248
AT,AKC,urban,2023-02-28 14:00:00+00:00,1,17.355,15.45026
AT,AKC,urban,2023-02-28 15:00:00+00:00,1,17.4415,17.065048
AT,AKC,urban,2023-02-28 16:00:00+00:00,1,20.1615,17.964472
AT,AKC,urban,2023-02-28 17:00:00+00:00,1,17.7555,20.492971
AT,AKC,urban,2023-02-28 18:00:00+00:00,1,19.433,17.682186
AT,AKC,urban,2023-02-28 19:00:00+00:00,1,20.54,20.152874
AT,AKC,urban,2023-02-28 20:00:00+00:00,1,23.0405,21.296595
AT,AKC,urban,2023-02-28 21:00:00+00:00,1,25.0615,23.274475
AT,AKC,urban,2023-02-28 22:00:00+00:00,1,26.062,25.114874
AT,AKC,urban,2023-02-28 23:00:00+00:00,1,27.488,25.637444
AT,AKC,urban,2023-03-01 00:00:00+00:00,1,28.5995,27.283426
AT,AKC,urban,2023-03-01 01:00:00+00:00,1,29.519,27.818975
AT,AKC,urban,2023-03-01 02:00:00+00:00,1,30.4125,28.998064
AT,AKC,urban,2023-03-01 03:00:00+00:00,1,30.507,29.631937
AT,AKC,urban,2023-03-01 04:00:00+00:00,1,30.5665,29.798134
AT,AKC,urban,2023-03-01 05:00:00+00:00,1,30.4835,29.572006
AT,AKC,urban,2023-03-01 06:00:00+00:00,1,31.432,31.102806
AT,AKC,urban,2023-03-01 07:00:00+00:00,1,31.844,31.765707
AT,AKC,urban,2023-03-01 08:00:00+00:00,1,30.0625,31.5623
AT,AKC,urban,2023-03-01 09:00:00+00:00,1,24.287,30.078331
AT,AKC,urban,2023-03-01 10:00:00+00:00,1,24.4165,21.744223
AT,AKC,urban,2023-03-01 11:00:00+00:00,1,22.4175,23.075487
AT,AKC,urban,2023-03-01 12:00:00+00:00,1,22.013,21.616375
AT,AKC,urban,2023-03-01 13:00:00+00:00,1,23.2695,21.95069
AT,AKC,urban,2023-03-01 14:00:00+00:00,1,22.9965,23.043718
AT,AKC,urban,2023-03-01 15:00:00+00:00,1,22.0695,24.11614
AT,AKC,urban,2023-03-01 16:00:00+00:00,1,24.021,24.054667
AT,AKC,urban,2023-03-01 17:00:00+00:00,1,26.863,24.684835
AT,AKC,urban,2023-03-01 18:00:00+00:00,1,28.8195,27.39444
AT,AKC,urban,2023-03-01 19:00:00+00:00,1,27.265,29.86674
AT,AKC,urban,2023-03-01 20:00:00+00:00,1,29.798,26.196379
AT,AKC,urban,2023-03-01 21:00:00+00:00,1,33.582,28.546154
AT,AKC,urban,2023-03-01 22:00:00+00:00,1,37.0725,32.779995
AT,AKC,urban,2023-03-01 23:00:00+00:00,1,38.9195,36.985615
AT,AKC,urban,2023-03-02 00:00:00+00:00,1,40.858,37.369522
AT,AKC,urban,2023-03-02 01:00:00+00:00,1,39.378,39.384808
AT,AKC,urban,2023-03-02 02:00:00+00:00,1,38.2775,37.979458
AT,AKC,urban,2023-03-02 03:00:00+00:00,1,38.418,38.628475
AT,AKC,urban,2023-03-02 04:00:00+00:00,1,38.4625,37.73358
AT,AKC,urban,2023-03-02 05:00:00+00:00,1,39.555,38.659855
AT,AKC,urban,2023-03-02 06:00:00+00:00,1,38.3725,39.844986
AT,AKC,urban,2023-03-02 07:00:00+00:00,1,40.271,38.047443
AT,AKC,urban,2023-03-02 08:00:00+00:00,1,40.64,38.380314
AT,AKC,urban,2023-03-02 09:00:00+00:00,1,38.833,40.746643
AT,AKC,urban,2023-03-02 10:00:00+00:00,1,34.778,40.179283
AT,AKC,urban,2023-03-02 11:00:00+00:00,1,25.807,34.35957
AT,AKC,urban,2023-03-02 12:00:00+00:00,1,23.5215,23.786127
AT,AKC,urban,2023-03-02 13:00:00+00:00,1,23.13,21.633408
AT,AKC,urban,2023-03-02 14:00:00+00:00,1,21.8685,22.756262
AT,AKC,urban,2023-03-02 15:00:00+00:00,1,20.476,23.739109
AT,AKC,urban,2023-03-02 16:00:00+00:00,1,21.0675,22.540993
AT,AKC,urban,2023-03-02 17:00:00+00:00,1,20.556,23.09358
AT,AKC,urban,2023-03-02 18:00:00+00:00,1,27.369,22.522007
AT,AKC,urban,2023-03-02 19:00:00+00:00,1,23.7595,28.774364
AT,AKC,urban,2023-03-02 20:00:00+00:00,1,26.7695,25.077375
AT,AKC,urban,2023-03-02 21:00:00+00:00,1,22.5355,25.75913
AT,AKC,urban,2023-03-02 22:00:00+00:00,1,21.967,23.190056
AT,AKC,urban,2023-03-02 23:00:00+00:00,1,20.72,22.287706
AT,AKC,urban,2023-03-03 00:00:00+00:00,1,20.0765,21.26135
AT,AKC,urban,2023-03-03 01:00:00+00:00,1,22.793,20.88365
AT,AKC,urban,2023-03-03 02:00:00+00:00,1,27.1455,22.988827
AT,AKC,urban,2023-03-03 03:00:00+00:00,1,32.1075,27.662968
AT,AKC,urban,2023-03-03 04:00:00+00:00,1,32.3175,32.634293
AT,AKC,urban,2023-03-03 05:00:00+00:00,1,35.9975,34.613434
AT,AKC,urban,2023-03-03 06:00:00+00:00,1,41.931,35.978264
AT,AKC,urban,2023-03-03 07:00:00+00:00,1,37.486,38.149384
AT,AKC,urban,2023-03-03 08:00:00+00:00,1,36.177,34.9888
AT,AKC,urban,2023-03-03 09:00:00+00:00,1,33.8385,33.875416
AT,AKC,urban,2023-03-03 10:00:00+00:00,1,29.032,32.255035
AT,AKC,urban,2023-03-03 11:00:00+00:00,1,28.5285,26.482508
AT,AKC,urban,2023-03-03 12:00:00+00:00,1,27.756,27.001236
AT,AKC,urban,2023-03-03 13:00:00+00:00,1,24.4805,27.781475
AT,AKC,urban,2023-03-03 14:00:00+00:00,1,18.873,22.867691
AT,AKC,urban,2023-03-03 15:00:00+00:00,1,21.161,17.797396
AT,AKC,urban,2023-03-03 16:00:00+00:00,1,21.771,20.945593
AT,AKC,urban,2023-03-03 17:00:00+00:00,1,21.57,22.543978
AT,AKC,urban,2023-03-03 18:00:00+00:00,1,26.805,22.171307
AT,AKC,urban,2023-03-03 19:00:00+00:00,1,26.211,26.710102
AT,AKC,urban,2023-03-03 20:00:00+00:00,1,25.605,25.269022
AT,AKC,urban,2023-03-03 21:00:00+00:00,1,24.8345,25.232296
AT,AKC,urban,2023-03-03 22:00:00+00:00,1,26.6875,24.44949
AT,AKC,urban,2023-03-03 23:00:00+00:00,1,26.1155,26.284386
AT,AKC,urban,2023-03-04 00:00:00+00:00,1,19.8925,25.636847
AT,AKC,urban,2023-03-04 01:00:00+00:00,1,17.2045,19.070059
AT,AKC,urban,2023-03-04 02:00:00+00:00,1,23.849,16.2141
AT,AKC,urban,2023-03-04 03:00:00+00:00,1,37.4575,23.366388
AT,AKC,urban,2023-03-04 04:00:00+00:00,1,35.3915,36.88933
AT,AKC,urban,2023-03-04 05:00:00+00:00,1,35.2055,33.514694
AT,AKC,urban,2023-03-04 06:00:00+00:00,1,35.8105,36.586624
AT,AKC,urban,2023-03-04 07:00:00+00:00,1,34.9475,35.4143
AT,AKC,urban,2023-03-04 08:00:00+00:00,1,22.587,35.14387
AT,AKC,urban,2023-03-04 09:00:00+00:00,1,15.5495,19.922829
AT,AKC,urban,2023-03-04 10:00:00+00:00,1,15.475,16.48716
AT,AKC,urban,2023-03-04 11:00:00+00:00,1,14.216,12.388471
AT,AKC,urban,2023-03-04 12:00:00+00:00,1,16.2775,13.80017
AT,AKC,urban,2023-03-04 13:00:00+00:00,1,17.03,15.387953
AT,AKC,urban,2023-03-04 14:00:00+00:00,1,19.8865,15.311291
AT,AKC,urban,2023-03-04 15:00:00+00:00,1,19.4085,17.444542
AT,AKC,urban,2023-03-04 16:00:00+00:00,1,18.1635,18.751413
AT,AKC,urban,2023-03-04 17:00:00+00:00,1,14.7455,18.68649
AT,AKC,urban,2023-03-04 18:00:00+00:00,1,13.914,14.388799
AT,AKC,urban,2023-03-04 19:00:00+00:00,1,12.068,14.143566
AT,AKC,urban,2023-03-04 20:00:00+00:00,1,13.364,12.220235
AT,AKC,urban,2023-03-04 21:00:00+00:00,1,15.0915,13.274189
AT,AKC,urban,2023-03-04 22:00:00+00:00,1,16.119,14.612167
AT,AKC,urban,2023-03-04 23:00:00+00:00,1,16.236,15.961109
AT,AKC,urban,2023-03-05 00:00:00+00:00,1,15.1615,16.125841
AT,AKC,urban,2023-03-05 01:00:00+00:00,1,15.1205,15.027398
AT,AKC,urban,2023-03-05 02:00:00+00:00,1,15.196,14.898897
AT,AKC,urban,2023-03-05 03:00:00+00:00,1,14.9545,14.928032
AT,AKC,urban,2023-03-05 04:00:00+00:00,1,15.0535,14.935225
AT,AKC,urban,2023-03-05 05:00:00+00:00,1,14.232,14.879754
AT,AKC,urban,2023-03-05 06:00:00+00:00,1,16.1365,13.728383
AT,AKC,urban,2023-03-05 07:00:00+00:00,1,16.4895,15.467764
AT,AKC,urban,2023-03-05 08:00:00+00:00,1,16.67,15.834222
AT,AKC,urban,2023-03-05 09:00:00+00:00,1,15.6915,15.9996805
AT,AKC,urban,2023-03-05 10:00:00+00:00,1,15.806,14.830606
AT,AKC,urban,2023-03-05 11:00:00+00:00,1,14.967,15.34059
AT,AKC,urban,2023-03-05 12:00:00+00:00,1,7.20655,14.308819
AT,AKC,urban,2023-03-05 13:00:00+00:00,1,6.267799,6.2992144
AT,AKC,urban,2023-03-05 14:00:00+00:00,1,6.499599,5.5647526
AT,AKC,urban,2023-03-05 15:00:00+00:00,1,6.649899,6.4520264
AT,AKC,urban,2023-03-05 16:00:00+00:00,1,6.54135,7.212962
AT,AKC,urban,2023-03-05 17:00:00+00:00,1,6.602999,6.884806
AT,AKC,urban,2023-03-05 18:00:00+00:00,1,7.215849,6.8170586
AT,AKC,urban,2023-03-05 19:00:00+00:00,1,7.3928,7.5509005
AT,AKC,urban,2023-03-05 20:00:00+00:00,1,7.830149,7.609899
AT,AKC,urban,2023-03-05 21:00:00+00:00,1,9.726949,7.940148
AT,AKC,urban,2023-03-05 22:00:00+00:00,1,11.132,9.741418
AT,AKC,urban,2023-03-05 23:00:00+00:00,1,8.545598,10.958522
AT,AKC,urban,2023-03-06 00:00:00+00:00,1,6.465049,8.429376
AT,AKC,urban,2023-03-06 01:00:00+00:00,1,5.277199,6.241627
AT,AKC,urban,2023-03-06 02:00:00+00:00,1,5.028349,5.358106
AT,AKC,urban,2023-03-06 03:00:00+00:00,1,5.318049,5.2479043
AT,AKC,urban,2023-03-06 04:00:00+00:00,1,7.400699,5.6303825
AT,AKC,urban,2023-03-06 05:00:00+00:00,1,9.9348,7.7944207
AT,AKC,urban,2023-03-06 06:00:00+00:00,1,13.182,11.294843
AT,AKC,urban,2023-03-06 07:00:00+00:00,1,14.0675,13.496702
AT,AKC,urban,2023-03-06 08:00:00+00:00,1,14.195,12.458792
AT,AKC,urban,2023-03-06 09:00:00+00:00,1,14.477,13.3975525
AT,AKC,urban,2023-03-06 10:00:00+00:00,1,14.153,13.55987
AT,AKC,urban,2023-03-06 11:00:00+00:00,1,15.156,13.464656
AT,AKC,urban,2023-03-06 12:00:00+00:00,1,14.2755,14.036939
AT,AKC,urban,2023-03-06 13:00:00+00:00,1,14.3585,13.860787
AT,AKC,urban,2023-03-06 14:00:00+00:00,1,12.9085,13.596715
AT,AKC,urban,2023-03-06 15:00:00+00:00,1,13.389,13.5756035
AT,AKC,urban,2023-03-06 16:00:00+00:00,1,14.8365,12.462274
AT,AKC,urban,2023-03-06 17:00:00+00:00,1,15.991,14.867756
AT,AKC,urban,2023-03-06 18:00:00+00:00,1,16.084,16.289312
AT,AKC,urban,2023-03-06 19:00:00+00:00,1,14.842,15.9584875
AT,AKC,urban,2023-03-06 20:00:00+00:00,1,14.0075,14.184697
AT,AKC,urban,2023-03-06 21:00:00+00:00,1,14.955,13.347069
AT,AKC,urban,2023-03-06 22:00:00+00:00,1,15.2545,14.765855
AT,AKC,urban,2023-03-06 23:00:00+00:00,1,16.339,15.165238
AT,AKC,urban,2023-03-07 00:00:00+00:00,1,17.215,16.33972
AT,AKC,urban,2023-03-07 01:00:00+00:00,1,17.182,17.372438
AT,AKC,urban,2023-03-07 02:00:00+00:00,1,16.338,16.800722
AT,AKC,urban,2023-03-07 03:00:00+00:00,1,16.8535,16.398035
AT,AKC,urban,2023-03-07 04:00:00+00:00,1,15.593,16.80443
AT,AKC,urban,2023-03-07 05:00:00+00:00,1,16.114,16.857157
AT,AKC,urban,2023-03-07 06:00:00+00:00,1,16.4095,17.418653
AT,AKC,urban,2023-03-07 07:00:00+00:00,1,19.033,17.48103
AT,AKC,urban,2023-03-07 08:00:00+00:00,1,17.066,17.377499
AT,AKC,urban,2023-03-07 09:00:00+00:00,1,14.558,16.336386
AT,AKC,urban,2023-03-07 10:00:00+00:00,1,16.0005,14.158489
AT,AKC,urban,2023-03-07 11:00:00+00:00,1,14.4985,14.68499
AT,AKC,urban,2023-03-07 12:00:00+00:00,1,12.4115,14.610762
AT,AKC,urban,2023-03-07 13:00:00+00:00,1,10.37175,13.038103
AT,AKC,urban,2023-03-07 14:00:00+00:00,1,9.979999,11.420226
AT,AKC,urban,2023-03-07 15:00:00+00:00,1,12.3005,10.000043
AT,AKC,urban,2023-03-07 16:00:00+00:00,1,15.7495,11.423262
AT,AKC,urban,2023-03-07 17:00:00+00:00,1,17.411,14.908348
AT,AKC,urban,2023-03-07 18:00:00+00:00,1,18.23,17.835146
AT,AKC,urban,2023-03-07 19:00:00+00:00,1,20.298,18.792753
AT,AKC,urban,2023-03-07 20:00:00+00:00,1,23.752,21.13794
AT,AKC,urban,2023-03-07 21:00:00+00:00,1,24.7245,23.63718
AT,AKC,urban,2023-03-07 22:00:00+00:00,1,18.267,23.433233
AT,AKC,urban,2023-03-07 23:00:00+00:00,1,16.3875,15.592214
AT,AKC,urban,2023-03-08 00:00:00+00:00,1,11.9335,18.734854
AT,AKC,urban,2023-03-08 01:00:00+00:00,1,11.78,12.904051
AT,AKC,urban,2023-03-08 02:00:00+00:00,1,12.642,11.262207
AT,AKC,urban,2023-03-08 03:00:00+00:00,1,12.0315,12.361283
AT,AKC,urban,2023-03-08 04:00:00+00:00,1,13.1305,11.155661
AT,AKC,urban,2023-03-08 05:00:00+00:00,1,13.6995,12.75139
AT,AKC,urban,2023-03-08 06:00:00+00:00,1,11.948,13.8897
AT,AKC,urban,2023-03-08 07:00:00+00:00,1,8.958499,12.950356
AT,AKC,urban,2023-03-08 08:00:00+00:00,1,8.930049,8.869806
AT,AKC,urban,2023-03-08 09:00:00+00:00,1,10.78,9.531558
AT,AKC,urban,2023-03-08 10:00:00+00:00,1,16.8315,10.326557
AT,AKC,urban,2023-03-08 11:00:00+00:00,1,17.633,15.743546
AT,AKC,urban,2023-03-08 12:00:00+00:00,1,18.5575,15.366942
AT,AKC,urban,2023-03-08 13:00:00+00:00,1,17.1815,17.637127
AT,AKC,urban,2023-03-08 14:00:00+00:00,1,17.5905,17.529158
AT,AKC,urban,2023-03-08 15:00:00+00:00,1,19.1365,18.43308
AT,AKC,urban,2023-03-08 16:00:00+00:00,1,20.804,19.645233
AT,AKC,urban,2023-03-08 17:00:00+00:00,1,24.521,20.948925
AT,AKC,urban,2023-03-08 18:00:00+00:00,1,22.5455,25.319756
AT,AKC,urban,2023-03-08 19:00:00+00:00,1,19.386,22.559055
AT,AKC,urban,2023-03-08 20:00:00+00:00,1,20.996,19.070858
AT,AKC,urban,2023-03-08 21:00:00+00:00,1,19.69,20.891603
AT,AKC,urban,2023-03-08 22:00:00+00:00,1,14.2655,19.907984
AT,AKC,urban,2023-03-08 23:00:00+00:00,1,6.968999,13.079621
AT,AKC,urban,2023-03-09 00:00:00+00:00,1,8.1877,5.895666
AT,AKC,urban,2023-03-09 01:00:00+00:00,1,8.63175,7.34053
AT,AKC,urban,2023-03-09 02:00:00+00:00,1,8.79725,8.945726
AT,AKC,urban,2023-03-09 03:00:00+00:00,1,9.95585,9.187525
AT,AKC,urban,2023-03-09 04:00:00+00:00,1,10.11,10.62001
AT,AKC,urban,2023-03-09 05:00:00+00:00,1,4.43445,12.54568
AT,AKC,urban,2023-03-09 06:00:00+00:00,1,3.8366,7.0592895
AT,AKC,urban,2023-03-09 07:00:00+00:00,1,8.369899,6.725331
AT,AKC,urban,2023-03-09 08:00:00+00:00,1,11.2852,8.34423
AT,AKC,urban,2023-03-09 09:00:00+00:00,1,7.919899,9.439307
AT,AKC,urban,2023-03-09 10:00:00+00:00,1,4.1655,9.020673
AT,AKC,urban,2023-03-09 11:00:00+00:00,1,3.34605,5.7901626
AT,AKC,urban,2023-03-09 12:00:00+00:00,1,3.0394,4.102702
AT,AKC,urban,2023-03-09 13:00:00+00:00,1,2.560349,4.095264
AT,AKC,urban,2023-03-09 14:00:00+00:00,1,2.434949,3.2656353
AT,AKC,urban,2023-03-09 15:00:00+00:00,1,2.1388,3.1101682
AT,AKC,urban,2023-03-09 16:00:00+00:00,1,2.80765,2.7241282
AT,AKC,urban,2023-03-09 17:00:00+00:00,1,5.629449,2.9945815
AT,AKC,urban,2023-03-09 18:00:00+00:00,1,8.88735,5.8032374
AT,AKC,urban,2023-03-09 19:00:00+00:00,1,11.546,10.234892
AT,AKC,urban,2023-03-09 20:00:00+00:00,1,11.8785,11.359064
AT,AKC,urban,2023-03-09 21:00:00+00:00,1,9.735199,11.493817
AT,AKC,urban,2023-03-09 22:00:00+00:00,1,6.614999,9.533283
AT,AKC,urban,2023-03-09 23:00:00+00:00,1,7.91335,6.3427515
AT,AKC,urban,2023-03-10 00:00:00+00:00,1,6.977299,7.848165
AT,AKC,urban,2023-03-10 01:00:00+00:00,1,6.316599,7.561236
AT,AKC,urban,2023-03-10 02:00:00+00:00,1,6.363249,6.7045574
AT,AKC,urban,2023-03-10 03:00:00+00:00,1,6.30625,6.915301
AT,AKC,urban,2023-03-10 04:00:00+00:00,1,8.321949,7.079377
AT,AKC,urban,2023-03-10 05:00:00+00:00,1,10.418,9.056993
AT,AKC,urban,2023-03-10 06:00:00+00:00,1,9.86625,11.537084
AT,AKC,urban,2023-03-10 07:00:00+00:00,1,12.491,9.840982
AT,AKC,urban,2023-03-10 08:00:00+00:00,1,14.5525,10.876931
AT,AKC,urban,2023-03-10 09:00:00+00:00,1,14.5375,13.230088
AT,AKC,urban,2023-03-10 10:00:00+00:00,1,6.373549,12.869143
AT,AKC,urban,2023-03-10 11:00:00+00:00,1,4.423299,5.045353
AT,AKC,urban,2023-03-10 12:00:00+00:00,1,4.38485,5.213753
AT,AKC,urban,2023-03-10 13:00:00+00:00,1,3.998449,4.6548204
AT,AKC,urban,2023-03-10 14:00:00+00:00,1,3.409399,4.5812616
AT,AKC,urban,2023-03-10 15:00:00+00:00,1,3.001199,4.4234633
AT,AKC,urban,2023-03-10 16:00:00+00:00,1,3.7868,3.804812
AT,AKC,urban,2023-03-10 17:00:00+00:00,1,2.92985,3.8453104
AT,AKC,urban,2023-03-10 18:00:00+00:00,1,2.82655,3.6184716
AT,AKC,urban,2023-03-10 19:00:00+00:00,1,1.7388,3.9951231
AT,AKC,urban,2023-03-10 20:00:00+00:00,1,1.533349,3.0704248
AT,AKC,urban,2023-03-10 21:00:00+00:00,1,1.8664,2.0355763
AT,AKC,urban,2023-03-10 22:00:00+00:00,1,2.076799,1.9824837
AT,AKC,urban,2023-03-10 23:00:00+00:00,1,2.193599,2.1124704
AT,AKC,urban,2023-03-11 00:00:00+00:00,1,2.0566,2.3720853
AT,AKC,urban,2023-03-11 01:00:00+00:00,1,2.0848,2.2791388
AT,AKC,urban,2023-03-11 02:00:00+00:00,1,2.366099,2.6086566
AT,AKC,urban,2023-03-11 03:00:00+00:00,1,1.993149,2.4297707
AT,AKC,urban,2023-03-11 04:00:00+00:00,1,1.777149,2.3181984
AT,AKC,urban,2023-03-11 05:00:00+00:00,1,2.2049,2.3248208
AT,AKC,urban,2023-03-11 06:00:00+00:00,1,2.412799,2.4282446
AT,AKC,urban,2023-03-11 07:00:00+00:00,1,2.1117,2.56662
AT,AKC,urban,2023-03-11 08:00:00+00:00,1,1.9799,2.3269598
AT,AKC,urban,2023-03-11 09:00:00+00:00,1,1.7111,2.4786847
AT,AKC,urban,2023-03-11 10:00:00+00:00,1,2.004349,2.0678551
AT,AKC,urban,2023-03-11 11:00:00+00:00,1,1.832149,1.9810195
AT,AKC,urban,2023-03-11 12:00:00+00:00,1,2.007899,1.940161
AT,AKC,urban,2023-03-11 13:00:00+00:00,1,2.085899,1.997557
AT,AKC,urban,2023-03-11 14:00:00+00:00,1,1.896849,2.0995688
AT,AKC,urban,2023-03-11 15:00:00+00:00,1,1.903149,2.1282854
AT,AKC,urban,2023-03-11 16:00:00+00:00,1,2.20015,2.0676363
AT,AKC,urban,2023-03-11 17:00:00+00:00,1,2.58825,2.3199427
AT,AKC,urban,2023-03-11 18:00:00+00:00,1,2.712249,2.4281688
AT,AKC,urban,2023-03-11 19:00:00+00:00,1,2.996449,2.6284943
AT,AKC,urban,2023-03-11 20:00:00+00:00,1,3.6356,2.9076777
AT,AKC,urban,2023-03-11 21:00:00+00:00,1,4.2128,3.389537
AT,AKC,urban,2023-03-11 22:00:00+00:00,1,4.51305,4.011707
AT,AKC,urban,2023-03-11 23:00:00+00:00,1,4.433349,4.4131813
AT,AKC,urban,2023-03-12 00:00:00+00:00,1,4.340549,4.477527
AT,AKC,urban,2023-03-12 01:00:00+00:00,1,4.563549,4.416555
AT,AKC,urban,2023-03-12 02:00:00+00:00,1,4.858799,4.566054
AT,AKC,urban,2023-03-12 03:00:00+00:00,1,5.07065,4.8387413
AT,AKC,urban,2023-03-12 04:00:00+00:00,1,4.93125,5.0839396
AT,AKC,urban,2023-03-12 05:00:00+00:00,1,4.7883,5.0545187
AT,AKC,urban,2023-03-12 06:00:00+00:00,1,3.5899,4.899054
AT,AKC,urban,2023-03-12 07:00:00+00:00,1,3.322599,4.0202622
AT,AKC,urban,2023-03-12 08:00:00+00:00,1,3.7445,3.3962455
AT,AKC,urban,2023-03-12 09:00:00+00:00,1,4.8429,3.75808
AT,AKC,urban,2023-03-12 10:00:00+00:00,1,6.496449,4.454779
AT,AKC,urban,2023-03-12 11:00:00+00:00,1,6.84395,6.0351977
AT,AKC,urban,2023-03-12 12:00:00+00:00,1,6.2856,6.378202
AT,AKC,urban,2023-03-12 13:00:00+00:00,1,6.623049,5.832162
AT,AKC,urban,2023-03-12 14:00:00+00:00,1,8.0429,6.4749546
AT,AKC,urban,2023-03-12 15:00:00+00:00,1,7.979099,7.6106305
AT,AKC,urban,2023-03-12 16:00:00+00:00,1,9.391649,7.979565
AT,AKC,urban,2023-03-12 17:00:00+00:00,1,10.169,9.26131
AT,AKC,urban,2023-03-12 18:00:00+00:00,1,8.21955,10.5286255
AT,AKC,urban,2023-03-12 19:00:00+00:00,1,8.030799,8.623571
AT,AKC,urban,2023-03-12 20:00:00+00:00,1,5.046299,8.170289
AT,AKC,urban,2023-03-12 21:00:00+00:00,1,5.436249,5.1499386
AT,AKC,urban,2023-03-12 22:00:00+00:00,1,5.03975,5.02361
AT,AKC,urban,2023-03-12 23:00:00+00:00,1,7.172049,5.2615457
AT,AKC,urban,2023-03-13 00:00:00+00:00,1,5.877799,6.9782686
AT,AKC,urban,2023-03-13 01:00:00+00:00,1,7.16965,6.3349414
AT,AKC,urban,2023-03-13 02:00:00+00:00,1,7.92315,7.1197886
AT,AKC,urban,2023-03-13 03:00:00+00:00,1,7.73025,8.294081
AT,AKC,urban,2023-03-13 04:00:00+00:00,1,6.65135,8.51908
AT,AKC,urban,2023-03-13 05:00:00+00:00,1,8.41565,8.271434
AT,AKC,urban,2023-03-13 06:00:00+00:00,1,9.906599,8.579613
AT,AKC,urban,2023-03-13 07:00:00+00:00,1,6.90015,9.295421
AT,AKC,urban,2023-03-13 08:00:00+00:00,1,8.838449,7.079688
AT,AKC,urban,2023-03-13 09:00:00+00:00,1,11.04,7.350239
AT,AKC,urban,2023-03-13 10:00:00+00:00,1,11.4095,9.785991
AT,AKC,urban,2023-03-13 11:00:00+00:00,1,8.154999,10.666107
AT,AKC,urban,2023-03-13 12:00:00+00:00,1,7.762899,8.306696
AT,AKC,urban,2023-03-13 13:00:00+00:00,1,7.07105,8.234082
AT,AKC,urban,2023-03-13 14:00:00+00:00,1,8.962049,7.669445
AT,AKC,urban,2023-03-13 15:00:00+00:00,1,9.2686,8.57451
AT,AKC,urban,2023-03-13 16:00:00+00:00,1,9.13105,9.75345
AT,AKC,urban,2023-03-13 17:00:00+00:00,1,9.1525,9.740187
AT,AKC,urban,2023-03-13 18:00:00+00:00,1,9.903049,9.2193
AT,AKC,urban,2023-03-13 19:00:00+00:00,1,9.1848,9.590682
AT,AKC,urban,2023-03-13 20:00:00+00:00,1,9.414249,9.532592
AT,AKC,urban,2023-03-13 21:00:00+00:00,1,10.216,9.4810095
AT,AKC,urban,2023-03-13 22:00:00+00:00,1,8.73565,9.914896
AT,AKC,urban,2023-03-13 23:00:00+00:00,1,7.857399,9.154756
AT,AKC,urban,2023-03-14 00:00:00+00:00,1,7.526049,8.418848
AT,AKC,urban,2023-03-14 01:00:00+00:00,1,7.812399,7.9233217
AT,AKC,urban,2023-03-14 02:00:00+00:00,1,8.116499,8.2422495
AT,AKC,urban,2023-03-14 03:00:00+00:00,1,9.600799,8.475811
AT,AKC,urban,2023-03-14 04:00:00+00:00,1,8.755199,9.687001
AT,AKC,urban,2023-03-14 05:00:00+00:00,1,11.3125,9.649518
AT,AKC,urban,2023-03-14 06:00:00+00:00,1,12.3145,12.160906
AT,AKC,urban,2023-03-14 07:00:00+00:00,1,3.0612,12.936386
AT,AKC,urban,2023-03-14 08:00:00+00:00,1,4.01265,5.586714
AT,AKC,urban,2023-03-14 09:00:00+00:00,1,8.079549,7.3339977
AT,AKC,urban,2023-03-14 10:00:00+00:00,1,3.108799,8.1109
AT,AKC,urban,2023-03-14 11:00:00+00:00,1,2.600699,5.2804112
AT,AKC,urban,2023-03-14 12:00:00+00:00,1,2.524399,3.817749
AT,AKC,urban,2023-03-14 13:00:00+00:00,1,1.911949,3.578049
AT,AKC,urban,2023-03-14 14:00:00+00:00,1,3.508949,2.5526056
AT,AKC,urban,2023-03-14 15:00:00+00:00,1,4.8736,4.356318
AT,AKC,urban,2023-03-14 16:00:00+00:00,1,6.9333,6.23568
AT,AKC,urban,2023-03-14 17:00:00+00:00,1,8.69045,8.723326
AT,AKC,urban,2023-03-14 18:00:00+00:00,1,2.2548,8.856097
AT,AKC,urban,2023-03-14 19:00:00+00:00,1,2.4282,4.3257456
AT,AKC,urban,2023-03-14 20:00:00+00:00,1,2.47615,4.034512
AT,AKC,urban,2023-03-14 21:00:00+00:00,1,2.38345,2.7891629
AT,AKC,urban,2023-03-14 22:00:00+00:00,1,2.55595,2.6524925
AT,AKC,urban,2023-03-14 23:00:00+00:00,1,2.634749,2.7959008
AT,AKC,urban,2023-03-15 00:00:00+00:00,1,2.354,2.736855
AT,AKC,urban,2023-03-15 01:00:00+00:00,1,2.7515,2.4883177
AT,AKC,urban,2023-03-15 02:00:00+00:00,1,3.967899,2.5539727
AT,AKC,urban,2023-03-15 03:00:00+00:00,1,4.0148,3.8549128
AT,AKC,urban,2023-03-15 04:00:00+00:00,1,3.9386,4.2821727
AT,AKC,urban,2023-03-15 05:00:00+00:00,1,4.025799,4.47768
AT,AKC,urban,2023-03-15 06:00:00+00:00,1,3.877349,4.510366
AT,AKC,urban,2023-03-15 07:00:00+00:00,1,4.6753,4.2177386
AT,AKC,urban,2023-03-15 08:00:00+00:00,1,4.7452,4.2735114
AT,AKC,urban,2023-03-15 09:00:00+00:00,1,4.70755,4.592278
AT,AKC,urban,2023-03-15 10:00:00+00:00,1,4.5486,4.8641753
AT,AKC,urban,2023-03-15 11:00:00+00:00,1,5.5664,4.658825
AT,AKC,urban,2023-03-15 12:00:00+00:00,1,4.420849,5.2262263
AT,AKC,urban,2023-03-15 13:00:00+00:00,1,3.843499,4.613068
AT,AKC,urban,2023-03-15 14:00:00+00:00,1,4.0904,4.437887
AT,AKC,urban,2023-03-15 15:00:00+00:00,1,3.320749,4.4039288
AT,AKC,urban,2023-03-15 16:00:00+00:00,1,4.051249,3.7990894
AT,AKC,urban,2023-03-15 17:00:00+00:00,1,4.158349,3.8987455
AT,AKC,urban,2023-03-15 18:00:00+00:00,1,4.239299,4.1887746
AT,AKC,urban,2023-03-15 19:00:00+00:00,1,4.945849,4.3519444
AT,AKC,urban,2023-03-15 20:00:00+00:00,1,5.196949,5.0069056
AT,AKC,urban,2023-03-15 21:00:00+00:00,1,4.104249,5.126843
AT,AKC,urban,2023-03-15 22:00:00+00:00,1,3.8011,4.3344827
AT,AKC,urban,2023-03-15 23:00:00+00:00,1,4.352999,3.8353302
AT,AKC,urban,2023-03-16 00:00:00+00:00,1,5.2806,4.071325
AT,AKC,urban,2023-03-16 01:00:00+00:00,1,6.734149,5.056962
AT,AKC,urban,2023-03-16 02:00:00+00:00,1,8.149399,6.517746
AT,AKC,urban,2023-03-16 03:00:00+00:00,1,8.8802,7.8331294
AT,AKC,urban,2023-03-16 04:00:00+00:00,1,9.302049,8.552811
AT,AKC,urban,2023-03-16 05:00:00+00:00,1,10.0444,9.223263
AT,AKC,urban,2023-03-16 06:00:00+00:00,1,9.251799,10.33282
AT,AKC,urban,2023-03-16 07:00:00+00:00,1,7.544549,8.680568
AT,AKC,urban,2023-03-16 08:00:00+00:00,1,5.078949,7.3182425
AT,AKC,urban,2023-03-16 09:00:00+00:00,1,5.0655,5.2035565
AT,AKC,urban,2023-03-16 10:00:00+00:00,1,6.526149,4.816672
AT,AKC,urban,2023-03-16 11:00:00+00:00,1,6.284399,6.1579795
AT,AKC,urban,2023-03-16 12:00:00+00:00,1,6.643099,6.289805
AT,AKC,urban,2023-03-16 13:00:00+00:00,1,5.943349,6.426724
AT,AKC,urban,2023-03-16 14:00:00+00:00,1,5.232199,6.1450334
AT,AKC,urban,2023-03-16 15:00:00+00:00,1,5.5071,5.5371637
AT,AKC,urban,2023-03-16 16:00:00+00:00,1,5.8736,6.046436
AT,AKC,urban,2023-03-16 17:00:00+00:00,1,8.6901,6.5310025
AT,AKC,urban,2023-03-16 18:00:00+00:00,1,10.32065,9.407188
AT,AKC,urban,2023-03-16 19:00:00+00:00,1,12.265,10.429664
AT,AKC,urban,2023-03-16 20:00:00+00:00,1,12.149,12.700255
AT,AKC,urban,2023-03-16 21:00:00+00:00,1,12.947,11.915741
AT,AKC,urban,2023-03-16 22:00:00+00:00,1,12.6575,12.53756
AT,AKC,urban,2023-03-16 23:00:00+00:00,1,10.8465,12.631725
AT,AKC,urban,2023-03-17 00:00:00+00:00,1,8.9885,10.67136
AT,AKC,urban,2023-03-17 01:00:00+00:00,1,8.579549,8.606011
AT,AKC,urban,2023-03-17 02:00:00+00:00,1,8.702199,9.224927
AT,AKC,urban,2023-03-17 03:00:00+00:00,1,9.226499,8.869687
AT,AKC,urban,2023-03-17 04:00:00+00:00,1,10.05145,9.4409
AT,AKC,urban,2023-03-17 05:00:00+00:00,1,11.5115,10.441434
AT,AKC,urban,2023-03-17 06:00:00+00:00,1,10.4661,11.840531
AT,AKC,urban,2023-03-17 07:00:00+00:00,1,9.69585,10.897638
AT,AKC,urban,2023-03-17 08:00:00+00:00,1,10.5585,9.557331
AT,AKC,urban,2023-03-17 09:00:00+00:00,1,9.988699,10.152158
AT,AKC,urban,2023-03-17 10:00:00+00:00,1,8.65095,10.279877
AT,AKC,urban,2023-03-17 11:00:00+00:00,1,7.73565,9.221272
AT,AKC,urban,2023-03-17 12:00:00+00:00,1,7.473249,7.956727
AT,AKC,urban,2023-03-17 13:00:00+00:00,1,8.189899,7.5954857
AT,AKC,urban,2023-03-17 14:00:00+00:00,1,8.127149,8.183864
AT,AKC,urban,2023-03-17 15:00:00+00:00,1,7.270999,8.374072
AT,AKC,urban,2023-03-17 16:00:00+00:00,1,7.707249,7.9216857
AT,AKC,urban,2023-03-17 17:00:00+00:00,1,8.04395,7.900547
AT,AKC,urban,2023-03-17 18:00:00+00:00,1,8.0052,8.196505
AT,AKC,urban,2023-03-17 19:00:00+00:00,1,7.653699,8.446698
AT,AKC,urban,2023-03-17 20:00:00+00:00,1,7.260299,8.081939
AT,AKC,urban,2023-03-17 21:00:00+00:00,1,6.835899,7.6780453
AT,AKC,urban,2023-03-17 22:00:00+00:00,1,7.25415,7.1573987
AT,AKC,urban,2023-03-17 23:00:00+00:00,1,8.46035,7.4070253
AT,AKC,urban,2023-03-18 00:00:00+00:00,1,8.442449,8.6734495
AT,AKC,urban,2023-03-18 01:00:00+00:00,1,8.999799,8.753679
AT,AKC,urban,2023-03-18 02:00:00+00:00,1,9.26115,9.032527
AT,AKC,urban,2023-03-18 03:00:00+00:00,1,9.550149,9.140107
AT,AKC,urban,2023-03-18 04:00:00+00:00,1,9.979749,9.779331
AT,AKC,urban,2023-03-18 05:00:00+00:00,1,10.147,10.134084
AT,AKC,urban,2023-03-18 06:00:00+00:00,1,10.672,10.6133795
AT,AKC,urban,2023-03-18 07:00:00+00:00,1,10.6805,10.883953
AT,AKC,urban,2023-03-18 08:00:00+00:00,1,10.9725,10.126281
AT,AKC,urban,2023-03-18 09:00:00+00:00,1,11.202,10.539949
AT,AKC,urban,2023-03-18 10:00:00+00:00,1,11.032,10.674672
AT,AKC,urban,2023-03-18 11:00:00+00:00,1,10.9955,10.096343
AT,AKC,urban,2023-03-18 12:00:00+00:00,1,10.0186,10.256171
AT,AKC,urban,2023-03-18 13:00:00+00:00,1,9.316849,10.102519
AT,AKC,urban,2023-03-18 14:00:00+00:00,1,9.78425,9.323544
AT,AKC,urban,2023-03-18 15:00:00+00:00,1,9.471099,9.5203705
AT,AKC,urban,2023-03-18 16:00:00+00:00,1,9.734,9.843695
AT,AKC,urban,2023-03-18 17:00:00+00:00,1,10.4445,10.154189
AT,AKC,urban,2023-03-18 18:00:00+00:00,1,10.9715,10.927279
AT,AKC,urban,2023-03-18 19:00:00+00:00,1,11.4145,11.49424
AT,AKC,urban,2023-03-18 20:00:00+00:00,1,12.9,11.371038
AT,AKC,urban,2023-03-18 21:00:00+00:00,1,15.1955,12.743675
AT,AKC,urban,2023-03-18 22:00:00+00:00,1,15.757,15.194476
AT,AKC,urban,2023-03-18 23:00:00+00:00,1,15.3985,15.405951
AT,AKC,urban,2023-03-19 00:00:00+00:00,1,14.879,15.308813
AT,AKC,urban,2023-03-19 01:00:00+00:00,1,14.581,14.890282
AT,AKC,urban,2023-03-19 02:00:00+00:00,1,14.481,14.712238
AT,AKC,urban,2023-03-19 03:00:00+00:00,1,14.5895,14.764877
AT,AKC,urban,2023-03-19 04:00:00+00:00,1,15.1105,14.7310295
AT,AKC,urban,2023-03-19 05:00:00+00:00,1,15.652,15.4877405
AT,AKC,urban,2023-03-19 06:00:00+00:00,1,16.5725,15.962383
AT,AKC,urban,2023-03-19 07:00:00+00:00,1,17.1335,16.44718
AT,AKC,urban,2023-03-19 08:00:00+00:00,1,18.141,16.996483
AT,AKC,urban,2023-03-19 09:00:00+00:00,1,18.3745,17.403954
AT,AKC,urban,2023-03-19 10:00:00+00:00,1,18.4545,17.536068
AT,AKC,urban,2023-03-19 11:00:00+00:00,1,17.848,17.56477
AT,AKC,urban,2023-03-19 12:00:00+00:00,1,16.35,17.579527
AT,AKC,urban,2023-03-19 13:00:00+00:00,1,16.127,15.851924
AT,AKC,urban,2023-03-19 14:00:00+00:00,1,15.731,15.460125
AT,AKC,urban,2023-03-19 15:00:00+00:00,1,15.8965,15.883657
AT,AKC,urban,2023-03-19 16:00:00+00:00,1,18.682,16.206766
AT,AKC,urban,2023-03-19 17:00:00+00:00,1,20.2455,18.846992
AT,AKC,urban,2023-03-19 18:00:00+00:00,1,20.058,21.307314
AT,AKC,urban,2023-03-19 19:00:00+00:00,1,24.2495,21.010185
AT,AKC,urban,2023-03-19 20:00:00+00:00,1,20.8725,24.457623
AT,AKC,urban,2023-03-19 21:00:00+00:00,1,20.0455,18.429564
AT,AKC,urban,2023-03-19 22:00:00+00:00,1,18.7655,19.847141
AT,AKC,urban,2023-03-19 23:00:00+00:00,1,20.689,18.407513
AT,AKC,urban,2023-03-20 00:00:00+00:00,1,20.8175,20.527132
AT,AKC,urban,2023-03-20 01:00:00+00:00,1,22.0585,21.258017
AT,AKC,urban,2023-03-20 02:00:00+00:00,1,23.291,21.926512
AT,AKC,urban,2023-03-20 03:00:00+00:00,1,25.336,22.551857
AT,AKC,urban,2023-03-20 04:00:00+00:00,1,26.98,24.797441
AT,AKC,urban,2023-03-20 05:00:00+00:00,1,28.368,27.280418
AT,AKC,urban,2023-03-20 06:00:00+00:00,1,22.335,27.689768
AT,AKC,urban,2023-03-20 07:00:00+00:00,1,16.3465,22.550308
AT,AKC,urban,2023-03-20 08:00:00+00:00,1,10.3165,15.268208
AT,AKC,urban,2023-03-20 09:00:00+00:00,1,8.346599,10.07835
AT,AKC,urban,2023-03-20 10:00:00+00:00,1,9.9623,8.131951
AT,AKC,urban,2023-03-20 11:00:00+00:00,1,12.273,10.032922
AT,AKC,urban,2023-03-20 12:00:00+00:00,1,9.68395,12.768409
AT,AKC,urban,2023-03-20 13:00:00+00:00,1,10.529,11.19083
AT,AKC,urban,2023-03-20 14:00:00+00:00,1,8.91065,10.637322
AT,AKC,urban,2023-03-20 15:00:00+00:00,1,8.23915,9.48114
AT,AKC,urban,2023-03-20 16:00:00+00:00,1,8.8654,8.367726
AT,AKC,urban,2023-03-20 17:00:00+00:00,1,10.7625,8.5947695
AT,AKC,urban,2023-03-20 18:00:00+00:00,1,11.3625,10.847607
AT,AKC,urban,2023-03-20 19:00:00+00:00,1,10.536,10.258548
AT,AKC,urban,2023-03-20 20:00:00+00:00,1,9.47615,10.481606
AT,AKC,urban,2023-03-20 21:00:00+00:00,1,9.079649,9.189997
AT,AKC,urban,2023-03-20 22:00:00+00:00,1,10.767,9.148212
AT,AKC,urban,2023-03-20 23:00:00+00:00,1,9.806099,10.577654
AT,AKC,urban,2023-03-21 00:00:00+00:00,1,7.95965,9.634797
AT,AKC,urban,2023-03-21 01:00:00+00:00,1,8.2635,7.87237
AT,AKC,urban,2023-03-21 02:00:00+00:00,1,9.711799,8.39834
AT,AKC,urban,2023-03-21 03:00:00+00:00,1,9.733799,9.346141
AT,AKC,urban,2023-03-21 04:00:00+00:00,1,10.54055,9.829702
AT,AKC,urban,2023-03-21 05:00:00+00:00,1,13.1815,10.973992
AT,AKC,urban,2023-03-21 06:00:00+00:00,1,9.65575,13.466725
AT,AKC,urban,2023-03-21 07:00:00+00:00,1,8.5172,9.604787
AT,AKC,urban,2023-03-21 08:00:00+00:00,1,8.848699,9.117926
AT,AKC,urban,2023-03-21 09:00:00+00:00,1,8.36935,8.148243
AT,AKC,urban,2023-03-21 10:00:00+00:00,1,8.7922,8.629213
AT,AKC,urban,2023-03-21 11:00:00+00:00,1,7.9102,8.480576
AT,AKC,urban,2023-03-21 12:00:00+00:00,1,5.763899,8.3706045
AT,AKC,urban,2023-03-21 13:00:00+00:00,1,7.03445,5.9528456
AT,AKC,urban,2023-03-21 14:00:00+00:00,1,7.626199,7.2828
AT,AKC,urban,2023-03-21 15:00:00+00:00,1,5.842749,7.805363
AT,AKC,urban,2023-03-21 16:00:00+00:00,1,5.394599,6.468111
AT,AKC,urban,2023-03-21 17:00:00+00:00,1,8.4526,5.90646
AT,AKC,urban,2023-03-21 18:00:00+00:00,1,8.9258,9.843296
AT,AKC,urban,2023-03-21 19:00:00+00:00,1,12.189,10.319382
AT,AKC,urban,2023-03-21 20:00:00+00:00,1,12.716,13.057241
AT,AKC,urban,2023-03-21 21:00:00+00:00,1,11.993,12.856679
AT,AKC,urban,2023-03-21 22:00:00+00:00,1,12.47,11.679044
AT,AKC,urban,2023-03-21 23:00:00+00:00,1,8.459199,12.248923
AT,AKC,urban,2023-03-22 00:00:00+00:00,1,10.784,9.008782
AT,AKC,urban,2023-03-22 01:00:00+00:00,1,8.233249,10.206549
AT,AKC,urban,2023-03-22 02:00:00+00:00,1,8.067049,8.397014
AT,AKC,urban,2023-03-22 03:00:00+00:00,1,10.62475,8.09349
AT,AKC,urban,2023-03-22 04:00:00+00:00,1,13.8605,10.668747
AT,AKC,urban,2023-03-22 05:00:00+00:00,1,19.5875,14.483345
AT,AKC,urban,2023-03-22 06:00:00+00:00,1,23.9985,19.056704
AT,AKC,urban,2023-03-22 07:00:00+00:00,1,16.355,22.866724
AT,AKC,urban,2023-03-22 08:00:00+00:00,1,28.816,15.714062
AT,AKC,urban,2023-03-22 09:00:00+00:00,1,17.63,19.085644
AT,AKC,urban,2023-03-22 10:00:00+00:00,1,10.6015,15.0033865
AT,AKC,urban,2023-03-22 11:00:00+00:00,1,10.699,12.522894
AT,AKC,urban,2023-03-22 12:00:00+00:00,1,7.79415,10.448365
AT,AKC,urban,2023-03-22 13:00:00+00:00,1,8.283949,7.566908
AT,AKC,urban,2023-03-22 14:00:00+00:00,1,6.083449,9.075283
AT,AKC,urban,2023-03-22 15:00:00+00:00,1,6.842149,7.59562
AT,AKC,urban,2023-03-22 16:00:00+00:00,1,8.629949,7.0037103
AT,AKC,urban,2023-03-22 17:00:00+00:00,1,9.03215,9.393167
AT,AKC,urban,2023-03-22 18:00:00+00:00,1,9.824549,9.585792
AT,AKC,urban,2023-03-22 19:00:00+00:00,1,13.1735,9.93361
AT,AKC,urban,2023-03-22 20:00:00+00:00,1,12.4095,14.756893
AT,AKC,urban,2023-03-22 21:00:00+00:00,1,11.53,13.00604
AT,AKC,urban,2023-03-22 22:00:00+00:00,1,10.9804,11.879563
AT,AKC,urban,2023-03-22 23:00:00+00:00,1,11.452,11.372879
AT,AKC,urban,2023-03-23 00:00:00+00:00,1,9.011499,11.7147
AT,AKC,urban,2023-03-23 01:00:00+00:00,1,10.3785,9.584772
AT,AKC,urban,2023-03-23 02:00:00+00:00,1,11.687,10.635295
AT,AKC,urban,2023-03-23 03:00:00+00:00,1,11.863,12.516402
AT,AKC,urban,2023-03-23 04:00:00+00:00,1,12.785,13.264286
AT,AKC,urban,2023-03-23 05:00:00+00:00,1,18.37,13.624008
AT,AKC,urban,2023-03-23 06:00:00+00:00,1,19.849,18.20234
AT,AKC,urban,2023-03-23 07:00:00+00:00,1,20.074,19.160023
AT,AKC,urban,2023-03-23 08:00:00+00:00,1,21.318,18.69213
AT,AKC,urban,2023-03-23 09:00:00+00:00,1,21.7255,18.960903
AT,AKC,urban,2023-03-23 10:00:00+00:00,1,17.6825,18.5894
AT,AKC,urban,2023-03-23 11:00:00+00:00,1,12.5415,16.287025
AT,AKC,urban,2023-03-23 12:00:00+00:00,1,10.6975,12.282245
AT,AKC,urban,2023-03-23 13:00:00+00:00,1,9.565549,10.693801
AT,AKC,urban,2023-03-23 14:00:00+00:00,1,8.6956,9.621466
AT,AKC,urban,2023-03-23 15:00:00+00:00,1,10.1939,9.309487
AT,AKC,urban,2023-03-23 16:00:00+00:00,1,15.1365,10.20769
AT,AKC,urban,2023-03-23 17:00:00+00:00,1,18.516,14.775513
AT,AKC,urban,2023-03-23 18:00:00+00:00,1,19.5345,18.496714
AT,AKC,urban,2023-03-23 19:00:00+00:00,1,16.6495,19.810762
AT,AKC,urban,2023-03-23 20:00:00+00:00,1,18.012,17.353346
AT,AKC,urban,2023-03-23 21:00:00+00:00,1,20.255,17.146715
AT,AKC,urban,2023-03-23 22:00:00+00:00,1,20.3825,19.645163
AT,AKC,urban,2023-03-23 23:00:00+00:00,1,26.337,19.306644
AT,AKC,urban,2023-03-24 00:00:00+00:00,1,25.3405,24.718332
AT,AKC,urban,2023-03-24 01:00:00+00:00,1,27.23,24.064629
AT,AKC,urban,2023-03-24 02:00:00+00:00,1,28.6785,25.843124
AT,AKC,urban,2023-03-24 03:00:00+00:00,1,28.5475,27.515652
AT,AKC,urban,2023-03-24 04:00:00+00:00,1,25.7935,28.024403
AT,AKC,urban,2023-03-24 05:00:00+00:00,1,23.459,28.584484
AT,AKC,urban,2023-03-24 06:00:00+00:00,1,23.901,25.171658
AT,AKC,urban,2023-03-24 07:00:00+00:00,1,23.5855,23.249727
AT,AKC,urban,2023-03-24 08:00:00+00:00,1,25.58,22.901484
AT,AKC,urban,2023-03-24 09:00:00+00:00,1,23.8095,23.45922
AT,AKC,urban,2023-03-24 10:00:00+00:00,1,21.4815,22.638258
AT,AKC,urban,2023-03-24 11:00:00+00:00,1,19.87,20.7264
AT,AKC,urban,2023-03-24 12:00:00+00:00,1,18.912,18.631367
AT,AKC,urban,2023-03-24 13:00:00+00:00,1,17.7555,19.071932
AT,AKC,urban,2023-03-24 14:00:00+00:00,1,8.20125,18.811108
AT,AKC,urban,2023-03-24 15:00:00+00:00,1,3.372449,10.858555
AT,AKC,urban,2023-03-24 16:00:00+00:00,1,4.900799,3.633747
AT,AKC,urban,2023-03-24 17:00:00+00:00,1,5.0054,5.138342
AT,AKC,urban,2023-03-24 18:00:00+00:00,1,5.268199,5.466942
AT,AKC,urban,2023-03-24 19:00:00+00:00,1,7.579999,5.67209
AT,AKC,urban,2023-03-24 20:00:00+00:00,1,3.95335,7.960086
AT,AKC,urban,2023-03-24 21:00:00+00:00,1,1.85415,4.5790105
AT,AKC,urban,2023-03-24 22:00:00+00:00,1,1.8571,2.941558
AT,AKC,urban,2023-03-24 23:00:00+00:00,1,1.37925,2.9693913
AT,AKC,urban,2023-03-25 00:00:00+00:00,1,1.395999,1.8439133
AT,AKC,urban,2023-03-25 01:00:00+00:00,1,1.85255,1.841353
AT,AKC,urban,2023-03-25 02:00:00+00:00,1,2.5127,1.8944881
AT,AKC,urban,2023-03-25 03:00:00+00:00,1,3.105849,2.3947177
AT,AKC,urban,2023-03-25 04:00:00+00:00,1,3.082149,3.0951364
AT,AKC,urban,2023-03-25 05:00:00+00:00,1,2.997049,3.1711376
AT,AKC,urban,2023-03-25 06:00:00+00:00,1,2.486299,3.427817
AT,AKC,urban,2023-03-25 07:00:00+00:00,1,2.794849,3.0673609
AT,AKC,urban,2023-03-25 08:00:00+00:00,1,2.635649,3.1113503
AT,AKC,urban,2023-03-25 09:00:00+00:00,1,2.544199,2.985109
AT,AKC,urban,2023-03-25 10:00:00+00:00,1,2.3536,3.009478
AT,AKC,urban,2023-03-25 11:00:00+00:00,1,2.47245,2.5723708
AT,AKC,urban,2023-03-25 12:00:00+00:00,1,2.039399,2.6568556
AT,AKC,urban,2023-03-25 13:00:00+00:00,1,1.854799,2.290418
AT,AKC,urban,2023-03-25 14:00:00+00:00,1,1.759299,2.3527052
AT,AKC,urban,2023-03-25 15:00:00+00:00,1,1.835199,2.0270944
AT,AKC,urban,2023-03-25 16:00:00+00:00,1,1.40805,2.1763015
AT,AKC,urban,2023-03-25 17:00:00+00:00,1,2.078649,1.9585199
AT,AKC,urban,2023-03-25 18:00:00+00:00,1,1.4932,2.0413063
AT,AKC,urban,2023-03-25 19:00:00+00:00,1,1.255949,1.9375513
AT,AKC,urban,2023-03-25 20:00:00+00:00,1,1.290899,1.6840751
AT,AKC,urban,2023-03-25 21:00:00+00:00,1,1.44035,1.6077508
AT,AKC,urban,2023-03-25 22:00:00+00:00,1,1.447,1.4746981
AT,AKC,urban,2023-03-25 23:00:00+00:00,1,1.63505,1.6358268
AT,AKC,urban,2023-03-26 00:00:00+00:00,1,1.749399,1.7411834
AT,AKC,urban,2023-03-26 01:00:00+00:00,1,1.893499,1.7414801
AT,AKC,urban,2023-03-26 02:00:00+00:00,1,2.112299,1.9472909
AT,AKC,urban,2023-03-26 03:00:00+00:00,1,2.00745,2.0838716
AT,AKC,urban,2023-03-26 04:00:00+00:00,1,1.955849,2.1811292
AT,AKC,urban,2023-03-26 05:00:00+00:00,1,2.81505,2.1282895
AT,AKC,urban,2023-03-26 06:00:00+00:00,1,2.76765,2.417774
AT,AKC,urban,2023-03-26 07:00:00+00:00,1,2.8965,2.8345323
AT,AKC,urban,2023-03-26 08:00:00+00:00,1,2.96325,2.916955
AT,AKC,urban,2023-03-26 09:00:00+00:00,1,2.5662,3.046977
AT,AKC,urban,2023-03-26 10:00:00+00:00,1,2.4432,2.7530975
AT,AKC,urban,2023-03-26 11:00:00+00:00,1,2.09785,2.5844986
AT,AKC,urban,2023-03-26 12:00:00+00:00,1,1.620599,2.416856
AT,AKC,urban,2023-03-26 13:00:00+00:00,1,1.97815,2.2015567
AT,AKC,urban,2023-03-26 14:00:00+00:00,1,3.11765,2.1336293
AT,AKC,urban,2023-03-26 15:00:00+00:00,1,2.4026,2.9958112
AT,AKC,urban,2023-03-26 16:00:00+00:00,1,2.0625,3.063944
AT,AKC,urban,2023-03-26 17:00:00+00:00,1,2.41925,2.4377503
AT,AKC,urban,2023-03-26 18:00:00+00:00,1,2.54785,2.2924237
AT,AKC,urban,2023-03-26 19:00:00+00:00,1,2.27925,2.5813613
AT,AKC,urban,2023-03-26 20:00:00+00:00,1,2.3238,2.4296043
AT,AKC,urban,2023-03-26 21:00:00+00:00,1,2.096849,2.411758
AT,AKC,urban,2023-03-26 22:00:00+00:00,1,2.22165,2.1824358
AT,AKC,urban,2023-03-26 23:00:00+00:00,1,2.571799,2.274038
AT,AKC,urban,2023-03-27 00:00:00+00:00,1,2.697199,2.3060317
AT,AKC,urban,2023-03-27 01:00:00+00:00,1,2.697,2.5888882
AT,AKC,urban,2023-03-27 02:00:00+00:00,1,2.095099,2.6894875
AT,AKC,urban,2023-03-27 03:00:00+00:00,1,1.833899,2.4888294
AT,AKC,urban,2023-03-27 04:00:00+00:00,1,2.0187,2.3113163
AT,AKC,urban,2023-03-27 05:00:00+00:00,1,1.88855,2.3209333
AT,AKC,urban,2023-03-27 06:00:00+00:00,1,1.9383,2.185192
AT,AKC,urban,2023-03-27 07:00:00+00:00,1,2.884099,1.9601882
AT,AKC,urban,2023-03-27 08:00:00+00:00,1,1.916749,2.6272418
AT,AKC,urban,2023-03-27 09:00:00+00:00,1,2.239449,2.1653852
AT,AKC,urban,2023-03-27 10:00:00+00:00,1,4.3001,2.3479989
AT,AKC,urban,2023-03-27 11:00:00+00:00,1,4.617349,3.9678092
AT,AKC,urban,2023-03-27 12:00:00+00:00,1,4.10535,4.5975323
AT,AKC,urban,2023-03-27 13:00:00+00:00,1,3.521299,4.6837263
AT,AKC,urban,2023-03-27 14:00:00+00:00,1,3.53235,3.921759
AT,AKC,urban,2023-03-27 15:00:00+00:00,1,3.705899,3.7630484
AT,AKC,urban,2023-03-27 16:00:00+00:00,1,3.929299,3.5567966
AT,AKC,urban,2023-03-27 17:00:00+00:00,1,3.653,3.8852742
AT,AKC,urban,2023-03-27 18:00:00+00:00,1,3.766049,3.6878211
AT,AKC,urban,2023-03-27 19:00:00+00:00,1,3.22105,3.6788828
AT,AKC,urban,2023-03-27 20:00:00+00:00,1,3.2526,3.445434
AT,AKC,urban,2023-03-27 21:00:00+00:00,1,2.79495,3.3475707
AT,AKC,urban,2023-03-27 22:00:00+00:00,1,2.5535,2.9986305
AT,AKC,urban,2023-03-27 23:00:00+00:00,1,3.7644,2.7700098
AT,AKC,urban,2023-03-28 00:00:00+00:00,1,3.4155,3.4958372
AT,AKC,urban,2023-03-28 01:00:00+00:00,1,3.2574,3.505123
AT,AKC,urban,2023-03-28 02:00:00+00:00,1,2.814899,3.3909342
AT,AKC,urban,2023-03-28 03:00:00+00:00,1,3.262949,3.05883
AT,AKC,urban,2023-03-28 04:00:00+00:00,1,4.109049,3.5806718
AT,AKC,urban,2023-03-28 05:00:00+00:00,1,4.828299,4.5906343
AT,AKC,urban,2023-03-28 06:00:00+00:00,1,4.848649,5.0430818
AT,AKC,urban,2023-03-28 07:00:00+00:00,1,3.86125,4.792812
AT,AKC,urban,2023-03-28 08:00:00+00:00,1,3.65035,4.235852
AT,AKC,urban,2023-03-28 09:00:00+00:00,1,3.6754,3.9307559
AT,AKC,urban,2023-03-28 10:00:00+00:00,1,4.149999,3.7543025
AT,AKC,urban,2023-03-28 11:00:00+00:00,1,3.8206,4.0242457
AT,AKC,urban,2023-03-28 12:00:00+00:00,1,3.51265,3.9384837
AT,AKC,urban,2023-03-28 13:00:00+00:00,1,4.54575,3.6551752
AT,AKC,urban,2023-03-28 14:00:00+00:00,1,4.2989,4.349758
AT,AKC,urban,2023-03-28 15:00:00+00:00,1,4.16515,4.2913904
AT,AKC,urban,2023-03-28 16:00:00+00:00,1,3.67595,4.261589
AT,AKC,urban,2023-03-28 17:00:00+00:00,1,3.326799,3.8531775
AT,AKC,urban,2023-03-28 18:00:00+00:00,1,3.50185,3.7011116
AT,AKC,urban,2023-03-28 19:00:00+00:00,1,3.552549,3.6457126
AT,AKC,urban,2023-03-28 20:00:00+00:00,1,3.472499,3.593118
AT,AKC,urban,2023-03-28 21:00:00+00:00,1,4.1064,3.4517102
AT,AKC,urban,2023-03-28 22:00:00+00:00,1,3.671499,4.134886
AT,AKC,urban,2023-03-28 23:00:00+00:00,1,3.76745,4.1332355
AT,AKC,urban,2023-03-29 00:00:00+00:00,1,5.713099,3.9333868
AT,AKC,urban,2023-03-29 01:00:00+00:00,1,6.4806,5.6560826
AT,AKC,urban,2023-03-29 02:00:00+00:00,1,5.664099,6.758358
AT,AKC,urban,2023-03-29 03:00:00+00:00,1,6.669,6.6205955
AT,AKC,urban,2023-03-29 04:00:00+00:00,1,7.1864,7.5875473
AT,AKC,urban,2023-03-29 05:00:00+00:00,1,8.7107,8.442441
AT,AKC,urban,2023-03-29 06:00:00+00:00,1,7.754549,8.545274
AT,AKC,urban,2023-03-29 07:00:00+00:00,1,7.16075,7.4666424
AT,AKC,urban,2023-03-29 08:00:00+00:00,1,7.023349,6.4606624
AT,AKC,urban,2023-03-29 09:00:00+00:00,1,7.2999,6.3167157
AT,AKC,urban,2023-03-29 10:00:00+00:00,1,6.41345,6.806314
AT,AKC,urban,2023-03-29 11:00:00+00:00,1,5.40485,6.4834347
AT,AKC,urban,2023-03-29 12:00:00+00:00,1,4.98495,5.515605
AT,AKC,urban,2023-03-29 13:00:00+00:00,1,4.017899,5.2310953
AT,AKC,urban,2023-03-29 14:00:00+00:00,1,4.421599,4.760944
AT,AKC,urban,2023-03-29 15:00:00+00:00,1,4.7848,4.8300195
AT,AKC,urban,2023-03-29 16:00:00+00:00,1,5.6967,5.001077
AT,AKC,urban,2023-03-29 17:00:00+00:00,1,6.8585,5.7250514
AT,AKC,urban,2023-03-29 18:00:00+00:00,1,7.9678,7.2105536
AT,AKC,urban,2023-03-29 19:00:00+00:00,1,9.2658,8.399639
AT,AKC,urban,2023-03-29 20:00:00+00:00,1,10.737,9.640855
AT,AKC,urban,2023-03-29 21:00:00+00:00,1,10.87,11.021047
AT,AKC,urban,2023-03-29 22:00:00+00:00,1,12.0055,10.404343
AT,AKC,urban,2023-03-29 23:00:00+00:00,1,12.7445,12.167104
AT,AKC,urban,2023-03-30 00:00:00+00:00,1,12.427,12.568211
AT,AKC,urban,2023-03-30 01:00:00+00:00,1,12.3765,11.890214
AT,AKC,urban,2023-03-30 02:00:00+00:00,1,12.289,12.60681
AT,AKC,urban,2023-03-30 03:00:00+00:00,1,11.308,12.197672
AT,AKC,urban,2023-03-30 04:00:00+00:00,1,12.074,11.74853
AT,AKC,urban,2023-03-30 05:00:00+00:00,1,12.3575,12.8427
AT,AKC,urban,2023-03-30 06:00:00+00:00,1,13.827,12.789515
AT,AKC,urban,2023-03-30 07:00:00+00:00,1,13.5875,12.8492155
AT,AKC,urban,2023-03-30 08:00:00+00:00,1,13.868,12.983799
AT,AKC,urban,2023-03-30 09:00:00+00:00,1,14.4225,13.032628
AT,AKC,urban,2023-03-30 10:00:00+00:00,1,15.0525,13.221682
AT,AKC,urban,2023-03-30 11:00:00+00:00,1,15.4355,14.120444
AT,AKC,urban,2023-03-30 12:00:00+00:00,1,15.455,14.686391
AT,AKC,urban,2023-03-30 13:00:00+00:00,1,14.201,14.524696
AT,AKC,urban,2023-03-30 14:00:00+00:00,1,13.3445,14.172454
AT,AKC,urban,2023-03-30 15:00:00+00:00,1,14.1765,13.488908
AT,AKC,urban,2023-03-30 16:00:00+00:00,1,6.453049,14.182873
AT,AKC,urban,2023-03-30 17:00:00+00:00,1,4.96525,5.487318
AT,AKC,urban,2023-03-30 18:00:00+00:00,1,3.740799,4.4631057
AT,AKC,urban,2023-03-30 19:00:00+00:00,1,4.490499,3.854997
AT,AKC,urban,2023-03-30 20:00:00+00:00,1,5.146249,4.1798053
AT,AKC,urban,2023-03-30 21:00:00+00:00,1,4.826,5.2210712
AT,AKC,urban,2023-03-30 22:00:00+00:00,1,3.2705,4.992989
AT,AKC,urban,2023-03-30 23:00:00+00:00,1,2.969649,3.7464886
AT,AKC,urban,2023-03-31 00:00:00+00:00,1,4.569499,3.2859228
AT,AKC,urban,2023-03-31 01:00:00+00:00,1,5.6504,4.2868414
AT,AKC,urban,2023-03-31 02:00:00+00:00,1,6.334099,5.6021967
AT,AKC,urban,2023-03-31 03:00:00+00:00,1,8.027,6.455606
AT,AKC,urban,2023-03-31 04:00:00+00:00,1,9.96765,9.426466
AT,AKC,urban,2023-03-31 05:00:00+00:00,1,10.2935,10.892108
AT,AKC,urban,2023-03-31 06:00:00+00:00,1,7.587349,11.152931
AT,AKC,urban,2023-03-31 07:00:00+00:00,1,8.7637,8.2227955
AT,AKC,urban,2023-03-31 08:00:00+00:00,1,8.02565,8.892217
AT,AKC,urban,2023-03-31 09:00:00+00:00,1,8.51605,7.8733053
AT,AKC,urban,2023-03-31 10:00:00+00:00,1,8.38205,7.7309365
AT,AKC,urban,2023-03-31 11:00:00+00:00,1,7.456549,7.9240527
AT,AKC,urban,2023-03-31 12:00:00+00:00,1,5.93805,7.272448
AT,AKC,urban,2023-03-31 13:00:00+00:00,1,5.68335,6.0717387
AT,AKC,urban,2023-03-31 14:00:00+00:00,1,4.8533,6.1250806
AT,AKC,urban,2023-03-31 15:00:00+00:00,1,3.994199,5.661088
AT,AKC,urban,2023-03-31 16:00:00+00:00,1,4.954649,3.7925162
AT,AKC,urban,2023-03-31 17:00:00+00:00,1,3.716149,4.9384146
AT,AKC,urban,2023-03-31 18:00:00+00:00,1,3.799299,4.1476336
AT,AKC,urban,2023-03-31 19:00:00+00:00,1,3.408699,3.6483803
AT,AKC,urban,2023-03-31 20:00:00+00:00,1,2.868149,3.489128
AT,AKC,urban,2023-03-31 21:00:00+00:00,1,2.13825,3.2774649
AT,AKC,urban,2023-03-31 22:00:00+00:00,1,1.978549,2.6491573
AT,AKC,urban,2023-03-31 23:00:00+00:00,1,2.0239,2.4128792
AT,AKC,urban,2023-04-01 00:00:00+00:00,1,1.9512,2.1953385
AT,AKC,urban,2023-04-01 01:00:00+00:00,1,2.048049,2.0998042
AT,AKC,urban,2023-04-01 02:00:00+00:00,1,2.085999,2.2649193
AT,AKC,urban,2023-04-01 03:00:00+00:00,1,2.10925,2.2690344
AT,AKC,urban,2023-04-01 04:00:00+00:00,1,2.252099,2.3722005
AT,AKC,urban,2023-04-01 05:00:00+00:00,1,2.164199,2.7114022
AT,AKC,urban,2023-04-01 06:00:00+00:00,1,2.498899,2.3500206
AT,AKC,urban,2023-04-01 07:00:00+00:00,1,2.29715,2.668902
AT,AKC,urban,2023-04-01 08:00:00+00:00,1,2.0039,2.5464184
AT,AKC,urban,2023-04-01 09:00:00+00:00,1,1.6861,2.427487
AT,AKC,urban,2023-04-01 10:00:00+00:00,1,1.553849,1.9585836
AT,AKC,urban,2023-04-01 11:00:00+00:00,1,1.37345,1.8536062
AT,AKC,urban,2023-04-01 12:00:00+00:00,1,1.258599,1.6385536
AT,AKC,urban,2023-04-01 13:00:00+00:00,1,1.3201,1.5911794
AT,AKC,urban,2023-04-01 14:00:00+00:00,1,1.377799,1.436465
AT,AKC,urban,2023-04-01 15:00:00+00:00,1,1.5778,1.4717988
AT,AKC,urban,2023-04-01 16:00:00+00:00,1,1.45705,1.6530107
AT,AKC,urban,2023-04-01 17:00:00+00:00,1,1.648149,1.6462163
AT,AKC,urban,2023-04-01 18:00:00+00:00,1,1.6832,1.6909118
AT,AKC,urban,2023-04-01 19:00:00+00:00,1,1.32165,1.6809831
AT,AKC,urban,2023-04-01 20:00:00+00:00,1,1.34165,1.6631805
AT,AKC,urban,2023-04-01 21:00:00+00:00,1,1.393149,1.5990537
AT,AKC,urban,2023-04-01 22:00:00+00:00,1,1.364549,1.6004286
AT,AKC,urban,2023-04-01 23:00:00+00:00,1,1.32225,1.5783396
AT,AKC,urban,2023-04-02 00:00:00+00:00,1,1.2318,1.5705816
AT,AKC,urban,2023-04-02 01:00:00+00:00,1,1.36675,1.3158724
AT,AKC,urban,2023-04-02 02:00:00+00:00,1,1.26885,1.3929992
AT,AKC,urban,2023-04-02 03:00:00+00:00,1,2.0608,1.405822
AT,AKC,urban,2023-04-02 04:00:00+00:00,1,2.198549,1.7390728
AT,AKC,urban,2023-04-02 05:00:00+00:00,1,2.764699,1.9071304
AT,AKC,urban,2023-04-02 06:00:00+00:00,1,2.5824,2.4919066
AT,AKC,urban,2023-04-02 07:00:00+00:00,1,3.10715,2.4706264
AT,AKC,urban,2023-04-02 08:00:00+00:00,1,1.995599,2.790404
AT,AKC,urban,2023-04-02 09:00:00+00:00,1,2.228399,2.3469393
AT,AKC,urban,2023-04-02 10:00:00+00:00,1,2.009399,2.3832839
AT,AKC,urban,2023-04-02 11:00:00+00:00,1,3.19175,2.11555
AT,AKC,urban,2023-04-02 12:00:00+00:00,1,3.604099,2.9016972
AT,AKC,urban,2023-04-02 13:00:00+00:00,1,4.5142,3.4690127
AT,AKC,urban,2023-04-02 14:00:00+00:00,1,4.93205,4.320433
AT,AKC,urban,2023-04-02 15:00:00+00:00,1,7.327199,4.963855
AT,AKC,urban,2023-04-02 16:00:00+00:00,1,6.194499,6.8520904
AT,AKC,urban,2023-04-02 17:00:00+00:00,1,5.026399,5.880945
AT,AKC,urban,2023-04-02 18:00:00+00:00,1,5.458399,4.992803
AT,AKC,urban,2023-04-02 19:00:00+00:00,1,4.89515,5.3056955
AT,AKC,urban,2023-04-02 20:00:00+00:00,1,5.01875,5.0503263
AT,AKC,urban,2023-04-02 21:00:00+00:00,1,4.8484,4.8681726
AT,AKC,urban,2023-04-02 22:00:00+00:00,1,5.21595,4.76253
AT,AKC,urban,2023-04-02 23:00:00+00:00,1,4.656049,5.025896
AT,AKC,urban,2023-04-03 00:00:00+00:00,1,4.576399,4.756754
AT,AKC,urban,2023-04-03 01:00:00+00:00,1,4.81225,4.508697
AT,AKC,urban,2023-04-03 02:00:00+00:00,1,4.6254,4.7278514
AT,AKC,urban,2023-04-03 03:00:00+00:00,1,4.864299,4.7623343
AT,AKC,urban,2023-04-03 04:00:00+00:00,1,5.09595,4.8381743
AT,AKC,urban,2023-04-03 05:00:00+00:00,1,5.425499,5.216046
AT,AKC,urban,2023-04-03 06:00:00+00:00,1,5.774549,5.478339
AT,AKC,urban,2023-04-03 07:00:00+00:00,1,6.668149,5.513985
AT,AKC,urban,2023-04-03 08:00:00+00:00,1,6.268099,6.289844
AT,AKC,urban,2023-04-03 09:00:00+00:00,1,6.123499,6.176439
AT,AKC,urban,2023-04-03 10:00:00+00:00,1,5.986949,5.9937334
AT,AKC,urban,2023-04-03 11:00:00+00:00,1,6.273449,6.003741
AT,AKC,urban,2023-04-03 12:00:00+00:00,1,6.043499,5.9825172
AT,AKC,urban,2023-04-03 13:00:00+00:00,1,5.616849,6.0794477
AT,AKC,urban,2023-04-03 14:00:00+00:00,1,5.25815,5.707886
AT,AKC,urban,2023-04-03 15:00:00+00:00,1,5.083299,5.3114223
AT,AKC,urban,2023-04-03 16:00:00+00:00,1,4.94645,5.1228023
AT,AKC,urban,2023-04-03 17:00:00+00:00,1,4.889649,5.3491607
AT,AKC,urban,2023-04-03 18:00:00+00:00,1,4.95195,4.836292
AT,AKC,urban,2023-04-03 19:00:00+00:00,1,5.1844,5.063387
AT,AKC,urban,2023-04-03 20:00:00+00:00,1,5.49615,5.2014065
AT,AKC,urban,2023-04-03 21:00:00+00:00,1,5.42755,5.508311
AT,AKC,urban,2023-04-03 22:00:00+00:00,1,5.221449,5.464177
AT,AKC,urban,2023-04-03 23:00:00+00:00,1,5.038849,5.3149033
AT,AKC,urban,2023-04-04 00:00:00+00:00,1,5.0197,5.079402
AT,AKC,urban,2023-04-04 01:00:00+00:00,1,5.083299,5.1601152
AT,AKC,urban,2023-04-04 02:00:00+00:00,1,5.45025,5.2214074
AT,AKC,urban,2023-04-04 03:00:00+00:00,1,5.284749,5.605721
AT,AKC,urban,2023-04-04 04:00:00+00:00,1,4.729249,5.557475
AT,AKC,urban,2023-04-04 05:00:00+00:00,1,4.4257,5.140211
AT,AKC,urban,2023-04-04 06:00:00+00:00,1,4.5009,4.804608
AT,AKC,urban,2023-04-04 07:00:00+00:00,1,4.9415,4.6290154
AT,AKC,urban,2023-04-04 08:00:00+00:00,1,4.88805,4.862175
AT,AKC,urban,2023-04-04 09:00:00+00:00,1,5.6756,4.9047747
AT,AKC,urban,2023-04-04 10:00:00+00:00,1,6.0285,5.6075726
AT,AKC,urban,2023-04-04 11:00:00+00:00,1,5.616499,6.026759
AT,AKC,urban,2023-04-04 12:00:00+00:00,1,6.09095,5.631118
AT,AKC,urban,2023-04-04 13:00:00+00:00,1,6.534749,5.689593
AT,AKC,urban,2023-04-04 14:00:00+00:00,1,6.583199,6.103267
AT,AKC,urban,2023-04-04 15:00:00+00:00,1,6.6085,6.4952874
AT,AKC,urban,2023-04-04 16:00:00+00:00,1,7.37205,6.3974066
AT,AKC,urban,2023-04-04 17:00:00+00:00,1,8.250549,7.458121
AT,AKC,urban,2023-04-04 18:00:00+00:00,1,8.05,8.412314
AT,AKC,urban,2023-04-04 19:00:00+00:00,1,11.271,8.218302
AT,AKC,urban,2023-04-04 20:00:00+00:00,1,10.892,10.677403
AT,AKC,urban,2023-04-04 21:00:00+00:00,1,9.066049,10.264098
AT,AKC,urban,2023-04-04 22:00:00+00:00,1,8.03185,9.131977
AT,AKC,urban,2023-04-04 23:00:00+00:00,1,8.071249,7.920568
AT,AKC,urban,2023-04-05 00:00:00+00:00,1,8.09435,8.144591
AT,AKC,urban,2023-04-05 01:00:00+00:00,1,7.95545,8.139232
AT,AKC,urban,2023-04-05 02:00:00+00:00,1,7.888999,7.977043
AT,AKC,urban,2023-04-05 03:00:00+00:00,1,7.4242,8.027576
AT,AKC,urban,2023-04-05 04:00:00+00:00,1,7.67945,7.9446516
AT,AKC,urban,2023-04-05 05:00:00+00:00,1,6.8754,8.206505
AT,AKC,urban,2023-04-05 06:00:00+00:00,1,6.643099,7.060435
AT,AKC,urban,2023-04-05 07:00:00+00:00,1,6.459349,6.8150744
AT,AKC,urban,2023-04-05 08:00:00+00:00,1,6.7876,6.277158
AT,AKC,urban,2023-04-05 09:00:00+00:00,1,6.2301,6.852678
AT,AKC,urban,2023-04-05 10:00:00+00:00,1,6.143949,6.4315114
AT,AKC,urban,2023-04-05 11:00:00+00:00,1,5.856649,6.595249
AT,AKC,urban,2023-04-05 12:00:00+00:00,1,5.899649,6.0893784
AT,AKC,urban,2023-04-05 13:00:00+00:00,1,5.80175,6.1397114
AT,AKC,urban,2023-04-05 14:00:00+00:00,1,5.69255,5.6909747
AT,AKC,urban,2023-04-05 15:00:00+00:00,1,5.567549,5.938138
AT,AKC,urban,2023-04-05 16:00:00+00:00,1,6.3172,5.8630247
AT,AKC,urban,2023-04-05 17:00:00+00:00,1,6.91975,6.4351354
AT,AKC,urban,2023-04-05 18:00:00+00:00,1,7.648799,7.1313057
AT,AKC,urban,2023-04-05 19:00:00+00:00,1,7.494649,7.876398
AT,AKC,urban,2023-04-05 20:00:00+00:00,1,7.339449,7.7265863
AT,AKC,urban,2023-04-05 21:00:00+00:00,1,7.720449,7.5029187
AT,AKC,urban,2023-04-05 22:00:00+00:00,1,8.598999,7.904968
AT,AKC,urban,2023-04-05 23:00:00+00:00,1,9.461,8.583512
AT,AKC,urban,2023-04-06 00:00:00+00:00,1,10.09135,9.57776
AT,AKC,urban,2023-04-06 01:00:00+00:00,1,10.28,10.266536
AT,AKC,urban,2023-04-06 02:00:00+00:00,1,10.601,10.537287
AT,AKC,urban,2023-04-06 03:00:00+00:00,1,11.6475,10.81962
AT,AKC,urban,2023-04-06 04:00:00+00:00,1,12.691,11.658921
AT,AKC,urban,2023-04-06 05:00:00+00:00,1,12.683,12.951212
AT,AKC,urban,2023-04-06 06:00:00+00:00,1,11.9135,12.524614
AT,AKC,urban,2023-04-06 07:00:00+00:00,1,8.9441,11.2888975
AT,AKC,urban,2023-04-06 08:00:00+00:00,1,9.475399,8.4795475
AT,AKC,urban,2023-04-06 09:00:00+00:00,1,6.66645,9.183138
AT,AKC,urban,2023-04-06 10:00:00+00:00,1,7.347249,6.8500714
AT,AKC,urban,2023-04-06 11:00:00+00:00,1,7.4173,7.61559
AT,AKC,urban,2023-04-06 12:00:00+00:00,1,5.98175,7.454218
AT,AKC,urban,2023-04-06 13:00:00+00:00,1,6.8234,5.9941983
AT,AKC,urban,2023-04-06 14:00:00+00:00,1,8.665599,6.615504
AT,AKC,urban,2023-04-06 15:00:00+00:00,1,8.537099,8.0220585
AT,AKC,urban,2023-04-06 16:00:00+00:00,1,9.644599,8.392075
AT,AKC,urban,2023-04-06 17:00:00+00:00,1,12.166,9.548723
AT,AKC,urban,2023-04-06 18:00:00+00:00,1,11.178,12.129104
AT,AKC,urban,2023-04-06 19:00:00+00:00,1,9.975099,11.043318
AT,AKC,urban,2023-04-06 20:00:00+00:00,1,11.2495,9.842839
AT,AKC,urban,2023-04-06 21:00:00+00:00,1,13.2485,11.24227
AT,AKC,urban,2023-04-06 22:00:00+00:00,1,14.6245,13.15471
AT,AKC,urban,2023-04-06 23:00:00+00:00,1,15.6175,14.489215
AT,AKC,urban,2023-04-07 00:00:00+00:00,1,15.015,15.0501375
AT,AKC,urban,2023-04-07 01:00:00+00:00,1,15.3415,14.945528
AT,AKC,urban,2023-04-07 02:00:00+00:00,1,15.6635,14.924694
AT,AKC,urban,2023-04-07 03:00:00+00:00,1,15.708,15.461078
AT,AKC,urban,2023-04-07 04:00:00+00:00,1,16.148,15.846048
AT,AKC,urban,2023-04-07 05:00:00+00:00,1,15.633,16.286833
AT,AKC,urban,2023-04-07 06:00:00+00:00,1,15.868,15.313616
AT,AKC,urban,2023-04-07 07:00:00+00:00,1,16.3595,15.118735
AT,AKC,urban,2023-04-07 08:00:00+00:00,1,16.3145,15.292797
AT,AKC,urban,2023-04-07 09:00:00+00:00,1,16.323,15.848921
AT,AKC,urban,2023-04-07 10:00:00+00:00,1,16.413,15.42942
AT,AKC,urban,2023-04-07 11:00:00+00:00,1,14.4905,15.407044
AT,AKC,urban,2023-04-07 12:00:00+00:00,1,15.996,13.881882
AT,AKC,urban,2023-04-07 13:00:00+00:00,1,16.3185,15.22202
AT,AKC,urban,2023-04-07 14:00:00+00:00,1,14.1445,16.670454
AT,AKC,urban,2023-04-07 15:00:00+00:00,1,15.526,13.89852
AT,AKC,urban,2023-04-07 16:00:00+00:00,1,15.667,15.311486
AT,AKC,urban,2023-04-07 17:00:00+00:00,1,15.075,16.03021
AT,AKC,urban,2023-04-07 18:00:00+00:00,1,16.873,15.533318
AT,AKC,urban,2023-04-07 19:00:00+00:00,1,20.2525,16.84186
AT,AKC,urban,2023-04-07 20:00:00+00:00,1,20.3945,20.27726
AT,AKC,urban,2023-04-07 21:00:00+00:00,1,24.817,19.90716
AT,AKC,urban,2023-04-07 22:00:00+00:00,1,26.879,24.154581
AT,AKC,urban,2023-04-07 23:00:00+00:00,1,12.81595,25.038002
AT,AKC,urban,2023-04-08 00:00:00+00:00,1,5.94,10.883223
AT,AKC,urban,2023-04-08 01:00:00+00:00,1,4.30485,7.6755033
AT,AKC,urban,2023-04-08 02:00:00+00:00,1,3.357349,5.7122073
AT,AKC,urban,2023-04-08 03:00:00+00:00,1,3.67785,4.1002293
AT,AKC,urban,2023-04-08 04:00:00+00:00,1,4.555199,4.052627
AT,AKC,urban,2023-04-08 05:00:00+00:00,1,4.070199,4.8758554
AT,AKC,urban,2023-04-08 06:00:00+00:00,1,4.87395,4.587315
AT,AKC,urban,2023-04-08 07:00:00+00:00,1,7.1802,4.877251
AT,AKC,urban,2023-04-08 08:00:00+00:00,1,8.343299,7.190848
AT,AKC,urban,2023-04-08 09:00:00+00:00,1,9.2812,8.5066805
AT,AKC,urban,2023-04-08 10:00:00+00:00,1,10.99,9.075914
AT,AKC,urban,2023-04-08 11:00:00+00:00,1,11.0135,10.561495
AT,AKC,urban,2023-04-08 12:00:00+00:00,1,9.4052,10.578999
AT,AKC,urban,2023-04-08 13:00:00+00:00,1,7.84165,9.492786
AT,AKC,urban,2023-04-08 14:00:00+00:00,1,7.91685,8.066213
AT,AKC,urban,2023-04-08 15:00:00+00:00,1,8.095049,8.305782
AT,AKC,urban,2023-04-08 16:00:00+00:00,1,8.834249,8.219302
AT,AKC,urban,2023-04-08 17:00:00+00:00,1,9.73105,8.829483
AT,AKC,urban,2023-04-08 18:00:00+00:00,1,11.2995,9.719777
AT,AKC,urban,2023-04-08 19:00:00+00:00,1,12.311,11.346607
AT,AKC,urban,2023-04-08 20:00:00+00:00,1,12.995,12.4742155
AT,AKC,urban,2023-04-08 21:00:00+00:00,1,13.3595,12.509894
AT,AKC,urban,2023-04-08 22:00:00+00:00,1,13.9585,12.864027
AT,AKC,urban,2023-04-08 23:00:00+00:00,1,13.2845,13.025716
AT,AKC,urban,2023-04-09 00:00:00+00:00,1,10.9035,13.042214
AT,AKC,urban,2023-04-09 01:00:00+00:00,1,10.7975,10.493815
AT,AKC,urban,2023-04-09 02:00:00+00:00,1,12.336,10.233078
AT,AKC,urban,2023-04-09 03:00:00+00:00,1,12.805,12.132471
AT,AKC,urban,2023-04-09 04:00:00+00:00,1,14.4505,12.803481
AT,AKC,urban,2023-04-09 05:00:00+00:00,1,16.3815,14.01044
AT,AKC,urban,2023-04-09 06:00:00+00:00,1,17.3515,16.381691
AT,AKC,urban,2023-04-09 07:00:00+00:00,1,18.294,16.899445
AT,AKC,urban,2023-04-09 08:00:00+00:00,1,14.0175,17.30936
AT,AKC,urban,2023-04-09 09:00:00+00:00,1,15.739,13.326724
AT,AKC,urban,2023-04-09 10:00:00+00:00,1,16.34,14.172232
AT,AKC,urban,2023-04-09 11:00:00+00:00,1,15.3445,15.82401
AT,AKC,urban,2023-04-09 12:00:00+00:00,1,16.145,14.649773
AT,AKC,urban,2023-04-09 13:00:00+00:00,1,16.4195,15.461254
AT,AKC,urban,2023-04-09 14:00:00+00:00,1,14.7375,16.00477
AT,AKC,urban,2023-04-09 15:00:00+00:00,1,12.373,14.197752
AT,AKC,urban,2023-04-09 16:00:00+00:00,1,13.3585,12.447861
AT,AKC,urban,2023-04-09 17:00:00+00:00,1,12.1185,13.365295
AT,AKC,urban,2023-04-09 18:00:00+00:00,1,12.4065,12.410286
AT,AKC,urban,2023-04-09 19:00:00+00:00,1,13.5375,12.461558
AT,AKC,urban,2023-04-09 20:00:00+00:00,1,12.836,12.982594
AT,AKC,urban,2023-04-09 21:00:00+00:00,1,13.1115,12.4185095
AT,AKC,urban,2023-04-09 22:00:00+00:00,1,13.052,12.893029
AT,AKC,urban,2023-04-09 23:00:00+00:00,1,12.2645,12.462035
AT,AKC,urban,2023-04-10 00:00:00+00:00,1,11.686,12.251901
AT,AKC,urban,2023-04-10 01:00:00+00:00,1,11.3895,11.527172
AT,AKC,urban,2023-04-10 02:00:00+00:00,1,11.3695,11.285106
AT,AKC,urban,2023-04-10 03:00:00+00:00,1,10.8945,11.404146
AT,AKC,urban,2023-04-10 04:00:00+00:00,1,11.1095,10.676022
AT,AKC,urban,2023-04-10 05:00:00+00:00,1,13.268,10.867799
AT,AKC,urban,2023-04-10 06:00:00+00:00,1,14.508,12.676174
AT,AKC,urban,2023-04-10 07:00:00+00:00,1,16.743,13.629519
AT,AKC,urban,2023-04-10 08:00:00+00:00,1,18.5985,15.930596
AT,AKC,urban,2023-04-10 09:00:00+00:00,1,18.466,17.57418
AT,AKC,urban,2023-04-10 10:00:00+00:00,1,18.633,17.66636
AT,AKC,urban,2023-04-10 11:00:00+00:00,1,18.078,17.74443
AT,AKC,urban,2023-04-10 12:00:00+00:00,1,17.441,17.236023
AT,AKC,urban,2023-04-10 13:00:00+00:00,1,16.5965,16.786806
AT,AKC,urban,2023-04-10 14:00:00+00:00,1,15.0245,15.881477
AT,AKC,urban,2023-04-10 15:00:00+00:00,1,15.902,14.603159
AT,AKC,urban,2023-04-10 16:00:00+00:00,1,16.659,15.468008
AT,AKC,urban,2023-04-10 17:00:00+00:00,1,18.8955,16.31515
AT,AKC,urban,2023-04-10 18:00:00+00:00,1,19.6645,18.393648
AT,AKC,urban,2023-04-10 19:00:00+00:00,1,18.496,19.773344
AT,AKC,urban,2023-04-10 20:00:00+00:00,1,17.773,17.941708
AT,AKC,urban,2023-04-10 21:00:00+00:00,1,16.1755,17.125797
AT,AKC,urban,2023-04-10 22:00:00+00:00,1,16.855,15.873389
AT,AKC,urban,2023-04-10 23:00:00+00:00,1,17.1345,16.530369
AT,AKC,urban,2023-04-11 00:00:00+00:00,1,17.9125,17.239351
AT,AKC,urban,2023-04-11 01:00:00+00:00,1,17.3145,18.072742
AT,AKC,urban,2023-04-11 02:00:00+00:00,1,19.3995,17.269533
AT,AKC,urban,2023-04-11 03:00:00+00:00,1,19.8555,19.278402
AT,AKC,urban,2023-04-11 04:00:00+00:00,1,24.0965,20.632927
AT,AKC,urban,2023-04-11 05:00:00+00:00,1,27.085,24.312757
AT,AKC,urban,2023-04-11 06:00:00+00:00,1,27.944,27.100813
AT,AKC,urban,2023-04-11 07:00:00+00:00,1,27.781,27.51471
AT,AKC,urban,2023-04-11 08:00:00+00:00,1,22.103,26.681519
AT,AKC,urban,2023-04-11 09:00:00+00:00,1,12.91785,21.311346
AT,AKC,urban,2023-04-11 10:00:00+00:00,1,23.484,10.38165
AT,AKC,urban,2023-04-11 11:00:00+00:00,1,9.93875,18.466667
AT,AKC,urban,2023-04-11 12:00:00+00:00,1,3.886399,12.063961
AT,AKC,urban,2023-04-11 13:00:00+00:00,1,3.492099,5.804421
AT,AKC,urban,2023-04-11 14:00:00+00:00,1,3.623499,4.578915
AT,AKC,urban,2023-04-11 15:00:00+00:00,1,2.49,3.7030213
AT,AKC,urban,2023-04-11 16:00:00+00:00,1,2.31815,3.4272718
AT,AKC,urban,2023-04-11 17:00:00+00:00,1,2.3459,2.7801545
AT,AKC,urban,2023-04-11 18:00:00+00:00,1,2.2466,2.5518708
AT,AKC,urban,2023-04-11 19:00:00+00:00,1,2.034849,2.5880156
AT,AKC,urban,2023-04-11 20:00:00+00:00,1,2.09845,2.3585355
AT,AKC,urban,2023-04-11 21:00:00+00:00,1,2.361449,2.3831284
AT,AKC,urban,2023-04-11 22:00:00+00:00,1,3.062,2.3918161
AT,AKC,urban,2023-04-11 23:00:00+00:00,1,3.320499,2.9994218
AT,AKC,urban,2023-04-12 00:00:00+00:00,1,3.29295,3.3441439
AT,AKC,urban,2023-04-12 01:00:00+00:00,1,3.829999,3.4151802
AT,AKC,urban,2023-04-12 02:00:00+00:00,1,4.74685,3.6924746
AT,AKC,urban,2023-04-12 03:00:00+00:00,1,4.019149,4.7813587
AT,AKC,urban,2023-04-12 04:00:00+00:00,1,4.867899,4.8740025
AT,AKC,urban,2023-04-12 05:00:00+00:00,1,3.774899,5.7016997
AT,AKC,urban,2023-04-12 06:00:00+00:00,1,5.1043,4.4390965
AT,AKC,urban,2023-04-12 07:00:00+00:00,1,5.7417,4.7420487
AT,AKC,urban,2023-04-12 08:00:00+00:00,1,6.2951,5.656103
AT,AKC,urban,2023-04-12 09:00:00+00:00,1,8.961,6.0613446
AT,AKC,urban,2023-04-12 10:00:00+00:00,1,10.66505,8.166311
AT,AKC,urban,2023-04-12 11:00:00+00:00,1,5.392549,9.884968
AT,AKC,urban,2023-04-12 12:00:00+00:00,1,8.024049,5.622251
AT,AKC,urban,2023-04-12 13:00:00+00:00,1,6.90625,7.406089
AT,AKC,urban,2023-04-12 14:00:00+00:00,1,5.451749,6.323166
AT,AKC,urban,2023-04-12 15:00:00+00:00,1,4.925,5.739401
AT,AKC,urban,2023-04-12 16:00:00+00:00,1,4.710149,5.098855
AT,AKC,urban,2023-04-12 17:00:00+00:00,1,6.57445,5.1175184
AT,AKC,urban,2023-04-12 18:00:00+00:00,1,7.136899,6.763912
AT,AKC,urban,2023-04-12 19:00:00+00:00,1,9.781949,7.4631424
AT,AKC,urban,2023-04-12 20:00:00+00:00,1,9.919899,10.073883
AT,AKC,urban,2023-04-12 21:00:00+00:00,1,10.8725,10.191331
AT,AKC,urban,2023-04-12 22:00:00+00:00,1,10.1381,10.964892
AT,AKC,urban,2023-04-12 23:00:00+00:00,1,10.16595,10.059675
AT,AKC,urban,2023-04-13 00:00:00+00:00,1,8.717049,10.044536
AT,AKC,urban,2023-04-13 01:00:00+00:00,1,5.271699,8.332927
AT,AKC,urban,2023-04-13 02:00:00+00:00,1,8.3225,4.733139
AT,AKC,urban,2023-04-13 03:00:00+00:00,1,6.11075,6.7844605
AT,AKC,urban,2023-04-13 04:00:00+00:00,1,2.964449,6.1446567
AT,AKC,urban,2023-04-13 05:00:00+00:00,1,3.13205,3.7709138
AT,AKC,urban,2023-04-13 06:00:00+00:00,1,2.5815,3.1561341
AT,AKC,urban,2023-04-13 07:00:00+00:00,1,2.80865,2.9959602
AT,AKC,urban,2023-04-13 08:00:00+00:00,1,2.125599,3.0228698
AT,AKC,urban,2023-04-13 09:00:00+00:00,1,2.067299,2.4915774
AT,AKC,urban,2023-04-13 10:00:00+00:00,1,2.509099,2.3307073
AT,AKC,urban,2023-04-13 11:00:00+00:00,1,2.2266,2.4539487
AT,AKC,urban,2023-04-13 12:00:00+00:00,1,1.89355,2.3586266
AT,AKC,urban,2023-04-13 13:00:00+00:00,1,2.2297,2.192286
AT,AKC,urban,2023-04-13 14:00:00+00:00,1,2.246449,2.276876
AT,AKC,urban,2023-04-13 15:00:00+00:00,1,2.53705,2.298969
AT,AKC,urban,2023-04-13 16:00:00+00:00,1,3.06615,2.5283706
AT,AKC,urban,2023-04-13 17:00:00+00:00,1,3.15485,3.0167582
AT,AKC,urban,2023-04-13 18:00:00+00:00,1,3.15755,3.1715841
AT,AKC,urban,2023-04-13 19:00:00+00:00,1,3.84455,3.3206892
AT,AKC,urban,2023-04-13 20:00:00+00:00,1,4.674349,3.7173064
AT,AKC,urban,2023-04-13 21:00:00+00:00,1,5.83755,4.4493656
AT,AKC,urban,2023-04-13 22:00:00+00:00,1,6.278049,5.49785
AT,AKC,urban,2023-04-13 23:00:00+00:00,1,4.835899,6.040633
AT,AKC,urban,2023-04-14 00:00:00+00:00,1,2.675549,4.830466
AT,AKC,urban,2023-04-14 01:00:00+00:00,1,1.547549,3.2491987
AT,AKC,urban,2023-04-14 02:00:00+00:00,1,1.600899,2.4969082
AT,AKC,urban,2023-04-14 03:00:00+00:00,1,1.444849,2.0244431
AT,AKC,urban,2023-04-14 04:00:00+00:00,1,1.818099,1.7524182
AT,AKC,urban,2023-04-14 05:00:00+00:00,1,1.44595,1.8145088
AT,AKC,urban,2023-04-14 06:00:00+00:00,1,1.667599,1.7722487
AT,AKC,urban,2023-04-14 07:00:00+00:00,1,1.7093,1.7557871
AT,AKC,urban,2023-04-14 08:00:00+00:00,1,1.937799,1.8012332
AT,AKC,urban,2023-04-14 09:00:00+00:00,1,1.65575,2.0149837
AT,AKC,urban,2023-04-14 10:00:00+00:00,1,1.689049,2.0117397
AT,AKC,urban,2023-04-14 11:00:00+00:00,1,1.622499,2.0104399
AT,AKC,urban,2023-04-14 12:00:00+00:00,1,1.55865,1.9847246
AT,AKC,urban,2023-04-14 13:00:00+00:00,1,1.406949,1.8441036
AT,AKC,urban,2023-04-14 14:00:00+00:00,1,1.363049,1.825167
AT,AKC,urban,2023-04-14 15:00:00+00:00,1,1.422299,1.680433
AT,AKC,urban,2023-04-14 16:00:00+00:00,1,1.5329,1.7376845
AT,AKC,urban,2023-04-14 17:00:00+00:00,1,1.60175,1.7476641
AT,AKC,urban,2023-04-14 18:00:00+00:00,1,1.5805,1.7751721
AT,AKC,urban,2023-04-14 19:00:00+00:00,1,1.5139,1.7376033
AT,AKC,urban,2023-04-14 20:00:00+00:00,1,1.50255,1.6719284
AT,AKC,urban,2023-04-14 21:00:00+00:00,1,1.48175,1.6598661
AT,AKC,urban,2023-04-14 22:00:00+00:00,1,1.351599,1.5919449
AT,AKC,urban,2023-04-14 23:00:00+00:00,1,1.142199,1.6047379
AT,AKC,urban,2023-04-15 00:00:00+00:00,1,1.059999,1.4332358
AT,AKC,urban,2023-04-15 01:00:00+00:00,1,1.159549,1.4388683
AT,AKC,urban,2023-04-15 02:00:00+00:00,1,1.22405,1.4600588
AT,AKC,urban,2023-04-15 03:00:00+00:00,1,6.15625,1.5115775
AT,AKC,urban,2023-04-15 04:00:00+00:00,1,4.837349,4.9738336
AT,AKC,urban,2023-04-15 05:00:00+00:00,1,5.248,4.924802
AT,AKC,urban,2023-04-15 06:00:00+00:00,1,2.768199,5.265031
AT,AKC,urban,2023-04-15 07:00:00+00:00,1,3.921099,3.6772256
AT,AKC,urban,2023-04-15 08:00:00+00:00,1,2.35885,3.7957864
AT,AKC,urban,2023-04-15 09:00:00+00:00,1,1.54305,2.929199
AT,AKC,urban,2023-04-15 10:00:00+00:00,1,1.52005,2.2829235
AT,AKC,urban,2023-04-15 11:00:00+00:00,1,1.282099,1.8912547
AT,AKC,urban,2023-04-15 12:00:00+00:00,1,1.24775,1.5412469
AT,AKC,urban,2023-04-15 13:00:00+00:00,1,1.364249,1.5336086
AT,AKC,urban,2023-04-15 14:00:00+00:00,1,1.5917,1.4625194
AT,AKC,urban,2023-04-15 15:00:00+00:00,1,1.645449,1.6402723
AT,AKC,urban,2023-04-15 16:00:00+00:00,1,1.8801,1.7458704
AT,AKC,urban,2023-04-15 17:00:00+00:00,1,2.54045,1.9760941
AT,AKC,urban,2023-04-15 18:00:00+00:00,1,2.78415,2.4478314
AT,AKC,urban,2023-04-15 19:00:00+00:00,1,3.024049,2.7620187
AT,AKC,urban,2023-04-15 20:00:00+00:00,1,2.88875,2.9619884
AT,AKC,urban,2023-04-15 21:00:00+00:00,1,2.8615,2.942387
AT,AKC,urban,2023-04-15 22:00:00+00:00,1,2.7802,2.8796701
AT,AKC,urban,2023-04-15 23:00:00+00:00,1,2.9955,2.8454473
AT,AKC,urban,2023-04-16 00:00:00+00:00,1,3.7498,2.994518
AT,AKC,urban,2023-04-16 01:00:00+00:00,1,4.9989,3.484625
AT,AKC,urban,2023-04-16 02:00:00+00:00,1,5.9446,4.7559404
AT,AKC,urban,2023-04-16 03:00:00+00:00,1,8.757049,5.962246
AT,AKC,urban,2023-04-16 04:00:00+00:00,1,10.878,8.71621
AT,AKC,urban,2023-04-16 05:00:00+00:00,1,11.746,10.276244
AT,AKC,urban,2023-04-16 06:00:00+00:00,1,8.374799,11.083942
AT,AKC,urban,2023-04-16 07:00:00+00:00,1,7.717649,7.875429
AT,AKC,urban,2023-04-16 08:00:00+00:00,1,5.020249,7.020026
AT,AKC,urban,2023-04-16 09:00:00+00:00,1,5.377249,5.0250607
AT,AKC,urban,2023-04-16 10:00:00+00:00,1,4.515999,4.8179235
AT,AKC,urban,2023-04-16 11:00:00+00:00,1,3.60125,4.594863
AT,AKC,urban,2023-04-16 12:00:00+00:00,1,3.406849,3.757402
AT,AKC,urban,2023-04-16 13:00:00+00:00,1,3.426449,3.4466171
AT,AKC,urban,2023-04-16 14:00:00+00:00,1,4.0151,3.3764215
AT,AKC,urban,2023-04-16 15:00:00+00:00,1,4.978349,3.6724725
AT,AKC,urban,2023-04-16 16:00:00+00:00,1,7.13175,4.8140726
AT,AKC,urban,2023-04-16 17:00:00+00:00,1,7.144,6.987201
AT,AKC,urban,2023-04-16 18:00:00+00:00,1,6.390399,6.93183
AT,AKC,urban,2023-04-16 19:00:00+00:00,1,5.763549,6.143537
AT,AKC,urban,2023-04-16 20:00:00+00:00,1,5.98035,5.7036705
AT,AKC,urban,2023-04-16 21:00:00+00:00,1,5.70655,5.727483
AT,AKC,urban,2023-04-16 22:00:00+00:00,1,6.04575,5.6360693
AT,AKC,urban,2023-04-16 23:00:00+00:00,1,6.46825,5.820603
AT,AKC,urban,2023-04-17 00:00:00+00:00,1,6.853799,6.218334
AT,AKC,urban,2023-04-17 01:00:00+00:00,1,6.753749,6.556045
AT,AKC,urban,2023-04-17 02:00:00+00:00,1,7.249449,6.6223526
AT,AKC,urban,2023-04-17 03:00:00+00:00,1,8.101599,7.0326743
AT,AKC,urban,2023-04-17 04:00:00+00:00,1,9.043849,8.115262
AT,AKC,urban,2023-04-17 05:00:00+00:00,1,9.5634,8.991174
AT,AKC,urban,2023-04-17 06:00:00+00:00,1,9.8306,9.414375
AT,AKC,urban,2023-04-17 07:00:00+00:00,1,10.548,8.852646
AT,AKC,urban,2023-04-17 08:00:00+00:00,1,11.1075,10.039818
AT,AKC,urban,2023-04-17 09:00:00+00:00,1,11.4755,9.719116
AT,AKC,urban,2023-04-17 10:00:00+00:00,1,11.895,10.456123
AT,AKC,urban,2023-04-17 11:00:00+00:00,1,11.503,11.25144
AT,AKC,urban,2023-04-17 12:00:00+00:00,1,11.5695,11.027118
AT,AKC,urban,2023-04-17 13:00:00+00:00,1,12.143,10.771725
AT,AKC,urban,2023-04-17 14:00:00+00:00,1,10.545,11.530724
AT,AKC,urban,2023-04-17 15:00:00+00:00,1,10.7585,10.053057
AT,AKC,urban,2023-04-17 16:00:00+00:00,1,11.5665,11.041733
AT,AKC,urban,2023-04-17 17:00:00+00:00,1,11.76155,10.765058
AT,AKC,urban,2023-04-17 18:00:00+00:00,1,9.77165,11.720762
AT,AKC,urban,2023-04-17 19:00:00+00:00,1,11.7165,9.540931
AT,AKC,urban,2023-04-17 20:00:00+00:00,1,13.2295,10.901323
AT,AKC,urban,2023-04-17 21:00:00+00:00,1,11.966,12.812924
AT,AKC,urban,2023-04-17 22:00:00+00:00,1,11.049,11.716001
AT,AKC,urban,2023-04-17 23:00:00+00:00,1,9.193399,10.828554
AT,AKC,urban,2023-04-18 00:00:00+00:00,1,6.8114,8.890744
AT,AKC,urban,2023-04-18 01:00:00+00:00,1,5.445549,6.647353
AT,AKC,urban,2023-04-18 02:00:00+00:00,1,4.772799,5.5302715
AT,AKC,urban,2023-04-18 03:00:00+00:00,1,4.24545,5.1741323
AT,AKC,urban,2023-04-18 04:00:00+00:00,1,4.69705,4.5382495
AT,AKC,urban,2023-04-18 05:00:00+00:00,1,4.38555,4.76035
AT,AKC,urban,2023-04-18 06:00:00+00:00,1,5.44525,4.78852
AT,AKC,urban,2023-04-18 07:00:00+00:00,1,8.0186,5.452441
AT,AKC,urban,2023-04-18 08:00:00+00:00,1,9.2413,7.885299
AT,AKC,urban,2023-04-18 09:00:00+00:00,1,10.02185,9.120559
AT,AKC,urban,2023-04-18 10:00:00+00:00,1,10.0045,9.999928
AT,AKC,urban,2023-04-18 11:00:00+00:00,1,8.720549,9.740122
AT,AKC,urban,2023-04-18 12:00:00+00:00,1,8.6247,8.510038
AT,AKC,urban,2023-04-18 13:00:00+00:00,1,8.80465,8.622908
AT,AKC,urban,2023-04-18 14:00:00+00:00,1,11.1725,8.775849
AT,AKC,urban,2023-04-18 15:00:00+00:00,1,12.097,10.13738
AT,AKC,urban,2023-04-18 16:00:00+00:00,1,12.401,10.910214
AT,AKC,urban,2023-04-18 17:00:00+00:00,1,11.403,11.961487
AT,AKC,urban,2023-04-18 18:00:00+00:00,1,10.142,11.281141
AT,AKC,urban,2023-04-18 19:00:00+00:00,1,10.186,9.873838
AT,AKC,urban,2023-04-18 20:00:00+00:00,1,11.081,10.058159
AT,AKC,urban,2023-04-18 21:00:00+00:00,1,11.97,10.898115
AT,AKC,urban,2023-04-18 22:00:00+00:00,1,12.5415,11.5621195
AT,AKC,urban,2023-04-18 23:00:00+00:00,1,14.1065,12.101087
AT,AKC,urban,2023-04-19 00:00:00+00:00,1,15.404,13.423381
AT,AKC,urban,2023-04-19 01:00:00+00:00,1,16.7435,14.692239
AT,AKC,urban,2023-04-19 02:00:00+00:00,1,18.8335,16.421303
AT,AKC,urban,2023-04-19 03:00:00+00:00,1,19.9245,17.948927
AT,AKC,urban,2023-04-19 04:00:00+00:00,1,19.8435,19.666817
AT,AKC,urban,2023-04-19 05:00:00+00:00,1,19.644,19.726774
AT,AKC,urban,2023-04-19 06:00:00+00:00,1,15.0415,18.339554
AT,AKC,urban,2023-04-19 07:00:00+00:00,1,11.7765,13.207504
AT,AKC,urban,2023-04-19 08:00:00+00:00,1,7.850399,9.425206
AT,AKC,urban,2023-04-19 09:00:00+00:00,1,8.524349,7.1516957
AT,AKC,urban,2023-04-19 10:00:00+00:00,1,9.01305,8.123326
AT,AKC,urban,2023-04-19 11:00:00+00:00,1,7.563049,8.956637
AT,AKC,urban,2023-04-19 12:00:00+00:00,1,7.485699,7.9911985
AT,AKC,urban,2023-04-19 13:00:00+00:00,1,6.49495,8.186452
AT,AKC,urban,2023-04-19 14:00:00+00:00,1,6.204999,7.1158466
AT,AKC,urban,2023-04-19 15:00:00+00:00,1,5.746649,6.3189616
AT,AKC,urban,2023-04-19 16:00:00+00:00,1,6.990349,5.8861504
AT,AKC,urban,2023-04-19 17:00:00+00:00,1,7.670499,7.0065384
AT,AKC,urban,2023-04-19 18:00:00+00:00,1,7.856999,7.7412915
AT,AKC,urban,2023-04-19 19:00:00+00:00,1,7.816299,7.884549
AT,AKC,urban,2023-04-19 20:00:00+00:00,1,7.95005,8.020816
AT,AKC,urban,2023-04-19 21:00:00+00:00,1,8.725599,7.9860334
AT,AKC,urban,2023-04-19 22:00:00+00:00,1,9.88595,8.548454
AT,AKC,urban,2023-04-19 23:00:00+00:00,1,10.09015,9.645637
AT,AKC,urban,2023-04-20 00:00:00+00:00,1,9.5895,9.968749
AT,AKC,urban,2023-04-20 01:00:00+00:00,1,11.0825,9.439213
AT,AKC,urban,2023-04-20 02:00:00+00:00,1,13.046,10.970435
AT,AKC,urban,2023-04-20 03:00:00+00:00,1,14.9905,13.0717
AT,AKC,urban,2023-04-20 04:00:00+00:00,1,15.9605,14.862174
AT,AKC,urban,2023-04-20 05:00:00+00:00,1,15.89,15.917598
AT,AKC,urban,2023-04-20 06:00:00+00:00,1,16.8145,15.47139
AT,AKC,urban,2023-04-20 07:00:00+00:00,1,17.2105,16.180353
AT,AKC,urban,2023-04-20 08:00:00+00:00,1,17.6835,16.82047
AT,AKC,urban,2023-04-20 09:00:00+00:00,1,16.574,17.111567
AT,AKC,urban,2023-04-20 10:00:00+00:00,1,15.293,15.764215
AT,AKC,urban,2023-04-20 11:00:00+00:00,1,14.216,15.321618
AT,AKC,urban,2023-04-20 12:00:00+00:00,1,13.8795,13.785812
AT,AKC,urban,2023-04-20 13:00:00+00:00,1,12.9175,13.5644865
AT,AKC,urban,2023-04-20 14:00:00+00:00,1,12.8825,12.569842
AT,AKC,urban,2023-04-20 15:00:00+00:00,1,12.7155,12.50841
AT,AKC,urban,2023-04-20 16:00:00+00:00,1,15.207,12.822998
AT,AKC,urban,2023-04-20 17:00:00+00:00,1,17.055,15.341994
AT,AKC,urban,2023-04-20 18:00:00+00:00,1,18.676,17.730082
AT,AKC,urban,2023-04-20 19:00:00+00:00,1,20.055,19.083393
AT,AKC,urban,2023-04-20 20:00:00+00:00,1,18.751,19.842701
AT,AKC,urban,2023-04-20 21:00:00+00:00,1,18.7735,18.649248
AT,AKC,urban,2023-04-20 22:00:00+00:00,1,18.0105,18.661734
AT,AKC,urban,2023-04-20 23:00:00+00:00,1,18.1505,17.792263
AT,AKC,urban,2023-04-21 00:00:00+00:00,1,18.7315,17.88969
AT,AKC,urban,2023-04-21 01:00:00+00:00,1,19.3975,18.236967
AT,AKC,urban,2023-04-21 02:00:00+00:00,1,19.9415,19.390331
AT,AKC,urban,2023-04-21 03:00:00+00:00,1,21.1385,20.803375
AT,AKC,urban,2023-04-21 04:00:00+00:00,1,23.3085,21.85466
AT,AKC,urban,2023-04-21 05:00:00+00:00,1,24.0385,23.375626
AT,AKC,urban,2023-04-21 06:00:00+00:00,1,17.903,24.466269
AT,AKC,urban,2023-04-21 07:00:00+00:00,1,15.082,17.067574
AT,AKC,urban,2023-04-21 08:00:00+00:00,1,12.8365,15.76153
AT,AKC,urban,2023-04-21 09:00:00+00:00,1,11.2735,13.181293
AT,AKC,urban,2023-04-21 10:00:00+00:00,1,9.79465,11.619493
AT,AKC,urban,2023-04-21 11:00:00+00:00,1,9.687649,9.6561365
AT,AKC,urban,2023-04-21 12:00:00+00:00,1,9.04775,9.882752
AT,AKC,urban,2023-04-21 13:00:00+00:00,1,9.45825,9.535175
AT,AKC,urban,2023-04-21 14:00:00+00:00,1,9.99385,9.761043
AT,AKC,urban,2023-04-21 15:00:00+00:00,1,10.352,10.083666
AT,AKC,urban,2023-04-21 16:00:00+00:00,1,11.0545,10.838136
AT,AKC,urban,2023-04-21 17:00:00+00:00,1,12.784,11.896234
AT,AKC,urban,2023-04-21 18:00:00+00:00,1,15.808,13.93079
AT,AKC,urban,2023-04-21 19:00:00+00:00,1,16.626,15.919929
AT,AKC,urban,2023-04-21 20:00:00+00:00,1,18.0685,17.380524
AT,AKC,urban,2023-04-21 21:00:00+00:00,1,15.3035,18.274769
AT,AKC,urban,2023-04-21 22:00:00+00:00,1,13.6755,16.34548
AT,AKC,urban,2023-04-21 23:00:00+00:00,1,13.3775,13.777926
AT,AKC,urban,2023-04-22 00:00:00+00:00,1,14.471,13.750171
AT,AKC,urban,2023-04-22 01:00:00+00:00,1,16.477,14.634814
AT,AKC,urban,2023-04-22 02:00:00+00:00,1,17.5555,16.625498
AT,AKC,urban,2023-04-22 03:00:00+00:00,1,17.382,17.853582
AT,AKC,urban,2023-04-22 04:00:00+00:00,1,20.592,17.822813
AT,AKC,urban,2023-04-22 05:00:00+00:00,1,20.8755,20.684065
AT,AKC,urban,2023-04-22 06:00:00+00:00,1,18.59,21.374836
AT,AKC,urban,2023-04-22 07:00:00+00:00,1,17.234,18.461056
AT,AKC,urban,2023-04-22 08:00:00+00:00,1,11.472,15.749195
AT,AKC,urban,2023-04-22 09:00:00+00:00,1,9.59625,10.703921
AT,AKC,urban,2023-04-22 10:00:00+00:00,1,8.476299,9.22985
AT,AKC,urban,2023-04-22 11:00:00+00:00,1,7.816599,8.163424
AT,AKC,urban,2023-04-22 12:00:00+00:00,1,7.240799,8.0747
AT,AKC,urban,2023-04-22 13:00:00+00:00,1,7.6416,7.495802
AT,AKC,urban,2023-04-22 14:00:00+00:00,1,7.774549,7.831103
AT,AKC,urban,2023-04-22 15:00:00+00:00,1,8.014599,8.213438
AT,AKC,urban,2023-04-22 16:00:00+00:00,1,8.666399,8.507604
AT,AKC,urban,2023-04-22 17:00:00+00:00,1,9.7145,9.130365
AT,AKC,urban,2023-04-22 18:00:00+00:00,1,10.2385,9.982081
AT,AKC,urban,2023-04-22 19:00:00+00:00,1,10.4165,10.833168
AT,AKC,urban,2023-04-22 20:00:00+00:00,1,10.7925,10.90245
AT,AKC,urban,2023-04-22 21:00:00+00:00,1,11.085,11.13816
AT,AKC,urban,2023-04-22 22:00:00+00:00,1,10.7075,11.37621
AT,AKC,urban,2023-04-22 23:00:00+00:00,1,10.519,11.151442
AT,AKC,urban,2023-04-23 00:00:00+00:00,1,10.887,11.018896
AT,AKC,urban,2023-04-23 01:00:00+00:00,1,11.788,11.109856
AT,AKC,urban,2023-04-23 02:00:00+00:00,1,11.714,11.801546
AT,AKC,urban,2023-04-23 03:00:00+00:00,1,12.603,12.135726
AT,AKC,urban,2023-04-23 04:00:00+00:00,1,15.442,12.812685
AT,AKC,urban,2023-04-23 05:00:00+00:00,1,16.414,15.865811
AT,AKC,urban,2023-04-23 06:00:00+00:00,1,15.58,16.27103
AT,AKC,urban,2023-04-23 07:00:00+00:00,1,13.471,14.722957
AT,AKC,urban,2023-04-23 08:00:00+00:00,1,11.4805,12.376157
AT,AKC,urban,2023-04-23 09:00:00+00:00,1,8.68885,10.61399
AT,AKC,urban,2023-04-23 10:00:00+00:00,1,7.84025,8.328335
AT,AKC,urban,2023-04-23 11:00:00+00:00,1,7.566349,8.031482
AT,AKC,urban,2023-04-23 12:00:00+00:00,1,6.90665,7.653077
AT,AKC,urban,2023-04-23 13:00:00+00:00,1,7.545499,7.2642922
AT,AKC,urban,2023-04-23 14:00:00+00:00,1,7.742599,7.6778107
AT,AKC,urban,2023-04-23 15:00:00+00:00,1,8.138099,7.8365602
AT,AKC,urban,2023-04-23 16:00:00+00:00,1,5.92885,8.226685
AT,AKC,urban,2023-04-23 17:00:00+00:00,1,4.16975,6.726117
AT,AKC,urban,2023-04-23 18:00:00+00:00,1,5.138949,4.403076
AT,AKC,urban,2023-04-23 19:00:00+00:00,1,5.646149,5.500968
AT,AKC,urban,2023-04-23 20:00:00+00:00,1,7.372949,6.294443
AT,AKC,urban,2023-04-23 21:00:00+00:00,1,7.765249,7.4531565
AT,AKC,urban,2023-04-23 22:00:00+00:00,1,8.404199,7.8154354
AT,AKC,urban,2023-04-23 23:00:00+00:00,1,8.284349,8.364089
AT,AKC,urban,2023-04-24 00:00:00+00:00,1,9.1552,8.588001
AT,AKC,urban,2023-04-24 01:00:00+00:00,1,7.11985,9.281343
AT,AKC,urban,2023-04-24 02:00:00+00:00,1,5.7255,7.6180954
AT,AKC,urban,2023-04-24 03:00:00+00:00,1,5.63975,5.918553
AT,AKC,urban,2023-04-24 04:00:00+00:00,1,5.5836,6.869708
AT,AKC,urban,2023-04-24 05:00:00+00:00,1,6.279,6.1986804
AT,AKC,urban,2023-04-24 06:00:00+00:00,1,4.811749,6.376027
AT,AKC,urban,2023-04-24 07:00:00+00:00,1,4.4071,5.3948426
AT,AKC,urban,2023-04-24 08:00:00+00:00,1,2.66345,4.608809
AT,AKC,urban,2023-04-24 09:00:00+00:00,1,2.47965,2.9385133
AT,AKC,urban,2023-04-24 10:00:00+00:00,1,2.761149,2.9059277
AT,AKC,urban,2023-04-24 11:00:00+00:00,1,3.415699,2.8298793
AT,AKC,urban,2023-04-24 12:00:00+00:00,1,3.3652,3.2606442
AT,AKC,urban,2023-04-24 13:00:00+00:00,1,3.1092,3.4864018
AT,AKC,urban,2023-04-24 14:00:00+00:00,1,2.7044,3.3291178
AT,AKC,urban,2023-04-24 15:00:00+00:00,1,2.202099,2.987888
AT,AKC,urban,2023-04-24 16:00:00+00:00,1,3.061399,2.703122
AT,AKC,urban,2023-04-24 17:00:00+00:00,1,3.014349,2.9034848
AT,AKC,urban,2023-04-24 18:00:00+00:00,1,3.26095,3.163101
AT,AKC,urban,2023-04-24 19:00:00+00:00,1,3.4602,3.2251892
AT,AKC,urban,2023-04-24 20:00:00+00:00,1,3.7424,3.4451551
AT,AKC,urban,2023-04-24 21:00:00+00:00,1,3.658699,3.7482448
AT,AKC,urban,2023-04-24 22:00:00+00:00,1,3.8391,3.6836166
AT,AKC,urban,2023-04-24 23:00:00+00:00,1,3.886349,3.9028864
AT,AKC,urban,2023-04-25 00:00:00+00:00,1,4.287849,3.9446917
AT,AKC,urban,2023-04-25 01:00:00+00:00,1,4.707949,4.2001
AT,AKC,urban,2023-04-25 02:00:00+00:00,1,5.3171,4.675831
AT,AKC,urban,2023-04-25 03:00:00+00:00,1,5.528949,5.2578654
AT,AKC,urban,2023-04-25 04:00:00+00:00,1,6.38545,5.7189965
AT,AKC,urban,2023-04-25 05:00:00+00:00,1,6.123849,6.787189
AT,AKC,urban,2023-04-25 06:00:00+00:00,1,6.302499,6.245846
AT,AKC,urban,2023-04-25 07:00:00+00:00,1,7.5453,5.8923545
AT,AKC,urban,2023-04-25 08:00:00+00:00,1,6.477799,6.796562
AT,AKC,urban,2023-04-25 09:00:00+00:00,1,4.31785,7.1314206
AT,AKC,urban,2023-04-25 10:00:00+00:00,1,5.65015,5.347201
AT,AKC,urban,2023-04-25 11:00:00+00:00,1,4.17005,5.093115
AT,AKC,urban,2023-04-25 12:00:00+00:00,1,4.2959,5.1335564
AT,AKC,urban,2023-04-25 13:00:00+00:00,1,3.8245,4.212557
AT,AKC,urban,2023-04-25 14:00:00+00:00,1,3.286399,4.1927495
AT,AKC,urban,2023-04-25 15:00:00+00:00,1,2.431449,3.6476033
AT,AKC,urban,2023-04-25 16:00:00+00:00,1,2.663849,2.770734
AT,AKC,urban,2023-04-25 17:00:00+00:00,1,2.403699,2.6646926
AT,AKC,urban,2023-04-25 18:00:00+00:00,1,2.382599,2.522588
AT,AKC,urban,2023-04-25 19:00:00+00:00,1,2.858299,2.4858577
AT,AKC,urban,2023-04-25 20:00:00+00:00,1,3.305249,2.667997
AT,AKC,urban,2023-04-25 21:00:00+00:00,1,5.18865,3.1336994
AT,AKC,urban,2023-04-25 22:00:00+00:00,1,7.5081,4.919225
AT,AKC,urban,2023-04-25 23:00:00+00:00,1,9.512,7.05024
AT,AKC,urban,2023-04-26 00:00:00+00:00,1,8.74085,9.237661
AT,AKC,urban,2023-04-26 01:00:00+00:00,1,7.8044,8.756577
AT,AKC,urban,2023-04-26 02:00:00+00:00,1,7.12515,8.191942
AT,AKC,urban,2023-04-26 03:00:00+00:00,1,7.69375,7.57698
AT,AKC,urban,2023-04-26 04:00:00+00:00,1,7.673399,8.013539
AT,AKC,urban,2023-04-26 05:00:00+00:00,1,7.578299,7.7953463
AT,AKC,urban,2023-04-26 06:00:00+00:00,1,7.430999,7.468619
AT,AKC,urban,2023-04-26 07:00:00+00:00,1,7.20565,7.385643
AT,AKC,urban,2023-04-26 08:00:00+00:00,1,6.572299,7.1689487
AT,AKC,urban,2023-04-26 09:00:00+00:00,1,7.0454,6.0701075
AT,AKC,urban,2023-04-26 10:00:00+00:00,1,6.736,6.604402
AT,AKC,urban,2023-04-26 11:00:00+00:00,1,5.23325,6.8630223
AT,AKC,urban,2023-04-26 12:00:00+00:00,1,4.862199,5.427784
AT,AKC,urban,2023-04-26 13:00:00+00:00,1,4.65285,4.8291464
AT,AKC,urban,2023-04-26 14:00:00+00:00,1,4.747799,4.7201147
AT,AKC,urban,2023-04-26 15:00:00+00:00,1,4.8315,4.9110146
AT,AKC,urban,2023-04-26 16:00:00+00:00,1,5.650349,4.872161
AT,AKC,urban,2023-04-26 17:00:00+00:00,1,6.807399,5.5047445
AT,AKC,urban,2023-04-26 18:00:00+00:00,1,7.656849,6.943427
AT,AKC,urban,2023-04-26 19:00:00+00:00,1,7.802949,7.8535924
AT,AKC,urban,2023-04-26 20:00:00+00:00,1,7.2603,7.967512
AT,AKC,urban,2023-04-26 21:00:00+00:00,1,7.10245,7.6558824
AT,AKC,urban,2023-04-26 22:00:00+00:00,1,7.2167,7.2700953
AT,AKC,urban,2023-04-26 23:00:00+00:00,1,6.65365,7.461804
AT,AKC,urban,2023-04-27 00:00:00+00:00,1,6.500199,6.8817
AT,AKC,urban,2023-04-27 01:00:00+00:00,1,6.406,6.8768134
AT,AKC,urban,2023-04-27 02:00:00+00:00,1,7.360849,6.5984626
AT,AKC,urban,2023-04-27 03:00:00+00:00,1,8.569399,7.756607
AT,AKC,urban,2023-04-27 04:00:00+00:00,1,9.347999,9.674671
AT,AKC,urban,2023-04-27 05:00:00+00:00,1,9.931299,9.211449
AT,AKC,urban,2023-04-27 06:00:00+00:00,1,9.76555,10.10246
AT,AKC,urban,2023-04-27 07:00:00+00:00,1,10.201,9.15421
AT,AKC,urban,2023-04-27 08:00:00+00:00,1,10.23425,9.558036
AT,AKC,urban,2023-04-27 09:00:00+00:00,1,9.76835,9.730907
AT,AKC,urban,2023-04-27 10:00:00+00:00,1,10.5965,9.120771
AT,AKC,urban,2023-04-27 11:00:00+00:00,1,10.73,9.895635
AT,AKC,urban,2023-04-27 12:00:00+00:00,1,8.502949,10.345705
AT,AKC,urban,2023-04-27 13:00:00+00:00,1,6.892299,9.208662
AT,AKC,urban,2023-04-27 14:00:00+00:00,1,6.5945,6.625093
AT,AKC,urban,2023-04-27 15:00:00+00:00,1,6.375699,6.41062
AT,AKC,urban,2023-04-27 16:00:00+00:00,1,6.876599,6.528153
AT,AKC,urban,2023-04-27 17:00:00+00:00,1,8.571399,7.3189273
AT,AKC,urban,2023-04-27 18:00:00+00:00,1,9.543149,9.095057
AT,AKC,urban,2023-04-27 19:00:00+00:00,1,9.55055,10.036003
AT,AKC,urban,2023-04-27 20:00:00+00:00,1,11.328,9.869779
AT,AKC,urban,2023-04-27 21:00:00+00:00,1,10.7595,11.515465
AT,AKC,urban,2023-04-27 22:00:00+00:00,1,11.548,10.760909
AT,AKC,urban,2023-04-27 23:00:00+00:00,1,11.407,11.49756
AT,AKC,urban,2023-04-28 00:00:00+00:00,1,10.765,11.555953
AT,AKC,urban,2023-04-28 01:00:00+00:00,1,11.6755,10.873885
AT,AKC,urban,2023-04-28 02:00:00+00:00,1,12.904,11.760431
AT,AKC,urban,2023-04-28 03:00:00+00:00,1,13.5005,13.183153
AT,AKC,urban,2023-04-28 04:00:00+00:00,1,14.4195,13.943806
AT,AKC,urban,2023-04-28 05:00:00+00:00,1,13.588,14.570915
AT,AKC,urban,2023-04-28 06:00:00+00:00,1,12.301,13.873634
AT,AKC,urban,2023-04-28 07:00:00+00:00,1,10.32805,12.137356
AT,AKC,urban,2023-04-28 08:00:00+00:00,1,9.772999,10.986405
AT,AKC,urban,2023-04-28 09:00:00+00:00,1,9.5297,9.0755005
AT,AKC,urban,2023-04-28 10:00:00+00:00,1,7.636699,9.786318
AT,AKC,urban,2023-04-28 11:00:00+00:00,1,8.455299,7.8234067
AT,AKC,urban,2023-04-28 12:00:00+00:00,1,8.007949,8.300808
AT,AKC,urban,2023-04-28 13:00:00+00:00,1,8.339449,8.133561
AT,AKC,urban,2023-04-28 14:00:00+00:00,1,9.354249,8.068682
AT,AKC,urban,2023-04-28 15:00:00+00:00,1,10.593,8.824044
AT,AKC,urban,2023-04-28 16:00:00+00:00,1,11.5605,10.661642
AT,AKC,urban,2023-04-28 17:00:00+00:00,1,12.1045,11.432758
AT,AKC,urban,2023-04-28 18:00:00+00:00,1,14.42,12.319137
AT,AKC,urban,2023-04-28 19:00:00+00:00,1,14.4195,14.608762
AT,AKC,urban,2023-04-28 20:00:00+00:00,1,15.2775,14.231108
AT,AKC,urban,2023-04-28 21:00:00+00:00,1,15.8805,15.216806
AT,AKC,urban,2023-04-28 22:00:00+00:00,1,15.844,16.061916
AT,AKC,urban,2023-04-28 23:00:00+00:00,1,17.223,16.140297
AT,AKC,urban,2023-04-29 00:00:00+00:00,1,15.9685,17.130642
AT,AKC,urban,2023-04-29 01:00:00+00:00,1,18.609,15.359469
AT,AKC,urban,2023-04-29 02:00:00+00:00,1,17.1,17.717808
AT,AKC,urban,2023-04-29 03:00:00+00:00,1,16.4695,16.43367
AT,AKC,urban,2023-04-29 04:00:00+00:00,1,16.991,16.111084
AT,AKC,urban,2023-04-29 05:00:00+00:00,1,15.3615,16.535772
AT,AKC,urban,2023-04-29 06:00:00+00:00,1,13.1255,16.324137
AT,AKC,urban,2023-04-29 07:00:00+00:00,1,9.42595,11.891361
AT,AKC,urban,2023-04-29 08:00:00+00:00,1,6.011799,8.268106
AT,AKC,urban,2023-04-29 09:00:00+00:00,1,6.3895,5.783551
AT,AKC,urban,2023-04-29 10:00:00+00:00,1,12.968,6.1495643
AT,AKC,urban,2023-04-29 11:00:00+00:00,1,10.4085,11.232675
AT,AKC,urban,2023-04-29 12:00:00+00:00,1,7.07105,8.904003
AT,AKC,urban,2023-04-29 13:00:00+00:00,1,4.51585,6.985939
AT,AKC,urban,2023-04-29 14:00:00+00:00,1,3.52555,5.183268
AT,AKC,urban,2023-04-29 15:00:00+00:00,1,4.06955,4.2868404
AT,AKC,urban,2023-04-29 16:00:00+00:00,1,6.0339,4.595373
AT,AKC,urban,2023-04-29 17:00:00+00:00,1,5.621049,6.211251
AT,AKC,urban,2023-04-29 18:00:00+00:00,1,7.0071,6.1268196
AT,AKC,urban,2023-04-29 19:00:00+00:00,1,6.52785,7.247559
AT,AKC,urban,2023-04-29 20:00:00+00:00,1,5.745049,6.541361
AT,AKC,urban,2023-04-29 21:00:00+00:00,1,6.958849,5.7939553
AT,AKC,urban,2023-04-29 22:00:00+00:00,1,8.110699,6.7597933
AT,AKC,urban,2023-04-29 23:00:00+00:00,1,7.760299,8.129058
AT,AKC,urban,2023-04-30 00:00:00+00:00,1,9.022199,7.814693
AT,AKC,urban,2023-04-30 01:00:00+00:00,1,11.68,8.548375
AT,AKC,urban,2023-04-30 02:00:00+00:00,1,12.5125,10.924216
AT,AKC,urban,2023-04-30 03:00:00+00:00,1,11.659,12.059185
AT,AKC,urban,2023-04-30 04:00:00+00:00,1,11.878,11.470753
AT,AKC,urban,2023-04-30 05:00:00+00:00,1,11.4135,11.42801
AT,AKC,urban,2023-04-30 06:00:00+00:00,1,10.652,11.134199
AT,AKC,urban,2023-04-30 07:00:00+00:00,1,10.355,10.3430395
AT,AKC,urban,2023-04-30 08:00:00+00:00,1,10.468,10.086376
AT,AKC,urban,2023-04-30 09:00:00+00:00,1,10.6215,10.013156
AT,AKC,urban,2023-04-30 10:00:00+00:00,1,11.6525,10.158077
AT,AKC,urban,2023-04-30 11:00:00+00:00,1,11.047,10.656177
AT,AKC,urban,2023-04-30 12:00:00+00:00,1,9.9398,10.704561
AT,AKC,urban,2023-04-30 13:00:00+00:00,1,9.055099,9.502844
AT,AKC,urban,2023-04-30 14:00:00+00:00,1,8.36655,8.894435
AT,AKC,urban,2023-04-30 15:00:00+00:00,1,8.6968,8.408251
AT,AKC,urban,2023-04-30 16:00:00+00:00,1,8.7739,8.690314
AT,AKC,urban,2023-04-30 17:00:00+00:00,1,8.975649,9.191023
AT,AKC,urban,2023-04-30 18:00:00+00:00,1,10.598,9.111352
AT,AKC,urban,2023-04-30 19:00:00+00:00,1,11.419,10.841453
AT,AKC,urban,2023-04-30 20:00:00+00:00,1,8.5557,11.7494335
AT,AKC,urban,2023-04-30 21:00:00+00:00,1,8.429599,8.73273
AT,AKC,urban,2023-04-30 22:00:00+00:00,1,8.4771,8.309524
AT,AKC,urban,2023-04-30 23:00:00+00:00,1,8.00715,8.674947
AT,AKC,urban,2023-05-01 00:00:00+00:00,1,7.88825,8.349839
AT,AKC,urban,2023-05-01 01:00:00+00:00,1,7.899399,8.294046
AT,AKC,urban,2023-05-01 02:00:00+00:00,1,8.579899,8.31973
AT,AKC,urban,2023-05-01 03:00:00+00:00,1,8.308199,8.950637
AT,AKC,urban,2023-05-01 04:00:00+00:00,1,9.038749,8.640043
AT,AKC,urban,2023-05-01 05:00:00+00:00,1,9.885399,9.151588
AT,AKC,urban,2023-05-01 06:00:00+00:00,1,11.107,9.87004
AT,AKC,urban,2023-05-01 07:00:00+00:00,1,12.0815,10.790915
AT,AKC,urban,2023-05-01 08:00:00+00:00,1,9.850599,11.759918
AT,AKC,urban,2023-05-01 09:00:00+00:00,1,9.165349,9.499393
AT,AKC,urban,2023-05-01 10:00:00+00:00,1,7.738949,8.920221
AT,AKC,urban,2023-05-01 11:00:00+00:00,1,6.297149,7.9229255
AT,AKC,urban,2023-05-01 12:00:00+00:00,1,5.9944,6.4961014
AT,AKC,urban,2023-05-01 13:00:00+00:00,1,5.735599,6.1686144
AT,AKC,urban,2023-05-01 14:00:00+00:00,1,5.625599,6.000485
AT,AKC,urban,2023-05-01 15:00:00+00:00,1,5.847849,5.874466
AT,AKC,urban,2023-05-01 16:00:00+00:00,1,6.227999,6.1590576
AT,AKC,urban,2023-05-01 17:00:00+00:00,1,6.67745,6.5249424
AT,AKC,urban,2023-05-01 18:00:00+00:00,1,6.88265,6.9615417
AT,AKC,urban,2023-05-01 19:00:00+00:00,1,7.5651,7.065787
AT,AKC,urban,2023-05-01 20:00:00+00:00,1,7.7529,7.638539
AT,AKC,urban,2023-05-01 21:00:00+00:00,1,7.509349,7.792022
AT,AKC,urban,2023-05-01 22:00:00+00:00,1,8.13895,7.856834
AT,AKC,urban,2023-05-01 23:00:00+00:00,1,8.884599,8.233708
AT,AKC,urban,2023-05-02 00:00:00+00:00,1,11.5725,8.873169
AT,AKC,urban,2023-05-02 01:00:00+00:00,1,9.621049,11.097013
AT,AKC,urban,2023-05-02 02:00:00+00:00,1,10.8435,9.043983
AT,AKC,urban,2023-05-02 03:00:00+00:00,1,12.122,10.407492
AT,AKC,urban,2023-05-02 04:00:00+00:00,1,12.6525,12.595493
AT,AKC,urban,2023-05-02 05:00:00+00:00,1,12.6535,12.55631
AT,AKC,urban,2023-05-02 06:00:00+00:00,1,11.6005,11.891754
AT,AKC,urban,2023-05-02 07:00:00+00:00,1,11.4275,11.175038
AT,AKC,urban,2023-05-02 08:00:00+00:00,1,9.615449,10.799284
AT,AKC,urban,2023-05-02 09:00:00+00:00,1,10.13775,9.404025
AT,AKC,urban,2023-05-02 10:00:00+00:00,1,11.1855,8.814031
AT,AKC,urban,2023-05-02 11:00:00+00:00,1,12.039,10.34563
AT,AKC,urban,2023-05-02 12:00:00+00:00,1,13.511,11.237918
AT,AKC,urban,2023-05-02 13:00:00+00:00,1,14.292,12.156804
AT,AKC,urban,2023-05-02 14:00:00+00:00,1,13.757,13.094179
AT,AKC,urban,2023-05-02 15:00:00+00:00,1,14.25,13.084415
AT,AKC,urban,2023-05-02 16:00:00+00:00,1,14.486,12.13239
AT,AKC,urban,2023-05-02 17:00:00+00:00,1,10.9665,13.621411
AT,AKC,urban,2023-05-02 18:00:00+00:00,1,12.4975,10.159907
AT,AKC,urban,2023-05-02 19:00:00+00:00,1,12.629,11.399491
AT,AKC,urban,2023-05-02 20:00:00+00:00,1,13.1225,11.974683
AT,AKC,urban,2023-05-02 21:00:00+00:00,1,11.418,12.4464445
AT,AKC,urban,2023-05-02 22:00:00+00:00,1,11.578,10.671766
AT,AKC,urban,2023-05-02 23:00:00+00:00,1,11.832,11.19911
AT,AKC,urban,2023-05-03 00:00:00+00:00,1,12.614,11.547156
AT,AKC,urban,2023-05-03 01:00:00+00:00,1,12.437,12.008014
AT,AKC,urban,2023-05-03 02:00:00+00:00,1,12.1995,11.98782
AT,AKC,urban,2023-05-03 03:00:00+00:00,1,14.0015,11.731483
AT,AKC,urban,2023-05-03 04:00:00+00:00,1,13.7675,13.566697
AT,AKC,urban,2023-05-03 05:00:00+00:00,1,12.9155,13.455164
AT,AKC,urban,2023-05-03 06:00:00+00:00,1,13.38,13.396702
AT,AKC,urban,2023-05-03 07:00:00+00:00,1,12.7675,12.676151
AT,AKC,urban,2023-05-03 08:00:00+00:00,1,11.9135,12.586024
AT,AKC,urban,2023-05-03 09:00:00+00:00,1,10.856,11.721116
AT,AKC,urban,2023-05-03 10:00:00+00:00,1,9.3971,10.464095
AT,AKC,urban,2023-05-03 11:00:00+00:00,1,10.1835,9.673995
AT,AKC,urban,2023-05-03 12:00:00+00:00,1,9.258449,9.797347
AT,AKC,urban,2023-05-03 13:00:00+00:00,1,9.0025,9.360329
AT,AKC,urban,2023-05-03 14:00:00+00:00,1,9.64875,9.232657
AT,AKC,urban,2023-05-03 15:00:00+00:00,1,10.067,9.822708
AT,AKC,urban,2023-05-03 16:00:00+00:00,1,9.825149,9.876178
AT,AKC,urban,2023-05-03 17:00:00+00:00,1,10.844,10.232981
AT,AKC,urban,2023-05-03 18:00:00+00:00,1,11.911,11.073597
AT,AKC,urban,2023-05-03 19:00:00+00:00,1,13.491,11.958145
AT,AKC,urban,2023-05-03 20:00:00+00:00,1,15.668,13.55436
AT,AKC,urban,2023-05-03 21:00:00+00:00,1,14.408,15.802247
AT,AKC,urban,2023-05-03 22:00:00+00:00,1,12.594,14.217561
AT,AKC,urban,2023-05-03 23:00:00+00:00,1,10.8475,12.453835
AT,AKC,urban,2023-05-04 00:00:00+00:00,1,10.3305,10.53767
AT,AKC,urban,2023-05-04 01:00:00+00:00,1,9.965999,9.8585415
AT,AKC,urban,2023-05-04 02:00:00+00:00,1,9.45475,10.304449
AT,AKC,urban,2023-05-04 03:00:00+00:00,1,9.866049,9.816896
AT,AKC,urban,2023-05-04 04:00:00+00:00,1,10.0236,10.174793
AT,AKC,urban,2023-05-04 05:00:00+00:00,1,10.449,10.335316
AT,AKC,urban,2023-05-04 06:00:00+00:00,1,9.84035,10.56936
AT,AKC,urban,2023-05-04 07:00:00+00:00,1,10.561,9.472253
AT,AKC,urban,2023-05-04 08:00:00+00:00,1,9.3231,10.276905
AT,AKC,urban,2023-05-04 09:00:00+00:00,1,7.8873,9.680955
AT,AKC,urban,2023-05-04 10:00:00+00:00,1,6.644749,7.4659405
AT,AKC,urban,2023-05-04 11:00:00+00:00,1,5.852999,6.7863646
AT,AKC,urban,2023-05-04 12:00:00+00:00,1,5.883099,6.2266
AT,AKC,urban,2023-05-04 13:00:00+00:00,1,6.26655,6.0935764
AT,AKC,urban,2023-05-04 14:00:00+00:00,1,6.151649,6.5626426
AT,AKC,urban,2023-05-04 15:00:00+00:00,1,6.1538,6.3946548
AT,AKC,urban,2023-05-04 16:00:00+00:00,1,6.0527,6.7343793
AT,AKC,urban,2023-05-04 17:00:00+00:00,1,6.60435,6.552648
AT,AKC,urban,2023-05-04 18:00:00+00:00,1,7.832399,7.07928
AT,AKC,urban,2023-05-04 19:00:00+00:00,1,7.2193,8.437469
AT,AKC,urban,2023-05-04 20:00:00+00:00,1,7.12615,7.694353
AT,AKC,urban,2023-05-04 21:00:00+00:00,1,7.16855,7.4642563
AT,AKC,urban,2023-05-04 22:00:00+00:00,1,7.3894,7.3940783
AT,AKC,urban,2023-05-04 23:00:00+00:00,1,8.2206,7.538082
AT,AKC,urban,2023-05-05 00:00:00+00:00,1,7.9327,8.210386
AT,AKC,urban,2023-05-05 01:00:00+00:00,1,8.763349,8.344097
AT,AKC,urban,2023-05-05 02:00:00+00:00,1,10.034,9.089219
AT,AKC,urban,2023-05-05 03:00:00+00:00,1,11.6925,10.696245
AT,AKC,urban,2023-05-05 04:00:00+00:00,1,13.2975,11.997074
AT,AKC,urban,2023-05-05 05:00:00+00:00,1,14.2225,13.933882
AT,AKC,urban,2023-05-05 06:00:00+00:00,1,15.25,13.888498
AT,AKC,urban,2023-05-05 07:00:00+00:00,1,16.025,13.926053
AT,AKC,urban,2023-05-05 08:00:00+00:00,1,15.736,14.567045
AT,AKC,urban,2023-05-05 09:00:00+00:00,1,15.9595,14.618669
AT,AKC,urban,2023-05-05 10:00:00+00:00,1,10.31725,14.328252
AT,AKC,urban,2023-05-05 11:00:00+00:00,1,7.5521,9.429392
AT,AKC,urban,2023-05-05 12:00:00+00:00,1,6.257849,8.001241
AT,AKC,urban,2023-05-05 13:00:00+00:00,1,6.3371,6.591445
AT,AKC,urban,2023-05-05 14:00:00+00:00,1,6.376249,6.5530457
AT,AKC,urban,2023-05-05 15:00:00+00:00,1,5.662549,6.942492
AT,AKC,urban,2023-05-05 16:00:00+00:00,1,6.286499,6.21609
AT,AKC,urban,2023-05-05 17:00:00+00:00,1,7.94315,6.7237053
AT,AKC,urban,2023-05-05 18:00:00+00:00,1,9.1338,8.416777
AT,AKC,urban,2023-05-05 19:00:00+00:00,1,10.0662,9.46966
AT,AKC,urban,2023-05-05 20:00:00+00:00,1,10.18865,10.940005
AT,AKC,urban,2023-05-05 21:00:00+00:00,1,12.1505,10.194257
AT,AKC,urban,2023-05-05 22:00:00+00:00,1,12.5945,11.8816
AT,AKC,urban,2023-05-05 23:00:00+00:00,1,12.2745,12.899513
AT,AKC,urban,2023-05-06 00:00:00+00:00,1,8.883399,12.536917
AT,AKC,urban,2023-05-06 01:00:00+00:00,1,2.758949,10.953614
AT,AKC,urban,2023-05-06 02:00:00+00:00,1,2.3436,5.7418838
AT,AKC,urban,2023-05-06 03:00:00+00:00,1,2.492799,3.2948115
AT,AKC,urban,2023-05-06 04:00:00+00:00,1,2.734899,3.241733
AT,AKC,urban,2023-05-06 05:00:00+00:00,1,3.214799,3.1765828
AT,AKC,urban,2023-05-06 06:00:00+00:00,1,3.19635,3.4721494
AT,AKC,urban,2023-05-06 07:00:00+00:00,1,3.975049,3.592522
AT,AKC,urban,2023-05-06 08:00:00+00:00,1,3.720649,4.3425336
AT,AKC,urban,2023-05-06 09:00:00+00:00,1,3.8686,3.9369888
AT,AKC,urban,2023-05-06 10:00:00+00:00,1,3.98705,3.5998616
AT,AKC,urban,2023-05-06 11:00:00+00:00,1,3.888549,3.728681
AT,AKC,urban,2023-05-06 12:00:00+00:00,1,3.645199,4.137454
AT,AKC,urban,2023-05-06 13:00:00+00:00,1,3.05905,3.9940732
AT,AKC,urban,2023-05-06 14:00:00+00:00,1,2.379199,4.0125303
AT,AKC,urban,2023-05-06 15:00:00+00:00,1,3.015049,2.9326603
AT,AKC,urban,2023-05-06 16:00:00+00:00,1,4.5169,3.3757498
AT,AKC,urban,2023-05-06 17:00:00+00:00,1,4.85545,4.90984
AT,AKC,urban,2023-05-06 18:00:00+00:00,1,4.687749,5.1399274
AT,AKC,urban,2023-05-06 19:00:00+00:00,1,3.7589,4.9763665
AT,AKC,urban,2023-05-06 20:00:00+00:00,1,4.131299,3.9488873
AT,AKC,urban,2023-05-06 21:00:00+00:00,1,4.951999,3.9916708
AT,AKC,urban,2023-05-06 22:00:00+00:00,1,5.6111,5.0426364
AT,AKC,urban,2023-05-06 23:00:00+00:00,1,5.500699,5.7832513
AT,AKC,urban,2023-05-07 00:00:00+00:00,1,3.82905,5.78118
AT,AKC,urban,2023-05-07 01:00:00+00:00,1,4.6918,3.9116914
AT,AKC,urban,2023-05-07 02:00:00+00:00,1,8.113149,4.6629076
AT,AKC,urban,2023-05-07 03:00:00+00:00,1,13.616,7.620735
AT,AKC,urban,2023-05-07 04:00:00+00:00,1,17.7075,11.658443
AT,AKC,urban,2023-05-07 05:00:00+00:00,1,18.699,17.359179
AT,AKC,urban,2023-05-07 06:00:00+00:00,1,18.297,18.28453
AT,AKC,urban,2023-05-07 07:00:00+00:00,1,15.682,17.07603
AT,AKC,urban,2023-05-07 08:00:00+00:00,1,12.825,13.88619
AT,AKC,urban,2023-05-07 09:00:00+00:00,1,12.847,11.109706
AT,AKC,urban,2023-05-07 10:00:00+00:00,1,11.0505,11.934193
AT,AKC,urban,2023-05-07 11:00:00+00:00,1,10.156,10.601906
AT,AKC,urban,2023-05-07 12:00:00+00:00,1,8.672249,9.296126
AT,AKC,urban,2023-05-07 13:00:00+00:00,1,7.876399,8.573783
AT,AKC,urban,2023-05-07 14:00:00+00:00,1,6.759949,7.9854116
AT,AKC,urban,2023-05-07 15:00:00+00:00,1,7.380299,7.6309094
AT,AKC,urban,2023-05-07 16:00:00+00:00,1,8.600149,7.3865595
AT,AKC,urban,2023-05-07 17:00:00+00:00,1,8.541349,8.5247755
AT,AKC,urban,2023-05-07 18:00:00+00:00,1,10.25455,8.831557
AT,AKC,urban,2023-05-07 19:00:00+00:00,1,14.4,9.9630575
AT,AKC,urban,2023-05-07 20:00:00+00:00,1,16.6765,13.613664
AT,AKC,urban,2023-05-07 21:00:00+00:00,1,15.9925,15.641173
AT,AKC,urban,2023-05-07 22:00:00+00:00,1,14.0355,15.777858
AT,AKC,urban,2023-05-07 23:00:00+00:00,1,12.19,13.48252
AT,AKC,urban,2023-05-08 00:00:00+00:00,1,12.274,11.462046
AT,AKC,urban,2023-05-08 01:00:00+00:00,1,12.437,12.194156
AT,AKC,urban,2023-05-08 02:00:00+00:00,1,11.1095,12.479905
AT,AKC,urban,2023-05-08 03:00:00+00:00,1,11.473,11.306921
AT,AKC,urban,2023-05-08 04:00:00+00:00,1,9.9052,11.747824
AT,AKC,urban,2023-05-08 05:00:00+00:00,1,9.339149,10.02303
AT,AKC,urban,2023-05-08 06:00:00+00:00,1,8.893449,10.219832
AT,AKC,urban,2023-05-08 07:00:00+00:00,1,8.784,9.505481
AT,AKC,urban,2023-05-08 08:00:00+00:00,1,8.7221,8.830588
AT,AKC,urban,2023-05-08 09:00:00+00:00,1,8.406999,8.449948
AT,AKC,urban,2023-05-08 10:00:00+00:00,1,8.28025,8.085544
AT,AKC,urban,2023-05-08 11:00:00+00:00,1,7.8161,8.192416
AT,AKC,urban,2023-05-08 12:00:00+00:00,1,7.761199,8.124686
AT,AKC,urban,2023-05-08 13:00:00+00:00,1,6.997799,8.031423
AT,AKC,urban,2023-05-08 14:00:00+00:00,1,5.85465,7.392953
AT,AKC,urban,2023-05-08 15:00:00+00:00,1,5.724699,6.6760025
AT,AKC,urban,2023-05-08 16:00:00+00:00,1,6.658949,6.234975
AT,AKC,urban,2023-05-08 17:00:00+00:00,1,7.430799,6.9294987
AT,AKC,urban,2023-05-08 18:00:00+00:00,1,8.0564,7.8923216
AT,AKC,urban,2023-05-08 19:00:00+00:00,1,8.0009,8.306412
AT,AKC,urban,2023-05-08 20:00:00+00:00,1,7.897999,8.296236
AT,AKC,urban,2023-05-08 21:00:00+00:00,1,8.147899,8.036274
AT,AKC,urban,2023-05-08 22:00:00+00:00,1,8.4475,8.205691
AT,AKC,urban,2023-05-08 23:00:00+00:00,1,8.62045,8.658693
AT,AKC,urban,2023-05-09 00:00:00+00:00,1,8.784799,8.794888
AT,AKC,urban,2023-05-09 01:00:00+00:00,1,8.930899,9.033963
AT,AKC,urban,2023-05-09 02:00:00+00:00,1,9.189899,9.261181
AT,AKC,urban,2023-05-09 03:00:00+00:00,1,9.603899,9.651593
AT,AKC,urban,2023-05-09 04:00:00+00:00,1,9.7297,10.087201
AT,AKC,urban,2023-05-09 05:00:00+00:00,1,8.588399,10.451257
AT,AKC,urban,2023-05-09 06:00:00+00:00,1,8.497799,9.20442
AT,AKC,urban,2023-05-09 07:00:00+00:00,1,8.9083,8.22458
AT,AKC,urban,2023-05-09 08:00:00+00:00,1,8.93165,8.62265
AT,AKC,urban,2023-05-09 09:00:00+00:00,1,9.124449,8.70627
AT,AKC,urban,2023-05-09 10:00:00+00:00,1,9.073799,8.698351
AT,AKC,urban,2023-05-09 11:00:00+00:00,1,7.8003,8.732362
AT,AKC,urban,2023-05-09 12:00:00+00:00,1,7.259699,7.981938
AT,AKC,urban,2023-05-09 13:00:00+00:00,1,6.364199,7.488546
AT,AKC,urban,2023-05-09 14:00:00+00:00,1,6.531599,6.528488
AT,AKC,urban,2023-05-09 15:00:00+00:00,1,6.0232,7.01468
AT,AKC,urban,2023-05-09 16:00:00+00:00,1,5.682849,6.426571
AT,AKC,urban,2023-05-09 17:00:00+00:00,1,5.89925,6.0648165
AT,AKC,urban,2023-05-09 18:00:00+00:00,1,6.337299,6.185098
AT,AKC,urban,2023-05-09 19:00:00+00:00,1,6.4194,6.7473936
AT,AKC,urban,2023-05-09 20:00:00+00:00,1,6.340199,6.862156
AT,AKC,urban,2023-05-09 21:00:00+00:00,1,6.561249,6.78756
AT,AKC,urban,2023-05-09 22:00:00+00:00,1,6.07665,6.81994
AT,AKC,urban,2023-05-09 23:00:00+00:00,1,5.862549,6.6200285
AT,AKC,urban,2023-05-10 00:00:00+00:00,1,6.0107,6.3239207
AT,AKC,urban,2023-05-10 01:00:00+00:00,1,6.37915,6.4362526
AT,AKC,urban,2023-05-10 02:00:00+00:00,1,6.6132,6.640216
AT,AKC,urban,2023-05-10 03:00:00+00:00,1,7.1202,6.702634
AT,AKC,urban,2023-05-10 04:00:00+00:00,1,8.7016,7.662405
AT,AKC,urban,2023-05-10 05:00:00+00:00,1,8.2318,9.231585
AT,AKC,urban,2023-05-10 06:00:00+00:00,1,8.732199,8.584652
AT,AKC,urban,2023-05-10 07:00:00+00:00,1,9.16265,8.222233
AT,AKC,urban,2023-05-10 08:00:00+00:00,1,6.088,8.730308
AT,AKC,urban,2023-05-10 09:00:00+00:00,1,4.623799,6.0401464
AT,AKC,urban,2023-05-10 10:00:00+00:00,1,5.47335,5.499835
AT,AKC,urban,2023-05-10 11:00:00+00:00,1,5.010099,5.4034495
AT,AKC,urban,2023-05-10 12:00:00+00:00,1,6.601799,5.2727184
AT,AKC,urban,2023-05-10 13:00:00+00:00,1,5.89725,6.099677
AT,AKC,urban,2023-05-10 14:00:00+00:00,1,4.869199,5.961679
AT,AKC,urban,2023-05-10 15:00:00+00:00,1,5.35785,5.4654975
AT,AKC,urban,2023-05-10 16:00:00+00:00,1,5.70195,5.443672
AT,AKC,urban,2023-05-10 17:00:00+00:00,1,5.8084,5.829009
AT,AKC,urban,2023-05-10 18:00:00+00:00,1,5.682199,6.119813
AT,AKC,urban,2023-05-10 19:00:00+00:00,1,5.922399,6.0803823
AT,AKC,urban,2023-05-10 20:00:00+00:00,1,6.0253,6.173618
AT,AKC,urban,2023-05-10 21:00:00+00:00,1,6.208749,6.2311945
AT,AKC,urban,2023-05-10 22:00:00+00:00,1,5.808099,6.591588
AT,AKC,urban,2023-05-10 23:00:00+00:00,1,5.519149,6.1274886
AT,AKC,urban,2023-05-11 00:00:00+00:00,1,5.67105,5.8144665
AT,AKC,urban,2023-05-11 01:00:00+00:00,1,6.131649,5.8527617
AT,AKC,urban,2023-05-11 02:00:00+00:00,1,6.7769,6.257109
AT,AKC,urban,2023-05-11 03:00:00+00:00,1,6.881649,6.859641
AT,AKC,urban,2023-05-11 04:00:00+00:00,1,7.882849,7.2362523
AT,AKC,urban,2023-05-11 05:00:00+00:00,1,8.5079,8.034303
AT,AKC,urban,2023-05-11 06:00:00+00:00,1,8.4202,8.471741
AT,AKC,urban,2023-05-11 07:00:00+00:00,1,8.855699,8.249664
AT,AKC,urban,2023-05-11 08:00:00+00:00,1,8.232049,8.343853
AT,AKC,urban,2023-05-11 09:00:00+00:00,1,6.94425,8.073956
AT,AKC,urban,2023-05-11 10:00:00+00:00,1,6.7186,6.9115252
AT,AKC,urban,2023-05-11 11:00:00+00:00,1,6.1921,6.2621684
AT,AKC,urban,2023-05-11 12:00:00+00:00,1,6.222399,6.2575636
AT,AKC,urban,2023-05-11 13:00:00+00:00,1,6.15705,6.3167477
AT,AKC,urban,2023-05-11 14:00:00+00:00,1,6.0836,6.5328846
AT,AKC,urban,2023-05-11 15:00:00+00:00,1,5.7883,6.36255
AT,AKC,urban,2023-05-11 16:00:00+00:00,1,5.4735,6.373268
AT,AKC,urban,2023-05-11 17:00:00+00:00,1,7.5128,5.9390526
AT,AKC,urban,2023-05-11 18:00:00+00:00,1,7.3744,7.552001
AT,AKC,urban,2023-05-11 19:00:00+00:00,1,6.96395,6.8834767
AT,AKC,urban,2023-05-11 20:00:00+00:00,1,6.81075,6.8785224
AT,AKC,urban,2023-05-11 21:00:00+00:00,1,6.67885,6.653728
AT,AKC,urban,2023-05-11 22:00:00+00:00,1,5.929949,7.0584564
AT,AKC,urban,2023-05-11 23:00:00+00:00,1,5.939749,6.354036
AT,AKC,urban,2023-05-12 00:00:00+00:00,1,6.466799,5.9270563
AT,AKC,urban,2023-05-12 01:00:00+00:00,1,8.2107,6.5289745
AT,AKC,urban,2023-05-12 02:00:00+00:00,1,9.932899,8.273772
AT,AKC,urban,2023-05-12 03:00:00+00:00,1,6.966449,9.9146385
AT,AKC,urban,2023-05-12 04:00:00+00:00,1,6.186249,7.5711412
AT,AKC,urban,2023-05-12 05:00:00+00:00,1,5.246549,6.3725576
AT,AKC,urban,2023-05-12 06:00:00+00:00,1,4.897999,5.3303366
AT,AKC,urban,2023-05-12 07:00:00+00:00,1,5.2333,5.1338463
AT,AKC,urban,2023-05-12 08:00:00+00:00,1,5.661849,5.2866836
AT,AKC,urban,2023-05-12 09:00:00+00:00,1,6.46405,5.6174774
AT,AKC,urban,2023-05-12 10:00:00+00:00,1,5.566249,6.2487926
AT,AKC,urban,2023-05-12 11:00:00+00:00,1,5.329799,5.443123
AT,AKC,urban,2023-05-12 12:00:00+00:00,1,5.1716,5.220297
AT,AKC,urban,2023-05-12 13:00:00+00:00,1,5.59465,5.327491
AT,AKC,urban,2023-05-12 14:00:00+00:00,1,6.059999,5.7040977
AT,AKC,urban,2023-05-12 15:00:00+00:00,1,6.374799,6.079093
AT,AKC,urban,2023-05-12 16:00:00+00:00,1,6.22455,6.5810633
AT,AKC,urban,2023-05-12 17:00:00+00:00,1,7.3035,6.39293
AT,AKC,urban,2023-05-12 18:00:00+00:00,1,7.3618,7.305268
AT,AKC,urban,2023-05-12 19:00:00+00:00,1,8.033899,7.2079067
AT,AKC,urban,2023-05-12 20:00:00+00:00,1,7.778249,7.939516
AT,AKC,urban,2023-05-12 21:00:00+00:00,1,6.430449,7.6901383
AT,AKC,urban,2023-05-12 22:00:00+00:00,1,6.341199,6.435522
AT,AKC,urban,2023-05-12 23:00:00+00:00,1,6.783699,6.1719217
AT,AKC,urban,2023-05-13 00:00:00+00:00,1,7.724849,6.600074
AT,AKC,urban,2023-05-13 01:00:00+00:00,1,7.880499,7.6510944
AT,AKC,urban,2023-05-13 02:00:00+00:00,1,8.293649,7.9393926
AT,AKC,urban,2023-05-13 03:00:00+00:00,1,9.321499,8.337341
AT,AKC,urban,2023-05-13 04:00:00+00:00,1,9.246,9.293401
AT,AKC,urban,2023-05-13 05:00:00+00:00,1,10.07405,9.218607
AT,AKC,urban,2023-05-13 06:00:00+00:00,1,11.128,9.884906
AT,AKC,urban,2023-05-13 07:00:00+00:00,1,12.9875,10.596831
AT,AKC,urban,2023-05-13 08:00:00+00:00,1,11.928,12.310227
AT,AKC,urban,2023-05-13 09:00:00+00:00,1,10.445,11.27406
AT,AKC,urban,2023-05-13 10:00:00+00:00,1,11.371,9.482864
AT,AKC,urban,2023-05-13 11:00:00+00:00,1,10.7755,10.6672945
AT,AKC,urban,2023-05-13 12:00:00+00:00,1,9.933799,10.293052
AT,AKC,urban,2023-05-13 13:00:00+00:00,1,11.6055,9.73083
AT,AKC,urban,2023-05-13 14:00:00+00:00,1,13.107,11.128009
AT,AKC,urban,2023-05-13 15:00:00+00:00,1,13.345,13.079131
AT,AKC,urban,2023-05-13 16:00:00+00:00,1,14.103,13.379766
AT,AKC,urban,2023-05-13 17:00:00+00:00,1,13.5015,14.025089
AT,AKC,urban,2023-05-13 18:00:00+00:00,1,14.6635,13.35284
AT,AKC,urban,2023-05-13 19:00:00+00:00,1,15.412,14.2855215
AT,AKC,urban,2023-05-13 20:00:00+00:00,1,15.889,15.433287
AT,AKC,urban,2023-05-13 21:00:00+00:00,1,16.58,15.906203
AT,AKC,urban,2023-05-13 22:00:00+00:00,1,15.2805,16.670755
AT,AKC,urban,2023-05-13 23:00:00+00:00,1,13.51,15.563796
AT,AKC,urban,2023-05-14 00:00:00+00:00,1,13.847,13.369381
AT,AKC,urban,2023-05-14 01:00:00+00:00,1,13.502,14.00631
AT,AKC,urban,2023-05-14 02:00:00+00:00,1,13.083,13.613567
AT,AKC,urban,2023-05-14 03:00:00+00:00,1,12.3605,13.502774
AT,AKC,urban,2023-05-14 04:00:00+00:00,1,10.3625,12.409079
AT,AKC,urban,2023-05-14 05:00:00+00:00,1,9.796699,10.292714
AT,AKC,urban,2023-05-14 06:00:00+00:00,1,8.665499,9.754088
AT,AKC,urban,2023-05-14 07:00:00+00:00,1,7.126349,8.673184
AT,AKC,urban,2023-05-14 08:00:00+00:00,1,7.47875,7.1191254
AT,AKC,urban,2023-05-14 09:00:00+00:00,1,7.60685,7.3786736
AT,AKC,urban,2023-05-14 10:00:00+00:00,1,9.0929,7.5751076
AT,AKC,urban,2023-05-14 11:00:00+00:00,1,8.555349,8.995774
AT,AKC,urban,2023-05-14 12:00:00+00:00,1,8.6308,8.695549
AT,AKC,urban,2023-05-14 13:00:00+00:00,1,8.431499,8.637834
AT,AKC,urban,2023-05-14 14:00:00+00:00,1,8.0318,8.6299925
AT,AKC,urban,2023-05-14 15:00:00+00:00,1,7.51885,8.263898
AT,AKC,urban,2023-05-14 16:00:00+00:00,1,7.22065,7.8010917
AT,AKC,urban,2023-05-14 17:00:00+00:00,1,6.947299,7.49571
AT,AKC,urban,2023-05-14 18:00:00+00:00,1,6.60885,7.20733
AT,AKC,urban,2023-05-14 19:00:00+00:00,1,5.866899,6.68643
AT,AKC,urban,2023-05-14 20:00:00+00:00,1,7.06715,6.106317
AT,AKC,urban,2023-05-14 21:00:00+00:00,1,7.8638,6.7026167
AT,AKC,urban,2023-05-14 22:00:00+00:00,1,5.6391,7.704428
AT,AKC,urban,2023-05-14 23:00:00+00:00,1,4.44105,6.0456576
AT,AKC,urban,2023-05-15 00:00:00+00:00,1,3.262949,4.835035
AT,AKC,urban,2023-05-15 01:00:00+00:00,1,4.232049,3.8024845
AT,AKC,urban,2023-05-15 02:00:00+00:00,1,3.365499,4.092602
AT,AKC,urban,2023-05-15 03:00:00+00:00,1,2.3264,3.7258387
AT,AKC,urban,2023-05-15 04:00:00+00:00,1,2.217149,3.4924395
AT,AKC,urban,2023-05-15 05:00:00+00:00,1,1.7374,3.0625176
AT,AKC,urban,2023-05-15 06:00:00+00:00,1,1.785749,2.3084433
AT,AKC,urban,2023-05-15 07:00:00+00:00,1,2.110949,2.0519214
AT,AKC,urban,2023-05-15 08:00:00+00:00,1,2.4051,2.2439485
AT,AKC,urban,2023-05-15 09:00:00+00:00,1,2.43845,2.6630101
AT,AKC,urban,2023-05-15 10:00:00+00:00,1,3.0746,2.7405894
AT,AKC,urban,2023-05-15 11:00:00+00:00,1,2.44425,3.0462677
AT,AKC,urban,2023-05-15 12:00:00+00:00,1,2.911399,2.7887769
AT,AKC,urban,2023-05-15 13:00:00+00:00,1,2.3719,3.1112862
AT,AKC,urban,2023-05-15 14:00:00+00:00,1,2.7156,2.6174922
AT,AKC,urban,2023-05-15 15:00:00+00:00,1,2.913599,2.6842449
AT,AKC,urban,2023-05-15 16:00:00+00:00,1,3.2532,2.9922423
AT,AKC,urban,2023-05-15 17:00:00+00:00,1,3.820799,3.1051207
AT,AKC,urban,2023-05-15 18:00:00+00:00,1,4.2181,3.7835188
AT,AKC,urban,2023-05-15 19:00:00+00:00,1,4.62425,4.1579356
AT,AKC,urban,2023-05-15 20:00:00+00:00,1,5.880599,4.6788025
AT,AKC,urban,2023-05-15 21:00:00+00:00,1,4.63625,5.759737
AT,AKC,urban,2023-05-15 22:00:00+00:00,1,3.748099,4.7215066
AT,AKC,urban,2023-05-15 23:00:00+00:00,1,3.53345,3.7915857
AT,AKC,urban,2023-05-16 00:00:00+00:00,1,3.7747,3.6630528
AT,AKC,urban,2023-05-16 01:00:00+00:00,1,3.98155,3.812378
AT,AKC,urban,2023-05-16 02:00:00+00:00,1,4.335949,3.994604
AT,AKC,urban,2023-05-16 03:00:00+00:00,1,4.961899,4.5679827
AT,AKC,urban,2023-05-16 04:00:00+00:00,1,5.955599,5.114507
AT,AKC,urban,2023-05-16 05:00:00+00:00,1,6.289,6.1340117
AT,AKC,urban,2023-05-16 06:00:00+00:00,1,6.7404,6.450874
AT,AKC,urban,2023-05-16 07:00:00+00:00,1,9.642499,6.241263
AT,AKC,urban,2023-05-16 08:00:00+00:00,1,9.057849,9.394725
AT,AKC,urban,2023-05-16 09:00:00+00:00,1,10.14585,7.855064
AT,AKC,urban,2023-05-16 10:00:00+00:00,1,10.433,9.384013
AT,AKC,urban,2023-05-16 11:00:00+00:00,1,10.1465,9.596534
AT,AKC,urban,2023-05-16 12:00:00+00:00,1,10.1473,9.679954
AT,AKC,urban,2023-05-16 13:00:00+00:00,1,10.8915,9.379
AT,AKC,urban,2023-05-16 14:00:00+00:00,1,11.0015,10.359787
AT,AKC,urban,2023-05-16 15:00:00+00:00,1,12.035,10.808539
AT,AKC,urban,2023-05-16 16:00:00+00:00,1,12.74,11.441426
AT,AKC,urban,2023-05-16 17:00:00+00:00,1,11.895,12.267088
AT,AKC,urban,2023-05-16 18:00:00+00:00,1,9.997499,11.635215
AT,AKC,urban,2023-05-16 19:00:00+00:00,1,7.73775,9.106023
AT,AKC,urban,2023-05-16 20:00:00+00:00,1,6.8256,7.457694
AT,AKC,urban,2023-05-16 21:00:00+00:00,1,6.50555,6.591202
AT,AKC,urban,2023-05-16 22:00:00+00:00,1,4.4411,6.450535
AT,AKC,urban,2023-05-16 23:00:00+00:00,1,3.110599,4.674591
AT,AKC,urban,2023-05-17 00:00:00+00:00,1,2.552549,3.355279
AT,AKC,urban,2023-05-17 01:00:00+00:00,1,2.4342,3.0481768
AT,AKC,urban,2023-05-17 02:00:00+00:00,1,2.9822,2.748624
AT,AKC,urban,2023-05-17 03:00:00+00:00,1,2.966499,2.753311
AT,AKC,urban,2023-05-17 04:00:00+00:00,1,2.849249,2.9022236
AT,AKC,urban,2023-05-17 05:00:00+00:00,1,3.734349,2.9017754
AT,AKC,urban,2023-05-17 06:00:00+00:00,1,4.3605,3.4002812
AT,AKC,urban,2023-05-17 07:00:00+00:00,1,4.485549,4.0926633
AT,AKC,urban,2023-05-17 08:00:00+00:00,1,4.58345,4.5381927
AT,AKC,urban,2023-05-17 09:00:00+00:00,1,4.395949,4.718493
AT,AKC,urban,2023-05-17 10:00:00+00:00,1,4.4428,4.335318
AT,AKC,urban,2023-05-17 11:00:00+00:00,1,4.397049,4.313721
AT,AKC,urban,2023-05-17 12:00:00+00:00,1,4.019999,4.4545765
AT,AKC,urban,2023-05-17 13:00:00+00:00,1,4.8745,4.0511436
AT,AKC,urban,2023-05-17 14:00:00+00:00,1,6.159399,4.689899
AT,AKC,urban,2023-05-17 15:00:00+00:00,1,6.24765,5.8619456
AT,AKC,urban,2023-05-17 16:00:00+00:00,1,6.80165,6.1873846
AT,AKC,urban,2023-05-17 17:00:00+00:00,1,6.31165,6.6626587
AT,AKC,urban,2023-05-17 18:00:00+00:00,1,5.5798,6.187536
AT,AKC,urban,2023-05-17 19:00:00+00:00,1,6.51235,5.6347804
AT,AKC,urban,2023-05-17 20:00:00+00:00,1,6.8828,6.1801586
AT,AKC,urban,2023-05-17 21:00:00+00:00,1,6.8199,6.7554827
AT,AKC,urban,2023-05-17 22:00:00+00:00,1,6.312099,6.774238
AT,AKC,urban,2023-05-17 23:00:00+00:00,1,6.131799,6.4761415
AT,AKC,urban,2023-05-18 00:00:00+00:00,1,6.185349,6.422972
AT,AKC,urban,2023-05-18 01:00:00+00:00,1,6.240249,6.431086
AT,AKC,urban,2023-05-18 02:00:00+00:00,1,6.3323,6.435333
AT,AKC,urban,2023-05-18 03:00:00+00:00,1,6.1519,6.734095
AT,AKC,urban,2023-05-18 04:00:00+00:00,1,6.09425,6.588535
AT,AKC,urban,2023-05-18 05:00:00+00:00,1,6.382499,6.5548215
AT,AKC,urban,2023-05-18 06:00:00+00:00,1,6.633199,6.3935804
AT,AKC,urban,2023-05-18 07:00:00+00:00,1,6.775499,6.435882
AT,AKC,urban,2023-05-18 08:00:00+00:00,1,7.423449,6.4897504
AT,AKC,urban,2023-05-18 09:00:00+00:00,1,7.73145,6.9222326
AT,AKC,urban,2023-05-18 10:00:00+00:00,1,7.65245,7.331098
AT,AKC,urban,2023-05-18 11:00:00+00:00,1,7.6967,7.367733
AT,AKC,urban,2023-05-18 12:00:00+00:00,1,7.683,7.5232873
AT,AKC,urban,2023-05-18 13:00:00+00:00,1,7.674149,7.4211793
AT,AKC,urban,2023-05-18 14:00:00+00:00,1,7.737649,7.7585025
AT,AKC,urban,2023-05-18 15:00:00+00:00,1,8.065649,8.013841
AT,AKC,urban,2023-05-18 16:00:00+00:00,1,8.2427,8.187829
AT,AKC,urban,2023-05-18 17:00:00+00:00,1,8.833099,8.41981
AT,AKC,urban,2023-05-18 18:00:00+00:00,1,9.23155,8.904983
AT,AKC,urban,2023-05-18 19:00:00+00:00,1,8.209249,9.143325
AT,AKC,urban,2023-05-18 20:00:00+00:00,1,7.54335,8.532892
AT,AKC,urban,2023-05-18 21:00:00+00:00,1,8.2012,7.7032
AT,AKC,urban,2023-05-18 22:00:00+00:00,1,9.531,8.1288805
AT,AKC,urban,2023-05-18 23:00:00+00:00,1,11.4475,9.326291
AT,AKC,urban,2023-05-19 00:00:00+00:00,1,12.331,11.386711
AT,AKC,urban,2023-05-19 01:00:00+00:00,1,12.4335,12.334228
AT,AKC,urban,2023-05-19 02:00:00+00:00,1,9.74435,12.271185
AT,AKC,urban,2023-05-19 03:00:00+00:00,1,7.39105,9.525565
AT,AKC,urban,2023-05-19 04:00:00+00:00,1,7.435799,7.3550406
AT,AKC,urban,2023-05-19 05:00:00+00:00,1,7.562849,7.683439
AT,AKC,urban,2023-05-19 06:00:00+00:00,1,7.483799,7.9138737
AT,AKC,urban,2023-05-19 07:00:00+00:00,1,8.361749,7.405543
AT,AKC,urban,2023-05-19 08:00:00+00:00,1,8.523599,8.1725645
AT,AKC,urban,2023-05-19 09:00:00+00:00,1,7.178349,8.367997
AT,AKC,urban,2023-05-19 10:00:00+00:00,1,6.699649,7.281278
AT,AKC,urban,2023-05-19 11:00:00+00:00,1,5.4411,6.520067
AT,AKC,urban,2023-05-19 12:00:00+00:00,1,5.172349,5.671111
AT,AKC,urban,2023-05-19 13:00:00+00:00,1,6.338399,5.3017473
AT,AKC,urban,2023-05-19 14:00:00+00:00,1,9.71255,6.1514773
AT,AKC,urban,2023-05-19 15:00:00+00:00,1,8.23435,9.288528
AT,AKC,urban,2023-05-19 16:00:00+00:00,1,6.45695,8.126054
AT,AKC,urban,2023-05-19 17:00:00+00:00,1,5.914999,6.7525983
AT,AKC,urban,2023-05-19 18:00:00+00:00,1,7.5719,6.28726
AT,AKC,urban,2023-05-19 19:00:00+00:00,1,9.8702,7.8349595
AT,AKC,urban,2023-05-19 20:00:00+00:00,1,10.6445,10.612264
AT,AKC,urban,2023-05-19 21:00:00+00:00,1,12.37,10.889747
AT,AKC,urban,2023-05-19 22:00:00+00:00,1,14.2035,12.5160675
AT,AKC,urban,2023-05-19 23:00:00+00:00,1,14.7805,14.199056
AT,AKC,urban,2023-05-20 00:00:00+00:00,1,16.024,14.748305
AT,AKC,urban,2023-05-20 01:00:00+00:00,1,19.2285,15.694293
AT,AKC,urban,2023-05-20 02:00:00+00:00,1,19.309,18.934566
AT,AKC,urban,2023-05-20 03:00:00+00:00,1,17.965,19.196337
AT,AKC,urban,2023-05-20 04:00:00+00:00,1,17.0405,17.987513
AT,AKC,urban,2023-05-20 05:00:00+00:00,1,16.061,16.918825
AT,AKC,urban,2023-05-20 06:00:00+00:00,1,16.22,15.871786
AT,AKC,urban,2023-05-20 07:00:00+00:00,1,14.156,15.543371
AT,AKC,urban,2023-05-20 08:00:00+00:00,1,12.601,13.517862
AT,AKC,urban,2023-05-20 09:00:00+00:00,1,10.16175,12.176465
AT,AKC,urban,2023-05-20 10:00:00+00:00,1,10.122,9.867777
AT,AKC,urban,2023-05-20 11:00:00+00:00,1,9.5081,9.53617
AT,AKC,urban,2023-05-20 12:00:00+00:00,1,8.683549,9.568387
AT,AKC,urban,2023-05-20 13:00:00+00:00,1,9.411499,8.74264
AT,AKC,urban,2023-05-20 14:00:00+00:00,1,9.44775,9.205796
AT,AKC,urban,2023-05-20 15:00:00+00:00,1,9.52915,9.773468
AT,AKC,urban,2023-05-20 16:00:00+00:00,1,10.653,9.94758
AT,AKC,urban,2023-05-20 17:00:00+00:00,1,11.625,11.307453
AT,AKC,urban,2023-05-20 18:00:00+00:00,1,14.2545,12.28093
AT,AKC,urban,2023-05-20 19:00:00+00:00,1,16.9255,14.27119
AT,AKC,urban,2023-05-20 20:00:00+00:00,1,17.1865,16.811596
AT,AKC,urban,2023-05-20 21:00:00+00:00,1,17.625,16.867308
AT,AKC,urban,2023-05-20 22:00:00+00:00,1,17.484,17.352098
AT,AKC,urban,2023-05-20 23:00:00+00:00,1,17.3725,17.458757
AT,AKC,urban,2023-05-21 00:00:00+00:00,1,16.874,17.54849
AT,AKC,urban,2023-05-21 01:00:00+00:00,1,15.449,16.833252
AT,AKC,urban,2023-05-21 02:00:00+00:00,1,15.73,15.557888
AT,AKC,urban,2023-05-21 03:00:00+00:00,1,15.8005,16.225353
AT,AKC,urban,2023-05-21 04:00:00+00:00,1,15.503,15.826682
AT,AKC,urban,2023-05-21 05:00:00+00:00,1,12.7635,15.585378
AT,AKC,urban,2023-05-21 06:00:00+00:00,1,11.4365,12.515395
AT,AKC,urban,2023-05-21 07:00:00+00:00,1,10.5515,10.898206
AT,AKC,urban,2023-05-21 08:00:00+00:00,1,9.52215,10.479215
AT,AKC,urban,2023-05-21 09:00:00+00:00,1,9.142349,9.4633465
AT,AKC,urban,2023-05-21 10:00:00+00:00,1,8.7895,9.256935
AT,AKC,urban,2023-05-21 11:00:00+00:00,1,8.282649,8.540503
AT,AKC,urban,2023-05-21 12:00:00+00:00,1,7.842949,8.266486
AT,AKC,urban,2023-05-21 13:00:00+00:00,1,8.00955,8.049661
AT,AKC,urban,2023-05-21 14:00:00+00:00,1,8.128399,8.256517
AT,AKC,urban,2023-05-21 15:00:00+00:00,1,7.822949,8.417309
AT,AKC,urban,2023-05-21 16:00:00+00:00,1,8.12725,8.155713
AT,AKC,urban,2023-05-21 17:00:00+00:00,1,8.83835,8.520868
AT,AKC,urban,2023-05-21 18:00:00+00:00,1,10.502,9.061633
AT,AKC,urban,2023-05-21 19:00:00+00:00,1,10.11915,11.513113
AT,AKC,urban,2023-05-21 20:00:00+00:00,1,10.2295,10.234497
AT,AKC,urban,2023-05-21 21:00:00+00:00,1,11.6835,10.21763
AT,AKC,urban,2023-05-21 22:00:00+00:00,1,11.5005,11.869471
AT,AKC,urban,2023-05-21 23:00:00+00:00,1,11.7835,11.758972
AT,AKC,urban,2023-05-22 00:00:00+00:00,1,11.911,11.858243
AT,AKC,urban,2023-05-22 01:00:00+00:00,1,11.843,12.170313
AT,AKC,urban,2023-05-22 02:00:00+00:00,1,12.741,12.121878
AT,AKC,urban,2023-05-22 03:00:00+00:00,1,14.1435,13.2399435
AT,AKC,urban,2023-05-22 04:00:00+00:00,1,12.0055,14.56079
AT,AKC,urban,2023-05-22 05:00:00+00:00,1,11.1575,12.203461
AT,AKC,urban,2023-05-22 06:00:00+00:00,1,10.5517,12.192387
AT,AKC,urban,2023-05-22 07:00:00+00:00,1,11.7825,10.490315
AT,AKC,urban,2023-05-22 08:00:00+00:00,1,10.0937,11.051732
AT,AKC,urban,2023-05-22 09:00:00+00:00,1,9.188349,9.922265
AT,AKC,urban,2023-05-22 10:00:00+00:00,1,8.225149,8.72284
AT,AKC,urban,2023-05-22 11:00:00+00:00,1,7.79435,8.519165
AT,AKC,urban,2023-05-22 12:00:00+00:00,1,7.8678,7.8979454
AT,AKC,urban,2023-05-22 13:00:00+00:00,1,7.750299,8.015281
AT,AKC,urban,2023-05-22 14:00:00+00:00,1,8.060299,7.852609
AT,AKC,urban,2023-05-22 15:00:00+00:00,1,8.292699,8.261295
AT,AKC,urban,2023-05-22 16:00:00+00:00,1,8.259149,8.669744
AT,AKC,urban,2023-05-22 17:00:00+00:00,1,9.714849,8.514361
AT,AKC,urban,2023-05-22 18:00:00+00:00,1,10.1025,10.143249
AT,AKC,urban,2023-05-22 19:00:00+00:00,1,9.791649,11.004796
AT,AKC,urban,2023-05-22 20:00:00+00:00,1,10.6685,10.141722
AT,AKC,urban,2023-05-22 21:00:00+00:00,1,13.404,10.651514
AT,AKC,urban,2023-05-22 22:00:00+00:00,1,14.447,13.559039
AT,AKC,urban,2023-05-22 23:00:00+00:00,1,14.091,14.449451
AT,AKC,urban,2023-05-23 00:00:00+00:00,1,14.5125,13.94155
AT,AKC,urban,2023-05-23 01:00:00+00:00,1,14.5485,14.408805
AT,AKC,urban,2023-05-23 02:00:00+00:00,1,15.839,14.458756
AT,AKC,urban,2023-05-23 03:00:00+00:00,1,16.057,15.637716
AT,AKC,urban,2023-05-23 04:00:00+00:00,1,17.991,16.18954
AT,AKC,urban,2023-05-23 05:00:00+00:00,1,16.6975,17.462696
AT,AKC,urban,2023-05-23 06:00:00+00:00,1,12.8115,16.343958
AT,AKC,urban,2023-05-23 07:00:00+00:00,1,11.4565,13.041779
AT,AKC,urban,2023-05-23 08:00:00+00:00,1,10.809,11.670054
AT,AKC,urban,2023-05-23 09:00:00+00:00,1,10.867,10.526324
AT,AKC,urban,2023-05-23 10:00:00+00:00,1,11.3135,10.2703705
AT,AKC,urban,2023-05-23 11:00:00+00:00,1,12.315,10.831173
AT,AKC,urban,2023-05-23 12:00:00+00:00,1,13.672,12.024483
AT,AKC,urban,2023-05-23 13:00:00+00:00,1,10.76605,12.5759
AT,AKC,urban,2023-05-23 14:00:00+00:00,1,9.770849,11.133632
AT,AKC,urban,2023-05-23 15:00:00+00:00,1,8.6777,8.222603
AT,AKC,urban,2023-05-23 16:00:00+00:00,1,8.644949,7.792126
AT,AKC,urban,2023-05-23 17:00:00+00:00,1,8.89385,8.764476
AT,AKC,urban,2023-05-23 18:00:00+00:00,1,9.171199,8.786364
AT,AKC,urban,2023-05-23 19:00:00+00:00,1,9.3297,9.001507
AT,AKC,urban,2023-05-23 20:00:00+00:00,1,9.5977,9.217058
AT,AKC,urban,2023-05-23 21:00:00+00:00,1,9.19495,9.578731
AT,AKC,urban,2023-05-23 22:00:00+00:00,1,7.71715,9.387829
AT,AKC,urban,2023-05-23 23:00:00+00:00,1,5.81955,8.034971
AT,AKC,urban,2023-05-24 00:00:00+00:00,1,5.084949,5.8673043
AT,AKC,urban,2023-05-24 01:00:00+00:00,1,5.202349,5.28221
AT,AKC,urban,2023-05-24 02:00:00+00:00,1,5.425799,5.3178306
AT,AKC,urban,2023-05-24 03:00:00+00:00,1,5.649899,5.4197617
AT,AKC,urban,2023-05-24 04:00:00+00:00,1,6.55175,5.846268
AT,AKC,urban,2023-05-24 05:00:00+00:00,1,5.579299,6.8773336
AT,AKC,urban,2023-05-24 06:00:00+00:00,1,4.389249,6.0126295
AT,AKC,urban,2023-05-24 07:00:00+00:00,1,4.10645,4.8435764
AT,AKC,urban,2023-05-24 08:00:00+00:00,1,4.509099,5.1679187
AT,AKC,urban,2023-05-24 09:00:00+00:00,1,4.37405,4.547342
AT,AKC,urban,2023-05-24 10:00:00+00:00,1,4.65215,4.330976
AT,AKC,urban,2023-05-24 11:00:00+00:00,1,5.4937,4.62544
AT,AKC,urban,2023-05-24 12:00:00+00:00,1,6.49135,5.4811044
AT,AKC,urban,2023-05-24 13:00:00+00:00,1,6.38675,6.6224623
AT,AKC,urban,2023-05-24 14:00:00+00:00,1,6.7179,5.994451
AT,AKC,urban,2023-05-24 15:00:00+00:00,1,7.361,6.548359
AT,AKC,urban,2023-05-24 16:00:00+00:00,1,6.8365,7.3560805
AT,AKC,urban,2023-05-24 17:00:00+00:00,1,7.342649,7.025035
AT,AKC,urban,2023-05-24 18:00:00+00:00,1,7.9834,7.431081
AT,AKC,urban,2023-05-24 19:00:00+00:00,1,8.803899,7.879343
AT,AKC,urban,2023-05-24 20:00:00+00:00,1,9.741149,8.750482
AT,AKC,urban,2023-05-24 21:00:00+00:00,1,10.143,9.63577
AT,AKC,urban,2023-05-24 22:00:00+00:00,1,10.12025,10.097388
AT,AKC,urban,2023-05-24 23:00:00+00:00,1,9.940449,10.332932
AT,AKC,urban,2023-05-25 00:00:00+00:00,1,10.0629,10.187501
AT,AKC,urban,2023-05-25 01:00:00+00:00,1,10.9555,10.266646
AT,AKC,urban,2023-05-25 02:00:00+00:00,1,11.929,11.044716
AT,AKC,urban,2023-05-25 03:00:00+00:00,1,11.6015,11.925062
AT,AKC,urban,2023-05-25 04:00:00+00:00,1,11.11,12.236481
AT,AKC,urban,2023-05-25 05:00:00+00:00,1,11.053,11.484324
AT,AKC,urban,2023-05-25 06:00:00+00:00,1,10.859,10.411801
AT,AKC,urban,2023-05-25 07:00:00+00:00,1,10.49485,9.930769
AT,AKC,urban,2023-05-25 08:00:00+00:00,1,10.6665,9.892488
AT,AKC,urban,2023-05-25 09:00:00+00:00,1,10.304,10.102723
AT,AKC,urban,2023-05-25 10:00:00+00:00,1,9.492899,9.915918
AT,AKC,urban,2023-05-25 11:00:00+00:00,1,8.964349,9.4581175
AT,AKC,urban,2023-05-25 12:00:00+00:00,1,8.8666,8.727468
AT,AKC,urban,2023-05-25 13:00:00+00:00,1,9.17745,8.480695
AT,AKC,urban,2023-05-25 14:00:00+00:00,1,9.31175,8.979663
AT,AKC,urban,2023-05-25 15:00:00+00:00,1,8.455699,9.3071375
AT,AKC,urban,2023-05-25 16:00:00+00:00,1,8.54255,8.603251
AT,AKC,urban,2023-05-25 17:00:00+00:00,1,9.16415,8.566217
AT,AKC,urban,2023-05-25 18:00:00+00:00,1,10.5083,9.387969
AT,AKC,urban,2023-05-25 19:00:00+00:00,1,12.06,10.743916
AT,AKC,urban,2023-05-25 20:00:00+00:00,1,12.005,12.427302
AT,AKC,urban,2023-05-25 21:00:00+00:00,1,11.762,11.998909
AT,AKC,urban,2023-05-25 22:00:00+00:00,1,12.203,11.52593
AT,AKC,urban,2023-05-25 23:00:00+00:00,1,13.4795,12.115062
AT,AKC,urban,2023-05-26 00:00:00+00:00,1,13.968,13.40118
AT,AKC,urban,2023-05-26 01:00:00+00:00,1,14.256,14.04831
AT,AKC,urban,2023-05-26 02:00:00+00:00,1,15.1025,13.412951
AT,AKC,urban,2023-05-26 03:00:00+00:00,1,14.573,14.791933
AT,AKC,urban,2023-05-26 04:00:00+00:00,1,13.5665,14.804446
AT,AKC,urban,2023-05-26 05:00:00+00:00,1,14.1855,14.177838
AT,AKC,urban,2023-05-26 06:00:00+00:00,1,12.8525,13.564398
AT,AKC,urban,2023-05-26 07:00:00+00:00,1,16.78495,12.726035
AT,AKC,urban,2023-05-26 08:00:00+00:00,1,10.57,14.248122
AT,AKC,urban,2023-05-26 09:00:00+00:00,1,10.10855,10.779888
AT,AKC,urban,2023-05-26 10:00:00+00:00,1,10.706,9.022014
AT,AKC,urban,2023-05-26 11:00:00+00:00,1,8.775449,10.289888
AT,AKC,urban,2023-05-26 12:00:00+00:00,1,8.844799,8.6219225
AT,AKC,urban,2023-05-26 13:00:00+00:00,1,7.5878,8.348992
AT,AKC,urban,2023-05-26 14:00:00+00:00,1,7.441849,7.900468
AT,AKC,urban,2023-05-26 15:00:00+00:00,1,7.7448,7.7639356
AT,AKC,urban,2023-05-26 16:00:00+00:00,1,8.64805,7.768261
AT,AKC,urban,2023-05-26 17:00:00+00:00,1,9.083149,8.733391
AT,AKC,urban,2023-05-26 18:00:00+00:00,1,9.463699,9.279114
AT,AKC,urban,2023-05-26 19:00:00+00:00,1,9.321149,9.63304
AT,AKC,urban,2023-05-26 20:00:00+00:00,1,9.846951,9.61893
AT,AKC,urban,2023-05-26 21:00:00+00:00,1,8.9036,10.115678
AT,AKC,urban,2023-05-26 22:00:00+00:00,1,8.284199,9.248623
AT,AKC,urban,2023-05-26 23:00:00+00:00,1,7.7122,8.9236965
AT,AKC,urban,2023-05-27 00:00:00+00:00,1,7.762849,8.068817
AT,AKC,urban,2023-05-27 01:00:00+00:00,1,7.7051,8.02201
AT,AKC,urban,2023-05-27 02:00:00+00:00,1,7.941599,8.08485
AT,AKC,urban,2023-05-27 03:00:00+00:00,1,8.102699,8.197837
AT,AKC,urban,2023-05-27 04:00:00+00:00,1,8.3185,8.399902
AT,AKC,urban,2023-05-27 05:00:00+00:00,1,8.653499,8.542486
AT,AKC,urban,2023-05-27 06:00:00+00:00,1,9.468349,8.577124
AT,AKC,urban,2023-05-27 07:00:00+00:00,1,9.222249,8.946348
AT,AKC,urban,2023-05-27 08:00:00+00:00,1,8.53785,9.087098
AT,AKC,urban,2023-05-27 09:00:00+00:00,1,7.855949,8.288626
AT,AKC,urban,2023-05-27 10:00:00+00:00,1,7.455349,7.869355
AT,AKC,urban,2023-05-27 11:00:00+00:00,1,7.49485,7.37067
AT,AKC,urban,2023-05-27 12:00:00+00:00,1,7.32705,7.3890176
AT,AKC,urban,2023-05-27 13:00:00+00:00,1,7.537699,7.272409
AT,AKC,urban,2023-05-27 14:00:00+00:00,1,7.31795,7.402577
AT,AKC,urban,2023-05-27 15:00:00+00:00,1,6.604599,7.2703495
AT,AKC,urban,2023-05-27 16:00:00+00:00,1,6.997799,6.731162
AT,AKC,urban,2023-05-27 17:00:00+00:00,1,7.7294,7.0347
AT,AKC,urban,2023-05-27 18:00:00+00:00,1,8.6602,7.746652
AT,AKC,urban,2023-05-27 19:00:00+00:00,1,8.11725,8.852227
AT,AKC,urban,2023-05-27 20:00:00+00:00,1,6.591099,8.639768
AT,AKC,urban,2023-05-27 21:00:00+00:00,1,5.951999,7.0499816
AT,AKC,urban,2023-05-27 22:00:00+00:00,1,5.469049,6.3459716
AT,AKC,urban,2023-05-27 23:00:00+00:00,1,5.492099,5.8978634
AT,AKC,urban,2023-05-28 00:00:00+00:00,1,5.367199,5.778175
AT,AKC,urban,2023-05-28 01:00:00+00:00,1,5.829199,5.653146
AT,AKC,urban,2023-05-28 02:00:00+00:00,1,6.232299,5.9764347
AT,AKC,urban,2023-05-28 03:00:00+00:00,1,5.936299,6.402769
AT,AKC,urban,2023-05-28 04:00:00+00:00,1,6.002399,6.20484
AT,AKC,urban,2023-05-28 05:00:00+00:00,1,6.348549,6.2288795
AT,AKC,urban,2023-05-28 06:00:00+00:00,1,6.666299,6.453601
AT,AKC,urban,2023-05-28 07:00:00+00:00,1,6.5937,6.591883
AT,AKC,urban,2023-05-28 08:00:00+00:00,1,7.3565,6.5902095
AT,AKC,urban,2023-05-28 09:00:00+00:00,1,7.5401,7.1174874
AT,AKC,urban,2023-05-28 10:00:00+00:00,1,7.237649,7.3644657
AT,AKC,urban,2023-05-28 11:00:00+00:00,1,7.0016,7.0603156
AT,AKC,urban,2023-05-28 12:00:00+00:00,1,7.57275,6.783015
AT,AKC,urban,2023-05-28 13:00:00+00:00,1,7.529049,7.237824
AT,AKC,urban,2023-05-28 14:00:00+00:00,1,7.3261,7.1921167
AT,AKC,urban,2023-05-28 15:00:00+00:00,1,7.359549,7.4205475
AT,AKC,urban,2023-05-28 16:00:00+00:00,1,7.705649,7.4748244
AT,AKC,urban,2023-05-28 17:00:00+00:00,1,8.44725,7.706906
AT,AKC,urban,2023-05-28 18:00:00+00:00,1,9.092499,8.583298
AT,AKC,urban,2023-05-28 19:00:00+00:00,1,7.92005,9.168353
AT,AKC,urban,2023-05-28 20:00:00+00:00,1,9.031749,8.316243
AT,AKC,urban,2023-05-28 21:00:00+00:00,1,7.953949,9.21497
AT,AKC,urban,2023-05-28 22:00:00+00:00,1,7.097549,8.243086
AT,AKC,urban,2023-05-28 23:00:00+00:00,1,6.4895,7.5014505
AT,AKC,urban,2023-05-29 00:00:00+00:00,1,6.1237,7.0187564
AT,AKC,urban,2023-05-29 01:00:00+00:00,1,5.987899,6.5540037
AT,AKC,urban,2023-05-29 02:00:00+00:00,1,6.415499,6.3740296
AT,AKC,urban,2023-05-29 03:00:00+00:00,1,6.012399,6.595045
AT,AKC,urban,2023-05-29 04:00:00+00:00,1,5.820899,6.408095
AT,AKC,urban,2023-05-29 05:00:00+00:00,1,5.505049,6.13867
AT,AKC,urban,2023-05-29 06:00:00+00:00,1,6.0534,5.817042
AT,AKC,urban,2023-05-29 07:00:00+00:00,1,5.07445,6.1004543
AT,AKC,urban,2023-05-29 08:00:00+00:00,1,4.63245,5.312812
AT,AKC,urban,2023-05-29 09:00:00+00:00,1,4.273349,4.876854
AT,AKC,urban,2023-05-29 10:00:00+00:00,1,4.128399,4.5170164
AT,AKC,urban,2023-05-29 11:00:00+00:00,1,4.1857,4.4666166
AT,AKC,urban,2023-05-29 12:00:00+00:00,1,4.36785,4.259019
AT,AKC,urban,2023-05-29 13:00:00+00:00,1,4.471699,4.395749
AT,AKC,urban,2023-05-29 14:00:00+00:00,1,4.70515,4.616801
AT,AKC,urban,2023-05-29 15:00:00+00:00,1,4.89335,4.86814
AT,AKC,urban,2023-05-29 16:00:00+00:00,1,5.113049,5.2489033
AT,AKC,urban,2023-05-29 17:00:00+00:00,1,5.7741,5.4279237
AT,AKC,urban,2023-05-29 18:00:00+00:00,1,6.930549,5.979515
AT,AKC,urban,2023-05-29 19:00:00+00:00,1,7.745349,7.246629
AT,AKC,urban,2023-05-29 20:00:00+00:00,1,7.398149,8.2282915
AT,AKC,urban,2023-05-29 21:00:00+00:00,1,6.59815,7.567931
AT,AKC,urban,2023-05-29 22:00:00+00:00,1,5.899,6.9207597
AT,AKC,urban,2023-05-29 23:00:00+00:00,1,5.62125,6.004255
AT,AKC,urban,2023-05-30 00:00:00+00:00,1,5.955999,5.8742943
AT,AKC,urban,2023-05-30 01:00:00+00:00,1,6.221549,6.0418415
AT,AKC,urban,2023-05-30 02:00:00+00:00,1,6.819499,6.4510207
AT,AKC,urban,2023-05-30 03:00:00+00:00,1,7.347399,6.817058
AT,AKC,urban,2023-05-30 04:00:00+00:00,1,8.74895,7.475877
AT,AKC,urban,2023-05-30 05:00:00+00:00,1,8.286749,8.541008
AT,AKC,urban,2023-05-30 06:00:00+00:00,1,7.773349,7.9593096
AT,AKC,urban,2023-05-30 07:00:00+00:00,1,7.559249,7.3055153
AT,AKC,urban,2023-05-30 08:00:00+00:00,1,7.669,7.2456274
AT,AKC,urban,2023-05-30 09:00:00+00:00,1,7.431149,7.418542
AT,AKC,urban,2023-05-30 10:00:00+00:00,1,6.6475,7.3207507
AT,AKC,urban,2023-05-30 11:00:00+00:00,1,5.73,6.689643
AT,AKC,urban,2023-05-30 12:00:00+00:00,1,6.549149,5.5253425
AT,AKC,urban,2023-05-30 13:00:00+00:00,1,5.8105,6.388365
AT,AKC,urban,2023-05-30 14:00:00+00:00,1,5.779,6.0689945
AT,AKC,urban,2023-05-30 15:00:00+00:00,1,5.79685,5.982962
AT,AKC,urban,2023-05-30 16:00:00+00:00,1,5.72545,6.0989585
AT,AKC,urban,2023-05-30 17:00:00+00:00,1,5.9334,5.941594
AT,AKC,urban,2023-05-30 18:00:00+00:00,1,6.157449,6.121081
AT,AKC,urban,2023-05-30 19:00:00+00:00,1,6.359,6.318285
AT,AKC,urban,2023-05-30 20:00:00+00:00,1,6.378749,6.534998
AT,AKC,urban,2023-05-30 21:00:00+00:00,1,6.0313,6.632201
AT,AKC,urban,2023-05-30 22:00:00+00:00,1,5.9295,6.4116645
AT,AKC,urban,2023-05-30 23:00:00+00:00,1,6.065299,6.172429
AT,AKC,urban,2023-05-31 00:00:00+00:00,1,6.224649,6.3426547
AT,AKC,urban,2023-05-31 01:00:00+00:00,1,6.2016,6.364915
AT,AKC,urban,2023-05-31 02:00:00+00:00,1,6.57845,6.3697767
AT,AKC,urban,2023-05-31 03:00:00+00:00,1,6.75265,6.9451213
AT,AKC,urban,2023-05-31 04:00:00+00:00,1,7.336449,7.1987257
AT,AKC,urban,2023-05-31 05:00:00+00:00,1,7.704899,7.248272
AT,AKC,urban,2023-05-31 06:00:00+00:00,1,8.3421,7.299251
AT,AKC,urban,2023-05-31 07:00:00+00:00,1,7.255249,7.831067
AT,AKC,urban,2023-05-31 08:00:00+00:00,1,7.16355,7.305178
AT,AKC,urban,2023-05-31 09:00:00+00:00,1,7.041,6.919529
AT,AKC,urban,2023-05-31 10:00:00+00:00,1,6.792699,6.9488177
AT,AKC,urban,2023-05-31 11:00:00+00:00,1,7.732049,6.557751
AT,AKC,urban,2023-05-31 12:00:00+00:00,1,7.0171,7.047109
AT,AKC,urban,2023-05-31 13:00:00+00:00,1,6.571149,6.9393034
AT,AKC,urban,2023-05-31 14:00:00+00:00,1,6.304599,6.569288
AT,AKC,urban,2023-05-31 15:00:00+00:00,1,5.777199,6.4218025
AT,AKC,urban,2023-05-31 16:00:00+00:00,1,5.873549,6.2812867
AT,AKC,urban,2023-05-31 17:00:00+00:00,1,4.854399,6.3529406
AT,AKC,urban,2023-05-31 18:00:00+00:00,1,5.03485,5.6776657
AT,AKC,urban,2023-05-31 19:00:00+00:00,1,5.61415,5.4014664
AT,AKC,urban,2023-05-31 20:00:00+00:00,1,6.494949,5.707699
AT,AKC,urban,2023-05-31 21:00:00+00:00,1,6.405099,6.670876
AT,AKC,urban,2023-05-31 22:00:00+00:00,1,5.927599,6.645631
AT,AKC,urban,2023-05-31 23:00:00+00:00,1,5.97655,6.2844152
AT,AKC,urban,2023-06-01 00:00:00+00:00,1,6.30815,6.196976
AT,AKC,urban,2023-06-01 01:00:00+00:00,1,7.010399,6.4579906
AT,AKC,urban,2023-06-01 02:00:00+00:00,1,6.53595,7.1049123
AT,AKC,urban,2023-06-01 03:00:00+00:00,1,7.4651,6.9634075
AT,AKC,urban,2023-06-01 04:00:00+00:00,1,8.397449,7.8917804
AT,AKC,urban,2023-06-01 05:00:00+00:00,1,6.899649,9.085226
AT,AKC,urban,2023-06-01 06:00:00+00:00,1,6.874199,7.425946
AT,AKC,urban,2023-06-01 07:00:00+00:00,1,7.862249,6.700555
AT,AKC,urban,2023-06-01 08:00:00+00:00,1,5.000599,7.317143
AT,AKC,urban,2023-06-01 09:00:00+00:00,1,5.038399,5.554735
AT,AKC,urban,2023-06-01 10:00:00+00:00,1,5.4896,5.4824266
AT,AKC,urban,2023-06-01 11:00:00+00:00,1,5.814049,5.422439
AT,AKC,urban,2023-06-01 12:00:00+00:00,1,6.30255,5.6150627
AT,AKC,urban,2023-06-01 13:00:00+00:00,1,6.920849,6.019444
AT,AKC,urban,2023-06-01 14:00:00+00:00,1,6.912349,6.783407
AT,AKC,urban,2023-06-01 15:00:00+00:00,1,6.92315,7.0738764
AT,AKC,urban,2023-06-01 16:00:00+00:00,1,6.57725,7.180299
AT,AKC,urban,2023-06-01 17:00:00+00:00,1,5.38065,6.9498177
AT,AKC,urban,2023-06-01 18:00:00+00:00,1,5.95765,5.923581
AT,AKC,urban,2023-06-01 19:00:00+00:00,1,7.220399,6.4625316
AT,AKC,urban,2023-06-01 20:00:00+00:00,1,6.31815,7.3999505
AT,AKC,urban,2023-06-01 21:00:00+00:00,1,5.72265,6.5847154
AT,AKC,urban,2023-06-01 22:00:00+00:00,1,5.754049,6.066202
AT,AKC,urban,2023-06-01 23:00:00+00:00,1,6.0914,5.978738
AT,AKC,urban,2023-06-02 00:00:00+00:00,1,6.3456,6.2966824
AT,AKC,urban,2023-06-02 01:00:00+00:00,1,6.961249,6.5006194
AT,AKC,urban,2023-06-02 02:00:00+00:00,1,7.1771,7.029711
AT,AKC,urban,2023-06-02 03:00:00+00:00,1,9.494249,7.41626
AT,AKC,urban,2023-06-02 04:00:00+00:00,1,11.423,9.92467
AT,AKC,urban,2023-06-02 05:00:00+00:00,1,8.355449,10.9916525
AT,AKC,urban,2023-06-02 06:00:00+00:00,1,7.53135,8.583318
AT,AKC,urban,2023-06-02 07:00:00+00:00,1,6.840399,7.182545
AT,AKC,urban,2023-06-02 08:00:00+00:00,1,7.09635,6.550311
AT,AKC,urban,2023-06-02 09:00:00+00:00,1,6.106599,6.7730174
AT,AKC,urban,2023-06-02 10:00:00+00:00,1,6.2088,6.3318624
AT,AKC,urban,2023-06-02 11:00:00+00:00,1,5.892499,6.07134
AT,AKC,urban,2023-06-02 12:00:00+00:00,1,5.959899,5.9874115
AT,AKC,urban,2023-06-02 13:00:00+00:00,1,5.844999,5.897526
AT,AKC,urban,2023-06-02 14:00:00+00:00,1,6.10305,5.862221
AT,AKC,urban,2023-06-02 15:00:00+00:00,1,7.301449,6.28165
AT,AKC,urban,2023-06-02 16:00:00+00:00,1,9.0995,7.314415
AT,AKC,urban,2023-06-02 17:00:00+00:00,1,9.660799,9.176031
AT,AKC,urban,2023-06-02 18:00:00+00:00,1,8.9207,9.262966
AT,AKC,urban,2023-06-02 19:00:00+00:00,1,9.20235,8.999866
AT,AKC,urban,2023-06-02 20:00:00+00:00,1,9.0894,9.330527
AT,AKC,urban,2023-06-02 21:00:00+00:00,1,8.0697,8.788349
AT,AKC,urban,2023-06-02 22:00:00+00:00,1,6.7768,8.287388
AT,AKC,urban,2023-06-02 23:00:00+00:00,1,6.891149,7.0157466
AT,AKC,urban,2023-06-03 00:00:00+00:00,1,7.16975,7.031475
AT,AKC,urban,2023-06-03 01:00:00+00:00,1,7.49565,7.249072
AT,AKC,urban,2023-06-03 02:00:00+00:00,1,7.270999,7.624996
AT,AKC,urban,2023-06-03 03:00:00+00:00,1,6.8522,7.6195297
AT,AKC,urban,2023-06-03 04:00:00+00:00,1,6.44645,7.145734
AT,AKC,urban,2023-06-03 05:00:00+00:00,1,5.728499,6.7459655
AT,AKC,urban,2023-06-03 06:00:00+00:00,1,5.2258,6.186361
AT,AKC,urban,2023-06-03 07:00:00+00:00,1,4.125349,5.524524
AT,AKC,urban,2023-06-03 08:00:00+00:00,1,3.929399,4.681406
AT,AKC,urban,2023-06-03 09:00:00+00:00,1,4.178699,4.3726335
AT,AKC,urban,2023-06-03 10:00:00+00:00,1,3.895649,4.2943106
AT,AKC,urban,2023-06-03 11:00:00+00:00,1,3.67,4.272055
AT,AKC,urban,2023-06-03 12:00:00+00:00,1,3.573899,4.015191
AT,AKC,urban,2023-06-03 13:00:00+00:00,1,3.9636,3.9617603
AT,AKC,urban,2023-06-03 14:00:00+00:00,1,4.06335,4.110749
AT,AKC,urban,2023-06-03 15:00:00+00:00,1,3.970449,4.3071494
AT,AKC,urban,2023-06-03 16:00:00+00:00,1,4.539,4.416552
AT,AKC,urban,2023-06-03 17:00:00+00:00,1,4.998149,4.7346954
AT,AKC,urban,2023-06-03 18:00:00+00:00,1,5.2227,5.2637506
AT,AKC,urban,2023-06-03 19:00:00+00:00,1,5.40235,5.49815
AT,AKC,urban,2023-06-03 20:00:00+00:00,1,5.764749,5.639347
AT,AKC,urban,2023-06-03 21:00:00+00:00,1,5.935899,5.801549
AT,AKC,urban,2023-06-03 22:00:00+00:00,1,5.9478,6.096513
AT,AKC,urban,2023-06-03 23:00:00+00:00,1,5.884599,6.134125
AT,AKC,urban,2023-06-04 00:00:00+00:00,1,5.90575,6.1948967
AT,AKC,urban,2023-06-04 01:00:00+00:00,1,6.235,6.043046
AT,AKC,urban,2023-06-04 02:00:00+00:00,1,6.616749,6.563986
AT,AKC,urban,2023-06-04 03:00:00+00:00,1,6.3696,6.760966
AT,AKC,urban,2023-06-04 04:00:00+00:00,1,6.817049,6.5759
AT,AKC,urban,2023-06-04 05:00:00+00:00,1,7.093899,6.8306603
AT,AKC,urban,2023-06-04 06:00:00+00:00,1,7.2593,6.9171953
AT,AKC,urban,2023-06-04 07:00:00+00:00,1,7.255,6.9342127
AT,AKC,urban,2023-06-04 08:00:00+00:00,1,7.1879,6.9510217
AT,AKC,urban,2023-06-04 09:00:00+00:00,1,6.31585,7.00251
AT,AKC,urban,2023-06-04 10:00:00+00:00,1,5.819149,6.457876
AT,AKC,urban,2023-06-04 11:00:00+00:00,1,5.9847,5.8937383
AT,AKC,urban,2023-06-04 12:00:00+00:00,1,6.513,5.83096
AT,AKC,urban,2023-06-04 13:00:00+00:00,1,6.53725,6.285771
AT,AKC,urban,2023-06-04 14:00:00+00:00,1,6.441349,6.5817595
AT,AKC,urban,2023-06-04 15:00:00+00:00,1,6.81655,6.41306
AT,AKC,urban,2023-06-04 16:00:00+00:00,1,7.217,6.4766903
AT,AKC,urban,2023-06-04 17:00:00+00:00,1,7.28215,7.292596
AT,AKC,urban,2023-06-04 18:00:00+00:00,1,7.314849,7.406388
AT,AKC,urban,2023-06-04 19:00:00+00:00,1,7.40065,7.627442
AT,AKC,urban,2023-06-04 20:00:00+00:00,1,7.975349,7.4560757
AT,AKC,urban,2023-06-04 21:00:00+00:00,1,8.442449,7.8143773
AT,AKC,urban,2023-06-04 22:00:00+00:00,1,10.417,8.3738575
AT,AKC,urban,2023-06-04 23:00:00+00:00,1,11.176,10.357158
AT,AKC,urban,2023-06-05 00:00:00+00:00,1,13.655,11.0755005
AT,AKC,urban,2023-06-05 01:00:00+00:00,1,18.4915,13.694942
AT,AKC,urban,2023-06-05 02:00:00+00:00,1,15.586,18.41678
AT,AKC,urban,2023-06-05 03:00:00+00:00,1,17.683,14.883321
AT,AKC,urban,2023-06-05 04:00:00+00:00,1,18.9435,17.168936
AT,AKC,urban,2023-06-05 05:00:00+00:00,1,17.146,19.06081
AT,AKC,urban,2023-06-05 06:00:00+00:00,1,13.034,16.8947
AT,AKC,urban,2023-06-05 07:00:00+00:00,1,12.2995,11.760212
AT,AKC,urban,2023-06-05 08:00:00+00:00,1,11.207,11.248133
AT,AKC,urban,2023-06-05 09:00:00+00:00,1,11.91,10.769272
AT,AKC,urban,2023-06-05 10:00:00+00:00,1,10.66245,10.987534
AT,AKC,urban,2023-06-05 11:00:00+00:00,1,7.878449,10.39126
AT,AKC,urban,2023-06-05 12:00:00+00:00,1,8.7073,8.063184
AT,AKC,urban,2023-06-05 13:00:00+00:00,1,9.3667,8.860359
AT,AKC,urban,2023-06-05 14:00:00+00:00,1,10.55945,9.061449
AT,AKC,urban,2023-06-05 15:00:00+00:00,1,9.545499,10.101941
AT,AKC,urban,2023-06-05 16:00:00+00:00,1,10.0223,8.851038
AT,AKC,urban,2023-06-05 17:00:00+00:00,1,10.2642,10.265385
AT,AKC,urban,2023-06-05 18:00:00+00:00,1,11.86,10.566371
AT,AKC,urban,2023-06-05 19:00:00+00:00,1,9.540051,11.71841
AT,AKC,urban,2023-06-05 20:00:00+00:00,1,9.417749,9.425948
AT,AKC,urban,2023-06-05 21:00:00+00:00,1,10.5665,9.345241
AT,AKC,urban,2023-06-05 22:00:00+00:00,1,11.647,10.612846
AT,AKC,urban,2023-06-05 23:00:00+00:00,1,11.793,11.680484
AT,AKC,urban,2023-06-06 00:00:00+00:00,1,11.5505,11.914741
AT,AKC,urban,2023-06-06 01:00:00+00:00,1,11.694,11.627308
AT,AKC,urban,2023-06-06 02:00:00+00:00,1,12.1485,11.93875
AT,AKC,urban,2023-06-06 03:00:00+00:00,1,12.5495,12.406466
AT,AKC,urban,2023-06-06 04:00:00+00:00,1,13.4615,12.822726
AT,AKC,urban,2023-06-06 05:00:00+00:00,1,12.871,13.589474
AT,AKC,urban,2023-06-06 06:00:00+00:00,1,12.9305,13.11923
AT,AKC,urban,2023-06-06 07:00:00+00:00,1,13.6535,12.699837
AT,AKC,urban,2023-06-06 08:00:00+00:00,1,11.85,13.048975
AT,AKC,urban,2023-06-06 09:00:00+00:00,1,10.10595,11.741116
AT,AKC,urban,2023-06-06 10:00:00+00:00,1,9.807749,9.382063
AT,AKC,urban,2023-06-06 11:00:00+00:00,1,11.7315,9.501722
AT,AKC,urban,2023-06-06 12:00:00+00:00,1,12.136,11.236247
AT,AKC,urban,2023-06-06 13:00:00+00:00,1,10.06805,11.689227
AT,AKC,urban,2023-06-06 14:00:00+00:00,1,15.0175,9.939961
AT,AKC,urban,2023-06-06 15:00:00+00:00,1,9.6834,14.040969
AT,AKC,urban,2023-06-06 16:00:00+00:00,1,8.03235,9.277104
AT,AKC,urban,2023-06-06 17:00:00+00:00,1,9.09485,7.592433
AT,AKC,urban,2023-06-06 18:00:00+00:00,1,10.169,9.320632
AT,AKC,urban,2023-06-06 19:00:00+00:00,1,11.1375,10.3268795
AT,AKC,urban,2023-06-06 20:00:00+00:00,1,10.402,11.278588
AT,AKC,urban,2023-06-06 21:00:00+00:00,1,7.8365,10.540116
AT,AKC,urban,2023-06-06 22:00:00+00:00,1,7.9534,7.6722965
AT,AKC,urban,2023-06-06 23:00:00+00:00,1,8.35555,7.990322
AT,AKC,urban,2023-06-07 00:00:00+00:00,1,7.084549,8.597502
AT,AKC,urban,2023-06-07 01:00:00+00:00,1,6.88485,7.2831974
AT,AKC,urban,2023-06-07 02:00:00+00:00,1,9.737299,7.0330725
AT,AKC,urban,2023-06-07 03:00:00+00:00,1,8.54215,9.729831
AT,AKC,urban,2023-06-07 04:00:00+00:00,1,8.133799,8.537004
AT,AKC,urban,2023-06-07 05:00:00+00:00,1,9.773099,8.516243
AT,AKC,urban,2023-06-07 06:00:00+00:00,1,11.278,9.275001
AT,AKC,urban,2023-06-07 07:00:00+00:00,1,11.2135,10.877817
AT,AKC,urban,2023-06-07 08:00:00+00:00,1,10.5103,10.688677
AT,AKC,urban,2023-06-07 09:00:00+00:00,1,9.636549,10.259349
AT,AKC,urban,2023-06-07 10:00:00+00:00,1,9.81175,9.331648
AT,AKC,urban,2023-06-07 11:00:00+00:00,1,9.25065,9.748096
AT,AKC,urban,2023-06-07 12:00:00+00:00,1,8.810499,9.35373
AT,AKC,urban,2023-06-07 13:00:00+00:00,1,11.18065,8.811305
AT,AKC,urban,2023-06-07 14:00:00+00:00,1,6.124449,11.270523
AT,AKC,urban,2023-06-07 15:00:00+00:00,1,7.550849,6.35873
AT,AKC,urban,2023-06-07 16:00:00+00:00,1,9.283349,7.234435
AT,AKC,urban,2023-06-07 17:00:00+00:00,1,8.6119,9.557505
AT,AKC,urban,2023-06-07 18:00:00+00:00,1,10.867,8.813286
AT,AKC,urban,2023-06-07 19:00:00+00:00,1,8.978599,10.917918
AT,AKC,urban,2023-06-07 20:00:00+00:00,1,8.64225,8.9133835
AT,AKC,urban,2023-06-07 21:00:00+00:00,1,9.573949,9.030812
AT,AKC,urban,2023-06-07 22:00:00+00:00,1,10.02165,9.44036
AT,AKC,urban,2023-06-07 23:00:00+00:00,1,9.8687,10.175753
AT,AKC,urban,2023-06-08 00:00:00+00:00,1,9.5451,10.352898
AT,AKC,urban,2023-06-08 01:00:00+00:00,1,9.887049,9.697682
AT,AKC,urban,2023-06-08 02:00:00+00:00,1,10.724,10.336629
AT,AKC,urban,2023-06-08 03:00:00+00:00,1,11.078,10.89754
AT,AKC,urban,2023-06-08 04:00:00+00:00,1,12.298,11.218875
AT,AKC,urban,2023-06-08 05:00:00+00:00,1,13.3535,12.450292
AT,AKC,urban,2023-06-08 06:00:00+00:00,1,12.596,13.221333
AT,AKC,urban,2023-06-08 07:00:00+00:00,1,14.7385,11.974466
AT,AKC,urban,2023-06-08 08:00:00+00:00,1,11.469,13.613309
AT,AKC,urban,2023-06-08 09:00:00+00:00,1,9.7353,10.628275
AT,AKC,urban,2023-06-08 10:00:00+00:00,1,8.6687,9.374858
AT,AKC,urban,2023-06-08 11:00:00+00:00,1,9.114299,8.472193
AT,AKC,urban,2023-06-08 12:00:00+00:00,1,8.948749,8.848091
AT,AKC,urban,2023-06-08 13:00:00+00:00,1,6.455849,8.956907
AT,AKC,urban,2023-06-08 14:00:00+00:00,1,6.7184,6.5560927
AT,AKC,urban,2023-06-08 15:00:00+00:00,1,5.87465,6.551243
AT,AKC,urban,2023-06-08 16:00:00+00:00,1,5.4635,6.1188703
AT,AKC,urban,2023-06-08 17:00:00+00:00,1,5.740449,5.735627
AT,AKC,urban,2023-06-08 18:00:00+00:00,1,6.814199,6.0994515
AT,AKC,urban,2023-06-08 19:00:00+00:00,1,7.308599,7.155178
AT,AKC,urban,2023-06-08 20:00:00+00:00,1,7.3898,7.6928554
AT,AKC,urban,2023-06-08 21:00:00+00:00,1,6.486599,7.5502357
AT,AKC,urban,2023-06-08 22:00:00+00:00,1,7.468649,6.606579
AT,AKC,urban,2023-06-08 23:00:00+00:00,1,8.188949,7.530783
AT,AKC,urban,2023-06-09 00:00:00+00:00,1,9.3663,8.46634
AT,AKC,urban,2023-06-09 01:00:00+00:00,1,9.762849,9.293398
AT,AKC,urban,2023-06-09 02:00:00+00:00,1,10.4935,9.930126
AT,AKC,urban,2023-06-09 03:00:00+00:00,1,10.4385,10.441152
AT,AKC,urban,2023-06-09 04:00:00+00:00,1,9.828449,10.588961
AT,AKC,urban,2023-06-09 05:00:00+00:00,1,9.08785,9.953074
AT,AKC,urban,2023-06-09 06:00:00+00:00,1,9.376449,9.040532
AT,AKC,urban,2023-06-09 07:00:00+00:00,1,8.8374,9.285859
AT,AKC,urban,2023-06-09 08:00:00+00:00,1,9.48785,8.843406
AT,AKC,urban,2023-06-09 09:00:00+00:00,1,9.488599,8.780466
AT,AKC,urban,2023-06-09 10:00:00+00:00,1,9.3192,9.091811
AT,AKC,urban,2023-06-09 11:00:00+00:00,1,8.592,9.243135
AT,AKC,urban,2023-06-09 12:00:00+00:00,1,7.917449,8.416239
AT,AKC,urban,2023-06-09 13:00:00+00:00,1,7.08695,8.060256
AT,AKC,urban,2023-06-09 14:00:00+00:00,1,8.239999,7.253391
AT,AKC,urban,2023-06-09 15:00:00+00:00,1,6.538749,8.17815
AT,AKC,urban,2023-06-09 16:00:00+00:00,1,6.24055,7.0579686
AT,AKC,urban,2023-06-09 17:00:00+00:00,1,5.277449,6.226403
AT,AKC,urban,2023-06-09 18:00:00+00:00,1,5.647099,5.637889
AT,AKC,urban,2023-06-09 19:00:00+00:00,1,5.8963,5.907272
AT,AKC,urban,2023-06-09 20:00:00+00:00,1,4.583849,6.003037
AT,AKC,urban,2023-06-09 21:00:00+00:00,1,5.061749,5.079273
AT,AKC,urban,2023-06-09 22:00:00+00:00,1,5.730549,5.344707
AT,AKC,urban,2023-06-09 23:00:00+00:00,1,6.469599,5.743138
AT,AKC,urban,2023-06-10 00:00:00+00:00,1,7.647999,6.4962335
AT,AKC,urban,2023-06-10 01:00:00+00:00,1,9.8,7.6913786
AT,AKC,urban,2023-06-10 02:00:00+00:00,1,9.89115,9.807959
AT,AKC,urban,2023-06-10 03:00:00+00:00,1,11.6065,10.013742
AT,AKC,urban,2023-06-10 04:00:00+00:00,1,13.362,11.516664
AT,AKC,urban,2023-06-10 05:00:00+00:00,1,15.678,13.271751
AT,AKC,urban,2023-06-10 06:00:00+00:00,1,15.253,15.427363
AT,AKC,urban,2023-06-10 07:00:00+00:00,1,14.2675,14.177177
AT,AKC,urban,2023-06-10 08:00:00+00:00,1,13.013,13.669235
AT,AKC,urban,2023-06-10 09:00:00+00:00,1,10.649,12.445781
AT,AKC,urban,2023-06-10 10:00:00+00:00,1,9.5911,9.647983
AT,AKC,urban,2023-06-10 11:00:00+00:00,1,9.003299,9.119961
AT,AKC,urban,2023-06-10 12:00:00+00:00,1,9.19535,9.159004
AT,AKC,urban,2023-06-10 13:00:00+00:00,1,9.000949,8.751303
AT,AKC,urban,2023-06-10 14:00:00+00:00,1,8.20615,9.094496
AT,AKC,urban,2023-06-10 15:00:00+00:00,1,8.0591,8.320313
AT,AKC,urban,2023-06-10 16:00:00+00:00,1,8.992799,8.129021
AT,AKC,urban,2023-06-10 17:00:00+00:00,1,11.188,8.711499
AT,AKC,urban,2023-06-10 18:00:00+00:00,1,12.112,11.150347
AT,AKC,urban,2023-06-10 19:00:00+00:00,1,11.715,12.100455
AT,AKC,urban,2023-06-10 20:00:00+00:00,1,11.6035,11.799706
AT,AKC,urban,2023-06-10 21:00:00+00:00,1,11.4635,11.466259
AT,AKC,urban,2023-06-10 22:00:00+00:00,1,9.891349,11.215899
AT,AKC,urban,2023-06-10 23:00:00+00:00,1,9.378,9.782115
AT,AKC,urban,2023-06-11 00:00:00+00:00,1,9.5412,9.721473
AT,AKC,urban,2023-06-11 01:00:00+00:00,1,9.365949,9.7218
AT,AKC,urban,2023-06-11 02:00:00+00:00,1,9.4594,9.747169
AT,AKC,urban,2023-06-11 03:00:00+00:00,1,9.55755,9.640045
AT,AKC,urban,2023-06-11 04:00:00+00:00,1,10.9395,9.772099
AT,AKC,urban,2023-06-11 05:00:00+00:00,1,11.3105,10.8541355
AT,AKC,urban,2023-06-11 06:00:00+00:00,1,11.7435,11.068434
AT,AKC,urban,2023-06-11 07:00:00+00:00,1,11.5145,11.190847
AT,AKC,urban,2023-06-11 08:00:00+00:00,1,11.091,11.221663
AT,AKC,urban,2023-06-11 09:00:00+00:00,1,10.6365,10.842909
AT,AKC,urban,2023-06-11 10:00:00+00:00,1,10.7895,10.004842
AT,AKC,urban,2023-06-11 11:00:00+00:00,1,10.465,10.384139
AT,AKC,urban,2023-06-11 12:00:00+00:00,1,9.4785,10.311982
AT,AKC,urban,2023-06-11 13:00:00+00:00,1,9.450849,9.310654
AT,AKC,urban,2023-06-11 14:00:00+00:00,1,8.933199,9.519118
AT,AKC,urban,2023-06-11 15:00:00+00:00,1,8.56825,9.132343
AT,AKC,urban,2023-06-11 16:00:00+00:00,1,8.35375,8.776668
AT,AKC,urban,2023-06-11 17:00:00+00:00,1,8.036399,8.770553
AT,AKC,urban,2023-06-11 18:00:00+00:00,1,8.39735,8.349006
AT,AKC,urban,2023-06-11 19:00:00+00:00,1,8.8631,8.4886055
AT,AKC,urban,2023-06-11 20:00:00+00:00,1,8.9523,8.868321
AT,AKC,urban,2023-06-11 21:00:00+00:00,1,9.20895,9.10492
AT,AKC,urban,2023-06-11 22:00:00+00:00,1,9.11395,9.434836
AT,AKC,urban,2023-06-11 23:00:00+00:00,1,9.000949,9.325773
AT,AKC,urban,2023-06-12 00:00:00+00:00,1,8.5445,9.295323
AT,AKC,urban,2023-06-12 01:00:00+00:00,1,8.326749,8.739279
AT,AKC,urban,2023-06-12 02:00:00+00:00,1,8.479149,8.715082
AT,AKC,urban,2023-06-12 03:00:00+00:00,1,8.041649,8.769173
AT,AKC,urban,2023-06-12 04:00:00+00:00,1,7.9418,8.270458
AT,AKC,urban,2023-06-12 05:00:00+00:00,1,8.37325,8.228519
AT,AKC,urban,2023-06-12 06:00:00+00:00,1,7.8189,8.355036
AT,AKC,urban,2023-06-12 07:00:00+00:00,1,7.884349,7.900174
AT,AKC,urban,2023-06-12 08:00:00+00:00,1,6.993299,7.929416
AT,AKC,urban,2023-06-12 09:00:00+00:00,1,6.22205,7.2692647
AT,AKC,urban,2023-06-12 10:00:00+00:00,1,6.598599,6.554889
AT,AKC,urban,2023-06-12 11:00:00+00:00,1,5.030849,6.799428
AT,AKC,urban,2023-06-12 12:00:00+00:00,1,5.14035,5.673217
AT,AKC,urban,2023-06-12 13:00:00+00:00,1,5.529299,5.500629
AT,AKC,urban,2023-06-12 14:00:00+00:00,1,5.711799,5.6314335
AT,AKC,urban,2023-06-12 15:00:00+00:00,1,5.830399,5.915206
AT,AKC,urban,2023-06-12 16:00:00+00:00,1,5.878899,6.3591957
AT,AKC,urban,2023-06-12 17:00:00+00:00,1,6.222399,6.463293
AT,AKC,urban,2023-06-12 18:00:00+00:00,1,6.23365,6.5662465
AT,AKC,urban,2023-06-12 19:00:00+00:00,1,6.208849,6.5838056
AT,AKC,urban,2023-06-12 20:00:00+00:00,1,6.06235,6.5752482
AT,AKC,urban,2023-06-12 21:00:00+00:00,1,5.80105,6.3547378
AT,AKC,urban,2023-06-12 22:00:00+00:00,1,5.878749,6.180128
AT,AKC,urban,2023-06-12 23:00:00+00:00,1,5.88905,6.2200747
AT,AKC,urban,2023-06-13 00:00:00+00:00,1,5.85195,6.245981
AT,AKC,urban,2023-06-13 01:00:00+00:00,1,5.7761,6.002416
AT,AKC,urban,2023-06-13 02:00:00+00:00,1,6.084449,6.0982547
AT,AKC,urban,2023-06-13 03:00:00+00:00,1,6.7184,6.4276567
AT,AKC,urban,2023-06-13 04:00:00+00:00,1,6.3233,7.280498
AT,AKC,urban,2023-06-13 05:00:00+00:00,1,6.5116,6.801262
AT,AKC,urban,2023-06-13 06:00:00+00:00,1,6.16135,6.659472
AT,AKC,urban,2023-06-13 07:00:00+00:00,1,5.1876,6.163261
AT,AKC,urban,2023-06-13 08:00:00+00:00,1,4.96255,5.395313
AT,AKC,urban,2023-06-13 09:00:00+00:00,1,4.79685,5.1795526
AT,AKC,urban,2023-06-13 10:00:00+00:00,1,4.803299,4.9030976
AT,AKC,urban,2023-06-13 11:00:00+00:00,1,4.777349,4.844474
AT,AKC,urban,2023-06-13 12:00:00+00:00,1,4.671999,4.764807
AT,AKC,urban,2023-06-13 13:00:00+00:00,1,5.1627,4.869265
AT,AKC,urban,2023-06-13 14:00:00+00:00,1,4.971249,5.0642843
AT,AKC,urban,2023-06-13 15:00:00+00:00,1,5.0353,5.2602553
AT,AKC,urban,2023-06-13 16:00:00+00:00,1,4.8891,5.396556
AT,AKC,urban,2023-06-13 17:00:00+00:00,1,5.736999,5.2493334
AT,AKC,urban,2023-06-13 18:00:00+00:00,1,6.697899,5.813551
AT,AKC,urban,2023-06-13 19:00:00+00:00,1,7.600649,7.003677
AT,AKC,urban,2023-06-13 20:00:00+00:00,1,7.649049,7.814028
AT,AKC,urban,2023-06-13 21:00:00+00:00,1,7.701499,7.58234
AT,AKC,urban,2023-06-13 22:00:00+00:00,1,7.7781,7.7439394
AT,AKC,urban,2023-06-13 23:00:00+00:00,1,7.852,7.889044
AT,AKC,urban,2023-06-14 00:00:00+00:00,1,8.027099,8.100752
AT,AKC,urban,2023-06-14 01:00:00+00:00,1,8.219099,8.014924
AT,AKC,urban,2023-06-14 02:00:00+00:00,1,8.214,8.410594
AT,AKC,urban,2023-06-14 03:00:00+00:00,1,8.405099,8.398781
AT,AKC,urban,2023-06-14 04:00:00+00:00,1,8.281099,8.598312
AT,AKC,urban,2023-06-14 05:00:00+00:00,1,8.19445,8.590596
AT,AKC,urban,2023-06-14 06:00:00+00:00,1,7.6961,8.247356
AT,AKC,urban,2023-06-14 07:00:00+00:00,1,7.39365,7.666041
AT,AKC,urban,2023-06-14 08:00:00+00:00,1,6.5823,7.3606877
AT,AKC,urban,2023-06-14 09:00:00+00:00,1,7.0261,6.747958
AT,AKC,urban,2023-06-14 10:00:00+00:00,1,6.4207,6.772777
AT,AKC,urban,2023-06-14 11:00:00+00:00,1,6.972,6.787426
AT,AKC,urban,2023-06-14 12:00:00+00:00,1,7.007249,6.706389
AT,AKC,urban,2023-06-14 13:00:00+00:00,1,6.80875,6.900574
AT,AKC,urban,2023-06-14 14:00:00+00:00,1,6.640749,6.8557835
AT,AKC,urban,2023-06-14 15:00:00+00:00,1,7.03985,6.8399067
AT,AKC,urban,2023-06-14 16:00:00+00:00,1,7.25955,7.174207
AT,AKC,urban,2023-06-14 17:00:00+00:00,1,7.9017,6.98681
AT,AKC,urban,2023-06-14 18:00:00+00:00,1,8.269599,7.607123
AT,AKC,urban,2023-06-14 19:00:00+00:00,1,8.6874,8.543193
AT,AKC,urban,2023-06-14 20:00:00+00:00,1,8.5986,8.973437
AT,AKC,urban,2023-06-14 21:00:00+00:00,1,7.984649,8.689719
AT,AKC,urban,2023-06-14 22:00:00+00:00,1,7.850399,8.2647705
AT,AKC,urban,2023-06-14 23:00:00+00:00,1,7.918549,8.109695
AT,AKC,urban,2023-06-15 00:00:00+00:00,1,7.752049,8.214762
AT,AKC,urban,2023-06-15 01:00:00+00:00,1,8.08385,7.921487
AT,AKC,urban,2023-06-15 02:00:00+00:00,1,8.7061,8.193566
AT,AKC,urban,2023-06-15 03:00:00+00:00,1,9.6982,8.98576
AT,AKC,urban,2023-06-15 04:00:00+00:00,1,10.6005,9.869603
AT,AKC,urban,2023-06-15 05:00:00+00:00,1,10.25795,11.216918
AT,AKC,urban,2023-06-15 06:00:00+00:00,1,8.908649,10.428355
AT,AKC,urban,2023-06-15 07:00:00+00:00,1,8.090149,8.350375
AT,AKC,urban,2023-06-15 08:00:00+00:00,1,7.265399,8.008731
AT,AKC,urban,2023-06-15 09:00:00+00:00,1,7.3709,7.341596
AT,AKC,urban,2023-06-15 10:00:00+00:00,1,6.436049,7.219223
AT,AKC,urban,2023-06-15 11:00:00+00:00,1,5.890649,6.6087947
AT,AKC,urban,2023-06-15 12:00:00+00:00,1,5.490449,6.0273795
AT,AKC,urban,2023-06-15 13:00:00+00:00,1,5.085049,6.0945168
AT,AKC,urban,2023-06-15 14:00:00+00:00,1,5.6934,5.0340753
AT,AKC,urban,2023-06-15 15:00:00+00:00,1,5.851799,5.8354497
AT,AKC,urban,2023-06-15 16:00:00+00:00,1,6.52815,5.857513
AT,AKC,urban,2023-06-15 17:00:00+00:00,1,7.17255,6.722759
AT,AKC,urban,2023-06-15 18:00:00+00:00,1,7.798699,7.3822865
AT,AKC,urban,2023-06-15 19:00:00+00:00,1,6.74905,8.0128565
AT,AKC,urban,2023-06-15 20:00:00+00:00,1,6.731349,7.22406
AT,AKC,urban,2023-06-15 21:00:00+00:00,1,6.4112,7.3488426
AT,AKC,urban,2023-06-15 22:00:00+00:00,1,6.809249,6.5984144
AT,AKC,urban,2023-06-15 23:00:00+00:00,1,5.834849,6.7602577
AT,AKC,urban,2023-06-16 00:00:00+00:00,1,5.391499,6.2053685
AT,AKC,urban,2023-06-16 01:00:00+00:00,1,5.111249,5.478129
AT,AKC,urban,2023-06-16 02:00:00+00:00,1,5.745049,5.2753677
AT,AKC,urban,2023-06-16 03:00:00+00:00,1,6.6556,5.764069
AT,AKC,urban,2023-06-16 04:00:00+00:00,1,6.6926,7.067364
AT,AKC,urban,2023-06-16 05:00:00+00:00,1,7.04475,7.017097
AT,AKC,urban,2023-06-16 06:00:00+00:00,1,7.11595,6.976274
AT,AKC,urban,2023-06-16 07:00:00+00:00,1,6.985349,6.9068303
AT,AKC,urban,2023-06-16 08:00:00+00:00,1,6.892749,6.7393227
AT,AKC,urban,2023-06-16 09:00:00+00:00,1,5.81645,6.6032224
AT,AKC,urban,2023-06-16 10:00:00+00:00,1,6.738699,5.6950197
AT,AKC,urban,2023-06-16 11:00:00+00:00,1,7.42215,6.3826194
AT,AKC,urban,2023-06-16 12:00:00+00:00,1,7.786049,7.044819
AT,AKC,urban,2023-06-16 13:00:00+00:00,1,8.525949,7.386912
AT,AKC,urban,2023-06-16 14:00:00+00:00,1,8.554149,8.047865
AT,AKC,urban,2023-06-16 15:00:00+00:00,1,6.9972,8.358495
AT,AKC,urban,2023-06-16 16:00:00+00:00,1,5.9579,7.358431
AT,AKC,urban,2023-06-16 17:00:00+00:00,1,6.8498,6.023433
AT,AKC,urban,2023-06-16 18:00:00+00:00,1,7.3144,6.772661
AT,AKC,urban,2023-06-16 19:00:00+00:00,1,5.7747,7.2999372
AT,AKC,urban,2023-06-16 20:00:00+00:00,1,5.658499,5.773617
AT,AKC,urban,2023-06-16 21:00:00+00:00,1,6.75775,5.712325
AT,AKC,urban,2023-06-16 22:00:00+00:00,1,6.74985,6.7316775
AT,AKC,urban,2023-06-16 23:00:00+00:00,1,6.815799,6.7822585
AT,AKC,urban,2023-06-17 00:00:00+00:00,1,7.390199,7.115755
AT,AKC,urban,2023-06-17 01:00:00+00:00,1,7.456199,7.4068675
AT,AKC,urban,2023-06-17 02:00:00+00:00,1,7.2951,7.4926276
AT,AKC,urban,2023-06-17 03:00:00+00:00,1,6.343349,7.3956895
AT,AKC,urban,2023-06-17 04:00:00+00:00,1,7.851799,7.088417
AT,AKC,urban,2023-06-17 05:00:00+00:00,1,6.0719,7.770856
AT,AKC,urban,2023-06-17 06:00:00+00:00,1,5.65155,6.61917
AT,AKC,urban,2023-06-17 07:00:00+00:00,1,5.713899,5.853633
AT,AKC,urban,2023-06-17 08:00:00+00:00,1,5.8329,5.553496
AT,AKC,urban,2023-06-17 09:00:00+00:00,1,6.0115,5.9325085
AT,AKC,urban,2023-06-17 10:00:00+00:00,1,5.364749,6.151787
AT,AKC,urban,2023-06-17 11:00:00+00:00,1,7.417599,5.2253814
AT,AKC,urban,2023-06-17 12:00:00+00:00,1,8.220749,6.81076
AT,AKC,urban,2023-06-17 13:00:00+00:00,1,4.2328,7.855005
AT,AKC,urban,2023-06-17 14:00:00+00:00,1,4.702199,3.5921292
AT,AKC,urban,2023-06-17 15:00:00+00:00,1,4.376949,5.164932
AT,AKC,urban,2023-06-17 16:00:00+00:00,1,5.2413,4.687887
AT,AKC,urban,2023-06-17 17:00:00+00:00,1,5.66615,4.7944827
AT,AKC,urban,2023-06-17 18:00:00+00:00,1,5.786,5.7926283
AT,AKC,urban,2023-06-17 19:00:00+00:00,1,6.166649,5.7796235
AT,AKC,urban,2023-06-17 20:00:00+00:00,1,6.502249,6.2447996
AT,AKC,urban,2023-06-17 21:00:00+00:00,1,6.6822,6.5878005
AT,AKC,urban,2023-06-17 22:00:00+00:00,1,7.798399,6.764774
AT,AKC,urban,2023-06-17 23:00:00+00:00,1,9.040699,7.644613
AT,AKC,urban,2023-06-18 00:00:00+00:00,1,8.901649,9.345451
AT,AKC,urban,2023-06-18 01:00:00+00:00,1,8.192449,9.050491
AT,AKC,urban,2023-06-18 02:00:00+00:00,1,9.43655,8.3178625
AT,AKC,urban,2023-06-18 03:00:00+00:00,1,10.1303,9.340512
AT,AKC,urban,2023-06-18 04:00:00+00:00,1,10.5345,10.331344
AT,AKC,urban,2023-06-18 05:00:00+00:00,1,8.838199,10.63679
AT,AKC,urban,2023-06-18 06:00:00+00:00,1,7.2053,9.0314
AT,AKC,urban,2023-06-18 07:00:00+00:00,1,7.02075,6.8516912
AT,AKC,urban,2023-06-18 08:00:00+00:00,1,7.441499,7.142695
AT,AKC,urban,2023-06-18 09:00:00+00:00,1,7.4506,7.423342
AT,AKC,urban,2023-06-18 10:00:00+00:00,1,7.02565,7.4082355
AT,AKC,urban,2023-06-18 11:00:00+00:00,1,6.116399,7.035399
AT,AKC,urban,2023-06-18 12:00:00+00:00,1,6.4363,6.1902766
AT,AKC,urban,2023-06-18 13:00:00+00:00,1,6.529549,6.3693027
AT,AKC,urban,2023-06-18 14:00:00+00:00,1,6.878149,6.7023125
AT,AKC,urban,2023-06-18 15:00:00+00:00,1,7.4918,6.9828033
AT,AKC,urban,2023-06-18 16:00:00+00:00,1,7.997849,7.624869
AT,AKC,urban,2023-06-18 17:00:00+00:00,1,8.47865,7.9418373
AT,AKC,urban,2023-06-18 18:00:00+00:00,1,9.410699,8.591865
AT,AKC,urban,2023-06-18 19:00:00+00:00,1,11.103,9.561657
AT,AKC,urban,2023-06-18 20:00:00+00:00,1,11.1905,11.135704
AT,AKC,urban,2023-06-18 21:00:00+00:00,1,11.997,10.988392
AT,AKC,urban,2023-06-18 22:00:00+00:00,1,12.7455,11.743624
AT,AKC,urban,2023-06-18 23:00:00+00:00,1,11.766,12.3842125
AT,AKC,urban,2023-06-19 00:00:00+00:00,1,12.654,11.803615
AT,AKC,urban,2023-06-19 01:00:00+00:00,1,15.2315,12.131978
AT,AKC,urban,2023-06-19 02:00:00+00:00,1,15.8295,15.109534
AT,AKC,urban,2023-06-19 03:00:00+00:00,1,16.5285,16.218956
AT,AKC,urban,2023-06-19 04:00:00+00:00,1,17.0085,16.62121
AT,AKC,urban,2023-06-19 05:00:00+00:00,1,14.1665,16.327251
AT,AKC,urban,2023-06-19 06:00:00+00:00,1,13.992,13.616257
AT,AKC,urban,2023-06-19 07:00:00+00:00,1,12.375,13.241943
AT,AKC,urban,2023-06-19 08:00:00+00:00,1,10.433,12.27084
AT,AKC,urban,2023-06-19 09:00:00+00:00,1,9.77655,9.483298
AT,AKC,urban,2023-06-19 10:00:00+00:00,1,8.60515,9.650556
AT,AKC,urban,2023-06-19 11:00:00+00:00,1,7.3399,8.765384
AT,AKC,urban,2023-06-19 12:00:00+00:00,1,7.53505,7.725154
AT,AKC,urban,2023-06-19 13:00:00+00:00,1,7.674799,7.5121293
AT,AKC,urban,2023-06-19 14:00:00+00:00,1,7.59765,7.975257
AT,AKC,urban,2023-06-19 15:00:00+00:00,1,7.808249,8.028247
AT,AKC,urban,2023-06-19 16:00:00+00:00,1,8.4166,8.584694
AT,AKC,urban,2023-06-19 17:00:00+00:00,1,8.712349,8.994736
AT,AKC,urban,2023-06-19 18:00:00+00:00,1,10.3441,8.944197
AT,AKC,urban,2023-06-19 19:00:00+00:00,1,10.9535,11.184758
AT,AKC,urban,2023-06-19 20:00:00+00:00,1,13.144,10.554634
AT,AKC,urban,2023-06-19 21:00:00+00:00,1,12.8765,13.054924
AT,AKC,urban,2023-06-19 22:00:00+00:00,1,13.36,12.099234
AT,AKC,urban,2023-06-19 23:00:00+00:00,1,14.783,13.145484
AT,AKC,urban,2023-06-20 00:00:00+00:00,1,15.651,14.784813
AT,AKC,urban,2023-06-20 01:00:00+00:00,1,16.902,15.573735
AT,AKC,urban,2023-06-20 02:00:00+00:00,1,18.7615,16.581581
AT,AKC,urban,2023-06-20 03:00:00+00:00,1,18.257,18.7391
AT,AKC,urban,2023-06-20 04:00:00+00:00,1,14.9235,17.699757
AT,AKC,urban,2023-06-20 05:00:00+00:00,1,12.959,15.6468
AT,AKC,urban,2023-06-20 06:00:00+00:00,1,13.459,13.521454
AT,AKC,urban,2023-06-20 07:00:00+00:00,1,12.03,13.02114
AT,AKC,urban,2023-06-20 08:00:00+00:00,1,11.355,11.876921
AT,AKC,urban,2023-06-20 09:00:00+00:00,1,10.547,10.980683
AT,AKC,urban,2023-06-20 10:00:00+00:00,1,11.3435,10.594769
AT,AKC,urban,2023-06-20 11:00:00+00:00,1,10.574,10.7525
AT,AKC,urban,2023-06-20 12:00:00+00:00,1,10.999,10.24067
AT,AKC,urban,2023-06-20 13:00:00+00:00,1,10.672,10.514104
AT,AKC,urban,2023-06-20 14:00:00+00:00,1,9.933599,10.745513
AT,AKC,urban,2023-06-20 15:00:00+00:00,1,9.7357,10.594243
AT,AKC,urban,2023-06-20 16:00:00+00:00,1,10.691,9.901815
AT,AKC,urban,2023-06-20 17:00:00+00:00,1,11.2365,10.723168
AT,AKC,urban,2023-06-20 18:00:00+00:00,1,11.265,11.42802
AT,AKC,urban,2023-06-20 19:00:00+00:00,1,11.664,11.6764965
AT,AKC,urban,2023-06-20 20:00:00+00:00,1,12.6395,12.010844
AT,AKC,urban,2023-06-20 21:00:00+00:00,1,13.022,12.776592
AT,AKC,urban,2023-06-20 22:00:00+00:00,1,14.057,13.270081
AT,AKC,urban,2023-06-20 23:00:00+00:00,1,15.101,14.238252
AT,AKC,urban,2023-06-21 00:00:00+00:00,1,15.428,14.949439
AT,AKC,urban,2023-06-21 01:00:00+00:00,1,16.854,15.352317
AT,AKC,urban,2023-06-21 02:00:00+00:00,1,17.76,16.32842
AT,AKC,urban,2023-06-21 03:00:00+00:00,1,17.7895,17.648045
AT,AKC,urban,2023-06-21 04:00:00+00:00,1,17.723,18.340939
AT,AKC,urban,2023-06-21 05:00:00+00:00,1,16.5485,17.592012
AT,AKC,urban,2023-06-21 06:00:00+00:00,1,17.168,16.449638
AT,AKC,urban,2023-06-21 07:00:00+00:00,1,15.8255,15.409067
AT,AKC,urban,2023-06-21 08:00:00+00:00,1,10.5775,15.6020775
AT,AKC,urban,2023-06-21 09:00:00+00:00,1,10.3745,10.141045
AT,AKC,urban,2023-06-21 10:00:00+00:00,1,8.62055,9.209474
AT,AKC,urban,2023-06-21 11:00:00+00:00,1,9.87265,8.796371
AT,AKC,urban,2023-06-21 12:00:00+00:00,1,8.7548,9.700822
AT,AKC,urban,2023-06-21 13:00:00+00:00,1,9.199649,9.051559
AT,AKC,urban,2023-06-21 14:00:00+00:00,1,9.671699,9.117407
AT,AKC,urban,2023-06-21 15:00:00+00:00,1,9.974199,9.972829
AT,AKC,urban,2023-06-21 16:00:00+00:00,1,7.781949,10.761304
AT,AKC,urban,2023-06-21 17:00:00+00:00,1,6.879899,8.644884
AT,AKC,urban,2023-06-21 18:00:00+00:00,1,9.875401,7.3424525
AT,AKC,urban,2023-06-21 19:00:00+00:00,1,7.945899,9.691884
AT,AKC,urban,2023-06-21 20:00:00+00:00,1,8.601449,7.844918
AT,AKC,urban,2023-06-21 21:00:00+00:00,1,9.10535,8.458576
AT,AKC,urban,2023-06-21 22:00:00+00:00,1,8.944901,9.033465
AT,AKC,urban,2023-06-21 23:00:00+00:00,1,9.1716,9.063188
AT,AKC,urban,2023-06-22 00:00:00+00:00,1,9.075,9.357936
AT,AKC,urban,2023-06-22 01:00:00+00:00,1,9.06175,9.270747
AT,AKC,urban,2023-06-22 02:00:00+00:00,1,9.57545,9.557677
AT,AKC,urban,2023-06-22 03:00:00+00:00,1,9.35,9.807218
AT,AKC,urban,2023-06-22 04:00:00+00:00,1,9.413049,9.967096
AT,AKC,urban,2023-06-22 05:00:00+00:00,1,11.82,9.962839
AT,AKC,urban,2023-06-22 06:00:00+00:00,1,14.8555,12.137353
AT,AKC,urban,2023-06-22 07:00:00+00:00,1,13.098,14.025583
AT,AKC,urban,2023-06-22 08:00:00+00:00,1,11.5,12.182283
AT,AKC,urban,2023-06-22 09:00:00+00:00,1,10.34415,10.563386
AT,AKC,urban,2023-06-22 10:00:00+00:00,1,9.8927,9.832432
AT,AKC,urban,2023-06-22 11:00:00+00:00,1,9.28375,9.334115
AT,AKC,urban,2023-06-22 12:00:00+00:00,1,9.40295,9.454979
AT,AKC,urban,2023-06-22 13:00:00+00:00,1,10.19855,9.348024
AT,AKC,urban,2023-06-22 14:00:00+00:00,1,10.812,9.96123
AT,AKC,urban,2023-06-22 15:00:00+00:00,1,11.8025,10.728733
AT,AKC,urban,2023-06-22 16:00:00+00:00,1,12.0645,11.628633
AT,AKC,urban,2023-06-22 17:00:00+00:00,1,11.796,12.40695
AT,AKC,urban,2023-06-22 18:00:00+00:00,1,12.076,12.366855
AT,AKC,urban,2023-06-22 19:00:00+00:00,1,12.163,12.6232395
AT,AKC,urban,2023-06-22 20:00:00+00:00,1,13.3445,12.546634
AT,AKC,urban,2023-06-22 21:00:00+00:00,1,14.535,12.870644
AT,AKC,urban,2023-06-22 22:00:00+00:00,1,14.477,14.15457
AT,AKC,urban,2023-06-22 23:00:00+00:00,1,14.6005,14.709789
AT,AKC,urban,2023-06-23 00:00:00+00:00,1,16.9285,14.778611
AT,AKC,urban,2023-06-23 01:00:00+00:00,1,11.8365,16.306513
AT,AKC,urban,2023-06-23 02:00:00+00:00,1,9.75255,11.8693
AT,AKC,urban,2023-06-23 03:00:00+00:00,1,10.798,10.340137
AT,AKC,urban,2023-06-23 04:00:00+00:00,1,12.0585,10.839737
AT,AKC,urban,2023-06-23 05:00:00+00:00,1,12.6125,11.722527
AT,AKC,urban,2023-06-23 06:00:00+00:00,1,10.491,12.123213
AT,AKC,urban,2023-06-23 07:00:00+00:00,1,10.69505,10.559643
AT,AKC,urban,2023-06-23 08:00:00+00:00,1,6.184599,9.739412
AT,AKC,urban,2023-06-23 09:00:00+00:00,1,5.4063,7.350017
AT,AKC,urban,2023-06-23 10:00:00+00:00,1,6.66435,6.3219357
AT,AKC,urban,2023-06-23 11:00:00+00:00,1,5.209349,6.9334593
AT,AKC,urban,2023-06-23 12:00:00+00:00,1,4.25635,6.065965
AT,AKC,urban,2023-06-23 13:00:00+00:00,1,6.173049,4.28899
AT,AKC,urban,2023-06-23 14:00:00+00:00,1,6.69495,5.1754613
AT,AKC,urban,2023-06-23 15:00:00+00:00,1,8.33135,6.4489326
AT,AKC,urban,2023-06-23 16:00:00+00:00,1,8.5402,8.120986
AT,AKC,urban,2023-06-23 17:00:00+00:00,1,9.14195,8.38441
AT,AKC,urban,2023-06-23 18:00:00+00:00,1,8.828449,8.932599
AT,AKC,urban,2023-06-23 19:00:00+00:00,1,8.457799,9.092798
AT,AKC,urban,2023-06-23 20:00:00+00:00,1,8.007499,8.630997
AT,AKC,urban,2023-06-23 21:00:00+00:00,1,4.49375,8.27463
AT,AKC,urban,2023-06-23 22:00:00+00:00,1,2.870899,4.781322
AT,AKC,urban,2023-06-23 23:00:00+00:00,1,2.450049,3.7413213
AT,AKC,urban,2023-06-24 00:00:00+00:00,1,2.908349,3.243637
AT,AKC,urban,2023-06-24 01:00:00+00:00,1,3.12295,3.1645439
AT,AKC,urban,2023-06-24 02:00:00+00:00,1,2.865849,3.1264465
AT,AKC,urban,2023-06-24 03:00:00+00:00,1,1.439249,3.05414
AT,AKC,urban,2023-06-24 04:00:00+00:00,1,1.202199,2.402503
AT,AKC,urban,2023-06-24 05:00:00+00:00,1,0.967164,1.8825748
AT,AKC,urban,2023-06-24 06:00:00+00:00,1,1.901499,1.4333091
AT,AKC,urban,2023-06-24 07:00:00+00:00,1,2.86975,1.6732094
AT,AKC,urban,2023-06-24 08:00:00+00:00,1,3.10645,2.4439933
AT,AKC,urban,2023-06-24 09:00:00+00:00,1,4.086949,2.9327538
AT,AKC,urban,2023-06-24 10:00:00+00:00,1,6.18125,3.7640357
AT,AKC,urban,2023-06-24 11:00:00+00:00,1,6.78945,5.4776096
AT,AKC,urban,2023-06-24 12:00:00+00:00,1,7.6632,6.3804054
AT,AKC,urban,2023-06-24 13:00:00+00:00,1,7.7971,7.173398
AT,AKC,urban,2023-06-24 14:00:00+00:00,1,7.76395,7.4672894
AT,AKC,urban,2023-06-24 15:00:00+00:00,1,7.200799,7.819945
AT,AKC,urban,2023-06-24 16:00:00+00:00,1,6.943799,7.388205
AT,AKC,urban,2023-06-24 17:00:00+00:00,1,6.8646,6.939906
AT,AKC,urban,2023-06-24 18:00:00+00:00,1,6.6886,6.8918867
AT,AKC,urban,2023-06-24 19:00:00+00:00,1,6.731849,6.894733
AT,AKC,urban,2023-06-24 20:00:00+00:00,1,6.83955,6.903561
AT,AKC,urban,2023-06-24 21:00:00+00:00,1,6.81505,7.0274844
AT,AKC,urban,2023-06-24 22:00:00+00:00,1,7.214499,7.015573
AT,AKC,urban,2023-06-24 23:00:00+00:00,1,7.8951,7.1661105
AT,AKC,urban,2023-06-25 00:00:00+00:00,1,8.669099,7.7042613
AT,AKC,urban,2023-06-25 01:00:00+00:00,1,9.639749,8.589368
AT,AKC,urban,2023-06-25 02:00:00+00:00,1,10.1585,9.356368
AT,AKC,urban,2023-06-25 03:00:00+00:00,1,10.181,9.960522
AT,AKC,urban,2023-06-25 04:00:00+00:00,1,10.0876,10.363759
AT,AKC,urban,2023-06-25 05:00:00+00:00,1,8.58675,10.113211
AT,AKC,urban,2023-06-25 06:00:00+00:00,1,8.07385,8.542661
AT,AKC,urban,2023-06-25 07:00:00+00:00,1,8.118499,8.147369
AT,AKC,urban,2023-06-25 08:00:00+00:00,1,7.459799,7.803554
AT,AKC,urban,2023-06-25 09:00:00+00:00,1,8.0536,7.3189774
AT,AKC,urban,2023-06-25 10:00:00+00:00,1,7.8822,7.4911327
AT,AKC,urban,2023-06-25 11:00:00+00:00,1,7.284549,7.8837223
AT,AKC,urban,2023-06-25 12:00:00+00:00,1,6.76045,7.3543515
AT,AKC,urban,2023-06-25 13:00:00+00:00,1,6.741049,6.9404287
AT,AKC,urban,2023-06-25 14:00:00+00:00,1,6.45975,6.709664
AT,AKC,urban,2023-06-25 15:00:00+00:00,1,6.02925,6.7025113
AT,AKC,urban,2023-06-25 16:00:00+00:00,1,5.680649,6.409448
AT,AKC,urban,2023-06-25 17:00:00+00:00,1,5.5479,6.072646
AT,AKC,urban,2023-06-25 18:00:00+00:00,1,7.2325,5.9853287
AT,AKC,urban,2023-06-25 19:00:00+00:00,1,8.130899,7.513256
AT,AKC,urban,2023-06-25 20:00:00+00:00,1,8.013099,8.69363
AT,AKC,urban,2023-06-25 21:00:00+00:00,1,7.747,8.279211
AT,AKC,urban,2023-06-25 22:00:00+00:00,1,7.56325,7.9995785
AT,AKC,urban,2023-06-25 23:00:00+00:00,1,6.971549,7.758872
AT,AKC,urban,2023-06-26 00:00:00+00:00,1,6.770249,7.353381
AT,AKC,urban,2023-06-26 01:00:00+00:00,1,6.442049,6.957568
AT,AKC,urban,2023-06-26 02:00:00+00:00,1,6.6542,6.722218
AT,AKC,urban,2023-06-26 03:00:00+00:00,1,7.665249,7.035639
AT,AKC,urban,2023-06-26 04:00:00+00:00,1,8.14125,8.148019
AT,AKC,urban,2023-06-26 05:00:00+00:00,1,5.23075,8.41425
AT,AKC,urban,2023-06-26 06:00:00+00:00,1,4.936149,5.943016
AT,AKC,urban,2023-06-26 07:00:00+00:00,1,5.02295,5.2162046
AT,AKC,urban,2023-06-26 08:00:00+00:00,1,5.1386,5.107424
AT,AKC,urban,2023-06-26 09:00:00+00:00,1,4.760649,5.3141646
AT,AKC,urban,2023-06-26 10:00:00+00:00,1,4.270699,4.9919753
AT,AKC,urban,2023-06-26 11:00:00+00:00,1,4.44575,4.487932
AT,AKC,urban,2023-06-26 12:00:00+00:00,1,5.09745,4.5694737
AT,AKC,urban,2023-06-26 13:00:00+00:00,1,6.25635,4.7649164
AT,AKC,urban,2023-06-26 14:00:00+00:00,1,6.3968,5.9600368
AT,AKC,urban,2023-06-26 15:00:00+00:00,1,6.3007,6.479242
AT,AKC,urban,2023-06-26 16:00:00+00:00,1,6.401299,6.420947
AT,AKC,urban,2023-06-26 17:00:00+00:00,1,6.677,6.6285515
AT,AKC,urban,2023-06-26 18:00:00+00:00,1,6.26585,7.16804
AT,AKC,urban,2023-06-26 19:00:00+00:00,1,6.54395,7.03189
AT,AKC,urban,2023-06-26 20:00:00+00:00,1,6.645,6.714212
AT,AKC,urban,2023-06-26 21:00:00+00:00,1,7.767749,6.858938
AT,AKC,urban,2023-06-26 22:00:00+00:00,1,8.72195,7.4220724
AT,AKC,urban,2023-06-26 23:00:00+00:00,1,9.61565,9.073875
AT,AKC,urban,2023-06-27 00:00:00+00:00,1,8.6925,9.251742
AT,AKC,urban,2023-06-27 01:00:00+00:00,1,8.0668,8.558013
AT,AKC,urban,2023-06-27 02:00:00+00:00,1,8.725199,7.855372
AT,AKC,urban,2023-06-27 03:00:00+00:00,1,10.09355,8.439884
AT,AKC,urban,2023-06-27 04:00:00+00:00,1,11.8,10.186187
AT,AKC,urban,2023-06-27 05:00:00+00:00,1,9.191049,11.485976
AT,AKC,urban,2023-06-27 06:00:00+00:00,1,9.402,9.194609
AT,AKC,urban,2023-06-27 07:00:00+00:00,1,9.9393,8.2595625
AT,AKC,urban,2023-06-27 08:00:00+00:00,1,8.893099,8.763441
AT,AKC,urban,2023-06-27 09:00:00+00:00,1,10.35275,8.583324
AT,AKC,urban,2023-06-27 10:00:00+00:00,1,10.6945,9.949822
AT,AKC,urban,2023-06-27 11:00:00+00:00,1,6.058599,10.229763
AT,AKC,urban,2023-06-27 12:00:00+00:00,1,5.102,6.22445
AT,AKC,urban,2023-06-27 13:00:00+00:00,1,5.41195,5.9796424
AT,AKC,urban,2023-06-27 14:00:00+00:00,1,4.572999,5.604911
AT,AKC,urban,2023-06-27 15:00:00+00:00,1,3.828749,5.344977
AT,AKC,urban,2023-06-27 16:00:00+00:00,1,3.670199,4.5382805
AT,AKC,urban,2023-06-27 17:00:00+00:00,1,4.370749,4.2361283
AT,AKC,urban,2023-06-27 18:00:00+00:00,1,4.2181,4.5283704
AT,AKC,urban,2023-06-27 19:00:00+00:00,1,4.202199,4.6174664
AT,AKC,urban,2023-06-27 20:00:00+00:00,1,4.10375,4.5897536
AT,AKC,urban,2023-06-27 21:00:00+00:00,1,3.519249,4.4471803
AT,AKC,urban,2023-06-27 22:00:00+00:00,1,2.95035,4.015761
AT,AKC,urban,2023-06-27 23:00:00+00:00,1,2.8645,3.5768402
AT,AKC,urban,2023-06-28 00:00:00+00:00,1,2.74635,3.3601377
AT,AKC,urban,2023-06-28 01:00:00+00:00,1,2.966249,3.1779172
AT,AKC,urban,2023-06-28 02:00:00+00:00,1,3.89555,3.2028584
AT,AKC,urban,2023-06-28 03:00:00+00:00,1,3.9254,4.0294585
AT,AKC,urban,2023-06-28 04:00:00+00:00,1,3.501299,3.812013
AT,AKC,urban,2023-06-28 05:00:00+00:00,1,3.495049,4.285444
AT,AKC,urban,2023-06-28 06:00:00+00:00,1,4.97945,3.9356484
AT,AKC,urban,2023-06-28 07:00:00+00:00,1,4.1496,4.6336656
AT,AKC,urban,2023-06-28 08:00:00+00:00,1,5.217549,4.6635127
AT,AKC,urban,2023-06-28 09:00:00+00:00,1,4.45925,5.0039244
AT,AKC,urban,2023-06-28 10:00:00+00:00,1,5.424599,4.4637213
AT,AKC,urban,2023-06-28 11:00:00+00:00,1,4.990499,5.093949
AT,AKC,urban,2023-06-28 12:00:00+00:00,1,4.181099,5.0485654
AT,AKC,urban,2023-06-28 13:00:00+00:00,1,3.87825,4.426772
AT,AKC,urban,2023-06-28 14:00:00+00:00,1,4.074599,4.213759
AT,AKC,urban,2023-06-28 15:00:00+00:00,1,3.676799,4.428654
AT,AKC,urban,2023-06-28 16:00:00+00:00,1,3.768449,3.9701302
AT,AKC,urban,2023-06-28 17:00:00+00:00,1,3.98565,3.92614
AT,AKC,urban,2023-06-28 18:00:00+00:00,1,4.34025,4.038799
AT,AKC,urban,2023-06-28 19:00:00+00:00,1,4.1981,4.4397645
AT,AKC,urban,2023-06-28 20:00:00+00:00,1,5.001099,4.4075203
AT,AKC,urban,2023-06-28 21:00:00+00:00,1,5.509149,4.917091
AT,AKC,urban,2023-06-28 22:00:00+00:00,1,5.08365,5.6274548
AT,AKC,urban,2023-06-28 23:00:00+00:00,1,4.9203,5.250835
AT,AKC,urban,2023-06-29 00:00:00+00:00,1,4.619899,5.1148214
AT,AKC,urban,2023-06-29 01:00:00+00:00,1,4.864099,4.8777385
AT,AKC,urban,2023-06-29 02:00:00+00:00,1,5.286999,4.858924
AT,AKC,urban,2023-06-29 03:00:00+00:00,1,5.504399,5.356154
AT,AKC,urban,2023-06-29 04:00:00+00:00,1,5.8905,5.7134466
AT,AKC,urban,2023-06-29 05:00:00+00:00,1,5.04125,6.064306
AT,AKC,urban,2023-06-29 06:00:00+00:00,1,4.647399,5.000259
AT,AKC,urban,2023-06-29 07:00:00+00:00,1,4.179749,4.482933
AT,AKC,urban,2023-06-29 08:00:00+00:00,1,4.35375,4.338318
AT,AKC,urban,2023-06-29 09:00:00+00:00,1,4.2297,4.680003
AT,AKC,urban,2023-06-29 10:00:00+00:00,1,4.117899,4.2326784
AT,AKC,urban,2023-06-29 11:00:00+00:00,1,4.48985,4.310396
AT,AKC,urban,2023-06-29 12:00:00+00:00,1,4.1526,4.5834727
AT,AKC,urban,2023-06-29 13:00:00+00:00,1,3.800849,4.2494445
AT,AKC,urban,2023-06-29 14:00:00+00:00,1,4.044549,3.992801
AT,AKC,urban,2023-06-29 15:00:00+00:00,1,4.927949,4.182896
AT,AKC,urban,2023-06-29 16:00:00+00:00,1,4.743149,5.1448145
AT,AKC,urban,2023-06-29 17:00:00+00:00,1,4.8284,5.110536
AT,AKC,urban,2023-06-29 18:00:00+00:00,1,5.65575,5.188035
AT,AKC,urban,2023-06-29 19:00:00+00:00,1,6.267,5.923456
AT,AKC,urban,2023-06-29 20:00:00+00:00,1,6.34885,6.917935
AT,AKC,urban,2023-06-29 21:00:00+00:00,1,6.0303,6.5304375
AT,AKC,urban,2023-06-29 22:00:00+00:00,1,6.845499,6.2404904
AT,AKC,urban,2023-06-29 23:00:00+00:00,1,7.10265,6.7236853
AT,AKC,urban,2023-06-30 00:00:00+00:00,1,8.17745,6.9322314
AT,AKC,urban,2023-06-30 01:00:00+00:00,1,9.5747,8.207556
AT,AKC,urban,2023-06-30 02:00:00+00:00,1,9.017749,9.778963
AT,AKC,urban,2023-06-30 03:00:00+00:00,1,9.393199,9.180561
AT,AKC,urban,2023-06-30 04:00:00+00:00,1,9.9397,9.64667
AT,AKC,urban,2023-06-30 05:00:00+00:00,1,9.01035,9.866881
AT,AKC,urban,2023-06-30 06:00:00+00:00,1,9.931699,9.383929
AT,AKC,urban,2023-06-30 07:00:00+00:00,1,10.366,9.167964
AT,AKC,urban,2023-06-30 08:00:00+00:00,1,10.1179,9.467522
AT,AKC,urban,2023-06-30 09:00:00+00:00,1,8.54215,9.499612
AT,AKC,urban,2023-06-30 10:00:00+00:00,1,7.65415,8.093721
AT,AKC,urban,2023-06-30 11:00:00+00:00,1,6.646399,7.721667
AT,AKC,urban,2023-06-30 12:00:00+00:00,1,5.987999,6.7396674
AT,AKC,urban,2023-06-30 13:00:00+00:00,1,5.5767,6.235355
AT,AKC,urban,2023-06-30 14:00:00+00:00,1,6.137249,5.697216
AT,AKC,urban,2023-06-30 15:00:00+00:00,1,6.3611,6.2054234
AT,AKC,urban,2023-06-30 16:00:00+00:00,1,8.9521,6.8346114
AT,AKC,urban,2023-06-30 17:00:00+00:00,1,6.13475,9.087694
AT,AKC,urban,2023-06-30 18:00:00+00:00,1,7.52155,5.625924
AT,AKC,urban,2023-06-30 19:00:00+00:00,1,9.54355,6.998246
AT,AKC,urban,2023-06-30 20:00:00+00:00,1,10.186,9.637373
AT,AKC,urban,2023-07-08 05:00:00+00:00,1,8.300699,8.936546
AT,AKC,urban,2023-07-08 06:00:00+00:00,1,7.846149,8.290393
AT,AKC,urban,2023-07-08 07:00:00+00:00,1,6.942649,7.5348034
AT,AKC,urban,2023-07-08 08:00:00+00:00,1,5.963049,7.0312166
AT,AKC,urban,2023-07-08 09:00:00+00:00,1,5.54955,6.0245495
AT,AKC,urban,2023-07-08 10:00:00+00:00,1,5.2466,5.495396
AT,AKC,urban,2023-07-08 11:00:00+00:00,1,4.654799,5.456685
AT,AKC,urban,2023-07-08 12:00:00+00:00,1,4.581749,4.9144464
AT,AKC,urban,2023-07-08 13:00:00+00:00,1,4.528149,4.787463
AT,AKC,urban,2023-07-08 14:00:00+00:00,1,4.7342,4.6907663
AT,AKC,urban,2023-07-08 15:00:00+00:00,1,4.8522,4.9218664
AT,AKC,urban,2023-07-08 16:00:00+00:00,1,4.8231,5.2269826
AT,AKC,urban,2023-07-08 17:00:00+00:00,1,5.13135,5.1953115
AT,AKC,urban,2023-07-08 18:00:00+00:00,1,6.07205,5.4787927
AT,AKC,urban,2023-07-08 19:00:00+00:00,1,7.18605,6.413658
AT,AKC,urban,2023-07-08 20:00:00+00:00,1,8.3523,7.52124
AT,AKC,urban,2023-07-08 21:00:00+00:00,1,8.567449,8.474853
AT,AKC,urban,2023-07-08 22:00:00+00:00,1,8.412799,8.941977
AT,AKC,urban,2023-07-08 23:00:00+00:00,1,8.3118,8.873684
AT,AKC,urban,2023-07-09 00:00:00+00:00,1,7.967149,8.337558
AT,AKC,urban,2023-07-09 01:00:00+00:00,1,8.39295,7.9899993
AT,AKC,urban,2023-07-09 02:00:00+00:00,1,8.8604,8.373058
AT,AKC,urban,2023-07-09 03:00:00+00:00,1,9.03445,8.944717
AT,AKC,urban,2023-07-09 04:00:00+00:00,1,9.04655,9.391922
AT,AKC,urban,2023-07-09 05:00:00+00:00,1,8.151,8.963871
AT,AKC,urban,2023-07-09 06:00:00+00:00,1,7.96765,8.222089
AT,AKC,urban,2023-07-09 07:00:00+00:00,1,7.43805,7.771887
AT,AKC,urban,2023-07-09 08:00:00+00:00,1,6.1891,7.2087474
AT,AKC,urban,2023-07-09 09:00:00+00:00,1,6.331749,6.1818585
AT,AKC,urban,2023-07-09 10:00:00+00:00,1,5.98985,6.2418065
AT,AKC,urban,2023-07-09 11:00:00+00:00,1,4.33605,6.121323
AT,AKC,urban,2023-07-09 12:00:00+00:00,1,4.311699,4.747076
AT,AKC,urban,2023-07-09 13:00:00+00:00,1,4.8338,4.6378736
AT,AKC,urban,2023-07-09 14:00:00+00:00,1,5.297749,4.8284903
AT,AKC,urban,2023-07-09 15:00:00+00:00,1,5.5542,5.352298
AT,AKC,urban,2023-07-09 16:00:00+00:00,1,5.8246,5.6221585
AT,AKC,urban,2023-07-09 17:00:00+00:00,1,6.6104,5.9604077
AT,AKC,urban,2023-07-09 18:00:00+00:00,1,9.359749,6.797304
AT,AKC,urban,2023-07-09 19:00:00+00:00,1,9.605449,9.937809
AT,AKC,urban,2023-07-09 20:00:00+00:00,1,9.983249,9.265264
AT,AKC,urban,2023-07-09 21:00:00+00:00,1,9.70285,9.810936
AT,AKC,urban,2023-07-09 22:00:00+00:00,1,10.0985,9.735371
AT,AKC,urban,2023-07-09 23:00:00+00:00,1,10.234,10.037681
AT,AKC,urban,2023-07-10 00:00:00+00:00,1,11.8215,10.187154
AT,AKC,urban,2023-07-10 01:00:00+00:00,1,12.2315,11.627385
AT,AKC,urban,2023-07-10 02:00:00+00:00,1,12.2005,11.794864
AT,AKC,urban,2023-07-10 03:00:00+00:00,1,11.908,12.402178
AT,AKC,urban,2023-07-10 04:00:00+00:00,1,12.092,12.154923
AT,AKC,urban,2023-07-10 05:00:00+00:00,1,11.657,12.033177
AT,AKC,urban,2023-07-10 06:00:00+00:00,1,10.3679,11.768626
AT,AKC,urban,2023-07-10 07:00:00+00:00,1,7.830149,10.664335
AT,AKC,urban,2023-07-10 08:00:00+00:00,1,6.95485,7.900897
AT,AKC,urban,2023-07-10 09:00:00+00:00,1,7.640549,6.444795
AT,AKC,urban,2023-07-10 10:00:00+00:00,1,8.788249,7.362218
AT,AKC,urban,2023-07-10 11:00:00+00:00,1,8.52435,8.883882
AT,AKC,urban,2023-07-10 12:00:00+00:00,1,11.07285,8.660439
AT,AKC,urban,2023-07-10 13:00:00+00:00,1,12.954,10.520974
AT,AKC,urban,2023-07-10 14:00:00+00:00,1,10.433,12.029732
AT,AKC,urban,2023-07-10 15:00:00+00:00,1,9.975649,10.327373
AT,AKC,urban,2023-07-10 16:00:00+00:00,1,10.07775,10.142493
AT,AKC,urban,2023-07-10 17:00:00+00:00,1,11.401,10.232327
AT,AKC,urban,2023-07-10 18:00:00+00:00,1,12.6185,11.689536
AT,AKC,urban,2023-07-10 19:00:00+00:00,1,13.091,12.725189
AT,AKC,urban,2023-07-10 20:00:00+00:00,1,11.7285,12.310543
AT,AKC,urban,2023-07-10 21:00:00+00:00,1,9.43295,11.725753
AT,AKC,urban,2023-07-10 22:00:00+00:00,1,9.717249,9.144675
AT,AKC,urban,2023-07-10 23:00:00+00:00,1,10.874,9.273231
AT,AKC,urban,2023-07-11 00:00:00+00:00,1,11.8265,10.1834955
AT,AKC,urban,2023-07-11 01:00:00+00:00,1,12.233,11.13775
AT,AKC,urban,2023-07-11 02:00:00+00:00,1,12.173,11.972221
AT,AKC,urban,2023-07-11 03:00:00+00:00,1,11.4515,12.2590885
AT,AKC,urban,2023-07-11 04:00:00+00:00,1,9.95285,11.446531
AT,AKC,urban,2023-07-11 05:00:00+00:00,1,7.87335,10.63536
AT,AKC,urban,2023-07-11 06:00:00+00:00,1,7.85225,7.600949
AT,AKC,urban,2023-07-11 07:00:00+00:00,1,7.219999,7.668437
AT,AKC,urban,2023-07-11 08:00:00+00:00,1,7.21745,7.4767203
AT,AKC,urban,2023-07-11 09:00:00+00:00,1,7.188899,7.5598116
AT,AKC,urban,2023-07-11 10:00:00+00:00,1,7.88245,7.315937
AT,AKC,urban,2023-07-11 11:00:00+00:00,1,7.61645,7.7830753
AT,AKC,urban,2023-07-11 12:00:00+00:00,1,8.2931,7.606735
AT,AKC,urban,2023-07-11 13:00:00+00:00,1,9.313749,8.066096
AT,AKC,urban,2023-07-11 14:00:00+00:00,1,9.30865,9.367421
AT,AKC,urban,2023-07-11 15:00:00+00:00,1,9.75695,9.700542
AT,AKC,urban,2023-07-11 16:00:00+00:00,1,10.228,10.268016
AT,AKC,urban,2023-07-11 17:00:00+00:00,1,10.6165,10.579338
AT,AKC,urban,2023-07-11 18:00:00+00:00,1,10.8645,11.103549
AT,AKC,urban,2023-07-11 19:00:00+00:00,1,11.3825,11.206918
AT,AKC,urban,2023-07-11 20:00:00+00:00,1,11.023,11.721071
AT,AKC,urban,2023-07-11 21:00:00+00:00,1,11.277,11.490374
AT,AKC,urban,2023-07-11 22:00:00+00:00,1,11.643,11.453946
AT,AKC,urban,2023-07-11 23:00:00+00:00,1,12.3155,11.550922
AT,AKC,urban,2023-07-12 00:00:00+00:00,1,15.6955,12.417891
AT,AKC,urban,2023-07-12 01:00:00+00:00,1,11.70325,15.52164
AT,AKC,urban,2023-07-12 02:00:00+00:00,1,4.8333,14.131958
AT,AKC,urban,2023-07-12 03:00:00+00:00,1,3.71085,6.160425
AT,AKC,urban,2023-07-12 04:00:00+00:00,1,4.29425,4.649382
AT,AKC,urban,2023-07-12 05:00:00+00:00,1,4.829349,4.860374
AT,AKC,urban,2023-07-12 06:00:00+00:00,1,5.3893,5.1367164
AT,AKC,urban,2023-07-12 07:00:00+00:00,1,6.032599,5.4704075
AT,AKC,urban,2023-07-12 08:00:00+00:00,1,6.77015,6.01914
AT,AKC,urban,2023-07-12 09:00:00+00:00,1,5.6717,6.442026
AT,AKC,urban,2023-07-12 10:00:00+00:00,1,4.734899,6.517286
AT,AKC,urban,2023-07-12 11:00:00+00:00,1,6.0191,5.7449627
AT,AKC,urban,2023-07-12 12:00:00+00:00,1,6.163399,5.8429265
AT,AKC,urban,2023-07-12 13:00:00+00:00,1,7.1135,6.1898026
AT,AKC,urban,2023-07-12 14:00:00+00:00,1,6.0355,6.9027267
AT,AKC,urban,2023-07-12 15:00:00+00:00,1,5.3696,6.7850633
AT,AKC,urban,2023-07-12 16:00:00+00:00,1,3.7453,6.173391
AT,AKC,urban,2023-07-12 17:00:00+00:00,1,4.24765,4.454854
AT,AKC,urban,2023-07-12 18:00:00+00:00,1,5.710649,4.488108
AT,AKC,urban,2023-07-12 19:00:00+00:00,1,6.929499,6.090251
AT,AKC,urban,2023-07-12 20:00:00+00:00,1,3.50215,6.9974732
AT,AKC,urban,2023-07-12 21:00:00+00:00,1,3.207649,4.392016
AT,AKC,urban,2023-07-12 22:00:00+00:00,1,3.726249,3.3294291
AT,AKC,urban,2023-07-12 23:00:00+00:00,1,3.344949,3.8470118
AT,AKC,urban,2023-07-13 00:00:00+00:00,1,2.822499,3.6679976
AT,AKC,urban,2023-07-13 01:00:00+00:00,1,3.387149,3.4875538
AT,AKC,urban,2023-07-13 02:00:00+00:00,1,3.811049,3.5983539
AT,AKC,urban,2023-07-13 03:00:00+00:00,1,3.822949,3.7665756
AT,AKC,urban,2023-07-13 04:00:00+00:00,1,3.025799,3.7476366
AT,AKC,urban,2023-07-13 05:00:00+00:00,1,3.670499,3.1879568
AT,AKC,urban,2023-07-13 06:00:00+00:00,1,2.99725,3.6511106
AT,AKC,urban,2023-07-13 07:00:00+00:00,1,4.0292,3.406016
AT,AKC,urban,2023-07-13 08:00:00+00:00,1,5.938849,4.061064
AT,AKC,urban,2023-07-13 09:00:00+00:00,1,5.986599,5.4560013
AT,AKC,urban,2023-07-13 10:00:00+00:00,1,6.38835,5.23544
AT,AKC,urban,2023-07-13 11:00:00+00:00,1,5.856699,6.118984
AT,AKC,urban,2023-07-13 12:00:00+00:00,1,6.9172,5.8206687
AT,AKC,urban,2023-07-13 13:00:00+00:00,1,6.617249,6.4080324
AT,AKC,urban,2023-07-13 14:00:00+00:00,1,6.183449,6.4470816
AT,AKC,urban,2023-07-13 15:00:00+00:00,1,5.788499,6.2835574
AT,AKC,urban,2023-07-13 16:00:00+00:00,1,5.228199,6.449276
AT,AKC,urban,2023-07-13 17:00:00+00:00,1,4.475399,5.3572693
AT,AKC,urban,2023-07-13 18:00:00+00:00,1,4.6047,5.056708
AT,AKC,urban,2023-07-13 19:00:00+00:00,1,4.6089,5.0198946
AT,AKC,urban,2023-07-13 20:00:00+00:00,1,4.33885,4.574761
AT,AKC,urban,2023-07-13 21:00:00+00:00,1,4.21075,4.457872
AT,AKC,urban,2023-07-13 22:00:00+00:00,1,5.73315,4.472495
AT,AKC,urban,2023-07-13 23:00:00+00:00,1,4.125949,5.584376
AT,AKC,urban,2023-07-14 00:00:00+00:00,1,4.542449,4.7455525
AT,AKC,urban,2023-07-14 01:00:00+00:00,1,4.665749,4.7318907
AT,AKC,urban,2023-07-14 02:00:00+00:00,1,5.13,4.6459074
AT,AKC,urban,2023-07-14 03:00:00+00:00,1,6.110699,5.1327615
AT,AKC,urban,2023-07-14 04:00:00+00:00,1,5.3694,6.1451435
AT,AKC,urban,2023-07-14 05:00:00+00:00,1,4.89235,6.067317
AT,AKC,urban,2023-07-14 06:00:00+00:00,1,4.594449,5.0117426
AT,AKC,urban,2023-07-14 07:00:00+00:00,1,4.521249,4.585288
AT,AKC,urban,2023-07-14 08:00:00+00:00,1,4.462049,4.4952703
AT,AKC,urban,2023-07-14 09:00:00+00:00,1,3.80415,4.479844
AT,AKC,urban,2023-07-14 10:00:00+00:00,1,3.416049,4.116086
AT,AKC,urban,2023-07-14 11:00:00+00:00,1,3.480649,3.7342484
AT,AKC,urban,2023-07-14 12:00:00+00:00,1,3.994849,3.669065
AT,AKC,urban,2023-07-14 13:00:00+00:00,1,4.165299,3.842784
AT,AKC,urban,2023-07-14 14:00:00+00:00,1,4.107549,4.245658
AT,AKC,urban,2023-07-14 15:00:00+00:00,1,4.36555,4.5700407
AT,AKC,urban,2023-07-14 16:00:00+00:00,1,4.620349,4.662003
AT,AKC,urban,2023-07-14 17:00:00+00:00,1,5.127699,5.0683603
AT,AKC,urban,2023-07-14 18:00:00+00:00,1,5.026999,5.392384
AT,AKC,urban,2023-07-14 19:00:00+00:00,1,5.285099,5.0006623
AT,AKC,urban,2023-07-14 20:00:00+00:00,1,5.3787,5.2709184
AT,AKC,urban,2023-07-14 21:00:00+00:00,1,5.320499,5.385152
AT,AKC,urban,2023-07-14 22:00:00+00:00,1,5.6048,5.5205355
AT,AKC,urban,2023-07-14 23:00:00+00:00,1,6.0802,5.608377
AT,AKC,urban,2023-07-15 00:00:00+00:00,1,6.7993,6.1749907
AT,AKC,urban,2023-07-15 01:00:00+00:00,1,7.6308,6.5717783
AT,AKC,urban,2023-07-15 02:00:00+00:00,1,8.6939,7.8269887
AT,AKC,urban,2023-07-15 03:00:00+00:00,1,7.9544,9.069601
AT,AKC,urban,2023-07-15 04:00:00+00:00,1,8.265749,8.116808
AT,AKC,urban,2023-07-15 05:00:00+00:00,1,6.926549,8.359436
AT,AKC,urban,2023-07-15 06:00:00+00:00,1,6.4953,7.461783
AT,AKC,urban,2023-07-15 07:00:00+00:00,1,6.770899,6.437871
AT,AKC,urban,2023-07-15 08:00:00+00:00,1,6.77255,6.4559927
AT,AKC,urban,2023-07-15 09:00:00+00:00,1,5.8308,6.589565
AT,AKC,urban,2023-07-15 10:00:00+00:00,1,5.0838,6.175973
AT,AKC,urban,2023-07-15 11:00:00+00:00,1,4.522649,5.2854776
AT,AKC,urban,2023-07-15 12:00:00+00:00,1,4.6946,4.8612256
AT,AKC,urban,2023-07-15 13:00:00+00:00,1,4.822549,4.8880897
AT,AKC,urban,2023-07-15 14:00:00+00:00,1,4.7754,5.0561376
AT,AKC,urban,2023-07-15 15:00:00+00:00,1,5.178649,5.085704
AT,AKC,urban,2023-07-15 16:00:00+00:00,1,5.1953,5.3820133
AT,AKC,urban,2023-07-15 17:00:00+00:00,1,5.868949,5.3945994
AT,AKC,urban,2023-07-15 18:00:00+00:00,1,6.630499,5.757727
AT,AKC,urban,2023-07-15 19:00:00+00:00,1,6.87135,6.690357
AT,AKC,urban,2023-07-15 20:00:00+00:00,1,7.1258,7.003116
AT,AKC,urban,2023-07-15 21:00:00+00:00,1,7.208399,7.038256
AT,AKC,urban,2023-07-15 22:00:00+00:00,1,7.3969,7.2181177
AT,AKC,urban,2023-07-15 23:00:00+00:00,1,7.56215,7.446163
AT,AKC,urban,2023-07-16 00:00:00+00:00,1,7.943799,7.468118
AT,AKC,urban,2023-07-16 01:00:00+00:00,1,8.232149,7.910631
AT,AKC,urban,2023-07-16 02:00:00+00:00,1,9.582249,8.279782
AT,AKC,urban,2023-07-16 03:00:00+00:00,1,9.881999,9.288555
AT,AKC,urban,2023-07-16 04:00:00+00:00,1,8.883699,9.875409
AT,AKC,urban,2023-07-16 05:00:00+00:00,1,8.61775,9.693152
AT,AKC,urban,2023-07-16 06:00:00+00:00,1,6.861249,8.6361475
AT,AKC,urban,2023-07-16 07:00:00+00:00,1,4.925499,6.8444014
AT,AKC,urban,2023-07-16 08:00:00+00:00,1,4.677749,5.39086
AT,AKC,urban,2023-07-16 09:00:00+00:00,1,4.33685,4.4664016
AT,AKC,urban,2023-07-16 10:00:00+00:00,1,4.16855,4.450487
AT,AKC,urban,2023-07-16 11:00:00+00:00,1,4.065199,4.3319306
AT,AKC,urban,2023-07-16 12:00:00+00:00,1,3.855299,4.190055
AT,AKC,urban,2023-07-16 13:00:00+00:00,1,3.3821,4.152785
AT,AKC,urban,2023-07-16 14:00:00+00:00,1,3.2539,3.7789297
AT,AKC,urban,2023-07-16 15:00:00+00:00,1,3.270599,3.707626
AT,AKC,urban,2023-07-16 16:00:00+00:00,1,3.36765,3.8249922
AT,AKC,urban,2023-07-16 17:00:00+00:00,1,3.751749,3.6817944
AT,AKC,urban,2023-07-16 18:00:00+00:00,1,4.63735,3.9935179
AT,AKC,urban,2023-07-16 19:00:00+00:00,1,4.8113,5.2705207
AT,AKC,urban,2023-07-16 20:00:00+00:00,1,5.151499,5.1508403
AT,AKC,urban,2023-07-16 21:00:00+00:00,1,5.158149,5.630505
AT,AKC,urban,2023-07-16 22:00:00+00:00,1,5.519849,5.771965
AT,AKC,urban,2023-07-16 23:00:00+00:00,1,5.497499,5.9473243
AT,AKC,urban,2023-07-17 00:00:00+00:00,1,5.646249,5.6768336
AT,AKC,urban,2023-07-17 01:00:00+00:00,1,5.449349,5.755149
AT,AKC,urban,2023-07-17 02:00:00+00:00,1,6.1261,5.5622354
AT,AKC,urban,2023-07-17 03:00:00+00:00,1,5.584599,6.217508
AT,AKC,urban,2023-07-17 04:00:00+00:00,1,6.371899,5.660777
AT,AKC,urban,2023-07-17 05:00:00+00:00,1,5.6324,6.592467
AT,AKC,urban,2023-07-17 06:00:00+00:00,1,6.3478,5.6589313
AT,AKC,urban,2023-07-17 07:00:00+00:00,1,6.758299,6.0839767
AT,AKC,urban,2023-07-17 08:00:00+00:00,1,7.49485,6.261511
AT,AKC,urban,2023-07-17 09:00:00+00:00,1,7.28625,6.782557
AT,AKC,urban,2023-07-17 10:00:00+00:00,1,8.46735,7.10092
AT,AKC,urban,2023-07-17 11:00:00+00:00,1,9.045949,7.7824807
AT,AKC,urban,2023-07-17 12:00:00+00:00,1,7.76885,8.35043
AT,AKC,urban,2023-07-17 13:00:00+00:00,1,6.408249,7.582846
AT,AKC,urban,2023-07-17 14:00:00+00:00,1,5.50745,6.329035
AT,AKC,urban,2023-07-17 15:00:00+00:00,1,4.299349,5.879444
AT,AKC,urban,2023-07-17 16:00:00+00:00,1,4.138099,4.756521
AT,AKC,urban,2023-07-17 17:00:00+00:00,1,3.81895,4.0842876
AT,AKC,urban,2023-07-17 18:00:00+00:00,1,3.21915,4.1064396
AT,AKC,urban,2023-07-17 19:00:00+00:00,1,4.1057,3.6038482
AT,AKC,urban,2023-07-17 20:00:00+00:00,1,4.8653,4.12283
AT,AKC,urban,2023-07-17 21:00:00+00:00,1,5.223449,4.929973
AT,AKC,urban,2023-07-17 22:00:00+00:00,1,5.0054,5.1406198
AT,AKC,urban,2023-07-17 23:00:00+00:00,1,4.72825,5.065355
AT,AKC,urban,2023-07-18 00:00:00+00:00,1,5.3484,4.825819
AT,AKC,urban,2023-07-18 01:00:00+00:00,1,6.096099,5.3630743
AT,AKC,urban,2023-07-18 02:00:00+00:00,1,6.80555,6.18881
AT,AKC,urban,2023-07-18 03:00:00+00:00,1,6.2382,7.065398
AT,AKC,urban,2023-07-18 04:00:00+00:00,1,6.7143,6.635021
AT,AKC,urban,2023-07-18 05:00:00+00:00,1,6.215149,6.879409
AT,AKC,urban,2023-07-18 06:00:00+00:00,1,6.006,6.2655525
AT,AKC,urban,2023-07-18 07:00:00+00:00,1,5.33975,6.1788645
AT,AKC,urban,2023-07-18 08:00:00+00:00,1,4.900899,5.575126
AT,AKC,urban,2023-07-18 09:00:00+00:00,1,4.731649,5.0983863
AT,AKC,urban,2023-07-18 10:00:00+00:00,1,5.16165,4.627108
AT,AKC,urban,2023-07-18 11:00:00+00:00,1,5.90005,5.126702
AT,AKC,urban,2023-07-18 12:00:00+00:00,1,6.212249,5.5549803
AT,AKC,urban,2023-07-18 13:00:00+00:00,1,6.63835,6.074209
AT,AKC,urban,2023-07-18 14:00:00+00:00,1,6.470499,6.45804
AT,AKC,urban,2023-07-18 15:00:00+00:00,1,6.641949,6.8645477
AT,AKC,urban,2023-07-18 16:00:00+00:00,1,7.30455,6.8099055
AT,AKC,urban,2023-07-18 17:00:00+00:00,1,8.480249,7.352982
AT,AKC,urban,2023-07-18 18:00:00+00:00,1,9.3675,8.259461
AT,AKC,urban,2023-07-18 19:00:00+00:00,1,8.433549,9.686279
AT,AKC,urban,2023-07-18 20:00:00+00:00,1,7.360699,8.937573
AT,AKC,urban,2023-07-18 21:00:00+00:00,1,6.842,7.5533366
AT,AKC,urban,2023-07-18 22:00:00+00:00,1,6.348199,6.8014383
AT,AKC,urban,2023-07-18 23:00:00+00:00,1,5.933699,6.4458957
AT,AKC,urban,2023-07-19 00:00:00+00:00,1,5.79535,6.27897
AT,AKC,urban,2023-07-19 01:00:00+00:00,1,6.194499,6.170962
AT,AKC,urban,2023-07-19 02:00:00+00:00,1,7.670849,6.414161
AT,AKC,urban,2023-07-19 03:00:00+00:00,1,7.58255,7.7854156
AT,AKC,urban,2023-07-19 04:00:00+00:00,1,8.094249,7.9458947
AT,AKC,urban,2023-07-19 05:00:00+00:00,1,9.435449,8.154633
AT,AKC,urban,2023-07-19 06:00:00+00:00,1,8.07925,8.684385
AT,AKC,urban,2023-07-19 07:00:00+00:00,1,8.0232,8.016757
AT,AKC,urban,2023-07-19 08:00:00+00:00,1,6.577699,8.002656
AT,AKC,urban,2023-07-19 09:00:00+00:00,1,7.209449,6.835177
AT,AKC,urban,2023-07-19 10:00:00+00:00,1,11.6235,6.976528
AT,AKC,urban,2023-07-19 11:00:00+00:00,1,10.3691,10.177714
AT,AKC,urban,2023-07-19 12:00:00+00:00,1,9.872249,9.713025
AT,AKC,urban,2023-07-19 13:00:00+00:00,1,9.17035,9.615509
AT,AKC,urban,2023-07-19 14:00:00+00:00,1,6.8502,9.615206
AT,AKC,urban,2023-07-19 15:00:00+00:00,1,5.7733,7.3585916
AT,AKC,urban,2023-07-19 16:00:00+00:00,1,5.35365,6.2369356
AT,AKC,urban,2023-07-19 17:00:00+00:00,1,3.714499,6.2321644
AT,AKC,urban,2023-07-19 18:00:00+00:00,1,4.407649,3.9389648
AT,AKC,urban,2023-07-19 19:00:00+00:00,1,4.53005,4.7368116
AT,AKC,urban,2023-07-19 20:00:00+00:00,1,4.509799,4.572371
AT,AKC,urban,2023-07-19 21:00:00+00:00,1,4.9673,4.5189805
AT,AKC,urban,2023-07-19 22:00:00+00:00,1,5.0592,5.1997743
AT,AKC,urban,2023-07-19 23:00:00+00:00,1,5.4144,5.1558824
AT,AKC,urban,2023-07-20 00:00:00+00:00,1,5.879949,5.681569
AT,AKC,urban,2023-07-20 01:00:00+00:00,1,5.663899,5.961461
AT,AKC,urban,2023-07-20 02:00:00+00:00,1,6.13115,5.706607
AT,AKC,urban,2023-07-20 03:00:00+00:00,1,5.6492,6.2062125
AT,AKC,urban,2023-07-20 04:00:00+00:00,1,6.374199,6.113187
AT,AKC,urban,2023-07-20 05:00:00+00:00,1,5.679249,6.55055
AT,AKC,urban,2023-07-20 06:00:00+00:00,1,5.713099,5.827542
AT,AKC,urban,2023-07-20 07:00:00+00:00,1,6.045399,5.3625712
AT,AKC,urban,2023-07-20 08:00:00+00:00,1,5.8948,5.999641
AT,AKC,urban,2023-07-20 09:00:00+00:00,1,7.22515,5.6293736
AT,AKC,urban,2023-07-20 10:00:00+00:00,1,8.12775,6.554734
AT,AKC,urban,2023-07-20 11:00:00+00:00,1,8.361849,7.7205825
AT,AKC,urban,2023-07-20 12:00:00+00:00,1,7.057549,8.297328
AT,AKC,urban,2023-07-20 13:00:00+00:00,1,4.342649,7.376114
AT,AKC,urban,2023-07-20 14:00:00+00:00,1,5.0002,4.6841807
AT,AKC,urban,2023-07-20 15:00:00+00:00,1,3.7279,5.4455976
AT,AKC,urban,2023-07-20 16:00:00+00:00,1,3.491899,4.6299896
AT,AKC,urban,2023-07-20 17:00:00+00:00,1,3.47985,3.9738662
AT,AKC,urban,2023-07-20 18:00:00+00:00,1,3.664299,3.8106196
AT,AKC,urban,2023-07-20 19:00:00+00:00,1,3.561749,3.9597433
AT,AKC,urban,2023-07-20 20:00:00+00:00,1,3.767299,3.897929
AT,AKC,urban,2023-07-20 21:00:00+00:00,1,4.058249,3.9279704
AT,AKC,urban,2023-07-20 22:00:00+00:00,1,4.67315,4.203231
AT,AKC,urban,2023-07-20 23:00:00+00:00,1,4.99455,4.880351
AT,AKC,urban,2023-07-21 00:00:00+00:00,1,4.437299,5.266111
AT,AKC,urban,2023-07-21 01:00:00+00:00,1,4.66635,4.8137016
AT,AKC,urban,2023-07-21 02:00:00+00:00,1,5.471949,4.984544
AT,AKC,urban,2023-07-21 03:00:00+00:00,1,5.9386,5.5986023
AT,AKC,urban,2023-07-21 04:00:00+00:00,1,6.766449,6.6135197
AT,AKC,urban,2023-07-21 05:00:00+00:00,1,7.177499,7.113872
AT,AKC,urban,2023-07-21 06:00:00+00:00,1,8.433849,7.0408916
AT,AKC,urban,2023-07-21 07:00:00+00:00,1,9.923099,7.9789863
AT,AKC,urban,2023-07-21 08:00:00+00:00,1,9.920799,9.16691
AT,AKC,urban,2023-07-21 09:00:00+00:00,1,6.938599,9.0893545
AT,AKC,urban,2023-07-21 10:00:00+00:00,1,5.797049,6.6222687
AT,AKC,urban,2023-07-21 11:00:00+00:00,1,4.24165,5.578311
AT,AKC,urban,2023-07-21 12:00:00+00:00,1,4.15435,4.5258145
AT,AKC,urban,2023-07-21 13:00:00+00:00,1,4.240699,4.3087435
AT,AKC,urban,2023-07-21 14:00:00+00:00,1,4.547249,4.3908467
AT,AKC,urban,2023-07-21 15:00:00+00:00,1,6.423399,4.6793313
AT,AKC,urban,2023-07-21 16:00:00+00:00,1,5.587949,6.1937885
AT,AKC,urban,2023-07-21 17:00:00+00:00,1,5.8632,5.690121
AT,AKC,urban,2023-07-21 18:00:00+00:00,1,6.6568,5.8583326
AT,AKC,urban,2023-07-21 19:00:00+00:00,1,7.608149,6.783886
AT,AKC,urban,2023-07-21 20:00:00+00:00,1,8.173899,7.8235087
AT,AKC,urban,2023-07-21 21:00:00+00:00,1,5.93015,8.268529
AT,AKC,urban,2023-07-21 22:00:00+00:00,1,3.977649,6.8989654
AT,AKC,urban,2023-07-21 23:00:00+00:00,1,4.101999,4.936839
AT,AKC,urban,2023-07-22 00:00:00+00:00,1,4.381899,4.418566
AT,AKC,urban,2023-07-22 01:00:00+00:00,1,4.86855,4.403881
AT,AKC,urban,2023-07-22 02:00:00+00:00,1,5.699199,4.854363
AT,AKC,urban,2023-07-22 03:00:00+00:00,1,4.7135,5.781894
AT,AKC,urban,2023-07-22 04:00:00+00:00,1,4.901,5.245759
AT,AKC,urban,2023-07-22 05:00:00+00:00,1,4.49365,5.127068
AT,AKC,urban,2023-07-22 06:00:00+00:00,1,3.71315,4.7543516
AT,AKC,urban,2023-07-22 07:00:00+00:00,1,3.54955,4.107919
AT,AKC,urban,2023-07-22 08:00:00+00:00,1,3.1177,3.7951093
AT,AKC,urban,2023-07-22 09:00:00+00:00,1,2.960999,3.4415867
AT,AKC,urban,2023-07-22 10:00:00+00:00,1,3.24105,3.248172
AT,AKC,urban,2023-07-22 11:00:00+00:00,1,2.97265,3.3058019
AT,AKC,urban,2023-07-22 12:00:00+00:00,1,2.68335,3.2128968
AT,AKC,urban,2023-07-22 13:00:00+00:00,1,2.67285,2.996314
AT,AKC,urban,2023-07-22 14:00:00+00:00,1,3.01745,2.952646
AT,AKC,urban,2023-07-22 15:00:00+00:00,1,3.2609,3.1013708
AT,AKC,urban,2023-07-22 16:00:00+00:00,1,3.479549,3.325058
AT,AKC,urban,2023-07-22 17:00:00+00:00,1,3.8329,3.6393096
AT,AKC,urban,2023-07-22 18:00:00+00:00,1,4.709599,3.9837763
AT,AKC,urban,2023-07-22 19:00:00+00:00,1,4.5654,4.727454
AT,AKC,urban,2023-07-22 20:00:00+00:00,1,4.921449,4.735646
AT,AKC,urban,2023-07-22 21:00:00+00:00,1,4.459799,5.0090084
AT,AKC,urban,2023-07-22 22:00:00+00:00,1,4.104049,4.6481857
AT,AKC,urban,2023-07-22 23:00:00+00:00,1,4.521299,4.180457
AT,AKC,urban,2023-07-23 00:00:00+00:00,1,4.9418,4.647752
AT,AKC,urban,2023-07-23 01:00:00+00:00,1,5.08435,4.8586664
AT,AKC,urban,2023-07-23 02:00:00+00:00,1,5.551199,5.0741844
AT,AKC,urban,2023-07-23 03:00:00+00:00,1,5.308,5.568894
AT,AKC,urban,2023-07-23 04:00:00+00:00,1,4.89095,5.381757
AT,AKC,urban,2023-07-23 05:00:00+00:00,1,4.292599,5.0650296
AT,AKC,urban,2023-07-23 06:00:00+00:00,1,3.809749,4.4269605
AT,AKC,urban,2023-07-23 07:00:00+00:00,1,3.8754,4.2015314
AT,AKC,urban,2023-07-23 08:00:00+00:00,1,3.328999,3.9474053
AT,AKC,urban,2023-07-23 09:00:00+00:00,1,3.227449,3.7589135
AT,AKC,urban,2023-07-23 10:00:00+00:00,1,3.227849,3.4708967
AT,AKC,urban,2023-07-23 11:00:00+00:00,1,3.22375,3.2471583
AT,AKC,urban,2023-07-23 12:00:00+00:00,1,3.1612,3.3094356
AT,AKC,urban,2023-07-23 13:00:00+00:00,1,3.4194,3.4038723
AT,AKC,urban,2023-07-23 14:00:00+00:00,1,3.644949,3.4968166
AT,AKC,urban,2023-07-23 15:00:00+00:00,1,4.14675,3.7389185
AT,AKC,urban,2023-07-23 16:00:00+00:00,1,5.111649,4.2035723
AT,AKC,urban,2023-07-23 17:00:00+00:00,1,5.5108,5.1775556
AT,AKC,urban,2023-07-23 18:00:00+00:00,1,5.751399,5.6752877
AT,AKC,urban,2023-07-23 19:00:00+00:00,1,5.809549,5.861836
AT,AKC,urban,2023-07-23 20:00:00+00:00,1,6.6394,6.0928297
AT,AKC,urban,2023-07-23 21:00:00+00:00,1,6.5815,6.7663007
AT,AKC,urban,2023-07-23 22:00:00+00:00,1,5.667099,6.606607
AT,AKC,urban,2023-07-23 23:00:00+00:00,1,5.6939,5.912071
AT,AKC,urban,2023-07-24 00:00:00+00:00,1,6.456299,5.7162957
AT,AKC,urban,2023-07-24 01:00:00+00:00,1,8.21845,6.556124
AT,AKC,urban,2023-07-24 02:00:00+00:00,1,8.94915,8.598871
AT,AKC,urban,2023-07-24 03:00:00+00:00,1,8.8822,9.156166
AT,AKC,urban,2023-07-24 04:00:00+00:00,1,9.846199,9.156143
AT,AKC,urban,2023-07-24 05:00:00+00:00,1,8.716249,9.784968
AT,AKC,urban,2023-07-24 06:00:00+00:00,1,8.365299,8.899319
AT,AKC,urban,2023-07-24 07:00:00+00:00,1,8.87985,8.002163
AT,AKC,urban,2023-07-24 08:00:00+00:00,1,8.1606,8.097627
AT,AKC,urban,2023-07-24 09:00:00+00:00,1,6.289649,8.10738
AT,AKC,urban,2023-07-24 10:00:00+00:00,1,6.917349,5.979468
AT,AKC,urban,2023-07-24 11:00:00+00:00,1,8.178649,6.4086795
AT,AKC,urban,2023-07-24 12:00:00+00:00,1,9.600299,7.640406
AT,AKC,urban,2023-07-24 13:00:00+00:00,1,10.966,8.850103
AT,AKC,urban,2023-07-24 14:00:00+00:00,1,9.044549,10.482144
AT,AKC,urban,2023-07-24 15:00:00+00:00,1,7.05375,9.914421
AT,AKC,urban,2023-07-24 16:00:00+00:00,1,6.9053,7.4864435
AT,AKC,urban,2023-07-24 17:00:00+00:00,1,3.684149,7.651627
AT,AKC,urban,2023-07-24 18:00:00+00:00,1,5.116499,4.4219103
AT,AKC,urban,2023-07-24 19:00:00+00:00,1,3.858449,5.081685
AT,AKC,urban,2023-07-24 20:00:00+00:00,1,3.784349,4.457748
AT,AKC,urban,2023-07-24 21:00:00+00:00,1,4.441599,3.8725517
AT,AKC,urban,2023-07-24 22:00:00+00:00,1,4.689299,4.4832144
AT,AKC,urban,2023-07-24 23:00:00+00:00,1,3.73755,4.647955
AT,AKC,urban,2023-07-25 00:00:00+00:00,1,3.138599,3.9268415
AT,AKC,urban,2023-07-25 01:00:00+00:00,1,3.4275,3.2677321
AT,AKC,urban,2023-07-25 02:00:00+00:00,1,4.6805,3.4536586
AT,AKC,urban,2023-07-25 03:00:00+00:00,1,4.068799,4.7185807
AT,AKC,urban,2023-07-25 04:00:00+00:00,1,4.9664,4.6798854
AT,AKC,urban,2023-07-25 05:00:00+00:00,1,6.627249,5.535276
AT,AKC,urban,2023-07-25 06:00:00+00:00,1,6.804249,6.121297
AT,AKC,urban,2023-07-25 07:00:00+00:00,1,7.189849,6.016987
AT,AKC,urban,2023-07-25 08:00:00+00:00,1,6.51675,6.917798
AT,AKC,urban,2023-07-25 09:00:00+00:00,1,3.81645,6.432921
AT,AKC,urban,2023-07-25 10:00:00+00:00,1,3.832049,3.7155387
AT,AKC,urban,2023-07-25 11:00:00+00:00,1,2.967849,3.658126
AT,AKC,urban,2023-07-25 12:00:00+00:00,1,3.713049,3.793656
AT,AKC,urban,2023-07-25 13:00:00+00:00,1,4.899399,3.9253342
AT,AKC,urban,2023-07-25 14:00:00+00:00,1,3.775249,5.01976
AT,AKC,urban,2023-07-25 15:00:00+00:00,1,2.974599,4.3956523
AT,AKC,urban,2023-07-25 16:00:00+00:00,1,3.1953,3.4016526
AT,AKC,urban,2023-07-25 17:00:00+00:00,1,3.520849,3.2560937
AT,AKC,urban,2023-07-25 18:00:00+00:00,1,3.70025,3.4213922
AT,AKC,urban,2023-07-25 19:00:00+00:00,1,3.60905,3.887706
AT,AKC,urban,2023-07-25 20:00:00+00:00,1,3.30375,3.880772
AT,AKC,urban,2023-07-25 21:00:00+00:00,1,3.467299,3.4940479
AT,AKC,urban,2023-07-25 22:00:00+00:00,1,2.1598,3.947471
AT,AKC,urban,2023-07-25 23:00:00+00:00,1,2.134799,2.7208571
AT,AKC,urban,2023-07-26 00:00:00+00:00,1,2.4835,2.3167748
AT,AKC,urban,2023-07-26 01:00:00+00:00,1,2.46665,2.3221908
AT,AKC,urban,2023-07-26 02:00:00+00:00,1,3.59,2.6509566
AT,AKC,urban,2023-07-26 03:00:00+00:00,1,2.71355,3.3571792
AT,AKC,urban,2023-07-26 04:00:00+00:00,1,2.815899,2.9389613
AT,AKC,urban,2023-07-26 05:00:00+00:00,1,3.1136,2.9642332
AT,AKC,urban,2023-07-26 06:00:00+00:00,1,3.6991,3.1144376
AT,AKC,urban,2023-07-26 07:00:00+00:00,1,6.275349,3.6940205
AT,AKC,urban,2023-07-26 08:00:00+00:00,1,6.441049,5.9087462
AT,AKC,urban,2023-07-26 09:00:00+00:00,1,7.144299,5.976235
AT,AKC,urban,2023-07-26 10:00:00+00:00,1,7.1215,6.517285
AT,AKC,urban,2023-07-26 11:00:00+00:00,1,3.9804,6.81809
AT,AKC,urban,2023-07-26 12:00:00+00:00,1,2.026999,4.3289623
AT,AKC,urban,2023-07-26 13:00:00+00:00,1,5.210399,3.0607603
AT,AKC,urban,2023-07-26 14:00:00+00:00,1,3.8245,5.321115
AT,AKC,urban,2023-07-26 15:00:00+00:00,1,3.337949,4.216707
AT,AKC,urban,2023-07-26 16:00:00+00:00,1,3.34635,3.1907601
AT,AKC,urban,2023-07-26 17:00:00+00:00,1,3.2177,3.3108854
AT,AKC,urban,2023-07-26 18:00:00+00:00,1,2.41135,3.4480348
AT,AKC,urban,2023-07-26 19:00:00+00:00,1,2.85575,2.7426043
AT,AKC,urban,2023-07-26 20:00:00+00:00,1,2.99305,2.8680882
AT,AKC,urban,2023-07-26 21:00:00+00:00,1,3.3062,2.9655452
AT,AKC,urban,2023-07-26 22:00:00+00:00,1,3.37655,3.1553457
AT,AKC,urban,2023-07-26 23:00:00+00:00,1,3.681349,3.2354517
AT,AKC,urban,2023-07-27 00:00:00+00:00,1,3.573999,3.4928992
AT,AKC,urban,2023-07-27 01:00:00+00:00,1,3.407949,3.5609324
AT,AKC,urban,2023-07-27 02:00:00+00:00,1,3.91155,3.5108485
AT,AKC,urban,2023-07-27 03:00:00+00:00,1,3.619299,3.9515343
AT,AKC,urban,2023-07-27 04:00:00+00:00,1,5.2944,4.073162
AT,AKC,urban,2023-07-27 05:00:00+00:00,1,5.13815,5.697003
AT,AKC,urban,2023-07-27 06:00:00+00:00,1,5.570199,5.458439
AT,AKC,urban,2023-07-27 07:00:00+00:00,1,4.0738,5.5092154
AT,AKC,urban,2023-07-27 08:00:00+00:00,1,4.561399,4.333352
AT,AKC,urban,2023-07-27 09:00:00+00:00,1,5.27425,4.815695
AT,AKC,urban,2023-07-27 10:00:00+00:00,1,4.677399,4.9596853
AT,AKC,urban,2023-07-27 11:00:00+00:00,1,5.2087,4.951515
AT,AKC,urban,2023-07-27 12:00:00+00:00,1,5.882999,5.0930424
AT,AKC,urban,2023-07-27 13:00:00+00:00,1,4.881449,5.741311
AT,AKC,urban,2023-07-27 14:00:00+00:00,1,4.02985,5.1808753
AT,AKC,urban,2023-07-27 15:00:00+00:00,1,3.57065,4.648593
AT,AKC,urban,2023-07-27 16:00:00+00:00,1,3.703599,3.9343941
AT,AKC,urban,2023-07-27 17:00:00+00:00,1,3.731499,3.9430034
AT,AKC,urban,2023-07-27 18:00:00+00:00,1,3.7761,4.033863
AT,AKC,urban,2023-07-27 19:00:00+00:00,1,4.117799,4.017248
AT,AKC,urban,2023-07-27 20:00:00+00:00,1,3.91415,4.2577844
AT,AKC,urban,2023-07-27 21:00:00+00:00,1,3.197899,4.5044827
AT,AKC,urban,2023-07-27 22:00:00+00:00,1,3.5974,3.1637995
AT,AKC,urban,2023-07-27 23:00:00+00:00,1,3.307499,3.5297592
AT,AKC,urban,2023-07-28 00:00:00+00:00,1,3.13215,3.470002
AT,AKC,urban,2023-07-28 01:00:00+00:00,1,3.269949,3.2443705
AT,AKC,urban,2023-07-28 02:00:00+00:00,1,4.722899,3.3742642
AT,AKC,urban,2023-07-28 03:00:00+00:00,1,4.894399,4.8709903
AT,AKC,urban,2023-07-28 04:00:00+00:00,1,6.04195,6.257157
AT,AKC,urban,2023-07-28 05:00:00+00:00,1,15.508,7.090413
AT,AKC,urban,2023-07-28 06:00:00+00:00,1,5.493249,11.164613
AT,AKC,urban,2023-07-28 07:00:00+00:00,1,7.9017,6.6261554
AT,AKC,urban,2023-07-28 08:00:00+00:00,1,8.024499,7.823829
AT,AKC,urban,2023-07-28 09:00:00+00:00,1,9.6149,7.3528256
AT,AKC,urban,2023-07-28 10:00:00+00:00,1,7.892299,8.374852
AT,AKC,urban,2023-07-28 11:00:00+00:00,1,5.89055,8.009039
AT,AKC,urban,2023-07-28 12:00:00+00:00,1,5.443149,6.038956
AT,AKC,urban,2023-07-28 13:00:00+00:00,1,4.063199,5.5717573
AT,AKC,urban,2023-07-28 14:00:00+00:00,1,3.5771,4.422004
AT,AKC,urban,2023-07-28 15:00:00+00:00,1,3.704699,3.9500742
AT,AKC,urban,2023-07-28 16:00:00+00:00,1,3.88415,3.828498
AT,AKC,urban,2023-07-28 17:00:00+00:00,1,4.1538,3.9846988
AT,AKC,urban,2023-07-28 18:00:00+00:00,1,3.7932,4.164771
AT,AKC,urban,2023-07-28 19:00:00+00:00,1,3.428149,4.172383
AT,AKC,urban,2023-07-28 20:00:00+00:00,1,3.169749,3.761909
AT,AKC,urban,2023-07-28 21:00:00+00:00,1,3.09945,3.530998
AT,AKC,urban,2023-07-28 22:00:00+00:00,1,3.30285,3.3328712
AT,AKC,urban,2023-07-28 23:00:00+00:00,1,3.5673,3.4776263
AT,AKC,urban,2023-07-29 00:00:00+00:00,1,3.7431,3.694673
AT,AKC,urban,2023-07-29 01:00:00+00:00,1,3.333549,3.8678317
AT,AKC,urban,2023-07-29 02:00:00+00:00,1,3.104949,3.6489866
AT,AKC,urban,2023-07-29 03:00:00+00:00,1,2.6711,3.6612487
AT,AKC,urban,2023-07-29 04:00:00+00:00,1,2.7452,3.0678263
AT,AKC,urban,2023-07-29 05:00:00+00:00,1,2.23055,3.0833068
AT,AKC,urban,2023-07-29 06:00:00+00:00,1,2.12325,2.667722
AT,AKC,urban,2023-07-29 07:00:00+00:00,1,2.395999,2.5610332
AT,AKC,urban,2023-07-29 08:00:00+00:00,1,1.8681,2.6376064
AT,AKC,urban,2023-07-29 09:00:00+00:00,1,1.78645,2.2881997
AT,AKC,urban,2023-07-29 10:00:00+00:00,1,1.727349,2.3578382
AT,AKC,urban,2023-07-29 11:00:00+00:00,1,2.460249,2.0437963
AT,AKC,urban,2023-07-29 12:00:00+00:00,1,2.629849,2.410835
AT,AKC,urban,2023-07-29 13:00:00+00:00,1,2.08335,2.6309786
AT,AKC,urban,2023-07-29 14:00:00+00:00,1,2.5201,2.3968441
AT,AKC,urban,2023-07-29 15:00:00+00:00,1,3.07955,2.6586096
AT,AKC,urban,2023-07-29 16:00:00+00:00,1,2.44385,3.1240048
AT,AKC,urban,2023-07-29 17:00:00+00:00,1,2.201149,2.8083837
AT,AKC,urban,2023-07-29 18:00:00+00:00,1,2.4358,2.4028342
AT,AKC,urban,2023-07-29 19:00:00+00:00,1,2.558199,2.6146276
AT,AKC,urban,2023-07-29 20:00:00+00:00,1,2.646049,2.636911
AT,AKC,urban,2023-07-29 21:00:00+00:00,1,2.6444,2.738532
AT,AKC,urban,2023-07-29 22:00:00+00:00,1,2.838699,2.7811363
AT,AKC,urban,2023-07-29 23:00:00+00:00,1,2.656599,3.039462
AT,AKC,urban,2023-07-30 00:00:00+00:00,1,2.6589,2.8317714
AT,AKC,urban,2023-07-30 01:00:00+00:00,1,2.7309,2.7479854
AT,AKC,urban,2023-07-30 02:00:00+00:00,1,3.448149,2.9392407
AT,AKC,urban,2023-07-30 03:00:00+00:00,1,2.86465,3.3699179
AT,AKC,urban,2023-07-30 04:00:00+00:00,1,2.84885,3.2132494
AT,AKC,urban,2023-07-30 05:00:00+00:00,1,2.8354,2.935428
AT,AKC,urban,2023-07-30 06:00:00+00:00,1,2.306399,3.102429
AT,AKC,urban,2023-07-30 07:00:00+00:00,1,2.495949,2.8046448
AT,AKC,urban,2023-07-30 08:00:00+00:00,1,2.539249,2.3293731
AT,AKC,urban,2023-07-30 09:00:00+00:00,1,3.12085,2.5639358
AT,AKC,urban,2023-07-30 10:00:00+00:00,1,2.91805,3.0726974
AT,AKC,urban,2023-07-30 11:00:00+00:00,1,2.381999,2.8774362
AT,AKC,urban,2023-07-30 12:00:00+00:00,1,1.81185,2.5328484
AT,AKC,urban,2023-07-30 13:00:00+00:00,1,3.04005,2.2360165
AT,AKC,urban,2023-07-30 14:00:00+00:00,1,3.236,2.9136288
AT,AKC,urban,2023-07-30 15:00:00+00:00,1,4.03275,3.339912
AT,AKC,urban,2023-07-30 16:00:00+00:00,1,3.0774,3.9151623
AT,AKC,urban,2023-07-30 17:00:00+00:00,1,2.68725,3.4978437
AT,AKC,urban,2023-07-30 18:00:00+00:00,1,2.689249,3.0132818
AT,AKC,urban,2023-07-30 19:00:00+00:00,1,2.83345,2.9222798
AT,AKC,urban,2023-07-30 20:00:00+00:00,1,2.83395,2.952433
AT,AKC,urban,2023-07-30 21:00:00+00:00,1,3.1314,2.9280457
AT,AKC,urban,2023-07-30 22:00:00+00:00,1,3.05535,3.1679559
AT,AKC,urban,2023-07-30 23:00:00+00:00,1,3.046599,3.4261289
AT,AKC,urban,2023-07-31 00:00:00+00:00,1,3.177899,3.314455
AT,AKC,urban,2023-07-31 01:00:00+00:00,1,3.38835,3.373225
AT,AKC,urban,2023-07-31 02:00:00+00:00,1,4.4218,3.499515
AT,AKC,urban,2023-07-31 03:00:00+00:00,1,4.453299,4.313993
AT,AKC,urban,2023-07-31 04:00:00+00:00,1,4.690949,4.7132034
AT,AKC,urban,2023-07-31 05:00:00+00:00,1,4.619549,4.9661274
AT,AKC,urban,2023-07-31 06:00:00+00:00,1,3.94455,4.656283
AT,AKC,urban,2023-07-31 07:00:00+00:00,1,4.062649,4.0760627
AT,AKC,urban,2023-07-31 08:00:00+00:00,1,4.159249,4.103538
AT,AKC,urban,2023-07-31 09:00:00+00:00,1,3.812849,4.250694
AT,AKC,urban,2023-07-31 10:00:00+00:00,1,4.031,3.9230988
AT,AKC,urban,2023-07-31 11:00:00+00:00,1,3.93365,4.2157307
AT,AKC,urban,2023-07-31 12:00:00+00:00,1,4.3997,4.203621
AT,AKC,urban,2023-07-31 13:00:00+00:00,1,3.656099,4.348837
AT,AKC,urban,2023-07-31 14:00:00+00:00,1,3.551899,3.8419433
AT,AKC,urban,2023-07-31 15:00:00+00:00,1,3.226449,3.7838066
AT,AKC,urban,2023-07-31 16:00:00+00:00,1,3.90775,3.4925125
AT,AKC,urban,2023-07-31 17:00:00+00:00,1,4.561699,4.042694
AT,AKC,urban,2023-07-31 18:00:00+00:00,1,5.0229,4.7741704
AT,AKC,urban,2023-07-31 19:00:00+00:00,1,5.3077,4.9406343
AT,AKC,urban,2023-07-31 20:00:00+00:00,1,5.485499,5.3542414
AT,AKC,urban,2023-07-31 21:00:00+00:00,1,5.508,5.528024
AT,AKC,urban,2023-07-31 22:00:00+00:00,1,6.175,5.6212215
AT,AKC,urban,2023-07-31 23:00:00+00:00,1,5.67135,6.199899
AT,AKC,urban,2023-08-01 00:00:00+00:00,1,5.51675,6.0145583
AT,AKC,urban,2023-08-01 01:00:00+00:00,1,5.500849,5.708262
AT,AKC,urban,2023-08-01 02:00:00+00:00,1,5.96065,5.777777
AT,AKC,urban,2023-08-01 03:00:00+00:00,1,7.609649,6.109436
AT,AKC,urban,2023-08-01 04:00:00+00:00,1,8.030449,7.633315
AT,AKC,urban,2023-08-01 05:00:00+00:00,1,8.623149,8.845709
AT,AKC,urban,2023-08-01 06:00:00+00:00,1,8.486849,8.530973
AT,AKC,urban,2023-08-01 07:00:00+00:00,1,8.463749,8.1600685
AT,AKC,urban,2023-08-01 08:00:00+00:00,1,6.797249,7.87444
AT,AKC,urban,2023-08-01 09:00:00+00:00,1,5.9467,6.585123
AT,AKC,urban,2023-08-01 10:00:00+00:00,1,7.952349,5.259338
AT,AKC,urban,2023-08-01 11:00:00+00:00,1,8.0106,7.0359097
AT,AKC,urban,2023-08-01 12:00:00+00:00,1,10.19085,8.054981
AT,AKC,urban,2023-08-01 13:00:00+00:00,1,6.658299,9.682442
AT,AKC,urban,2023-08-01 14:00:00+00:00,1,6.003199,5.8940883
AT,AKC,urban,2023-08-01 15:00:00+00:00,1,6.460499,5.5891085
AT,AKC,urban,2023-08-01 16:00:00+00:00,1,5.985449,6.358913
AT,AKC,urban,2023-08-01 17:00:00+00:00,1,5.8087,5.9298654
AT,AKC,urban,2023-08-01 18:00:00+00:00,1,5.572999,5.7865324
AT,AKC,urban,2023-08-01 19:00:00+00:00,1,6.289899,5.7268476
AT,AKC,urban,2023-08-01 20:00:00+00:00,1,4.562349,6.1716886
AT,AKC,urban,2023-08-01 21:00:00+00:00,1,3.108999,4.848913
AT,AKC,urban,2023-08-01 22:00:00+00:00,1,3.15205,3.383907
AT,AKC,urban,2023-08-01 23:00:00+00:00,1,2.817699,3.3303666
AT,AKC,urban,2023-08-02 00:00:00+00:00,1,2.596049,3.1780944
AT,AKC,urban,2023-08-02 01:00:00+00:00,1,2.239399,2.8059337
AT,AKC,urban,2023-08-02 02:00:00+00:00,1,2.61365,2.5552123
AT,AKC,urban,2023-08-02 03:00:00+00:00,1,2.866149,2.6550698
AT,AKC,urban,2023-08-02 04:00:00+00:00,1,6.0143,2.9003918
AT,AKC,urban,2023-08-02 05:00:00+00:00,1,5.163399,6.3170466
AT,AKC,urban,2023-08-02 06:00:00+00:00,1,4.7206,5.7334933
AT,AKC,urban,2023-08-02 07:00:00+00:00,1,4.7486,5.0986
AT,AKC,urban,2023-08-02 08:00:00+00:00,1,3.9031,4.955366
AT,AKC,urban,2023-08-02 09:00:00+00:00,1,3.4077,4.130151
AT,AKC,urban,2023-08-02 10:00:00+00:00,1,3.295199,3.8290045
AT,AKC,urban,2023-08-02 11:00:00+00:00,1,3.288599,3.68298
AT,AKC,urban,2023-08-02 12:00:00+00:00,1,4.72685,3.714028
AT,AKC,urban,2023-08-02 13:00:00+00:00,1,5.732749,4.4906373
AT,AKC,urban,2023-08-02 14:00:00+00:00,1,2.790999,5.7074704
AT,AKC,urban,2023-08-02 15:00:00+00:00,1,2.80425,3.7882025
AT,AKC,urban,2023-08-02 16:00:00+00:00,1,2.779299,3.6537824
AT,AKC,urban,2023-08-02 17:00:00+00:00,1,2.53415,3.1163423
AT,AKC,urban,2023-08-02 18:00:00+00:00,1,2.717499,3.0387459
AT,AKC,urban,2023-08-02 19:00:00+00:00,1,2.938499,3.1052327
AT,AKC,urban,2023-08-02 20:00:00+00:00,1,3.3175,3.123502
AT,AKC,urban,2023-08-02 21:00:00+00:00,1,3.6542,3.3557954
AT,AKC,urban,2023-08-02 22:00:00+00:00,1,3.89055,3.6426072
AT,AKC,urban,2023-08-02 23:00:00+00:00,1,4.142899,3.653521
AT,AKC,urban,2023-08-03 00:00:00+00:00,1,4.2763,4.1622915
AT,AKC,urban,2023-08-03 01:00:00+00:00,1,4.10255,4.5058017
AT,AKC,urban,2023-08-03 02:00:00+00:00,1,4.350049,4.2334056
AT,AKC,urban,2023-08-03 03:00:00+00:00,1,4.122499,4.5812125
AT,AKC,urban,2023-08-03 04:00:00+00:00,1,4.4797,4.5577374
AT,AKC,urban,2023-08-03 05:00:00+00:00,1,4.411699,4.8401413
AT,AKC,urban,2023-08-03 06:00:00+00:00,1,3.749149,4.642674
AT,AKC,urban,2023-08-03 07:00:00+00:00,1,5.85585,4.0643883
AT,AKC,urban,2023-08-03 08:00:00+00:00,1,4.510649,5.560337
AT,AKC,urban,2023-08-03 09:00:00+00:00,1,3.45825,5.1603417
AT,AKC,urban,2023-08-03 10:00:00+00:00,1,6.24015,3.8537443
AT,AKC,urban,2023-08-03 11:00:00+00:00,1,4.569749,5.7117357
AT,AKC,urban,2023-08-03 12:00:00+00:00,1,4.367899,5.2053843
AT,AKC,urban,2023-08-03 13:00:00+00:00,1,3.506999,4.735135
AT,AKC,urban,2023-08-03 14:00:00+00:00,1,3.673249,4.0541806
AT,AKC,urban,2023-08-03 15:00:00+00:00,1,3.23285,4.347667
AT,AKC,urban,2023-08-03 16:00:00+00:00,1,3.4391,3.9840772
AT,AKC,urban,2023-08-03 17:00:00+00:00,1,3.71075,3.7706838
AT,AKC,urban,2023-08-03 18:00:00+00:00,1,4.263549,3.8847587
AT,AKC,urban,2023-08-03 19:00:00+00:00,1,3.995199,4.5389194
AT,AKC,urban,2023-08-03 20:00:00+00:00,1,4.313099,4.395609
AT,AKC,urban,2023-08-03 21:00:00+00:00,1,4.096449,4.586688
AT,AKC,urban,2023-08-03 22:00:00+00:00,1,4.065549,4.2899175
AT,AKC,urban,2023-08-03 23:00:00+00:00,1,3.665999,4.011813
AT,AKC,urban,2023-08-04 00:00:00+00:00,1,3.0128,3.807364
AT,AKC,urban,2023-08-04 01:00:00+00:00,1,3.000949,3.3112001
AT,AKC,urban,2023-08-04 02:00:00+00:00,1,3.583549,3.190327
AT,AKC,urban,2023-08-04 03:00:00+00:00,1,3.57885,3.6970534
AT,AKC,urban,2023-08-04 04:00:00+00:00,1,4.6849,3.9955363
AT,AKC,urban,2023-08-04 05:00:00+00:00,1,4.5817,5.0079794
AT,AKC,urban,2023-08-04 06:00:00+00:00,1,3.493599,4.8579235
AT,AKC,urban,2023-08-04 07:00:00+00:00,1,3.61805,4.312313
AT,AKC,urban,2023-08-04 08:00:00+00:00,1,4.875499,4.085798
AT,AKC,urban,2023-08-04 09:00:00+00:00,1,4.752349,4.8645997
AT,AKC,urban,2023-08-04 10:00:00+00:00,1,4.577099,5.126118
AT,AKC,urban,2023-08-04 11:00:00+00:00,1,5.689849,4.8702755
AT,AKC,urban,2023-08-04 12:00:00+00:00,1,3.4906,5.3676257
AT,AKC,urban,2023-08-04 13:00:00+00:00,1,3.29365,3.505779
AT,AKC,urban,2023-08-04 14:00:00+00:00,1,3.226999,3.2216458
AT,AKC,urban,2023-08-04 15:00:00+00:00,1,2.5721,3.3289366
AT,AKC,urban,2023-08-04 16:00:00+00:00,1,2.851049,3.017468
AT,AKC,urban,2023-08-04 17:00:00+00:00,1,3.42425,3.121261
AT,AKC,urban,2023-08-04 18:00:00+00:00,1,3.206449,3.522488
AT,AKC,urban,2023-08-04 19:00:00+00:00,1,2.671649,3.5913777
AT,AKC,urban,2023-08-04 20:00:00+00:00,1,2.9678,3.110457
AT,AKC,urban,2023-08-04 21:00:00+00:00,1,2.94395,3.0683622
AT,AKC,urban,2023-08-04 22:00:00+00:00,1,2.840749,3.0485792
AT,AKC,urban,2023-08-04 23:00:00+00:00,1,3.03305,2.9978042
AT,AKC,urban,2023-08-05 00:00:00+00:00,1,3.84705,3.033401
AT,AKC,urban,2023-08-05 01:00:00+00:00,1,3.316649,3.6579235
AT,AKC,urban,2023-08-05 02:00:00+00:00,1,3.764899,3.58641
AT,AKC,urban,2023-08-05 03:00:00+00:00,1,4.623149,3.8466253
AT,AKC,urban,2023-08-05 04:00:00+00:00,1,5.084199,4.568149
AT,AKC,urban,2023-08-05 05:00:00+00:00,1,4.9777,5.190279
AT,AKC,urban,2023-08-05 06:00:00+00:00,1,4.731699,4.8477907
AT,AKC,urban,2023-08-05 07:00:00+00:00,1,6.229499,4.611229
AT,AKC,urban,2023-08-05 08:00:00+00:00,1,5.927999,5.6736774
AT,AKC,urban,2023-08-05 09:00:00+00:00,1,3.7982,5.563649
AT,AKC,urban,2023-08-05 10:00:00+00:00,1,3.732699,3.6828303
AT,AKC,urban,2023-08-05 11:00:00+00:00,1,2.55275,3.4142804
AT,AKC,urban,2023-08-05 12:00:00+00:00,1,2.162699,3.0928645
AT,AKC,urban,2023-08-05 13:00:00+00:00,1,2.62435,2.44082
AT,AKC,urban,2023-08-05 14:00:00+00:00,1,2.451349,2.4154828
AT,AKC,urban,2023-08-05 15:00:00+00:00,1,2.06155,2.4268312
AT,AKC,urban,2023-08-05 16:00:00+00:00,1,1.695549,2.4201324
AT,AKC,urban,2023-08-05 17:00:00+00:00,1,1.82555,2.1457698
AT,AKC,urban,2023-08-05 18:00:00+00:00,1,2.2244,1.9714193
AT,AKC,urban,2023-08-05 19:00:00+00:00,1,1.74355,2.0503235
AT,AKC,urban,2023-08-05 20:00:00+00:00,1,1.2941,1.9720771
AT,AKC,urban,2023-08-05 21:00:00+00:00,1,0.956239,1.8457603
AT,AKC,urban,2023-08-05 22:00:00+00:00,1,0.9311391,1.4112481
AT,AKC,urban,2023-08-05 23:00:00+00:00,1,0.929625,1.414454
AT,AKC,urban,2023-08-06 00:00:00+00:00,1,1.02093,1.0491772
AT,AKC,urban,2023-08-06 01:00:00+00:00,1,1.301149,1.0301081
AT,AKC,urban,2023-08-06 02:00:00+00:00,1,2.0798,1.3705933
AT,AKC,urban,2023-08-06 03:00:00+00:00,1,2.60275,1.695074
AT,AKC,urban,2023-08-06 04:00:00+00:00,1,2.497849,2.3211427
AT,AKC,urban,2023-08-06 05:00:00+00:00,1,2.5569,2.4679255
AT,AKC,urban,2023-08-06 06:00:00+00:00,1,2.6248,2.4379287
AT,AKC,urban,2023-08-06 07:00:00+00:00,1,3.037099,2.4781973
AT,AKC,urban,2023-08-06 08:00:00+00:00,1,3.603749,2.7388246
AT,AKC,urban,2023-08-06 09:00:00+00:00,1,3.5553,3.300186
AT,AKC,urban,2023-08-06 10:00:00+00:00,1,4.256599,3.5133045
AT,AKC,urban,2023-08-06 11:00:00+00:00,1,4.0046,3.9781866
AT,AKC,urban,2023-08-06 12:00:00+00:00,1,4.194649,3.8337917
AT,AKC,urban,2023-08-06 13:00:00+00:00,1,2.5625,3.970189
AT,AKC,urban,2023-08-06 14:00:00+00:00,1,1.6728,3.2147393
AT,AKC,urban,2023-08-06 15:00:00+00:00,1,1.430649,2.3459709
AT,AKC,urban,2023-08-06 16:00:00+00:00,1,1.404299,2.0339236
AT,AKC,urban,2023-08-06 17:00:00+00:00,1,1.2302,1.7688602
AT,AKC,urban,2023-08-06 18:00:00+00:00,1,1.2608,1.6526457
AT,AKC,urban,2023-08-06 19:00:00+00:00,1,1.195799,1.5480494
AT,AKC,urban,2023-08-06 20:00:00+00:00,1,1.134649,1.4931778
AT,AKC,urban,2023-08-06 21:00:00+00:00,1,1.223249,1.4828314
AT,AKC,urban,2023-08-06 22:00:00+00:00,1,1.429749,1.3750467
AT,AKC,urban,2023-08-06 23:00:00+00:00,1,1.598799,1.4871613
AT,AKC,urban,2023-08-07 00:00:00+00:00,1,1.75235,1.6884938
AT,AKC,urban,2023-08-07 01:00:00+00:00,1,2.02285,1.8226539
AT,AKC,urban,2023-08-07 02:00:00+00:00,1,2.08785,2.0606737
AT,AKC,urban,2023-08-07 03:00:00+00:00,1,1.8981,2.199342
AT,AKC,urban,2023-08-07 04:00:00+00:00,1,2.088399,2.537168
AT,AKC,urban,2023-08-07 05:00:00+00:00,1,2.39695,2.6966138
AT,AKC,urban,2023-08-07 06:00:00+00:00,1,2.329649,2.6013663
AT,AKC,urban,2023-08-07 07:00:00+00:00,1,2.2589,2.363045
AT,AKC,urban,2023-08-07 08:00:00+00:00,1,2.425849,2.4609385
AT,AKC,urban,2023-08-07 09:00:00+00:00,1,1.92715,2.5925477
AT,AKC,urban,2023-08-07 10:00:00+00:00,1,2.3894,1.9892212
AT,AKC,urban,2023-08-07 11:00:00+00:00,1,3.2109,2.1543
AT,AKC,urban,2023-08-07 12:00:00+00:00,1,3.534349,2.9900982
AT,AKC,urban,2023-08-07 13:00:00+00:00,1,4.204649,3.9410331
AT,AKC,urban,2023-08-07 14:00:00+00:00,1,4.0457,4.0465245
AT,AKC,urban,2023-08-07 15:00:00+00:00,1,2.58995,4.0569344
AT,AKC,urban,2023-08-07 16:00:00+00:00,1,1.803599,3.3317673
AT,AKC,urban,2023-08-07 17:00:00+00:00,1,1.6682,2.2996442
AT,AKC,urban,2023-08-07 18:00:00+00:00,1,2.2406,2.0964863
AT,AKC,urban,2023-08-07 19:00:00+00:00,1,2.33605,2.0754142
AT,AKC,urban,2023-08-07 20:00:00+00:00,1,1.9091,2.3064418
AT,AKC,urban,2023-08-07 21:00:00+00:00,1,2.076449,2.2029262
AT,AKC,urban,2023-08-07 22:00:00+00:00,1,2.410249,2.209278
AT,AKC,urban,2023-08-07 23:00:00+00:00,1,2.420199,2.3123944
AT,AKC,urban,2023-08-08 00:00:00+00:00,1,2.4155,2.5142722
AT,AKC,urban,2023-08-08 01:00:00+00:00,1,2.453199,2.399949
AT,AKC,urban,2023-08-08 02:00:00+00:00,1,2.965,2.5126727
AT,AKC,urban,2023-08-08 03:00:00+00:00,1,2.865149,2.9062052
AT,AKC,urban,2023-08-08 04:00:00+00:00,1,4.0506,3.2181747
AT,AKC,urban,2023-08-08 05:00:00+00:00,1,5.86665,4.228589
AT,AKC,urban,2023-08-08 06:00:00+00:00,1,5.090549,5.895587
AT,AKC,urban,2023-08-08 07:00:00+00:00,1,6.21685,5.3107667
AT,AKC,urban,2023-08-08 08:00:00+00:00,1,5.87985,5.795374
AT,AKC,urban,2023-08-08 09:00:00+00:00,1,4.51455,5.71123
AT,AKC,urban,2023-08-08 10:00:00+00:00,1,5.65625,4.891359
AT,AKC,urban,2023-08-08 11:00:00+00:00,1,4.310599,5.094801
AT,AKC,urban,2023-08-08 12:00:00+00:00,1,4.334199,4.736431
AT,AKC,urban,2023-08-08 13:00:00+00:00,1,3.795199,4.577743
AT,AKC,urban,2023-08-08 14:00:00+00:00,1,3.140349,4.040039
AT,AKC,urban,2023-08-08 15:00:00+00:00,1,6.718899,3.8145208
AT,AKC,urban,2023-08-08 16:00:00+00:00,1,3.018449,6.027474
AT,AKC,urban,2023-08-08 17:00:00+00:00,1,3.5829,3.9510074
AT,AKC,urban,2023-08-08 18:00:00+00:00,1,4.051349,4.2508855
AT,AKC,urban,2023-08-08 19:00:00+00:00,1,4.39085,4.016074
AT,AKC,urban,2023-08-08 20:00:00+00:00,1,4.173049,4.611343
AT,AKC,urban,2023-08-08 21:00:00+00:00,1,4.6967,4.405831
AT,AKC,urban,2023-08-08 22:00:00+00:00,1,4.040599,4.7957325
AT,AKC,urban,2023-08-08 23:00:00+00:00,1,4.3866,4.23216
AT,AKC,urban,2023-08-09 00:00:00+00:00,1,4.244449,4.68992
AT,AKC,urban,2023-08-09 01:00:00+00:00,1,3.97415,4.5777507
AT,AKC,urban,2023-08-09 02:00:00+00:00,1,5.023399,4.1137867
AT,AKC,urban,2023-08-09 03:00:00+00:00,1,4.8923,5.291865
AT,AKC,urban,2023-08-09 04:00:00+00:00,1,5.84345,5.329136
AT,AKC,urban,2023-08-09 05:00:00+00:00,1,5.808249,6.3821974
AT,AKC,urban,2023-08-09 06:00:00+00:00,1,8.201749,6.193809
AT,AKC,urban,2023-08-09 07:00:00+00:00,1,7.6764,7.626207
AT,AKC,urban,2023-08-09 08:00:00+00:00,1,5.451499,7.0886145
AT,AKC,urban,2023-08-09 09:00:00+00:00,1,5.917799,4.4354353
AT,AKC,urban,2023-08-09 10:00:00+00:00,1,7.9658,5.288861
AT,AKC,urban,2023-08-09 11:00:00+00:00,1,4.424799,7.4067655
AT,AKC,urban,2023-08-09 12:00:00+00:00,1,4.35255,4.3507
AT,AKC,urban,2023-08-09 13:00:00+00:00,1,3.2065,4.314666
AT,AKC,urban,2023-08-09 14:00:00+00:00,1,2.919849,3.7770984
AT,AKC,urban,2023-08-09 15:00:00+00:00,1,2.64785,3.3238509
AT,AKC,urban,2023-08-09 16:00:00+00:00,1,2.66225,2.730313
AT,AKC,urban,2023-08-09 17:00:00+00:00,1,2.868549,2.758296
AT,AKC,urban,2023-08-09 18:00:00+00:00,1,3.1294,2.8619351
AT,AKC,urban,2023-08-09 19:00:00+00:00,1,2.253149,3.044696
AT,AKC,urban,2023-08-09 20:00:00+00:00,1,1.842999,2.705426
AT,AKC,urban,2023-08-09 21:00:00+00:00,1,1.94615,2.2725606
AT,AKC,urban,2023-08-09 22:00:00+00:00,1,1.921249,2.1560583
AT,AKC,urban,2023-08-09 23:00:00+00:00,1,1.9971,1.990831
AT,AKC,urban,2023-08-10 00:00:00+00:00,1,1.945699,1.991267
AT,AKC,urban,2023-08-10 01:00:00+00:00,1,2.046599,1.9975518
AT,AKC,urban,2023-08-10 02:00:00+00:00,1,2.86575,2.087179
AT,AKC,urban,2023-08-10 03:00:00+00:00,1,2.34135,2.6637726
AT,AKC,urban,2023-08-10 04:00:00+00:00,1,3.1791,2.8398714
AT,AKC,urban,2023-08-10 05:00:00+00:00,1,4.1139,3.201083
AT,AKC,urban,2023-08-10 06:00:00+00:00,1,3.561349,4.4051566
AT,AKC,urban,2023-08-10 07:00:00+00:00,1,3.714449,3.6154325
AT,AKC,urban,2023-08-10 08:00:00+00:00,1,4.072649,3.771439
AT,AKC,urban,2023-08-10 09:00:00+00:00,1,3.433,4.031585
AT,AKC,urban,2023-08-10 10:00:00+00:00,1,4.054049,3.419239
AT,AKC,urban,2023-08-10 11:00:00+00:00,1,6.7451,3.8979383
AT,AKC,urban,2023-08-10 12:00:00+00:00,1,3.563199,6.4892645
AT,AKC,urban,2023-08-10 13:00:00+00:00,1,3.28245,3.602794
AT,AKC,urban,2023-08-10 14:00:00+00:00,1,2.413949,3.951151
AT,AKC,urban,2023-08-10 15:00:00+00:00,1,2.277949,2.8955917
AT,AKC,urban,2023-08-10 16:00:00+00:00,1,3.0339,2.4967003
AT,AKC,urban,2023-08-10 17:00:00+00:00,1,3.7469,2.9311938
AT,AKC,urban,2023-08-10 18:00:00+00:00,1,4.1044,3.8518353
AT,AKC,urban,2023-08-10 19:00:00+00:00,1,3.87695,4.1126423
AT,AKC,urban,2023-08-10 20:00:00+00:00,1,3.93545,4.2148094
AT,AKC,urban,2023-08-10 21:00:00+00:00,1,3.844799,4.275405
AT,AKC,urban,2023-08-10 22:00:00+00:00,1,3.696,4.1727
AT,AKC,urban,2023-08-10 23:00:00+00:00,1,5.089699,4.065059
AT,AKC,urban,2023-08-11 00:00:00+00:00,1,5.3969,5.093665
AT,AKC,urban,2023-08-11 01:00:00+00:00,1,5.1659,5.4374046
AT,AKC,urban,2023-08-11 02:00:00+00:00,1,5.526199,6.2221293
AT,AKC,urban,2023-08-11 03:00:00+00:00,1,5.143199,5.7695794
AT,AKC,urban,2023-08-11 04:00:00+00:00,1,6.64445,5.20141
AT,AKC,urban,2023-08-11 05:00:00+00:00,1,6.632649,6.579474
AT,AKC,urban,2023-08-11 06:00:00+00:00,1,5.2567,7.149897
AT,AKC,urban,2023-08-11 07:00:00+00:00,1,4.237549,5.549242
AT,AKC,urban,2023-08-11 08:00:00+00:00,1,3.09275,4.361724
AT,AKC,urban,2023-08-11 09:00:00+00:00,1,3.02995,3.499322
AT,AKC,urban,2023-08-11 10:00:00+00:00,1,2.6679,3.3446798
AT,AKC,urban,2023-08-11 11:00:00+00:00,1,2.9443,2.9365396
AT,AKC,urban,2023-08-11 12:00:00+00:00,1,2.61,3.1398096
AT,AKC,urban,2023-08-11 13:00:00+00:00,1,2.89895,2.8664098
AT,AKC,urban,2023-08-11 14:00:00+00:00,1,2.99735,2.9444742
AT,AKC,urban,2023-08-11 15:00:00+00:00,1,3.1834,3.1261456
AT,AKC,urban,2023-08-11 16:00:00+00:00,1,3.247849,3.4629352
AT,AKC,urban,2023-08-11 17:00:00+00:00,1,4.119649,3.5699086
AT,AKC,urban,2023-08-11 18:00:00+00:00,1,5.27655,4.2024894
AT,AKC,urban,2023-08-11 19:00:00+00:00,1,6.3941,5.4089537
AT,AKC,urban,2023-08-11 20:00:00+00:00,1,5.791899,6.5467467
AT,AKC,urban,2023-08-11 21:00:00+00:00,1,5.633399,6.025993
AT,AKC,urban,2023-08-11 22:00:00+00:00,1,6.791299,5.7657676
AT,AKC,urban,2023-08-11 23:00:00+00:00,1,5.74935,6.8619504
AT,AKC,urban,2023-08-12 00:00:00+00:00,1,6.049949,5.9514213
AT,AKC,urban,2023-08-12 01:00:00+00:00,1,7.4519,6.2690625
AT,AKC,urban,2023-08-12 02:00:00+00:00,1,6.9656,7.9231052
AT,AKC,urban,2023-08-12 03:00:00+00:00,1,7.767499,7.372672
AT,AKC,urban,2023-08-12 04:00:00+00:00,1,9.032899,7.6597524
AT,AKC,urban,2023-08-12 05:00:00+00:00,1,8.47705,9.088574
AT,AKC,urban,2023-08-12 06:00:00+00:00,1,8.742,8.665889
AT,AKC,urban,2023-08-12 07:00:00+00:00,1,6.0618,8.029574
AT,AKC,urban,2023-08-12 08:00:00+00:00,1,6.8878,6.1051993
AT,AKC,urban,2023-08-12 09:00:00+00:00,1,5.0634,6.348735
AT,AKC,urban,2023-08-12 10:00:00+00:00,1,3.98335,5.616941
AT,AKC,urban,2023-08-12 11:00:00+00:00,1,3.558549,3.9957206
AT,AKC,urban,2023-08-12 12:00:00+00:00,1,3.378399,4.044181
AT,AKC,urban,2023-08-12 13:00:00+00:00,1,3.47595,3.7034783
AT,AKC,urban,2023-08-12 14:00:00+00:00,1,3.8221,3.571445
AT,AKC,urban,2023-08-12 15:00:00+00:00,1,4.5514,3.9547787
AT,AKC,urban,2023-08-12 16:00:00+00:00,1,4.94355,4.5685472
AT,AKC,urban,2023-08-12 17:00:00+00:00,1,5.258199,4.914475
AT,AKC,urban,2023-08-12 18:00:00+00:00,1,5.607549,5.3640423
AT,AKC,urban,2023-08-12 19:00:00+00:00,1,5.91435,5.8740983
AT,AKC,urban,2023-08-12 20:00:00+00:00,1,6.263099,5.943482
AT,AKC,urban,2023-08-12 21:00:00+00:00,1,6.860949,6.3242793
AT,AKC,urban,2023-08-12 22:00:00+00:00,1,8.22495,6.9390416
AT,AKC,urban,2023-08-12 23:00:00+00:00,1,8.225999,8.134678
AT,AKC,urban,2023-08-13 00:00:00+00:00,1,8.2746,8.410879
AT,AKC,urban,2023-08-13 01:00:00+00:00,1,9.0925,8.301221
AT,AKC,urban,2023-08-13 02:00:00+00:00,1,9.921199,9.082219
AT,AKC,urban,2023-08-13 03:00:00+00:00,1,9.0493,10.245977
AT,AKC,urban,2023-08-13 04:00:00+00:00,1,8.952699,9.04036
AT,AKC,urban,2023-08-13 05:00:00+00:00,1,8.2121,8.932585
AT,AKC,urban,2023-08-13 06:00:00+00:00,1,7.65705,8.389961
AT,AKC,urban,2023-08-13 07:00:00+00:00,1,7.3477,7.669777
AT,AKC,urban,2023-08-13 08:00:00+00:00,1,7.818249,7.451571
AT,AKC,urban,2023-08-13 09:00:00+00:00,1,7.69485,7.537774
AT,AKC,urban,2023-08-13 10:00:00+00:00,1,7.118599,7.47408
AT,AKC,urban,2023-08-13 11:00:00+00:00,1,6.108099,7.236176
AT,AKC,urban,2023-08-13 12:00:00+00:00,1,5.82855,6.2491946
AT,AKC,urban,2023-08-13 13:00:00+00:00,1,6.11695,5.9197135
AT,AKC,urban,2023-08-13 14:00:00+00:00,1,5.664649,6.3216887
AT,AKC,urban,2023-08-13 15:00:00+00:00,1,6.4784,5.995906
AT,AKC,urban,2023-08-13 16:00:00+00:00,1,6.20975,6.696612
AT,AKC,urban,2023-08-13 17:00:00+00:00,1,5.92175,6.658002
AT,AKC,urban,2023-08-13 18:00:00+00:00,1,6.1658,6.726729
AT,AKC,urban,2023-08-13 19:00:00+00:00,1,6.6953,6.3087535
AT,AKC,urban,2023-08-13 20:00:00+00:00,1,7.308,6.8672957
AT,AKC,urban,2023-08-13 21:00:00+00:00,1,8.0911,7.233274
AT,AKC,urban,2023-08-13 22:00:00+00:00,1,8.66835,8.228216
AT,AKC,urban,2023-08-13 23:00:00+00:00,1,9.3414,8.791422
AT,AKC,urban,2023-08-14 00:00:00+00:00,1,9.81735,9.535408
AT,AKC,urban,2023-08-14 01:00:00+00:00,1,9.305599,10.200102
AT,AKC,urban,2023-08-14 02:00:00+00:00,1,10.2247,9.327163
AT,AKC,urban,2023-08-14 03:00:00+00:00,1,10.602,9.8983755
AT,AKC,urban,2023-08-14 04:00:00+00:00,1,11.593,10.464216
AT,AKC,urban,2023-08-14 05:00:00+00:00,1,9.7362,11.831047
AT,AKC,urban,2023-08-14 06:00:00+00:00,1,7.933699,9.799803
AT,AKC,urban,2023-08-14 07:00:00+00:00,1,7.8881,7.3387933
AT,AKC,urban,2023-08-14 08:00:00+00:00,1,6.70275,7.491247
AT,AKC,urban,2023-08-14 09:00:00+00:00,1,5.11985,7.328497
AT,AKC,urban,2023-08-14 10:00:00+00:00,1,5.501199,5.4722075
AT,AKC,urban,2023-08-14 11:00:00+00:00,1,5.667399,5.653706
AT,AKC,urban,2023-08-14 12:00:00+00:00,1,5.90005,5.535271
AT,AKC,urban,2023-08-14 13:00:00+00:00,1,5.765999,5.92312
AT,AKC,urban,2023-08-14 14:00:00+00:00,1,5.93175,5.961277
AT,AKC,urban,2023-08-14 15:00:00+00:00,1,6.156199,5.916887
AT,AKC,urban,2023-08-14 16:00:00+00:00,1,6.66425,6.276328
AT,AKC,urban,2023-08-14 17:00:00+00:00,1,7.289299,6.886591
AT,AKC,urban,2023-08-14 18:00:00+00:00,1,7.29145,7.454555
AT,AKC,urban,2023-08-14 19:00:00+00:00,1,7.6042,7.2780256
AT,AKC,urban,2023-08-14 20:00:00+00:00,1,7.03015,7.4630246
AT,AKC,urban,2023-08-14 21:00:00+00:00,1,7.224499,7.2780113
AT,AKC,urban,2023-08-14 22:00:00+00:00,1,7.386549,7.2136908
AT,AKC,urban,2023-08-14 23:00:00+00:00,1,7.882649,7.6055446
AT,AKC,urban,2023-08-15 00:00:00+00:00,1,8.7735,7.7575526
AT,AKC,urban,2023-08-15 01:00:00+00:00,1,10.68155,8.771167
AT,AKC,urban,2023-08-15 02:00:00+00:00,1,10.4295,11.193725
AT,AKC,urban,2023-08-15 03:00:00+00:00,1,10.8365,9.816131
AT,AKC,urban,2023-08-15 04:00:00+00:00,1,10.7975,10.8325615
AT,AKC,urban,2023-08-15 05:00:00+00:00,1,9.73495,10.745729
AT,AKC,urban,2023-08-15 06:00:00+00:00,1,9.664699,9.714731
AT,AKC,urban,2023-08-15 07:00:00+00:00,1,8.64455,9.300029
AT,AKC,urban,2023-08-15 08:00:00+00:00,1,8.35715,8.470813
AT,AKC,urban,2023-08-15 09:00:00+00:00,1,8.22935,7.9519043
AT,AKC,urban,2023-08-15 10:00:00+00:00,1,7.63245,7.832957
AT,AKC,urban,2023-08-15 11:00:00+00:00,1,7.735899,7.7672367
AT,AKC,urban,2023-08-15 12:00:00+00:00,1,8.0703,7.5017776
AT,AKC,urban,2023-08-15 13:00:00+00:00,1,8.394899,8.031796
AT,AKC,urban,2023-08-15 14:00:00+00:00,1,8.353699,8.053216
AT,AKC,urban,2023-08-15 15:00:00+00:00,1,8.117349,8.391697
AT,AKC,urban,2023-08-15 16:00:00+00:00,1,8.0275,8.228857
AT,AKC,urban,2023-08-15 17:00:00+00:00,1,8.759501,8.368407
AT,AKC,urban,2023-08-15 18:00:00+00:00,1,9.23505,8.82302
AT,AKC,urban,2023-08-15 19:00:00+00:00,1,9.224149,9.185555
AT,AKC,urban,2023-08-15 20:00:00+00:00,1,9.0839,9.109806
AT,AKC,urban,2023-08-15 21:00:00+00:00,1,7.970849,9.210447
AT,AKC,urban,2023-08-15 22:00:00+00:00,1,5.451299,8.245361
AT,AKC,urban,2023-08-15 23:00:00+00:00,1,4.773799,5.596506
AT,AKC,urban,2023-08-16 00:00:00+00:00,1,5.2986,4.6893015
AT,AKC,urban,2023-08-16 01:00:00+00:00,1,6.2024,5.5579605
AT,AKC,urban,2023-08-16 02:00:00+00:00,1,6.150099,6.319115
AT,AKC,urban,2023-08-16 03:00:00+00:00,1,6.781949,6.40109
AT,AKC,urban,2023-08-16 04:00:00+00:00,1,10.072,7.6757936
AT,AKC,urban,2023-08-16 05:00:00+00:00,1,9.614049,10.817582
AT,AKC,urban,2023-08-16 06:00:00+00:00,1,7.334799,9.056418
AT,AKC,urban,2023-08-16 07:00:00+00:00,1,8.078399,7.1746554
AT,AKC,urban,2023-08-16 08:00:00+00:00,1,8.51625,7.2715816
AT,AKC,urban,2023-08-16 09:00:00+00:00,1,8.37695,7.7528453
AT,AKC,urban,2023-08-16 10:00:00+00:00,1,8.45125,7.897536
AT,AKC,urban,2023-08-16 11:00:00+00:00,1,7.7382,8.187818
AT,AKC,urban,2023-08-16 12:00:00+00:00,1,7.596699,7.9065695
AT,AKC,urban,2023-08-16 13:00:00+00:00,1,9.524049,7.3900785
AT,AKC,urban,2023-08-16 14:00:00+00:00,1,9.506149,8.907543
AT,AKC,urban,2023-08-16 15:00:00+00:00,1,8.6851,8.835183
AT,AKC,urban,2023-08-16 16:00:00+00:00,1,8.842849,8.508942
AT,AKC,urban,2023-08-16 17:00:00+00:00,1,9.326999,8.871078
AT,AKC,urban,2023-08-16 18:00:00+00:00,1,10.1786,9.471041
AT,AKC,urban,2023-08-16 19:00:00+00:00,1,10.7065,10.292714
AT,AKC,urban,2023-08-16 20:00:00+00:00,1,10.0274,10.82778
AT,AKC,urban,2023-08-16 21:00:00+00:00,1,11.195,10.319475
AT,AKC,urban,2023-08-16 22:00:00+00:00,1,11.433,11.125413
AT,AKC,urban,2023-08-16 23:00:00+00:00,1,12.868,11.382063
AT,AKC,urban,2023-08-17 00:00:00+00:00,1,12.833,12.926511
AT,AKC,urban,2023-08-17 01:00:00+00:00,1,15.2375,13.069952
AT,AKC,urban,2023-08-17 02:00:00+00:00,1,19.0175,15.19107
AT,AKC,urban,2023-08-17 03:00:00+00:00,1,15.405,18.991978
AT,AKC,urban,2023-08-17 04:00:00+00:00,1,15.8945,14.880995
AT,AKC,urban,2023-08-17 05:00:00+00:00,1,13.715,15.507731
AT,AKC,urban,2023-08-17 06:00:00+00:00,1,9.4302,14.408767
AT,AKC,urban,2023-08-17 07:00:00+00:00,1,11.481,8.968286
AT,AKC,urban,2023-08-17 08:00:00+00:00,1,11.0865,10.710231
AT,AKC,urban,2023-08-17 09:00:00+00:00,1,8.497749,10.619163
AT,AKC,urban,2023-08-17 10:00:00+00:00,1,8.0352,8.271287
AT,AKC,urban,2023-08-17 11:00:00+00:00,1,8.891899,7.7274313
AT,AKC,urban,2023-08-17 12:00:00+00:00,1,8.645549,8.804557
AT,AKC,urban,2023-08-17 13:00:00+00:00,1,9.7718,8.767555
AT,AKC,urban,2023-08-17 14:00:00+00:00,1,9.1813,9.696126
AT,AKC,urban,2023-08-17 15:00:00+00:00,1,8.31475,9.437023
AT,AKC,urban,2023-08-17 16:00:00+00:00,1,8.4771,8.850986
AT,AKC,urban,2023-08-17 17:00:00+00:00,1,9.2051,9.106113
AT,AKC,urban,2023-08-17 18:00:00+00:00,1,10.6825,9.26132
AT,AKC,urban,2023-08-17 19:00:00+00:00,1,11.4095,11.1594515
AT,AKC,urban,2023-08-17 20:00:00+00:00,1,12.3825,11.113877
AT,AKC,urban,2023-08-17 21:00:00+00:00,1,12.634,12.328498
AT,AKC,urban,2023-08-17 22:00:00+00:00,1,12.48,12.726453
AT,AKC,urban,2023-08-17 23:00:00+00:00,1,12.09,12.489385
AT,AKC,urban,2023-08-18 00:00:00+00:00,1,11.7675,11.902867
AT,AKC,urban,2023-08-18 01:00:00+00:00,1,11.8455,11.952854
AT,AKC,urban,2023-08-18 02:00:00+00:00,1,12.11,12.31477
AT,AKC,urban,2023-08-18 03:00:00+00:00,1,12.066,12.528055
AT,AKC,urban,2023-08-18 04:00:00+00:00,1,12.302,12.845522
AT,AKC,urban,2023-08-18 05:00:00+00:00,1,11.029,12.667382
AT,AKC,urban,2023-08-18 06:00:00+00:00,1,10.6505,11.298262
AT,AKC,urban,2023-08-18 07:00:00+00:00,1,10.4305,10.803084
AT,AKC,urban,2023-08-18 08:00:00+00:00,1,9.350349,9.954955
AT,AKC,urban,2023-08-18 09:00:00+00:00,1,9.936649,9.169203
AT,AKC,urban,2023-08-18 10:00:00+00:00,1,10.396,9.70839
AT,AKC,urban,2023-08-18 11:00:00+00:00,1,10.4099,10.307561
AT,AKC,urban,2023-08-18 12:00:00+00:00,1,10.0665,10.195909
AT,AKC,urban,2023-08-18 13:00:00+00:00,1,10.499,9.658237
AT,AKC,urban,2023-08-18 14:00:00+00:00,1,10.19295,10.159248
AT,AKC,urban,2023-08-18 15:00:00+00:00,1,9.3336,10.427884
AT,AKC,urban,2023-08-18 16:00:00+00:00,1,9.202749,9.69214
AT,AKC,urban,2023-08-18 17:00:00+00:00,1,9.049699,9.800635
AT,AKC,urban,2023-08-18 18:00:00+00:00,1,8.797649,9.969089
AT,AKC,urban,2023-08-18 19:00:00+00:00,1,8.798049,9.4491205
AT,AKC,urban,2023-08-18 20:00:00+00:00,1,10.7621,8.90237
AT,AKC,urban,2023-08-18 21:00:00+00:00,1,12.523,10.897479
AT,AKC,urban,2023-08-18 22:00:00+00:00,1,12.4785,13.2392235
AT,AKC,urban,2023-08-18 23:00:00+00:00,1,13.375,12.762044
AT,AKC,urban,2023-08-19 00:00:00+00:00,1,14.755,13.0752535
AT,AKC,urban,2023-08-19 01:00:00+00:00,1,14.3875,14.621686
AT,AKC,urban,2023-08-19 02:00:00+00:00,1,15.3755,14.5353775
AT,AKC,urban,2023-08-19 03:00:00+00:00,1,15.0715,15.3542185
AT,AKC,urban,2023-08-19 04:00:00+00:00,1,15.4455,15.031201
AT,AKC,urban,2023-08-19 05:00:00+00:00,1,14.1545,15.173205
AT,AKC,urban,2023-08-19 06:00:00+00:00,1,12.0475,14.143099
AT,AKC,urban,2023-08-19 07:00:00+00:00,1,9.731849,11.946296
AT,AKC,urban,2023-08-19 08:00:00+00:00,1,9.64755,9.103732
AT,AKC,urban,2023-08-19 09:00:00+00:00,1,10.2745,9.138643
AT,AKC,urban,2023-08-19 10:00:00+00:00,1,10.204,10.1737175
AT,AKC,urban,2023-08-19 11:00:00+00:00,1,8.919549,9.930485
AT,AKC,urban,2023-08-19 12:00:00+00:00,1,8.626649,9.283226
AT,AKC,urban,2023-08-19 13:00:00+00:00,1,9.060949,8.950151
AT,AKC,urban,2023-08-19 14:00:00+00:00,1,9.75345,9.161355
AT,AKC,urban,2023-08-19 15:00:00+00:00,1,10.0025,9.91198
AT,AKC,urban,2023-08-19 16:00:00+00:00,1,11.2955,10.433516
AT,AKC,urban,2023-08-19 17:00:00+00:00,1,11.0105,11.609603
AT,AKC,urban,2023-08-19 18:00:00+00:00,1,10.918,11.726347
AT,AKC,urban,2023-08-19 19:00:00+00:00,1,11.181,10.834931
AT,AKC,urban,2023-08-19 20:00:00+00:00,1,11.7705,11.240744
AT,AKC,urban,2023-08-19 21:00:00+00:00,1,11.96,11.712312
AT,AKC,urban,2023-08-19 22:00:00+00:00,1,12.134,12.002299
AT,AKC,urban,2023-08-19 23:00:00+00:00,1,13.296,12.386033
AT,AKC,urban,2023-08-20 00:00:00+00:00,1,13.3065,13.39973
AT,AKC,urban,2023-08-20 01:00:00+00:00,1,12.8725,13.240642
AT,AKC,urban,2023-08-20 02:00:00+00:00,1,13.1335,12.859014
AT,AKC,urban,2023-08-20 03:00:00+00:00,1,14.7115,13.578427
AT,AKC,urban,2023-08-20 04:00:00+00:00,1,14.8455,14.642095
AT,AKC,urban,2023-08-20 05:00:00+00:00,1,13.1025,14.738285
AT,AKC,urban,2023-08-20 06:00:00+00:00,1,11.328,13.22521
AT,AKC,urban,2023-08-20 07:00:00+00:00,1,11.073,10.864617
AT,AKC,urban,2023-08-20 08:00:00+00:00,1,11.2585,10.785632
AT,AKC,urban,2023-08-20 09:00:00+00:00,1,9.461899,10.544465
AT,AKC,urban,2023-08-20 10:00:00+00:00,1,7.2444,9.687925
AT,AKC,urban,2023-08-20 11:00:00+00:00,1,6.364649,7.5865297
AT,AKC,urban,2023-08-20 12:00:00+00:00,1,6.6609,6.7689147
AT,AKC,urban,2023-08-20 13:00:00+00:00,1,6.095299,6.854096
AT,AKC,urban,2023-08-20 14:00:00+00:00,1,7.06005,6.7258186
AT,AKC,urban,2023-08-20 15:00:00+00:00,1,7.7755,7.0793266
AT,AKC,urban,2023-08-20 16:00:00+00:00,1,8.071849,8.01425
AT,AKC,urban,2023-08-20 17:00:00+00:00,1,8.766149,8.227228
AT,AKC,urban,2023-08-20 18:00:00+00:00,1,8.9102,9.183382
AT,AKC,urban,2023-08-20 19:00:00+00:00,1,8.57175,9.267176
AT,AKC,urban,2023-08-20 20:00:00+00:00,1,8.276249,8.846824
AT,AKC,urban,2023-08-20 21:00:00+00:00,1,8.866199,8.639677
AT,AKC,urban,2023-08-20 22:00:00+00:00,1,9.214,9.043845
AT,AKC,urban,2023-08-20 23:00:00+00:00,1,9.38895,9.274897
AT,AKC,urban,2023-08-21 00:00:00+00:00,1,9.6721,9.383716
AT,AKC,urban,2023-08-21 01:00:00+00:00,1,9.453149,9.830538
AT,AKC,urban,2023-08-21 02:00:00+00:00,1,10.5615,9.913361
AT,AKC,urban,2023-08-21 03:00:00+00:00,1,14.7435,10.813399
AT,AKC,urban,2023-08-21 04:00:00+00:00,1,13.051,15.224333
AT,AKC,urban,2023-08-21 05:00:00+00:00,1,14.579,13.992828
AT,AKC,urban,2023-08-21 06:00:00+00:00,1,14.342,13.788776
AT,AKC,urban,2023-08-21 07:00:00+00:00,1,13.0105,13.500718
AT,AKC,urban,2023-08-21 08:00:00+00:00,1,9.257249,12.3466625
AT,AKC,urban,2023-08-21 09:00:00+00:00,1,7.9312,8.561775
AT,AKC,urban,2023-08-21 10:00:00+00:00,1,7.85095,7.4664836
AT,AKC,urban,2023-08-21 11:00:00+00:00,1,6.680399,7.909987
AT,AKC,urban,2023-08-21 12:00:00+00:00,1,7.6317,6.940937
AT,AKC,urban,2023-08-21 13:00:00+00:00,1,6.38465,7.518767
AT,AKC,urban,2023-08-21 14:00:00+00:00,1,5.3267,7.0735683
AT,AKC,urban,2023-08-21 15:00:00+00:00,1,6.312299,6.0716352
AT,AKC,urban,2023-08-21 16:00:00+00:00,1,6.0816,6.7748485
AT,AKC,urban,2023-08-21 17:00:00+00:00,1,6.201049,6.5879765
AT,AKC,urban,2023-08-21 18:00:00+00:00,1,7.887099,7.220996
AT,AKC,urban,2023-08-21 19:00:00+00:00,1,7.830549,8.762202
AT,AKC,urban,2023-08-21 20:00:00+00:00,1,7.16715,8.509344
AT,AKC,urban,2023-08-21 21:00:00+00:00,1,7.321249,7.5232553
AT,AKC,urban,2023-08-21 22:00:00+00:00,1,7.949999,7.3106694
AT,AKC,urban,2023-08-21 23:00:00+00:00,1,9.3309,7.947616
AT,AKC,urban,2023-08-22 00:00:00+00:00,1,8.847149,9.682616
AT,AKC,urban,2023-08-22 01:00:00+00:00,1,8.9881,9.200246
AT,AKC,urban,2023-08-22 02:00:00+00:00,1,9.998399,8.849903
AT,AKC,urban,2023-08-22 03:00:00+00:00,1,11.4145,9.869649
AT,AKC,urban,2023-08-22 04:00:00+00:00,1,15.954,12.283804
AT,AKC,urban,2023-08-22 05:00:00+00:00,1,13.525,14.962404
AT,AKC,urban,2023-08-22 06:00:00+00:00,1,10.1165,12.726767
AT,AKC,urban,2023-08-22 07:00:00+00:00,1,10.2565,9.340916
AT,AKC,urban,2023-08-22 08:00:00+00:00,1,10.813,9.213497
AT,AKC,urban,2023-08-22 09:00:00+00:00,1,10.702,10.173488
AT,AKC,urban,2023-08-22 10:00:00+00:00,1,9.7784,10.209616
AT,AKC,urban,2023-08-22 11:00:00+00:00,1,8.30055,9.968778
AT,AKC,urban,2023-08-22 12:00:00+00:00,1,7.699649,8.450653
AT,AKC,urban,2023-08-22 13:00:00+00:00,1,8.01185,7.8497305
AT,AKC,urban,2023-08-22 14:00:00+00:00,1,7.82135,8.2400255
AT,AKC,urban,2023-08-22 15:00:00+00:00,1,8.461099,8.151475
AT,AKC,urban,2023-08-22 16:00:00+00:00,1,6.68245,8.7267885
AT,AKC,urban,2023-08-22 17:00:00+00:00,1,7.127749,7.6332407
AT,AKC,urban,2023-08-22 18:00:00+00:00,1,8.807,7.73626
AT,AKC,urban,2023-08-22 19:00:00+00:00,1,8.29555,9.188632
AT,AKC,urban,2023-08-22 20:00:00+00:00,1,8.0867,8.517891
AT,AKC,urban,2023-08-22 21:00:00+00:00,1,8.542099,8.154622
AT,AKC,urban,2023-08-22 22:00:00+00:00,1,8.732599,8.307512
AT,AKC,urban,2023-08-22 23:00:00+00:00,1,8.58145,8.549666
AT,AKC,urban,2023-08-23 00:00:00+00:00,1,8.808199,8.63749
AT,AKC,urban,2023-08-23 01:00:00+00:00,1,9.36905,8.696804
AT,AKC,urban,2023-08-23 02:00:00+00:00,1,10.19425,9.395216
AT,AKC,urban,2023-08-23 03:00:00+00:00,1,10.5445,10.109328
AT,AKC,urban,2023-08-23 04:00:00+00:00,1,9.99775,10.6473675
AT,AKC,urban,2023-08-23 05:00:00+00:00,1,10.3259,9.840714
AT,AKC,urban,2023-08-23 06:00:00+00:00,1,10.12105,10.10087
AT,AKC,urban,2023-08-23 07:00:00+00:00,1,10.413,9.432539
AT,AKC,urban,2023-08-23 08:00:00+00:00,1,8.475149,10.044837
AT,AKC,urban,2023-08-23 09:00:00+00:00,1,8.34305,8.357369
AT,AKC,urban,2023-08-23 10:00:00+00:00,1,8.825349,7.8658333
AT,AKC,urban,2023-08-23 11:00:00+00:00,1,9.060549,8.341011
AT,AKC,urban,2023-08-23 12:00:00+00:00,1,9.98455,8.403505
AT,AKC,urban,2023-08-23 13:00:00+00:00,1,8.648849,9.445526
AT,AKC,urban,2023-08-23 14:00:00+00:00,1,7.696549,8.375019
AT,AKC,urban,2023-08-23 15:00:00+00:00,1,6.890999,7.6368856
AT,AKC,urban,2023-08-23 16:00:00+00:00,1,5.7224,7.1354055
AT,AKC,urban,2023-08-23 17:00:00+00:00,1,6.10925,6.3301697
AT,AKC,urban,2023-08-23 18:00:00+00:00,1,5.94845,6.493587
AT,AKC,urban,2023-08-23 19:00:00+00:00,1,7.2486,6.340257
AT,AKC,urban,2023-08-23 20:00:00+00:00,1,8.108749,7.6659408
AT,AKC,urban,2023-08-23 21:00:00+00:00,1,8.299799,8.411711
AT,AKC,urban,2023-08-23 22:00:00+00:00,1,8.629749,8.296996
AT,AKC,urban,2023-08-23 23:00:00+00:00,1,8.51175,8.691145
AT,AKC,urban,2023-08-24 00:00:00+00:00,1,8.57015,8.558401
AT,AKC,urban,2023-08-24 01:00:00+00:00,1,8.9305,8.585578
AT,AKC,urban,2023-08-24 02:00:00+00:00,1,10.397,9.196876
AT,AKC,urban,2023-08-24 03:00:00+00:00,1,11.214,10.537701
AT,AKC,urban,2023-08-24 04:00:00+00:00,1,11.747,11.422402
AT,AKC,urban,2023-08-24 05:00:00+00:00,1,11.4265,12.261823
AT,AKC,urban,2023-08-24 06:00:00+00:00,1,9.9699,11.774805
AT,AKC,urban,2023-08-24 07:00:00+00:00,1,10.1236,9.595272
AT,AKC,urban,2023-08-24 08:00:00+00:00,1,10.3406,9.878479
AT,AKC,urban,2023-08-24 09:00:00+00:00,1,9.294649,9.925109
AT,AKC,urban,2023-08-24 10:00:00+00:00,1,9.493299,9.111772
AT,AKC,urban,2023-08-24 11:00:00+00:00,1,9.0746,9.194441
AT,AKC,urban,2023-08-24 12:00:00+00:00,1,8.94725,8.83916
AT,AKC,urban,2023-08-24 13:00:00+00:00,1,8.697149,8.617727
AT,AKC,urban,2023-08-24 14:00:00+00:00,1,8.5729,9.001784
AT,AKC,urban,2023-08-24 15:00:00+00:00,1,9.6752,8.510532
AT,AKC,urban,2023-08-24 16:00:00+00:00,1,10.531,9.438958
AT,AKC,urban,2023-08-24 17:00:00+00:00,1,10.8995,10.834054
AT,AKC,urban,2023-08-24 18:00:00+00:00,1,9.52795,11.067634
AT,AKC,urban,2023-08-24 19:00:00+00:00,1,8.461899,10.499845
AT,AKC,urban,2023-08-24 20:00:00+00:00,1,8.475549,8.928547
AT,AKC,urban,2023-08-24 21:00:00+00:00,1,8.996649,8.566358
AT,AKC,urban,2023-08-24 22:00:00+00:00,1,9.7336,9.068236
AT,AKC,urban,2023-08-24 23:00:00+00:00,1,16.4935,9.776013
AT,AKC,urban,2023-08-25 00:00:00+00:00,1,9.692899,15.652309
AT,AKC,urban,2023-08-25 01:00:00+00:00,1,4.653999,12.351986
AT,AKC,urban,2023-08-25 02:00:00+00:00,1,2.765599,7.6629567
AT,AKC,urban,2023-08-25 03:00:00+00:00,1,2.6482,3.3991039
AT,AKC,urban,2023-08-25 04:00:00+00:00,1,3.800799,3.3929348
AT,AKC,urban,2023-08-25 05:00:00+00:00,1,5.857299,4.8961453
AT,AKC,urban,2023-08-25 06:00:00+00:00,1,7.6373,6.813177
AT,AKC,urban,2023-08-25 07:00:00+00:00,1,6.483049,7.4017153
AT,AKC,urban,2023-08-25 08:00:00+00:00,1,7.260499,6.6352677
AT,AKC,urban,2023-08-25 09:00:00+00:00,1,6.6632,7.1038337
AT,AKC,urban,2023-08-25 10:00:00+00:00,1,5.26185,7.02272
AT,AKC,urban,2023-08-25 11:00:00+00:00,1,4.813149,5.7615633
AT,AKC,urban,2023-08-25 12:00:00+00:00,1,5.371799,5.1425066
AT,AKC,urban,2023-08-25 13:00:00+00:00,1,3.381999,5.6487823
AT,AKC,urban,2023-08-25 14:00:00+00:00,1,3.0956,4.4158998
AT,AKC,urban,2023-08-25 15:00:00+00:00,1,3.10645,3.8994045
AT,AKC,urban,2023-08-25 16:00:00+00:00,1,3.556799,3.4855742
AT,AKC,urban,2023-08-25 17:00:00+00:00,1,4.569499,3.8483229
AT,AKC,urban,2023-08-25 18:00:00+00:00,1,7.89545,4.8879914
AT,AKC,urban,2023-08-25 19:00:00+00:00,1,5.02715,7.8010535
AT,AKC,urban,2023-08-25 20:00:00+00:00,1,4.901949,5.113606
AT,AKC,urban,2023-08-25 21:00:00+00:00,1,4.7876,5.081462
AT,AKC,urban,2023-08-25 22:00:00+00:00,1,5.1426,4.8704123
AT,AKC,urban,2023-08-25 23:00:00+00:00,1,5.255899,5.1255226
AT,AKC,urban,2023-08-26 00:00:00+00:00,1,5.2206,5.38157
AT,AKC,urban,2023-08-26 01:00:00+00:00,1,5.5621,5.406149
AT,AKC,urban,2023-08-26 02:00:00+00:00,1,6.0627,5.6681767
AT,AKC,urban,2023-08-26 03:00:00+00:00,1,5.7002,6.1528773
AT,AKC,urban,2023-08-26 04:00:00+00:00,1,6.10035,5.977731
AT,AKC,urban,2023-08-26 05:00:00+00:00,1,5.997699,6.5465927
AT,AKC,urban,2023-08-26 06:00:00+00:00,1,5.758049,6.5003223
AT,AKC,urban,2023-08-26 07:00:00+00:00,1,6.3399,5.6693945
AT,AKC,urban,2023-08-26 08:00:00+00:00,1,5.342899,6.328923
AT,AKC,urban,2023-08-26 09:00:00+00:00,1,3.986999,5.309035
AT,AKC,urban,2023-08-26 10:00:00+00:00,1,4.44575,3.8499918
AT,AKC,urban,2023-08-26 11:00:00+00:00,1,4.402349,4.5410557
AT,AKC,urban,2023-08-26 12:00:00+00:00,1,3.58255,4.476794
AT,AKC,urban,2023-08-26 13:00:00+00:00,1,3.6054,3.8385882
AT,AKC,urban,2023-08-26 14:00:00+00:00,1,3.49545,3.848864
AT,AKC,urban,2023-08-26 15:00:00+00:00,1,3.1476,3.897682
AT,AKC,urban,2023-08-26 16:00:00+00:00,1,4.051799,3.5860164
AT,AKC,urban,2023-08-26 17:00:00+00:00,1,5.123799,4.128613
AT,AKC,urban,2023-08-26 18:00:00+00:00,1,5.658699,5.451911
AT,AKC,urban,2023-08-26 19:00:00+00:00,1,5.21615,6.27736
AT,AKC,urban,2023-08-26 20:00:00+00:00,1,2.324199,5.161622
AT,AKC,urban,2023-08-26 21:00:00+00:00,1,2.814249,3.10715
AT,AKC,urban,2023-08-26 22:00:00+00:00,1,3.551299,3.8107326
AT,AKC,urban,2023-08-26 23:00:00+00:00,1,3.23965,3.907615
AT,AKC,urban,2023-08-27 00:00:00+00:00,1,4.078299,3.2185855
AT,AKC,urban,2023-08-27 01:00:00+00:00,1,4.275449,3.671787
AT,AKC,urban,2023-08-27 02:00:00+00:00,1,4.82495,4.260749
AT,AKC,urban,2023-08-27 03:00:00+00:00,1,4.579599,4.940927
AT,AKC,urban,2023-08-27 04:00:00+00:00,1,5.13595,4.7191157
AT,AKC,urban,2023-08-27 05:00:00+00:00,1,4.7623,5.0753765
AT,AKC,urban,2023-08-27 06:00:00+00:00,1,4.51795,4.7701306
AT,AKC,urban,2023-08-27 07:00:00+00:00,1,3.65245,4.7555017
AT,AKC,urban,2023-08-27 08:00:00+00:00,1,3.6303,3.9632778
AT,AKC,urban,2023-08-27 09:00:00+00:00,1,4.038549,3.9517872
AT,AKC,urban,2023-08-27 10:00:00+00:00,1,4.910949,3.96895
AT,AKC,urban,2023-08-27 11:00:00+00:00,1,4.92765,4.5997596
AT,AKC,urban,2023-08-27 12:00:00+00:00,1,6.165249,4.570435
AT,AKC,urban,2023-08-27 13:00:00+00:00,1,6.638249,5.8137155
AT,AKC,urban,2023-08-27 14:00:00+00:00,1,6.4995,6.2728186
AT,AKC,urban,2023-08-27 15:00:00+00:00,1,5.5692,6.4203033
AT,AKC,urban,2023-08-27 16:00:00+00:00,1,3.912099,5.699716
AT,AKC,urban,2023-08-27 17:00:00+00:00,1,3.150449,4.155036
AT,AKC,urban,2023-08-27 18:00:00+00:00,1,3.191249,3.32964
AT,AKC,urban,2023-08-27 19:00:00+00:00,1,2.48885,3.2618804
AT,AKC,urban,2023-08-27 20:00:00+00:00,1,2.49615,2.7160392
AT,AKC,urban,2023-08-27 21:00:00+00:00,1,2.781799,2.721897
AT,AKC,urban,2023-08-27 22:00:00+00:00,1,3.087899,2.7571678
AT,AKC,urban,2023-08-27 23:00:00+00:00,1,3.178949,2.9818063
AT,AKC,urban,2023-08-28 00:00:00+00:00,1,3.132349,3.2432256
AT,AKC,urban,2023-08-28 01:00:00+00:00,1,2.825299,3.2938528
AT,AKC,urban,2023-08-28 02:00:00+00:00,1,2.6933,3.1168323
AT,AKC,urban,2023-08-28 03:00:00+00:00,1,2.609149,3.0028806
AT,AKC,urban,2023-08-28 04:00:00+00:00,1,3.959399,2.9884822
AT,AKC,urban,2023-08-28 05:00:00+00:00,1,4.6778,4.385664
AT,AKC,urban,2023-08-28 06:00:00+00:00,1,4.573699,4.9147224
AT,AKC,urban,2023-08-28 07:00:00+00:00,1,4.5734,4.316624
AT,AKC,urban,2023-08-28 08:00:00+00:00,1,4.87895,4.271728
AT,AKC,urban,2023-08-28 09:00:00+00:00,1,5.4005,4.745637
AT,AKC,urban,2023-08-28 10:00:00+00:00,1,4.542449,5.036851
AT,AKC,urban,2023-08-28 11:00:00+00:00,1,4.380499,4.915731
AT,AKC,urban,2023-08-28 12:00:00+00:00,1,4.94375,4.614508
AT,AKC,urban,2023-08-28 13:00:00+00:00,1,5.140899,4.8041854
AT,AKC,urban,2023-08-28 14:00:00+00:00,1,6.811849,4.9491587
AT,AKC,urban,2023-08-28 15:00:00+00:00,1,8.184,6.192925
AT,AKC,urban,2023-08-28 16:00:00+00:00,1,9.05395,7.771103
AT,AKC,urban,2023-08-28 17:00:00+00:00,1,9.75625,8.713179
AT,AKC,urban,2023-08-28 18:00:00+00:00,1,9.36905,9.412122
AT,AKC,urban,2023-08-28 19:00:00+00:00,1,3.628849,9.815007
AT,AKC,urban,2023-08-28 20:00:00+00:00,1,3.0562,4.075388
AT,AKC,urban,2023-08-28 21:00:00+00:00,1,2.039499,3.6022522
AT,AKC,urban,2023-08-28 22:00:00+00:00,1,2.732699,2.466638
AT,AKC,urban,2023-08-28 23:00:00+00:00,1,4.174449,2.6220744
AT,AKC,urban,2023-08-29 00:00:00+00:00,1,4.7026,3.7117016
AT,AKC,urban,2023-08-29 01:00:00+00:00,1,4.051599,4.6423087
AT,AKC,urban,2023-08-29 02:00:00+00:00,1,3.905499,4.2918096
AT,AKC,urban,2023-08-29 03:00:00+00:00,1,3.974349,4.262411
AT,AKC,urban,2023-08-29 04:00:00+00:00,1,4.05115,4.245997
AT,AKC,urban,2023-08-29 05:00:00+00:00,1,4.02855,4.318538
AT,AKC,urban,2023-08-29 06:00:00+00:00,1,3.0218,4.325403
AT,AKC,urban,2023-08-29 07:00:00+00:00,1,2.60395,3.2850099
AT,AKC,urban,2023-08-29 08:00:00+00:00,1,2.212349,2.9050736
AT,AKC,urban,2023-08-29 09:00:00+00:00,1,2.30205,2.5353909
AT,AKC,urban,2023-08-29 10:00:00+00:00,1,2.8382,2.4989054
AT,AKC,urban,2023-08-29 11:00:00+00:00,1,3.42315,2.7941852
AT,AKC,urban,2023-08-29 12:00:00+00:00,1,3.9151,3.6922443
AT,AKC,urban,2023-08-29 13:00:00+00:00,1,3.82315,4.1600575
AT,AKC,urban,2023-08-29 14:00:00+00:00,1,2.729,4.1597004
AT,AKC,urban,2023-08-29 15:00:00+00:00,1,2.713,3.2015295
AT,AKC,urban,2023-08-29 16:00:00+00:00,1,2.089849,3.0392075
AT,AKC,urban,2023-08-29 17:00:00+00:00,1,1.939499,2.5332298
AT,AKC,urban,2023-08-29 18:00:00+00:00,1,1.8906,2.222974
AT,AKC,urban,2023-08-29 19:00:00+00:00,1,1.930099,1.9901556
AT,AKC,urban,2023-08-29 20:00:00+00:00,1,2.3049,1.9752198
AT,AKC,urban,2023-08-29 21:00:00+00:00,1,2.654649,2.2023385
AT,AKC,urban,2023-08-29 22:00:00+00:00,1,2.740799,2.3424666
AT,AKC,urban,2023-08-29 23:00:00+00:00,1,2.91555,2.6373065
AT,AKC,urban,2023-08-30 00:00:00+00:00,1,2.964349,2.8138165
AT,AKC,urban,2023-08-30 01:00:00+00:00,1,3.310349,3.0210166
AT,AKC,urban,2023-08-30 02:00:00+00:00,1,3.0668,3.2222605
AT,AKC,urban,2023-08-30 03:00:00+00:00,1,3.63115,3.2103357
AT,AKC,urban,2023-08-30 04:00:00+00:00,1,4.705399,3.533268
AT,AKC,urban,2023-08-30 05:00:00+00:00,1,4.948349,4.6476946
AT,AKC,urban,2023-08-30 06:00:00+00:00,1,4.1173,4.987515
AT,AKC,urban,2023-08-30 07:00:00+00:00,1,3.994699,4.6345334
AT,AKC,urban,2023-08-30 08:00:00+00:00,1,3.73235,4.6452184
AT,AKC,urban,2023-08-30 09:00:00+00:00,1,2.535449,4.12095
AT,AKC,urban,2023-08-30 10:00:00+00:00,1,2.928849,3.1182935
AT,AKC,urban,2023-08-30 11:00:00+00:00,1,3.698949,3.3486643
AT,AKC,urban,2023-08-30 12:00:00+00:00,1,2.881249,3.8323226
AT,AKC,urban,2023-08-30 13:00:00+00:00,1,2.5707,3.1991694
AT,AKC,urban,2023-08-30 14:00:00+00:00,1,2.930999,3.0150297
AT,AKC,urban,2023-08-30 15:00:00+00:00,1,3.1124,2.9554508
AT,AKC,urban,2023-08-30 16:00:00+00:00,1,2.8256,3.1170187
AT,AKC,urban,2023-08-30 17:00:00+00:00,1,3.1356,3.1277869
AT,AKC,urban,2023-08-30 18:00:00+00:00,1,3.55525,3.3195791
AT,AKC,urban,2023-08-30 19:00:00+00:00,1,3.6988,3.5869756
AT,AKC,urban,2023-08-30 20:00:00+00:00,1,3.598599,3.6820135
AT,AKC,urban,2023-08-30 21:00:00+00:00,1,3.730549,3.6804488
AT,AKC,urban,2023-08-30 22:00:00+00:00,1,3.9293,3.8504043
AT,AKC,urban,2023-08-30 23:00:00+00:00,1,3.8741,3.9430425
AT,AKC,urban,2023-08-31 00:00:00+00:00,1,4.3337,4.0093737
AT,AKC,urban,2023-08-31 01:00:00+00:00,1,4.780949,4.327377
AT,AKC,urban,2023-08-31 02:00:00+00:00,1,4.470299,4.6851296
AT,AKC,urban,2023-08-31 03:00:00+00:00,1,4.0487,4.7849874
AT,AKC,urban,2023-08-31 04:00:00+00:00,1,4.408749,4.766873
AT,AKC,urban,2023-08-31 05:00:00+00:00,1,4.4321,4.915973
AT,AKC,urban,2023-08-31 06:00:00+00:00,1,4.979249,4.657518
AT,AKC,urban,2023-08-31 07:00:00+00:00,1,5.64365,4.7418823
AT,AKC,urban,2023-08-31 08:00:00+00:00,1,4.3879,5.4928565
AT,AKC,urban,2023-08-31 09:00:00+00:00,1,4.094099,4.973712
AT,AKC,urban,2023-08-31 10:00:00+00:00,1,5.1828,4.5042977
AT,AKC,urban,2023-08-31 11:00:00+00:00,1,4.43595,5.0202007
AT,AKC,urban,2023-08-31 12:00:00+00:00,1,4.652999,4.570162
AT,AKC,urban,2023-08-31 13:00:00+00:00,1,3.7406,4.747607
AT,AKC,urban,2023-08-31 14:00:00+00:00,1,3.67125,4.1280155
AT,AKC,urban,2023-08-31 15:00:00+00:00,1,3.483,3.96084
AT,AKC,urban,2023-08-31 16:00:00+00:00,1,3.860399,3.4863646
AT,AKC,urban,2023-08-31 17:00:00+00:00,1,4.161649,3.9302945
AT,AKC,urban,2023-08-31 18:00:00+00:00,1,4.79465,4.3406634
AT,AKC,urban,2023-08-31 19:00:00+00:00,1,5.09035,4.816847
AT,AKC,urban,2023-08-31 20:00:00+00:00,1,5.687,5.2370343
AT,AKC,urban,2023-08-31 21:00:00+00:00,1,3.8828,5.991233
AT,AKC,urban,2023-08-31 22:00:00+00:00,1,3.720699,3.746174
AT,AKC,urban,2023-08-31 23:00:00+00:00,1,3.8024,3.6497993
AT,AKC,urban,2023-09-01 00:00:00+00:00,1,3.926849,3.8924758
AT,AKC,urban,2023-09-01 01:00:00+00:00,1,3.898149,4.02645
AT,AKC,urban,2023-09-01 02:00:00+00:00,1,4.334699,4.0670342
AT,AKC,urban,2023-09-01 03:00:00+00:00,1,5.4146,4.541536
AT,AKC,urban,2023-09-01 04:00:00+00:00,1,6.775449,6.0083065
AT,AKC,urban,2023-09-01 05:00:00+00:00,1,6.6096,8.361268
AT,AKC,urban,2023-09-01 06:00:00+00:00,1,5.44775,6.72533
AT,AKC,urban,2023-09-01 07:00:00+00:00,1,6.1366,5.584093
AT,AKC,urban,2023-09-01 08:00:00+00:00,1,5.1976,5.797431
AT,AKC,urban,2023-09-01 09:00:00+00:00,1,4.3592,5.1226425
AT,AKC,urban,2023-09-01 10:00:00+00:00,1,3.82625,5.1110015
AT,AKC,urban,2023-09-01 11:00:00+00:00,1,3.38205,4.604481
AT,AKC,urban,2023-09-01 12:00:00+00:00,1,2.67065,3.836737
AT,AKC,urban,2023-09-01 13:00:00+00:00,1,2.134999,3.1944175
AT,AKC,urban,2023-09-01 14:00:00+00:00,1,1.93945,2.7968507
AT,AKC,urban,2023-09-01 15:00:00+00:00,1,2.676849,2.2335227
AT,AKC,urban,2023-09-01 16:00:00+00:00,1,3.54185,2.6503391
AT,AKC,urban,2023-09-01 17:00:00+00:00,1,4.91355,3.711395
AT,AKC,urban,2023-09-01 18:00:00+00:00,1,5.297149,5.2435284
AT,AKC,urban,2023-09-01 19:00:00+00:00,1,5.01245,5.6272116
AT,AKC,urban,2023-09-01 20:00:00+00:00,1,5.80455,5.37309
AT,AKC,urban,2023-09-01 21:00:00+00:00,1,5.389649,5.8637776
AT,AKC,urban,2023-09-01 22:00:00+00:00,1,4.89645,5.30856
AT,AKC,urban,2023-09-01 23:00:00+00:00,1,4.83045,5.1301465
AT,AKC,urban,2023-09-02 00:00:00+00:00,1,5.0696,5.1027393
AT,AKC,urban,2023-09-02 01:00:00+00:00,1,4.4769,5.230267
AT,AKC,urban,2023-09-02 02:00:00+00:00,1,5.6082,4.71719
AT,AKC,urban,2023-09-02 03:00:00+00:00,1,5.624949,5.7675753
AT,AKC,urban,2023-09-02 04:00:00+00:00,1,5.885999,6.2229104
AT,AKC,urban,2023-09-02 05:00:00+00:00,1,6.066499,6.3066783
AT,AKC,urban,2023-09-02 06:00:00+00:00,1,4.520599,6.4350066
AT,AKC,urban,2023-09-02 07:00:00+00:00,1,3.616,4.999853
AT,AKC,urban,2023-09-02 08:00:00+00:00,1,2.895949,3.9029934
AT,AKC,urban,2023-09-02 09:00:00+00:00,1,2.6605,3.1105492
AT,AKC,urban,2023-09-02 10:00:00+00:00,1,2.820199,2.9306204
AT,AKC,urban,2023-09-02 11:00:00+00:00,1,3.03765,2.9664545
AT,AKC,urban,2023-09-02 12:00:00+00:00,1,3.094049,3.1240332
AT,AKC,urban,2023-09-02 13:00:00+00:00,1,3.100899,3.2418349
AT,AKC,urban,2023-09-02 14:00:00+00:00,1,3.3115,3.3586626
AT,AKC,urban,2023-09-02 15:00:00+00:00,1,3.407449,3.5912178
AT,AKC,urban,2023-09-02 16:00:00+00:00,1,4.420749,3.6439996
AT,AKC,urban,2023-09-02 17:00:00+00:00,1,3.875649,4.890762
AT,AKC,urban,2023-09-02 18:00:00+00:00,1,5.127449,4.23514
AT,AKC,urban,2023-09-02 19:00:00+00:00,1,5.8898,5.237638
AT,AKC,urban,2023-09-02 20:00:00+00:00,1,5.70795,6.40671
AT,AKC,urban,2023-09-02 21:00:00+00:00,1,5.857999,6.1230845
AT,AKC,urban,2023-09-02 22:00:00+00:00,1,6.742149,6.2813735
AT,AKC,urban,2023-09-02 23:00:00+00:00,1,5.123499,6.8429394
AT,AKC,urban,2023-09-03 00:00:00+00:00,1,4.1758,5.35126
AT,AKC,urban,2023-09-03 01:00:00+00:00,1,4.08115,4.149804
AT,AKC,urban,2023-09-03 02:00:00+00:00,1,4.150899,4.2589993
AT,AKC,urban,2023-09-03 03:00:00+00:00,1,4.267849,4.287049
AT,AKC,urban,2023-09-03 04:00:00+00:00,1,4.2087,4.439323
AT,AKC,urban,2023-09-03 05:00:00+00:00,1,3.7715,4.4232926
AT,AKC,urban,2023-09-03 06:00:00+00:00,1,3.624399,3.7205822
AT,AKC,urban,2023-09-03 07:00:00+00:00,1,3.51795,3.3779976
AT,AKC,urban,2023-09-03 08:00:00+00:00,1,4.032549,3.3510664
AT,AKC,urban,2023-09-03 09:00:00+00:00,1,3.289999,3.882568
AT,AKC,urban,2023-09-03 10:00:00+00:00,1,3.590749,3.7243593
AT,AKC,urban,2023-09-03 11:00:00+00:00,1,3.23515,3.4882915
AT,AKC,urban,2023-09-03 12:00:00+00:00,1,2.915549,3.2181633
AT,AKC,urban,2023-09-03 13:00:00+00:00,1,3.197999,3.0848844
AT,AKC,urban,2023-09-03 14:00:00+00:00,1,3.666699,3.1654794
AT,AKC,urban,2023-09-03 15:00:00+00:00,1,3.88175,3.5959914
AT,AKC,urban,2023-09-03 16:00:00+00:00,1,4.30605,3.9250324
AT,AKC,urban,2023-09-03 17:00:00+00:00,1,4.6103,4.276626
AT,AKC,urban,2023-09-03 18:00:00+00:00,1,4.55895,4.6699347
AT,AKC,urban,2023-09-03 19:00:00+00:00,1,5.11415,4.690112
AT,AKC,urban,2023-09-03 20:00:00+00:00,1,5.563899,5.103232
AT,AKC,urban,2023-09-03 21:00:00+00:00,1,6.2802,5.482381
AT,AKC,urban,2023-09-03 22:00:00+00:00,1,6.675799,6.046975
AT,AKC,urban,2023-09-03 23:00:00+00:00,1,7.035349,6.4794865
AT,AKC,urban,2023-09-04 00:00:00+00:00,1,7.065649,6.8603926
AT,AKC,urban,2023-09-04 01:00:00+00:00,1,7.082449,7.0678997
AT,AKC,urban,2023-09-04 02:00:00+00:00,1,7.27165,7.2003617
AT,AKC,urban,2023-09-04 03:00:00+00:00,1,7.0837,7.304477
AT,AKC,urban,2023-09-04 04:00:00+00:00,1,6.74905,7.1530933
AT,AKC,urban,2023-09-04 05:00:00+00:00,1,6.259399,7.1767693
AT,AKC,urban,2023-09-04 06:00:00+00:00,1,5.1574,6.5005984
AT,AKC,urban,2023-09-04 07:00:00+00:00,1,4.76875,4.967535
AT,AKC,urban,2023-09-04 08:00:00+00:00,1,4.93,4.7235136
AT,AKC,urban,2023-09-04 09:00:00+00:00,1,4.473549,4.915061
AT,AKC,urban,2023-09-04 10:00:00+00:00,1,4.2114,4.6210732
AT,AKC,urban,2023-09-04 11:00:00+00:00,1,4.1047,4.3857775
AT,AKC,urban,2023-09-04 12:00:00+00:00,1,4.020349,4.226429
AT,AKC,urban,2023-09-04 13:00:00+00:00,1,3.9622,4.0354457
AT,AKC,urban,2023-09-04 14:00:00+00:00,1,4.134249,4.0684566
AT,AKC,urban,2023-09-04 15:00:00+00:00,1,4.300499,4.231733
AT,AKC,urban,2023-09-04 16:00:00+00:00,1,4.756449,4.3624616
AT,AKC,urban,2023-09-04 17:00:00+00:00,1,4.70225,4.9214973
AT,AKC,urban,2023-09-04 18:00:00+00:00,1,5.360199,4.958277
AT,AKC,urban,2023-09-04 19:00:00+00:00,1,5.7908,5.3863397
AT,AKC,urban,2023-09-04 20:00:00+00:00,1,5.968899,5.780569
AT,AKC,urban,2023-09-04 21:00:00+00:00,1,5.721899,6.227067
AT,AKC,urban,2023-09-04 22:00:00+00:00,1,5.892399,5.9581532
AT,AKC,urban,2023-09-04 23:00:00+00:00,1,6.193799,6.074508
AT,AKC,urban,2023-09-05 00:00:00+00:00,1,6.1637,6.3554926
AT,AKC,urban,2023-09-05 01:00:00+00:00,1,6.125699,6.258692
AT,AKC,urban,2023-09-05 02:00:00+00:00,1,6.544249,6.326189
AT,AKC,urban,2023-09-05 03:00:00+00:00,1,7.43955,6.6296325
AT,AKC,urban,2023-09-05 04:00:00+00:00,1,10.2936,7.921014
AT,AKC,urban,2023-09-05 05:00:00+00:00,1,8.690549,11.22673
AT,AKC,urban,2023-09-05 06:00:00+00:00,1,7.9656,8.352185
AT,AKC,urban,2023-09-05 07:00:00+00:00,1,7.814499,7.2115726
AT,AKC,urban,2023-09-05 08:00:00+00:00,1,6.33275,7.6034317
AT,AKC,urban,2023-09-05 09:00:00+00:00,1,5.409549,6.232154
AT,AKC,urban,2023-09-05 10:00:00+00:00,1,5.633699,5.2659574
AT,AKC,urban,2023-09-05 11:00:00+00:00,1,5.557199,5.7568
AT,AKC,urban,2023-09-05 12:00:00+00:00,1,5.2827,5.6343107
AT,AKC,urban,2023-09-05 13:00:00+00:00,1,5.605799,5.205684
AT,AKC,urban,2023-09-05 14:00:00+00:00,1,5.770899,5.4974504
AT,AKC,urban,2023-09-05 15:00:00+00:00,1,6.12055,5.981427
AT,AKC,urban,2023-09-05 16:00:00+00:00,1,7.30045,6.3083143
AT,AKC,urban,2023-09-05 17:00:00+00:00,1,8.4801,7.5831294
AT,AKC,urban,2023-09-05 18:00:00+00:00,1,9.1303,9.217148
AT,AKC,urban,2023-09-05 19:00:00+00:00,1,9.322299,9.093081
AT,AKC,urban,2023-09-05 20:00:00+00:00,1,9.061349,9.231999
AT,AKC,urban,2023-09-05 21:00:00+00:00,1,8.7077,8.9888525
AT,AKC,urban,2023-09-05 22:00:00+00:00,1,8.73365,8.528587
AT,AKC,urban,2023-09-05 23:00:00+00:00,1,9.123649,8.801757
AT,AKC,urban,2023-09-06 00:00:00+00:00,1,9.13265,9.166744
AT,AKC,urban,2023-09-06 01:00:00+00:00,1,11.1575,9.208061
AT,AKC,urban,2023-09-06 02:00:00+00:00,1,11.339,11.089967
AT,AKC,urban,2023-09-06 03:00:00+00:00,1,12.224,11.629387
AT,AKC,urban,2023-09-06 04:00:00+00:00,1,14.558,12.443195
AT,AKC,urban,2023-09-06 05:00:00+00:00,1,15.996,14.779408
AT,AKC,urban,2023-09-06 06:00:00+00:00,1,12.3015,15.502892
AT,AKC,urban,2023-09-06 07:00:00+00:00,1,10.0525,11.341608
AT,AKC,urban,2023-09-06 08:00:00+00:00,1,8.03055,9.5797825
AT,AKC,urban,2023-09-06 09:00:00+00:00,1,6.777299,8.39934
AT,AKC,urban,2023-09-06 10:00:00+00:00,1,6.3837,7.2329664
AT,AKC,urban,2023-09-06 11:00:00+00:00,1,5.7704,6.464582
AT,AKC,urban,2023-09-06 12:00:00+00:00,1,5.9004,6.160751
AT,AKC,urban,2023-09-06 13:00:00+00:00,1,6.066849,6.080306
AT,AKC,urban,2023-09-06 14:00:00+00:00,1,5.8372,6.4957504
AT,AKC,urban,2023-09-06 15:00:00+00:00,1,5.41645,6.3001976
AT,AKC,urban,2023-09-06 16:00:00+00:00,1,6.517,5.7684736
AT,AKC,urban,2023-09-06 17:00:00+00:00,1,7.36705,6.9644165
AT,AKC,urban,2023-09-06 18:00:00+00:00,1,8.163849,7.9099445
AT,AKC,urban,2023-09-06 19:00:00+00:00,1,8.60445,8.6918125
AT,AKC,urban,2023-09-06 20:00:00+00:00,1,9.18485,9.025169
AT,AKC,urban,2023-09-06 21:00:00+00:00,1,10.9755,9.341286
AT,AKC,urban,2023-09-06 22:00:00+00:00,1,10.9415,11.411153
AT,AKC,urban,2023-09-06 23:00:00+00:00,1,10.2745,10.502715
AT,AKC,urban,2023-09-07 00:00:00+00:00,1,10.2785,10.472085
AT,AKC,urban,2023-09-07 01:00:00+00:00,1,10.761,10.430493
AT,AKC,urban,2023-09-07 02:00:00+00:00,1,11.622,10.96602
AT,AKC,urban,2023-09-07 03:00:00+00:00,1,11.7795,11.35237
AT,AKC,urban,2023-09-07 04:00:00+00:00,1,12.4265,12.188567
AT,AKC,urban,2023-09-07 05:00:00+00:00,1,13.25,12.887764
AT,AKC,urban,2023-09-07 06:00:00+00:00,1,11.285,13.002669
AT,AKC,urban,2023-09-07 07:00:00+00:00,1,13.154,10.762077
AT,AKC,urban,2023-09-07 08:00:00+00:00,1,9.985,11.634399
AT,AKC,urban,2023-09-07 09:00:00+00:00,1,5.98535,9.831114
AT,AKC,urban,2023-09-07 10:00:00+00:00,1,5.969299,6.6789165
AT,AKC,urban,2023-09-07 11:00:00+00:00,1,5.1861,7.077532
AT,AKC,urban,2023-09-07 12:00:00+00:00,1,5.675,5.6145315
AT,AKC,urban,2023-09-07 13:00:00+00:00,1,5.845099,5.9156275
AT,AKC,urban,2023-09-07 14:00:00+00:00,1,5.8224,6.059191
AT,AKC,urban,2023-09-07 15:00:00+00:00,1,5.8886,6.2854676
AT,AKC,urban,2023-09-07 16:00:00+00:00,1,6.456649,6.390782
AT,AKC,urban,2023-09-07 17:00:00+00:00,1,8.69995,7.1574554
AT,AKC,urban,2023-09-07 18:00:00+00:00,1,10.121,9.6585655
AT,AKC,urban,2023-09-07 19:00:00+00:00,1,10.4675,10.598093
AT,AKC,urban,2023-09-07 20:00:00+00:00,1,9.954099,11.283541
AT,AKC,urban,2023-09-07 21:00:00+00:00,1,11.6315,10.091722
AT,AKC,urban,2023-09-07 22:00:00+00:00,1,12.847,11.339436
AT,AKC,urban,2023-09-07 23:00:00+00:00,1,12.0625,12.784006
AT,AKC,urban,2023-09-08 00:00:00+00:00,1,11.6725,12.154975
AT,AKC,urban,2023-09-08 01:00:00+00:00,1,11.685,11.70305
AT,AKC,urban,2023-09-08 02:00:00+00:00,1,11.429,11.38412
AT,AKC,urban,2023-09-08 03:00:00+00:00,1,11.901,11.666259
AT,AKC,urban,2023-09-08 04:00:00+00:00,1,13.8725,12.359994
AT,AKC,urban,2023-09-08 05:00:00+00:00,1,13.9765,14.302448
AT,AKC,urban,2023-09-08 06:00:00+00:00,1,12.777,14.138129
AT,AKC,urban,2023-09-08 07:00:00+00:00,1,10.4218,12.548122
AT,AKC,urban,2023-09-08 08:00:00+00:00,1,6.882249,9.551464
AT,AKC,urban,2023-09-08 09:00:00+00:00,1,6.094049,7.1694446
AT,AKC,urban,2023-09-08 10:00:00+00:00,1,5.76655,6.07279
AT,AKC,urban,2023-09-08 11:00:00+00:00,1,6.20685,5.9988956
AT,AKC,urban,2023-09-08 12:00:00+00:00,1,5.991849,6.412376
AT,AKC,urban,2023-09-08 13:00:00+00:00,1,5.4538,6.213459
AT,AKC,urban,2023-09-08 14:00:00+00:00,1,5.599749,5.7451067
AT,AKC,urban,2023-09-08 15:00:00+00:00,1,6.026849,6.0264387
AT,AKC,urban,2023-09-08 16:00:00+00:00,1,7.04495,6.6798244
AT,AKC,urban,2023-09-08 17:00:00+00:00,1,8.268799,7.587098
AT,AKC,urban,2023-09-08 18:00:00+00:00,1,9.482399,8.843657
AT,AKC,urban,2023-09-08 19:00:00+00:00,1,10.2099,10.027162
AT,AKC,urban,2023-09-08 20:00:00+00:00,1,11.367,10.854673
AT,AKC,urban,2023-09-08 21:00:00+00:00,1,12.416,11.650825
AT,AKC,urban,2023-09-08 22:00:00+00:00,1,12.1675,11.867133
AT,AKC,urban,2023-09-08 23:00:00+00:00,1,13.066,12.16256
AT,AKC,urban,2023-09-09 00:00:00+00:00,1,12.5185,13.121955
AT,AKC,urban,2023-09-09 01:00:00+00:00,1,12.436,12.477498
AT,AKC,urban,2023-09-09 02:00:00+00:00,1,12.42,12.285094
AT,AKC,urban,2023-09-09 03:00:00+00:00,1,12.295,12.250971
AT,AKC,urban,2023-09-09 04:00:00+00:00,1,13.0105,12.495977
AT,AKC,urban,2023-09-09 05:00:00+00:00,1,14.2935,13.413627
AT,AKC,urban,2023-09-09 06:00:00+00:00,1,13.318,13.702664
AT,AKC,urban,2023-09-09 07:00:00+00:00,1,12.391,12.850525
AT,AKC,urban,2023-09-09 08:00:00+00:00,1,8.4558,11.899882
AT,AKC,urban,2023-09-09 09:00:00+00:00,1,6.5564,8.2978945
AT,AKC,urban,2023-09-09 10:00:00+00:00,1,6.1061,7.084813
AT,AKC,urban,2023-09-09 11:00:00+00:00,1,6.155499,6.304093
AT,AKC,urban,2023-09-09 12:00:00+00:00,1,6.21685,6.3338437
AT,AKC,urban,2023-09-09 13:00:00+00:00,1,6.3027,6.412052
AT,AKC,urban,2023-09-09 14:00:00+00:00,1,6.49765,6.6275725
AT,AKC,urban,2023-09-09 15:00:00+00:00,1,6.654649,6.9909816
AT,AKC,urban,2023-09-09 16:00:00+00:00,1,7.487499,7.234653
AT,AKC,urban,2023-09-09 17:00:00+00:00,1,9.46095,7.9796953
AT,AKC,urban,2023-09-09 18:00:00+00:00,1,10.54055,10.145882
AT,AKC,urban,2023-09-09 19:00:00+00:00,1,11.916,10.818295
AT,AKC,urban,2023-09-09 20:00:00+00:00,1,11.7135,12.245515
AT,AKC,urban,2023-09-09 21:00:00+00:00,1,12.6245,12.052749
AT,AKC,urban,2023-09-09 22:00:00+00:00,1,14.172,12.535737
AT,AKC,urban,2023-09-09 23:00:00+00:00,1,14.011,13.862239
AT,AKC,urban,2023-09-10 00:00:00+00:00,1,13.8965,14.140022
AT,AKC,urban,2023-09-10 01:00:00+00:00,1,13.94,13.739584
AT,AKC,urban,2023-09-10 02:00:00+00:00,1,14.1645,13.860429
AT,AKC,urban,2023-09-10 03:00:00+00:00,1,13.6115,13.669054
AT,AKC,urban,2023-09-10 04:00:00+00:00,1,14.172,13.649544
AT,AKC,urban,2023-09-10 05:00:00+00:00,1,15.81,13.8679085
AT,AKC,urban,2023-09-10 06:00:00+00:00,1,13.3075,15.2224
AT,AKC,urban,2023-09-10 07:00:00+00:00,1,12.0195,13.077883
AT,AKC,urban,2023-09-10 08:00:00+00:00,1,11.794,10.996244
AT,AKC,urban,2023-09-10 09:00:00+00:00,1,10.8095,11.012023
AT,AKC,urban,2023-09-10 10:00:00+00:00,1,10.2675,10.743372
AT,AKC,urban,2023-09-10 11:00:00+00:00,1,9.3422,9.984066
AT,AKC,urban,2023-09-10 12:00:00+00:00,1,8.797249,9.501122
AT,AKC,urban,2023-09-10 13:00:00+00:00,1,8.2593,8.975797
AT,AKC,urban,2023-09-10 14:00:00+00:00,1,7.81035,8.468806
AT,AKC,urban,2023-09-10 15:00:00+00:00,1,7.76585,8.208299
AT,AKC,urban,2023-09-10 16:00:00+00:00,1,8.6665,8.305004
AT,AKC,urban,2023-09-10 17:00:00+00:00,1,11.4555,9.448157
AT,AKC,urban,2023-09-10 18:00:00+00:00,1,12.4715,12.827566
AT,AKC,urban,2023-09-10 19:00:00+00:00,1,11.164,13.414758
AT,AKC,urban,2023-09-10 20:00:00+00:00,1,13.214,11.477771
AT,AKC,urban,2023-09-10 21:00:00+00:00,1,13.6725,12.959614
AT,AKC,urban,2023-09-10 22:00:00+00:00,1,13.6375,13.771022
AT,AKC,urban,2023-09-10 23:00:00+00:00,1,14.029,13.778072
AT,AKC,urban,2023-09-11 00:00:00+00:00,1,14.425,14.20758
AT,AKC,urban,2023-09-11 01:00:00+00:00,1,14.0515,14.058516
AT,AKC,urban,2023-09-11 02:00:00+00:00,1,14.934,14.162938
AT,AKC,urban,2023-09-11 03:00:00+00:00,1,15.364,14.56311
AT,AKC,urban,2023-09-11 04:00:00+00:00,1,17.1875,15.825165
AT,AKC,urban,2023-09-11 05:00:00+00:00,1,16.754,17.276024
AT,AKC,urban,2023-09-11 06:00:00+00:00,1,15.245,16.514204
AT,AKC,urban,2023-09-11 07:00:00+00:00,1,14.5045,14.735028
AT,AKC,urban,2023-09-11 08:00:00+00:00,1,14.9145,13.695599
AT,AKC,urban,2023-09-11 09:00:00+00:00,1,14.895,13.972393
AT,AKC,urban,2023-09-11 10:00:00+00:00,1,13.6775,14.218664
AT,AKC,urban,2023-09-11 11:00:00+00:00,1,12.1415,13.649577
AT,AKC,urban,2023-09-11 12:00:00+00:00,1,10.6965,12.258434
AT,AKC,urban,2023-09-11 13:00:00+00:00,1,10.6485,10.818786
AT,AKC,urban,2023-09-11 14:00:00+00:00,1,9.931349,10.621519
AT,AKC,urban,2023-09-11 15:00:00+00:00,1,9.1634,10.87155
AT,AKC,urban,2023-09-11 16:00:00+00:00,1,9.005649,10.030073
AT,AKC,urban,2023-09-11 17:00:00+00:00,1,10.8718,10.165437
AT,AKC,urban,2023-09-11 18:00:00+00:00,1,12.3625,12.443114
AT,AKC,urban,2023-09-11 19:00:00+00:00,1,13.32,13.017736
AT,AKC,urban,2023-09-11 20:00:00+00:00,1,13.8725,13.6559105
AT,AKC,urban,2023-09-11 21:00:00+00:00,1,14.6225,14.222923
AT,AKC,urban,2023-09-11 22:00:00+00:00,1,15.7405,14.36886
AT,AKC,urban,2023-09-11 23:00:00+00:00,1,14.8505,15.434862
AT,AKC,urban,2023-09-12 00:00:00+00:00,1,13.825,15.260497
AT,AKC,urban,2023-09-12 01:00:00+00:00,1,14.783,14.31278
AT,AKC,urban,2023-09-12 02:00:00+00:00,1,15.8195,14.575801
AT,AKC,urban,2023-09-12 03:00:00+00:00,1,16.425,15.367032
AT,AKC,urban,2023-09-12 04:00:00+00:00,1,18.3695,16.734047
AT,AKC,urban,2023-09-12 05:00:00+00:00,1,19.7345,18.09085
AT,AKC,urban,2023-09-12 06:00:00+00:00,1,19.4645,19.028643
AT,AKC,urban,2023-09-12 07:00:00+00:00,1,19.423,18.316841
AT,AKC,urban,2023-09-12 08:00:00+00:00,1,18.0755,17.419931
AT,AKC,urban,2023-09-12 09:00:00+00:00,1,15.4385,16.504072
AT,AKC,urban,2023-09-12 10:00:00+00:00,1,15.33,13.990396
AT,AKC,urban,2023-09-12 11:00:00+00:00,1,13.0425,14.722872
AT,AKC,urban,2023-09-12 12:00:00+00:00,1,12.3535,13.54168
AT,AKC,urban,2023-09-12 13:00:00+00:00,1,12.726,11.904976
AT,AKC,urban,2023-09-12 14:00:00+00:00,1,12.406,12.819524
AT,AKC,urban,2023-09-12 15:00:00+00:00,1,13.0515,12.8733
AT,AKC,urban,2023-09-12 16:00:00+00:00,1,14.566,13.284734
AT,AKC,urban,2023-09-12 17:00:00+00:00,1,14.8855,14.731667
AT,AKC,urban,2023-09-12 18:00:00+00:00,1,17.103,15.165239
AT,AKC,urban,2023-09-12 19:00:00+00:00,1,16.6315,18.249815
AT,AKC,urban,2023-09-12 20:00:00+00:00,1,17.0395,16.659912
AT,AKC,urban,2023-09-12 21:00:00+00:00,1,17.774,16.677906
AT,AKC,urban,2023-09-12 22:00:00+00:00,1,20.1495,17.47574
AT,AKC,urban,2023-09-12 23:00:00+00:00,1,20.2335,19.757812
AT,AKC,urban,2023-09-13 00:00:00+00:00,1,19.0465,20.721321
AT,AKC,urban,2023-09-13 01:00:00+00:00,1,20.811,19.030022
AT,AKC,urban,2023-09-13 02:00:00+00:00,1,21.359,20.174774
AT,AKC,urban,2023-09-13 03:00:00+00:00,1,22.5155,21.474365
AT,AKC,urban,2023-09-13 04:00:00+00:00,1,26.257,22.633673
AT,AKC,urban,2023-09-13 05:00:00+00:00,1,22.456,25.715807
AT,AKC,urban,2023-09-13 06:00:00+00:00,1,18.435,22.654095
AT,AKC,urban,2023-09-13 07:00:00+00:00,1,14.8905,18.93694
AT,AKC,urban,2023-09-13 08:00:00+00:00,1,10.346,14.610798
AT,AKC,urban,2023-09-13 09:00:00+00:00,1,11.0325,10.509267
AT,AKC,urban,2023-09-13 10:00:00+00:00,1,9.909999,10.696637
AT,AKC,urban,2023-09-13 11:00:00+00:00,1,8.333399,10.750892
AT,AKC,urban,2023-09-13 12:00:00+00:00,1,11.0365,8.442048
AT,AKC,urban,2023-09-13 13:00:00+00:00,1,9.199999,10.237726
AT,AKC,urban,2023-09-13 14:00:00+00:00,1,10.896,9.412151
AT,AKC,urban,2023-09-13 15:00:00+00:00,1,9.2894,10.866815
AT,AKC,urban,2023-09-13 16:00:00+00:00,1,8.25345,9.638279
AT,AKC,urban,2023-09-13 17:00:00+00:00,1,4.60045,6.8677936
AT,AKC,urban,2023-09-13 18:00:00+00:00,1,5.494799,4.5729656
AT,AKC,urban,2023-09-13 19:00:00+00:00,1,5.510049,4.705307
AT,AKC,urban,2023-09-13 20:00:00+00:00,1,5.498549,5.4561124
AT,AKC,urban,2023-09-13 21:00:00+00:00,1,5.725749,5.4308352
AT,AKC,urban,2023-09-13 22:00:00+00:00,1,5.5513,5.627557
AT,AKC,urban,2023-09-13 23:00:00+00:00,1,5.572249,5.4711814
AT,AKC,urban,2023-09-14 00:00:00+00:00,1,6.189899,5.554218
AT,AKC,urban,2023-09-14 01:00:00+00:00,1,6.09735,5.969413
AT,AKC,urban,2023-09-14 02:00:00+00:00,1,6.4701,6.184216
AT,AKC,urban,2023-09-14 03:00:00+00:00,1,6.426899,6.634548
AT,AKC,urban,2023-09-14 04:00:00+00:00,1,7.5734,6.5329447
AT,AKC,urban,2023-09-14 05:00:00+00:00,1,7.894399,7.5158696
AT,AKC,urban,2023-09-14 06:00:00+00:00,1,8.286149,7.9858494
AT,AKC,urban,2023-09-14 07:00:00+00:00,1,10.84895,8.152062
AT,AKC,urban,2023-09-14 08:00:00+00:00,1,8.661699,10.163298
AT,AKC,urban,2023-09-14 09:00:00+00:00,1,6.868999,8.352668
AT,AKC,urban,2023-09-14 10:00:00+00:00,1,6.235699,6.277145
AT,AKC,urban,2023-09-14 11:00:00+00:00,1,5.036149,6.0342865
AT,AKC,urban,2023-09-14 12:00:00+00:00,1,3.851249,5.302365
AT,AKC,urban,2023-09-14 13:00:00+00:00,1,3.70455,4.1359982
AT,AKC,urban,2023-09-14 14:00:00+00:00,1,3.808549,3.949808
AT,AKC,urban,2023-09-14 15:00:00+00:00,1,3.960449,4.101608
AT,AKC,urban,2023-09-14 16:00:00+00:00,1,4.25345,4.1468287
AT,AKC,urban,2023-09-14 17:00:00+00:00,1,4.73235,4.7222743
AT,AKC,urban,2023-09-14 18:00:00+00:00,1,4.9749,4.894757
AT,AKC,urban,2023-09-14 19:00:00+00:00,1,4.586449,5.2224965
AT,AKC,urban,2023-09-14 20:00:00+00:00,1,4.92135,5.1231194
AT,AKC,urban,2023-09-14 21:00:00+00:00,1,5.227,4.822924
AT,AKC,urban,2023-09-14 22:00:00+00:00,1,5.580999,5.218484
AT,AKC,urban,2023-09-14 23:00:00+00:00,1,5.974949,5.6623826
AT,AKC,urban,2023-09-15 00:00:00+00:00,1,6.727999,5.950867
AT,AKC,urban,2023-09-15 01:00:00+00:00,1,8.087249,6.7863774
AT,AKC,urban,2023-09-15 02:00:00+00:00,1,8.57875,8.28223
AT,AKC,urban,2023-09-15 03:00:00+00:00,1,9.752,8.86388
AT,AKC,urban,2023-09-15 04:00:00+00:00,1,8.72915,9.857478
AT,AKC,urban,2023-09-15 05:00:00+00:00,1,8.149649,9.26966
AT,AKC,urban,2023-09-15 06:00:00+00:00,1,7.983349,8.686579
AT,AKC,urban,2023-09-15 07:00:00+00:00,1,7.773449,7.7438574
AT,AKC,urban,2023-09-15 08:00:00+00:00,1,7.846699,7.4259377
AT,AKC,urban,2023-09-15 09:00:00+00:00,1,7.1138,7.545314
AT,AKC,urban,2023-09-15 10:00:00+00:00,1,5.697549,6.8914347
AT,AKC,urban,2023-09-15 11:00:00+00:00,1,5.9503,6.1017814
AT,AKC,urban,2023-09-15 12:00:00+00:00,1,5.55595,5.7394013
AT,AKC,urban,2023-09-15 13:00:00+00:00,1,6.197199,5.569988
AT,AKC,urban,2023-09-15 14:00:00+00:00,1,6.156,5.939625
AT,AKC,urban,2023-09-15 15:00:00+00:00,1,6.062449,6.4024177
AT,AKC,urban,2023-09-15 16:00:00+00:00,1,6.635,6.52067
AT,AKC,urban,2023-09-15 17:00:00+00:00,1,7.605549,6.9219294
AT,AKC,urban,2023-09-15 18:00:00+00:00,1,8.7665,7.9631896
AT,AKC,urban,2023-09-15 19:00:00+00:00,1,9.059,9.175525
AT,AKC,urban,2023-09-15 20:00:00+00:00,1,8.808149,9.064472
AT,AKC,urban,2023-09-15 21:00:00+00:00,1,8.894249,8.918703
AT,AKC,urban,2023-09-15 22:00:00+00:00,1,8.391799,9.0605345
AT,AKC,urban,2023-09-15 23:00:00+00:00,1,8.87985,8.510945
AT,AKC,urban,2023-09-16 00:00:00+00:00,1,9.307149,8.832292
AT,AKC,urban,2023-09-16 01:00:00+00:00,1,9.95865,9.501463
AT,AKC,urban,2023-09-16 02:00:00+00:00,1,11.002,10.167016
AT,AKC,urban,2023-09-16 03:00:00+00:00,1,12.3485,11.304385
AT,AKC,urban,2023-09-16 04:00:00+00:00,1,10.86395,12.953581
AT,AKC,urban,2023-09-16 05:00:00+00:00,1,8.45785,11.3243475
AT,AKC,urban,2023-09-16 06:00:00+00:00,1,6.83715,8.71279
AT,AKC,urban,2023-09-16 07:00:00+00:00,1,5.890299,7.3499093
AT,AKC,urban,2023-09-16 08:00:00+00:00,1,5.439149,6.469106
AT,AKC,urban,2023-09-16 09:00:00+00:00,1,5.372449,5.908718
AT,AKC,urban,2023-09-16 10:00:00+00:00,1,4.9706,5.629902
AT,AKC,urban,2023-09-16 11:00:00+00:00,1,4.323249,5.4207826
AT,AKC,urban,2023-09-16 12:00:00+00:00,1,4.321949,4.6453285
AT,AKC,urban,2023-09-16 13:00:00+00:00,1,4.486949,4.589867
AT,AKC,urban,2023-09-16 14:00:00+00:00,1,4.557399,4.7804193
AT,AKC,urban,2023-09-16 15:00:00+00:00,1,4.578599,4.953317
AT,AKC,urban,2023-09-16 16:00:00+00:00,1,4.9038,4.90437
AT,AKC,urban,2023-09-16 17:00:00+00:00,1,5.1015,5.237401
AT,AKC,urban,2023-09-16 18:00:00+00:00,1,5.3522,5.4037504
AT,AKC,urban,2023-09-16 19:00:00+00:00,1,5.643549,5.549377
AT,AKC,urban,2023-09-16 20:00:00+00:00,1,6.364799,5.8726587
AT,AKC,urban,2023-09-16 21:00:00+00:00,1,6.6647,6.346987
AT,AKC,urban,2023-09-16 22:00:00+00:00,1,6.750849,6.8894587
AT,AKC,urban,2023-09-16 23:00:00+00:00,1,6.621049,6.8905244
AT,AKC,urban,2023-09-17 00:00:00+00:00,1,6.78985,6.679608
AT,AKC,urban,2023-09-17 01:00:00+00:00,1,7.4004,6.7843857
AT,AKC,urban,2023-09-17 02:00:00+00:00,1,7.741049,7.5216136
AT,AKC,urban,2023-09-17 03:00:00+00:00,1,7.911749,7.8702307
AT,AKC,urban,2023-09-17 04:00:00+00:00,1,8.2877,8.207468
AT,AKC,urban,2023-09-17 05:00:00+00:00,1,9.07735,8.3655205
AT,AKC,urban,2023-09-17 06:00:00+00:00,1,8.637949,9.061776
AT,AKC,urban,2023-09-17 07:00:00+00:00,1,8.23525,8.761062
AT,AKC,urban,2023-09-17 08:00:00+00:00,1,7.53515,7.942341
AT,AKC,urban,2023-09-17 09:00:00+00:00,1,7.30065,7.486988
AT,AKC,urban,2023-09-17 10:00:00+00:00,1,6.5361,7.16266
AT,AKC,urban,2023-09-17 11:00:00+00:00,1,5.809,6.492812
AT,AKC,urban,2023-09-17 12:00:00+00:00,1,5.15415,5.7591915
AT,AKC,urban,2023-09-17 13:00:00+00:00,1,5.020899,5.2000055
AT,AKC,urban,2023-09-17 14:00:00+00:00,1,5.129149,5.2187214
AT,AKC,urban,2023-09-17 15:00:00+00:00,1,5.7588,5.410744
AT,AKC,urban,2023-09-17 16:00:00+00:00,1,6.42465,5.7928014
AT,AKC,urban,2023-09-17 17:00:00+00:00,1,6.70145,6.773042
AT,AKC,urban,2023-09-17 18:00:00+00:00,1,6.71455,6.968709
AT,AKC,urban,2023-09-17 19:00:00+00:00,1,7.43805,6.889112
AT,AKC,urban,2023-09-17 20:00:00+00:00,1,9.64405,7.4680157
AT,AKC,urban,2023-09-17 21:00:00+00:00,1,10.186,10.021808
AT,AKC,urban,2023-09-17 22:00:00+00:00,1,10.4605,10.727809
AT,AKC,urban,2023-09-17 23:00:00+00:00,1,10.677,10.367403
AT,AKC,urban,2023-09-18 00:00:00+00:00,1,10.341,10.7569275
AT,AKC,urban,2023-09-18 01:00:00+00:00,1,11.569,10.566103
AT,AKC,urban,2023-09-18 02:00:00+00:00,1,12.7055,11.669024
AT,AKC,urban,2023-09-18 03:00:00+00:00,1,13.291,13.007586
AT,AKC,urban,2023-09-18 04:00:00+00:00,1,14.3435,13.611464
AT,AKC,urban,2023-09-18 05:00:00+00:00,1,13.97,14.194645
AT,AKC,urban,2023-09-18 06:00:00+00:00,1,10.3,13.882514
AT,AKC,urban,2023-09-18 07:00:00+00:00,1,8.888,10.629495
AT,AKC,urban,2023-09-18 08:00:00+00:00,1,8.202799,9.503415
AT,AKC,urban,2023-09-18 09:00:00+00:00,1,7.844099,8.312929
AT,AKC,urban,2023-09-18 10:00:00+00:00,1,8.496149,7.649375
AT,AKC,urban,2023-09-18 11:00:00+00:00,1,8.61775,8.222966
AT,AKC,urban,2023-09-18 12:00:00+00:00,1,10.136,8.444106
AT,AKC,urban,2023-09-18 13:00:00+00:00,1,11.1805,9.509222
AT,AKC,urban,2023-09-18 14:00:00+00:00,1,9.84345,11.007583
AT,AKC,urban,2023-09-18 15:00:00+00:00,1,11.1955,10.1789055
AT,AKC,urban,2023-09-18 16:00:00+00:00,1,12.229,11.15775
AT,AKC,urban,2023-09-18 17:00:00+00:00,1,10.14725,12.433095
AT,AKC,urban,2023-09-18 18:00:00+00:00,1,10.10415,11.120733
AT,AKC,urban,2023-09-18 19:00:00+00:00,1,4.9882,10.313699
AT,AKC,urban,2023-09-18 20:00:00+00:00,1,4.958099,6.0881186
AT,AKC,urban,2023-09-18 21:00:00+00:00,1,3.51385,6.9292793
AT,AKC,urban,2023-09-18 22:00:00+00:00,1,2.4663,4.2305207
AT,AKC,urban,2023-09-18 23:00:00+00:00,1,1.92945,3.7227914
AT,AKC,urban,2023-09-19 00:00:00+00:00,1,1.53995,2.5736322
AT,AKC,urban,2023-09-19 01:00:00+00:00,1,1.730849,1.9663334
AT,AKC,urban,2023-09-19 02:00:00+00:00,1,2.020949,1.9713924
AT,AKC,urban,2023-09-19 03:00:00+00:00,1,2.35905,2.042176
AT,AKC,urban,2023-09-19 04:00:00+00:00,1,3.392149,2.4147804
AT,AKC,urban,2023-09-19 05:00:00+00:00,1,3.6508,3.6088028
AT,AKC,urban,2023-09-19 06:00:00+00:00,1,5.3845,3.8998985
AT,AKC,urban,2023-09-19 07:00:00+00:00,1,6.84265,5.3024426
AT,AKC,urban,2023-09-19 08:00:00+00:00,1,5.238249,7.048438
AT,AKC,urban,2023-09-19 09:00:00+00:00,1,4.3453,5.861561
AT,AKC,urban,2023-09-19 10:00:00+00:00,1,4.4439,4.2606688
AT,AKC,urban,2023-09-19 11:00:00+00:00,1,5.03355,4.9353294
AT,AKC,urban,2023-09-19 12:00:00+00:00,1,4.775199,4.858293
AT,AKC,urban,2023-09-19 13:00:00+00:00,1,4.14765,4.9876657
AT,AKC,urban,2023-09-19 14:00:00+00:00,1,3.3772,4.604506
AT,AKC,urban,2023-09-19 15:00:00+00:00,1,2.7953,3.9902005
AT,AKC,urban,2023-09-19 16:00:00+00:00,1,2.52565,3.5814059
AT,AKC,urban,2023-09-19 17:00:00+00:00,1,2.68155,2.9350107
AT,AKC,urban,2023-09-19 18:00:00+00:00,1,2.26985,3.1787126
AT,AKC,urban,2023-09-19 19:00:00+00:00,1,2.36785,2.597248
AT,AKC,urban,2023-09-19 20:00:00+00:00,1,2.06325,2.7154005
AT,AKC,urban,2023-09-19 21:00:00+00:00,1,2.12395,2.3145194
AT,AKC,urban,2023-09-19 22:00:00+00:00,1,2.24055,2.2598116
AT,AKC,urban,2023-09-19 23:00:00+00:00,1,2.3667,2.3434784
AT,AKC,urban,2023-09-20 00:00:00+00:00,1,2.575249,2.4921343
AT,AKC,urban,2023-09-20 01:00:00+00:00,1,3.293699,2.7367294
AT,AKC,urban,2023-09-20 02:00:00+00:00,1,3.576349,3.4830391
AT,AKC,urban,2023-09-20 03:00:00+00:00,1,4.17385,4.2157955
AT,AKC,urban,2023-09-20 04:00:00+00:00,1,7.0106,4.7862954
AT,AKC,urban,2023-09-20 05:00:00+00:00,1,7.47675,7.5681543
AT,AKC,urban,2023-09-20 06:00:00+00:00,1,6.751999,7.974689
AT,AKC,urban,2023-09-20 07:00:00+00:00,1,4.69185,7.015354
AT,AKC,urban,2023-09-20 08:00:00+00:00,1,4.307749,4.902574
AT,AKC,urban,2023-09-20 09:00:00+00:00,1,3.354799,4.275952
AT,AKC,urban,2023-09-20 10:00:00+00:00,1,3.642149,3.6263807
AT,AKC,urban,2023-09-20 11:00:00+00:00,1,4.359499,3.7062092
AT,AKC,urban,2023-09-20 12:00:00+00:00,1,4.2423,4.13255
AT,AKC,urban,2023-09-20 13:00:00+00:00,1,5.541649,4.3978767
AT,AKC,urban,2023-09-20 14:00:00+00:00,1,6.129349,5.42502
AT,AKC,urban,2023-09-20 15:00:00+00:00,1,6.305649,5.9052677
AT,AKC,urban,2023-09-20 16:00:00+00:00,1,6.550849,6.306987
AT,AKC,urban,2023-09-20 17:00:00+00:00,1,6.904199,6.674408
AT,AKC,urban,2023-09-20 18:00:00+00:00,1,7.527899,6.9079876
AT,AKC,urban,2023-09-20 19:00:00+00:00,1,8.016349,7.248958
AT,AKC,urban,2023-09-20 20:00:00+00:00,1,8.489549,7.751387
AT,AKC,urban,2023-09-20 21:00:00+00:00,1,8.662899,8.259604
AT,AKC,urban,2023-09-20 22:00:00+00:00,1,8.8027,8.404181
AT,AKC,urban,2023-09-20 23:00:00+00:00,1,8.29335,8.727288
AT,AKC,urban,2023-09-21 00:00:00+00:00,1,9.2814,8.437293
AT,AKC,urban,2023-09-21 01:00:00+00:00,1,10.45145,8.971537
AT,AKC,urban,2023-09-21 02:00:00+00:00,1,11.283,10.455353
AT,AKC,urban,2023-09-21 03:00:00+00:00,1,12.4875,11.195666
AT,AKC,urban,2023-09-21 04:00:00+00:00,1,12.2955,12.389966
AT,AKC,urban,2023-09-21 05:00:00+00:00,1,11.0565,12.256041
AT,AKC,urban,2023-09-21 06:00:00+00:00,1,9.180549,10.9348
AT,AKC,urban,2023-09-21 07:00:00+00:00,1,8.09095,9.206796
AT,AKC,urban,2023-09-21 08:00:00+00:00,1,6.6625,8.867949
AT,AKC,urban,2023-09-21 09:00:00+00:00,1,5.782799,7.0201635
AT,AKC,urban,2023-09-21 10:00:00+00:00,1,5.462699,6.1747174
AT,AKC,urban,2023-09-21 11:00:00+00:00,1,5.60095,5.64255
AT,AKC,urban,2023-09-21 12:00:00+00:00,1,6.725049,5.891305
AT,AKC,urban,2023-09-21 13:00:00+00:00,1,6.963449,6.377894
AT,AKC,urban,2023-09-21 14:00:00+00:00,1,8.9041,6.885898
AT,AKC,urban,2023-09-21 15:00:00+00:00,1,8.002149,8.847652
AT,AKC,urban,2023-09-21 16:00:00+00:00,1,7.489799,8.302452
AT,AKC,urban,2023-09-21 17:00:00+00:00,1,6.725299,7.845274
AT,AKC,urban,2023-09-21 18:00:00+00:00,1,5.8912,7.0622015
AT,AKC,urban,2023-09-21 19:00:00+00:00,1,5.769249,6.32897
AT,AKC,urban,2023-09-21 20:00:00+00:00,1,6.1328,6.0945835
AT,AKC,urban,2023-09-21 21:00:00+00:00,1,6.253549,6.2951694
AT,AKC,urban,2023-09-21 22:00:00+00:00,1,6.626049,6.550241
AT,AKC,urban,2023-09-21 23:00:00+00:00,1,7.016849,6.909516
AT,AKC,urban,2023-09-22 00:00:00+00:00,1,6.573349,6.8696246
AT,AKC,urban,2023-09-22 01:00:00+00:00,1,6.579799,6.8053374
AT,AKC,urban,2023-09-22 02:00:00+00:00,1,7.246449,6.881936
AT,AKC,urban,2023-09-22 03:00:00+00:00,1,7.3934,7.636632
AT,AKC,urban,2023-09-22 04:00:00+00:00,1,8.263199,7.872626
AT,AKC,urban,2023-09-22 05:00:00+00:00,1,6.1514,8.22763
AT,AKC,urban,2023-09-22 06:00:00+00:00,1,5.424849,7.259821
AT,AKC,urban,2023-09-22 07:00:00+00:00,1,4.66905,5.31847
AT,AKC,urban,2023-09-22 08:00:00+00:00,1,4.001699,4.881291
AT,AKC,urban,2023-09-22 09:00:00+00:00,1,4.077549,4.410929
AT,AKC,urban,2023-09-22 10:00:00+00:00,1,5.116399,4.1058087
AT,AKC,urban,2023-09-22 11:00:00+00:00,1,5.186299,4.9891453
AT,AKC,urban,2023-09-22 12:00:00+00:00,1,5.800499,5.249073
AT,AKC,urban,2023-09-22 13:00:00+00:00,1,6.236399,5.9082065
AT,AKC,urban,2023-09-22 14:00:00+00:00,1,5.23005,6.243044
AT,AKC,urban,2023-09-22 15:00:00+00:00,1,3.150199,6.016255
AT,AKC,urban,2023-09-22 16:00:00+00:00,1,2.884049,3.9981985
AT,AKC,urban,2023-09-22 17:00:00+00:00,1,3.000999,3.588906
AT,AKC,urban,2023-09-22 18:00:00+00:00,1,2.520699,3.2621562
AT,AKC,urban,2023-09-22 19:00:00+00:00,1,3.815,3.347562
AT,AKC,urban,2023-09-22 20:00:00+00:00,1,3.761499,3.6451895
AT,AKC,urban,2023-09-22 21:00:00+00:00,1,3.240049,3.6586514
AT,AKC,urban,2023-09-22 22:00:00+00:00,1,2.254449,3.1640937
AT,AKC,urban,2023-09-22 23:00:00+00:00,1,1.994149,2.6592314
AT,AKC,urban,2023-09-23 00:00:00+00:00,1,2.582799,2.3233354
AT,AKC,urban,2023-09-23 01:00:00+00:00,1,2.6026,2.3083088
AT,AKC,urban,2023-09-23 02:00:00+00:00,1,3.2073,2.5629559
AT,AKC,urban,2023-09-23 03:00:00+00:00,1,3.370599,3.0377903
AT,AKC,urban,2023-09-23 04:00:00+00:00,1,3.691649,3.3335505
AT,AKC,urban,2023-09-23 05:00:00+00:00,1,2.89835,3.5914676
AT,AKC,urban,2023-09-23 06:00:00+00:00,1,2.76355,3.0985458
AT,AKC,urban,2023-09-23 07:00:00+00:00,1,3.7957,2.8201935
AT,AKC,urban,2023-09-23 08:00:00+00:00,1,4.349849,3.379527
AT,AKC,urban,2023-09-23 09:00:00+00:00,1,4.1311,4.143574
AT,AKC,urban,2023-09-23 10:00:00+00:00,1,4.1229,4.238984
AT,AKC,urban,2023-09-23 11:00:00+00:00,1,3.8691,4.144702
AT,AKC,urban,2023-09-23 12:00:00+00:00,1,4.019099,3.8453393
AT,AKC,urban,2023-09-23 13:00:00+00:00,1,4.971899,4.1238523
AT,AKC,urban,2023-09-23 14:00:00+00:00,1,4.309499,4.7200336
AT,AKC,urban,2023-09-23 15:00:00+00:00,1,3.5683,4.466866
AT,AKC,urban,2023-09-23 16:00:00+00:00,1,2.914249,4.0044894
AT,AKC,urban,2023-09-23 17:00:00+00:00,1,2.701849,3.2601304
AT,AKC,urban,2023-09-23 18:00:00+00:00,1,2.075299,2.9733431
AT,AKC,urban,2023-09-23 19:00:00+00:00,1,1.8768,2.5510674
AT,AKC,urban,2023-09-23 20:00:00+00:00,1,2.2072,2.2064302
AT,AKC,urban,2023-09-23 21:00:00+00:00,1,2.4439,2.2880328
AT,AKC,urban,2023-09-23 22:00:00+00:00,1,2.583199,2.3307588
AT,AKC,urban,2023-09-23 23:00:00+00:00,1,2.577499,2.6306632
AT,AKC,urban,2023-09-24 00:00:00+00:00,1,2.55395,2.6209364
AT,AKC,urban,2023-09-24 01:00:00+00:00,1,2.671999,2.726508
AT,AKC,urban,2023-09-24 02:00:00+00:00,1,2.9506,2.7522807
AT,AKC,urban,2023-09-24 03:00:00+00:00,1,2.94075,3.0637786
AT,AKC,urban,2023-09-24 04:00:00+00:00,1,2.8831,3.0773976
AT,AKC,urban,2023-09-24 05:00:00+00:00,1,3.024849,3.0343182
AT,AKC,urban,2023-09-24 06:00:00+00:00,1,2.992599,3.1641796
AT,AKC,urban,2023-09-24 07:00:00+00:00,1,3.190099,3.088708
AT,AKC,urban,2023-09-24 08:00:00+00:00,1,3.15595,3.3748085
AT,AKC,urban,2023-09-24 09:00:00+00:00,1,3.26165,3.2765222
AT,AKC,urban,2023-09-24 10:00:00+00:00,1,3.338599,3.3508956
AT,AKC,urban,2023-09-24 11:00:00+00:00,1,3.34115,3.3559766
AT,AKC,urban,2023-09-24 12:00:00+00:00,1,3.3206,3.4036615
AT,AKC,urban,2023-09-24 13:00:00+00:00,1,3.564049,3.5637376
AT,AKC,urban,2023-09-24 14:00:00+00:00,1,3.8227,3.5953407
AT,AKC,urban,2023-09-24 15:00:00+00:00,1,3.83475,3.8438506
AT,AKC,urban,2023-09-24 16:00:00+00:00,1,3.680699,4.066724
AT,AKC,urban,2023-09-24 17:00:00+00:00,1,3.643799,3.995384
AT,AKC,urban,2023-09-24 18:00:00+00:00,1,3.829249,3.854871
AT,AKC,urban,2023-09-24 19:00:00+00:00,1,3.97445,3.948354
AT,AKC,urban,2023-09-24 20:00:00+00:00,1,4.042599,4.0793896
AT,AKC,urban,2023-09-24 21:00:00+00:00,1,4.37305,4.17215
AT,AKC,urban,2023-09-24 22:00:00+00:00,1,4.32445,4.4977145
AT,AKC,urban,2023-09-24 23:00:00+00:00,1,4.40775,4.4576178
AT,AKC,urban,2023-09-25 00:00:00+00:00,1,4.54405,4.46633
AT,AKC,urban,2023-09-25 01:00:00+00:00,1,4.63455,4.624815
AT,AKC,urban,2023-09-25 02:00:00+00:00,1,5.16305,4.7802234
AT,AKC,urban,2023-09-25 03:00:00+00:00,1,5.58995,5.189997
AT,AKC,urban,2023-09-25 04:00:00+00:00,1,7.526249,5.73049
AT,AKC,urban,2023-09-25 05:00:00+00:00,1,6.453949,8.12352
AT,AKC,urban,2023-09-25 06:00:00+00:00,1,6.201399,6.359596
AT,AKC,urban,2023-09-25 07:00:00+00:00,1,6.901299,5.5947604
AT,AKC,urban,2023-09-25 08:00:00+00:00,1,6.73915,6.4828553
AT,AKC,urban,2023-09-25 09:00:00+00:00,1,6.032899,6.3884673
AT,AKC,urban,2023-09-25 10:00:00+00:00,1,5.693949,5.7471733
AT,AKC,urban,2023-09-25 11:00:00+00:00,1,5.192299,5.5234013
AT,AKC,urban,2023-09-25 12:00:00+00:00,1,5.504849,5.3865595
AT,AKC,urban,2023-09-25 13:00:00+00:00,1,6.320549,5.457842
AT,AKC,urban,2023-09-25 14:00:00+00:00,1,6.854249,6.3506045
AT,AKC,urban,2023-09-25 15:00:00+00:00,1,7.727299,7.0868244
AT,AKC,urban,2023-09-25 16:00:00+00:00,1,9.115099,7.8472853
AT,AKC,urban,2023-09-25 17:00:00+00:00,1,10.5065,9.454403
AT,AKC,urban,2023-09-25 18:00:00+00:00,1,10.25145,10.598766
AT,AKC,urban,2023-09-25 19:00:00+00:00,1,9.073049,9.821591
AT,AKC,urban,2023-09-25 20:00:00+00:00,1,8.798799,8.939778
AT,AKC,urban,2023-09-25 21:00:00+00:00,1,9.036399,8.879659
AT,AKC,urban,2023-09-25 22:00:00+00:00,1,9.90985,8.836
AT,AKC,urban,2023-09-25 23:00:00+00:00,1,9.3087,9.93668
AT,AKC,urban,2023-09-26 00:00:00+00:00,1,9.84165,9.429924
AT,AKC,urban,2023-09-26 01:00:00+00:00,1,11.3145,10.000547
AT,AKC,urban,2023-09-26 02:00:00+00:00,1,12.3405,11.4369545
AT,AKC,urban,2023-09-26 03:00:00+00:00,1,15.4945,12.795416
AT,AKC,urban,2023-09-26 04:00:00+00:00,1,18.6895,16.136417
AT,AKC,urban,2023-09-26 05:00:00+00:00,1,17.849,18.63338
AT,AKC,urban,2023-09-26 06:00:00+00:00,1,16.3475,17.387228
AT,AKC,urban,2023-09-26 07:00:00+00:00,1,13.5275,15.8105545
AT,AKC,urban,2023-09-26 08:00:00+00:00,1,13.283,12.392456
AT,AKC,urban,2023-09-26 09:00:00+00:00,1,12.147,12.656319
AT,AKC,urban,2023-09-26 10:00:00+00:00,1,9.98735,11.5393305
AT,AKC,urban,2023-09-26 11:00:00+00:00,1,9.575449,9.410469
AT,AKC,urban,2023-09-26 12:00:00+00:00,1,9.4489,9.330352
AT,AKC,urban,2023-09-26 13:00:00+00:00,1,9.50925,9.673212
AT,AKC,urban,2023-09-26 14:00:00+00:00,1,9.83955,9.865269
AT,AKC,urban,2023-09-26 15:00:00+00:00,1,10.5315,10.326193
AT,AKC,urban,2023-09-26 16:00:00+00:00,1,11.7255,10.97386
AT,AKC,urban,2023-09-26 17:00:00+00:00,1,13.71,12.201365
AT,AKC,urban,2023-09-26 18:00:00+00:00,1,14.029,13.782839
AT,AKC,urban,2023-09-26 19:00:00+00:00,1,13.8965,14.428683
AT,AKC,urban,2023-09-26 20:00:00+00:00,1,15.2965,13.918323
AT,AKC,urban,2023-09-26 21:00:00+00:00,1,16.9335,15.026982
AT,AKC,urban,2023-09-26 22:00:00+00:00,1,17.434,17.084747
AT,AKC,urban,2023-09-26 23:00:00+00:00,1,17.848,17.6598
AT,AKC,urban,2023-09-27 00:00:00+00:00,1,18.2965,17.966272
AT,AKC,urban,2023-09-27 01:00:00+00:00,1,17.893,18.25588
AT,AKC,urban,2023-09-27 02:00:00+00:00,1,17.6795,18.166935
AT,AKC,urban,2023-09-27 03:00:00+00:00,1,18.287,17.91575
AT,AKC,urban,2023-09-27 04:00:00+00:00,1,19.354,18.541538
AT,AKC,urban,2023-09-27 05:00:00+00:00,1,20.018,20.174366
AT,AKC,urban,2023-09-27 06:00:00+00:00,1,16.704,19.96887
AT,AKC,urban,2023-09-27 07:00:00+00:00,1,14.8885,16.356224
AT,AKC,urban,2023-09-27 08:00:00+00:00,1,13.6955,14.304561
AT,AKC,urban,2023-09-27 09:00:00+00:00,1,12.013,13.605169
AT,AKC,urban,2023-09-27 10:00:00+00:00,1,10.964,12.218205
AT,AKC,urban,2023-09-27 11:00:00+00:00,1,9.900099,11.416059
AT,AKC,urban,2023-09-27 12:00:00+00:00,1,10.265,10.066383
AT,AKC,urban,2023-09-27 13:00:00+00:00,1,9.822449,10.425045
AT,AKC,urban,2023-09-27 14:00:00+00:00,1,10.3306,10.690842
AT,AKC,urban,2023-09-27 15:00:00+00:00,1,10.792,10.982739
AT,AKC,urban,2023-09-27 16:00:00+00:00,1,10.5085,11.779974
AT,AKC,urban,2023-09-27 17:00:00+00:00,1,10.502,11.473011
AT,AKC,urban,2023-09-27 18:00:00+00:00,1,11.478,11.57244
AT,AKC,urban,2023-09-27 19:00:00+00:00,1,11.197,11.883629
AT,AKC,urban,2023-09-27 20:00:00+00:00,1,11.541,11.707267
AT,AKC,urban,2023-09-27 21:00:00+00:00,1,11.7285,11.943283
AT,AKC,urban,2023-09-27 22:00:00+00:00,1,12.9995,12.128042
AT,AKC,urban,2023-09-27 23:00:00+00:00,1,12.934,13.037072
AT,AKC,urban,2023-09-28 00:00:00+00:00,1,13.197,13.127121
AT,AKC,urban,2023-09-28 01:00:00+00:00,1,13.616,13.136827
AT,AKC,urban,2023-09-28 02:00:00+00:00,1,14.2985,13.761877
AT,AKC,urban,2023-09-28 03:00:00+00:00,1,15.1165,14.586802
AT,AKC,urban,2023-09-28 04:00:00+00:00,1,16.985,15.535823
AT,AKC,urban,2023-09-28 05:00:00+00:00,1,17.07,17.176943
AT,AKC,urban,2023-09-28 06:00:00+00:00,1,16.0205,17.018803
AT,AKC,urban,2023-09-28 07:00:00+00:00,1,17.6555,15.614276
AT,AKC,urban,2023-09-28 08:00:00+00:00,1,12.43,15.509562
AT,AKC,urban,2023-09-28 09:00:00+00:00,1,10.46235,12.163254
AT,AKC,urban,2023-09-28 10:00:00+00:00,1,13.1235,10.621355
AT,AKC,urban,2023-09-28 11:00:00+00:00,1,11.0396,11.387553
AT,AKC,urban,2023-09-28 12:00:00+00:00,1,9.094449,11.261882
AT,AKC,urban,2023-09-28 13:00:00+00:00,1,8.8222,9.0470705
AT,AKC,urban,2023-09-28 14:00:00+00:00,1,9.3309,9.059164
AT,AKC,urban,2023-09-28 15:00:00+00:00,1,10.09245,9.44047
AT,AKC,urban,2023-09-28 16:00:00+00:00,1,11.3085,10.508632
AT,AKC,urban,2023-09-28 17:00:00+00:00,1,11.886,11.383063
AT,AKC,urban,2023-09-28 18:00:00+00:00,1,12.238,12.274158
AT,AKC,urban,2023-09-28 19:00:00+00:00,1,12.85,12.390406
AT,AKC,urban,2023-09-28 20:00:00+00:00,1,12.7745,13.082827
AT,AKC,urban,2023-09-28 21:00:00+00:00,1,13.866,12.942774
AT,AKC,urban,2023-09-28 22:00:00+00:00,1,14.758,13.852118
AT,AKC,urban,2023-09-28 23:00:00+00:00,1,14.5085,15.126258
AT,AKC,urban,2023-09-29 00:00:00+00:00,1,14.5615,14.669589
AT,AKC,urban,2023-09-29 01:00:00+00:00,1,14.8185,14.602084
AT,AKC,urban,2023-09-29 02:00:00+00:00,1,14.542,14.946485
AT,AKC,urban,2023-09-29 03:00:00+00:00,1,15.0585,14.849384
AT,AKC,urban,2023-09-29 04:00:00+00:00,1,16.246,15.361434
AT,AKC,urban,2023-09-29 05:00:00+00:00,1,18.1515,16.461493
AT,AKC,urban,2023-09-29 06:00:00+00:00,1,13.502,17.392475
AT,AKC,urban,2023-09-29 07:00:00+00:00,1,11.1975,13.015833
AT,AKC,urban,2023-09-29 08:00:00+00:00,1,10.236,11.684025
AT,AKC,urban,2023-09-29 09:00:00+00:00,1,14.4717,9.765512
AT,AKC,urban,2023-09-29 10:00:00+00:00,1,11.3185,13.016487
AT,AKC,urban,2023-09-29 11:00:00+00:00,1,8.8865,11.627206
AT,AKC,urban,2023-09-29 12:00:00+00:00,1,8.7353,8.917267
AT,AKC,urban,2023-09-29 13:00:00+00:00,1,7.41835,9.007681
AT,AKC,urban,2023-09-29 14:00:00+00:00,1,7.40595,8.130692
AT,AKC,urban,2023-09-29 15:00:00+00:00,1,9.259599,8.183795
AT,AKC,urban,2023-09-29 16:00:00+00:00,1,12.084,9.114053
AT,AKC,urban,2023-09-29 17:00:00+00:00,1,10.659,12.799514
AT,AKC,urban,2023-09-29 18:00:00+00:00,1,9.708349,10.82244
AT,AKC,urban,2023-09-29 19:00:00+00:00,1,10.3536,9.820768
AT,AKC,urban,2023-09-29 20:00:00+00:00,1,13.4925,10.458567
AT,AKC,urban,2023-09-29 21:00:00+00:00,1,13.148,14.431314
AT,AKC,urban,2023-09-29 22:00:00+00:00,1,11.9245,13.6337805
AT,AKC,urban,2023-09-29 23:00:00+00:00,1,10.01445,12.234201
AT,AKC,urban,2023-09-30 00:00:00+00:00,1,12.326,9.878674
AT,AKC,urban,2023-09-30 01:00:00+00:00,1,11.6215,12.523447
AT,AKC,urban,2023-09-30 02:00:00+00:00,1,11.1357,12.937597
AT,AKC,urban,2023-09-30 03:00:00+00:00,1,10.2955,11.576098
AT,AKC,urban,2023-09-30 04:00:00+00:00,1,11.36,9.81477
AT,AKC,urban,2023-09-30 05:00:00+00:00,1,11.4715,10.785826
AT,AKC,urban,2023-09-30 06:00:00+00:00,1,10.5645,10.8729725
AT,AKC,urban,2023-09-30 07:00:00+00:00,1,10.0827,9.983953
AT,AKC,urban,2023-09-30 08:00:00+00:00,1,8.2826,10.362599
AT,AKC,urban,2023-09-30 09:00:00+00:00,1,7.630049,7.785677
AT,AKC,urban,2023-09-30 10:00:00+00:00,1,7.104399,6.788915
AT,AKC,urban,2023-09-30 11:00:00+00:00,1,6.4429,7.256447
AT,AKC,urban,2023-09-30 12:00:00+00:00,1,6.0522,6.3428283
AT,AKC,urban,2023-09-30 13:00:00+00:00,1,7.276849,6.1831574
AT,AKC,urban,2023-09-30 14:00:00+00:00,1,4.94015,7.3153896
AT,AKC,urban,2023-09-30 15:00:00+00:00,1,3.210899,5.7009377
AT,AKC,urban,2023-09-30 16:00:00+00:00,1,2.76515,3.9532254
AT,AKC,urban,2023-09-30 17:00:00+00:00,1,3.698349,3.6603346
AT,AKC,urban,2023-09-30 18:00:00+00:00,1,4.4235,3.8281224
AT,AKC,urban,2023-09-30 19:00:00+00:00,1,4.8919,4.585561
AT,AKC,urban,2023-09-30 20:00:00+00:00,1,4.7712,5.1841273
AT,AKC,urban,2023-09-30 21:00:00+00:00,1,4.716199,5.129548
AT,AKC,urban,2023-09-30 22:00:00+00:00,1,5.09415,5.1108704
AT,AKC,urban,2023-09-30 23:00:00+00:00,1,5.235099,5.340751
AT,AKC,urban,2023-10-01 00:00:00+00:00,1,5.163599,5.500197
AT,AKC,urban,2023-10-01 01:00:00+00:00,1,5.21565,5.4656587
AT,AKC,urban,2023-10-01 02:00:00+00:00,1,5.766049,5.492128
AT,AKC,urban,2023-10-01 03:00:00+00:00,1,5.504449,5.8999476
AT,AKC,urban,2023-10-01 04:00:00+00:00,1,5.862649,5.7762823
AT,AKC,urban,2023-10-01 05:00:00+00:00,1,5.98865,6.300167
AT,AKC,urban,2023-10-01 06:00:00+00:00,1,6.681349,6.09476
AT,AKC,urban,2023-10-01 07:00:00+00:00,1,7.36295,6.3363147
AT,AKC,urban,2023-10-01 08:00:00+00:00,1,6.934649,6.950011
AT,AKC,urban,2023-10-01 09:00:00+00:00,1,5.661299,6.4775195
AT,AKC,urban,2023-10-01 10:00:00+00:00,1,5.929349,5.486402
AT,AKC,urban,2023-10-01 11:00:00+00:00,1,5.850549,5.889186
AT,AKC,urban,2023-10-01 12:00:00+00:00,1,6.010299,5.5553274
AT,AKC,urban,2023-10-01 13:00:00+00:00,1,6.170399,6.027838
AT,AKC,urban,2023-10-01 14:00:00+00:00,1,6.375699,5.8662877
AT,AKC,urban,2023-10-01 15:00:00+00:00,1,6.4679,6.4545684
AT,AKC,urban,2023-10-01 16:00:00+00:00,1,7.115449,6.8571825
AT,AKC,urban,2023-10-01 17:00:00+00:00,1,7.68595,7.0240164
AT,AKC,urban,2023-10-01 18:00:00+00:00,1,7.683899,7.8307667
AT,AKC,urban,2023-10-01 19:00:00+00:00,1,7.8057,7.4029098
AT,AKC,urban,2023-10-01 20:00:00+00:00,1,8.14575,7.8730884
AT,AKC,urban,2023-10-01 21:00:00+00:00,1,8.236049,8.097911
AT,AKC,urban,2023-10-01 22:00:00+00:00,1,7.93335,8.248482
AT,AKC,urban,2023-10-01 23:00:00+00:00,1,8.062099,7.8782954
AT,AKC,urban,2023-10-02 00:00:00+00:00,1,7.941599,8.121885
AT,AKC,urban,2023-10-02 01:00:00+00:00,1,8.345749,7.940351
AT,AKC,urban,2023-10-02 02:00:00+00:00,1,9.37215,8.42562
AT,AKC,urban,2023-10-02 03:00:00+00:00,1,10.1549,9.270538
AT,AKC,urban,2023-10-02 04:00:00+00:00,1,11.473,10.696627
AT,AKC,urban,2023-10-02 05:00:00+00:00,1,14.107,12.265491
AT,AKC,urban,2023-10-02 06:00:00+00:00,1,11.8345,14.041357
AT,AKC,urban,2023-10-02 07:00:00+00:00,1,12.3745,11.376475
AT,AKC,urban,2023-10-02 08:00:00+00:00,1,9.080299,11.555417
AT,AKC,urban,2023-10-02 09:00:00+00:00,1,7.644949,8.839305
AT,AKC,urban,2023-10-02 10:00:00+00:00,1,6.983249,7.928596
AT,AKC,urban,2023-10-02 11:00:00+00:00,1,6.54005,6.806556
AT,AKC,urban,2023-10-02 12:00:00+00:00,1,6.52085,6.5585356
AT,AKC,urban,2023-10-02 13:00:00+00:00,1,6.942099,6.8168163
AT,AKC,urban,2023-10-02 14:00:00+00:00,1,8.159749,7.229524
AT,AKC,urban,2023-10-02 15:00:00+00:00,1,9.520549,8.400539
AT,AKC,urban,2023-10-02 16:00:00+00:00,1,10.8355,9.9626465
AT,AKC,urban,2023-10-02 17:00:00+00:00,1,12.2155,11.53892
AT,AKC,urban,2023-10-02 18:00:00+00:00,1,12.8255,12.511111
AT,AKC,urban,2023-10-02 19:00:00+00:00,1,14.652,12.89043
AT,AKC,urban,2023-10-02 20:00:00+00:00,1,14.722,13.999692
AT,AKC,urban,2023-10-02 21:00:00+00:00,1,14.325,14.264099
AT,AKC,urban,2023-10-02 22:00:00+00:00,1,15.077,14.231312
AT,AKC,urban,2023-10-02 23:00:00+00:00,1,14.99,14.592265
AT,AKC,urban,2023-10-03 00:00:00+00:00,1,12.807,15.352528
AT,AKC,urban,2023-10-03 01:00:00+00:00,1,12.6145,12.66203
AT,AKC,urban,2023-10-03 02:00:00+00:00,1,13.607,12.676404
AT,AKC,urban,2023-10-03 03:00:00+00:00,1,12.537,13.785414
AT,AKC,urban,2023-10-03 04:00:00+00:00,1,13.346,13.186885
AT,AKC,urban,2023-10-03 05:00:00+00:00,1,14.2135,13.894636
AT,AKC,urban,2023-10-03 06:00:00+00:00,1,14.7515,14.886565
AT,AKC,urban,2023-10-03 07:00:00+00:00,1,13.856,14.664082
AT,AKC,urban,2023-10-03 08:00:00+00:00,1,12.936,13.28769
AT,AKC,urban,2023-10-03 09:00:00+00:00,1,13.5045,13.108972
AT,AKC,urban,2023-10-03 10:00:00+00:00,1,12.4575,12.599612
AT,AKC,urban,2023-10-03 11:00:00+00:00,1,11.358,12.283653
AT,AKC,urban,2023-10-03 12:00:00+00:00,1,12.161,11.354472
AT,AKC,urban,2023-10-03 13:00:00+00:00,1,12.161,11.953558
AT,AKC,urban,2023-10-03 14:00:00+00:00,1,12.2735,12.031533
AT,AKC,urban,2023-10-03 15:00:00+00:00,1,12.346,12.372628
AT,AKC,urban,2023-10-03 16:00:00+00:00,1,13.1235,12.924124
AT,AKC,urban,2023-10-03 17:00:00+00:00,1,14.188,13.212877
AT,AKC,urban,2023-10-03 18:00:00+00:00,1,17.03,13.931711
AT,AKC,urban,2023-10-03 19:00:00+00:00,1,15.901,17.51824
AT,AKC,urban,2023-10-03 20:00:00+00:00,1,10.6118,16.523212
AT,AKC,urban,2023-10-03 21:00:00+00:00,1,15.4715,12.146707
AT,AKC,urban,2023-10-03 22:00:00+00:00,1,6.23145,11.632581
AT,AKC,urban,2023-10-03 23:00:00+00:00,1,3.023099,9.117473
AT,AKC,urban,2023-10-04 00:00:00+00:00,1,3.812549,4.738447
AT,AKC,urban,2023-10-04 01:00:00+00:00,1,2.84835,5.610195
AT,AKC,urban,2023-10-04 02:00:00+00:00,1,2.782299,3.5400035
AT,AKC,urban,2023-10-04 03:00:00+00:00,1,3.4573,3.2051682
AT,AKC,urban,2023-10-04 04:00:00+00:00,1,4.40355,4.0593104
AT,AKC,urban,2023-10-04 05:00:00+00:00,1,5.3113,5.0350633
AT,AKC,urban,2023-10-04 06:00:00+00:00,1,5.590899,5.7707667
AT,AKC,urban,2023-10-04 07:00:00+00:00,1,5.2592,5.7771554
AT,AKC,urban,2023-10-04 08:00:00+00:00,1,7.80385,5.930412
AT,AKC,urban,2023-10-04 09:00:00+00:00,1,5.339099,7.216234
AT,AKC,urban,2023-10-04 10:00:00+00:00,1,4.4587,6.2781444
AT,AKC,urban,2023-10-04 11:00:00+00:00,1,3.35685,5.1417723
AT,AKC,urban,2023-10-04 12:00:00+00:00,1,4.604199,4.0420465
AT,AKC,urban,2023-10-04 13:00:00+00:00,1,5.598249,4.742998
AT,AKC,urban,2023-10-04 14:00:00+00:00,1,8.740349,5.6523795
AT,AKC,urban,2023-10-04 15:00:00+00:00,1,5.352049,9.022756
AT,AKC,urban,2023-10-04 16:00:00+00:00,1,6.026149,7.256953
AT,AKC,urban,2023-10-04 17:00:00+00:00,1,4.000499,7.3907094
AT,AKC,urban,2023-10-04 18:00:00+00:00,1,3.671499,4.5531287
AT,AKC,urban,2023-10-04 19:00:00+00:00,1,3.829249,4.125532
AT,AKC,urban,2023-10-04 20:00:00+00:00,1,4.021699,4.1841006
AT,AKC,urban,2023-10-04 21:00:00+00:00,1,5.86915,4.2688494
AT,AKC,urban,2023-10-04 22:00:00+00:00,1,3.951449,5.8979278
AT,AKC,urban,2023-10-04 23:00:00+00:00,1,3.681799,4.5476227
AT,AKC,urban,2023-10-05 00:00:00+00:00,1,3.829999,4.238137
AT,AKC,urban,2023-10-05 01:00:00+00:00,1,3.453899,4.198605
AT,AKC,urban,2023-10-05 02:00:00+00:00,1,3.81325,3.8563573
AT,AKC,urban,2023-10-05 03:00:00+00:00,1,5.49835,4.276848
AT,AKC,urban,2023-10-05 04:00:00+00:00,1,8.104499,5.975993
AT,AKC,urban,2023-10-05 05:00:00+00:00,1,9.61095,9.488665
AT,AKC,urban,2023-10-05 06:00:00+00:00,1,11.5125,9.9958935
AT,AKC,urban,2023-10-05 07:00:00+00:00,1,11.8645,10.793896
AT,AKC,urban,2023-10-05 08:00:00+00:00,1,11.7765,10.616274
AT,AKC,urban,2023-10-05 09:00:00+00:00,1,10.1046,10.855384
AT,AKC,urban,2023-10-05 10:00:00+00:00,1,8.920049,9.433491
AT,AKC,urban,2023-10-05 11:00:00+00:00,1,7.068349,8.412412
AT,AKC,urban,2023-10-05 12:00:00+00:00,1,13.8795,7.0196934
AT,AKC,urban,2023-10-05 13:00:00+00:00,1,7.233249,10.618477
AT,AKC,urban,2023-10-05 14:00:00+00:00,1,5.377599,8.554522
AT,AKC,urban,2023-10-05 15:00:00+00:00,1,5.597749,6.354638
AT,AKC,urban,2023-10-05 16:00:00+00:00,1,6.14795,5.4658456
AT,AKC,urban,2023-10-05 17:00:00+00:00,1,5.418399,6.1469846
AT,AKC,urban,2023-10-05 18:00:00+00:00,1,4.8333,5.871287
AT,AKC,urban,2023-10-05 19:00:00+00:00,1,4.77745,4.9172688
AT,AKC,urban,2023-10-05 20:00:00+00:00,1,5.03485,4.8617387
AT,AKC,urban,2023-10-05 21:00:00+00:00,1,5.263449,5.1313
AT,AKC,urban,2023-10-05 22:00:00+00:00,1,5.289549,5.410637
AT,AKC,urban,2023-10-05 23:00:00+00:00,1,5.194849,5.358814
AT,AKC,urban,2023-10-06 00:00:00+00:00,1,5.409549,5.2859235
AT,AKC,urban,2023-10-06 01:00:00+00:00,1,5.966449,5.546121
AT,AKC,urban,2023-10-06 02:00:00+00:00,1,6.446849,5.947687
AT,AKC,urban,2023-10-06 03:00:00+00:00,1,9.905849,6.5786943
AT,AKC,urban,2023-10-06 04:00:00+00:00,1,12.401,10.303024
AT,AKC,urban,2023-10-06 05:00:00+00:00,1,10.25875,11.508705
AT,AKC,urban,2023-10-06 06:00:00+00:00,1,7.820449,10.4168825
AT,AKC,urban,2023-10-06 07:00:00+00:00,1,7.000749,7.876363
AT,AKC,urban,2023-10-06 08:00:00+00:00,1,6.10575,6.848319
AT,AKC,urban,2023-10-06 09:00:00+00:00,1,5.2142,6.63144
AT,AKC,urban,2023-10-06 10:00:00+00:00,1,6.5295,5.2696166
AT,AKC,urban,2023-10-06 11:00:00+00:00,1,6.000699,6.208436
AT,AKC,urban,2023-10-06 12:00:00+00:00,1,6.04615,6.006283
AT,AKC,urban,2023-10-06 13:00:00+00:00,1,6.2529,6.2307057
AT,AKC,urban,2023-10-06 14:00:00+00:00,1,6.619999,6.4864244
AT,AKC,urban,2023-10-06 15:00:00+00:00,1,7.484,6.788635
AT,AKC,urban,2023-10-06 16:00:00+00:00,1,8.94565,7.760065
AT,AKC,urban,2023-10-06 17:00:00+00:00,1,9.42905,9.637042
AT,AKC,urban,2023-10-06 18:00:00+00:00,1,8.833049,9.520605
AT,AKC,urban,2023-10-06 19:00:00+00:00,1,8.83855,8.996755
AT,AKC,urban,2023-10-06 20:00:00+00:00,1,8.93555,8.968764
AT,AKC,urban,2023-10-06 21:00:00+00:00,1,9.145449,8.773193
AT,AKC,urban,2023-10-06 22:00:00+00:00,1,8.1695,9.101549
AT,AKC,urban,2023-10-06 23:00:00+00:00,1,9.251049,8.395639
AT,AKC,urban,2023-10-07 00:00:00+00:00,1,10.0364,8.9738655
AT,AKC,urban,2023-10-07 01:00:00+00:00,1,10.33,9.771976
AT,AKC,urban,2023-10-07 02:00:00+00:00,1,9.3231,10.514989
AT,AKC,urban,2023-10-07 03:00:00+00:00,1,11.77465,9.382541
AT,AKC,urban,2023-10-07 04:00:00+00:00,1,10.2757,11.318847
AT,AKC,urban,2023-10-07 05:00:00+00:00,1,12.293,10.633559
AT,AKC,urban,2023-10-07 06:00:00+00:00,1,16.295,10.745425
AT,AKC,urban,2023-10-07 07:00:00+00:00,1,21.6375,13.16492
AT,AKC,urban,2023-10-07 08:00:00+00:00,1,9.95585,16.648794
AT,AKC,urban,2023-10-07 09:00:00+00:00,1,10.79375,10.111017
AT,AKC,urban,2023-10-07 10:00:00+00:00,1,8.1714,9.902033
AT,AKC,urban,2023-10-07 11:00:00+00:00,1,9.730249,8.533686
AT,AKC,urban,2023-10-07 12:00:00+00:00,1,11.42015,9.208377
AT,AKC,urban,2023-10-07 13:00:00+00:00,1,7.92465,10.6042595
AT,AKC,urban,2023-10-07 14:00:00+00:00,1,5.601449,8.712034
AT,AKC,urban,2023-10-07 15:00:00+00:00,1,6.473699,6.3287687
AT,AKC,urban,2023-10-07 16:00:00+00:00,1,6.388,6.772296
AT,AKC,urban,2023-10-07 17:00:00+00:00,1,7.30535,6.7934337
AT,AKC,urban,2023-10-07 18:00:00+00:00,1,9.492899,7.4389315
AT,AKC,urban,2023-10-07 19:00:00+00:00,1,8.944099,9.645642
AT,AKC,urban,2023-10-07 20:00:00+00:00,1,13.997,9.476278
AT,AKC,urban,2023-10-07 21:00:00+00:00,1,11.5095,12.129295
AT,AKC,urban,2023-10-07 22:00:00+00:00,1,8.158399,11.456492
AT,AKC,urban,2023-10-07 23:00:00+00:00,1,5.74655,9.151308
AT,AKC,urban,2023-10-08 00:00:00+00:00,1,5.571249,6.0615478
AT,AKC,urban,2023-10-08 01:00:00+00:00,1,5.372499,5.9051747
AT,AKC,urban,2023-10-08 02:00:00+00:00,1,5.877949,5.650572
AT,AKC,urban,2023-10-08 03:00:00+00:00,1,6.052299,6.1707177
AT,AKC,urban,2023-10-08 04:00:00+00:00,1,6.25355,6.299018
AT,AKC,urban,2023-10-08 05:00:00+00:00,1,6.266949,6.54724
AT,AKC,urban,2023-10-08 06:00:00+00:00,1,6.25205,6.6050873
AT,AKC,urban,2023-10-08 07:00:00+00:00,1,6.71285,6.222891
AT,AKC,urban,2023-10-08 08:00:00+00:00,1,4.178349,6.6163745
AT,AKC,urban,2023-10-08 09:00:00+00:00,1,1.37835,5.8655496
AT,AKC,urban,2023-10-08 10:00:00+00:00,1,1.390799,2.3669124
AT,AKC,urban,2023-10-08 11:00:00+00:00,1,1.53565,2.2990234
AT,AKC,urban,2023-10-08 12:00:00+00:00,1,2.4384,1.7219186
AT,AKC,urban,2023-10-08 13:00:00+00:00,1,3.12835,2.5497282
AT,AKC,urban,2023-10-08 14:00:00+00:00,1,3.2968,3.343997
AT,AKC,urban,2023-10-08 15:00:00+00:00,1,2.98955,3.3484619
AT,AKC,urban,2023-10-08 16:00:00+00:00,1,2.923349,3.103258
AT,AKC,urban,2023-10-08 17:00:00+00:00,1,3.21245,3.2024772
AT,AKC,urban,2023-10-08 18:00:00+00:00,1,3.07835,3.3639975
AT,AKC,urban,2023-10-08 19:00:00+00:00,1,3.14645,3.1901026
AT,AKC,urban,2023-10-08 20:00:00+00:00,1,3.364749,3.168058
AT,AKC,urban,2023-10-08 21:00:00+00:00,1,3.9251,3.3001404
AT,AKC,urban,2023-10-08 22:00:00+00:00,1,4.058199,3.7774544
AT,AKC,urban,2023-10-08 23:00:00+00:00,1,4.248899,4.1732955
AT,AKC,urban,2023-10-09 00:00:00+00:00,1,4.382149,4.3183656
AT,AKC,urban,2023-10-09 01:00:00+00:00,1,4.0296,4.489736
AT,AKC,urban,2023-10-09 02:00:00+00:00,1,4.408699,4.2996426
AT,AKC,urban,2023-10-09 03:00:00+00:00,1,5.1886,4.5842566
AT,AKC,urban,2023-10-09 04:00:00+00:00,1,12.76515,5.2810063
AT,AKC,urban,2023-10-09 05:00:00+00:00,1,6.6549,11.473539
AT,AKC,urban,2023-10-09 06:00:00+00:00,1,5.583149,9.165242
AT,AKC,urban,2023-10-09 07:00:00+00:00,1,7.27145,6.25135
AT,AKC,urban,2023-10-09 08:00:00+00:00,1,9.09525,6.4350257
AT,AKC,urban,2023-10-09 09:00:00+00:00,1,7.815,8.38496
AT,AKC,urban,2023-10-09 10:00:00+00:00,1,9.1813,7.799219
AT,AKC,urban,2023-10-09 11:00:00+00:00,1,8.089599,8.037173
AT,AKC,urban,2023-10-09 12:00:00+00:00,1,9.09095,7.9781146
AT,AKC,urban,2023-10-09 13:00:00+00:00,1,9.95935,7.450148
AT,AKC,urban,2023-10-09 14:00:00+00:00,1,9.145099,9.306387
AT,AKC,urban,2023-10-09 15:00:00+00:00,1,8.42015,8.544568
AT,AKC,urban,2023-10-09 16:00:00+00:00,1,7.546249,8.427862
AT,AKC,urban,2023-10-09 17:00:00+00:00,1,9.340999,7.7269998
AT,AKC,urban,2023-10-09 18:00:00+00:00,1,9.21675,9.06235
AT,AKC,urban,2023-10-09 19:00:00+00:00,1,8.470749,9.315269
AT,AKC,urban,2023-10-09 20:00:00+00:00,1,8.6173,8.404208
AT,AKC,urban,2023-10-09 21:00:00+00:00,1,8.55775,8.502047
AT,AKC,urban,2023-10-09 22:00:00+00:00,1,9.0808,8.541913
AT,AKC,urban,2023-10-09 23:00:00+00:00,1,9.758549,8.926979
AT,AKC,urban,2023-10-10 00:00:00+00:00,1,10.1327,9.744343
AT,AKC,urban,2023-10-10 01:00:00+00:00,1,10.779,10.001491
AT,AKC,urban,2023-10-10 02:00:00+00:00,1,11.1855,10.739411
AT,AKC,urban,2023-10-10 03:00:00+00:00,1,12.0795,11.160023
AT,AKC,urban,2023-10-10 04:00:00+00:00,1,13.3995,12.269219
AT,AKC,urban,2023-10-10 05:00:00+00:00,1,11.308,13.313785
AT,AKC,urban,2023-10-10 06:00:00+00:00,1,10.419,11.873377
AT,AKC,urban,2023-10-10 07:00:00+00:00,1,10.24745,8.598274
AT,AKC,urban,2023-10-10 08:00:00+00:00,1,11.841,9.700492
AT,AKC,urban,2023-10-10 09:00:00+00:00,1,12.6895,10.995934
AT,AKC,urban,2023-10-10 10:00:00+00:00,1,12.687,12.108108
AT,AKC,urban,2023-10-10 11:00:00+00:00,1,13.918,11.780435
AT,AKC,urban,2023-10-10 12:00:00+00:00,1,13.1085,12.474906
AT,AKC,urban,2023-10-10 13:00:00+00:00,1,12.5305,12.78451
AT,AKC,urban,2023-10-10 14:00:00+00:00,1,12.1925,12.561231
AT,AKC,urban,2023-10-10 15:00:00+00:00,1,13.4255,12.319049
AT,AKC,urban,2023-10-10 16:00:00+00:00,1,14.242,12.655166
AT,AKC,urban,2023-10-10 17:00:00+00:00,1,16.704,14.172445
AT,AKC,urban,2023-10-10 18:00:00+00:00,1,16.786,16.288315
AT,AKC,urban,2023-10-10 19:00:00+00:00,1,16.5035,16.967125
AT,AKC,urban,2023-10-10 20:00:00+00:00,1,16.62,16.77268
AT,AKC,urban,2023-10-10 21:00:00+00:00,1,16.3305,16.790777
AT,AKC,urban,2023-10-10 22:00:00+00:00,1,15.0735,16.450035
AT,AKC,urban,2023-10-10 23:00:00+00:00,1,13.877,15.708379
AT,AKC,urban,2023-10-11 00:00:00+00:00,1,13.496,14.323539
AT,AKC,urban,2023-10-11 01:00:00+00:00,1,12.126,13.929747
AT,AKC,urban,2023-10-11 02:00:00+00:00,1,11.954,12.7518635
AT,AKC,urban,2023-10-11 03:00:00+00:00,1,12.2895,12.346365
AT,AKC,urban,2023-10-11 04:00:00+00:00,1,13.4385,12.640198
AT,AKC,urban,2023-10-11 05:00:00+00:00,1,14.3495,13.899735
AT,AKC,urban,2023-10-11 06:00:00+00:00,1,14.346,14.713724
AT,AKC,urban,2023-10-11 07:00:00+00:00,1,14.4475,14.42747
AT,AKC,urban,2023-10-11 08:00:00+00:00,1,13.061,14.103409
AT,AKC,urban,2023-10-11 09:00:00+00:00,1,12.9365,13.109329
AT,AKC,urban,2023-10-11 10:00:00+00:00,1,12.2645,12.344096
AT,AKC,urban,2023-10-11 11:00:00+00:00,1,11.392,12.207034
AT,AKC,urban,2023-10-11 12:00:00+00:00,1,10.8665,11.672021
AT,AKC,urban,2023-10-11 13:00:00+00:00,1,11.4205,11.477783
AT,AKC,urban,2023-10-11 14:00:00+00:00,1,11.455,11.740663
AT,AKC,urban,2023-10-11 15:00:00+00:00,1,15.2995,12.018519
AT,AKC,urban,2023-10-11 16:00:00+00:00,1,16.187,16.476336
AT,AKC,urban,2023-10-11 17:00:00+00:00,1,15.0785,16.704975
AT,AKC,urban,2023-10-11 18:00:00+00:00,1,15.9325,15.720253
AT,AKC,urban,2023-10-11 19:00:00+00:00,1,13.7315,16.251163
AT,AKC,urban,2023-10-11 20:00:00+00:00,1,11.7815,13.937788
AT,AKC,urban,2023-10-11 21:00:00+00:00,1,11.1845,11.571223
AT,AKC,urban,2023-10-11 22:00:00+00:00,1,11.752,11.462253
AT,AKC,urban,2023-10-11 23:00:00+00:00,1,11.859,12.0930605
AT,AKC,urban,2023-10-12 00:00:00+00:00,1,13.9795,12.21718
AT,AKC,urban,2023-10-12 01:00:00+00:00,1,15.041,14.054512
AT,AKC,urban,2023-10-12 02:00:00+00:00,1,15.196,15.4036455
AT,AKC,urban,2023-10-12 03:00:00+00:00,1,13.097,15.566315
AT,AKC,urban,2023-10-12 04:00:00+00:00,1,16.79,13.835723
AT,AKC,urban,2023-10-12 05:00:00+00:00,1,15.8435,16.169939
AT,AKC,urban,2023-10-12 06:00:00+00:00,1,15.691,15.90762
AT,AKC,urban,2023-10-12 07:00:00+00:00,1,16.6155,15.524916
AT,AKC,urban,2023-10-12 08:00:00+00:00,1,13.6165,15.384077
AT,AKC,urban,2023-10-12 09:00:00+00:00,1,11.952,13.489504
AT,AKC,urban,2023-10-12 10:00:00+00:00,1,11.38375,11.955202
AT,AKC,urban,2023-10-12 11:00:00+00:00,1,11.3745,11.251212
AT,AKC,urban,2023-10-12 12:00:00+00:00,1,11.26565,11.756987
AT,AKC,urban,2023-10-12 13:00:00+00:00,1,8.8789,11.361793
AT,AKC,urban,2023-10-12 14:00:00+00:00,1,8.64405,9.678861
AT,AKC,urban,2023-10-12 15:00:00+00:00,1,9.555999,8.685228
AT,AKC,urban,2023-10-12 16:00:00+00:00,1,9.323849,9.747121
AT,AKC,urban,2023-10-12 17:00:00+00:00,1,10.4825,9.929772
AT,AKC,urban,2023-10-12 18:00:00+00:00,1,10.9035,11.269066
AT,AKC,urban,2023-10-12 19:00:00+00:00,1,12.239,11.499783
AT,AKC,urban,2023-10-12 20:00:00+00:00,1,11.016,12.2242155
AT,AKC,urban,2023-10-12 21:00:00+00:00,1,11.058,11.438136
AT,AKC,urban,2023-10-12 22:00:00+00:00,1,12.503,11.430903
AT,AKC,urban,2023-10-12 23:00:00+00:00,1,12.202,12.586803
AT,AKC,urban,2023-10-13 00:00:00+00:00,1,12.012,12.456107
AT,AKC,urban,2023-10-13 01:00:00+00:00,1,10.9825,11.944753
AT,AKC,urban,2023-10-13 02:00:00+00:00,1,11.248,11.350977
AT,AKC,urban,2023-10-13 03:00:00+00:00,1,12.003,11.139505
AT,AKC,urban,2023-10-13 04:00:00+00:00,1,12.0335,12.383579
AT,AKC,urban,2023-10-13 05:00:00+00:00,1,13.123,12.940349
AT,AKC,urban,2023-10-13 06:00:00+00:00,1,13.645,12.432597
AT,AKC,urban,2023-10-13 07:00:00+00:00,1,12.573,12.455171
AT,AKC,urban,2023-10-13 08:00:00+00:00,1,9.4799,12.610496
AT,AKC,urban,2023-10-13 09:00:00+00:00,1,8.250699,9.579217
AT,AKC,urban,2023-10-13 10:00:00+00:00,1,8.436599,8.241457
AT,AKC,urban,2023-10-13 11:00:00+00:00,1,8.3456,8.480077
AT,AKC,urban,2023-10-13 12:00:00+00:00,1,8.683149,8.737975
AT,AKC,urban,2023-10-13 13:00:00+00:00,1,8.58145,8.619541
AT,AKC,urban,2023-10-13 14:00:00+00:00,1,8.924599,8.733197
AT,AKC,urban,2023-10-13 15:00:00+00:00,1,10.1182,9.206732
AT,AKC,urban,2023-10-13 16:00:00+00:00,1,11.0885,10.636932
AT,AKC,urban,2023-10-13 17:00:00+00:00,1,12.2285,11.672181
AT,AKC,urban,2023-10-13 18:00:00+00:00,1,13.962,12.436201
AT,AKC,urban,2023-10-13 19:00:00+00:00,1,14.082,13.655846
AT,AKC,urban,2023-10-13 20:00:00+00:00,1,15.566,13.704033
AT,AKC,urban,2023-10-13 21:00:00+00:00,1,16.2065,14.514298
AT,AKC,urban,2023-10-13 22:00:00+00:00,1,18.1945,15.915416
AT,AKC,urban,2023-10-13 23:00:00+00:00,1,19.732,17.848688
AT,AKC,urban,2023-10-14 00:00:00+00:00,1,20.608,19.424568
AT,AKC,urban,2023-10-14 01:00:00+00:00,1,17.4615,20.34664
AT,AKC,urban,2023-10-14 02:00:00+00:00,1,20.116,16.785353
AT,AKC,urban,2023-10-14 03:00:00+00:00,1,22.6425,19.333763
AT,AKC,urban,2023-10-14 04:00:00+00:00,1,24.864,22.890871
AT,AKC,urban,2023-10-14 05:00:00+00:00,1,25.4645,24.25312
AT,AKC,urban,2023-10-14 06:00:00+00:00,1,24.4885,25.166689
AT,AKC,urban,2023-10-14 07:00:00+00:00,1,20.902,23.155752
AT,AKC,urban,2023-10-14 08:00:00+00:00,1,16.9125,19.533962
AT,AKC,urban,2023-10-14 09:00:00+00:00,1,9.984199,15.394471
AT,AKC,urban,2023-10-14 10:00:00+00:00,1,7.55945,11.8428545
AT,AKC,urban,2023-10-14 11:00:00+00:00,1,7.28215,8.295144
AT,AKC,urban,2023-10-14 12:00:00+00:00,1,6.945349,7.54038
AT,AKC,urban,2023-10-14 13:00:00+00:00,1,6.630949,6.7954297
AT,AKC,urban,2023-10-14 14:00:00+00:00,1,6.238399,6.6239552
AT,AKC,urban,2023-10-14 15:00:00+00:00,1,6.48,6.328302
AT,AKC,urban,2023-10-14 16:00:00+00:00,1,6.518149,6.652064
AT,AKC,urban,2023-10-14 17:00:00+00:00,1,6.491049,6.750932
AT,AKC,urban,2023-10-14 18:00:00+00:00,1,2.3447,6.9240623
AT,AKC,urban,2023-10-14 19:00:00+00:00,1,1.665849,3.448902
AT,AKC,urban,2023-10-14 20:00:00+00:00,1,1.6899,2.5882654
AT,AKC,urban,2023-10-14 21:00:00+00:00,1,1.908249,2.010773
AT,AKC,urban,2023-10-14 22:00:00+00:00,1,2.4175,1.9566145
AT,AKC,urban,2023-10-14 23:00:00+00:00,1,3.314749,2.3347902
AT,AKC,urban,2023-10-15 00:00:00+00:00,1,3.701449,3.2334247
AT,AKC,urban,2023-10-15 01:00:00+00:00,1,3.85545,3.7989686
AT,AKC,urban,2023-10-15 02:00:00+00:00,1,3.969349,4.0701375
AT,AKC,urban,2023-10-15 03:00:00+00:00,1,3.858399,4.2703805
AT,AKC,urban,2023-10-15 04:00:00+00:00,1,3.737349,4.0850415
AT,AKC,urban,2023-10-15 05:00:00+00:00,1,3.597599,3.9315457
AT,AKC,urban,2023-10-15 06:00:00+00:00,1,3.79155,3.7499607
AT,AKC,urban,2023-10-15 07:00:00+00:00,1,4.0162,3.920441
AT,AKC,urban,2023-10-15 08:00:00+00:00,1,4.253449,4.050821
AT,AKC,urban,2023-10-15 09:00:00+00:00,1,3.868099,4.2991014
AT,AKC,urban,2023-10-15 10:00:00+00:00,1,3.648799,4.055578
AT,AKC,urban,2023-10-15 11:00:00+00:00,1,3.420449,3.7185662
AT,AKC,urban,2023-10-15 12:00:00+00:00,1,2.820549,3.51831
AT,AKC,urban,2023-10-15 13:00:00+00:00,1,2.82445,3.021966
AT,AKC,urban,2023-10-15 14:00:00+00:00,1,2.474349,2.9619222
AT,AKC,urban,2023-10-15 15:00:00+00:00,1,3.037349,2.6769288
AT,AKC,urban,2023-10-15 16:00:00+00:00,1,2.762849,2.9697483
AT,AKC,urban,2023-10-15 17:00:00+00:00,1,2.0992,2.848117
AT,AKC,urban,2023-10-15 18:00:00+00:00,1,2.1241,2.4924998
AT,AKC,urban,2023-10-15 19:00:00+00:00,1,2.000599,2.3539205
AT,AKC,urban,2023-10-15 20:00:00+00:00,1,2.5137,2.1476817
AT,AKC,urban,2023-10-15 21:00:00+00:00,1,2.5823,2.2995238
AT,AKC,urban,2023-10-15 22:00:00+00:00,1,2.3938,2.50594
AT,AKC,urban,2023-10-15 23:00:00+00:00,1,3.93265,2.4530692
AT,AKC,urban,2023-10-16 00:00:00+00:00,1,4.296299,3.4259696
AT,AKC,urban,2023-10-16 01:00:00+00:00,1,4.579999,4.0263686
AT,AKC,urban,2023-10-16 02:00:00+00:00,1,2.99615,4.47267
AT,AKC,urban,2023-10-16 03:00:00+00:00,1,4.355599,3.5398576
AT,AKC,urban,2023-10-16 04:00:00+00:00,1,6.405349,5.2176538
AT,AKC,urban,2023-10-16 05:00:00+00:00,1,9.045,6.804507
AT,AKC,urban,2023-10-16 06:00:00+00:00,1,6.6153,8.836498
AT,AKC,urban,2023-10-16 07:00:00+00:00,1,5.7087,6.36691
AT,AKC,urban,2023-10-16 08:00:00+00:00,1,4.4358,5.812972
AT,AKC,urban,2023-10-16 09:00:00+00:00,1,4.322899,4.3353257
AT,AKC,urban,2023-10-16 10:00:00+00:00,1,4.15985,4.305587
AT,AKC,urban,2023-10-16 11:00:00+00:00,1,3.548699,4.2247343
AT,AKC,urban,2023-10-16 12:00:00+00:00,1,2.564949,4.2063236
AT,AKC,urban,2023-10-16 13:00:00+00:00,1,2.451149,2.8255267
AT,AKC,urban,2023-10-16 14:00:00+00:00,1,2.3393,3.1766891
AT,AKC,urban,2023-10-16 15:00:00+00:00,1,2.7279,2.859694
AT,AKC,urban,2023-10-16 16:00:00+00:00,1,5.7333,3.1622205
AT,AKC,urban,2023-10-16 17:00:00+00:00,1,6.841549,6.453376
AT,AKC,urban,2023-10-16 18:00:00+00:00,1,7.354749,8.115263
AT,AKC,urban,2023-10-16 19:00:00+00:00,1,6.83955,8.1940365
AT,AKC,urban,2023-10-16 20:00:00+00:00,1,6.04215,7.1910458
AT,AKC,urban,2023-10-16 21:00:00+00:00,1,6.160599,6.084074
AT,AKC,urban,2023-10-16 22:00:00+00:00,1,4.8898,6.153616
AT,AKC,urban,2023-10-16 23:00:00+00:00,1,5.567349,5.1331353
AT,AKC,urban,2023-10-17 00:00:00+00:00,1,6.5135,5.6901464
AT,AKC,urban,2023-10-17 01:00:00+00:00,1,7.2241,6.515008
AT,AKC,urban,2023-10-17 02:00:00+00:00,1,7.786549,7.239185
AT,AKC,urban,2023-10-17 03:00:00+00:00,1,8.335899,8.052059
AT,AKC,urban,2023-10-17 04:00:00+00:00,1,9.711999,8.733094
AT,AKC,urban,2023-10-17 05:00:00+00:00,1,11.242,10.236536
AT,AKC,urban,2023-10-17 06:00:00+00:00,1,12.236,11.75562
AT,AKC,urban,2023-10-17 07:00:00+00:00,1,11.577,11.981913
AT,AKC,urban,2023-10-17 08:00:00+00:00,1,8.22755,10.712096
AT,AKC,urban,2023-10-17 09:00:00+00:00,1,8.42825,7.4722743
AT,AKC,urban,2023-10-17 10:00:00+00:00,1,7.1427,7.5709405
AT,AKC,urban,2023-10-17 11:00:00+00:00,1,5.99835,7.33209
AT,AKC,urban,2023-10-17 12:00:00+00:00,1,4.861949,6.203115
AT,AKC,urban,2023-10-17 13:00:00+00:00,1,4.288949,5.944968
AT,AKC,urban,2023-10-17 14:00:00+00:00,1,4.723099,4.9221234
AT,AKC,urban,2023-10-17 15:00:00+00:00,1,5.144849,5.1679063
AT,AKC,urban,2023-10-17 16:00:00+00:00,1,6.357399,5.534838
AT,AKC,urban,2023-10-17 17:00:00+00:00,1,6.809999,7.214019
AT,AKC,urban,2023-10-17 18:00:00+00:00,1,6.508049,7.5065374
AT,AKC,urban,2023-10-17 19:00:00+00:00,1,6.849499,6.769018
AT,AKC,urban,2023-10-17 20:00:00+00:00,1,7.204299,7.0330114
AT,AKC,urban,2023-10-17 21:00:00+00:00,1,8.1107,7.263962
AT,AKC,urban,2023-10-17 22:00:00+00:00,1,8.8639,7.8861117
AT,AKC,urban,2023-10-17 23:00:00+00:00,1,10.37895,8.843062
AT,AKC,urban,2023-10-18 00:00:00+00:00,1,11.8045,10.388322
AT,AKC,urban,2023-10-18 01:00:00+00:00,1,13.52,11.927573
AT,AKC,urban,2023-10-18 02:00:00+00:00,1,14.101,13.825874
AT,AKC,urban,2023-10-18 03:00:00+00:00,1,14.507,14.390191
AT,AKC,urban,2023-10-18 04:00:00+00:00,1,15.554,14.755342
AT,AKC,urban,2023-10-18 05:00:00+00:00,1,15.7395,16.073982
AT,AKC,urban,2023-10-18 06:00:00+00:00,1,16.6715,16.442482
AT,AKC,urban,2023-10-18 07:00:00+00:00,1,15.9235,16.066654
AT,AKC,urban,2023-10-18 08:00:00+00:00,1,14.656,15.132049
AT,AKC,urban,2023-10-18 09:00:00+00:00,1,14.5925,14.082263
AT,AKC,urban,2023-10-18 10:00:00+00:00,1,14.8715,13.66265
AT,AKC,urban,2023-10-18 11:00:00+00:00,1,14.0,14.107012
AT,AKC,urban,2023-10-18 12:00:00+00:00,1,14.471,13.539812
AT,AKC,urban,2023-10-18 13:00:00+00:00,1,13.7855,13.632248
AT,AKC,urban,2023-10-18 14:00:00+00:00,1,12.635,13.530661
AT,AKC,urban,2023-10-18 15:00:00+00:00,1,13.6265,12.842765
AT,AKC,urban,2023-10-18 16:00:00+00:00,1,15.3255,13.592681
AT,AKC,urban,2023-10-18 17:00:00+00:00,1,13.874,15.271288
AT,AKC,urban,2023-10-18 18:00:00+00:00,1,11.924,14.740047
AT,AKC,urban,2023-10-18 19:00:00+00:00,1,14.4835,12.4165125
AT,AKC,urban,2023-10-18 20:00:00+00:00,1,13.3455,13.787505
AT,AKC,urban,2023-10-18 21:00:00+00:00,1,15.183,14.416908
AT,AKC,urban,2023-10-18 22:00:00+00:00,1,16.533,15.147116
AT,AKC,urban,2023-10-18 23:00:00+00:00,1,17.15,16.098719
AT,AKC,urban,2023-10-19 00:00:00+00:00,1,17.9245,17.328085
AT,AKC,urban,2023-10-19 01:00:00+00:00,1,19.002,17.693285
AT,AKC,urban,2023-10-19 02:00:00+00:00,1,20.0895,18.613836
AT,AKC,urban,2023-10-19 03:00:00+00:00,1,20.5655,19.618055
AT,AKC,urban,2023-10-19 04:00:00+00:00,1,20.962,21.28418
AT,AKC,urban,2023-10-19 05:00:00+00:00,1,21.449,21.496641
AT,AKC,urban,2023-10-19 06:00:00+00:00,1,21.5575,21.78678
AT,AKC,urban,2023-10-19 07:00:00+00:00,1,22.987,20.684748
AT,AKC,urban,2023-10-19 08:00:00+00:00,1,22.062,22.008938
AT,AKC,urban,2023-10-19 09:00:00+00:00,1,20.005,21.362755
AT,AKC,urban,2023-10-19 10:00:00+00:00,1,18.9715,17.735945
AT,AKC,urban,2023-10-19 11:00:00+00:00,1,19.722,18.578823
AT,AKC,urban,2023-10-19 12:00:00+00:00,1,27.0175,18.79282
AT,AKC,urban,2023-10-19 13:00:00+00:00,1,23.032,25.851357
AT,AKC,urban,2023-10-19 14:00:00+00:00,1,21.9985,22.653017
AT,AKC,urban,2023-10-19 15:00:00+00:00,1,22.249,23.633392
AT,AKC,urban,2023-10-19 16:00:00+00:00,1,24.2645,22.51495
AT,AKC,urban,2023-10-19 17:00:00+00:00,1,25.223,24.744421
AT,AKC,urban,2023-10-19 18:00:00+00:00,1,24.8985,25.90379
AT,AKC,urban,2023-10-19 19:00:00+00:00,1,24.1745,24.653742
AT,AKC,urban,2023-10-19 20:00:00+00:00,1,23.1125,24.497679
AT,AKC,urban,2023-10-19 21:00:00+00:00,1,21.907,23.058456
AT,AKC,urban,2023-10-19 22:00:00+00:00,1,20.4865,21.77512
AT,AKC,urban,2023-10-19 23:00:00+00:00,1,21.5275,20.42835
AT,AKC,urban,2023-10-20 00:00:00+00:00,1,22.4705,21.964983
AT,AKC,urban,2023-10-20 01:00:00+00:00,1,24.179,23.613823
AT,AKC,urban,2023-10-20 02:00:00+00:00,1,23.2925,23.869432
AT,AKC,urban,2023-10-20 03:00:00+00:00,1,20.909,21.477636
AT,AKC,urban,2023-10-20 04:00:00+00:00,1,22.018,20.169132
AT,AKC,urban,2023-10-20 05:00:00+00:00,1,28.039,22.39721
AT,AKC,urban,2023-10-20 06:00:00+00:00,1,24.7885,28.489294
AT,AKC,urban,2023-10-20 07:00:00+00:00,1,25.4115,25.23198
AT,AKC,urban,2023-10-20 08:00:00+00:00,1,19.0165,24.878342
AT,AKC,urban,2023-10-20 09:00:00+00:00,1,10.706,21.010801
AT,AKC,urban,2023-10-20 10:00:00+00:00,1,9.2522,13.5592575
AT,AKC,urban,2023-10-20 11:00:00+00:00,1,10.61355,9.970806
AT,AKC,urban,2023-10-20 12:00:00+00:00,1,13.2335,10.789168
AT,AKC,urban,2023-10-20 13:00:00+00:00,1,21.657,12.943667
AT,AKC,urban,2023-10-20 14:00:00+00:00,1,21.919,18.120966
AT,AKC,urban,2023-10-20 15:00:00+00:00,1,13.2945,21.421144
AT,AKC,urban,2023-10-20 16:00:00+00:00,1,14.6805,15.010409
AT,AKC,urban,2023-10-20 17:00:00+00:00,1,16.255,15.241822
AT,AKC,urban,2023-10-20 18:00:00+00:00,1,16.9995,16.355478
AT,AKC,urban,2023-10-20 19:00:00+00:00,1,17.1205,17.536009
AT,AKC,urban,2023-10-20 20:00:00+00:00,1,17.123,17.420835
AT,AKC,urban,2023-10-20 21:00:00+00:00,1,17.093,17.703915
AT,AKC,urban,2023-10-20 22:00:00+00:00,1,17.249,17.41522
AT,AKC,urban,2023-10-20 23:00:00+00:00,1,16.773,17.477215
AT,AKC,urban,2023-10-21 00:00:00+00:00,1,12.06305,16.995724
AT,AKC,urban,2023-10-21 01:00:00+00:00,1,7.109999,12.240041
AT,AKC,urban,2023-10-21 02:00:00+00:00,1,7.13765,6.5781684
AT,AKC,urban,2023-10-21 03:00:00+00:00,1,7.901999,7.276873
AT,AKC,urban,2023-10-21 04:00:00+00:00,1,8.16215,8.636044
AT,AKC,urban,2023-10-21 05:00:00+00:00,1,7.844699,9.266995
AT,AKC,urban,2023-10-21 06:00:00+00:00,1,9.416999,8.720302
AT,AKC,urban,2023-10-21 07:00:00+00:00,1,7.878399,9.47991
AT,AKC,urban,2023-10-21 08:00:00+00:00,1,5.7553,8.782581
AT,AKC,urban,2023-10-21 09:00:00+00:00,1,5.34825,6.147969
AT,AKC,urban,2023-10-21 10:00:00+00:00,1,5.872149,5.3950663
AT,AKC,urban,2023-10-21 11:00:00+00:00,1,6.737699,5.943911
AT,AKC,urban,2023-10-21 12:00:00+00:00,1,6.5753,7.0175276
AT,AKC,urban,2023-10-21 13:00:00+00:00,1,5.583399,6.9789886
AT,AKC,urban,2023-10-21 14:00:00+00:00,1,4.390549,6.825544
AT,AKC,urban,2023-10-21 15:00:00+00:00,1,4.181499,5.710195
AT,AKC,urban,2023-10-21 16:00:00+00:00,1,4.533699,5.120425
AT,AKC,urban,2023-10-21 17:00:00+00:00,1,6.29465,5.048775
AT,AKC,urban,2023-10-21 18:00:00+00:00,1,6.641449,6.1180534
AT,AKC,urban,2023-10-21 19:00:00+00:00,1,6.944849,6.795227
AT,AKC,urban,2023-10-21 20:00:00+00:00,1,6.5247,7.110036
AT,AKC,urban,2023-10-21 21:00:00+00:00,1,6.099049,6.9241347
AT,AKC,urban,2023-10-21 22:00:00+00:00,1,6.70935,6.474043
AT,AKC,urban,2023-10-21 23:00:00+00:00,1,4.960399,6.935372
AT,AKC,urban,2023-10-22 00:00:00+00:00,1,4.277549,6.3795867
AT,AKC,urban,2023-10-22 01:00:00+00:00,1,3.4169,5.832314
AT,AKC,urban,2023-10-22 02:00:00+00:00,1,3.26285,4.3784375
AT,AKC,urban,2023-10-22 03:00:00+00:00,1,2.360049,4.1270394
AT,AKC,urban,2023-10-22 04:00:00+00:00,1,2.078199,3.2927604
AT,AKC,urban,2023-10-22 05:00:00+00:00,1,1.634949,2.7285953
AT,AKC,urban,2023-10-22 06:00:00+00:00,1,1.934849,2.111191
AT,AKC,urban,2023-10-22 07:00:00+00:00,1,1.460949,1.9164487
AT,AKC,urban,2023-10-22 08:00:00+00:00,1,1.397899,1.913556
AT,AKC,urban,2023-10-22 09:00:00+00:00,1,1.509199,1.7246137
AT,AKC,urban,2023-10-22 10:00:00+00:00,1,1.58,1.6331066
AT,AKC,urban,2023-10-22 11:00:00+00:00,1,1.709599,1.6248329
AT,AKC,urban,2023-10-22 12:00:00+00:00,1,1.862799,1.7276878
AT,AKC,urban,2023-10-22 13:00:00+00:00,1,2.04725,1.8971528
AT,AKC,urban,2023-10-22 14:00:00+00:00,1,2.283149,2.0538583
AT,AKC,urban,2023-10-22 15:00:00+00:00,1,2.539999,2.3440695
AT,AKC,urban,2023-10-22 16:00:00+00:00,1,3.803699,2.5558476
AT,AKC,urban,2023-10-22 17:00:00+00:00,1,3.9619,3.951051
AT,AKC,urban,2023-10-22 18:00:00+00:00,1,4.60165,4.365397
AT,AKC,urban,2023-10-22 19:00:00+00:00,1,5.582349,4.7356696
AT,AKC,urban,2023-10-22 20:00:00+00:00,1,6.466699,5.865403
AT,AKC,urban,2023-10-22 21:00:00+00:00,1,6.7848,6.735684
AT,AKC,urban,2023-10-22 22:00:00+00:00,1,5.682549,6.91673
AT,AKC,urban,2023-10-22 23:00:00+00:00,1,7.331299,6.206422
AT,AKC,urban,2023-10-23 00:00:00+00:00,1,4.355949,7.206333
AT,AKC,urban,2023-10-23 01:00:00+00:00,1,3.8945,4.451308
AT,AKC,urban,2023-10-23 02:00:00+00:00,1,2.986199,4.138179
AT,AKC,urban,2023-10-23 03:00:00+00:00,1,4.918299,3.546932
AT,AKC,urban,2023-10-23 04:00:00+00:00,1,7.28655,5.3420625
AT,AKC,urban,2023-10-23 05:00:00+00:00,1,9.248049,7.8055625
AT,AKC,urban,2023-10-23 06:00:00+00:00,1,12.9385,9.33
AT,AKC,urban,2023-10-23 07:00:00+00:00,1,14.6185,12.136282
AT,AKC,urban,2023-10-23 08:00:00+00:00,1,12.077,11.922263
AT,AKC,urban,2023-10-23 09:00:00+00:00,1,9.583999,10.790976
AT,AKC,urban,2023-10-23 10:00:00+00:00,1,6.841249,8.421442
AT,AKC,urban,2023-10-23 11:00:00+00:00,1,5.841199,6.831072
AT,AKC,urban,2023-10-23 12:00:00+00:00,1,6.369549,5.7746024
AT,AKC,urban,2023-10-23 13:00:00+00:00,1,8.315599,6.465502
AT,AKC,urban,2023-10-23 14:00:00+00:00,1,8.7213,7.998316
AT,AKC,urban,2023-10-23 15:00:00+00:00,1,8.013,8.860142
AT,AKC,urban,2023-10-23 16:00:00+00:00,1,7.8343,8.358926
AT,AKC,urban,2023-10-23 17:00:00+00:00,1,8.43185,8.298687
AT,AKC,urban,2023-10-23 18:00:00+00:00,1,10.578,8.800838
AT,AKC,urban,2023-10-23 19:00:00+00:00,1,12.0305,10.984363
AT,AKC,urban,2023-10-23 20:00:00+00:00,1,12.984,12.673974
AT,AKC,urban,2023-10-23 21:00:00+00:00,1,13.2555,13.044455
AT,AKC,urban,2023-10-23 22:00:00+00:00,1,13.059,12.882233
AT,AKC,urban,2023-10-23 23:00:00+00:00,1,12.598,12.907998
AT,AKC,urban,2023-10-24 00:00:00+00:00,1,12.5525,12.927903
AT,AKC,urban,2023-10-24 01:00:00+00:00,1,13.79,12.791168
AT,AKC,urban,2023-10-24 02:00:00+00:00,1,16.1375,13.838177
AT,AKC,urban,2023-10-24 03:00:00+00:00,1,16.925,16.318144
AT,AKC,urban,2023-10-24 04:00:00+00:00,1,18.754,17.051273
AT,AKC,urban,2023-10-24 05:00:00+00:00,1,16.6425,18.937939
AT,AKC,urban,2023-10-24 06:00:00+00:00,1,17.1735,16.857296
AT,AKC,urban,2023-10-24 07:00:00+00:00,1,18.1365,17.221949
AT,AKC,urban,2023-10-24 08:00:00+00:00,1,15.5785,17.538832
AT,AKC,urban,2023-10-24 09:00:00+00:00,1,11.257,14.664512
AT,AKC,urban,2023-10-24 10:00:00+00:00,1,11.6165,9.996345
AT,AKC,urban,2023-10-24 11:00:00+00:00,1,9.61445,11.224154
AT,AKC,urban,2023-10-24 12:00:00+00:00,1,9.72315,9.450805
AT,AKC,urban,2023-10-24 13:00:00+00:00,1,9.619499,9.654311
AT,AKC,urban,2023-10-24 14:00:00+00:00,1,10.8695,9.727916
AT,AKC,urban,2023-10-24 15:00:00+00:00,1,12.0085,11.098396
AT,AKC,urban,2023-10-24 16:00:00+00:00,1,13.0395,12.519126
AT,AKC,urban,2023-10-24 17:00:00+00:00,1,13.747,13.504447
AT,AKC,urban,2023-10-24 18:00:00+00:00,1,13.533,13.795218
AT,AKC,urban,2023-10-24 19:00:00+00:00,1,15.0015,13.222295
AT,AKC,urban,2023-10-24 20:00:00+00:00,1,10.1685,13.808591
AT,AKC,urban,2023-10-24 21:00:00+00:00,1,10.4495,9.16756
AT,AKC,urban,2023-10-24 22:00:00+00:00,1,9.713399,9.472234
AT,AKC,urban,2023-10-24 23:00:00+00:00,1,10.7029,9.37375
AT,AKC,urban,2023-10-25 00:00:00+00:00,1,10.3624,10.29915
AT,AKC,urban,2023-10-25 01:00:00+00:00,1,8.92735,10.156155
AT,AKC,urban,2023-10-25 02:00:00+00:00,1,7.545299,8.55118
AT,AKC,urban,2023-10-25 03:00:00+00:00,1,7.295,7.435045
AT,AKC,urban,2023-10-25 04:00:00+00:00,1,8.306499,7.330826
AT,AKC,urban,2023-10-25 05:00:00+00:00,1,6.4825,8.306784
AT,AKC,urban,2023-10-25 06:00:00+00:00,1,7.070199,7.3248534
AT,AKC,urban,2023-10-25 07:00:00+00:00,1,6.81395,7.463893
AT,AKC,urban,2023-10-25 08:00:00+00:00,1,6.5684,7.299171
AT,AKC,urban,2023-10-25 09:00:00+00:00,1,4.42195,6.846414
AT,AKC,urban,2023-10-25 10:00:00+00:00,1,4.651599,5.1258564
AT,AKC,urban,2023-10-25 11:00:00+00:00,1,3.5988,5.6939588
AT,AKC,urban,2023-10-25 12:00:00+00:00,1,3.9994,4.4914308
AT,AKC,urban,2023-10-25 13:00:00+00:00,1,2.79725,4.7780504
AT,AKC,urban,2023-10-25 14:00:00+00:00,1,2.6013,4.060916
AT,AKC,urban,2023-10-25 15:00:00+00:00,1,2.49475,3.3083928
AT,AKC,urban,2023-10-25 16:00:00+00:00,1,3.221899,3.2173834
AT,AKC,urban,2023-10-25 17:00:00+00:00,1,3.7322,3.6567807
AT,AKC,urban,2023-10-25 18:00:00+00:00,1,4.70345,4.133113
AT,AKC,urban,2023-10-25 19:00:00+00:00,1,5.00355,4.881554
AT,AKC,urban,2023-10-25 20:00:00+00:00,1,6.324299,5.4295716
AT,AKC,urban,2023-10-25 21:00:00+00:00,1,6.690449,6.183371
AT,AKC,urban,2023-10-25 22:00:00+00:00,1,8.665249,6.6254635
AT,AKC,urban,2023-10-25 23:00:00+00:00,1,7.9098,8.958022
AT,AKC,urban,2023-10-26 00:00:00+00:00,1,7.337249,7.746992
AT,AKC,urban,2023-10-26 01:00:00+00:00,1,5.9953,7.2588286
AT,AKC,urban,2023-10-26 02:00:00+00:00,1,3.24415,6.150018
AT,AKC,urban,2023-10-26 03:00:00+00:00,1,2.716849,4.978618
AT,AKC,urban,2023-10-26 04:00:00+00:00,1,2.4823,4.404288
AT,AKC,urban,2023-10-26 05:00:00+00:00,1,1.54655,3.2072203
AT,AKC,urban,2023-10-26 06:00:00+00:00,1,1.517099,2.0705395
AT,AKC,urban,2023-10-26 07:00:00+00:00,1,1.788399,1.8942505
AT,AKC,urban,2023-10-26 08:00:00+00:00,1,2.957499,1.923563
AT,AKC,urban,2023-10-26 09:00:00+00:00,1,1.760649,3.6948524
AT,AKC,urban,2023-10-26 10:00:00+00:00,1,1.967949,2.5174997
AT,AKC,urban,2023-10-26 11:00:00+00:00,1,2.659749,2.4283106
AT,AKC,urban,2023-10-26 12:00:00+00:00,1,1.817149,2.7103088
AT,AKC,urban,2023-10-26 13:00:00+00:00,1,1.91375,2.3278282
AT,AKC,urban,2023-10-26 14:00:00+00:00,1,2.391749,2.396739
AT,AKC,urban,2023-10-26 15:00:00+00:00,1,5.98015,2.7231505
AT,AKC,urban,2023-10-26 16:00:00+00:00,1,7.7058,6.0994825
AT,AKC,urban,2023-10-26 17:00:00+00:00,1,6.7802,8.601376
AT,AKC,urban,2023-10-26 18:00:00+00:00,1,5.46535,7.1986146
AT,AKC,urban,2023-10-26 19:00:00+00:00,1,7.050049,5.6007166
AT,AKC,urban,2023-10-26 20:00:00+00:00,1,4.269,6.7429905
AT,AKC,urban,2023-10-26 21:00:00+00:00,1,6.50195,4.771173
AT,AKC,urban,2023-10-26 22:00:00+00:00,1,5.866849,6.4427943
AT,AKC,urban,2023-10-26 23:00:00+00:00,1,7.667849,5.775864
AT,AKC,urban,2023-10-27 00:00:00+00:00,1,6.49495,7.441855
AT,AKC,urban,2023-10-27 01:00:00+00:00,1,7.99075,6.603114
AT,AKC,urban,2023-10-27 02:00:00+00:00,1,11.088,7.780005
AT,AKC,urban,2023-10-27 03:00:00+00:00,1,11.474,11.027472
AT,AKC,urban,2023-10-27 04:00:00+00:00,1,9.489399,11.43221
AT,AKC,urban,2023-10-27 05:00:00+00:00,1,4.93385,9.046281
AT,AKC,urban,2023-10-27 06:00:00+00:00,1,2.6932,5.1544
AT,AKC,urban,2023-10-27 07:00:00+00:00,1,1.5261,3.9355109
AT,AKC,urban,2023-10-27 08:00:00+00:00,1,2.009999,2.5126538
AT,AKC,urban,2023-10-27 09:00:00+00:00,1,2.0174,2.0647688
AT,AKC,urban,2023-10-27 10:00:00+00:00,1,1.771849,1.9745848
AT,AKC,urban,2023-10-27 11:00:00+00:00,1,1.922649,1.9525465
AT,AKC,urban,2023-10-27 12:00:00+00:00,1,1.891549,1.9852899
AT,AKC,urban,2023-10-27 13:00:00+00:00,1,1.525799,2.0338314
AT,AKC,urban,2023-10-27 14:00:00+00:00,1,1.825799,1.9240257
AT,AKC,urban,2023-10-27 15:00:00+00:00,1,1.921449,2.0285568
AT,AKC,urban,2023-10-27 16:00:00+00:00,1,2.02045,2.0881858
AT,AKC,urban,2023-10-27 17:00:00+00:00,1,2.131,2.1532686
AT,AKC,urban,2023-10-27 18:00:00+00:00,1,2.48285,2.3950646
AT,AKC,urban,2023-10-27 19:00:00+00:00,1,2.64545,2.574742
AT,AKC,urban,2023-10-27 20:00:00+00:00,1,2.6887,2.7484083
AT,AKC,urban,2023-10-27 21:00:00+00:00,1,2.516099,2.8583024
AT,AKC,urban,2023-10-27 22:00:00+00:00,1,3.0587,2.8754244
AT,AKC,urban,2023-10-27 23:00:00+00:00,1,1.88475,3.1482892
AT,AKC,urban,2023-10-28 00:00:00+00:00,1,1.933099,2.4034107
AT,AKC,urban,2023-10-28 01:00:00+00:00,1,1.975049,2.2471926
AT,AKC,urban,2023-10-28 02:00:00+00:00,1,1.85855,2.1443758
AT,AKC,urban,2023-10-28 03:00:00+00:00,1,2.4203,2.091781
AT,AKC,urban,2023-10-28 04:00:00+00:00,1,2.00575,2.746111
AT,AKC,urban,2023-10-28 05:00:00+00:00,1,1.778849,2.39081
AT,AKC,urban,2023-10-28 06:00:00+00:00,1,1.797549,2.197053
AT,AKC,urban,2023-10-28 07:00:00+00:00,1,1.99445,2.02562
AT,AKC,urban,2023-10-28 08:00:00+00:00,1,2.184,2.0909142
AT,AKC,urban,2023-10-28 09:00:00+00:00,1,2.2097,2.1546166
AT,AKC,urban,2023-10-28 10:00:00+00:00,1,1.811149,2.3750043
AT,AKC,urban,2023-10-28 11:00:00+00:00,1,1.672399,2.1340203
AT,AKC,urban,2023-10-28 12:00:00+00:00,1,1.686749,1.8634187
AT,AKC,urban,2023-10-28 13:00:00+00:00,1,2.0831,1.8822103
AT,AKC,urban,2023-10-28 14:00:00+00:00,1,3.089099,2.0164738
AT,AKC,urban,2023-10-28 15:00:00+00:00,1,4.7381,3.441008
AT,AKC,urban,2023-10-28 16:00:00+00:00,1,7.6554,5.035294
AT,AKC,urban,2023-10-28 17:00:00+00:00,1,9.206199,8.44694
AT,AKC,urban,2023-10-28 18:00:00+00:00,1,10.8985,9.649953
AT,AKC,urban,2023-10-28 19:00:00+00:00,1,11.016,11.070143
AT,AKC,urban,2023-10-28 20:00:00+00:00,1,9.25295,10.794749
AT,AKC,urban,2023-10-28 21:00:00+00:00,1,8.298049,9.105332
AT,AKC,urban,2023-10-28 22:00:00+00:00,1,7.829199,8.473201
AT,AKC,urban,2023-10-28 23:00:00+00:00,1,7.674349,8.035092
AT,AKC,urban,2023-10-29 00:00:00+00:00,1,7.51875,7.6444497
AT,AKC,urban,2023-10-29 01:00:00+00:00,1,8.928899,7.6737666
AT,AKC,urban,2023-10-29 02:00:00+00:00,1,9.504199,8.928415
AT,AKC,urban,2023-10-29 03:00:00+00:00,1,10.61725,9.546313
AT,AKC,urban,2023-10-29 04:00:00+00:00,1,12.032,10.681328
AT,AKC,urban,2023-10-29 05:00:00+00:00,1,11.1435,12.0353565
AT,AKC,urban,2023-10-29 06:00:00+00:00,1,14.103,10.772602
AT,AKC,urban,2023-10-29 07:00:00+00:00,1,12.7545,13.020355
AT,AKC,urban,2023-10-29 08:00:00+00:00,1,12.3065,11.976609
AT,AKC,urban,2023-10-29 09:00:00+00:00,1,12.9285,12.186904
AT,AKC,urban,2023-10-29 10:00:00+00:00,1,9.83835,12.402842
AT,AKC,urban,2023-10-29 11:00:00+00:00,1,9.652099,9.119904
AT,AKC,urban,2023-10-29 12:00:00+00:00,1,9.458549,9.625653
AT,AKC,urban,2023-10-29 13:00:00+00:00,1,5.918149,9.625811
AT,AKC,urban,2023-10-29 14:00:00+00:00,1,7.2662,6.5622964
AT,AKC,urban,2023-10-29 15:00:00+00:00,1,9.97725,7.384158
AT,AKC,urban,2023-10-29 16:00:00+00:00,1,11.9875,10.571267
AT,AKC,urban,2023-10-29 17:00:00+00:00,1,13.052,12.294615
AT,AKC,urban,2023-10-29 18:00:00+00:00,1,16.778,13.304
AT,AKC,urban,2023-10-29 19:00:00+00:00,1,15.4625,16.688799
AT,AKC,urban,2023-10-29 20:00:00+00:00,1,15.2075,15.1706705
AT,AKC,urban,2023-10-29 21:00:00+00:00,1,14.0185,15.439458
AT,AKC,urban,2023-10-29 22:00:00+00:00,1,13.238,14.259202
AT,AKC,urban,2023-10-29 23:00:00+00:00,1,10.12375,13.732291
AT,AKC,urban,2023-10-30 00:00:00+00:00,1,10.882,9.82055
AT,AKC,urban,2023-10-30 01:00:00+00:00,1,12.1255,10.761419
AT,AKC,urban,2023-10-30 02:00:00+00:00,1,12.605,11.7559395
AT,AKC,urban,2023-10-30 03:00:00+00:00,1,11.81,12.270574
AT,AKC,urban,2023-10-30 04:00:00+00:00,1,12.2605,12.2722
AT,AKC,urban,2023-10-30 05:00:00+00:00,1,13.733,12.555506
AT,AKC,urban,2023-10-30 06:00:00+00:00,1,16.719,14.483618
AT,AKC,urban,2023-10-30 07:00:00+00:00,1,16.802,17.237211
AT,AKC,urban,2023-10-30 08:00:00+00:00,1,13.154,16.547356
AT,AKC,urban,2023-10-30 09:00:00+00:00,1,12.109,12.498757
AT,AKC,urban,2023-10-30 10:00:00+00:00,1,13.4695,11.306744
AT,AKC,urban,2023-10-30 11:00:00+00:00,1,13.8885,12.498875
AT,AKC,urban,2023-10-30 12:00:00+00:00,1,12.7785,13.295785
AT,AKC,urban,2023-10-30 13:00:00+00:00,1,12.6605,12.845234
AT,AKC,urban,2023-10-30 14:00:00+00:00,1,14.659,12.86386
AT,AKC,urban,2023-10-30 15:00:00+00:00,1,17.0175,15.15976
AT,AKC,urban,2023-10-30 16:00:00+00:00,1,17.344,18.045906
AT,AKC,urban,2023-10-30 17:00:00+00:00,1,10.1222,17.682991
AT,AKC,urban,2023-10-30 18:00:00+00:00,1,7.040599,9.097309
AT,AKC,urban,2023-10-30 19:00:00+00:00,1,6.098599,7.4070477
AT,AKC,urban,2023-10-30 20:00:00+00:00,1,5.833199,7.2842135
AT,AKC,urban,2023-10-30 21:00:00+00:00,1,5.741799,6.475878
AT,AKC,urban,2023-10-30 22:00:00+00:00,1,5.6672,6.129136
AT,AKC,urban,2023-10-30 23:00:00+00:00,1,5.6823,6.0301313
AT,AKC,urban,2023-10-31 00:00:00+00:00,1,5.769949,6.128874
AT,AKC,urban,2023-10-31 01:00:00+00:00,1,5.802649,6.3210745
AT,AKC,urban,2023-10-31 02:00:00+00:00,1,3.942499,6.320053
AT,AKC,urban,2023-10-31 03:00:00+00:00,1,1.943199,4.8275714
AT,AKC,urban,2023-10-31 04:00:00+00:00,1,2.41125,2.7379482
AT,AKC,urban,2023-10-31 05:00:00+00:00,1,5.037099,3.964103
AT,AKC,urban,2023-10-31 06:00:00+00:00,1,5.9259,5.8035846
AT,AKC,urban,2023-10-31 07:00:00+00:00,1,3.8354,5.979412
AT,AKC,urban,2023-10-31 08:00:00+00:00,1,5.988999,5.0817776
AT,AKC,urban,2023-10-31 09:00:00+00:00,1,2.75885,5.8964353
AT,AKC,urban,2023-10-31 10:00:00+00:00,1,2.0341,3.1606338
AT,AKC,urban,2023-10-31 11:00:00+00:00,1,1.749449,2.6963632
AT,AKC,urban,2023-10-31 12:00:00+00:00,1,1.80115,2.2729146
AT,AKC,urban,2023-10-31 13:00:00+00:00,1,1.840849,2.0921845
AT,AKC,urban,2023-10-31 14:00:00+00:00,1,1.945349,2.0206847
AT,AKC,urban,2023-10-31 15:00:00+00:00,1,2.4853,2.0833144
AT,AKC,urban,2023-10-31 16:00:00+00:00,1,2.465849,2.3523536
AT,AKC,urban,2023-10-31 17:00:00+00:00,1,2.793799,2.4565725
AT,AKC,urban,2023-10-31 18:00:00+00:00,1,3.3403,2.8241131
AT,AKC,urban,2023-10-31 19:00:00+00:00,1,3.3572,3.2338035
AT,AKC,urban,2023-10-31 20:00:00+00:00,1,4.51175,3.4118
AT,AKC,urban,2023-10-31 21:00:00+00:00,1,4.006,4.4839954
AT,AKC,urban,2023-10-31 22:00:00+00:00,1,4.07485,4.1253138
AT,AKC,urban,2023-10-31 23:00:00+00:00,1,4.005149,3.9796178
AT,AKC,urban,2023-11-01 00:00:00+00:00,1,3.226049,4.117539
AT,AKC,urban,2023-11-01 01:00:00+00:00,1,2.44745,3.46557
AT,AKC,urban,2023-11-01 02:00:00+00:00,1,1.632899,2.8517952
AT,AKC,urban,2023-11-01 03:00:00+00:00,1,1.462699,2.319035
AT,AKC,urban,2023-11-01 04:00:00+00:00,1,1.699749,1.9766586
AT,AKC,urban,2023-11-01 05:00:00+00:00,1,2.296999,1.8316952
AT,AKC,urban,2023-11-01 06:00:00+00:00,1,2.423949,2.5787325
AT,AKC,urban,2023-11-01 07:00:00+00:00,1,2.262049,2.5958622
AT,AKC,urban,2023-11-01 08:00:00+00:00,1,1.98985,2.590934
AT,AKC,urban,2023-11-01 09:00:00+00:00,1,1.640799,2.2325773
AT,AKC,urban,2023-11-01 10:00:00+00:00,1,1.67295,2.0600867
AT,AKC,urban,2023-11-01 11:00:00+00:00,1,1.35095,2.012025
AT,AKC,urban,2023-11-01 12:00:00+00:00,1,1.5819,1.7502102
AT,AKC,urban,2023-11-01 13:00:00+00:00,1,2.04435,1.8637445
AT,AKC,urban,2023-11-01 14:00:00+00:00,1,2.5496,2.2367167
AT,AKC,urban,2023-11-01 15:00:00+00:00,1,2.661399,2.740657
AT,AKC,urban,2023-11-01 16:00:00+00:00,1,4.002399,2.92388
AT,AKC,urban,2023-11-01 17:00:00+00:00,1,4.4734,4.1742325
AT,AKC,urban,2023-11-01 18:00:00+00:00,1,4.8062,4.607791
AT,AKC,urban,2023-11-01 19:00:00+00:00,1,5.31075,4.944667
AT,AKC,urban,2023-11-01 20:00:00+00:00,1,5.312999,5.4450336
AT,AKC,urban,2023-11-01 21:00:00+00:00,1,6.57995,5.373095
AT,AKC,urban,2023-11-01 22:00:00+00:00,1,7.22025,6.655799
AT,AKC,urban,2023-11-01 23:00:00+00:00,1,6.342149,7.4865084
AT,AKC,urban,2023-11-02 00:00:00+00:00,1,6.521399,6.6015944
AT,AKC,urban,2023-11-02 01:00:00+00:00,1,5.92825,6.774989
AT,AKC,urban,2023-11-02 02:00:00+00:00,1,6.259399,6.0648093
AT,AKC,urban,2023-11-02 03:00:00+00:00,1,7.1455,6.437546
AT,AKC,urban,2023-11-02 04:00:00+00:00,1,8.168399,7.3823657
AT,AKC,urban,2023-11-02 05:00:00+00:00,1,7.979749,8.555656
AT,AKC,urban,2023-11-02 06:00:00+00:00,1,6.360249,8.469825
AT,AKC,urban,2023-11-02 07:00:00+00:00,1,7.5735,6.636295
AT,AKC,urban,2023-11-02 08:00:00+00:00,1,4.67045,7.3980646
AT,AKC,urban,2023-11-02 09:00:00+00:00,1,5.1321,5.725455
AT,AKC,urban,2023-11-02 10:00:00+00:00,1,4.423749,5.6129394
AT,AKC,urban,2023-11-02 11:00:00+00:00,1,4.297249,4.91355
AT,AKC,urban,2023-11-02 12:00:00+00:00,1,4.4828,4.735179
AT,AKC,urban,2023-11-02 13:00:00+00:00,1,4.7283,4.672465
AT,AKC,urban,2023-11-02 14:00:00+00:00,1,4.02535,4.868398
AT,AKC,urban,2023-11-02 15:00:00+00:00,1,3.26595,4.6444044
AT,AKC,urban,2023-11-02 16:00:00+00:00,1,3.1326,3.9956198
AT,AKC,urban,2023-11-02 17:00:00+00:00,1,3.578749,3.570094
AT,AKC,urban,2023-11-02 18:00:00+00:00,1,3.297499,3.5117595
AT,AKC,urban,2023-11-02 19:00:00+00:00,1,3.311749,3.6490602
AT,AKC,urban,2023-11-02 20:00:00+00:00,1,3.247699,3.8753004
AT,AKC,urban,2023-11-02 21:00:00+00:00,1,3.29225,3.585342
AT,AKC,urban,2023-11-02 22:00:00+00:00,1,1.801249,3.4925568
AT,AKC,urban,2023-11-02 23:00:00+00:00,1,1.492199,2.5222368
AT,AKC,urban,2023-11-03 00:00:00+00:00,1,1.421,2.0505
AT,AKC,urban,2023-11-03 01:00:00+00:00,1,1.10385,1.6609024
AT,AKC,urban,2023-11-03 02:00:00+00:00,1,0.930595,1.5513583
AT,AKC,urban,2023-11-03 03:00:00+00:00,1,0.939904,1.4210439
AT,AKC,urban,2023-11-03 04:00:00+00:00,1,1.43575,1.0716677
AT,AKC,urban,2023-11-03 05:00:00+00:00,1,2.67635,1.6462864
AT,AKC,urban,2023-11-03 06:00:00+00:00,1,3.9993,3.3127253
AT,AKC,urban,2023-11-03 07:00:00+00:00,1,1.868099,4.294266
AT,AKC,urban,2023-11-03 08:00:00+00:00,1,2.126149,2.7737591
AT,AKC,urban,2023-11-03 09:00:00+00:00,1,1.69725,2.6282823
AT,AKC,urban,2023-11-03 10:00:00+00:00,1,1.18985,1.9022727
AT,AKC,urban,2023-11-03 11:00:00+00:00,1,1.49335,1.7413788
AT,AKC,urban,2023-11-03 12:00:00+00:00,1,1.506199,1.6258079
AT,AKC,urban,2023-11-03 13:00:00+00:00,1,1.750599,1.6371771
AT,AKC,urban,2023-11-03 14:00:00+00:00,1,1.738049,1.7234865
AT,AKC,urban,2023-11-03 15:00:00+00:00,1,2.07165,1.8997558
AT,AKC,urban,2023-11-03 16:00:00+00:00,1,2.68585,2.0552332
AT,AKC,urban,2023-11-03 17:00:00+00:00,1,2.960449,2.467961
AT,AKC,urban,2023-11-03 18:00:00+00:00,1,3.320499,2.8378382
AT,AKC,urban,2023-11-03 19:00:00+00:00,1,2.9545,3.158584
AT,AKC,urban,2023-11-03 20:00:00+00:00,1,2.529399,3.059968
AT,AKC,urban,2023-11-03 21:00:00+00:00,1,2.2681,2.734898
AT,AKC,urban,2023-11-03 22:00:00+00:00,1,2.127449,2.4939368
AT,AKC,urban,2023-11-03 23:00:00+00:00,1,2.1654,2.3433013
AT,AKC,urban,2023-11-04 00:00:00+00:00,1,1.558049,2.1648078
AT,AKC,urban,2023-11-04 01:00:00+00:00,1,1.77775,1.9743336
AT,AKC,urban,2023-11-04 02:00:00+00:00,1,1.6094,1.901213
AT,AKC,urban,2023-11-04 03:00:00+00:00,1,1.738499,1.6934532
AT,AKC,urban,2023-11-04 04:00:00+00:00,1,2.2272,1.9658262
AT,AKC,urban,2023-11-04 05:00:00+00:00,1,2.69505,2.4983408
AT,AKC,urban,2023-11-04 06:00:00+00:00,1,3.652849,2.9201035
AT,AKC,urban,2023-11-04 07:00:00+00:00,1,2.9107,3.987138
AT,AKC,urban,2023-11-04 08:00:00+00:00,1,2.0857,3.5547972
AT,AKC,urban,2023-11-04 09:00:00+00:00,1,1.89385,2.5126102
AT,AKC,urban,2023-11-04 10:00:00+00:00,1,2.22445,2.20426
AT,AKC,urban,2023-11-04 11:00:00+00:00,1,1.90155,2.285413
AT,AKC,urban,2023-11-04 12:00:00+00:00,1,1.822849,2.2176769
AT,AKC,urban,2023-11-04 13:00:00+00:00,1,2.03125,2.1107602
AT,AKC,urban,2023-11-04 14:00:00+00:00,1,2.61675,2.25856
AT,AKC,urban,2023-11-04 15:00:00+00:00,1,3.189499,2.7062347
AT,AKC,urban,2023-11-04 16:00:00+00:00,1,4.750599,3.2907467
AT,AKC,urban,2023-11-04 17:00:00+00:00,1,6.222499,4.59612
AT,AKC,urban,2023-11-04 18:00:00+00:00,1,7.8695,6.0327144
AT,AKC,urban,2023-11-04 19:00:00+00:00,1,8.1187,8.020141
AT,AKC,urban,2023-11-04 20:00:00+00:00,1,7.90425,8.12498
AT,AKC,urban,2023-11-04 21:00:00+00:00,1,8.20555,7.882977
AT,AKC,urban,2023-11-04 22:00:00+00:00,1,8.383,8.223046
AT,AKC,urban,2023-11-04 23:00:00+00:00,1,7.9951,8.240831
AT,AKC,urban,2023-11-05 00:00:00+00:00,1,8.718199,7.940859
AT,AKC,urban,2023-11-05 01:00:00+00:00,1,3.04675,8.490751
AT,AKC,urban,2023-11-05 02:00:00+00:00,1,2.476649,3.8257773
AT,AKC,urban,2023-11-05 03:00:00+00:00,1,2.643599,3.1232562
AT,AKC,urban,2023-11-05 04:00:00+00:00,1,3.04005,2.7937582
AT,AKC,urban,2023-11-05 05:00:00+00:00,1,3.11015,3.1342866
AT,AKC,urban,2023-11-05 06:00:00+00:00,1,3.16015,3.1841347
AT,AKC,urban,2023-11-05 07:00:00+00:00,1,3.119299,3.3470557
AT,AKC,urban,2023-11-05 08:00:00+00:00,1,3.9229,3.343777
AT,AKC,urban,2023-11-05 09:00:00+00:00,1,3.820149,3.7298362
AT,AKC,urban,2023-11-05 10:00:00+00:00,1,3.224949,3.6974325
AT,AKC,urban,2023-11-05 11:00:00+00:00,1,2.581349,3.5381725
AT,AKC,urban,2023-11-05 12:00:00+00:00,1,2.317649,2.96163
AT,AKC,urban,2023-11-05 13:00:00+00:00,1,2.898799,2.7826657
AT,AKC,urban,2023-11-05 14:00:00+00:00,1,3.590649,3.083423
AT,AKC,urban,2023-11-05 15:00:00+00:00,1,4.19105,3.8419068
AT,AKC,urban,2023-11-05 16:00:00+00:00,1,9.288849,4.34796
AT,AKC,urban,2023-11-05 17:00:00+00:00,1,11.0075,9.435336
AT,AKC,urban,2023-11-05 18:00:00+00:00,1,3.9814,10.538942
AT,AKC,urban,2023-11-05 19:00:00+00:00,1,1.742249,4.1864448
AT,AKC,urban,2023-11-05 20:00:00+00:00,1,1.632999,3.2565038
AT,AKC,urban,2023-11-05 21:00:00+00:00,1,1.503299,2.0994356
AT,AKC,urban,2023-11-05 22:00:00+00:00,1,1.548399,1.7871393
AT,AKC,urban,2023-11-05 23:00:00+00:00,1,1.581449,1.8267766
AT,AKC,urban,2023-11-06 00:00:00+00:00,1,1.628749,1.7713171
AT,AKC,urban,2023-11-06 01:00:00+00:00,1,1.674749,1.7233518
AT,AKC,urban,2023-11-06 02:00:00+00:00,1,1.70525,1.7301908
AT,AKC,urban,2023-11-06 03:00:00+00:00,1,1.8005,1.9087138
AT,AKC,urban,2023-11-06 04:00:00+00:00,1,2.36775,2.0019217
AT,AKC,urban,2023-11-06 05:00:00+00:00,1,3.6595,2.7629435
AT,AKC,urban,2023-11-06 06:00:00+00:00,1,3.521349,4.423089
AT,AKC,urban,2023-11-06 07:00:00+00:00,1,3.8315,4.692289
AT,AKC,urban,2023-11-06 08:00:00+00:00,1,4.456099,4.302539
AT,AKC,urban,2023-11-06 09:00:00+00:00,1,4.55,4.3844714
AT,AKC,urban,2023-11-06 10:00:00+00:00,1,3.207,4.365593
AT,AKC,urban,2023-11-06 11:00:00+00:00,1,3.02815,3.736634
AT,AKC,urban,2023-11-06 12:00:00+00:00,1,3.269199,3.6185296
AT,AKC,urban,2023-11-06 13:00:00+00:00,1,3.616,3.4814157
AT,AKC,urban,2023-11-06 14:00:00+00:00,1,4.372149,3.8908024
AT,AKC,urban,2023-11-06 15:00:00+00:00,1,4.54535,4.605633
AT,AKC,urban,2023-11-06 16:00:00+00:00,1,7.973849,5.319649
AT,AKC,urban,2023-11-06 17:00:00+00:00,1,7.90495,9.632053
AT,AKC,urban,2023-11-06 18:00:00+00:00,1,5.869549,7.466625
AT,AKC,urban,2023-11-06 19:00:00+00:00,1,7.713899,6.532286
AT,AKC,urban,2023-11-06 20:00:00+00:00,1,9.279,7.7497435
AT,AKC,urban,2023-11-06 21:00:00+00:00,1,6.213649,9.09419
AT,AKC,urban,2023-11-06 22:00:00+00:00,1,6.742699,6.755094
AT,AKC,urban,2023-11-06 23:00:00+00:00,1,3.754349,6.8489513
AT,AKC,urban,2023-11-07 00:00:00+00:00,1,3.75955,4.172786
AT,AKC,urban,2023-11-07 01:00:00+00:00,1,2.660599,3.7892654
AT,AKC,urban,2023-11-07 02:00:00+00:00,1,2.828299,3.5786068
AT,AKC,urban,2023-11-07 03:00:00+00:00,1,2.52365,3.1008675
AT,AKC,urban,2023-11-07 04:00:00+00:00,1,2.52565,2.7778182
AT,AKC,urban,2023-11-07 05:00:00+00:00,1,3.6925,3.0630527
AT,AKC,urban,2023-11-07 06:00:00+00:00,1,4.50295,4.5040402
AT,AKC,urban,2023-11-07 07:00:00+00:00,1,5.4025,5.5509114
AT,AKC,urban,2023-11-07 08:00:00+00:00,1,4.69315,5.4312363
AT,AKC,urban,2023-11-07 09:00:00+00:00,1,8.9582,5.0351715
AT,AKC,urban,2023-11-07 10:00:00+00:00,1,5.792949,7.995838
AT,AKC,urban,2023-11-07 11:00:00+00:00,1,5.27075,6.47249
AT,AKC,urban,2023-11-07 12:00:00+00:00,1,7.124549,6.14052
AT,AKC,urban,2023-11-07 13:00:00+00:00,1,6.5577,6.457402
AT,AKC,urban,2023-11-07 14:00:00+00:00,1,6.373899,6.4748707
AT,AKC,urban,2023-11-07 15:00:00+00:00,1,7.3261,6.9425573
AT,AKC,urban,2023-11-07 16:00:00+00:00,1,6.83345,7.055852
AT,AKC,urban,2023-11-07 17:00:00+00:00,1,5.769149,6.796448
AT,AKC,urban,2023-11-07 18:00:00+00:00,1,5.20755,5.7011285
AT,AKC,urban,2023-11-07 19:00:00+00:00,1,6.10295,5.33345
AT,AKC,urban,2023-11-07 20:00:00+00:00,1,4.08195,6.1643987
AT,AKC,urban,2023-11-07 21:00:00+00:00,1,2.762,4.3765726
AT,AKC,urban,2023-11-07 22:00:00+00:00,1,2.43735,3.141267
AT,AKC,urban,2023-11-07 23:00:00+00:00,1,3.23915,2.684831
AT,AKC,urban,2023-11-08 00:00:00+00:00,1,4.946749,2.9903212
AT,AKC,urban,2023-11-08 01:00:00+00:00,1,4.950799,4.2303205
AT,AKC,urban,2023-11-08 02:00:00+00:00,1,4.496799,4.94925
AT,AKC,urban,2023-11-08 03:00:00+00:00,1,4.025499,4.600327
AT,AKC,urban,2023-11-08 04:00:00+00:00,1,3.127399,4.162706
AT,AKC,urban,2023-11-08 05:00:00+00:00,1,5.04615,3.4895015
AT,AKC,urban,2023-11-08 06:00:00+00:00,1,4.420399,5.103752
AT,AKC,urban,2023-11-08 07:00:00+00:00,1,3.291599,4.8167963
AT,AKC,urban,2023-11-08 08:00:00+00:00,1,3.084,4.124752
AT,AKC,urban,2023-11-08 09:00:00+00:00,1,3.485849,3.9758391
AT,AKC,urban,2023-11-08 10:00:00+00:00,1,3.2273,3.8456268
AT,AKC,urban,2023-11-08 11:00:00+00:00,1,3.697199,3.4149964
AT,AKC,urban,2023-11-08 12:00:00+00:00,1,3.148799,3.869632
AT,AKC,urban,2023-11-08 13:00:00+00:00,1,3.611999,3.8196576
AT,AKC,urban,2023-11-08 14:00:00+00:00,1,3.85545,3.9749134
AT,AKC,urban,2023-11-08 15:00:00+00:00,1,6.101099,4.276498
AT,AKC,urban,2023-11-08 16:00:00+00:00,1,8.383299,6.512183
AT,AKC,urban,2023-11-08 17:00:00+00:00,1,10.0975,9.008901
AT,AKC,urban,2023-11-08 18:00:00+00:00,1,10.15135,10.641183
AT,AKC,urban,2023-11-08 19:00:00+00:00,1,9.2795,9.498648
AT,AKC,urban,2023-11-08 20:00:00+00:00,1,11.3175,9.291822
AT,AKC,urban,2023-11-08 21:00:00+00:00,1,8.73845,11.162183
AT,AKC,urban,2023-11-08 22:00:00+00:00,1,8.6925,8.413819
AT,AKC,urban,2023-11-08 23:00:00+00:00,1,7.774999,8.933256
AT,AKC,urban,2023-11-09 00:00:00+00:00,1,6.10295,7.9884777
AT,AKC,urban,2023-11-09 01:00:00+00:00,1,8.0409,5.8740773
AT,AKC,urban,2023-11-09 02:00:00+00:00,1,6.855199,7.789952
AT,AKC,urban,2023-11-09 03:00:00+00:00,1,5.745299,7.0572476
AT,AKC,urban,2023-11-09 04:00:00+00:00,1,5.9375,6.262197
AT,AKC,urban,2023-11-09 05:00:00+00:00,1,8.100349,6.599336
AT,AKC,urban,2023-11-09 06:00:00+00:00,1,9.254549,8.844398
AT,AKC,urban,2023-11-09 07:00:00+00:00,1,10.6285,9.1512375
AT,AKC,urban,2023-11-09 08:00:00+00:00,1,13.257,10.447411
AT,AKC,urban,2023-11-09 09:00:00+00:00,1,10.5745,12.537309
AT,AKC,urban,2023-11-09 10:00:00+00:00,1,10.6365,10.2630205
AT,AKC,urban,2023-11-09 11:00:00+00:00,1,9.98505,9.799563
AT,AKC,urban,2023-11-09 12:00:00+00:00,1,8.272199,9.889736
AT,AKC,urban,2023-11-09 13:00:00+00:00,1,6.761499,8.639065
AT,AKC,urban,2023-11-09 14:00:00+00:00,1,8.716549,8.1239605
AT,AKC,urban,2023-11-09 15:00:00+00:00,1,11.469,9.641991
AT,AKC,urban,2023-11-09 16:00:00+00:00,1,10.4,12.696859
AT,AKC,urban,2023-11-09 17:00:00+00:00,1,14.799,10.085987
AT,AKC,urban,2023-11-09 18:00:00+00:00,1,16.2975,15.023075
AT,AKC,urban,2023-11-09 19:00:00+00:00,1,15.652,16.879559
AT,AKC,urban,2023-11-09 20:00:00+00:00,1,16.205,16.208889
AT,AKC,urban,2023-11-09 21:00:00+00:00,1,16.7865,16.26214
AT,AKC,urban,2023-11-09 22:00:00+00:00,1,18.2505,16.761778
AT,AKC,urban,2023-11-09 23:00:00+00:00,1,18.132,18.052181
AT,AKC,urban,2023-11-10 00:00:00+00:00,1,15.535,18.261059
AT,AKC,urban,2023-11-10 01:00:00+00:00,1,16.8695,15.3847885
AT,AKC,urban,2023-11-10 02:00:00+00:00,1,18.033,17.1504
AT,AKC,urban,2023-11-10 03:00:00+00:00,1,15.7705,18.544598
AT,AKC,urban,2023-11-10 04:00:00+00:00,1,13.425,15.418752
AT,AKC,urban,2023-11-10 05:00:00+00:00,1,11.407,13.275056
AT,AKC,urban,2023-11-10 06:00:00+00:00,1,11.0885,11.727803
AT,AKC,urban,2023-11-10 07:00:00+00:00,1,15.1245,11.867382
AT,AKC,urban,2023-11-10 08:00:00+00:00,1,14.304,15.29503
AT,AKC,urban,2023-11-10 09:00:00+00:00,1,5.394149,14.463607
AT,AKC,urban,2023-11-10 10:00:00+00:00,1,4.94385,5.701177
AT,AKC,urban,2023-11-10 11:00:00+00:00,1,5.1028,5.437765
AT,AKC,urban,2023-11-10 12:00:00+00:00,1,5.44455,5.5222435
AT,AKC,urban,2023-11-10 13:00:00+00:00,1,9.78775,5.895511
AT,AKC,urban,2023-11-10 14:00:00+00:00,1,12.2435,9.418595
AT,AKC,urban,2023-11-10 15:00:00+00:00,1,12.0415,12.123638
AT,AKC,urban,2023-11-10 16:00:00+00:00,1,14.9795,12.379027
AT,AKC,urban,2023-11-10 17:00:00+00:00,1,15.26,14.284215
AT,AKC,urban,2023-11-10 18:00:00+00:00,1,14.3815,14.42919
AT,AKC,urban,2023-11-10 19:00:00+00:00,1,14.298,13.681795
AT,AKC,urban,2023-11-10 20:00:00+00:00,1,10.21325,13.196829
AT,AKC,urban,2023-11-10 21:00:00+00:00,1,8.95265,9.967343
AT,AKC,urban,2023-11-10 22:00:00+00:00,1,11.8315,7.99615
AT,AKC,urban,2023-11-10 23:00:00+00:00,1,11.206,11.057701
AT,AKC,urban,2023-11-11 00:00:00+00:00,1,8.022749,10.48566
AT,AKC,urban,2023-11-11 01:00:00+00:00,1,6.17065,7.8506293
AT,AKC,urban,2023-11-11 02:00:00+00:00,1,4.986199,6.0353646
AT,AKC,urban,2023-11-11 03:00:00+00:00,1,4.67945,4.996229
AT,AKC,urban,2023-11-11 04:00:00+00:00,1,4.69915,4.6896434
AT,AKC,urban,2023-11-11 05:00:00+00:00,1,4.752699,4.772965
AT,AKC,urban,2023-11-11 06:00:00+00:00,1,5.24845,4.997292
AT,AKC,urban,2023-11-11 07:00:00+00:00,1,2.857349,5.4664373
AT,AKC,urban,2023-11-11 08:00:00+00:00,1,2.09325,3.7624342
AT,AKC,urban,2023-11-11 09:00:00+00:00,1,1.951249,2.8650787
AT,AKC,urban,2023-11-11 10:00:00+00:00,1,1.982,2.6067173
AT,AKC,urban,2023-11-11 11:00:00+00:00,1,1.600549,2.5580454
AT,AKC,urban,2023-11-11 12:00:00+00:00,1,1.644449,2.140011
AT,AKC,urban,2023-11-11 13:00:00+00:00,1,1.2448,1.9967592
AT,AKC,urban,2023-11-11 14:00:00+00:00,1,1.3768,1.7578328
AT,AKC,urban,2023-11-11 15:00:00+00:00,1,2.01605,1.7561191
AT,AKC,urban,2023-11-11 16:00:00+00:00,1,1.816449,1.9426134
AT,AKC,urban,2023-11-11 17:00:00+00:00,1,2.075049,2.047635
AT,AKC,urban,2023-11-11 18:00:00+00:00,1,2.958849,2.1542172
AT,AKC,urban,2023-11-11 19:00:00+00:00,1,3.71175,2.6962545
AT,AKC,urban,2023-11-11 20:00:00+00:00,1,4.0764,3.5799756
AT,AKC,urban,2023-11-11 21:00:00+00:00,1,4.3213,3.945063
AT,AKC,urban,2023-11-11 22:00:00+00:00,1,4.46675,4.389734
AT,AKC,urban,2023-11-11 23:00:00+00:00,1,5.07005,4.304578
AT,AKC,urban,2023-11-12 00:00:00+00:00,1,5.01935,4.9427614
AT,AKC,urban,2023-11-12 01:00:00+00:00,1,5.243849,4.8908486
AT,AKC,urban,2023-11-12 02:00:00+00:00,1,6.130749,5.106075
AT,AKC,urban,2023-11-12 03:00:00+00:00,1,6.707449,5.8291545
AT,AKC,urban,2023-11-12 04:00:00+00:00,1,6.064549,6.436853
AT,AKC,urban,2023-11-12 05:00:00+00:00,1,5.5671,6.039758
AT,AKC,urban,2023-11-12 06:00:00+00:00,1,6.4376,5.5408854
AT,AKC,urban,2023-11-12 07:00:00+00:00,1,5.785699,6.115425
AT,AKC,urban,2023-11-12 08:00:00+00:00,1,4.351799,5.768882
AT,AKC,urban,2023-11-12 09:00:00+00:00,1,3.307199,4.539421
AT,AKC,urban,2023-11-12 10:00:00+00:00,1,2.385799,3.4477522
AT,AKC,urban,2023-11-12 11:00:00+00:00,1,2.189249,2.9629388
AT,AKC,urban,2023-11-12 12:00:00+00:00,1,2.399549,2.532491
AT,AKC,urban,2023-11-12 13:00:00+00:00,1,2.648099,2.580767
AT,AKC,urban,2023-11-12 14:00:00+00:00,1,3.051249,2.8634405
AT,AKC,urban,2023-11-12 15:00:00+00:00,1,6.40295,3.3499756
AT,AKC,urban,2023-11-12 16:00:00+00:00,1,10.1888,6.8855853
AT,AKC,urban,2023-11-12 17:00:00+00:00,1,12.138,10.613205
AT,AKC,urban,2023-11-12 18:00:00+00:00,1,12.681,12.68477
AT,AKC,urban,2023-11-12 19:00:00+00:00,1,11.498,12.277182
AT,AKC,urban,2023-11-12 20:00:00+00:00,1,10.33635,11.188138
AT,AKC,urban,2023-11-12 21:00:00+00:00,1,9.65455,10.122944
AT,AKC,urban,2023-11-12 22:00:00+00:00,1,9.233499,9.798301
AT,AKC,urban,2023-11-12 23:00:00+00:00,1,9.674799,9.650041
AT,AKC,urban,2023-11-13 00:00:00+00:00,1,7.6494,9.69841
AT,AKC,urban,2023-11-13 01:00:00+00:00,1,8.098649,7.8745227
AT,AKC,urban,2023-11-13 02:00:00+00:00,1,7.26875,7.7745967
AT,AKC,urban,2023-11-13 03:00:00+00:00,1,7.46425,7.2414527
AT,AKC,urban,2023-11-13 04:00:00+00:00,1,6.993149,7.3123913
AT,AKC,urban,2023-11-13 05:00:00+00:00,1,6.1117,7.447554
AT,AKC,urban,2023-11-13 06:00:00+00:00,1,7.271349,7.0894427
AT,AKC,urban,2023-11-13 07:00:00+00:00,1,10.909,7.647787
AT,AKC,urban,2023-11-13 08:00:00+00:00,1,13.4085,10.965617
AT,AKC,urban,2023-11-13 09:00:00+00:00,1,11.108,11.059136
AT,AKC,urban,2023-11-13 10:00:00+00:00,1,7.8746,10.181814
AT,AKC,urban,2023-11-13 11:00:00+00:00,1,7.354649,6.7750897
AT,AKC,urban,2023-11-13 12:00:00+00:00,1,8.342949,7.4325304
AT,AKC,urban,2023-11-13 13:00:00+00:00,1,7.625,8.288564
AT,AKC,urban,2023-11-13 14:00:00+00:00,1,8.23825,8.292955
AT,AKC,urban,2023-11-13 15:00:00+00:00,1,10.2519,8.980233
AT,AKC,urban,2023-11-13 16:00:00+00:00,1,13.747,10.471415
AT,AKC,urban,2023-11-13 17:00:00+00:00,1,13.287,13.841069
AT,AKC,urban,2023-11-13 18:00:00+00:00,1,14.272,12.344559
AT,AKC,urban,2023-11-13 19:00:00+00:00,1,15.5235,13.971145
AT,AKC,urban,2023-11-13 20:00:00+00:00,1,17.1195,15.36063
AT,AKC,urban,2023-11-13 21:00:00+00:00,1,15.003,16.667728
AT,AKC,urban,2023-11-13 22:00:00+00:00,1,12.425,14.207298
AT,AKC,urban,2023-11-13 23:00:00+00:00,1,12.1945,11.748693
AT,AKC,urban,2023-11-14 00:00:00+00:00,1,9.494999,12.062462
AT,AKC,urban,2023-11-14 01:00:00+00:00,1,1.43645,9.109696
AT,AKC,urban,2023-11-14 02:00:00+00:00,1,1.458999,3.7632241
AT,AKC,urban,2023-11-14 03:00:00+00:00,1,1.4104,2.527746
AT,AKC,urban,2023-11-14 04:00:00+00:00,1,2.0809,1.7119306
AT,AKC,urban,2023-11-14 05:00:00+00:00,1,2.049749,1.9723002
AT,AKC,urban,2023-11-14 06:00:00+00:00,1,2.732749,2.3457158
AT,AKC,urban,2023-11-14 07:00:00+00:00,1,2.702399,2.84067
AT,AKC,urban,2023-11-14 08:00:00+00:00,1,7.90625,3.0857213
AT,AKC,urban,2023-11-14 09:00:00+00:00,1,7.664,7.201323
AT,AKC,urban,2023-11-14 10:00:00+00:00,1,3.489399,7.133762
AT,AKC,urban,2023-11-14 11:00:00+00:00,1,4.084249,4.544762
AT,AKC,urban,2023-11-14 12:00:00+00:00,1,3.371449,5.7208643
AT,AKC,urban,2023-11-14 13:00:00+00:00,1,3.310649,3.8984172
AT,AKC,urban,2023-11-14 14:00:00+00:00,1,3.279799,3.9757628
AT,AKC,urban,2023-11-14 15:00:00+00:00,1,2.653699,3.8491116
AT,AKC,urban,2023-11-14 16:00:00+00:00,1,2.39835,3.4830573
AT,AKC,urban,2023-11-14 17:00:00+00:00,1,2.08235,3.020944
AT,AKC,urban,2023-11-14 18:00:00+00:00,1,2.183599,2.3982158
AT,AKC,urban,2023-11-14 19:00:00+00:00,1,1.881649,2.2581124
AT,AKC,urban,2023-11-14 20:00:00+00:00,1,1.92265,2.176372
AT,AKC,urban,2023-11-14 21:00:00+00:00,1,1.711849,2.0251012
AT,AKC,urban,2023-11-14 22:00:00+00:00,1,2.1075,1.8608184
AT,AKC,urban,2023-11-14 23:00:00+00:00,1,2.176699,2.0178156
AT,AKC,urban,2023-11-15 00:00:00+00:00,1,1.077525,2.074155
AT,AKC,urban,2023-11-15 01:00:00+00:00,1,1.057924,1.8418088
AT,AKC,urban,2023-11-15 02:00:00+00:00,1,1.14625,1.7190299
AT,AKC,urban,2023-11-15 03:00:00+00:00,1,1.228899,1.4907563
AT,AKC,urban,2023-11-15 04:00:00+00:00,1,1.76495,1.5082457
AT,AKC,urban,2023-11-15 05:00:00+00:00,1,2.127399,2.0451179
AT,AKC,urban,2023-11-15 06:00:00+00:00,1,2.28565,2.5700152
AT,AKC,urban,2023-11-15 07:00:00+00:00,1,1.769749,2.586525
AT,AKC,urban,2023-11-15 08:00:00+00:00,1,1.911599,2.1018152
AT,AKC,urban,2023-11-15 09:00:00+00:00,1,1.738699,1.9412031
AT,AKC,urban,2023-11-15 10:00:00+00:00,1,1.76935,1.9176416
AT,AKC,urban,2023-11-15 11:00:00+00:00,1,2.0236,1.8873698
AT,AKC,urban,2023-11-15 12:00:00+00:00,1,2.010849,2.193146
AT,AKC,urban,2023-11-15 13:00:00+00:00,1,1.79565,2.2050488
AT,AKC,urban,2023-11-15 14:00:00+00:00,1,2.247849,2.1432188
AT,AKC,urban,2023-11-15 15:00:00+00:00,1,2.5074,2.578859
AT,AKC,urban,2023-11-15 16:00:00+00:00,1,2.49235,2.395132
AT,AKC,urban,2023-11-15 17:00:00+00:00,1,2.545249,2.5378788
AT,AKC,urban,2023-11-15 18:00:00+00:00,1,2.538899,2.7247882
AT,AKC,urban,2023-11-15 19:00:00+00:00,1,2.499199,2.626266
AT,AKC,urban,2023-11-15 20:00:00+00:00,1,2.093549,2.5772085
AT,AKC,urban,2023-11-15 21:00:00+00:00,1,1.614899,2.3191805
AT,AKC,urban,2023-11-15 22:00:00+00:00,1,1.901499,2.0799
AT,AKC,urban,2023-11-15 23:00:00+00:00,1,1.8083,1.9601929
AT,AKC,urban,2023-11-16 00:00:00+00:00,1,1.862349,1.8756481
AT,AKC,urban,2023-11-16 01:00:00+00:00,1,2.315,1.95873
AT,AKC,urban,2023-11-16 02:00:00+00:00,1,2.83575,2.071081
AT,AKC,urban,2023-11-16 03:00:00+00:00,1,2.65645,2.7823565
AT,AKC,urban,2023-11-16 04:00:00+00:00,1,3.062849,2.6896584
AT,AKC,urban,2023-11-16 05:00:00+00:00,1,5.4607,3.4265766
AT,AKC,urban,2023-11-16 06:00:00+00:00,1,5.728699,6.4854894
AT,AKC,urban,2023-11-16 07:00:00+00:00,1,4.8625,6.658199
AT,AKC,urban,2023-11-16 08:00:00+00:00,1,4.938349,5.396304
AT,AKC,urban,2023-11-16 09:00:00+00:00,1,4.210599,4.978212
AT,AKC,urban,2023-11-16 10:00:00+00:00,1,4.46355,4.432157
AT,AKC,urban,2023-11-16 11:00:00+00:00,1,4.7437,4.6773596
AT,AKC,urban,2023-11-16 12:00:00+00:00,1,3.15915,4.948279
AT,AKC,urban,2023-11-16 13:00:00+00:00,1,3.85335,3.9755774
AT,AKC,urban,2023-11-16 14:00:00+00:00,1,4.708849,4.8420324
AT,AKC,urban,2023-11-16 15:00:00+00:00,1,6.046199,5.166413
AT,AKC,urban,2023-11-16 16:00:00+00:00,1,7.797249,5.6419697
AT,AKC,urban,2023-11-16 17:00:00+00:00,1,9.307499,7.7128596
AT,AKC,urban,2023-11-16 18:00:00+00:00,1,9.5373,9.9400425
AT,AKC,urban,2023-11-16 19:00:00+00:00,1,10.18215,9.322151
AT,AKC,urban,2023-11-16 20:00:00+00:00,1,11.7085,9.425645
AT,AKC,urban,2023-11-16 21:00:00+00:00,1,10.2595,11.620406
AT,AKC,urban,2023-11-16 22:00:00+00:00,1,9.065199,10.136544
AT,AKC,urban,2023-11-16 23:00:00+00:00,1,7.524049,9.333452
AT,AKC,urban,2023-11-17 00:00:00+00:00,1,8.017149,7.3231697
AT,AKC,urban,2023-11-17 01:00:00+00:00,1,10.2016,7.8942866
AT,AKC,urban,2023-11-17 02:00:00+00:00,1,10.0919,10.151976
AT,AKC,urban,2023-11-17 03:00:00+00:00,1,9.56145,9.821749
AT,AKC,urban,2023-11-17 04:00:00+00:00,1,8.73285,9.025716
AT,AKC,urban,2023-11-17 05:00:00+00:00,1,4.52885,8.415453
AT,AKC,urban,2023-11-17 06:00:00+00:00,1,5.675999,4.859609
AT,AKC,urban,2023-11-17 07:00:00+00:00,1,7.44005,4.8247695
AT,AKC,urban,2023-11-17 08:00:00+00:00,1,5.2285,6.9183125
AT,AKC,urban,2023-11-17 09:00:00+00:00,1,5.7483,5.292187
AT,AKC,urban,2023-11-17 10:00:00+00:00,1,6.500349,5.55185
AT,AKC,urban,2023-11-17 11:00:00+00:00,1,4.643599,6.0854173
AT,AKC,urban,2023-11-17 12:00:00+00:00,1,4.4174,5.488141
AT,AKC,urban,2023-11-17 13:00:00+00:00,1,4.2423,4.5727224
AT,AKC,urban,2023-11-17 14:00:00+00:00,1,4.4309,4.651321
AT,AKC,urban,2023-11-17 15:00:00+00:00,1,4.9208,4.601562
AT,AKC,urban,2023-11-17 16:00:00+00:00,1,5.03985,5.0174007
AT,AKC,urban,2023-11-17 17:00:00+00:00,1,4.826399,5.3482327
AT,AKC,urban,2023-11-17 18:00:00+00:00,1,4.547699,4.7738376
AT,AKC,urban,2023-11-17 19:00:00+00:00,1,3.752949,5.0082912
AT,AKC,urban,2023-11-17 20:00:00+00:00,1,3.39475,3.9282508
AT,AKC,urban,2023-11-17 21:00:00+00:00,1,3.074249,3.4232912
AT,AKC,urban,2023-11-17 22:00:00+00:00,1,3.5618,3.5177898
AT,AKC,urban,2023-11-17 23:00:00+00:00,1,3.992499,3.6420543
AT,AKC,urban,2023-11-18 00:00:00+00:00,1,4.39995,4.0454025
AT,AKC,urban,2023-11-18 01:00:00+00:00,1,4.083199,4.5656915
AT,AKC,urban,2023-11-18 02:00:00+00:00,1,3.5685,4.420724
AT,AKC,urban,2023-11-18 03:00:00+00:00,1,3.24585,3.5704012
AT,AKC,urban,2023-11-18 04:00:00+00:00,1,4.9133,3.218059
AT,AKC,urban,2023-11-18 05:00:00+00:00,1,4.704999,4.672673
AT,AKC,urban,2023-11-18 06:00:00+00:00,1,4.6568,5.278761
AT,AKC,urban,2023-11-18 07:00:00+00:00,1,4.8077,4.6412964
AT,AKC,urban,2023-11-18 08:00:00+00:00,1,5.514349,4.768193
AT,AKC,urban,2023-11-18 09:00:00+00:00,1,6.14045,5.2747145
AT,AKC,urban,2023-11-18 10:00:00+00:00,1,6.74215,5.779119
AT,AKC,urban,2023-11-18 11:00:00+00:00,1,6.98215,6.085815
AT,AKC,urban,2023-11-18 12:00:00+00:00,1,5.335499,6.485379
AT,AKC,urban,2023-11-18 13:00:00+00:00,1,5.126099,5.609095
AT,AKC,urban,2023-11-18 14:00:00+00:00,1,4.40215,4.7116795
AT,AKC,urban,2023-11-18 15:00:00+00:00,1,4.9643,4.5092125
AT,AKC,urban,2023-11-18 16:00:00+00:00,1,5.50765,4.848774
AT,AKC,urban,2023-11-18 17:00:00+00:00,1,7.4018,5.439741
AT,AKC,urban,2023-11-18 18:00:00+00:00,1,12.065,7.1838007
AT,AKC,urban,2023-11-18 19:00:00+00:00,1,10.0719,11.2066765
AT,AKC,urban,2023-11-18 20:00:00+00:00,1,9.5899,8.946312
AT,AKC,urban,2023-11-18 21:00:00+00:00,1,9.120149,9.241012
AT,AKC,urban,2023-11-18 22:00:00+00:00,1,11.5725,9.083485
AT,AKC,urban,2023-11-18 23:00:00+00:00,1,13.1035,11.527919
AT,AKC,urban,2023-11-19 00:00:00+00:00,1,10.938,12.992676
AT,AKC,urban,2023-11-19 01:00:00+00:00,1,9.209499,10.919624
AT,AKC,urban,2023-11-19 02:00:00+00:00,1,7.010299,8.53275
AT,AKC,urban,2023-11-19 03:00:00+00:00,1,6.9125,6.95313
AT,AKC,urban,2023-11-19 04:00:00+00:00,1,7.486499,6.7642426
AT,AKC,urban,2023-11-19 05:00:00+00:00,1,9.1443,7.3445725
AT,AKC,urban,2023-11-19 06:00:00+00:00,1,8.892299,9.1304
AT,AKC,urban,2023-11-19 07:00:00+00:00,1,9.127149,8.864493
AT,AKC,urban,2023-11-19 08:00:00+00:00,1,8.752449,8.9682
AT,AKC,urban,2023-11-19 09:00:00+00:00,1,10.38,8.601826
AT,AKC,urban,2023-11-19 10:00:00+00:00,1,9.456299,9.92341
AT,AKC,urban,2023-11-19 11:00:00+00:00,1,10.0594,9.334652
AT,AKC,urban,2023-11-19 12:00:00+00:00,1,10.8665,9.481769
AT,AKC,urban,2023-11-19 13:00:00+00:00,1,12.3775,10.658829
AT,AKC,urban,2023-11-19 14:00:00+00:00,1,13.708,12.49281
AT,AKC,urban,2023-11-19 15:00:00+00:00,1,13.7115,13.933772
AT,AKC,urban,2023-11-19 16:00:00+00:00,1,17.9495,13.034394
AT,AKC,urban,2023-11-19 17:00:00+00:00,1,21.252,17.496244
AT,AKC,urban,2023-11-19 18:00:00+00:00,1,21.2565,20.67762
AT,AKC,urban,2023-11-19 19:00:00+00:00,1,22.2225,20.482254
AT,AKC,urban,2023-11-19 20:00:00+00:00,1,24.618,20.6419
AT,AKC,urban,2023-11-19 21:00:00+00:00,1,17.494,22.553263
AT,AKC,urban,2023-11-19 22:00:00+00:00,1,14.346,14.614234
AT,AKC,urban,2023-11-19 23:00:00+00:00,1,4.3097,12.756202
AT,AKC,urban,2023-11-20 00:00:00+00:00,1,2.09315,4.4287357
AT,AKC,urban,2023-11-20 01:00:00+00:00,1,2.0318,2.9307873
AT,AKC,urban,2023-11-20 02:00:00+00:00,1,2.47755,2.4984121
AT,AKC,urban,2023-11-20 03:00:00+00:00,1,2.93035,2.496046
AT,AKC,urban,2023-11-20 04:00:00+00:00,1,2.85365,2.9528744
AT,AKC,urban,2023-11-20 05:00:00+00:00,1,3.34485,3.1198838
AT,AKC,urban,2023-11-20 06:00:00+00:00,1,3.4871,3.5967076
AT,AKC,urban,2023-11-20 07:00:00+00:00,1,3.876349,3.7220511
AT,AKC,urban,2023-11-20 08:00:00+00:00,1,3.820149,3.8958855
AT,AKC,urban,2023-11-20 09:00:00+00:00,1,3.405099,4.4199004
AT,AKC,urban,2023-11-20 10:00:00+00:00,1,3.412899,4.049805
AT,AKC,urban,2023-11-20 11:00:00+00:00,1,3.933899,3.8595781
AT,AKC,urban,2023-11-20 12:00:00+00:00,1,3.64205,4.164418
AT,AKC,urban,2023-11-20 13:00:00+00:00,1,7.495599,3.9723377
AT,AKC,urban,2023-11-20 14:00:00+00:00,1,14.1388,7.322428
AT,AKC,urban,2023-11-20 15:00:00+00:00,1,6.81655,11.59871
AT,AKC,urban,2023-11-20 16:00:00+00:00,1,6.894599,8.750118
AT,AKC,urban,2023-11-20 17:00:00+00:00,1,8.15455,7.795525
AT,AKC,urban,2023-11-20 18:00:00+00:00,1,7.5626,8.916162
AT,AKC,urban,2023-11-20 19:00:00+00:00,1,5.21525,7.610779
AT,AKC,urban,2023-11-20 20:00:00+00:00,1,5.509949,5.2152762
AT,AKC,urban,2023-11-20 21:00:00+00:00,1,4.692749,6.1366224
AT,AKC,urban,2023-11-20 22:00:00+00:00,1,4.068049,4.579259
AT,AKC,urban,2023-11-20 23:00:00+00:00,1,4.287899,4.251834
AT,AKC,urban,2023-11-21 00:00:00+00:00,1,5.070799,4.926843
AT,AKC,urban,2023-11-21 01:00:00+00:00,1,4.1245,5.312017
AT,AKC,urban,2023-11-21 02:00:00+00:00,1,4.145799,4.5131745
AT,AKC,urban,2023-11-21 03:00:00+00:00,1,4.052849,4.6997495
AT,AKC,urban,2023-11-21 04:00:00+00:00,1,5.51265,4.4106817
AT,AKC,urban,2023-11-21 05:00:00+00:00,1,7.080599,5.756357
AT,AKC,urban,2023-11-21 06:00:00+00:00,1,7.8652,8.3885145
AT,AKC,urban,2023-11-21 07:00:00+00:00,1,6.2644,8.247421
AT,AKC,urban,2023-11-21 08:00:00+00:00,1,8.02165,6.0336037
AT,AKC,urban,2023-11-21 09:00:00+00:00,1,11.149,6.873822
AT,AKC,urban,2023-11-21 10:00:00+00:00,1,3.18265,10.017298
AT,AKC,urban,2023-11-21 11:00:00+00:00,1,4.93945,3.8591135
AT,AKC,urban,2023-11-21 12:00:00+00:00,1,4.606249,6.6516547
AT,AKC,urban,2023-11-21 13:00:00+00:00,1,5.0564,4.9215045
AT,AKC,urban,2023-11-21 14:00:00+00:00,1,9.503349,5.315326
AT,AKC,urban,2023-11-21 15:00:00+00:00,1,7.079999,8.632212
AT,AKC,urban,2023-11-21 16:00:00+00:00,1,6.84245,7.0551057
AT,AKC,urban,2023-11-21 17:00:00+00:00,1,5.428649,6.752674
AT,AKC,urban,2023-11-21 18:00:00+00:00,1,4.615599,5.797814
AT,AKC,urban,2023-11-21 19:00:00+00:00,1,6.0903,5.014888
AT,AKC,urban,2023-11-21 20:00:00+00:00,1,7.143799,5.7432175
AT,AKC,urban,2023-11-21 21:00:00+00:00,1,6.79005,6.8799553
AT,AKC,urban,2023-11-21 22:00:00+00:00,1,7.472149,6.747179
AT,AKC,urban,2023-11-21 23:00:00+00:00,1,11.159,7.1568108
AT,AKC,urban,2023-11-22 00:00:00+00:00,1,7.695099,10.614879
AT,AKC,urban,2023-11-22 01:00:00+00:00,1,8.470899,7.384155
AT,AKC,urban,2023-11-22 02:00:00+00:00,1,8.252099,8.060771
AT,AKC,urban,2023-11-22 03:00:00+00:00,1,8.909049,8.021434
AT,AKC,urban,2023-11-22 04:00:00+00:00,1,8.834699,8.720236
AT,AKC,urban,2023-11-22 05:00:00+00:00,1,9.7704,8.947708
AT,AKC,urban,2023-11-22 06:00:00+00:00,1,9.781,9.822422
AT,AKC,urban,2023-11-22 07:00:00+00:00,1,10.2949,9.849477
AT,AKC,urban,2023-11-22 08:00:00+00:00,1,10.5655,10.285245
AT,AKC,urban,2023-11-22 09:00:00+00:00,1,11.319,10.244084
AT,AKC,urban,2023-11-22 10:00:00+00:00,1,11.1505,11.013672
AT,AKC,urban,2023-11-22 11:00:00+00:00,1,13.616,9.916513
AT,AKC,urban,2023-11-22 12:00:00+00:00,1,16.0795,12.63664
AT,AKC,urban,2023-11-22 13:00:00+00:00,1,17.3025,15.323189
AT,AKC,urban,2023-11-22 14:00:00+00:00,1,15.197,16.407396
AT,AKC,urban,2023-11-22 15:00:00+00:00,1,17.217,14.963353
AT,AKC,urban,2023-11-22 16:00:00+00:00,1,19.164,15.988435
AT,AKC,urban,2023-11-22 17:00:00+00:00,1,19.809,18.926973
AT,AKC,urban,2023-11-22 18:00:00+00:00,1,19.86,19.941126
AT,AKC,urban,2023-11-22 19:00:00+00:00,1,20.6665,19.788649
AT,AKC,urban,2023-11-22 20:00:00+00:00,1,17.689,20.362623
AT,AKC,urban,2023-11-22 21:00:00+00:00,1,14.231,18.201351
AT,AKC,urban,2023-11-22 22:00:00+00:00,1,13.7165,13.737757
AT,AKC,urban,2023-11-22 23:00:00+00:00,1,12.5955,12.875861
AT,AKC,urban,2023-11-23 00:00:00+00:00,1,11.942,13.070724
AT,AKC,urban,2023-11-23 01:00:00+00:00,1,11.3415,12.006839
AT,AKC,urban,2023-11-23 02:00:00+00:00,1,11.3775,11.964995
AT,AKC,urban,2023-11-23 03:00:00+00:00,1,11.083,11.745882
AT,AKC,urban,2023-11-23 04:00:00+00:00,1,10.6395,11.389327
AT,AKC,urban,2023-11-23 05:00:00+00:00,1,9.5295,11.585503
AT,AKC,urban,2023-11-23 06:00:00+00:00,1,11.768,11.013016
AT,AKC,urban,2023-11-23 07:00:00+00:00,1,12.1935,11.295918
AT,AKC,urban,2023-11-23 08:00:00+00:00,1,11.4045,10.916413
AT,AKC,urban,2023-11-23 09:00:00+00:00,1,10.5565,11.305382
AT,AKC,urban,2023-11-23 10:00:00+00:00,1,10.259,10.703577
AT,AKC,urban,2023-11-23 11:00:00+00:00,1,9.68065,9.989951
AT,AKC,urban,2023-11-23 12:00:00+00:00,1,9.432149,10.046543
AT,AKC,urban,2023-11-23 13:00:00+00:00,1,9.91205,9.095419
AT,AKC,urban,2023-11-23 14:00:00+00:00,1,8.706899,9.263764
AT,AKC,urban,2023-11-23 15:00:00+00:00,1,0.0,9.134884
AT,AKC,urban,2023-11-23 16:00:00+00:00,1,7.79895,3.8399377
AT,AKC,urban,2023-11-23 17:00:00+00:00,1,6.501999,6.300115
AT,AKC,urban,2023-11-23 18:00:00+00:00,1,4.971099,6.815062
AT,AKC,urban,2023-11-23 19:00:00+00:00,1,6.17955,5.583559
AT,AKC,urban,2023-11-23 20:00:00+00:00,1,3.903049,6.359061
AT,AKC,urban,2023-11-23 21:00:00+00:00,1,4.3217,4.7924204
AT,AKC,urban,2023-11-23 22:00:00+00:00,1,5.2589,4.5924473
AT,AKC,urban,2023-11-23 23:00:00+00:00,1,6.12835,4.847984
AT,AKC,urban,2023-11-24 00:00:00+00:00,1,5.43795,5.9587483
AT,AKC,urban,2023-11-24 01:00:00+00:00,1,4.324549,5.6288776
AT,AKC,urban,2023-11-24 02:00:00+00:00,1,3.950399,4.7097955
AT,AKC,urban,2023-11-24 03:00:00+00:00,1,3.9828,3.9548533
AT,AKC,urban,2023-11-24 04:00:00+00:00,1,3.9158,3.9863448
AT,AKC,urban,2023-11-24 05:00:00+00:00,1,2.414599,4.1484857
AT,AKC,urban,2023-11-24 06:00:00+00:00,1,1.646049,3.0461555
AT,AKC,urban,2023-11-24 07:00:00+00:00,1,1.952749,2.4613354
AT,AKC,urban,2023-11-24 08:00:00+00:00,1,2.004699,2.2442255
AT,AKC,urban,2023-11-24 09:00:00+00:00,1,1.8838,2.101466
AT,AKC,urban,2023-11-24 10:00:00+00:00,1,2.57875,2.0895526
AT,AKC,urban,2023-11-24 11:00:00+00:00,1,3.2637,2.7757435
AT,AKC,urban,2023-11-24 12:00:00+00:00,1,2.398499,3.548177
AT,AKC,urban,2023-11-24 13:00:00+00:00,1,1.785749,2.9540854
AT,AKC,urban,2023-11-24 14:00:00+00:00,1,1.711349,2.4862392
AT,AKC,urban,2023-11-24 15:00:00+00:00,1,1.81595,2.056911
AT,AKC,urban,2023-11-24 16:00:00+00:00,1,1.687,1.9810559
AT,AKC,urban,2023-11-24 17:00:00+00:00,1,1.957999,1.9905916
AT,AKC,urban,2023-11-24 18:00:00+00:00,1,1.689049,1.9875959
AT,AKC,urban,2023-11-24 19:00:00+00:00,1,1.461099,1.9648547
AT,AKC,urban,2023-11-24 20:00:00+00:00,1,2.63565,1.888755
AT,AKC,urban,2023-11-24 21:00:00+00:00,1,2.681399,2.3162408
AT,AKC,urban,2023-11-24 22:00:00+00:00,1,2.0381,2.5341365
AT,AKC,urban,2023-11-24 23:00:00+00:00,1,2.118149,2.4261227
AT,AKC,urban,2023-11-25 00:00:00+00:00,1,1.9498,2.2104373
AT,AKC,urban,2023-11-25 01:00:00+00:00,1,2.743599,2.1696188
AT,AKC,urban,2023-11-25 02:00:00+00:00,1,2.68895,2.3898768
AT,AKC,urban,2023-11-25 03:00:00+00:00,1,2.360949,2.6471863
AT,AKC,urban,2023-11-25 04:00:00+00:00,1,1.69195,2.560362
AT,AKC,urban,2023-11-25 05:00:00+00:00,1,1.32395,2.1975574
AT,AKC,urban,2023-11-25 06:00:00+00:00,1,1.580849,1.9163373
AT,AKC,urban,2023-11-25 07:00:00+00:00,1,1.564949,1.7311099
AT,AKC,urban,2023-11-25 08:00:00+00:00,1,1.78725,1.6839345
AT,AKC,urban,2023-11-25 09:00:00+00:00,1,2.60395,1.7806675
AT,AKC,urban,2023-11-25 10:00:00+00:00,1,2.393249,2.6066756
AT,AKC,urban,2023-11-25 11:00:00+00:00,1,2.156,2.455267
AT,AKC,urban,2023-11-25 12:00:00+00:00,1,4.356349,2.2767649
AT,AKC,urban,2023-11-25 13:00:00+00:00,1,2.80035,3.9526775
AT,AKC,urban,2023-11-25 14:00:00+00:00,1,2.94285,3.3462389
AT,AKC,urban,2023-11-25 15:00:00+00:00,1,3.45445,3.107093
AT,AKC,urban,2023-11-25 16:00:00+00:00,1,3.489249,3.5040324
AT,AKC,urban,2023-11-25 17:00:00+00:00,1,4.884249,3.441655
AT,AKC,urban,2023-11-25 18:00:00+00:00,1,4.59695,4.609178
AT,AKC,urban,2023-11-25 19:00:00+00:00,1,5.255249,4.825473
AT,AKC,urban,2023-11-25 20:00:00+00:00,1,5.333149,5.051537
AT,AKC,urban,2023-11-25 21:00:00+00:00,1,3.49915,5.18474
AT,AKC,urban,2023-11-25 22:00:00+00:00,1,3.9924,4.2099795
AT,AKC,urban,2023-11-25 23:00:00+00:00,1,3.509749,3.81606
AT,AKC,urban,2023-11-26 00:00:00+00:00,1,3.70865,3.8159058
AT,AKC,urban,2023-11-26 01:00:00+00:00,1,2.723949,3.7052708
AT,AKC,urban,2023-11-26 02:00:00+00:00,1,2.048699,3.1432412
AT,AKC,urban,2023-11-26 03:00:00+00:00,1,2.2585,2.5931816
AT,AKC,urban,2023-11-26 04:00:00+00:00,1,2.366899,2.4748142
AT,AKC,urban,2023-11-26 05:00:00+00:00,1,2.219349,2.3966086
AT,AKC,urban,2023-11-26 06:00:00+00:00,1,1.838799,2.3681445
AT,AKC,urban,2023-11-26 07:00:00+00:00,1,1.844049,2.2328594
AT,AKC,urban,2023-11-26 08:00:00+00:00,1,2.190599,2.0509298
AT,AKC,urban,2023-11-26 09:00:00+00:00,1,1.911499,2.0407977
AT,AKC,urban,2023-11-26 10:00:00+00:00,1,1.79285,2.117864
AT,AKC,urban,2023-11-26 11:00:00+00:00,1,1.508899,2.045227
AT,AKC,urban,2023-11-26 12:00:00+00:00,1,1.514199,1.9208004
AT,AKC,urban,2023-11-26 13:00:00+00:00,1,1.732549,1.7437215
AT,AKC,urban,2023-11-26 14:00:00+00:00,1,1.948999,1.8922079
AT,AKC,urban,2023-11-26 15:00:00+00:00,1,2.314899,2.207999
AT,AKC,urban,2023-11-26 16:00:00+00:00,1,3.102349,2.2423778
AT,AKC,urban,2023-11-26 17:00:00+00:00,1,4.192199,3.130688
AT,AKC,urban,2023-11-26 18:00:00+00:00,1,4.791399,4.0747013
AT,AKC,urban,2023-11-26 19:00:00+00:00,1,6.8155,4.900364
AT,AKC,urban,2023-11-26 20:00:00+00:00,1,7.13945,6.51394
AT,AKC,urban,2023-11-26 21:00:00+00:00,1,7.0176,6.93621
AT,AKC,urban,2023-11-26 22:00:00+00:00,1,6.15365,6.647082
AT,AKC,urban,2023-11-26 23:00:00+00:00,1,5.33065,6.078922
AT,AKC,urban,2023-11-27 00:00:00+00:00,1,5.44935,5.2788486
AT,AKC,urban,2023-11-27 01:00:00+00:00,1,5.50745,5.1615987
AT,AKC,urban,2023-11-27 02:00:00+00:00,1,5.385049,5.4615273
AT,AKC,urban,2023-11-27 03:00:00+00:00,1,4.713399,5.3890657
AT,AKC,urban,2023-11-27 04:00:00+00:00,1,3.890799,4.878345
AT,AKC,urban,2023-11-27 05:00:00+00:00,1,4.9804,4.1330247
AT,AKC,urban,2023-11-27 06:00:00+00:00,1,4.30375,4.7829657
AT,AKC,urban,2023-11-27 07:00:00+00:00,1,3.315849,4.88365
AT,AKC,urban,2023-11-27 08:00:00+00:00,1,3.240399,3.876299
AT,AKC,urban,2023-11-27 09:00:00+00:00,1,3.190549,3.8061204
AT,AKC,urban,2023-11-27 10:00:00+00:00,1,3.54815,3.7486446
AT,AKC,urban,2023-11-27 11:00:00+00:00,1,3.91475,3.8268898
AT,AKC,urban,2023-11-27 12:00:00+00:00,1,3.511049,4.168395
AT,AKC,urban,2023-11-27 13:00:00+00:00,1,3.9292,4.054078
AT,AKC,urban,2023-11-27 14:00:00+00:00,1,6.786849,4.4719152
AT,AKC,urban,2023-11-27 15:00:00+00:00,1,6.4615,7.869845
AT,AKC,urban,2023-11-27 16:00:00+00:00,1,9.2404,6.735901
AT,AKC,urban,2023-11-27 17:00:00+00:00,1,11.006,8.836669
AT,AKC,urban,2023-11-27 18:00:00+00:00,1,13.196,11.361175
AT,AKC,urban,2023-11-27 19:00:00+00:00,1,15.9395,13.697423
AT,AKC,urban,2023-11-27 20:00:00+00:00,1,17.0395,16.22687
AT,AKC,urban,2023-11-27 21:00:00+00:00,1,18.3565,16.440681
AT,AKC,urban,2023-11-27 22:00:00+00:00,1,19.0505,17.872507
AT,AKC,urban,2023-11-27 23:00:00+00:00,1,17.995,18.370628
AT,AKC,urban,2023-11-28 00:00:00+00:00,1,18.054,17.764473
AT,AKC,urban,2023-11-28 01:00:00+00:00,1,18.597,17.787136
AT,AKC,urban,2023-11-28 02:00:00+00:00,1,17.3685,18.501799
AT,AKC,urban,2023-11-28 03:00:00+00:00,1,18.305,17.547508
AT,AKC,urban,2023-11-28 04:00:00+00:00,1,17.133,18.329498
AT,AKC,urban,2023-11-28 05:00:00+00:00,1,17.9455,17.180683
AT,AKC,urban,2023-11-28 06:00:00+00:00,1,19.207,18.548948
AT,AKC,urban,2023-11-28 07:00:00+00:00,1,16.2965,18.709507
AT,AKC,urban,2023-11-28 08:00:00+00:00,1,6.7649,16.125912
AT,AKC,urban,2023-11-28 09:00:00+00:00,1,5.6279,6.0787196
AT,AKC,urban,2023-11-28 10:00:00+00:00,1,6.975,5.253132
AT,AKC,urban,2023-11-28 11:00:00+00:00,1,5.708049,6.4330063
AT,AKC,urban,2023-11-28 12:00:00+00:00,1,4.51345,5.9969645
AT,AKC,urban,2023-11-28 13:00:00+00:00,1,5.836999,4.9978976
AT,AKC,urban,2023-11-28 14:00:00+00:00,1,5.47305,6.1374855
AT,AKC,urban,2023-11-28 15:00:00+00:00,1,7.238949,6.034393
AT,AKC,urban,2023-11-28 16:00:00+00:00,1,3.698649,6.608642
AT,AKC,urban,2023-11-28 17:00:00+00:00,1,3.046149,4.4552765
AT,AKC,urban,2023-11-28 18:00:00+00:00,1,5.003399,3.4150615
AT,AKC,urban,2023-11-28 19:00:00+00:00,1,6.7732,4.807001
AT,AKC,urban,2023-11-28 20:00:00+00:00,1,7.33265,6.6018896
AT,AKC,urban,2023-11-28 21:00:00+00:00,1,6.4804,7.3879323
AT,AKC,urban,2023-11-28 22:00:00+00:00,1,5.756199,6.436426
AT,AKC,urban,2023-11-28 23:00:00+00:00,1,7.333199,5.742382
AT,AKC,urban,2023-11-29 00:00:00+00:00,1,8.170849,6.747673
AT,AKC,urban,2023-11-29 01:00:00+00:00,1,8.794899,8.735643
AT,AKC,urban,2023-11-29 02:00:00+00:00,1,7.740249,8.326456
AT,AKC,urban,2023-11-29 03:00:00+00:00,1,7.74835,7.950722
AT,AKC,urban,2023-11-29 04:00:00+00:00,1,8.524,7.866613
AT,AKC,urban,2023-11-29 05:00:00+00:00,1,10.35795,8.340672
AT,AKC,urban,2023-11-29 06:00:00+00:00,1,10.39545,10.648917
AT,AKC,urban,2023-11-29 07:00:00+00:00,1,10.7185,9.890575
AT,AKC,urban,2023-11-29 08:00:00+00:00,1,9.437549,10.24802
AT,AKC,urban,2023-11-29 09:00:00+00:00,1,8.9589,9.947019
AT,AKC,urban,2023-11-29 10:00:00+00:00,1,10.04385,9.5043125
AT,AKC,urban,2023-11-29 11:00:00+00:00,1,11.62,9.0757265
AT,AKC,urban,2023-11-29 12:00:00+00:00,1,11.107,11.496999
AT,AKC,urban,2023-11-29 13:00:00+00:00,1,12.098,10.871107
AT,AKC,urban,2023-11-29 14:00:00+00:00,1,12.9155,11.778691
AT,AKC,urban,2023-11-29 15:00:00+00:00,1,13.692,12.701068
AT,AKC,urban,2023-11-29 16:00:00+00:00,1,13.9485,14.440292
AT,AKC,urban,2023-11-29 17:00:00+00:00,1,14.5115,13.782725
AT,AKC,urban,2023-11-29 18:00:00+00:00,1,15.4355,14.408921
AT,AKC,urban,2023-11-29 19:00:00+00:00,1,18.1135,15.880842
AT,AKC,urban,2023-11-29 20:00:00+00:00,1,17.8495,18.994558
AT,AKC,urban,2023-11-29 21:00:00+00:00,1,18.66,17.634144
AT,AKC,urban,2023-11-29 22:00:00+00:00,1,17.4965,18.324354
AT,AKC,urban,2023-11-29 23:00:00+00:00,1,17.529,17.349182
AT,AKC,urban,2023-11-30 00:00:00+00:00,1,15.554,17.557323
AT,AKC,urban,2023-11-30 01:00:00+00:00,1,16.363,15.751932
AT,AKC,urban,2023-11-30 02:00:00+00:00,1,15.953,15.890814
AT,AKC,urban,2023-11-30 03:00:00+00:00,1,17.4285,15.95162
AT,AKC,urban,2023-11-30 04:00:00+00:00,1,17.765,16.955624
AT,AKC,urban,2023-11-30 05:00:00+00:00,1,17.933,17.94665
AT,AKC,urban,2023-11-30 06:00:00+00:00,1,16.9055,18.451057
AT,AKC,urban,2023-11-30 07:00:00+00:00,1,15.9345,18.243536
AT,AKC,urban,2023-11-30 08:00:00+00:00,1,16.1745,16.192574
AT,AKC,urban,2023-11-30 09:00:00+00:00,1,15.565,16.763046
AT,AKC,urban,2023-11-30 10:00:00+00:00,1,16.6605,16.016466
AT,AKC,urban,2023-11-30 11:00:00+00:00,1,17.412,16.587156
AT,AKC,urban,2023-11-30 12:00:00+00:00,1,16.9175,18.02511
AT,AKC,urban,2023-11-30 13:00:00+00:00,1,18.649,17.105768
AT,AKC,urban,2023-11-30 14:00:00+00:00,1,23.432,18.235569
AT,AKC,urban,2023-11-30 15:00:00+00:00,1,25.1295,24.082882
AT,AKC,urban,2023-11-30 16:00:00+00:00,1,25.2715,25.568193
AT,AKC,urban,2023-11-30 17:00:00+00:00,1,24.3215,24.555054
AT,AKC,urban,2023-11-30 18:00:00+00:00,1,23.318,24.26092
AT,AKC,urban,2023-11-30 19:00:00+00:00,1,21.346,22.961227
AT,AKC,urban,2023-11-30 20:00:00+00:00,1,22.259,20.763155
AT,AKC,urban,2023-11-30 21:00:00+00:00,1,20.738,21.672962
AT,AKC,urban,2023-11-30 22:00:00+00:00,1,19.502,19.88774
AT,AKC,urban,2023-11-30 23:00:00+00:00,1,18.3085,18.817944
AT,AKC,urban,2023-12-01 00:00:00+00:00,1,17.7775,18.0243
AT,AKC,urban,2023-12-01 01:00:00+00:00,1,17.638,17.64614
AT,AKC,urban,2023-12-01 02:00:00+00:00,1,19.2325,17.688116
AT,AKC,urban,2023-12-01 03:00:00+00:00,1,23.5645,19.089142
AT,AKC,urban,2023-12-01 04:00:00+00:00,1,28.0135,23.846634
AT,AKC,urban,2023-12-01 05:00:00+00:00,1,29.478,28.223991
AT,AKC,urban,2023-12-01 06:00:00+00:00,1,30.0975,28.805567
AT,AKC,urban,2023-12-01 07:00:00+00:00,1,25.563,30.208994
AT,AKC,urban,2023-12-01 08:00:00+00:00,1,23.95,23.556387
AT,AKC,urban,2023-12-01 09:00:00+00:00,1,20.584,22.543522
AT,AKC,urban,2023-12-01 10:00:00+00:00,1,17.7895,19.413492
AT,AKC,urban,2023-12-01 11:00:00+00:00,1,19.932,16.280066
AT,AKC,urban,2023-12-01 12:00:00+00:00,1,20.7205,19.261189
AT,AKC,urban,2023-12-01 13:00:00+00:00,1,21.111,20.203087
AT,AKC,urban,2023-12-01 14:00:00+00:00,1,20.979,20.472586
AT,AKC,urban,2023-12-01 15:00:00+00:00,1,19.1835,20.926676
AT,AKC,urban,2023-12-01 16:00:00+00:00,1,16.2615,18.75441
AT,AKC,urban,2023-12-01 17:00:00+00:00,1,13.6375,15.858867
AT,AKC,urban,2023-12-01 18:00:00+00:00,1,11.636,13.851486
AT,AKC,urban,2023-12-01 19:00:00+00:00,1,10.522,11.984359
AT,AKC,urban,2023-12-01 20:00:00+00:00,1,10.46475,10.847232
AT,AKC,urban,2023-12-01 21:00:00+00:00,1,9.4999,11.024415
AT,AKC,urban,2023-12-01 22:00:00+00:00,1,8.25205,9.748684
AT,AKC,urban,2023-12-01 23:00:00+00:00,1,10.3785,8.934652
AT,AKC,urban,2023-12-02 00:00:00+00:00,1,14.71,10.276979
AT,AKC,urban,2023-12-02 01:00:00+00:00,1,17.004,14.469297
AT,AKC,urban,2023-12-02 02:00:00+00:00,1,19.0955,16.343597
AT,AKC,urban,2023-12-02 03:00:00+00:00,1,16.774,19.076067
AT,AKC,urban,2023-12-02 04:00:00+00:00,1,15.893,16.212564
AT,AKC,urban,2023-12-02 05:00:00+00:00,1,18.2485,15.585772
AT,AKC,urban,2023-12-02 06:00:00+00:00,1,18.144,16.918562
AT,AKC,urban,2023-12-02 07:00:00+00:00,1,16.857,17.7892
AT,AKC,urban,2023-12-02 08:00:00+00:00,1,14.879,16.297009
AT,AKC,urban,2023-12-02 09:00:00+00:00,1,13.8915,14.501472
AT,AKC,urban,2023-12-02 10:00:00+00:00,1,10.73415,13.318507
AT,AKC,urban,2023-12-02 11:00:00+00:00,1,7.34805,9.881048
AT,AKC,urban,2023-12-02 12:00:00+00:00,1,5.83505,7.0927825
AT,AKC,urban,2023-12-02 13:00:00+00:00,1,4.952149,5.5703316
AT,AKC,urban,2023-12-02 14:00:00+00:00,1,5.173999,5.1767206
AT,AKC,urban,2023-12-02 15:00:00+00:00,1,5.835599,4.9657536
AT,AKC,urban,2023-12-02 16:00:00+00:00,1,7.1803,5.6528816
AT,AKC,urban,2023-12-02 17:00:00+00:00,1,9.110399,6.820509
AT,AKC,urban,2023-12-02 18:00:00+00:00,1,10.3155,9.32442
AT,AKC,urban,2023-12-02 19:00:00+00:00,1,10.15435,10.182123
AT,AKC,urban,2023-12-02 20:00:00+00:00,1,10.7115,10.020749
AT,AKC,urban,2023-12-02 21:00:00+00:00,1,8.346199,10.552901
AT,AKC,urban,2023-12-02 22:00:00+00:00,1,7.25195,8.171503
AT,AKC,urban,2023-12-02 23:00:00+00:00,1,7.837949,6.9315243
AT,AKC,urban,2023-12-03 00:00:00+00:00,1,9.18715,7.5600843
AT,AKC,urban,2023-12-03 01:00:00+00:00,1,7.2242,8.955885
AT,AKC,urban,2023-12-03 02:00:00+00:00,1,8.453649,7.4355044
AT,AKC,urban,2023-12-03 03:00:00+00:00,1,9.571199,8.026486
AT,AKC,urban,2023-12-03 04:00:00+00:00,1,9.762849,9.504971
AT,AKC,urban,2023-12-03 05:00:00+00:00,1,9.7009,9.526545
AT,AKC,urban,2023-12-03 06:00:00+00:00,1,10.268,9.389987
AT,AKC,urban,2023-12-03 07:00:00+00:00,1,11.2305,9.776695
AT,AKC,urban,2023-12-03 08:00:00+00:00,1,9.487899,11.40205
AT,AKC,urban,2023-12-03 09:00:00+00:00,1,8.85025,8.522739
AT,AKC,urban,2023-12-03 10:00:00+00:00,1,9.758199,8.411709
AT,AKC,urban,2023-12-03 11:00:00+00:00,1,10.2115,9.453197
AT,AKC,urban,2023-12-03 12:00:00+00:00,1,10.0855,9.736298
AT,AKC,urban,2023-12-03 13:00:00+00:00,1,10.871,9.653232
AT,AKC,urban,2023-12-03 14:00:00+00:00,1,11.1775,10.3372135
AT,AKC,urban,2023-12-03 15:00:00+00:00,1,11.971,10.860787
AT,AKC,urban,2023-12-03 16:00:00+00:00,1,12.033,11.624862
AT,AKC,urban,2023-12-03 17:00:00+00:00,1,10.968,11.807114
AT,AKC,urban,2023-12-03 18:00:00+00:00,1,11.1875,10.932199
AT,AKC,urban,2023-12-03 19:00:00+00:00,1,12.9325,11.007575
AT,AKC,urban,2023-12-03 20:00:00+00:00,1,13.1285,12.410789
AT,AKC,urban,2023-12-03 21:00:00+00:00,1,13.4405,12.480764
AT,AKC,urban,2023-12-03 22:00:00+00:00,1,14.59,13.178282
AT,AKC,urban,2023-12-03 23:00:00+00:00,1,12.7415,14.362861
AT,AKC,urban,2023-12-04 00:00:00+00:00,1,12.796,12.523853
AT,AKC,urban,2023-12-04 01:00:00+00:00,1,13.7985,12.670626
AT,AKC,urban,2023-12-04 02:00:00+00:00,1,18.415,13.522018
AT,AKC,urban,2023-12-04 03:00:00+00:00,1,20.4725,17.863743
AT,AKC,urban,2023-12-04 04:00:00+00:00,1,20.1415,20.092606
AT,AKC,urban,2023-12-04 05:00:00+00:00,1,23.1715,20.340488
AT,AKC,urban,2023-12-04 06:00:00+00:00,1,21.1695,23.053825
AT,AKC,urban,2023-12-04 07:00:00+00:00,1,20.644,22.158792
AT,AKC,urban,2023-12-04 08:00:00+00:00,1,22.758,20.89582
AT,AKC,urban,2023-12-04 09:00:00+00:00,1,17.232,22.063986
AT,AKC,urban,2023-12-04 10:00:00+00:00,1,14.972,16.149672
AT,AKC,urban,2023-12-04 11:00:00+00:00,1,13.8955,14.280993
AT,AKC,urban,2023-12-04 12:00:00+00:00,1,14.5065,15.486088
AT,AKC,urban,2023-12-04 13:00:00+00:00,1,13.4985,14.659769
AT,AKC,urban,2023-12-04 14:00:00+00:00,1,13.1865,13.468584
AT,AKC,urban,2023-12-04 15:00:00+00:00,1,12.345,13.696082
AT,AKC,urban,2023-12-04 16:00:00+00:00,1,11.475,11.909062
AT,AKC,urban,2023-12-04 17:00:00+00:00,1,12.062,12.052717
AT,AKC,urban,2023-12-04 18:00:00+00:00,1,12.244,12.408746
AT,AKC,urban,2023-12-04 19:00:00+00:00,1,12.1325,12.561868
AT,AKC,urban,2023-12-04 20:00:00+00:00,1,12.6585,12.552435
AT,AKC,urban,2023-12-04 21:00:00+00:00,1,14.467,12.588667
AT,AKC,urban,2023-12-04 22:00:00+00:00,1,16.367,14.067167
AT,AKC,urban,2023-12-04 23:00:00+00:00,1,17.375,16.327507
AT,AKC,urban,2023-12-05 00:00:00+00:00,1,18.3425,17.613516
AT,AKC,urban,2023-12-05 01:00:00+00:00,1,19.1505,18.120537
AT,AKC,urban,2023-12-05 02:00:00+00:00,1,20.291,18.931665
AT,AKC,urban,2023-12-05 03:00:00+00:00,1,22.1905,20.04579
AT,AKC,urban,2023-12-05 04:00:00+00:00,1,23.1095,21.892403
AT,AKC,urban,2023-12-05 05:00:00+00:00,1,23.6035,22.871363
AT,AKC,urban,2023-12-05 06:00:00+00:00,1,23.9735,23.40881
AT,AKC,urban,2023-12-05 07:00:00+00:00,1,25.2385,23.872444
AT,AKC,urban,2023-12-05 08:00:00+00:00,1,26.6635,24.885012
AT,AKC,urban,2023-12-05 09:00:00+00:00,1,27.7575,26.301945
AT,AKC,urban,2023-12-05 10:00:00+00:00,1,29.298,27.669321
AT,AKC,urban,2023-12-05 11:00:00+00:00,1,30.3405,27.983006
AT,AKC,urban,2023-12-05 12:00:00+00:00,1,29.685,29.966751
AT,AKC,urban,2023-12-05 13:00:00+00:00,1,29.303,29.453228
AT,AKC,urban,2023-12-05 14:00:00+00:00,1,29.3035,29.441
AT,AKC,urban,2023-12-05 15:00:00+00:00,1,28.96,28.959776
AT,AKC,urban,2023-12-05 16:00:00+00:00,1,28.2975,28.639772
AT,AKC,urban,2023-12-05 17:00:00+00:00,1,29.01,27.699638
AT,AKC,urban,2023-12-05 18:00:00+00:00,1,30.5655,28.541603
AT,AKC,urban,2023-12-05 19:00:00+00:00,1,30.958,29.59728
AT,AKC,urban,2023-12-05 20:00:00+00:00,1,30.335,30.100374
AT,AKC,urban,2023-12-05 21:00:00+00:00,1,30.0885,29.677416
AT,AKC,urban,2023-12-05 22:00:00+00:00,1,30.8455,28.794333
AT,AKC,urban,2023-12-05 23:00:00+00:00,1,31.4735,28.935425
AT,AKC,urban,2023-12-06 00:00:00+00:00,1,30.4525,29.998884
AT,AKC,urban,2023-12-06 01:00:00+00:00,1,30.8195,28.77186
AT,AKC,urban,2023-12-06 02:00:00+00:00,1,30.5635,29.27989
AT,AKC,urban,2023-12-06 03:00:00+00:00,1,30.494,29.643915
AT,AKC,urban,2023-12-06 04:00:00+00:00,1,30.3315,29.161907
AT,AKC,urban,2023-12-06 05:00:00+00:00,1,30.2635,28.36405
AT,AKC,urban,2023-12-06 06:00:00+00:00,1,30.824,28.646233
AT,AKC,urban,2023-12-06 07:00:00+00:00,1,29.1945,29.969353
AT,AKC,urban,2023-12-06 08:00:00+00:00,1,28.3,28.037601
AT,AKC,urban,2023-12-06 09:00:00+00:00,1,32.555,28.455627
AT,AKC,urban,2023-12-06 10:00:00+00:00,1,36.471,31.781279
AT,AKC,urban,2023-12-06 11:00:00+00:00,1,40.315,35.84003
AT,AKC,urban,2023-12-06 12:00:00+00:00,1,43.7525,40.077957
AT,AKC,urban,2023-12-06 13:00:00+00:00,1,42.2315,42.796688
AT,AKC,urban,2023-12-06 14:00:00+00:00,1,43.016,39.546307
AT,AKC,urban,2023-12-06 15:00:00+00:00,1,42.4725,44.905476
AT,AKC,urban,2023-12-06 16:00:00+00:00,1,34.413,45.116276
AT,AKC,urban,2023-12-06 17:00:00+00:00,1,20.193,32.135666
AT,AKC,urban,2023-12-06 18:00:00+00:00,1,16.344,17.938976
AT,AKC,urban,2023-12-06 19:00:00+00:00,1,14.4265,13.545724
AT,AKC,urban,2023-12-06 20:00:00+00:00,1,14.973,14.048242
AT,AKC,urban,2023-12-06 21:00:00+00:00,1,16.8545,14.510914
AT,AKC,urban,2023-12-06 22:00:00+00:00,1,17.8145,16.32178
AT,AKC,urban,2023-12-06 23:00:00+00:00,1,14.934,17.373276
AT,AKC,urban,2023-12-07 00:00:00+00:00,1,13.139,14.77223
AT,AKC,urban,2023-12-07 01:00:00+00:00,1,11.528,12.6186905
AT,AKC,urban,2023-12-07 02:00:00+00:00,1,10.9845,11.318426
AT,AKC,urban,2023-12-07 03:00:00+00:00,1,10.442,10.928983
AT,AKC,urban,2023-12-07 04:00:00+00:00,1,10.2185,10.251738
AT,AKC,urban,2023-12-07 05:00:00+00:00,1,11.771,10.250948
AT,AKC,urban,2023-12-07 06:00:00+00:00,1,10.972,11.412122
AT,AKC,urban,2023-12-07 07:00:00+00:00,1,12.3065,10.73584
AT,AKC,urban,2023-12-07 08:00:00+00:00,1,12.6755,11.769518
AT,AKC,urban,2023-12-07 09:00:00+00:00,1,11.3355,12.579553
AT,AKC,urban,2023-12-07 10:00:00+00:00,1,11.5,10.967499
AT,AKC,urban,2023-12-07 11:00:00+00:00,1,11.6215,11.370344
AT,AKC,urban,2023-12-07 12:00:00+00:00,1,12.5,11.939368
AT,AKC,urban,2023-12-07 13:00:00+00:00,1,14.169,12.174294
AT,AKC,urban,2023-12-07 14:00:00+00:00,1,16.4565,14.600752
AT,AKC,urban,2023-12-07 15:00:00+00:00,1,15.9865,16.081171
AT,AKC,urban,2023-12-07 16:00:00+00:00,1,14.173,16.224405
AT,AKC,urban,2023-12-07 17:00:00+00:00,1,14.888,13.948687
AT,AKC,urban,2023-12-07 18:00:00+00:00,1,13.4915,15.095701
AT,AKC,urban,2023-12-07 19:00:00+00:00,1,16.2045,13.628106
AT,AKC,urban,2023-12-07 20:00:00+00:00,1,18.6335,16.180021
AT,AKC,urban,2023-12-07 21:00:00+00:00,1,17.9825,18.893147
AT,AKC,urban,2023-12-07 22:00:00+00:00,1,16.9245,17.570843
AT,AKC,urban,2023-12-07 23:00:00+00:00,1,17.713,16.979706
AT,AKC,urban,2023-12-08 00:00:00+00:00,1,17.0025,17.39431
AT,AKC,urban,2023-12-08 01:00:00+00:00,1,19.3995,16.819815
AT,AKC,urban,2023-12-08 02:00:00+00:00,1,19.474,19.125816
AT,AKC,urban,2023-12-08 03:00:00+00:00,1,18.118,19.015156
AT,AKC,urban,2023-12-08 04:00:00+00:00,1,18.016,17.894022
AT,AKC,urban,2023-12-08 05:00:00+00:00,1,19.748,17.99777
AT,AKC,urban,2023-12-08 06:00:00+00:00,1,17.5265,19.56642
AT,AKC,urban,2023-12-08 07:00:00+00:00,1,16.0265,16.999462
AT,AKC,urban,2023-12-08 08:00:00+00:00,1,15.8945,15.519024
AT,AKC,urban,2023-12-08 09:00:00+00:00,1,17.634,15.850161
AT,AKC,urban,2023-12-08 10:00:00+00:00,1,19.938,17.507578
AT,AKC,urban,2023-12-08 11:00:00+00:00,1,21.6775,19.865528
AT,AKC,urban,2023-12-08 12:00:00+00:00,1,21.406,21.652203
AT,AKC,urban,2023-12-08 13:00:00+00:00,1,21.439,21.030853
AT,AKC,urban,2023-12-08 14:00:00+00:00,1,21.7305,21.480398
AT,AKC,urban,2023-12-08 15:00:00+00:00,1,21.0245,21.649517
AT,AKC,urban,2023-12-08 16:00:00+00:00,1,20.9225,20.625736
AT,AKC,urban,2023-12-08 17:00:00+00:00,1,20.2265,20.816793
AT,AKC,urban,2023-12-08 18:00:00+00:00,1,21.246,20.059788
AT,AKC,urban,2023-12-08 19:00:00+00:00,1,21.8655,20.777029
AT,AKC,urban,2023-12-08 20:00:00+00:00,1,22.9515,21.62883
AT,AKC,urban,2023-12-08 21:00:00+00:00,1,22.4585,22.192797
AT,AKC,urban,2023-12-08 22:00:00+00:00,1,21.2045,21.898266
AT,AKC,urban,2023-12-08 23:00:00+00:00,1,20.916,20.56278
AT,AKC,urban,2023-12-09 00:00:00+00:00,1,20.2825,20.614487
AT,AKC,urban,2023-12-09 01:00:00+00:00,1,19.121,19.784883
AT,AKC,urban,2023-12-09 02:00:00+00:00,1,19.017,19.016304
AT,AKC,urban,2023-12-09 03:00:00+00:00,1,19.1655,19.167824
AT,AKC,urban,2023-12-09 04:00:00+00:00,1,16.9795,19.287933
AT,AKC,urban,2023-12-09 05:00:00+00:00,1,15.57,17.016794
AT,AKC,urban,2023-12-09 06:00:00+00:00,1,14.5695,15.330865
AT,AKC,urban,2023-12-09 07:00:00+00:00,1,15.782,14.566081
AT,AKC,urban,2023-12-09 08:00:00+00:00,1,16.852,15.554674
AT,AKC,urban,2023-12-09 09:00:00+00:00,1,15.171,16.870678
AT,AKC,urban,2023-12-09 10:00:00+00:00,1,14.4835,15.048109
AT,AKC,urban,2023-12-09 11:00:00+00:00,1,13.018,14.455706
AT,AKC,urban,2023-12-09 12:00:00+00:00,1,14.3635,13.269615
AT,AKC,urban,2023-12-09 13:00:00+00:00,1,16.055,14.213911
AT,AKC,urban,2023-12-09 14:00:00+00:00,1,19.2265,16.09774
AT,AKC,urban,2023-12-09 15:00:00+00:00,1,21.0885,19.83065
AT,AKC,urban,2023-12-09 16:00:00+00:00,1,24.1805,20.984484
AT,AKC,urban,2023-12-09 17:00:00+00:00,1,20.705,24.403479
AT,AKC,urban,2023-12-09 18:00:00+00:00,1,20.623,19.59647
AT,AKC,urban,2023-12-09 19:00:00+00:00,1,20.538,20.320747
AT,AKC,urban,2023-12-09 20:00:00+00:00,1,18.765,20.22274
AT,AKC,urban,2023-12-09 21:00:00+00:00,1,18.1195,18.85164
AT,AKC,urban,2023-12-09 22:00:00+00:00,1,18.201,17.707579
AT,AKC,urban,2023-12-09 23:00:00+00:00,1,19.5935,17.997423
AT,AKC,urban,2023-12-10 00:00:00+00:00,1,18.349,18.85528
AT,AKC,urban,2023-12-10 01:00:00+00:00,1,16.239,18.107708
AT,AKC,urban,2023-12-10 02:00:00+00:00,1,14.302,15.970727
AT,AKC,urban,2023-12-10 03:00:00+00:00,1,13.411,14.05218
AT,AKC,urban,2023-12-10 04:00:00+00:00,1,12.0055,13.132798
AT,AKC,urban,2023-12-10 05:00:00+00:00,1,15.412,12.047674
AT,AKC,urban,2023-12-10 06:00:00+00:00,1,16.242,14.664695
AT,AKC,urban,2023-12-10 07:00:00+00:00,1,16.3705,16.060255
AT,AKC,urban,2023-12-10 08:00:00+00:00,1,13.985,16.268314
AT,AKC,urban,2023-12-10 09:00:00+00:00,1,2.8252,13.574936
AT,AKC,urban,2023-12-10 10:00:00+00:00,1,3.174999,3.8639069
AT,AKC,urban,2023-12-10 11:00:00+00:00,1,4.113749,2.842188
AT,AKC,urban,2023-12-10 12:00:00+00:00,1,4.4349,4.05256
AT,AKC,urban,2023-12-10 13:00:00+00:00,1,4.6293,4.4903297
AT,AKC,urban,2023-12-10 14:00:00+00:00,1,5.035399,4.825864
AT,AKC,urban,2023-12-10 15:00:00+00:00,1,7.830049,5.353401
AT,AKC,urban,2023-12-10 16:00:00+00:00,1,7.340899,8.520443
AT,AKC,urban,2023-12-10 17:00:00+00:00,1,13.2195,8.106763
AT,AKC,urban,2023-12-10 18:00:00+00:00,1,20.3415,13.762178
AT,AKC,urban,2023-12-10 19:00:00+00:00,1,16.706,20.334827
AT,AKC,urban,2023-12-10 20:00:00+00:00,1,15.567,16.361807
AT,AKC,urban,2023-12-10 21:00:00+00:00,1,14.834,15.194624
AT,AKC,urban,2023-12-10 22:00:00+00:00,1,13.2445,14.886141
AT,AKC,urban,2023-12-10 23:00:00+00:00,1,13.0435,13.2975855
AT,AKC,urban,2023-12-11 00:00:00+00:00,1,17.421,12.82942
AT,AKC,urban,2023-12-11 01:00:00+00:00,1,18.9445,16.618778
AT,AKC,urban,2023-12-11 02:00:00+00:00,1,17.885,18.668278
AT,AKC,urban,2023-12-11 03:00:00+00:00,1,19.7325,17.548758
AT,AKC,urban,2023-12-11 04:00:00+00:00,1,21.044,19.109787
AT,AKC,urban,2023-12-11 05:00:00+00:00,1,19.9105,20.788166
AT,AKC,urban,2023-12-11 06:00:00+00:00,1,19.9295,20.36342
AT,AKC,urban,2023-12-11 07:00:00+00:00,1,22.7105,20.23055
AT,AKC,urban,2023-12-11 08:00:00+00:00,1,23.677,22.32738
AT,AKC,urban,2023-12-11 09:00:00+00:00,1,23.4345,23.602873
AT,AKC,urban,2023-12-11 10:00:00+00:00,1,25.1225,22.848587
AT,AKC,urban,2023-12-11 11:00:00+00:00,1,23.224,23.896734
AT,AKC,urban,2023-12-11 12:00:00+00:00,1,22.4815,23.232672
AT,AKC,urban,2023-12-11 13:00:00+00:00,1,23.327,22.082233
AT,AKC,urban,2023-12-11 14:00:00+00:00,1,28.163,23.30842
AT,AKC,urban,2023-12-11 15:00:00+00:00,1,23.351,27.694284
AT,AKC,urban,2023-12-11 16:00:00+00:00,1,24.9725,21.867123
AT,AKC,urban,2023-12-11 17:00:00+00:00,1,25.698,24.418592
AT,AKC,urban,2023-12-11 18:00:00+00:00,1,23.905,25.247118
AT,AKC,urban,2023-12-11 19:00:00+00:00,1,10.93255,23.507988
AT,AKC,urban,2023-12-11 20:00:00+00:00,1,2.530449,7.4505143
AT,AKC,urban,2023-12-11 21:00:00+00:00,1,2.410749,3.9102097
AT,AKC,urban,2023-12-11 22:00:00+00:00,1,2.6153,2.632722
AT,AKC,urban,2023-12-11 23:00:00+00:00,1,2.847599,2.7502427
AT,AKC,urban,2023-12-12 00:00:00+00:00,1,3.06375,2.9301286
AT,AKC,urban,2023-12-12 01:00:00+00:00,1,3.173049,3.2628176
AT,AKC,urban,2023-12-12 02:00:00+00:00,1,3.17,3.7017505
AT,AKC,urban,2023-12-12 03:00:00+00:00,1,3.3073,3.5391173
AT,AKC,urban,2023-12-12 04:00:00+00:00,1,4.6855,3.6081724
AT,AKC,urban,2023-12-12 05:00:00+00:00,1,6.845,5.6390333
AT,AKC,urban,2023-12-12 06:00:00+00:00,1,7.25375,8.401794
AT,AKC,urban,2023-12-12 07:00:00+00:00,1,6.782599,8.922818
AT,AKC,urban,2023-12-12 08:00:00+00:00,1,6.9484,7.2614574
AT,AKC,urban,2023-12-12 09:00:00+00:00,1,7.001699,7.493945
AT,AKC,urban,2023-12-12 10:00:00+00:00,1,5.841099,7.6106105
AT,AKC,urban,2023-12-12 11:00:00+00:00,1,8.2574,6.0050216
AT,AKC,urban,2023-12-12 12:00:00+00:00,1,8.727749,8.907413
AT,AKC,urban,2023-12-12 13:00:00+00:00,1,9.367899,9.158907
AT,AKC,urban,2023-12-12 14:00:00+00:00,1,10.12995,10.078604
AT,AKC,urban,2023-12-12 15:00:00+00:00,1,9.206649,11.58778
AT,AKC,urban,2023-12-12 16:00:00+00:00,1,9.47735,10.528567
AT,AKC,urban,2023-12-12 17:00:00+00:00,1,11.3955,10.014199
AT,AKC,urban,2023-12-12 18:00:00+00:00,1,13.376,12.050093
AT,AKC,urban,2023-12-12 19:00:00+00:00,1,16.223,13.304828
AT,AKC,urban,2023-12-12 20:00:00+00:00,1,16.0255,15.795949
AT,AKC,urban,2023-12-12 21:00:00+00:00,1,17.746,15.262548
AT,AKC,urban,2023-12-12 22:00:00+00:00,1,19.5415,16.954638
AT,AKC,urban,2023-12-12 23:00:00+00:00,1,19.989,18.883698
AT,AKC,urban,2023-12-13 00:00:00+00:00,1,18.847,19.94986
AT,AKC,urban,2023-12-13 01:00:00+00:00,1,19.5425,17.90548
AT,AKC,urban,2023-12-13 02:00:00+00:00,1,20.4155,18.794306
AT,AKC,urban,2023-12-13 03:00:00+00:00,1,21.383,19.84748
AT,AKC,urban,2023-12-13 04:00:00+00:00,1,20.3855,20.533556
AT,AKC,urban,2023-12-13 05:00:00+00:00,1,24.8025,19.869877
AT,AKC,urban,2023-12-13 06:00:00+00:00,1,24.1655,23.952509
AT,AKC,urban,2023-12-13 07:00:00+00:00,1,22.938,24.38919
AT,AKC,urban,2023-12-13 08:00:00+00:00,1,17.483,22.137154
AT,AKC,urban,2023-12-13 09:00:00+00:00,1,22.668,15.192965
AT,AKC,urban,2023-12-13 10:00:00+00:00,1,25.251,19.106592
AT,AKC,urban,2023-12-13 11:00:00+00:00,1,25.6855,23.391645
AT,AKC,urban,2023-12-13 12:00:00+00:00,1,26.479,23.396923
AT,AKC,urban,2023-12-13 13:00:00+00:00,1,24.387,26.06935
AT,AKC,urban,2023-12-13 14:00:00+00:00,1,23.23,24.013128
AT,AKC,urban,2023-12-13 15:00:00+00:00,1,22.16,23.878231
AT,AKC,urban,2023-12-13 16:00:00+00:00,1,24.5575,21.664263
AT,AKC,urban,2023-12-13 17:00:00+00:00,1,25.6605,24.348032
AT,AKC,urban,2023-12-13 18:00:00+00:00,1,22.626,25.277897
AT,AKC,urban,2023-12-13 19:00:00+00:00,1,23.7475,23.936792
AT,AKC,urban,2023-12-13 20:00:00+00:00,1,23.4605,21.608936
AT,AKC,urban,2023-12-13 21:00:00+00:00,1,16.207,21.52932
AT,AKC,urban,2023-12-13 22:00:00+00:00,1,18.359,14.082299
AT,AKC,urban,2023-12-13 23:00:00+00:00,1,19.417,17.182943
AT,AKC,urban,2023-12-14 00:00:00+00:00,1,20.4765,18.831688
AT,AKC,urban,2023-12-14 01:00:00+00:00,1,20.0435,20.246916
AT,AKC,urban,2023-12-14 02:00:00+00:00,1,19.1405,19.59251
AT,AKC,urban,2023-12-14 03:00:00+00:00,1,14.4875,18.969519
AT,AKC,urban,2023-12-14 04:00:00+00:00,1,8.710299,13.9926815
AT,AKC,urban,2023-12-14 05:00:00+00:00,1,5.548799,7.873436
AT,AKC,urban,2023-12-14 06:00:00+00:00,1,3.00005,5.784568
AT,AKC,urban,2023-12-14 07:00:00+00:00,1,4.439199,4.7019033
AT,AKC,urban,2023-12-14 08:00:00+00:00,1,3.10435,4.7925606
AT,AKC,urban,2023-12-14 09:00:00+00:00,1,2.901249,4.250819
AT,AKC,urban,2023-12-14 10:00:00+00:00,1,2.897399,3.8863258
AT,AKC,urban,2023-12-14 11:00:00+00:00,1,5.77025,3.4640286
AT,AKC,urban,2023-12-14 12:00:00+00:00,1,4.8021,5.658248
AT,AKC,urban,2023-12-14 13:00:00+00:00,1,4.5535,5.043545
AT,AKC,urban,2023-12-14 14:00:00+00:00,1,5.55515,4.8614345
AT,AKC,urban,2023-12-14 15:00:00+00:00,1,7.036099,5.4031506
AT,AKC,urban,2023-12-14 16:00:00+00:00,1,9.392299,6.66637
AT,AKC,urban,2023-12-14 17:00:00+00:00,1,8.83465,9.346839
AT,AKC,urban,2023-12-14 18:00:00+00:00,1,7.926,8.704675
AT,AKC,urban,2023-12-14 19:00:00+00:00,1,8.08435,8.0525465
AT,AKC,urban,2023-12-14 20:00:00+00:00,1,8.70495,7.937357
AT,AKC,urban,2023-12-14 21:00:00+00:00,1,8.305549,8.346691
AT,AKC,urban,2023-12-14 22:00:00+00:00,1,7.106849,8.259021
AT,AKC,urban,2023-12-14 23:00:00+00:00,1,4.977299,7.1399293
AT,AKC,urban,2023-12-15 00:00:00+00:00,1,4.591499,5.0682755
AT,AKC,urban,2023-12-15 01:00:00+00:00,1,4.674699,4.7226453
AT,AKC,urban,2023-12-15 02:00:00+00:00,1,3.658499,4.738112
AT,AKC,urban,2023-12-15 03:00:00+00:00,1,3.76025,3.9930778
AT,AKC,urban,2023-12-15 04:00:00+00:00,1,4.04085,3.7953768
AT,AKC,urban,2023-12-15 05:00:00+00:00,1,5.02215,3.9950395
AT,AKC,urban,2023-12-15 06:00:00+00:00,1,5.760199,5.164591
AT,AKC,urban,2023-12-15 07:00:00+00:00,1,4.620249,5.530051
AT,AKC,urban,2023-12-15 08:00:00+00:00,1,5.2722,4.9024343
AT,AKC,urban,2023-12-15 09:00:00+00:00,1,6.4219,5.1995697
AT,AKC,urban,2023-12-15 10:00:00+00:00,1,8.569,6.2463775
AT,AKC,urban,2023-12-15 11:00:00+00:00,1,7.249449,8.249439
AT,AKC,urban,2023-12-15 12:00:00+00:00,1,7.899549,7.1883297
AT,AKC,urban,2023-12-15 13:00:00+00:00,1,7.994649,7.9493966
AT,AKC,urban,2023-12-15 14:00:00+00:00,1,5.37555,8.106704
AT,AKC,urban,2023-12-15 15:00:00+00:00,1,5.478899,6.049775
AT,AKC,urban,2023-12-15 16:00:00+00:00,1,6.19525,5.315804
AT,AKC,urban,2023-12-15 17:00:00+00:00,1,6.3576,6.1715245
AT,AKC,urban,2023-12-15 18:00:00+00:00,1,8.37555,6.51168
AT,AKC,urban,2023-12-15 19:00:00+00:00,1,9.382699,8.368923
AT,AKC,urban,2023-12-15 20:00:00+00:00,1,9.52795,9.341119
AT,AKC,urban,2023-12-15 21:00:00+00:00,1,8.658199,9.412806
AT,AKC,urban,2023-12-15 22:00:00+00:00,1,8.5016,8.560686
AT,AKC,urban,2023-12-15 23:00:00+00:00,1,8.312049,8.43557
AT,AKC,urban,2023-12-16 00:00:00+00:00,1,9.5155,8.161786
AT,AKC,urban,2023-12-16 01:00:00+00:00,1,9.344099,9.004989
AT,AKC,urban,2023-12-16 02:00:00+00:00,1,10.653,9.060403
AT,AKC,urban,2023-12-16 03:00:00+00:00,1,9.9874,10.270118
AT,AKC,urban,2023-12-16 04:00:00+00:00,1,10.945,9.535937
AT,AKC,urban,2023-12-16 05:00:00+00:00,1,11.1355,10.608758
AT,AKC,urban,2023-12-16 06:00:00+00:00,1,10.7775,11.200807
AT,AKC,urban,2023-12-16 07:00:00+00:00,1,8.622249,10.858518
AT,AKC,urban,2023-12-16 08:00:00+00:00,1,7.144949,8.123349
AT,AKC,urban,2023-12-16 09:00:00+00:00,1,6.86915,6.9605336
AT,AKC,urban,2023-12-16 10:00:00+00:00,1,5.517149,6.720207
AT,AKC,urban,2023-12-16 11:00:00+00:00,1,6.769199,5.6508546
AT,AKC,urban,2023-12-16 12:00:00+00:00,1,9.6756,6.513127
AT,AKC,urban,2023-12-16 13:00:00+00:00,1,11.2775,9.490647
AT,AKC,urban,2023-12-16 14:00:00+00:00,1,12.8395,10.336453
AT,AKC,urban,2023-12-16 15:00:00+00:00,1,13.353,12.463936
AT,AKC,urban,2023-12-16 16:00:00+00:00,1,13.3825,12.902665
AT,AKC,urban,2023-12-16 17:00:00+00:00,1,13.713,12.878486
AT,AKC,urban,2023-12-16 18:00:00+00:00,1,14.231,13.73944
AT,AKC,urban,2023-12-16 19:00:00+00:00,1,13.5075,14.18779
AT,AKC,urban,2023-12-16 20:00:00+00:00,1,12.9495,12.957373
AT,AKC,urban,2023-12-16 21:00:00+00:00,1,13.366,12.573672
AT,AKC,urban,2023-12-16 22:00:00+00:00,1,9.80405,12.869485
AT,AKC,urban,2023-12-16 23:00:00+00:00,1,8.916099,9.387624
AT,AKC,urban,2023-12-17 00:00:00+00:00,1,8.90285,8.3751955
AT,AKC,urban,2023-12-17 01:00:00+00:00,1,8.477899,8.595403
AT,AKC,urban,2023-12-17 02:00:00+00:00,1,8.202099,8.390792
AT,AKC,urban,2023-12-17 03:00:00+00:00,1,7.81395,8.2359085
AT,AKC,urban,2023-12-17 04:00:00+00:00,1,7.102749,8.561542
AT,AKC,urban,2023-12-17 05:00:00+00:00,1,6.167949,6.786443
AT,AKC,urban,2023-12-17 06:00:00+00:00,1,4.47695,6.0064425
AT,AKC,urban,2023-12-17 07:00:00+00:00,1,4.3906,4.7563267
AT,AKC,urban,2023-12-17 08:00:00+00:00,1,3.876699,4.4463716
AT,AKC,urban,2023-12-17 09:00:00+00:00,1,3.208849,4.492501
AT,AKC,urban,2023-12-17 10:00:00+00:00,1,2.6693,4.0169177
AT,AKC,urban,2023-12-17 11:00:00+00:00,1,2.574349,3.3508036
AT,AKC,urban,2023-12-17 12:00:00+00:00,1,2.534349,3.3546991
AT,AKC,urban,2023-12-17 13:00:00+00:00,1,2.5861,3.077359
AT,AKC,urban,2023-12-17 14:00:00+00:00,1,3.361799,2.8374527
AT,AKC,urban,2023-12-17 15:00:00+00:00,1,5.0071,3.39589
AT,AKC,urban,2023-12-17 16:00:00+00:00,1,9.5079,5.2553945
AT,AKC,urban,2023-12-17 17:00:00+00:00,1,17.5405,10.372936
AT,AKC,urban,2023-12-17 18:00:00+00:00,1,19.225,16.999853
AT,AKC,urban,2023-12-17 19:00:00+00:00,1,20.1005,17.596935
AT,AKC,urban,2023-12-17 20:00:00+00:00,1,19.243,19.852772
AT,AKC,urban,2023-12-17 21:00:00+00:00,1,19.671,18.212996
AT,AKC,urban,2023-12-17 22:00:00+00:00,1,20.343,18.587997
AT,AKC,urban,2023-12-17 23:00:00+00:00,1,16.9195,19.521711
AT,AKC,urban,2023-12-18 00:00:00+00:00,1,15.706,15.259105
AT,AKC,urban,2023-12-18 01:00:00+00:00,1,16.3415,14.172434
AT,AKC,urban,2023-12-18 02:00:00+00:00,1,18.968,15.863404
AT,AKC,urban,2023-12-18 03:00:00+00:00,1,18.9415,18.276869
AT,AKC,urban,2023-12-18 04:00:00+00:00,1,20.214,18.504713
AT,AKC,urban,2023-12-18 05:00:00+00:00,1,22.4115,20.35233
AT,AKC,urban,2023-12-18 06:00:00+00:00,1,25.084,22.003912
AT,AKC,urban,2023-12-18 07:00:00+00:00,1,27.8925,23.828615
AT,AKC,urban,2023-12-18 08:00:00+00:00,1,25.7585,25.522121
AT,AKC,urban,2023-12-18 09:00:00+00:00,1,7.44395,24.193398
AT,AKC,urban,2023-12-18 10:00:00+00:00,1,11.4907,11.645253
AT,AKC,urban,2023-12-18 11:00:00+00:00,1,5.941599,11.192847
AT,AKC,urban,2023-12-18 12:00:00+00:00,1,5.8232,8.082861
AT,AKC,urban,2023-12-18 13:00:00+00:00,1,4.772649,7.1994066
AT,AKC,urban,2023-12-18 14:00:00+00:00,1,10.49635,6.2644897
AT,AKC,urban,2023-12-18 15:00:00+00:00,1,8.358749,11.802939
AT,AKC,urban,2023-12-18 16:00:00+00:00,1,6.91655,9.93469
AT,AKC,urban,2023-12-18 17:00:00+00:00,1,13.90135,8.352785
AT,AKC,urban,2023-12-18 18:00:00+00:00,1,23.8985,13.761474
AT,AKC,urban,2023-12-18 19:00:00+00:00,1,27.827,20.999615
AT,AKC,urban,2023-12-18 20:00:00+00:00,1,27.9675,27.362675
AT,AKC,urban,2023-12-18 21:00:00+00:00,1,27.982,26.057348
AT,AKC,urban,2023-12-18 22:00:00+00:00,1,26.4535,25.83254
AT,AKC,urban,2023-12-18 23:00:00+00:00,1,27.866,25.034143
AT,AKC,urban,2023-12-19 00:00:00+00:00,1,25.6925,26.572384
AT,AKC,urban,2023-12-19 01:00:00+00:00,1,24.9215,25.358673
AT,AKC,urban,2023-12-19 02:00:00+00:00,1,23.4835,26.100866
AT,AKC,urban,2023-12-19 03:00:00+00:00,1,4.888249,22.41756
AT,AKC,urban,2023-12-19 04:00:00+00:00,1,14.6502,6.743163
AT,AKC,urban,2023-12-19 05:00:00+00:00,1,26.1465,15.140358
AT,AKC,urban,2023-12-19 06:00:00+00:00,1,29.6805,24.620596
AT,AKC,urban,2023-12-19 07:00:00+00:00,1,25.5335,28.45023
AT,AKC,urban,2023-12-19 08:00:00+00:00,1,28.627,27.445341
AT,AKC,urban,2023-12-19 09:00:00+00:00,1,29.7125,26.370451
AT,AKC,urban,2023-12-19 10:00:00+00:00,1,31.56,26.454643
AT,AKC,urban,2023-12-19 11:00:00+00:00,1,33.2775,28.199057
AT,AKC,urban,2023-12-19 12:00:00+00:00,1,25.985,29.419233
AT,AKC,urban,2023-12-19 13:00:00+00:00,1,32.283,25.032307
AT,AKC,urban,2023-12-19 14:00:00+00:00,1,28.1705,27.127687
AT,AKC,urban,2023-12-19 15:00:00+00:00,1,30.879,28.184488
AT,AKC,urban,2023-12-19 16:00:00+00:00,1,36.8,28.771194
AT,AKC,urban,2023-12-19 17:00:00+00:00,1,39.527,35.553795
AT,AKC,urban,2023-12-19 18:00:00+00:00,1,36.7065,39.137543
AT,AKC,urban,2023-12-19 19:00:00+00:00,1,33.909,38.455338
AT,AKC,urban,2023-12-19 20:00:00+00:00,1,36.689,32.645966
AT,AKC,urban,2023-12-19 21:00:00+00:00,1,35.1745,35.557602
AT,AKC,urban,2023-12-19 22:00:00+00:00,1,31.7065,33.95018
AT,AKC,urban,2023-12-19 23:00:00+00:00,1,33.008,29.176012
AT,AKC,urban,2023-12-20 00:00:00+00:00,1,28.667,31.842308
AT,AKC,urban,2023-12-20 01:00:00+00:00,1,25.9415,26.399345
AT,AKC,urban,2023-12-20 02:00:00+00:00,1,24.648,24.43017
AT,AKC,urban,2023-12-20 03:00:00+00:00,1,26.472,22.630348
AT,AKC,urban,2023-12-20 04:00:00+00:00,1,7.818099,24.116728
AT,AKC,urban,2023-12-20 05:00:00+00:00,1,8.549799,7.305454
AT,AKC,urban,2023-12-20 06:00:00+00:00,1,6.419699,15.517736
AT,AKC,urban,2023-12-20 07:00:00+00:00,1,6.07145,6.952951
AT,AKC,urban,2023-12-20 08:00:00+00:00,1,4.64935,5.2370076
AT,AKC,urban,2023-12-20 09:00:00+00:00,1,3.9017,4.5664515
AT,AKC,urban,2023-12-20 10:00:00+00:00,1,3.910049,3.9530442
AT,AKC,urban,2023-12-20 11:00:00+00:00,1,3.2978,3.8150864
AT,AKC,urban,2023-12-20 12:00:00+00:00,1,3.1435,3.7807355
AT,AKC,urban,2023-12-20 13:00:00+00:00,1,3.401649,3.9360938
AT,AKC,urban,2023-12-20 14:00:00+00:00,1,2.899799,3.9308753
AT,AKC,urban,2023-12-20 15:00:00+00:00,1,3.492549,3.4843357
AT,AKC,urban,2023-12-20 16:00:00+00:00,1,3.134399,3.848213
AT,AKC,urban,2023-12-20 17:00:00+00:00,1,3.458449,3.9185872
AT,AKC,urban,2023-12-20 18:00:00+00:00,1,3.516149,3.9736514
AT,AKC,urban,2023-12-20 19:00:00+00:00,1,4.361549,4.0216756
AT,AKC,urban,2023-12-20 20:00:00+00:00,1,3.7477,4.339149
AT,AKC,urban,2023-12-20 21:00:00+00:00,1,3.21925,4.0358534
AT,AKC,urban,2023-12-20 22:00:00+00:00,1,3.033999,3.4946294
AT,AKC,urban,2023-12-20 23:00:00+00:00,1,2.30445,3.5315175
AT,AKC,urban,2023-12-21 00:00:00+00:00,1,2.18945,2.784355
AT,AKC,urban,2023-12-21 01:00:00+00:00,1,1.944399,2.486304
AT,AKC,urban,2023-12-21 02:00:00+00:00,1,2.070199,2.2445798
AT,AKC,urban,2023-12-21 03:00:00+00:00,1,1.7836,2.625051
AT,AKC,urban,2023-12-21 04:00:00+00:00,1,2.67645,2.1872947
AT,AKC,urban,2023-12-21 05:00:00+00:00,1,4.0061,3.1016161
AT,AKC,urban,2023-12-21 06:00:00+00:00,1,3.79005,4.371024
AT,AKC,urban,2023-12-21 07:00:00+00:00,1,2.5141,3.946936
AT,AKC,urban,2023-12-21 08:00:00+00:00,1,2.02705,3.313213
AT,AKC,urban,2023-12-21 09:00:00+00:00,1,2.20755,2.5786335
AT,AKC,urban,2023-12-21 10:00:00+00:00,1,2.236799,2.5648403
AT,AKC,urban,2023-12-21 11:00:00+00:00,1,2.636549,2.7472272
AT,AKC,urban,2023-12-21 12:00:00+00:00,1,2.529399,2.975578
AT,AKC,urban,2023-12-21 13:00:00+00:00,1,1.380899,2.9962485
AT,AKC,urban,2023-12-21 14:00:00+00:00,1,1.48185,2.0502553
AT,AKC,urban,2023-12-21 15:00:00+00:00,1,1.248899,1.9406743
AT,AKC,urban,2023-12-21 16:00:00+00:00,1,1.1895,1.6531783
AT,AKC,urban,2023-12-21 17:00:00+00:00,1,1.21775,1.4813817
AT,AKC,urban,2023-12-21 18:00:00+00:00,1,1.30795,1.4888374
AT,AKC,urban,2023-12-21 19:00:00+00:00,1,1.167999,1.5756885
AT,AKC,urban,2023-12-21 20:00:00+00:00,1,1.328199,1.509246
AT,AKC,urban,2023-12-21 21:00:00+00:00,1,1.378749,1.445634
AT,AKC,urban,2023-12-21 22:00:00+00:00,1,1.20885,1.3879198
AT,AKC,urban,2023-12-21 23:00:00+00:00,1,1.365649,1.3217382
AT,AKC,urban,2023-12-22 00:00:00+00:00,1,1.588649,1.3903677
AT,AKC,urban,2023-12-22 01:00:00+00:00,1,1.734699,1.6055045
AT,AKC,urban,2023-12-22 02:00:00+00:00,1,2.575799,1.7158852
AT,AKC,urban,2023-12-22 03:00:00+00:00,1,1.782099,2.3632102
AT,AKC,urban,2023-12-22 04:00:00+00:00,1,2.3947,2.1965065
AT,AKC,urban,2023-12-22 05:00:00+00:00,1,2.65065,2.6281369
AT,AKC,urban,2023-12-22 06:00:00+00:00,1,2.241699,2.8465362
AT,AKC,urban,2023-12-22 07:00:00+00:00,1,2.06515,2.7106872
AT,AKC,urban,2023-12-22 08:00:00+00:00,1,2.47345,2.6809962
AT,AKC,urban,2023-12-22 09:00:00+00:00,1,2.254449,2.699813
AT,AKC,urban,2023-12-22 10:00:00+00:00,1,2.1202,2.415028
AT,AKC,urban,2023-12-22 11:00:00+00:00,1,1.654399,2.504359
AT,AKC,urban,2023-12-22 12:00:00+00:00,1,1.9656,2.2642505
AT,AKC,urban,2023-12-22 13:00:00+00:00,1,1.97335,2.0978389
AT,AKC,urban,2023-12-22 14:00:00+00:00,1,1.5787,2.2347407
AT,AKC,urban,2023-12-22 15:00:00+00:00,1,1.315249,1.9094703
AT,AKC,urban,2023-12-22 16:00:00+00:00,1,1.378649,1.7123103
AT,AKC,urban,2023-12-22 17:00:00+00:00,1,1.522199,1.6920962
AT,AKC,urban,2023-12-22 18:00:00+00:00,1,2.0425,1.7108431
AT,AKC,urban,2023-12-22 19:00:00+00:00,1,3.155849,1.8299172
AT,AKC,urban,2023-12-22 20:00:00+00:00,1,2.9892,3.1267688
AT,AKC,urban,2023-12-22 21:00:00+00:00,1,1.013579,3.3017294
AT,AKC,urban,2023-12-22 22:00:00+00:00,1,0.976999,2.103782
AT,AKC,urban,2023-12-22 23:00:00+00:00,1,0.851289,1.6346135
AT,AKC,urban,2023-12-23 00:00:00+00:00,1,0.728595,1.0178357
AT,AKC,urban,2023-12-23 01:00:00+00:00,1,0.66227,1.1112691
AT,AKC,urban,2023-12-23 02:00:00+00:00,1,0.728705,1.0835657
AT,AKC,urban,2023-12-23 03:00:00+00:00,1,0.724815,1.0230097
AT,AKC,urban,2023-12-23 04:00:00+00:00,1,0.808229,0.94466805
AT,AKC,urban,2023-12-23 05:00:00+00:00,1,1.021699,0.82013685
AT,AKC,urban,2023-12-23 06:00:00+00:00,1,1.096899,1.0668741
AT,AKC,urban,2023-12-23 07:00:00+00:00,1,1.284049,1.0219129
AT,AKC,urban,2023-12-23 08:00:00+00:00,1,1.54115,1.4294595
AT,AKC,urban,2023-12-23 09:00:00+00:00,1,4.034199,1.4588326
AT,AKC,urban,2023-12-23 10:00:00+00:00,1,5.3125,3.581875
AT,AKC,urban,2023-12-23 11:00:00+00:00,1,3.312849,5.3621683
AT,AKC,urban,2023-12-23 12:00:00+00:00,1,2.6526,4.061718
AT,AKC,urban,2023-12-23 13:00:00+00:00,1,1.1798,3.4881604
AT,AKC,urban,2023-12-23 14:00:00+00:00,1,1.21235,2.166633
AT,AKC,urban,2023-12-23 15:00:00+00:00,1,2.467149,1.7518573
AT,AKC,urban,2023-12-23 16:00:00+00:00,1,2.623399,2.0652525
AT,AKC,urban,2023-12-23 17:00:00+00:00,1,1.826349,2.61317
AT,AKC,urban,2023-12-23 18:00:00+00:00,1,2.1475,2.3926036
AT,AKC,urban,2023-12-23 19:00:00+00:00,1,2.563349,2.2778268
AT,AKC,urban,2023-12-23 20:00:00+00:00,1,1.36415,2.4191496
AT,AKC,urban,2023-12-23 21:00:00+00:00,1,1.1059,2.0647624
AT,AKC,urban,2023-12-23 22:00:00+00:00,1,1.09645,1.7160257
AT,AKC,urban,2023-12-23 23:00:00+00:00,1,1.10415,1.3399572
AT,AKC,urban,2023-12-24 00:00:00+00:00,1,1.187,1.3066522
AT,AKC,urban,2023-12-24 01:00:00+00:00,1,1.235499,1.3896105
AT,AKC,urban,2023-12-24 02:00:00+00:00,1,1.156049,1.3838799
AT,AKC,urban,2023-12-24 03:00:00+00:00,1,1.136399,1.255907
AT,AKC,urban,2023-12-24 04:00:00+00:00,1,1.045199,1.2662218
AT,AKC,urban,2023-12-24 05:00:00+00:00,1,1.163349,1.2695241
AT,AKC,urban,2023-12-24 06:00:00+00:00,1,1.3054,1.3785172
AT,AKC,urban,2023-12-24 07:00:00+00:00,1,1.43385,1.3693874
AT,AKC,urban,2023-12-24 08:00:00+00:00,1,1.400799,1.3912472
AT,AKC,urban,2023-12-24 09:00:00+00:00,1,1.43735,1.5591377
AT,AKC,urban,2023-12-24 10:00:00+00:00,1,1.433799,1.5332144
AT,AKC,urban,2023-12-24 11:00:00+00:00,1,1.29855,1.5774944
AT,AKC,urban,2023-12-24 12:00:00+00:00,1,1.2978,1.5639435
AT,AKC,urban,2023-12-24 13:00:00+00:00,1,1.7501,1.4967177
AT,AKC,urban,2023-12-24 14:00:00+00:00,1,1.723999,1.6355149
AT,AKC,urban,2023-12-24 15:00:00+00:00,1,1.5089,1.6998972
AT,AKC,urban,2023-12-24 16:00:00+00:00,1,1.560299,1.8232374
AT,AKC,urban,2023-12-24 17:00:00+00:00,1,1.62265,1.6867131
AT,AKC,urban,2023-12-24 18:00:00+00:00,1,1.654,1.6903685
AT,AKC,urban,2023-12-24 19:00:00+00:00,1,1.59675,1.6978754
AT,AKC,urban,2023-12-24 20:00:00+00:00,1,1.328649,1.628352
AT,AKC,urban,2023-12-24 21:00:00+00:00,1,1.52465,1.5642575
AT,AKC,urban,2023-12-24 22:00:00+00:00,1,1.53075,1.597796
AT,AKC,urban,2023-12-24 23:00:00+00:00,1,1.556149,1.5953375
AT,AKC,urban,2023-12-25 00:00:00+00:00,1,1.516999,1.6439605
AT,AKC,urban,2023-12-25 01:00:00+00:00,1,1.444949,1.6074106
AT,AKC,urban,2023-12-25 02:00:00+00:00,1,1.36465,1.628478
AT,AKC,urban,2023-12-25 03:00:00+00:00,1,1.2867,1.5831381
AT,AKC,urban,2023-12-25 04:00:00+00:00,1,1.2193,1.6354009
AT,AKC,urban,2023-12-25 05:00:00+00:00,1,1.35885,1.4723886
AT,AKC,urban,2023-12-25 06:00:00+00:00,1,1.4544,1.4362949
AT,AKC,urban,2023-12-25 07:00:00+00:00,1,1.560149,1.5755528
AT,AKC,urban,2023-12-25 08:00:00+00:00,1,1.709949,1.5880432
AT,AKC,urban,2023-12-25 09:00:00+00:00,1,1.766099,1.701553
AT,AKC,urban,2023-12-25 10:00:00+00:00,1,1.832849,1.8609113
AT,AKC,urban,2023-12-25 11:00:00+00:00,1,1.91595,1.9204466
AT,AKC,urban,2023-12-25 12:00:00+00:00,1,1.90455,1.8841966
AT,AKC,urban,2023-12-25 13:00:00+00:00,1,1.959549,2.0080414
AT,AKC,urban,2023-12-25 14:00:00+00:00,1,2.123149,2.0084848
AT,AKC,urban,2023-12-25 15:00:00+00:00,1,2.338349,2.2212424
AT,AKC,urban,2023-12-25 16:00:00+00:00,1,2.4994,2.3232605
AT,AKC,urban,2023-12-25 17:00:00+00:00,1,2.220849,2.5542126
AT,AKC,urban,2023-12-25 18:00:00+00:00,1,2.330049,2.5185719
AT,AKC,urban,2023-12-25 19:00:00+00:00,1,1.98385,2.4685621
AT,AKC,urban,2023-12-25 20:00:00+00:00,1,2.014149,2.2636786
AT,AKC,urban,2023-12-25 21:00:00+00:00,1,2.071199,2.1483922
AT,AKC,urban,2023-12-25 22:00:00+00:00,1,2.30955,2.2114155
AT,AKC,urban,2023-12-25 23:00:00+00:00,1,2.25915,2.2602372
AT,AKC,urban,2023-12-26 00:00:00+00:00,1,2.157949,2.2797678
AT,AKC,urban,2023-12-26 01:00:00+00:00,1,1.954299,2.2761192
AT,AKC,urban,2023-12-26 02:00:00+00:00,1,1.841449,2.1894825
AT,AKC,urban,2023-12-26 03:00:00+00:00,1,1.874699,2.0281053
AT,AKC,urban,2023-12-26 04:00:00+00:00,1,2.073699,1.9962693
AT,AKC,urban,2023-12-26 05:00:00+00:00,1,2.3701,2.1436782
AT,AKC,urban,2023-12-26 06:00:00+00:00,1,2.330999,2.2490983
AT,AKC,urban,2023-12-26 07:00:00+00:00,1,2.64545,2.3423305
AT,AKC,urban,2023-12-26 08:00:00+00:00,1,3.024149,2.7988873
AT,AKC,urban,2023-12-26 09:00:00+00:00,1,3.00995,3.2245274
AT,AKC,urban,2023-12-26 10:00:00+00:00,1,3.029649,2.9163196
AT,AKC,urban,2023-12-26 11:00:00+00:00,1,2.93825,2.9486237
AT,AKC,urban,2023-12-26 12:00:00+00:00,1,3.3036,3.0384345
AT,AKC,urban,2023-12-26 13:00:00+00:00,1,3.3933,3.1671512
AT,AKC,urban,2023-12-26 14:00:00+00:00,1,2.913899,3.3859496
AT,AKC,urban,2023-12-26 15:00:00+00:00,1,2.802899,3.059583
AT,AKC,urban,2023-12-26 16:00:00+00:00,1,2.555249,2.9718258
AT,AKC,urban,2023-12-26 17:00:00+00:00,1,2.4851,2.7796757
AT,AKC,urban,2023-12-26 18:00:00+00:00,1,3.4828,2.593907
AT,AKC,urban,2023-12-26 19:00:00+00:00,1,4.03805,3.1437728
AT,AKC,urban,2023-12-26 20:00:00+00:00,1,3.787799,3.9605887
AT,AKC,urban,2023-12-26 21:00:00+00:00,1,3.32165,3.8367639
AT,AKC,urban,2023-12-26 22:00:00+00:00,1,3.42175,3.4550822
AT,AKC,urban,2023-12-26 23:00:00+00:00,1,3.29185,3.4354944
AT,AKC,urban,2023-12-27 00:00:00+00:00,1,3.678999,3.3886862
AT,AKC,urban,2023-12-27 01:00:00+00:00,1,3.850899,3.4939778
AT,AKC,urban,2023-12-27 02:00:00+00:00,1,3.3431,3.7032144
AT,AKC,urban,2023-12-27 03:00:00+00:00,1,2.919749,3.4703677
AT,AKC,urban,2023-12-27 04:00:00+00:00,1,2.854199,3.2368724
AT,AKC,urban,2023-12-27 05:00:00+00:00,1,2.984899,3.1383765
AT,AKC,urban,2023-12-27 06:00:00+00:00,1,3.79305,3.1569216
AT,AKC,urban,2023-12-27 07:00:00+00:00,1,4.563099,3.6914608
AT,AKC,urban,2023-12-27 08:00:00+00:00,1,5.729249,4.657407
AT,AKC,urban,2023-12-27 09:00:00+00:00,1,5.72445,6.2418504
AT,AKC,urban,2023-12-27 10:00:00+00:00,1,4.224349,5.572993
AT,AKC,urban,2023-12-27 11:00:00+00:00,1,4.1603,4.469325
AT,AKC,urban,2023-12-27 12:00:00+00:00,1,3.4874,4.6862826
AT,AKC,urban,2023-12-27 13:00:00+00:00,1,3.839,3.869484
AT,AKC,urban,2023-12-27 14:00:00+00:00,1,5.64655,3.968755
AT,AKC,urban,2023-12-27 15:00:00+00:00,1,12.9595,5.6698437
AT,AKC,urban,2023-12-27 16:00:00+00:00,1,9.3371,10.802772
AT,AKC,urban,2023-12-27 17:00:00+00:00,1,11.646,7.586483
AT,AKC,urban,2023-12-27 18:00:00+00:00,1,13.826,10.764268
AT,AKC,urban,2023-12-27 19:00:00+00:00,1,14.6405,14.08634
AT,AKC,urban,2023-12-27 20:00:00+00:00,1,14.4455,14.381265
AT,AKC,urban,2023-12-27 21:00:00+00:00,1,14.5,14.444696
AT,AKC,urban,2023-12-27 22:00:00+00:00,1,15.2145,14.432698
AT,AKC,urban,2023-12-27 23:00:00+00:00,1,16.4665,15.017273
AT,AKC,urban,2023-12-28 00:00:00+00:00,1,18.173,16.31511
AT,AKC,urban,2023-12-28 01:00:00+00:00,1,20.5655,17.959372
AT,AKC,urban,2023-12-28 02:00:00+00:00,1,21.429,20.066587
AT,AKC,urban,2023-12-28 03:00:00+00:00,1,22.793,21.533089
AT,AKC,urban,2023-12-28 04:00:00+00:00,1,24.394,22.256536
AT,AKC,urban,2023-12-28 05:00:00+00:00,1,23.9975,23.779463
AT,AKC,urban,2023-12-28 06:00:00+00:00,1,23.6535,23.333553
AT,AKC,urban,2023-12-28 07:00:00+00:00,1,22.6255,23.491045
AT,AKC,urban,2023-12-28 08:00:00+00:00,1,19.557,22.628012
AT,AKC,urban,2023-12-28 09:00:00+00:00,1,18.2765,17.956638
AT,AKC,urban,2023-12-28 10:00:00+00:00,1,17.387,17.306675
AT,AKC,urban,2023-12-28 11:00:00+00:00,1,16.56,16.432552
AT,AKC,urban,2023-12-28 12:00:00+00:00,1,15.554,16.526846
AT,AKC,urban,2023-12-28 13:00:00+00:00,1,16.347,15.558461
AT,AKC,urban,2023-12-28 14:00:00+00:00,1,19.3375,16.519344
AT,AKC,urban,2023-12-28 15:00:00+00:00,1,21.821,19.687412
AT,AKC,urban,2023-12-28 16:00:00+00:00,1,23.206,22.530478
AT,AKC,urban,2023-12-28 17:00:00+00:00,1,26.489,23.18716
AT,AKC,urban,2023-12-28 18:00:00+00:00,1,23.248,26.286182
AT,AKC,urban,2023-12-28 19:00:00+00:00,1,24.1565,23.037897
AT,AKC,urban,2023-12-28 20:00:00+00:00,1,24.596,24.494146
AT,AKC,urban,2023-12-28 21:00:00+00:00,1,23.0555,24.437216
AT,AKC,urban,2023-12-28 22:00:00+00:00,1,22.0865,22.30856
AT,AKC,urban,2023-12-28 23:00:00+00:00,1,19.3075,21.47914
AT,AKC,urban,2023-12-29 00:00:00+00:00,1,18.774,18.452274
AT,AKC,urban,2023-12-29 01:00:00+00:00,1,20.5035,18.579815
AT,AKC,urban,2023-12-29 02:00:00+00:00,1,19.4605,19.995403
AT,AKC,urban,2023-12-29 03:00:00+00:00,1,7.919,19.846361
AT,AKC,urban,2023-12-29 04:00:00+00:00,1,2.824199,7.1127267
AT,AKC,urban,2023-12-29 05:00:00+00:00,1,5.698049,4.816584
AT,AKC,urban,2023-12-29 06:00:00+00:00,1,11.8185,6.8408704
AT,AKC,urban,2023-12-29 07:00:00+00:00,1,13.3615,11.867498
AT,AKC,urban,2023-12-29 08:00:00+00:00,1,14.026,11.97442
AT,AKC,urban,2023-12-29 09:00:00+00:00,1,13.5555,14.164883
AT,AKC,urban,2023-12-29 10:00:00+00:00,1,3.215899,14.606362
AT,AKC,urban,2023-12-29 11:00:00+00:00,1,3.308499,5.146129
AT,AKC,urban,2023-12-29 12:00:00+00:00,1,3.796999,4.6466103
AT,AKC,urban,2023-12-29 13:00:00+00:00,1,3.827399,4.075093
AT,AKC,urban,2023-12-29 14:00:00+00:00,1,3.666599,4.024321
AT,AKC,urban,2023-12-29 15:00:00+00:00,1,5.49565,4.2638187
AT,AKC,urban,2023-12-29 16:00:00+00:00,1,10.80035,6.363269
AT,AKC,urban,2023-12-29 17:00:00+00:00,1,4.285349,12.246761
AT,AKC,urban,2023-12-29 18:00:00+00:00,1,4.704699,5.5777745
AT,AKC,urban,2023-12-29 19:00:00+00:00,1,11.1,4.832793
AT,AKC,urban,2023-12-29 20:00:00+00:00,1,13.1755,11.242969
AT,AKC,urban,2023-12-29 21:00:00+00:00,1,15.0265,14.09504
AT,AKC,urban,2023-12-29 22:00:00+00:00,1,17.1135,14.215723
AT,AKC,urban,2023-12-29 23:00:00+00:00,1,17.103,16.214752
AT,AKC,urban,2023-12-30 00:00:00+00:00,1,15.5315,16.089497
AT,AKC,urban,2023-12-30 01:00:00+00:00,1,4.188549,15.209789
AT,AKC,urban,2023-12-30 02:00:00+00:00,1,2.15915,5.408301
AT,AKC,urban,2023-12-30 03:00:00+00:00,1,2.13975,3.9229243
AT,AKC,urban,2023-12-30 04:00:00+00:00,1,2.1124,2.4685447
AT,AKC,urban,2023-12-30 05:00:00+00:00,1,2.294,2.2243
AT,AKC,urban,2023-12-30 06:00:00+00:00,1,2.439849,2.2790713
AT,AKC,urban,2023-12-30 07:00:00+00:00,1,2.781599,2.338592
AT,AKC,urban,2023-12-30 08:00:00+00:00,1,2.677449,2.7457898
AT,AKC,urban,2023-12-30 09:00:00+00:00,1,2.61135,2.813489
AT,AKC,urban,2023-12-30 10:00:00+00:00,1,2.505549,2.9342194
AT,AKC,urban,2023-12-30 11:00:00+00:00,1,2.35195,2.6163127
AT,AKC,urban,2023-12-30 12:00:00+00:00,1,2.46465,2.4665062
AT,AKC,urban,2023-12-30 13:00:00+00:00,1,2.478049,2.5476966
AT,AKC,urban,2023-12-30 14:00:00+00:00,1,4.372799,2.5528018
AT,AKC,urban,2023-12-30 15:00:00+00:00,1,5.155449,4.3010955
AT,AKC,urban,2023-12-30 16:00:00+00:00,1,6.836299,5.526475
AT,AKC,urban,2023-12-30 17:00:00+00:00,1,8.9402,7.7001157
AT,AKC,urban,2023-12-30 18:00:00+00:00,1,10.233,9.54924
AT,AKC,urban,2023-12-30 19:00:00+00:00,1,13.1365,10.747974
AT,AKC,urban,2023-12-30 20:00:00+00:00,1,12.821,13.570799
AT,AKC,urban,2023-12-30 21:00:00+00:00,1,9.6335,12.439299
AT,AKC,urban,2023-12-30 22:00:00+00:00,1,10.2266,9.528587
AT,AKC,urban,2023-12-30 23:00:00+00:00,1,13.0055,10.081088
AT,AKC,urban,2023-12-31 00:00:00+00:00,1,15.2385,12.672932
AT,AKC,urban,2023-12-31 01:00:00+00:00,1,15.7235,15.090698
AT,AKC,urban,2023-12-31 02:00:00+00:00,1,15.096,15.418721
AT,AKC,urban,2023-12-31 03:00:00+00:00,1,15.4765,14.976136
AT,AKC,urban,2023-12-31 04:00:00+00:00,1,23.6135,15.479074
AT,AKC,urban,2023-12-31 05:00:00+00:00,1,28.1025,23.345316
AT,AKC,urban,2023-12-31 06:00:00+00:00,1,28.232,27.256374
AT,AKC,urban,2023-12-31 07:00:00+00:00,1,25.5025,26.63922
AT,AKC,urban,2023-12-31 08:00:00+00:00,1,24.835,24.260593
AT,AKC,urban,2023-12-31 09:00:00+00:00,1,25.217,24.014614
AT,AKC,urban,2023-12-31 10:00:00+00:00,1,21.348,24.447071
AT,AKC,urban,2023-12-31 11:00:00+00:00,1,19.787,19.870762
AT,AKC,urban,2023-12-31 12:00:00+00:00,1,19.4085,18.410007
AT,AKC,urban,2023-12-31 13:00:00+00:00,1,19.59,18.793787
AT,AKC,urban,2023-12-31 14:00:00+00:00,1,16.1215,19.432636
AT,AKC,urban,2023-12-31 15:00:00+00:00,1,16.4425,16.071115
AT,AKC,urban,2023-12-31 16:00:00+00:00,1,17.905,16.627329
AT,AKC,urban,2023-12-31 17:00:00+00:00,1,20.1645,17.565525
AT,AKC,urban,2023-12-31 18:00:00+00:00,1,21.513,20.25593
AT,AKC,urban,2023-12-31 19:00:00+00:00,1,22.779,22.127403
AT,AKC,urban,2023-12-31 20:00:00+00:00,1,20.9065,22.974028
AT,AKC,urban,2024-01-08 05:00:00+00:00,1,12.39675,12.083654
AT,AKC,urban,2024-01-08 06:00:00+00:00,1,12.7175,12.525172
AT,AKC,urban,2024-01-08 07:00:00+00:00,1,13.8485,12.822993
AT,AKC,urban,2024-01-08 08:00:00+00:00,1,17.1525,13.557591
AT,AKC,urban,2024-01-08 09:00:00+00:00,1,18.75475,16.61346
AT,AKC,urban,2024-01-08 10:00:00+00:00,1,17.79475,17.841545
AT,AKC,urban,2024-01-08 11:00:00+00:00,1,17.851,16.957005
AT,AKC,urban,2024-01-08 12:00:00+00:00,1,18.62775,17.460545
AT,AKC,urban,2024-01-08 13:00:00+00:00,1,18.09375,17.981834
AT,AKC,urban,2024-01-08 14:00:00+00:00,1,19.1325,18.08221
AT,AKC,urban,2024-01-08 15:00:00+00:00,1,18.71,19.21822
AT,AKC,urban,2024-01-08 16:00:00+00:00,1,18.42775,18.46741
AT,AKC,urban,2024-01-08 17:00:00+00:00,1,20.34275,18.651503
AT,AKC,urban,2024-01-08 18:00:00+00:00,1,21.294,20.413935
AT,AKC,urban,2024-01-08 19:00:00+00:00,1,22.07625,21.32446
AT,AKC,urban,2024-01-08 20:00:00+00:00,1,21.863,22.002016
AT,AKC,urban,2024-01-08 21:00:00+00:00,1,22.65175,21.215923
AT,AKC,urban,2024-01-08 22:00:00+00:00,1,20.904,21.902727
AT,AKC,urban,2024-01-08 23:00:00+00:00,1,21.2445,20.45211
AT,AKC,urban,2024-01-09 00:00:00+00:00,1,21.4285,20.603447
AT,AKC,urban,2024-01-09 01:00:00+00:00,1,21.03975,20.8575
AT,AKC,urban,2024-01-09 02:00:00+00:00,1,20.61775,20.486664
AT,AKC,urban,2024-01-09 03:00:00+00:00,1,20.71175,20.165606
AT,AKC,urban,2024-01-09 04:00:00+00:00,1,21.08075,20.34917
AT,AKC,urban,2024-01-09 05:00:00+00:00,1,22.348,21.01771
AT,AKC,urban,2024-01-09 06:00:00+00:00,1,23.971,22.550299
AT,AKC,urban,2024-01-09 07:00:00+00:00,1,23.364,23.858982
AT,AKC,urban,2024-01-09 08:00:00+00:00,1,23.35775,22.153067
AT,AKC,urban,2024-01-09 09:00:00+00:00,1,23.26125,21.87667
AT,AKC,urban,2024-01-09 10:00:00+00:00,1,24.6325,22.670235
AT,AKC,urban,2024-01-09 11:00:00+00:00,1,24.70175,23.881075
AT,AKC,urban,2024-01-09 12:00:00+00:00,1,24.64825,23.998743
AT,AKC,urban,2024-01-09 13:00:00+00:00,1,24.60475,23.633776
AT,AKC,urban,2024-01-09 14:00:00+00:00,1,25.37675,24.370829
AT,AKC,urban,2024-01-09 15:00:00+00:00,1,25.27625,25.696074
AT,AKC,urban,2024-01-09 16:00:00+00:00,1,28.496,25.452482
AT,AKC,urban,2024-01-09 17:00:00+00:00,1,30.84075,28.395327
AT,AKC,urban,2024-01-09 18:00:00+00:00,1,32.05175,30.473425
AT,AKC,urban,2024-01-09 19:00:00+00:00,1,36.2825,30.566628
AT,AKC,urban,2024-01-09 20:00:00+00:00,1,35.3045,35.1783
AT,AKC,urban,2024-01-09 21:00:00+00:00,1,37.14725,34.43652
AT,AKC,urban,2024-01-09 22:00:00+00:00,1,39.17225,36.753437
AT,AKC,urban,2024-01-09 23:00:00+00:00,1,40.9925,37.437973
AT,AKC,urban,2024-01-10 00:00:00+00:00,1,42.75375,38.74379
AT,AKC,urban,2024-01-10 01:00:00+00:00,1,45.5235,40.937172
AT,AKC,urban,2024-01-10 02:00:00+00:00,1,48.10075,43.378235
AT,AKC,urban,2024-01-10 03:00:00+00:00,1,48.98575,45.20843
AT,AKC,urban,2024-01-10 04:00:00+00:00,1,46.61225,48.9766
AT,AKC,urban,2024-01-10 05:00:00+00:00,1,43.75625,47.19402
AT,AKC,urban,2024-01-10 06:00:00+00:00,1,43.46825,45.97565
AT,AKC,urban,2024-01-10 07:00:00+00:00,1,44.2365,43.9752
AT,AKC,urban,2024-01-10 08:00:00+00:00,1,44.773,45.287037
AT,AKC,urban,2024-01-10 09:00:00+00:00,1,38.2005,45.570538
AT,AKC,urban,2024-01-10 10:00:00+00:00,1,32.56475,39.852882
AT,AKC,urban,2024-01-10 11:00:00+00:00,1,26.42375,29.189232
AT,AKC,urban,2024-01-10 12:00:00+00:00,1,30.89675,24.88851
AT,AKC,urban,2024-01-10 13:00:00+00:00,1,25.014,30.030472
AT,AKC,urban,2024-01-10 14:00:00+00:00,1,30.4375,26.458454
AT,AKC,urban,2024-01-10 15:00:00+00:00,1,28.04025,27.894215
AT,AKC,urban,2024-01-10 16:00:00+00:00,1,26.84425,28.66493
AT,AKC,urban,2024-01-10 17:00:00+00:00,1,31.0625,26.628374
AT,AKC,urban,2024-01-10 18:00:00+00:00,1,31.48625,30.722933
AT,AKC,urban,2024-01-10 19:00:00+00:00,1,30.39175,32.324055
AT,AKC,urban,2024-01-10 20:00:00+00:00,1,29.92525,30.279284
AT,AKC,urban,2024-01-10 21:00:00+00:00,1,29.47125,29.977777
AT,AKC,urban,2024-01-10 22:00:00+00:00,1,28.5625,29.39394
AT,AKC,urban,2024-01-10 23:00:00+00:00,1,29.142,28.553747
AT,AKC,urban,2024-01-11 00:00:00+00:00,1,29.7425,28.89959
AT,AKC,urban,2024-01-11 01:00:00+00:00,1,29.841,29.70873
AT,AKC,urban,2024-01-11 02:00:00+00:00,1,29.18325,29.18156
AT,AKC,urban,2024-01-11 03:00:00+00:00,1,28.1165,28.694427
AT,AKC,urban,2024-01-11 04:00:00+00:00,1,28.221,28.662428
AT,AKC,urban,2024-01-11 05:00:00+00:00,1,30.221,28.641222
AT,AKC,urban,2024-01-11 06:00:00+00:00,1,32.0805,30.031956
AT,AKC,urban,2024-01-11 07:00:00+00:00,1,32.8455,31.785532
AT,AKC,urban,2024-01-11 08:00:00+00:00,1,32.40875,31.62931
AT,AKC,urban,2024-01-11 09:00:00+00:00,1,30.45475,32.896824
AT,AKC,urban,2024-01-11 10:00:00+00:00,1,27.8215,29.434645
AT,AKC,urban,2024-01-11 11:00:00+00:00,1,27.031,26.408026
AT,AKC,urban,2024-01-11 12:00:00+00:00,1,28.254,26.996304
AT,AKC,urban,2024-01-11 13:00:00+00:00,1,25.34025,27.791142
AT,AKC,urban,2024-01-11 14:00:00+00:00,1,24.82425,24.974796
AT,AKC,urban,2024-01-11 15:00:00+00:00,1,27.141,25.40307
AT,AKC,urban,2024-01-11 16:00:00+00:00,1,25.929,25.472431
AT,AKC,urban,2024-01-11 17:00:00+00:00,1,24.6905,23.830956
AT,AKC,urban,2024-01-11 18:00:00+00:00,1,23.54325,23.787828
AT,AKC,urban,2024-01-11 19:00:00+00:00,1,26.15725,23.69943
AT,AKC,urban,2024-01-11 20:00:00+00:00,1,28.13525,24.09563
AT,AKC,urban,2024-01-11 21:00:00+00:00,1,28.84925,26.411379
AT,AKC,urban,2024-01-11 22:00:00+00:00,1,27.64875,27.505804
AT,AKC,urban,2024-01-11 23:00:00+00:00,1,27.66125,25.823267
AT,AKC,urban,2024-01-12 00:00:00+00:00,1,31.16025,26.341988
AT,AKC,urban,2024-01-12 01:00:00+00:00,1,29.3815,29.309746
AT,AKC,urban,2024-01-12 02:00:00+00:00,1,26.584,28.427446
AT,AKC,urban,2024-01-12 03:00:00+00:00,1,29.42825,24.322367
AT,AKC,urban,2024-01-12 04:00:00+00:00,1,30.15325,28.06281
AT,AKC,urban,2024-01-12 05:00:00+00:00,1,31.74775,28.777163
AT,AKC,urban,2024-01-12 06:00:00+00:00,1,30.79225,29.788954
AT,AKC,urban,2024-01-12 07:00:00+00:00,1,29.146,30.439386
AT,AKC,urban,2024-01-12 08:00:00+00:00,1,27.555,27.653315
AT,AKC,urban,2024-01-12 09:00:00+00:00,1,25.24725,28.243105
AT,AKC,urban,2024-01-12 10:00:00+00:00,1,24.76175,24.042196
AT,AKC,urban,2024-01-12 11:00:00+00:00,1,24.7245,23.96098
AT,AKC,urban,2024-01-12 12:00:00+00:00,1,24.28075,24.225073
AT,AKC,urban,2024-01-12 13:00:00+00:00,1,24.36725,23.585238
AT,AKC,urban,2024-01-12 14:00:00+00:00,1,27.795,24.091314
AT,AKC,urban,2024-01-12 15:00:00+00:00,1,25.14075,26.84248
AT,AKC,urban,2024-01-12 16:00:00+00:00,1,24.11425,23.185364
AT,AKC,urban,2024-01-12 17:00:00+00:00,1,23.395,23.195074
AT,AKC,urban,2024-01-12 18:00:00+00:00,1,21.40875,23.112427
AT,AKC,urban,2024-01-12 19:00:00+00:00,1,26.4795,20.880228
AT,AKC,urban,2024-01-12 20:00:00+00:00,1,28.37575,25.035164
AT,AKC,urban,2024-01-12 21:00:00+00:00,1,28.4455,27.229494
AT,AKC,urban,2024-01-12 22:00:00+00:00,1,26.41225,27.464685
AT,AKC,urban,2024-01-12 23:00:00+00:00,1,26.8135,24.684055
AT,AKC,urban,2024-01-13 00:00:00+00:00,1,24.0915,25.768404
AT,AKC,urban,2024-01-13 01:00:00+00:00,1,21.0145,22.968792
AT,AKC,urban,2024-01-13 02:00:00+00:00,1,22.75575,19.380886
AT,AKC,urban,2024-01-13 03:00:00+00:00,1,23.09875,21.931646
AT,AKC,urban,2024-01-13 04:00:00+00:00,1,20.584,22.167776
AT,AKC,urban,2024-01-13 05:00:00+00:00,1,16.557,19.782913
AT,AKC,urban,2024-01-13 06:00:00+00:00,1,13.9815,15.249782
AT,AKC,urban,2024-01-13 07:00:00+00:00,1,15.4225,13.201662
AT,AKC,urban,2024-01-13 08:00:00+00:00,1,16.7355,14.82895
AT,AKC,urban,2024-01-13 09:00:00+00:00,1,17.57675,16.67081
AT,AKC,urban,2024-01-13 10:00:00+00:00,1,17.5615,17.79446
AT,AKC,urban,2024-01-13 11:00:00+00:00,1,17.7985,18.089933
AT,AKC,urban,2024-01-13 12:00:00+00:00,1,16.085,16.710028
AT,AKC,urban,2024-01-13 13:00:00+00:00,1,15.74425,15.32603
AT,AKC,urban,2024-01-13 14:00:00+00:00,1,15.96425,16.638136
AT,AKC,urban,2024-01-13 15:00:00+00:00,1,16.098,15.582496
AT,AKC,urban,2024-01-13 16:00:00+00:00,1,15.763,16.233099
AT,AKC,urban,2024-01-13 17:00:00+00:00,1,17.11325,15.623547
AT,AKC,urban,2024-01-13 18:00:00+00:00,1,18.21125,16.891523
AT,AKC,urban,2024-01-13 19:00:00+00:00,1,17.919,18.31541
AT,AKC,urban,2024-01-13 20:00:00+00:00,1,19.2435,17.314404
AT,AKC,urban,2024-01-13 21:00:00+00:00,1,20.0025,18.853384
AT,AKC,urban,2024-01-13 22:00:00+00:00,1,21.54025,19.543272
AT,AKC,urban,2024-01-13 23:00:00+00:00,1,21.52475,21.394491
AT,AKC,urban,2024-01-14 00:00:00+00:00,1,19.97825,21.889994
AT,AKC,urban,2024-01-14 01:00:00+00:00,1,19.5415,20.999079
AT,AKC,urban,2024-01-14 02:00:00+00:00,1,15.666,18.762394
AT,AKC,urban,2024-01-14 03:00:00+00:00,1,10.5582,14.29852
AT,AKC,urban,2024-01-14 04:00:00+00:00,1,8.0655,9.029167
AT,AKC,urban,2024-01-14 05:00:00+00:00,1,7.030274,7.5607734
AT,AKC,urban,2024-01-14 06:00:00+00:00,1,7.464575,6.858511
AT,AKC,urban,2024-01-14 07:00:00+00:00,1,6.7695246,7.3604507
AT,AKC,urban,2024-01-14 08:00:00+00:00,1,6.011825,6.869165
AT,AKC,urban,2024-01-14 09:00:00+00:00,1,6.191974,6.051919
AT,AKC,urban,2024-01-14 10:00:00+00:00,1,6.53385,6.3946295
AT,AKC,urban,2024-01-14 11:00:00+00:00,1,7.6371994,6.943454
AT,AKC,urban,2024-01-14 12:00:00+00:00,1,8.86345,7.5657825
AT,AKC,urban,2024-01-14 13:00:00+00:00,1,10.034675,8.630369
AT,AKC,urban,2024-01-14 14:00:00+00:00,1,9.45225,9.790345
AT,AKC,urban,2024-01-14 15:00:00+00:00,1,9.892575,9.454006
AT,AKC,urban,2024-01-14 16:00:00+00:00,1,9.476674,9.855248
AT,AKC,urban,2024-01-14 17:00:00+00:00,1,10.0805,9.6516075
AT,AKC,urban,2024-01-14 18:00:00+00:00,1,9.9641,10.225374
AT,AKC,urban,2024-01-14 19:00:00+00:00,1,9.180025,10.038365
AT,AKC,urban,2024-01-14 20:00:00+00:00,1,8.415625,9.427422
AT,AKC,urban,2024-01-14 21:00:00+00:00,1,6.870775,9.145738
AT,AKC,urban,2024-01-14 22:00:00+00:00,1,7.4608746,7.3709226
AT,AKC,urban,2024-01-14 23:00:00+00:00,1,6.6949997,7.905637
AT,AKC,urban,2024-01-15 00:00:00+00:00,1,8.06485,7.161015
AT,AKC,urban,2024-01-15 01:00:00+00:00,1,10.53775,8.133866
AT,AKC,urban,2024-01-15 02:00:00+00:00,1,11.3915,10.533244
AT,AKC,urban,2024-01-15 03:00:00+00:00,1,13.98,10.974813
AT,AKC,urban,2024-01-15 04:00:00+00:00,1,14.636,14.248079
AT,AKC,urban,2024-01-15 05:00:00+00:00,1,13.56875,14.533193
AT,AKC,urban,2024-01-15 06:00:00+00:00,1,14.2225,13.879954
AT,AKC,urban,2024-01-15 07:00:00+00:00,1,11.9615,14.116756
AT,AKC,urban,2024-01-15 08:00:00+00:00,1,12.091,11.96642
AT,AKC,urban,2024-01-15 09:00:00+00:00,1,10.893,11.8827505
AT,AKC,urban,2024-01-15 10:00:00+00:00,1,11.1544,11.476335
AT,AKC,urban,2024-01-15 11:00:00+00:00,1,11.99025,11.31745
AT,AKC,urban,2024-01-15 12:00:00+00:00,1,7.029,11.458528
AT,AKC,urban,2024-01-15 13:00:00+00:00,1,5.890699,7.5183635
AT,AKC,urban,2024-01-15 14:00:00+00:00,1,5.1752744,6.8076224
AT,AKC,urban,2024-01-15 15:00:00+00:00,1,4.7344995,5.858338
AT,AKC,urban,2024-01-15 16:00:00+00:00,1,4.6068244,5.340897
AT,AKC,urban,2024-01-15 17:00:00+00:00,1,4.1362996,4.897993
AT,AKC,urban,2024-01-15 18:00:00+00:00,1,3.421399,4.9616165
AT,AKC,urban,2024-01-15 19:00:00+00:00,1,3.9546244,3.6072571
AT,AKC,urban,2024-01-15 20:00:00+00:00,1,5.1393,3.9754982
AT,AKC,urban,2024-01-15 21:00:00+00:00,1,5.3468494,5.1261697
AT,AKC,urban,2024-01-15 22:00:00+00:00,1,5.5502996,5.520292
AT,AKC,urban,2024-01-15 23:00:00+00:00,1,6.5621495,5.830575
AT,AKC,urban,2024-01-16 00:00:00+00:00,1,6.84105,6.8804064
AT,AKC,urban,2024-01-16 01:00:00+00:00,1,6.7040744,6.953911
AT,AKC,urban,2024-01-16 02:00:00+00:00,1,6.7025247,6.753342
AT,AKC,urban,2024-01-16 03:00:00+00:00,1,6.2183995,6.95783
AT,AKC,urban,2024-01-16 04:00:00+00:00,1,5.6340246,6.779798
AT,AKC,urban,2024-01-16 05:00:00+00:00,1,5.6683,6.836671
AT,AKC,urban,2024-01-16 06:00:00+00:00,1,6.331425,6.683027
AT,AKC,urban,2024-01-16 07:00:00+00:00,1,5.716874,6.489551
AT,AKC,urban,2024-01-16 08:00:00+00:00,1,4.8639,6.286066
AT,AKC,urban,2024-01-16 09:00:00+00:00,1,5.5471745,5.2421613
AT,AKC,urban,2024-01-16 10:00:00+00:00,1,5.0781994,5.752849
AT,AKC,urban,2024-01-16 11:00:00+00:00,1,5.2666245,5.4841905
AT,AKC,urban,2024-01-16 12:00:00+00:00,1,4.5847993,5.463326
AT,AKC,urban,2024-01-16 13:00:00+00:00,1,4.175225,5.139398
AT,AKC,urban,2024-01-16 14:00:00+00:00,1,4.242299,5.117127
AT,AKC,urban,2024-01-16 15:00:00+00:00,1,5.0932493,4.888074
AT,AKC,urban,2024-01-16 16:00:00+00:00,1,6.3549,5.347376
AT,AKC,urban,2024-01-16 17:00:00+00:00,1,10.260525,6.731355
AT,AKC,urban,2024-01-16 18:00:00+00:00,1,12.2105,11.969727
AT,AKC,urban,2024-01-16 19:00:00+00:00,1,13.11875,12.75168
AT,AKC,urban,2024-01-16 20:00:00+00:00,1,16.39375,13.278712
AT,AKC,urban,2024-01-16 21:00:00+00:00,1,13.92525,15.457968
AT,AKC,urban,2024-01-16 22:00:00+00:00,1,15.68925,12.968189
AT,AKC,urban,2024-01-16 23:00:00+00:00,1,16.6375,14.023942
AT,AKC,urban,2024-01-17 00:00:00+00:00,1,18.664,16.30328
AT,AKC,urban,2024-01-17 01:00:00+00:00,1,21.27075,18.083256
AT,AKC,urban,2024-01-17 02:00:00+00:00,1,22.62225,21.055412
AT,AKC,urban,2024-01-17 03:00:00+00:00,1,21.18575,22.215061
AT,AKC,urban,2024-01-17 04:00:00+00:00,1,20.27225,20.721348
AT,AKC,urban,2024-01-17 05:00:00+00:00,1,18.15775,20.068834
AT,AKC,urban,2024-01-17 06:00:00+00:00,1,18.23375,18.207382
AT,AKC,urban,2024-01-17 07:00:00+00:00,1,16.83025,18.687614
AT,AKC,urban,2024-01-17 08:00:00+00:00,1,17.74425,17.001486
AT,AKC,urban,2024-01-17 09:00:00+00:00,1,19.89,17.93258
AT,AKC,urban,2024-01-17 10:00:00+00:00,1,20.727,20.088428
AT,AKC,urban,2024-01-17 11:00:00+00:00,1,20.2415,19.318895
AT,AKC,urban,2024-01-17 12:00:00+00:00,1,19.772,20.321163
AT,AKC,urban,2024-01-17 13:00:00+00:00,1,21.6665,20.806242
AT,AKC,urban,2024-01-17 14:00:00+00:00,1,21.83725,21.291317
AT,AKC,urban,2024-01-17 15:00:00+00:00,1,23.4695,21.7489
AT,AKC,urban,2024-01-17 16:00:00+00:00,1,23.34375,23.919607
AT,AKC,urban,2024-01-17 17:00:00+00:00,1,24.14525,22.530148
AT,AKC,urban,2024-01-17 18:00:00+00:00,1,24.50225,24.702753
AT,AKC,urban,2024-01-17 19:00:00+00:00,1,24.77475,24.28751
AT,AKC,urban,2024-01-17 20:00:00+00:00,1,23.31425,24.735537
AT,AKC,urban,2024-01-17 21:00:00+00:00,1,24.5225,23.179533
AT,AKC,urban,2024-01-17 22:00:00+00:00,1,23.9425,24.005062
AT,AKC,urban,2024-01-17 23:00:00+00:00,1,23.32375,23.847673
AT,AKC,urban,2024-01-18 00:00:00+00:00,1,22.64725,23.35229
AT,AKC,urban,2024-01-18 01:00:00+00:00,1,25.0115,22.481503
AT,AKC,urban,2024-01-18 02:00:00+00:00,1,27.01675,24.785698
AT,AKC,urban,2024-01-18 03:00:00+00:00,1,24.46375,26.26374
AT,AKC,urban,2024-01-18 04:00:00+00:00,1,23.07875,23.951195
AT,AKC,urban,2024-01-18 05:00:00+00:00,1,22.93125,22.946619
AT,AKC,urban,2024-01-18 06:00:00+00:00,1,26.59625,23.117762
AT,AKC,urban,2024-01-18 07:00:00+00:00,1,22.11275,26.032772
AT,AKC,urban,2024-01-18 08:00:00+00:00,1,24.6125,19.772743
AT,AKC,urban,2024-01-18 09:00:00+00:00,1,27.91225,24.03034
AT,AKC,urban,2024-01-18 10:00:00+00:00,1,29.972,28.04073
AT,AKC,urban,2024-01-18 11:00:00+00:00,1,29.22175,29.56202
AT,AKC,urban,2024-01-18 12:00:00+00:00,1,18.60275,30.497095
AT,AKC,urban,2024-01-18 13:00:00+00:00,1,17.05325,16.874334
AT,AKC,urban,2024-01-18 14:00:00+00:00,1,16.9295,17.120152
AT,AKC,urban,2024-01-18 15:00:00+00:00,1,25.285,17.820597
AT,AKC,urban,2024-01-18 16:00:00+00:00,1,19.99375,26.289677
AT,AKC,urban,2024-01-18 17:00:00+00:00,1,3.128,19.003626
AT,AKC,urban,2024-01-18 18:00:00+00:00,1,9.13905,3.5802217
AT,AKC,urban,2024-01-18 19:00:00+00:00,1,9.195424,5.7408657
AT,AKC,urban,2024-01-18 20:00:00+00:00,1,9.777175,7.7004313
AT,AKC,urban,2024-01-18 21:00:00+00:00,1,10.35475,9.325961
AT,AKC,urban,2024-01-18 22:00:00+00:00,1,11.03325,10.029522
AT,AKC,urban,2024-01-18 23:00:00+00:00,1,10.24475,11.055232
AT,AKC,urban,2024-01-19 00:00:00+00:00,1,8.321524,10.119898
AT,AKC,urban,2024-01-19 01:00:00+00:00,1,5.373649,8.439337
AT,AKC,urban,2024-01-19 02:00:00+00:00,1,5.16625,5.6720977
AT,AKC,urban,2024-01-19 03:00:00+00:00,1,4.8074245,5.1507335
AT,AKC,urban,2024-01-19 04:00:00+00:00,1,4.369499,5.351084
AT,AKC,urban,2024-01-19 05:00:00+00:00,1,3.8476245,5.0162835
AT,AKC,urban,2024-01-19 06:00:00+00:00,1,4.9291496,4.77564
AT,AKC,urban,2024-01-19 07:00:00+00:00,1,6.5972495,5.264643
AT,AKC,urban,2024-01-19 08:00:00+00:00,1,8.024325,6.5817823
AT,AKC,urban,2024-01-19 09:00:00+00:00,1,7.610625,8.366042
AT,AKC,urban,2024-01-19 10:00:00+00:00,1,7.0105996,7.6789517
AT,AKC,urban,2024-01-19 11:00:00+00:00,1,6.3987994,7.2881474
AT,AKC,urban,2024-01-19 12:00:00+00:00,1,6.9592495,6.790337
AT,AKC,urban,2024-01-19 13:00:00+00:00,1,6.3376,7.13496
AT,AKC,urban,2024-01-19 14:00:00+00:00,1,6.4741244,6.5798244
AT,AKC,urban,2024-01-19 15:00:00+00:00,1,9.216874,6.5778666
AT,AKC,urban,2024-01-19 16:00:00+00:00,1,10.6106,9.6352
AT,AKC,urban,2024-01-19 17:00:00+00:00,1,12.02575,10.194821
AT,AKC,urban,2024-01-19 18:00:00+00:00,1,12.86975,12.016953
AT,AKC,urban,2024-01-19 19:00:00+00:00,1,13.647,12.705768
AT,AKC,urban,2024-01-19 20:00:00+00:00,1,13.76325,13.190873
AT,AKC,urban,2024-01-19 21:00:00+00:00,1,14.22675,13.120063
AT,AKC,urban,2024-01-19 22:00:00+00:00,1,14.4155,13.8745165
AT,AKC,urban,2024-01-19 23:00:00+00:00,1,15.13575,14.415849
AT,AKC,urban,2024-01-20 00:00:00+00:00,1,15.0625,14.702333
AT,AKC,urban,2024-01-20 01:00:00+00:00,1,16.209,14.795505
AT,AKC,urban,2024-01-20 02:00:00+00:00,1,16.4575,15.540253
AT,AKC,urban,2024-01-20 03:00:00+00:00,1,15.35825,16.06774
AT,AKC,urban,2024-01-20 04:00:00+00:00,1,13.2025,15.418588
AT,AKC,urban,2024-01-20 05:00:00+00:00,1,13.05375,12.678017
AT,AKC,urban,2024-01-20 06:00:00+00:00,1,12.865,13.17488
AT,AKC,urban,2024-01-20 07:00:00+00:00,1,11.2675,12.632653
AT,AKC,urban,2024-01-20 08:00:00+00:00,1,10.3465,10.698598
AT,AKC,urban,2024-01-20 09:00:00+00:00,1,10.102449,10.410062
AT,AKC,urban,2024-01-20 10:00:00+00:00,1,8.749875,10.149366
AT,AKC,urban,2024-01-20 11:00:00+00:00,1,7.786074,8.58368
AT,AKC,urban,2024-01-20 12:00:00+00:00,1,6.4652495,7.944115
AT,AKC,urban,2024-01-20 13:00:00+00:00,1,6.131274,6.573774
AT,AKC,urban,2024-01-20 14:00:00+00:00,1,6.4674244,6.3019953
AT,AKC,urban,2024-01-20 15:00:00+00:00,1,6.6139,6.72683
AT,AKC,urban,2024-01-20 16:00:00+00:00,1,6.43975,6.8050675
AT,AKC,urban,2024-01-20 17:00:00+00:00,1,6.0296993,6.7255707
AT,AKC,urban,2024-01-20 18:00:00+00:00,1,5.9380746,6.33419
AT,AKC,urban,2024-01-20 19:00:00+00:00,1,5.9305744,6.0938888
AT,AKC,urban,2024-01-20 20:00:00+00:00,1,5.695574,6.1621346
AT,AKC,urban,2024-01-20 21:00:00+00:00,1,5.8247495,5.948525
AT,AKC,urban,2024-01-20 22:00:00+00:00,1,6.088375,5.898034
AT,AKC,urban,2024-01-20 23:00:00+00:00,1,5.4880743,6.3228397
AT,AKC,urban,2024-01-21 00:00:00+00:00,1,5.0583496,5.8405557
AT,AKC,urban,2024-01-21 01:00:00+00:00,1,5.224324,5.4777102
AT,AKC,urban,2024-01-21 02:00:00+00:00,1,5.517074,5.6398973
AT,AKC,urban,2024-01-21 03:00:00+00:00,1,4.9466,6.0475388
AT,AKC,urban,2024-01-21 04:00:00+00:00,1,5.760875,5.5759373
AT,AKC,urban,2024-01-21 05:00:00+00:00,1,7.074124,6.234082
AT,AKC,urban,2024-01-21 06:00:00+00:00,1,7.548825,7.5179524
AT,AKC,urban,2024-01-21 07:00:00+00:00,1,7.6664495,7.9983554
AT,AKC,urban,2024-01-21 08:00:00+00:00,1,7.4280744,7.6169405
AT,AKC,urban,2024-01-21 09:00:00+00:00,1,8.082099,7.5897837
AT,AKC,urban,2024-01-21 10:00:00+00:00,1,10.111325,7.9894443
AT,AKC,urban,2024-01-21 11:00:00+00:00,1,6.9138246,9.637157
AT,AKC,urban,2024-01-21 12:00:00+00:00,1,8.78795,6.7598877
AT,AKC,urban,2024-01-21 13:00:00+00:00,1,11.749,7.8305335
AT,AKC,urban,2024-01-21 14:00:00+00:00,1,13.7965,11.141829
AT,AKC,urban,2024-01-21 15:00:00+00:00,1,16.14975,13.811352
AT,AKC,urban,2024-01-21 16:00:00+00:00,1,17.66225,16.362215
AT,AKC,urban,2024-01-21 17:00:00+00:00,1,19.87575,18.038044
AT,AKC,urban,2024-01-21 18:00:00+00:00,1,19.809,20.13057
AT,AKC,urban,2024-01-21 19:00:00+00:00,1,20.206,20.306967
AT,AKC,urban,2024-01-21 20:00:00+00:00,1,21.77575,20.21315
AT,AKC,urban,2024-01-21 21:00:00+00:00,1,23.0315,20.994614
AT,AKC,urban,2024-01-21 22:00:00+00:00,1,26.465,22.568544
AT,AKC,urban,2024-01-21 23:00:00+00:00,1,23.098,25.191906
AT,AKC,urban,2024-01-22 00:00:00+00:00,1,22.269,21.11865
AT,AKC,urban,2024-01-22 01:00:00+00:00,1,24.24025,20.463142
AT,AKC,urban,2024-01-22 02:00:00+00:00,1,25.3055,23.34635
AT,AKC,urban,2024-01-22 03:00:00+00:00,1,25.17325,24.774323
AT,AKC,urban,2024-01-22 04:00:00+00:00,1,25.00725,24.60415
AT,AKC,urban,2024-01-22 05:00:00+00:00,1,26.0405,25.31096
AT,AKC,urban,2024-01-22 06:00:00+00:00,1,26.21175,26.390541
AT,AKC,urban,2024-01-22 07:00:00+00:00,1,24.637,26.091732
AT,AKC,urban,2024-01-22 08:00:00+00:00,1,24.32375,25.082508
AT,AKC,urban,2024-01-22 09:00:00+00:00,1,20.862,24.182346
AT,AKC,urban,2024-01-22 10:00:00+00:00,1,20.65225,20.495884
AT,AKC,urban,2024-01-22 11:00:00+00:00,1,21.0275,20.453474
AT,AKC,urban,2024-01-22 12:00:00+00:00,1,18.4495,20.673992
AT,AKC,urban,2024-01-22 13:00:00+00:00,1,17.95375,18.36589
AT,AKC,urban,2024-01-22 14:00:00+00:00,1,18.3385,18.631298
AT,AKC,urban,2024-01-22 15:00:00+00:00,1,18.615,19.341356
AT,AKC,urban,2024-01-22 16:00:00+00:00,1,23.073,18.723017
AT,AKC,urban,2024-01-22 17:00:00+00:00,1,24.233,22.982979
AT,AKC,urban,2024-01-22 18:00:00+00:00,1,25.11525,24.529745
AT,AKC,urban,2024-01-22 19:00:00+00:00,1,26.23925,25.06923
AT,AKC,urban,2024-01-22 20:00:00+00:00,1,27.11625,26.39795
AT,AKC,urban,2024-01-22 21:00:00+00:00,1,27.977,26.978094
AT,AKC,urban,2024-01-22 22:00:00+00:00,1,29.904,27.424835
AT,AKC,urban,2024-01-22 23:00:00+00:00,1,30.1395,28.212103
AT,AKC,urban,2024-01-23 00:00:00+00:00,1,31.123,29.048824
AT,AKC,urban,2024-01-23 01:00:00+00:00,1,34.89275,30.117374
AT,AKC,urban,2024-01-23 02:00:00+00:00,1,36.697,33.063107
AT,AKC,urban,2024-01-23 03:00:00+00:00,1,37.66175,34.925568
AT,AKC,urban,2024-01-23 04:00:00+00:00,1,38.928,36.47604
AT,AKC,urban,2024-01-23 05:00:00+00:00,1,15.032025,37.71671
AT,AKC,urban,2024-01-23 06:00:00+00:00,1,6.301274,7.611021
AT,AKC,urban,2024-01-23 07:00:00+00:00,1,4.6737247,9.030869
AT,AKC,urban,2024-01-23 08:00:00+00:00,1,3.813249,4.7683067
AT,AKC,urban,2024-01-23 09:00:00+00:00,1,3.3964245,5.023665
AT,AKC,urban,2024-01-23 10:00:00+00:00,1,2.787274,3.9971
AT,AKC,urban,2024-01-23 11:00:00+00:00,1,3.009224,2.927465
AT,AKC,urban,2024-01-23 12:00:00+00:00,1,3.0958245,3.5543673
AT,AKC,urban,2024-01-23 13:00:00+00:00,1,3.7405746,3.565325
AT,AKC,urban,2024-01-23 14:00:00+00:00,1,4.095075,4.0901165
AT,AKC,urban,2024-01-23 15:00:00+00:00,1,3.3977244,5.0624533
AT,AKC,urban,2024-01-23 16:00:00+00:00,1,3.9140744,3.8905349
AT,AKC,urban,2024-01-23 17:00:00+00:00,1,4.3476243,4.0726476
AT,AKC,urban,2024-01-23 18:00:00+00:00,1,4.9155746,4.535215
AT,AKC,urban,2024-01-23 19:00:00+00:00,1,4.3243246,5.1406493
AT,AKC,urban,2024-01-23 20:00:00+00:00,1,4.2716746,4.566811
AT,AKC,urban,2024-01-23 21:00:00+00:00,1,4.4116244,4.3847547
AT,AKC,urban,2024-01-23 22:00:00+00:00,1,5.9099746,4.66087
AT,AKC,urban,2024-01-23 23:00:00+00:00,1,6.3445997,6.0841575
AT,AKC,urban,2024-01-24 00:00:00+00:00,1,5.802,6.809017
AT,AKC,urban,2024-01-24 01:00:00+00:00,1,4.423424,6.4461036
AT,AKC,urban,2024-01-24 02:00:00+00:00,1,4.730275,5.152416
AT,AKC,urban,2024-01-24 03:00:00+00:00,1,5.2310996,5.1742435
AT,AKC,urban,2024-01-24 04:00:00+00:00,1,4.5012994,5.8566
AT,AKC,urban,2024-01-24 05:00:00+00:00,1,5.1354246,5.806792
AT,AKC,urban,2024-01-24 06:00:00+00:00,1,6.4154744,6.1037965
AT,AKC,urban,2024-01-24 07:00:00+00:00,1,5.772649,6.802533
AT,AKC,urban,2024-01-24 08:00:00+00:00,1,3.170224,6.2079225
AT,AKC,urban,2024-01-24 09:00:00+00:00,1,3.1978495,4.1653695
AT,AKC,urban,2024-01-24 10:00:00+00:00,1,2.9596746,3.8223472
AT,AKC,urban,2024-01-24 11:00:00+00:00,1,4.045024,3.2375805
AT,AKC,urban,2024-01-24 12:00:00+00:00,1,3.6635244,4.0505915
AT,AKC,urban,2024-01-24 13:00:00+00:00,1,4.994025,3.9724283
AT,AKC,urban,2024-01-24 14:00:00+00:00,1,3.00205,5.078536
AT,AKC,urban,2024-01-24 15:00:00+00:00,1,1.5837,3.2823415
AT,AKC,urban,2024-01-24 16:00:00+00:00,1,1.7747245,2.4511893
AT,AKC,urban,2024-01-24 17:00:00+00:00,1,2.1850245,2.0749342
AT,AKC,urban,2024-01-24 18:00:00+00:00,1,3.3019495,2.115336
AT,AKC,urban,2024-01-24 19:00:00+00:00,1,3.2411995,3.155438
AT,AKC,urban,2024-01-24 20:00:00+00:00,1,3.5350494,3.443905
AT,AKC,urban,2024-01-24 21:00:00+00:00,1,4.543649,3.7356803
AT,AKC,urban,2024-01-24 22:00:00+00:00,1,4.9903,4.471072
AT,AKC,urban,2024-01-24 23:00:00+00:00,1,4.921224,5.1479645
AT,AKC,urban,2024-01-25 00:00:00+00:00,1,4.8270497,5.0206895
AT,AKC,urban,2024-01-25 01:00:00+00:00,1,4.9644494,5.011491
AT,AKC,urban,2024-01-25 02:00:00+00:00,1,5.0153494,5.0391893
AT,AKC,urban,2024-01-25 03:00:00+00:00,1,5.1666493,5.0120254
AT,AKC,urban,2024-01-25 04:00:00+00:00,1,5.870349,5.272041
AT,AKC,urban,2024-01-25 05:00:00+00:00,1,7.1359744,6.088136
AT,AKC,urban,2024-01-25 06:00:00+00:00,1,7.4179993,7.4193473
AT,AKC,urban,2024-01-25 07:00:00+00:00,1,7.4850245,7.3517036
AT,AKC,urban,2024-01-25 08:00:00+00:00,1,7.3427744,7.3326
AT,AKC,urban,2024-01-25 09:00:00+00:00,1,7.4152246,7.0034223
AT,AKC,urban,2024-01-25 10:00:00+00:00,1,7.4208746,6.9662547
AT,AKC,urban,2024-01-25 11:00:00+00:00,1,8.998425,7.0088778
AT,AKC,urban,2024-01-25 12:00:00+00:00,1,8.373124,8.228504
AT,AKC,urban,2024-01-25 13:00:00+00:00,1,8.1469,8.023204
AT,AKC,urban,2024-01-25 14:00:00+00:00,1,6.6780744,7.8750467
AT,AKC,urban,2024-01-25 15:00:00+00:00,1,6.458775,6.518058
AT,AKC,urban,2024-01-25 16:00:00+00:00,1,5.8260245,6.6350074
AT,AKC,urban,2024-01-25 17:00:00+00:00,1,6.0459747,5.8688574
AT,AKC,urban,2024-01-25 18:00:00+00:00,1,6.2965493,5.825264
AT,AKC,urban,2024-01-25 19:00:00+00:00,1,6.21005,6.4401546
AT,AKC,urban,2024-01-25 20:00:00+00:00,1,5.976399,6.309419
AT,AKC,urban,2024-01-25 21:00:00+00:00,1,5.8603,6.017155
AT,AKC,urban,2024-01-25 22:00:00+00:00,1,6.2426496,6.1486354
AT,AKC,urban,2024-01-25 23:00:00+00:00,1,6.588874,6.4825068
AT,AKC,urban,2024-01-26 00:00:00+00:00,1,6.797249,6.6401668
AT,AKC,urban,2024-01-26 01:00:00+00:00,1,6.838825,6.9038963
AT,AKC,urban,2024-01-26 02:00:00+00:00,1,6.794125,7.019478
AT,AKC,urban,2024-01-26 03:00:00+00:00,1,6.8600245,6.9571233
AT,AKC,urban,2024-01-26 04:00:00+00:00,1,6.8292246,7.2244163
AT,AKC,urban,2024-01-26 05:00:00+00:00,1,7.592625,7.4444113
AT,AKC,urban,2024-01-26 06:00:00+00:00,1,9.25145,8.139705
AT,AKC,urban,2024-01-26 07:00:00+00:00,1,9.725599,9.936601
AT,AKC,urban,2024-01-26 08:00:00+00:00,1,11.28725,8.999209
AT,AKC,urban,2024-01-26 09:00:00+00:00,1,11.6325,10.807301
AT,AKC,urban,2024-01-26 10:00:00+00:00,1,10.901325,11.170751
AT,AKC,urban,2024-01-26 11:00:00+00:00,1,11.1525,10.445068
AT,AKC,urban,2024-01-26 12:00:00+00:00,1,11.055,10.471256
AT,AKC,urban,2024-01-26 13:00:00+00:00,1,10.82475,10.513773
AT,AKC,urban,2024-01-26 14:00:00+00:00,1,10.9275,10.555337
AT,AKC,urban,2024-01-26 15:00:00+00:00,1,12.423,11.683619
AT,AKC,urban,2024-01-26 16:00:00+00:00,1,5.9199743,13.399489
AT,AKC,urban,2024-01-26 17:00:00+00:00,1,4.2461996,4.8002033
AT,AKC,urban,2024-01-26 18:00:00+00:00,1,3.139449,4.6597404
AT,AKC,urban,2024-01-26 19:00:00+00:00,1,2.171824,3.4518497
AT,AKC,urban,2024-01-26 20:00:00+00:00,1,1.901399,2.7968352
AT,AKC,urban,2024-01-26 21:00:00+00:00,1,1.973699,2.3250031
AT,AKC,urban,2024-01-26 22:00:00+00:00,1,1.6500494,2.2284951
AT,AKC,urban,2024-01-26 23:00:00+00:00,1,1.4541745,1.9946884
AT,AKC,urban,2024-01-27 00:00:00+00:00,1,1.6883745,1.9726385
AT,AKC,urban,2024-01-27 01:00:00+00:00,1,2.21725,1.8043845
AT,AKC,urban,2024-01-27 02:00:00+00:00,1,2.739724,2.1054864
AT,AKC,urban,2024-01-27 03:00:00+00:00,1,3.3236494,2.6105943
AT,AKC,urban,2024-01-27 04:00:00+00:00,1,3.546849,3.282934
AT,AKC,urban,2024-01-27 05:00:00+00:00,1,3.9947996,3.5850198
AT,AKC,urban,2024-01-27 06:00:00+00:00,1,4.2320995,4.0068974
AT,AKC,urban,2024-01-27 07:00:00+00:00,1,4.655399,4.2711287
AT,AKC,urban,2024-01-27 08:00:00+00:00,1,5.3112245,4.7256784
AT,AKC,urban,2024-01-27 09:00:00+00:00,1,5.7451496,5.1220245
AT,AKC,urban,2024-01-27 10:00:00+00:00,1,5.293625,5.451946
AT,AKC,urban,2024-01-27 11:00:00+00:00,1,4.857,5.2146435
AT,AKC,urban,2024-01-27 12:00:00+00:00,1,5.1560993,4.794887
AT,AKC,urban,2024-01-27 13:00:00+00:00,1,4.988475,5.139428
AT,AKC,urban,2024-01-27 14:00:00+00:00,1,5.1887245,5.0656614
AT,AKC,urban,2024-01-27 15:00:00+00:00,1,5.6726995,5.214419
AT,AKC,urban,2024-01-27 16:00:00+00:00,1,5.96065,5.622175
AT,AKC,urban,2024-01-27 17:00:00+00:00,1,5.3193493,5.9602246
AT,AKC,urban,2024-01-27 18:00:00+00:00,1,5.1237497,5.356121
AT,AKC,urban,2024-01-27 19:00:00+00:00,1,5.000075,5.2575417
AT,AKC,urban,2024-01-27 20:00:00+00:00,1,5.0479245,5.2828317
AT,AKC,urban,2024-01-27 21:00:00+00:00,1,5.314174,5.212017
AT,AKC,urban,2024-01-27 22:00:00+00:00,1,5.325949,5.429142
AT,AKC,urban,2024-01-27 23:00:00+00:00,1,5.6208744,5.319737
AT,AKC,urban,2024-01-28 00:00:00+00:00,1,6.001199,5.6561565
AT,AKC,urban,2024-01-28 01:00:00+00:00,1,6.12755,5.870942
AT,AKC,urban,2024-01-28 02:00:00+00:00,1,6.143099,6.1170597
AT,AKC,urban,2024-01-28 03:00:00+00:00,1,5.6920495,6.154505
AT,AKC,urban,2024-01-28 04:00:00+00:00,1,6.324124,6.0098224
AT,AKC,urban,2024-01-28 05:00:00+00:00,1,6.1028996,6.51116
AT,AKC,urban,2024-01-28 06:00:00+00:00,1,6.1633744,6.2166195
AT,AKC,urban,2024-01-28 07:00:00+00:00,1,6.1533246,6.2980356
AT,AKC,urban,2024-01-28 08:00:00+00:00,1,7.4413495,6.1558995
AT,AKC,urban,2024-01-28 09:00:00+00:00,1,7.753124,7.2514887
AT,AKC,urban,2024-01-28 10:00:00+00:00,1,7.2968245,7.5027785
AT,AKC,urban,2024-01-28 11:00:00+00:00,1,7.7812495,7.1463623
AT,AKC,urban,2024-01-28 12:00:00+00:00,1,6.2974496,7.4689155
AT,AKC,urban,2024-01-28 13:00:00+00:00,1,6.020224,6.300035
AT,AKC,urban,2024-01-28 14:00:00+00:00,1,6.875625,6.017127
AT,AKC,urban,2024-01-28 15:00:00+00:00,1,8.982274,7.1071997
AT,AKC,urban,2024-01-28 16:00:00+00:00,1,9.979225,9.571214
AT,AKC,urban,2024-01-28 17:00:00+00:00,1,13.59175,10.614593
AT,AKC,urban,2024-01-28 18:00:00+00:00,1,16.16475,14.211825
AT,AKC,urban,2024-01-28 19:00:00+00:00,1,15.70275,16.74482
AT,AKC,urban,2024-01-28 20:00:00+00:00,1,16.92525,15.641622
AT,AKC,urban,2024-01-28 21:00:00+00:00,1,14.59525,16.809938
AT,AKC,urban,2024-01-28 22:00:00+00:00,1,13.21925,14.312231
AT,AKC,urban,2024-01-28 23:00:00+00:00,1,15.57375,12.948891
AT,AKC,urban,2024-01-29 00:00:00+00:00,1,22.2235,14.879392
AT,AKC,urban,2024-01-29 01:00:00+00:00,1,21.9865,22.476583
AT,AKC,urban,2024-01-29 02:00:00+00:00,1,18.30225,21.7992
AT,AKC,urban,2024-01-29 03:00:00+00:00,1,16.359,17.801884
AT,AKC,urban,2024-01-29 04:00:00+00:00,1,17.29175,15.747206
AT,AKC,urban,2024-01-29 05:00:00+00:00,1,19.791,17.583836
AT,AKC,urban,2024-01-29 06:00:00+00:00,1,21.638,20.799965
AT,AKC,urban,2024-01-29 07:00:00+00:00,1,19.75025,22.220148
AT,AKC,urban,2024-01-29 08:00:00+00:00,1,19.4555,19.322515
AT,AKC,urban,2024-01-29 09:00:00+00:00,1,19.6395,19.435781
AT,AKC,urban,2024-01-29 10:00:00+00:00,1,17.28525,19.709599
AT,AKC,urban,2024-01-29 11:00:00+00:00,1,14.38275,17.535637
AT,AKC,urban,2024-01-29 12:00:00+00:00,1,12.312,13.432544
AT,AKC,urban,2024-01-29 13:00:00+00:00,1,13.62575,11.458169
AT,AKC,urban,2024-01-29 14:00:00+00:00,1,13.11075,14.327134
AT,AKC,urban,2024-01-29 15:00:00+00:00,1,14.24075,13.38587
AT,AKC,urban,2024-01-29 16:00:00+00:00,1,14.5175,14.400918
AT,AKC,urban,2024-01-29 17:00:00+00:00,1,15.64775,14.403945
AT,AKC,urban,2024-01-29 18:00:00+00:00,1,17.38775,16.376637
AT,AKC,urban,2024-01-29 19:00:00+00:00,1,18.541,18.152025
AT,AKC,urban,2024-01-29 20:00:00+00:00,1,19.01825,19.073288
AT,AKC,urban,2024-01-29 21:00:00+00:00,1,18.68475,18.949772
AT,AKC,urban,2024-01-29 22:00:00+00:00,1,18.356,18.714254
AT,AKC,urban,2024-01-29 23:00:00+00:00,1,18.56775,18.408144
AT,AKC,urban,2024-01-30 00:00:00+00:00,1,18.36325,18.654963
AT,AKC,urban,2024-01-30 01:00:00+00:00,1,17.673,18.681557
AT,AKC,urban,2024-01-30 02:00:00+00:00,1,17.53575,17.73597
AT,AKC,urban,2024-01-30 03:00:00+00:00,1,18.7,17.746876
AT,AKC,urban,2024-01-30 04:00:00+00:00,1,19.0255,18.734426
AT,AKC,urban,2024-01-30 05:00:00+00:00,1,19.20025,19.729725
AT,AKC,urban,2024-01-30 06:00:00+00:00,1,19.646,20.201727
AT,AKC,urban,2024-01-30 07:00:00+00:00,1,20.73975,20.371758
AT,AKC,urban,2024-01-30 08:00:00+00:00,1,21.22675,21.035471
AT,AKC,urban,2024-01-30 09:00:00+00:00,1,18.2805,21.294647
AT,AKC,urban,2024-01-30 10:00:00+00:00,1,17.69175,18.271664
AT,AKC,urban,2024-01-30 11:00:00+00:00,1,16.5965,17.940853
AT,AKC,urban,2024-01-30 12:00:00+00:00,1,16.339,17.170774
AT,AKC,urban,2024-01-30 13:00:00+00:00,1,16.249,16.72335
AT,AKC,urban,2024-01-30 14:00:00+00:00,1,15.25375,16.81125
AT,AKC,urban,2024-01-30 15:00:00+00:00,1,15.2215,15.916753
AT,AKC,urban,2024-01-30 16:00:00+00:00,1,15.11875,15.3969345
AT,AKC,urban,2024-01-30 17:00:00+00:00,1,16.20975,15.807469
AT,AKC,urban,2024-01-30 18:00:00+00:00,1,17.9645,16.717304
AT,AKC,urban,2024-01-30 19:00:00+00:00,1,18.6505,18.658983
AT,AKC,urban,2024-01-30 20:00:00+00:00,1,19.732,18.982302
AT,AKC,urban,2024-01-30 21:00:00+00:00,1,20.93275,20.099056
AT,AKC,urban,2024-01-30 22:00:00+00:00,1,24.60375,21.239529
AT,AKC,urban,2024-01-30 23:00:00+00:00,1,25.86025,24.601826
AT,AKC,urban,2024-01-31 00:00:00+00:00,1,28.702,25.13182
AT,AKC,urban,2024-01-31 01:00:00+00:00,1,28.117,27.978388
AT,AKC,urban,2024-01-31 02:00:00+00:00,1,27.79175,27.184452
AT,AKC,urban,2024-01-31 03:00:00+00:00,1,26.5445,27.241882
AT,AKC,urban,2024-01-31 04:00:00+00:00,1,25.97875,26.10816
AT,AKC,urban,2024-01-31 05:00:00+00:00,1,27.787,26.255058
AT,AKC,urban,2024-01-31 06:00:00+00:00,1,28.91925,28.072012
AT,AKC,urban,2024-01-31 07:00:00+00:00,1,29.2365,28.902668
AT,AKC,urban,2024-01-31 08:00:00+00:00,1,31.43375,29.174831
AT,AKC,urban,2024-01-31 09:00:00+00:00,1,34.08175,31.118935
AT,AKC,urban,2024-01-31 10:00:00+00:00,1,34.80825,34.170902
AT,AKC,urban,2024-01-31 11:00:00+00:00,1,32.665,34.986397
AT,AKC,urban,2024-01-31 12:00:00+00:00,1,35.336,32.582214
AT,AKC,urban,2024-01-31 13:00:00+00:00,1,36.637,33.52204
AT,AKC,urban,2024-01-31 14:00:00+00:00,1,37.00625,35.803707
AT,AKC,urban,2024-01-31 15:00:00+00:00,1,36.9885,37.350918
AT,AKC,urban,2024-01-31 16:00:00+00:00,1,36.9265,38.922264
AT,AKC,urban,2024-01-31 17:00:00+00:00,1,37.7395,37.574234
AT,AKC,urban,2024-01-31 18:00:00+00:00,1,38.7455,37.681705
AT,AKC,urban,2024-01-31 19:00:00+00:00,1,39.7485,39.68889
AT,AKC,urban,2024-01-31 20:00:00+00:00,1,40.52825,40.180523
AT,AKC,urban,2024-01-31 21:00:00+00:00,1,40.88025,40.95519
AT,AKC,urban,2024-01-31 22:00:00+00:00,1,42.00325,40.366665
AT,AKC,urban,2024-01-31 23:00:00+00:00,1,41.828,40.7003
AT,AKC,urban,2024-02-01 00:00:00+00:00,1,38.855,41.33817
AT,AKC,urban,2024-02-01 01:00:00+00:00,1,33.50775,39.383217
AT,AKC,urban,2024-02-01 02:00:00+00:00,1,35.16975,34.048145
AT,AKC,urban,2024-02-01 03:00:00+00:00,1,29.4625,33.662483
AT,AKC,urban,2024-02-01 04:00:00+00:00,1,29.67475,28.698204
AT,AKC,urban,2024-02-01 05:00:00+00:00,1,19.86275,29.674301
AT,AKC,urban,2024-02-01 06:00:00+00:00,1,15.0195,25.106543
AT,AKC,urban,2024-02-01 07:00:00+00:00,1,12.30575,17.011133
AT,AKC,urban,2024-02-01 08:00:00+00:00,1,11.5165,10.181344
AT,AKC,urban,2024-02-01 09:00:00+00:00,1,11.08625,11.587742
AT,AKC,urban,2024-02-01 10:00:00+00:00,1,10.391,9.979813
AT,AKC,urban,2024-02-01 11:00:00+00:00,1,9.212274,9.343338
AT,AKC,urban,2024-02-01 12:00:00+00:00,1,6.6615,8.642094
AT,AKC,urban,2024-02-01 13:00:00+00:00,1,5.7438,6.346533
AT,AKC,urban,2024-02-01 14:00:00+00:00,1,5.083075,5.45268
AT,AKC,urban,2024-02-01 15:00:00+00:00,1,4.94045,5.2938476
AT,AKC,urban,2024-02-01 16:00:00+00:00,1,5.675124,5.1807528
AT,AKC,urban,2024-02-01 17:00:00+00:00,1,4.467625,5.5253334
AT,AKC,urban,2024-02-01 18:00:00+00:00,1,3.6431744,5.05516
AT,AKC,urban,2024-02-01 19:00:00+00:00,1,3.1050496,4.0631456
AT,AKC,urban,2024-02-01 20:00:00+00:00,1,3.160599,3.661772
AT,AKC,urban,2024-02-01 21:00:00+00:00,1,3.522049,3.5403426
AT,AKC,urban,2024-02-01 22:00:00+00:00,1,3.5153995,3.5975747
AT,AKC,urban,2024-02-01 23:00:00+00:00,1,3.693874,3.7011695
AT,AKC,urban,2024-02-02 00:00:00+00:00,1,3.978175,3.780314
AT,AKC,urban,2024-02-02 01:00:00+00:00,1,3.9666,4.195972
AT,AKC,urban,2024-02-02 02:00:00+00:00,1,4.1716,4.3387613
AT,AKC,urban,2024-02-02 03:00:00+00:00,1,4.375249,4.5868816
AT,AKC,urban,2024-02-02 04:00:00+00:00,1,4.9322743,4.814465
AT,AKC,urban,2024-02-02 05:00:00+00:00,1,10.6364,5.156519
AT,AKC,urban,2024-02-02 06:00:00+00:00,1,15.32975,10.047056
AT,AKC,urban,2024-02-02 07:00:00+00:00,1,13.08075,14.002021
AT,AKC,urban,2024-02-02 08:00:00+00:00,1,11.618,12.364771
AT,AKC,urban,2024-02-02 09:00:00+00:00,1,9.194699,11.503445
AT,AKC,urban,2024-02-02 10:00:00+00:00,1,8.593824,8.820745
AT,AKC,urban,2024-02-02 11:00:00+00:00,1,9.596675,8.3880825
AT,AKC,urban,2024-02-02 12:00:00+00:00,1,9.36125,8.810791
AT,AKC,urban,2024-02-02 13:00:00+00:00,1,7.777299,8.995143
AT,AKC,urban,2024-02-02 14:00:00+00:00,1,7.11685,7.2516775
AT,AKC,urban,2024-02-02 15:00:00+00:00,1,5.71365,6.352175
AT,AKC,urban,2024-02-02 16:00:00+00:00,1,3.683975,5.41883
AT,AKC,urban,2024-02-02 17:00:00+00:00,1,2.467624,4.0644217
AT,AKC,urban,2024-02-02 18:00:00+00:00,1,2.616349,2.9580874
AT,AKC,urban,2024-02-02 19:00:00+00:00,1,2.457474,2.9410422
AT,AKC,urban,2024-02-02 20:00:00+00:00,1,2.33045,2.6994245
AT,AKC,urban,2024-02-02 21:00:00+00:00,1,2.201175,2.6281033
AT,AKC,urban,2024-02-02 22:00:00+00:00,1,2.022574,2.4741206
AT,AKC,urban,2024-02-02 23:00:00+00:00,1,2.2991495,2.3058856
AT,AKC,urban,2024-02-03 00:00:00+00:00,1,2.392525,2.4051511
AT,AKC,urban,2024-02-03 01:00:00+00:00,1,2.3484495,2.3789833
AT,AKC,urban,2024-02-03 02:00:00+00:00,1,2.5505495,2.4896011
AT,AKC,urban,2024-02-03 03:00:00+00:00,1,2.8367245,2.5365558
AT,AKC,urban,2024-02-03 04:00:00+00:00,1,3.1139,2.7258
AT,AKC,urban,2024-02-03 05:00:00+00:00,1,3.4461496,3.0860984
AT,AKC,urban,2024-02-03 06:00:00+00:00,1,3.5192745,3.718238
AT,AKC,urban,2024-02-03 07:00:00+00:00,1,4.2470493,3.8192914
AT,AKC,urban,2024-02-03 08:00:00+00:00,1,5.1239743,3.8744755
AT,AKC,urban,2024-02-03 09:00:00+00:00,1,4.655799,5.0737143
AT,AKC,urban,2024-02-03 10:00:00+00:00,1,4.211724,4.7889934
AT,AKC,urban,2024-02-03 11:00:00+00:00,1,4.117624,4.1496453
AT,AKC,urban,2024-02-03 12:00:00+00:00,1,3.896124,3.943519
AT,AKC,urban,2024-02-03 13:00:00+00:00,1,3.2856245,3.6940145
AT,AKC,urban,2024-02-03 14:00:00+00:00,1,3.128549,3.411668
AT,AKC,urban,2024-02-03 15:00:00+00:00,1,3.5315995,3.3159351
AT,AKC,urban,2024-02-03 16:00:00+00:00,1,4.1595244,3.4777377
AT,AKC,urban,2024-02-03 17:00:00+00:00,1,3.871025,3.96033
AT,AKC,urban,2024-02-03 18:00:00+00:00,1,3.508574,4.0094457
AT,AKC,urban,2024-02-03 19:00:00+00:00,1,3.834924,3.5986953
AT,AKC,urban,2024-02-03 20:00:00+00:00,1,4.577725,3.7210407
AT,AKC,urban,2024-02-03 21:00:00+00:00,1,6.3684244,4.350346
AT,AKC,urban,2024-02-03 22:00:00+00:00,1,6.0026493,5.92898
AT,AKC,urban,2024-02-03 23:00:00+00:00,1,5.59115,5.742212
AT,AKC,urban,2024-02-04 00:00:00+00:00,1,4.320549,5.4818354
AT,AKC,urban,2024-02-04 01:00:00+00:00,1,4.678649,4.4701066
AT,AKC,urban,2024-02-04 02:00:00+00:00,1,4.270974,4.316855
AT,AKC,urban,2024-02-04 03:00:00+00:00,1,4.661374,4.343
AT,AKC,urban,2024-02-04 04:00:00+00:00,1,3.722825,4.4466796
AT,AKC,urban,2024-02-04 05:00:00+00:00,1,3.9775994,3.951366
AT,AKC,urban,2024-02-04 06:00:00+00:00,1,3.7857244,3.6954439
AT,AKC,urban,2024-02-04 07:00:00+00:00,1,2.7196245,3.6408992
AT,AKC,urban,2024-02-04 08:00:00+00:00,1,2.0127,3.09658
AT,AKC,urban,2024-02-04 09:00:00+00:00,1,1.956299,2.4504066
AT,AKC,urban,2024-02-04 10:00:00+00:00,1,1.769074,2.1219301
AT,AKC,urban,2024-02-04 11:00:00+00:00,1,2.1254494,1.9448751
AT,AKC,urban,2024-02-04 12:00:00+00:00,1,2.7666495,2.0330637
AT,AKC,urban,2024-02-04 13:00:00+00:00,1,3.065425,2.4713025
AT,AKC,urban,2024-02-04 14:00:00+00:00,1,2.8048494,2.8460011
AT,AKC,urban,2024-02-04 15:00:00+00:00,1,2.5139995,3.0101018
AT,AKC,urban,2024-02-04 16:00:00+00:00,1,2.517974,2.7592485
AT,AKC,urban,2024-02-04 17:00:00+00:00,1,2.2553494,2.6043
AT,AKC,urban,2024-02-04 18:00:00+00:00,1,2.426549,2.441981
AT,AKC,urban,2024-02-04 19:00:00+00:00,1,2.8516245,2.4507987
AT,AKC,urban,2024-02-04 20:00:00+00:00,1,2.540925,2.6422775
AT,AKC,urban,2024-02-04 21:00:00+00:00,1,2.173774,2.5935416
AT,AKC,urban,2024-02-04 22:00:00+00:00,1,1.9917746,2.4693916
AT,AKC,urban,2024-02-04 23:00:00+00:00,1,2.096224,2.154935
AT,AKC,urban,2024-02-05 00:00:00+00:00,1,1.974799,2.2207234
AT,AKC,urban,2024-02-05 01:00:00+00:00,1,2.4373496,2.2179549
AT,AKC,urban,2024-02-05 02:00:00+00:00,1,2.2485,2.6124587
AT,AKC,urban,2024-02-05 03:00:00+00:00,1,2.429225,2.3572488
AT,AKC,urban,2024-02-05 04:00:00+00:00,1,2.45175,2.5018666
AT,AKC,urban,2024-02-05 05:00:00+00:00,1,2.4431,2.723865
AT,AKC,urban,2024-02-05 06:00:00+00:00,1,2.4798245,2.9421039
AT,AKC,urban,2024-02-05 07:00:00+00:00,1,2.98495,2.9007711
AT,AKC,urban,2024-02-05 08:00:00+00:00,1,2.6532245,2.8834841
AT,AKC,urban,2024-02-05 09:00:00+00:00,1,2.7881744,3.0447972
AT,AKC,urban,2024-02-05 10:00:00+00:00,1,2.892175,3.0746467
AT,AKC,urban,2024-02-05 11:00:00+00:00,1,4.5092244,3.0468144
AT,AKC,urban,2024-02-05 12:00:00+00:00,1,5.305074,4.5266147
AT,AKC,urban,2024-02-05 13:00:00+00:00,1,5.4749994,5.177777
AT,AKC,urban,2024-02-05 14:00:00+00:00,1,4.921349,5.3622613
AT,AKC,urban,2024-02-05 15:00:00+00:00,1,5.7207747,4.9794207
AT,AKC,urban,2024-02-05 16:00:00+00:00,1,5.6518245,5.53206
AT,AKC,urban,2024-02-05 17:00:00+00:00,1,5.8673744,5.3211226
AT,AKC,urban,2024-02-05 18:00:00+00:00,1,5.9130497,5.9395347
AT,AKC,urban,2024-02-05 19:00:00+00:00,1,6.3212996,6.130548
AT,AKC,urban,2024-02-05 20:00:00+00:00,1,6.497474,6.340164
AT,AKC,urban,2024-02-05 21:00:00+00:00,1,6.5456495,6.62093
AT,AKC,urban,2024-02-05 22:00:00+00:00,1,6.514825,6.6778154
AT,AKC,urban,2024-02-05 23:00:00+00:00,1,6.6321244,6.5418653
AT,AKC,urban,2024-02-06 00:00:00+00:00,1,6.3470745,6.554511
AT,AKC,urban,2024-02-06 01:00:00+00:00,1,5.9239993,6.4696875
AT,AKC,urban,2024-02-06 02:00:00+00:00,1,5.60555,6.111105
AT,AKC,urban,2024-02-06 03:00:00+00:00,1,5.3411245,5.964496
AT,AKC,urban,2024-02-06 04:00:00+00:00,1,5.513424,5.7864313
AT,AKC,urban,2024-02-06 05:00:00+00:00,1,6.4708495,5.7513876
AT,AKC,urban,2024-02-06 06:00:00+00:00,1,6.1548247,6.4496803
AT,AKC,urban,2024-02-06 07:00:00+00:00,1,6.560599,6.128808
AT,AKC,urban,2024-02-06 08:00:00+00:00,1,6.9517245,6.2839184
AT,AKC,urban,2024-02-06 09:00:00+00:00,1,8.3005,6.4792213
AT,AKC,urban,2024-02-06 10:00:00+00:00,1,8.431749,7.7580233
AT,AKC,urban,2024-02-06 11:00:00+00:00,1,8.328375,8.194446
AT,AKC,urban,2024-02-06 12:00:00+00:00,1,7.3226995,8.184348
AT,AKC,urban,2024-02-06 13:00:00+00:00,1,7.267149,7.3774767
AT,AKC,urban,2024-02-06 14:00:00+00:00,1,6.493724,6.903995
AT,AKC,urban,2024-02-06 15:00:00+00:00,1,5.4128747,6.8174887
AT,AKC,urban,2024-02-06 16:00:00+00:00,1,4.911474,5.685233
AT,AKC,urban,2024-02-06 17:00:00+00:00,1,4.917375,4.8650894
AT,AKC,urban,2024-02-06 18:00:00+00:00,1,5.042124,4.9184175
AT,AKC,urban,2024-02-06 19:00:00+00:00,1,5.14475,5.179351
AT,AKC,urban,2024-02-06 20:00:00+00:00,1,5.2362494,5.374501
AT,AKC,urban,2024-02-06 21:00:00+00:00,1,5.0442996,5.4322543
AT,AKC,urban,2024-02-06 22:00:00+00:00,1,5.377674,5.328919
AT,AKC,urban,2024-02-06 23:00:00+00:00,1,5.649825,5.4329486
AT,AKC,urban,2024-02-07 00:00:00+00:00,1,5.0458994,5.664305
AT,AKC,urban,2024-02-07 01:00:00+00:00,1,5.6366243,5.4323497
AT,AKC,urban,2024-02-07 02:00:00+00:00,1,5.1859746,5.621627
AT,AKC,urban,2024-02-07 03:00:00+00:00,1,5.0431995,5.4210224
AT,AKC,urban,2024-02-07 04:00:00+00:00,1,5.063049,5.3229995
AT,AKC,urban,2024-02-07 05:00:00+00:00,1,6.084524,5.6003847
AT,AKC,urban,2024-02-07 06:00:00+00:00,1,6.246974,6.1983223
AT,AKC,urban,2024-02-07 07:00:00+00:00,1,5.351525,6.2390337
AT,AKC,urban,2024-02-07 08:00:00+00:00,1,5.6457496,5.621332
AT,AKC,urban,2024-02-07 09:00:00+00:00,1,5.2321496,5.7722664
AT,AKC,urban,2024-02-07 10:00:00+00:00,1,4.927525,5.3815327
AT,AKC,urban,2024-02-07 11:00:00+00:00,1,5.923474,5.100891
AT,AKC,urban,2024-02-07 12:00:00+00:00,1,5.779549,5.5622363
AT,AKC,urban,2024-02-07 13:00:00+00:00,1,4.3366246,5.866676
AT,AKC,urban,2024-02-07 14:00:00+00:00,1,4.3435497,4.769466
AT,AKC,urban,2024-02-07 15:00:00+00:00,1,3.34785,4.9763565
AT,AKC,urban,2024-02-07 16:00:00+00:00,1,3.5510244,4.2410917
AT,AKC,urban,2024-02-07 17:00:00+00:00,1,2.8552995,4.3195643
AT,AKC,urban,2024-02-07 18:00:00+00:00,1,3.2900994,3.2935116
AT,AKC,urban,2024-02-07 19:00:00+00:00,1,3.47885,3.545494
AT,AKC,urban,2024-02-07 20:00:00+00:00,1,3.444674,3.3813317
AT,AKC,urban,2024-02-07 21:00:00+00:00,1,3.4313245,3.5597215
AT,AKC,urban,2024-02-07 22:00:00+00:00,1,3.5448494,3.4969609
AT,AKC,urban,2024-02-07 23:00:00+00:00,1,3.341399,3.598212
AT,AKC,urban,2024-02-08 00:00:00+00:00,1,2.9315495,3.556345
AT,AKC,urban,2024-02-08 01:00:00+00:00,1,2.5918,3.0562348
AT,AKC,urban,2024-02-08 02:00:00+00:00,1,1.8553745,2.7641382
AT,AKC,urban,2024-02-08 03:00:00+00:00,1,1.70565,2.3696249
AT,AKC,urban,2024-02-08 04:00:00+00:00,1,2.447849,2.1730642
AT,AKC,urban,2024-02-08 05:00:00+00:00,1,3.2542746,3.0544593
AT,AKC,urban,2024-02-08 06:00:00+00:00,1,3.443124,3.8320737
AT,AKC,urban,2024-02-08 07:00:00+00:00,1,2.7293246,3.9039319
AT,AKC,urban,2024-02-08 08:00:00+00:00,1,3.009574,3.3573503
AT,AKC,urban,2024-02-08 09:00:00+00:00,1,3.185449,3.7017398
AT,AKC,urban,2024-02-08 10:00:00+00:00,1,2.3083496,3.5721815
AT,AKC,urban,2024-02-08 11:00:00+00:00,1,4.0503745,2.9068277
AT,AKC,urban,2024-02-08 12:00:00+00:00,1,4.471724,4.2859464
AT,AKC,urban,2024-02-08 13:00:00+00:00,1,2.422349,5.1662936
AT,AKC,urban,2024-02-08 14:00:00+00:00,1,2.4679995,3.6392162
AT,AKC,urban,2024-02-08 15:00:00+00:00,1,3.4956746,3.749252
AT,AKC,urban,2024-02-08 16:00:00+00:00,1,7.6437497,4.1721168
AT,AKC,urban,2024-02-08 17:00:00+00:00,1,13.7325,8.171038
AT,AKC,urban,2024-02-08 18:00:00+00:00,1,8.388024,13.252625
AT,AKC,urban,2024-02-08 19:00:00+00:00,1,4.8911495,7.7734756
AT,AKC,urban,2024-02-08 20:00:00+00:00,1,7.3339996,5.021515
AT,AKC,urban,2024-02-08 21:00:00+00:00,1,9.036774,6.790079
AT,AKC,urban,2024-02-08 22:00:00+00:00,1,10.942625,9.354452
AT,AKC,urban,2024-02-08 23:00:00+00:00,1,10.814125,11.116751
AT,AKC,urban,2024-02-09 00:00:00+00:00,1,11.74375,10.366366
AT,AKC,urban,2024-02-09 01:00:00+00:00,1,13.5955,11.32436
AT,AKC,urban,2024-02-09 02:00:00+00:00,1,16.015,13.170092
AT,AKC,urban,2024-02-09 03:00:00+00:00,1,17.13925,16.101095
AT,AKC,urban,2024-02-09 04:00:00+00:00,1,17.722,17.061941
AT,AKC,urban,2024-02-09 05:00:00+00:00,1,18.42675,17.666075
AT,AKC,urban,2024-02-09 06:00:00+00:00,1,19.5645,18.542637
AT,AKC,urban,2024-02-09 07:00:00+00:00,1,19.0645,20.059078
AT,AKC,urban,2024-02-09 08:00:00+00:00,1,18.02675,18.914576
AT,AKC,urban,2024-02-09 09:00:00+00:00,1,17.334,18.462645
AT,AKC,urban,2024-02-09 10:00:00+00:00,1,15.78025,16.729065
AT,AKC,urban,2024-02-09 11:00:00+00:00,1,15.68825,15.250737
AT,AKC,urban,2024-02-09 12:00:00+00:00,1,14.09825,15.3214655
AT,AKC,urban,2024-02-09 13:00:00+00:00,1,13.9275,13.724725
AT,AKC,urban,2024-02-09 14:00:00+00:00,1,12.95925,13.905143
AT,AKC,urban,2024-02-09 15:00:00+00:00,1,13.694,13.49725
AT,AKC,urban,2024-02-09 16:00:00+00:00,1,15.985,14.478025
AT,AKC,urban,2024-02-09 17:00:00+00:00,1,20.125,17.139444
AT,AKC,urban,2024-02-09 18:00:00+00:00,1,18.12675,21.388033
AT,AKC,urban,2024-02-09 19:00:00+00:00,1,17.028,18.381815
AT,AKC,urban,2024-02-09 20:00:00+00:00,1,14.754,17.786787
AT,AKC,urban,2024-02-09 21:00:00+00:00,1,14.19,14.506962
AT,AKC,urban,2024-02-09 22:00:00+00:00,1,16.795,13.897075
AT,AKC,urban,2024-02-09 23:00:00+00:00,1,16.40475,16.793495
AT,AKC,urban,2024-02-10 00:00:00+00:00,1,16.002,16.439852
AT,AKC,urban,2024-02-10 01:00:00+00:00,1,15.648,16.258776
AT,AKC,urban,2024-02-10 02:00:00+00:00,1,15.528,16.200611
AT,AKC,urban,2024-02-10 03:00:00+00:00,1,14.93375,15.892727
AT,AKC,urban,2024-02-10 04:00:00+00:00,1,15.60425,15.142187
AT,AKC,urban,2024-02-10 05:00:00+00:00,1,15.51175,15.853584
AT,AKC,urban,2024-02-10 06:00:00+00:00,1,14.4815,15.981878
AT,AKC,urban,2024-02-10 07:00:00+00:00,1,12.62025,15.149779
AT,AKC,urban,2024-02-10 08:00:00+00:00,1,13.943,12.214095
AT,AKC,urban,2024-02-10 09:00:00+00:00,1,12.98075,13.936567
AT,AKC,urban,2024-02-10 10:00:00+00:00,1,7.5838246,12.59945
AT,AKC,urban,2024-02-10 11:00:00+00:00,1,8.219524,7.681436
AT,AKC,urban,2024-02-10 12:00:00+00:00,1,10.67795,8.321482
AT,AKC,urban,2024-02-10 13:00:00+00:00,1,12.277,11.242397
AT,AKC,urban,2024-02-10 14:00:00+00:00,1,12.19075,12.511173
AT,AKC,urban,2024-02-10 15:00:00+00:00,1,13.01275,12.878538
AT,AKC,urban,2024-02-10 16:00:00+00:00,1,11.81325,13.216367
AT,AKC,urban,2024-02-10 17:00:00+00:00,1,13.4695,12.564613
AT,AKC,urban,2024-02-10 18:00:00+00:00,1,14.088,13.309379
AT,AKC,urban,2024-02-10 19:00:00+00:00,1,11.01125,13.720955
AT,AKC,urban,2024-02-10 20:00:00+00:00,1,11.024,10.83107
AT,AKC,urban,2024-02-10 21:00:00+00:00,1,8.77125,11.021622
AT,AKC,urban,2024-02-10 22:00:00+00:00,1,6.4105997,8.74863
AT,AKC,urban,2024-02-10 23:00:00+00:00,1,4.831299,6.2988043
AT,AKC,urban,2024-02-11 00:00:00+00:00,1,5.3776245,5.0696197
AT,AKC,urban,2024-02-11 01:00:00+00:00,1,4.7656,5.573861
AT,AKC,urban,2024-02-11 02:00:00+00:00,1,4.417174,5.1356297
AT,AKC,urban,2024-02-11 03:00:00+00:00,1,5.6909,4.7479973
AT,AKC,urban,2024-02-11 04:00:00+00:00,1,7.250949,5.6734195
AT,AKC,urban,2024-02-11 05:00:00+00:00,1,6.676525,7.307275
AT,AKC,urban,2024-02-11 06:00:00+00:00,1,5.8544245,6.8871837
AT,AKC,urban,2024-02-11 07:00:00+00:00,1,4.996249,6.0059023
AT,AKC,urban,2024-02-11 08:00:00+00:00,1,4.192499,5.131421
AT,AKC,urban,2024-02-11 09:00:00+00:00,1,4.0346246,4.5115004
AT,AKC,urban,2024-02-11 10:00:00+00:00,1,4.828024,4.181611
AT,AKC,urban,2024-02-11 11:00:00+00:00,1,2.579275,4.9258223
AT,AKC,urban,2024-02-11 12:00:00+00:00,1,1.5687745,3.1924603
AT,AKC,urban,2024-02-11 13:00:00+00:00,1,1.442474,2.3414702
AT,AKC,urban,2024-02-11 14:00:00+00:00,1,1.8177745,2.00404
AT,AKC,urban,2024-02-11 15:00:00+00:00,1,2.398074,1.7551423
AT,AKC,urban,2024-02-11 16:00:00+00:00,1,2.893024,2.2138286
AT,AKC,urban,2024-02-11 17:00:00+00:00,1,2.719324,2.7735581
AT,AKC,urban,2024-02-11 18:00:00+00:00,1,2.9858744,2.786463
AT,AKC,urban,2024-02-11 19:00:00+00:00,1,2.981474,2.8758047
AT,AKC,urban,2024-02-11 20:00:00+00:00,1,3.1061995,2.893511
AT,AKC,urban,2024-02-11 21:00:00+00:00,1,3.1365,3.186872
AT,AKC,urban,2024-02-11 22:00:00+00:00,1,3.053299,3.1675832
AT,AKC,urban,2024-02-11 23:00:00+00:00,1,2.867,2.9862804
AT,AKC,urban,2024-02-12 00:00:00+00:00,1,3.060249,2.9656005
AT,AKC,urban,2024-02-12 01:00:00+00:00,1,3.1937,3.0712197
AT,AKC,urban,2024-02-12 02:00:00+00:00,1,3.7987745,3.1740165
AT,AKC,urban,2024-02-12 03:00:00+00:00,1,4.5171995,3.6400318
AT,AKC,urban,2024-02-12 04:00:00+00:00,1,4.7984996,4.421401
AT,AKC,urban,2024-02-12 05:00:00+00:00,1,5.36615,5.0687914
AT,AKC,urban,2024-02-12 06:00:00+00:00,1,4.8856993,5.630008
AT,AKC,urban,2024-02-12 07:00:00+00:00,1,3.809125,5.255413
AT,AKC,urban,2024-02-12 08:00:00+00:00,1,3.7126994,4.2515087
AT,AKC,urban,2024-02-12 09:00:00+00:00,1,3.1144495,4.0892053
AT,AKC,urban,2024-02-12 10:00:00+00:00,1,3.3363996,3.64338
AT,AKC,urban,2024-02-12 11:00:00+00:00,1,3.4677496,3.5365396
AT,AKC,urban,2024-02-12 12:00:00+00:00,1,3.3250995,3.6115916
AT,AKC,urban,2024-02-12 13:00:00+00:00,1,4.6786995,3.6386006
AT,AKC,urban,2024-02-12 14:00:00+00:00,1,3.48625,4.743432
AT,AKC,urban,2024-02-12 15:00:00+00:00,1,2.982324,4.0651965
AT,AKC,urban,2024-02-12 16:00:00+00:00,1,2.6852746,3.53088
AT,AKC,urban,2024-02-12 17:00:00+00:00,1,2.705724,2.8790739
AT,AKC,urban,2024-02-12 18:00:00+00:00,1,2.983775,2.881054
AT,AKC,urban,2024-02-12 19:00:00+00:00,1,2.996724,2.9536674
AT,AKC,urban,2024-02-12 20:00:00+00:00,1,3.540774,3.02265
AT,AKC,urban,2024-02-12 21:00:00+00:00,1,4.241674,3.383138
AT,AKC,urban,2024-02-12 22:00:00+00:00,1,4.27645,3.9873953
AT,AKC,urban,2024-02-12 23:00:00+00:00,1,4.242649,4.316158
AT,AKC,urban,2024-02-13 00:00:00+00:00,1,5.3060994,4.144998
AT,AKC,urban,2024-02-13 01:00:00+00:00,1,5.8848996,5.0141215
AT,AKC,urban,2024-02-13 02:00:00+00:00,1,6.5402,5.7284036
AT,AKC,urban,2024-02-13 03:00:00+00:00,1,7.227749,6.3007073
AT,AKC,urban,2024-02-13 04:00:00+00:00,1,7.6328993,7.039254
AT,AKC,urban,2024-02-13 05:00:00+00:00,1,6.377925,7.7138
AT,AKC,urban,2024-02-13 06:00:00+00:00,1,5.3978996,7.497512
AT,AKC,urban,2024-02-13 07:00:00+00:00,1,6.086724,5.682916
AT,AKC,urban,2024-02-13 08:00:00+00:00,1,6.426899,5.5898147
AT,AKC,urban,2024-02-13 09:00:00+00:00,1,6.413749,6.353742
AT,AKC,urban,2024-02-13 10:00:00+00:00,1,6.1851745,6.3579
AT,AKC,urban,2024-02-13 11:00:00+00:00,1,4.394725,5.9701557
AT,AKC,urban,2024-02-13 12:00:00+00:00,1,4.130899,4.299839
AT,AKC,urban,2024-02-13 13:00:00+00:00,1,3.3800244,4.307487
AT,AKC,urban,2024-02-13 14:00:00+00:00,1,3.3396995,3.9434185
AT,AKC,urban,2024-02-13 15:00:00+00:00,1,3.837824,3.4073324
AT,AKC,urban,2024-02-13 16:00:00+00:00,1,4.2439995,3.7436783
AT,AKC,urban,2024-02-13 17:00:00+00:00,1,4.358599,4.3587604
AT,AKC,urban,2024-02-13 18:00:00+00:00,1,5.2661743,4.50865
AT,AKC,urban,2024-02-13 19:00:00+00:00,1,8.01095,5.226153
AT,AKC,urban,2024-02-13 20:00:00+00:00,1,10.63255,8.360516
AT,AKC,urban,2024-02-13 21:00:00+00:00,1,6.6477,10.120993
AT,AKC,urban,2024-02-13 22:00:00+00:00,1,6.7294993,6.6465755
AT,AKC,urban,2024-02-13 23:00:00+00:00,1,7.5007744,6.816633
AT,AKC,urban,2024-02-14 00:00:00+00:00,1,7.80825,7.591579
AT,AKC,urban,2024-02-14 01:00:00+00:00,1,6.458199,7.761358
AT,AKC,urban,2024-02-14 02:00:00+00:00,1,6.608599,6.6300826
AT,AKC,urban,2024-02-14 03:00:00+00:00,1,7.571499,6.6931105
AT,AKC,urban,2024-02-14 04:00:00+00:00,1,8.761875,7.9053817
AT,AKC,urban,2024-02-14 05:00:00+00:00,1,10.212,9.111758
AT,AKC,urban,2024-02-14 06:00:00+00:00,1,11.57475,11.456502
AT,AKC,urban,2024-02-14 07:00:00+00:00,1,9.448799,12.646366
AT,AKC,urban,2024-02-14 08:00:00+00:00,1,9.179299,10.545936
AT,AKC,urban,2024-02-14 09:00:00+00:00,1,9.437849,9.109177
AT,AKC,urban,2024-02-14 10:00:00+00:00,1,6.117324,8.959994
AT,AKC,urban,2024-02-14 11:00:00+00:00,1,5.1471243,6.1246886
AT,AKC,urban,2024-02-14 12:00:00+00:00,1,5.461199,6.0574846
AT,AKC,urban,2024-02-14 13:00:00+00:00,1,5.227125,5.424288
AT,AKC,urban,2024-02-14 14:00:00+00:00,1,5.140225,5.3604126
AT,AKC,urban,2024-02-14 15:00:00+00:00,1,5.1389995,5.2062244
AT,AKC,urban,2024-02-14 16:00:00+00:00,1,4.593075,5.3993382
AT,AKC,urban,2024-02-14 17:00:00+00:00,1,4.0016994,5.013314
AT,AKC,urban,2024-02-14 18:00:00+00:00,1,4.5582995,4.3338428
AT,AKC,urban,2024-02-14 19:00:00+00:00,1,4.7422996,4.690486
AT,AKC,urban,2024-02-14 20:00:00+00:00,1,4.1242,4.8379726
AT,AKC,urban,2024-02-14 21:00:00+00:00,1,3.8988,4.4936423
AT,AKC,urban,2024-02-14 22:00:00+00:00,1,3.6948495,3.9351609
AT,AKC,urban,2024-02-14 23:00:00+00:00,1,4.2868996,4.207812
AT,AKC,urban,2024-02-15 00:00:00+00:00,1,4.195025,4.3038464
AT,AKC,urban,2024-02-15 01:00:00+00:00,1,4.7414746,4.462918
AT,AKC,urban,2024-02-15 02:00:00+00:00,1,5.221075,4.9750276
AT,AKC,urban,2024-02-15 03:00:00+00:00,1,6.8105497,5.428626
AT,AKC,urban,2024-02-15 04:00:00+00:00,1,7.431924,7.4777875
AT,AKC,urban,2024-02-15 05:00:00+00:00,1,9.1135,8.56117
AT,AKC,urban,2024-02-15 06:00:00+00:00,1,10.824375,10.1864605
AT,AKC,urban,2024-02-15 07:00:00+00:00,1,14.292,11.380078
AT,AKC,urban,2024-02-15 08:00:00+00:00,1,12.23,13.939352
AT,AKC,urban,2024-02-15 09:00:00+00:00,1,16.81475,11.924028
AT,AKC,urban,2024-02-15 10:00:00+00:00,1,10.63535,14.47129
AT,AKC,urban,2024-02-15 11:00:00+00:00,1,7.005199,10.446815
AT,AKC,urban,2024-02-15 12:00:00+00:00,1,10.000075,7.2288485
AT,AKC,urban,2024-02-15 13:00:00+00:00,1,10.52975,8.394688
AT,AKC,urban,2024-02-15 14:00:00+00:00,1,14.1075,10.063521
AT,AKC,urban,2024-02-15 15:00:00+00:00,1,20.51675,13.770624
AT,AKC,urban,2024-02-15 16:00:00+00:00,1,21.47975,19.23179
AT,AKC,urban,2024-02-15 17:00:00+00:00,1,23.858,21.698229
AT,AKC,urban,2024-02-15 18:00:00+00:00,1,23.164,23.860853
AT,AKC,urban,2024-02-15 19:00:00+00:00,1,23.64025,23.14163
AT,AKC,urban,2024-02-15 20:00:00+00:00,1,23.54175,23.807735
AT,AKC,urban,2024-02-15 21:00:00+00:00,1,21.1055,23.292974
AT,AKC,urban,2024-02-15 22:00:00+00:00,1,18.77125,21.407932
AT,AKC,urban,2024-02-15 23:00:00+00:00,1,18.4215,17.776163
AT,AKC,urban,2024-02-16 00:00:00+00:00,1,18.212,18.352877
AT,AKC,urban,2024-02-16 01:00:00+00:00,1,16.8575,18.501406
AT,AKC,urban,2024-02-16 02:00:00+00:00,1,16.91075,17.164362
AT,AKC,urban,2024-02-16 03:00:00+00:00,1,17.02225,17.243034
AT,AKC,urban,2024-02-16 04:00:00+00:00,1,16.20225,17.29082
AT,AKC,urban,2024-02-16 05:00:00+00:00,1,15.873,16.73765
AT,AKC,urban,2024-02-16 06:00:00+00:00,1,14.80075,16.773472
AT,AKC,urban,2024-02-16 07:00:00+00:00,1,13.548,15.570885
AT,AKC,urban,2024-02-16 08:00:00+00:00,1,11.0043,14.823533
AT,AKC,urban,2024-02-16 09:00:00+00:00,1,6.502099,11.284019
AT,AKC,urban,2024-02-16 10:00:00+00:00,1,5.4425244,8.014472
AT,AKC,urban,2024-02-16 11:00:00+00:00,1,4.691824,6.2065105
AT,AKC,urban,2024-02-16 12:00:00+00:00,1,5.4475245,5.47895
AT,AKC,urban,2024-02-16 13:00:00+00:00,1,5.40515,5.569697
AT,AKC,urban,2024-02-16 14:00:00+00:00,1,5.9999247,5.8845406
AT,AKC,urban,2024-02-16 15:00:00+00:00,1,7.617324,6.4167285
AT,AKC,urban,2024-02-16 16:00:00+00:00,1,10.347475,7.945288
AT,AKC,urban,2024-02-16 17:00:00+00:00,1,12.51475,11.083182
AT,AKC,urban,2024-02-16 18:00:00+00:00,1,13.7175,12.726931
AT,AKC,urban,2024-02-16 19:00:00+00:00,1,14.2915,14.196376
AT,AKC,urban,2024-02-16 20:00:00+00:00,1,14.378,14.732641
AT,AKC,urban,2024-02-16 21:00:00+00:00,1,14.513,14.739569
AT,AKC,urban,2024-02-16 22:00:00+00:00,1,15.1045,14.4298935
AT,AKC,urban,2024-02-16 23:00:00+00:00,1,17.00425,15.279657
AT,AKC,urban,2024-02-17 00:00:00+00:00,1,16.64325,17.390547
AT,AKC,urban,2024-02-17 01:00:00+00:00,1,16.96975,16.66873
AT,AKC,urban,2024-02-17 02:00:00+00:00,1,17.3385,16.984999
AT,AKC,urban,2024-02-17 03:00:00+00:00,1,17.3565,17.618414
AT,AKC,urban,2024-02-17 04:00:00+00:00,1,18.44675,16.874708
AT,AKC,urban,2024-02-17 05:00:00+00:00,1,19.75375,18.090899
AT,AKC,urban,2024-02-17 06:00:00+00:00,1,20.531,20.29451
AT,AKC,urban,2024-02-17 07:00:00+00:00,1,22.18425,20.741657
AT,AKC,urban,2024-02-17 08:00:00+00:00,1,22.33375,21.22141
AT,AKC,urban,2024-02-17 09:00:00+00:00,1,14.813975,20.01412
AT,AKC,urban,2024-02-17 10:00:00+00:00,1,7.011774,11.009712
AT,AKC,urban,2024-02-17 11:00:00+00:00,1,6.2182994,5.3890715
AT,AKC,urban,2024-02-17 12:00:00+00:00,1,5.9470744,5.408231
AT,AKC,urban,2024-02-17 13:00:00+00:00,1,6.1762247,5.9245
AT,AKC,urban,2024-02-17 14:00:00+00:00,1,6.6633744,6.355896
AT,AKC,urban,2024-02-17 15:00:00+00:00,1,9.870025,6.9379163
AT,AKC,urban,2024-02-17 16:00:00+00:00,1,7.792924,10.498999
AT,AKC,urban,2024-02-17 17:00:00+00:00,1,7.9579,7.791005
AT,AKC,urban,2024-02-17 18:00:00+00:00,1,9.221025,7.881593
AT,AKC,urban,2024-02-17 19:00:00+00:00,1,7.073374,8.98433
AT,AKC,urban,2024-02-17 20:00:00+00:00,1,4.8919744,7.381763
AT,AKC,urban,2024-02-17 21:00:00+00:00,1,3.7909245,4.9758506
AT,AKC,urban,2024-02-17 22:00:00+00:00,1,3.902074,4.106639
AT,AKC,urban,2024-02-17 23:00:00+00:00,1,4.3384995,3.9427733
AT,AKC,urban,2024-02-18 00:00:00+00:00,1,5.3704495,4.517662
AT,AKC,urban,2024-02-18 01:00:00+00:00,1,6.4069495,5.428616
AT,AKC,urban,2024-02-18 02:00:00+00:00,1,6.403075,6.323857
AT,AKC,urban,2024-02-18 03:00:00+00:00,1,6.3913994,6.3806477
AT,AKC,urban,2024-02-18 04:00:00+00:00,1,6.6213493,6.768734
AT,AKC,urban,2024-02-18 05:00:00+00:00,1,7.066625,6.9495745
AT,AKC,urban,2024-02-18 06:00:00+00:00,1,5.948249,7.343153
AT,AKC,urban,2024-02-18 07:00:00+00:00,1,5.217325,6.0783896
AT,AKC,urban,2024-02-18 08:00:00+00:00,1,6.64955,5.156949
AT,AKC,urban,2024-02-18 09:00:00+00:00,1,7.560125,6.1753173
AT,AKC,urban,2024-02-18 10:00:00+00:00,1,8.081675,7.2673597
AT,AKC,urban,2024-02-18 11:00:00+00:00,1,8.401324,7.8672547
AT,AKC,urban,2024-02-18 12:00:00+00:00,1,6.6337996,8.04397
AT,AKC,urban,2024-02-18 13:00:00+00:00,1,5.6911745,6.546163
AT,AKC,urban,2024-02-18 14:00:00+00:00,1,6.819,5.5342283
AT,AKC,urban,2024-02-18 15:00:00+00:00,1,9.391,6.8435793
AT,AKC,urban,2024-02-18 16:00:00+00:00,1,11.36875,9.777405
AT,AKC,urban,2024-02-18 17:00:00+00:00,1,11.262,11.379716
AT,AKC,urban,2024-02-18 18:00:00+00:00,1,11.544,11.57731
AT,AKC,urban,2024-02-18 19:00:00+00:00,1,12.03625,11.729562
AT,AKC,urban,2024-02-18 20:00:00+00:00,1,11.83,12.163949
AT,AKC,urban,2024-02-18 21:00:00+00:00,1,10.4195,11.984728
AT,AKC,urban,2024-02-18 22:00:00+00:00,1,11.27925,10.747335
AT,AKC,urban,2024-02-18 23:00:00+00:00,1,11.5465,11.150828
AT,AKC,urban,2024-02-19 00:00:00+00:00,1,13.37575,11.492878
AT,AKC,urban,2024-02-19 01:00:00+00:00,1,13.91675,13.143096
AT,AKC,urban,2024-02-19 02:00:00+00:00,1,13.55575,13.779239
AT,AKC,urban,2024-02-19 03:00:00+00:00,1,10.71195,13.43166
AT,AKC,urban,2024-02-19 04:00:00+00:00,1,4.5444994,10.140548
AT,AKC,urban,2024-02-19 05:00:00+00:00,1,2.7183745,4.3864245
AT,AKC,urban,2024-02-19 06:00:00+00:00,1,3.93475,3.6490839
AT,AKC,urban,2024-02-19 07:00:00+00:00,1,2.27115,4.057715
AT,AKC,urban,2024-02-19 08:00:00+00:00,1,3.2804995,3.4583216
AT,AKC,urban,2024-02-19 09:00:00+00:00,1,2.5824995,4.4219565
AT,AKC,urban,2024-02-19 10:00:00+00:00,1,3.6660995,3.41725
AT,AKC,urban,2024-02-19 11:00:00+00:00,1,3.828249,3.5738602
AT,AKC,urban,2024-02-19 12:00:00+00:00,1,2.6703994,4.7183876
AT,AKC,urban,2024-02-19 13:00:00+00:00,1,3.4853,2.914474
AT,AKC,urban,2024-02-19 14:00:00+00:00,1,3.855474,4.071579
AT,AKC,urban,2024-02-19 15:00:00+00:00,1,3.026275,4.532497
AT,AKC,urban,2024-02-19 16:00:00+00:00,1,3.066074,3.3875585
AT,AKC,urban,2024-02-19 17:00:00+00:00,1,2.808274,3.1380832
AT,AKC,urban,2024-02-19 18:00:00+00:00,1,2.7511744,3.078973
AT,AKC,urban,2024-02-19 19:00:00+00:00,1,3.0605495,3.0652108
AT,AKC,urban,2024-02-19 20:00:00+00:00,1,2.9823494,3.0724106
AT,AKC,urban,2024-02-19 21:00:00+00:00,1,3.166574,3.0640128
AT,AKC,urban,2024-02-19 22:00:00+00:00,1,3.911249,3.1880555
AT,AKC,urban,2024-02-19 23:00:00+00:00,1,4.6139493,3.9237304
AT,AKC,urban,2024-02-20 00:00:00+00:00,1,4.416,4.3645287
AT,AKC,urban,2024-02-20 01:00:00+00:00,1,4.670099,4.4984784
AT,AKC,urban,2024-02-20 02:00:00+00:00,1,4.1656747,4.711508
AT,AKC,urban,2024-02-20 03:00:00+00:00,1,4.297674,4.341841
AT,AKC,urban,2024-02-20 04:00:00+00:00,1,4.357849,4.447918
AT,AKC,urban,2024-02-20 05:00:00+00:00,1,7.3548994,4.8160887
AT,AKC,urban,2024-02-20 06:00:00+00:00,1,6.2536,7.813315
AT,AKC,urban,2024-02-20 07:00:00+00:00,1,5.0009246,6.0126834
AT,AKC,urban,2024-02-20 08:00:00+00:00,1,4.8689995,5.2285786
AT,AKC,urban,2024-02-20 09:00:00+00:00,1,5.411575,5.0439243
AT,AKC,urban,2024-02-20 10:00:00+00:00,1,5.993524,5.23495
AT,AKC,urban,2024-02-20 11:00:00+00:00,1,5.738725,5.265784
AT,AKC,urban,2024-02-20 12:00:00+00:00,1,4.9680495,5.3502064
AT,AKC,urban,2024-02-20 13:00:00+00:00,1,4.0991497,5.110808
AT,AKC,urban,2024-02-20 14:00:00+00:00,1,3.4775245,4.063467
AT,AKC,urban,2024-02-20 15:00:00+00:00,1,3.5565746,3.7373438
AT,AKC,urban,2024-02-20 16:00:00+00:00,1,3.262774,3.5088048
AT,AKC,urban,2024-02-20 17:00:00+00:00,1,3.266049,3.3377209
AT,AKC,urban,2024-02-20 18:00:00+00:00,1,4.3735995,3.6853476
AT,AKC,urban,2024-02-20 19:00:00+00:00,1,4.9433994,4.06606
AT,AKC,urban,2024-02-20 20:00:00+00:00,1,5.49715,4.9452314
AT,AKC,urban,2024-02-20 21:00:00+00:00,1,6.4334745,5.3363347
AT,AKC,urban,2024-02-20 22:00:00+00:00,1,6.2594743,6.22567
AT,AKC,urban,2024-02-20 23:00:00+00:00,1,6.183325,6.311459
AT,AKC,urban,2024-02-21 00:00:00+00:00,1,6.1815495,6.3467393
AT,AKC,urban,2024-02-21 01:00:00+00:00,1,6.4840245,6.3494167
AT,AKC,urban,2024-02-21 02:00:00+00:00,1,6.428999,6.5673013
AT,AKC,urban,2024-02-21 03:00:00+00:00,1,6.5193496,6.640459
AT,AKC,urban,2024-02-21 04:00:00+00:00,1,6.8664,6.6417108
AT,AKC,urban,2024-02-21 05:00:00+00:00,1,7.2953496,7.3199124
AT,AKC,urban,2024-02-21 06:00:00+00:00,1,6.7379994,7.4124637
AT,AKC,urban,2024-02-21 07:00:00+00:00,1,5.7093496,6.9900527
AT,AKC,urban,2024-02-21 08:00:00+00:00,1,5.894975,5.839563
AT,AKC,urban,2024-02-21 09:00:00+00:00,1,6.4826493,5.8584027
AT,AKC,urban,2024-02-21 10:00:00+00:00,1,5.9323745,6.2153077
AT,AKC,urban,2024-02-21 11:00:00+00:00,1,6.2905245,5.7902355
AT,AKC,urban,2024-02-21 12:00:00+00:00,1,4.8907995,6.179058
AT,AKC,urban,2024-02-21 13:00:00+00:00,1,5.1392,5.024481
AT,AKC,urban,2024-02-21 14:00:00+00:00,1,6.769574,5.3124323
AT,AKC,urban,2024-02-21 15:00:00+00:00,1,6.874349,6.830462
AT,AKC,urban,2024-02-21 16:00:00+00:00,1,8.2555,7.50693
AT,AKC,urban,2024-02-21 17:00:00+00:00,1,10.346375,8.730256
AT,AKC,urban,2024-02-21 18:00:00+00:00,1,11.60275,10.427416
AT,AKC,urban,2024-02-21 19:00:00+00:00,1,10.93675,11.982563
AT,AKC,urban,2024-02-21 20:00:00+00:00,1,13.65675,11.271051
AT,AKC,urban,2024-02-21 21:00:00+00:00,1,15.46225,13.272457
AT,AKC,urban,2024-02-21 22:00:00+00:00,1,13.91375,15.428364
AT,AKC,urban,2024-02-21 23:00:00+00:00,1,11.738,13.907719
AT,AKC,urban,2024-02-22 00:00:00+00:00,1,8.795375,11.061557
AT,AKC,urban,2024-02-22 01:00:00+00:00,1,9.8347,8.626293
AT,AKC,urban,2024-02-22 02:00:00+00:00,1,11.6035,9.358137
AT,AKC,urban,2024-02-22 03:00:00+00:00,1,12.55075,11.4199
AT,AKC,urban,2024-02-22 04:00:00+00:00,1,12.37925,12.539533
AT,AKC,urban,2024-02-22 05:00:00+00:00,1,11.7635,12.979585
AT,AKC,urban,2024-02-22 06:00:00+00:00,1,11.989,12.934049
AT,AKC,urban,2024-02-22 07:00:00+00:00,1,12.3435,12.622065
AT,AKC,urban,2024-02-22 08:00:00+00:00,1,13.3255,11.6655
AT,AKC,urban,2024-02-22 09:00:00+00:00,1,14.04325,12.980092
AT,AKC,urban,2024-02-22 10:00:00+00:00,1,15.46775,13.724026
AT,AKC,urban,2024-02-22 11:00:00+00:00,1,15.78375,14.654912
AT,AKC,urban,2024-02-22 12:00:00+00:00,1,15.7835,15.150466
AT,AKC,urban,2024-02-22 13:00:00+00:00,1,14.5895,15.058742
AT,AKC,urban,2024-02-22 14:00:00+00:00,1,10.968,14.57002
AT,AKC,urban,2024-02-22 15:00:00+00:00,1,8.957424,10.048404
AT,AKC,urban,2024-02-22 16:00:00+00:00,1,9.720924,8.773179
AT,AKC,urban,2024-02-22 17:00:00+00:00,1,8.385975,10.661897
AT,AKC,urban,2024-02-22 18:00:00+00:00,1,8.249,8.954459
AT,AKC,urban,2024-02-22 19:00:00+00:00,1,8.14,8.791511
AT,AKC,urban,2024-02-22 20:00:00+00:00,1,7.2747493,8.513899
AT,AKC,urban,2024-02-22 21:00:00+00:00,1,6.8766494,7.950609
AT,AKC,urban,2024-02-22 22:00:00+00:00,1,5.866874,7.5517626
AT,AKC,urban,2024-02-22 23:00:00+00:00,1,8.4704,6.2968316
AT,AKC,urban,2024-02-23 00:00:00+00:00,1,7.943149,9.191276
AT,AKC,urban,2024-02-23 01:00:00+00:00,1,6.211549,8.444643
AT,AKC,urban,2024-02-23 02:00:00+00:00,1,5.7042246,6.526737
AT,AKC,urban,2024-02-23 03:00:00+00:00,1,7.413649,5.764792
AT,AKC,urban,2024-02-23 04:00:00+00:00,1,2.3526995,7.1861706
AT,AKC,urban,2024-02-23 05:00:00+00:00,1,2.0120494,3.3539274
AT,AKC,urban,2024-02-23 06:00:00+00:00,1,2.4659495,2.9083035
AT,AKC,urban,2024-02-23 07:00:00+00:00,1,2.5253,2.9699588
AT,AKC,urban,2024-02-23 08:00:00+00:00,1,4.2898493,2.938633
AT,AKC,urban,2024-02-23 09:00:00+00:00,1,3.282799,4.9201474
AT,AKC,urban,2024-02-23 10:00:00+00:00,1,2.448075,4.5309734
AT,AKC,urban,2024-02-23 11:00:00+00:00,1,3.1491494,3.0639815
AT,AKC,urban,2024-02-23 12:00:00+00:00,1,2.934249,3.2252162
AT,AKC,urban,2024-02-23 13:00:00+00:00,1,3.642749,3.1625292
AT,AKC,urban,2024-02-23 14:00:00+00:00,1,5.2670245,3.7939374
AT,AKC,urban,2024-02-23 15:00:00+00:00,1,6.2595744,5.4364614
AT,AKC,urban,2024-02-23 16:00:00+00:00,1,6.9398246,6.495264
AT,AKC,urban,2024-02-23 17:00:00+00:00,1,8.111324,7.0158763
AT,AKC,urban,2024-02-23 18:00:00+00:00,1,3.7446494,8.254033
AT,AKC,urban,2024-02-23 19:00:00+00:00,1,1.944599,4.436535
AT,AKC,urban,2024-02-23 20:00:00+00:00,1,1.526149,3.3520977
AT,AKC,urban,2024-02-23 21:00:00+00:00,1,1.4275745,2.2955205
AT,AKC,urban,2024-02-23 22:00:00+00:00,1,1.1836745,1.7107537
AT,AKC,urban,2024-02-23 23:00:00+00:00,1,1.019277,1.6099436
AT,AKC,urban,2024-02-24 00:00:00+00:00,1,1.0063195,1.4582555
AT,AKC,urban,2024-02-24 01:00:00+00:00,1,1.054145,1.4563329
AT,AKC,urban,2024-02-24 02:00:00+00:00,1,0.979907,1.436768
AT,AKC,urban,2024-02-24 03:00:00+00:00,1,1.157662,1.4135289
AT,AKC,urban,2024-02-24 04:00:00+00:00,1,1.3792995,1.3753129
AT,AKC,urban,2024-02-24 05:00:00+00:00,1,1.7346495,1.5570835
AT,AKC,urban,2024-02-24 06:00:00+00:00,1,2.030724,1.8098379
AT,AKC,urban,2024-02-24 07:00:00+00:00,1,2.0890994,2.2043793
AT,AKC,urban,2024-02-24 08:00:00+00:00,1,2.6758494,2.159789
AT,AKC,urban,2024-02-24 09:00:00+00:00,1,2.0107245,2.5681837
AT,AKC,urban,2024-02-24 10:00:00+00:00,1,2.2082,2.564995
AT,AKC,urban,2024-02-24 11:00:00+00:00,1,2.4597745,2.2861655
AT,AKC,urban,2024-02-24 12:00:00+00:00,1,2.28035,2.3597097
AT,AKC,urban,2024-02-24 13:00:00+00:00,1,2.1498744,2.5450811
AT,AKC,urban,2024-02-24 14:00:00+00:00,1,2.5958745,2.3836052
AT,AKC,urban,2024-02-24 15:00:00+00:00,1,3.1855745,2.7492695
AT,AKC,urban,2024-02-24 16:00:00+00:00,1,6.547199,3.2787504
AT,AKC,urban,2024-02-24 17:00:00+00:00,1,8.647599,6.250609
AT,AKC,urban,2024-02-24 18:00:00+00:00,1,10.80025,8.981794
AT,AKC,urban,2024-02-24 19:00:00+00:00,1,11.8685,11.605688
AT,AKC,urban,2024-02-24 20:00:00+00:00,1,13.68275,12.058565
AT,AKC,urban,2024-02-24 21:00:00+00:00,1,15.793,13.573794
AT,AKC,urban,2024-02-24 22:00:00+00:00,1,15.3305,15.629438
AT,AKC,urban,2024-02-24 23:00:00+00:00,1,13.5935,14.755316
AT,AKC,urban,2024-02-25 00:00:00+00:00,1,12.524,13.588715
AT,AKC,urban,2024-02-25 01:00:00+00:00,1,11.381,12.602715
AT,AKC,urban,2024-02-25 02:00:00+00:00,1,11.19625,11.171133
AT,AKC,urban,2024-02-25 03:00:00+00:00,1,9.753924,11.036691
AT,AKC,urban,2024-02-25 04:00:00+00:00,1,9.648175,9.85755
AT,AKC,urban,2024-02-25 05:00:00+00:00,1,10.2138,10.125672
AT,AKC,urban,2024-02-25 06:00:00+00:00,1,12.8455,10.719155
AT,AKC,urban,2024-02-25 07:00:00+00:00,1,13.98575,12.531091
AT,AKC,urban,2024-02-25 08:00:00+00:00,1,13.17625,13.454123
AT,AKC,urban,2024-02-25 09:00:00+00:00,1,13.9835,12.658938
AT,AKC,urban,2024-02-25 10:00:00+00:00,1,14.03025,13.583625
AT,AKC,urban,2024-02-25 11:00:00+00:00,1,12.54675,13.926596
AT,AKC,urban,2024-02-25 12:00:00+00:00,1,11.04025,12.338975
AT,AKC,urban,2024-02-25 13:00:00+00:00,1,5.482924,11.248253
AT,AKC,urban,2024-02-25 14:00:00+00:00,1,3.395075,6.5647945
AT,AKC,urban,2024-02-25 15:00:00+00:00,1,4.044924,4.4812064
AT,AKC,urban,2024-02-25 16:00:00+00:00,1,5.2988243,4.8043175
AT,AKC,urban,2024-02-25 17:00:00+00:00,1,5.731249,5.5152893
AT,AKC,urban,2024-02-25 18:00:00+00:00,1,5.8037496,6.3285036
AT,AKC,urban,2024-02-25 19:00:00+00:00,1,5.8028245,6.20989
AT,AKC,urban,2024-02-25 20:00:00+00:00,1,6.0596495,6.3918433
AT,AKC,urban,2024-02-25 21:00:00+00:00,1,5.9908247,6.517781
AT,AKC,urban,2024-02-25 22:00:00+00:00,1,6.375424,6.309513
AT,AKC,urban,2024-02-25 23:00:00+00:00,1,6.5716743,6.611264
AT,AKC,urban,2024-02-26 00:00:00+00:00,1,7.127474,6.970822
AT,AKC,urban,2024-02-26 01:00:00+00:00,1,7.3136997,7.362423
AT,AKC,urban,2024-02-26 02:00:00+00:00,1,7.3809996,7.614825
AT,AKC,urban,2024-02-26 03:00:00+00:00,1,8.035099,7.895878
AT,AKC,urban,2024-02-26 04:00:00+00:00,1,8.676724,8.339223
AT,AKC,urban,2024-02-26 05:00:00+00:00,1,8.7039995,9.007352
AT,AKC,urban,2024-02-26 06:00:00+00:00,1,9.371024,9.309905
AT,AKC,urban,2024-02-26 07:00:00+00:00,1,9.288674,9.649926
AT,AKC,urban,2024-02-26 08:00:00+00:00,1,6.964499,9.056594
AT,AKC,urban,2024-02-26 09:00:00+00:00,1,5.4500246,7.3699856
AT,AKC,urban,2024-02-26 10:00:00+00:00,1,5.0809,6.224415
AT,AKC,urban,2024-02-26 11:00:00+00:00,1,4.748275,5.5689807
AT,AKC,urban,2024-02-26 12:00:00+00:00,1,5.1894493,5.327285
AT,AKC,urban,2024-02-26 13:00:00+00:00,1,4.88715,5.3474655
AT,AKC,urban,2024-02-26 14:00:00+00:00,1,4.6616993,5.1992083
AT,AKC,urban,2024-02-26 15:00:00+00:00,1,4.9918995,5.0220165
AT,AKC,urban,2024-02-26 16:00:00+00:00,1,5.648674,5.2143826
AT,AKC,urban,2024-02-26 17:00:00+00:00,1,5.5993743,5.7823305
AT,AKC,urban,2024-02-26 18:00:00+00:00,1,5.0608497,5.847738
AT,AKC,urban,2024-02-26 19:00:00+00:00,1,4.6286745,5.483464
AT,AKC,urban,2024-02-26 20:00:00+00:00,1,4.6669,4.9578934
AT,AKC,urban,2024-02-26 21:00:00+00:00,1,4.6545997,4.8083596
AT,AKC,urban,2024-02-26 22:00:00+00:00,1,4.5670495,5.0243673
AT,AKC,urban,2024-02-26 23:00:00+00:00,1,4.3863497,4.7417564
AT,AKC,urban,2024-02-27 00:00:00+00:00,1,4.102924,4.5803494
AT,AKC,urban,2024-02-27 01:00:00+00:00,1,4.794874,4.167507
AT,AKC,urban,2024-02-27 02:00:00+00:00,1,5.619775,5.1085763
AT,AKC,urban,2024-02-27 03:00:00+00:00,1,5.6863494,6.237099
AT,AKC,urban,2024-02-27 04:00:00+00:00,1,9.196074,6.4910445
AT,AKC,urban,2024-02-27 05:00:00+00:00,1,11.8095,9.5213375
AT,AKC,urban,2024-02-27 06:00:00+00:00,1,12.9475,11.869901
AT,AKC,urban,2024-02-27 07:00:00+00:00,1,14.274,12.5499525
AT,AKC,urban,2024-02-27 08:00:00+00:00,1,12.43075,12.686257
AT,AKC,urban,2024-02-27 09:00:00+00:00,1,9.008199,11.609257
AT,AKC,urban,2024-02-27 10:00:00+00:00,1,7.8378997,8.411094
AT,AKC,urban,2024-02-27 11:00:00+00:00,1,8.583775,6.539218
AT,AKC,urban,2024-02-27 12:00:00+00:00,1,11.42875,7.8908663
AT,AKC,urban,2024-02-27 13:00:00+00:00,1,11.933,10.481131
AT,AKC,urban,2024-02-27 14:00:00+00:00,1,10.53705,11.266424
AT,AKC,urban,2024-02-27 15:00:00+00:00,1,13.251,10.485326
AT,AKC,urban,2024-02-27 16:00:00+00:00,1,14.45425,12.481593
AT,AKC,urban,2024-02-27 17:00:00+00:00,1,13.3835,13.40954
AT,AKC,urban,2024-02-27 18:00:00+00:00,1,11.0335,14.099701
AT,AKC,urban,2024-02-27 19:00:00+00:00,1,9.627074,12.800354
AT,AKC,urban,2024-02-27 20:00:00+00:00,1,9.289824,9.215376
AT,AKC,urban,2024-02-27 21:00:00+00:00,1,8.245225,9.949767
AT,AKC,urban,2024-02-27 22:00:00+00:00,1,8.72355,8.604701
AT,AKC,urban,2024-02-27 23:00:00+00:00,1,9.315399,8.614822
AT,AKC,urban,2024-02-28 00:00:00+00:00,1,7.967775,9.417316
AT,AKC,urban,2024-02-28 01:00:00+00:00,1,6.97735,8.760977
AT,AKC,urban,2024-02-28 02:00:00+00:00,1,7.530249,7.6797004
AT,AKC,urban,2024-02-28 03:00:00+00:00,1,16.72975,7.6138964
AT,AKC,urban,2024-02-28 04:00:00+00:00,1,19.69875,15.627609
AT,AKC,urban,2024-02-28 05:00:00+00:00,1,21.224,18.541027
AT,AKC,urban,2024-02-28 06:00:00+00:00,1,22.545,21.74901
AT,AKC,urban,2024-02-28 07:00:00+00:00,1,22.0575,21.23478
AT,AKC,urban,2024-02-28 08:00:00+00:00,1,22.592,20.167603
AT,AKC,urban,2024-02-28 09:00:00+00:00,1,21.47,20.332844
AT,AKC,urban,2024-02-28 10:00:00+00:00,1,21.72625,19.236145
AT,AKC,urban,2024-02-28 11:00:00+00:00,1,22.116,19.321127
AT,AKC,urban,2024-02-28 12:00:00+00:00,1,19.32575,20.087555
AT,AKC,urban,2024-02-28 13:00:00+00:00,1,17.8825,17.696062
AT,AKC,urban,2024-02-28 14:00:00+00:00,1,15.74925,16.293056
AT,AKC,urban,2024-02-28 15:00:00+00:00,1,14.64725,14.227197
AT,AKC,urban,2024-02-28 16:00:00+00:00,1,13.90625,14.199935
AT,AKC,urban,2024-02-28 17:00:00+00:00,1,12.70425,13.464809
AT,AKC,urban,2024-02-28 18:00:00+00:00,1,12.9945,12.564528
AT,AKC,urban,2024-02-28 19:00:00+00:00,1,12.00075,13.041767
AT,AKC,urban,2024-02-28 20:00:00+00:00,1,11.7435,11.965371
AT,AKC,urban,2024-02-28 21:00:00+00:00,1,11.9555,12.163599
AT,AKC,urban,2024-02-28 22:00:00+00:00,1,13.062,12.136015
AT,AKC,urban,2024-02-28 23:00:00+00:00,1,12.76325,13.293648
AT,AKC,urban,2024-02-29 00:00:00+00:00,1,14.54925,12.681149
AT,AKC,urban,2024-02-29 01:00:00+00:00,1,17.78,14.277919
AT,AKC,urban,2024-02-29 02:00:00+00:00,1,17.302,17.932451
AT,AKC,urban,2024-02-29 03:00:00+00:00,1,18.40275,17.701872
AT,AKC,urban,2024-02-29 04:00:00+00:00,1,19.7985,18.518272
AT,AKC,urban,2024-02-29 05:00:00+00:00,1,21.39375,20.375177
AT,AKC,urban,2024-02-29 06:00:00+00:00,1,22.4205,22.252525
AT,AKC,urban,2024-02-29 07:00:00+00:00,1,22.82,22.80957
AT,AKC,urban,2024-02-29 08:00:00+00:00,1,22.27725,22.767754
AT,AKC,urban,2024-02-29 09:00:00+00:00,1,20.54675,22.369705
AT,AKC,urban,2024-02-29 10:00:00+00:00,1,20.14275,20.746843
AT,AKC,urban,2024-02-29 11:00:00+00:00,1,21.4075,19.403173
AT,AKC,urban,2024-02-29 12:00:00+00:00,1,21.17125,19.711056
AT,AKC,urban,2024-02-29 13:00:00+00:00,1,21.284,19.703259
AT,AKC,urban,2024-02-29 14:00:00+00:00,1,20.88475,19.948322
AT,AKC,urban,2024-02-29 15:00:00+00:00,1,22.2425,20.917976
AT,AKC,urban,2024-02-29 16:00:00+00:00,1,22.129,23.126963
AT,AKC,urban,2024-02-29 17:00:00+00:00,1,23.3555,22.172544
AT,AKC,urban,2024-02-29 18:00:00+00:00,1,24.24725,24.130922
AT,AKC,urban,2024-02-29 19:00:00+00:00,1,23.83025,24.606062
AT,AKC,urban,2024-02-29 20:00:00+00:00,1,23.7155,23.604084
AT,AKC,urban,2024-02-29 21:00:00+00:00,1,24.066,23.68787
AT,AKC,urban,2024-02-29 22:00:00+00:00,1,24.3295,24.255962
AT,AKC,urban,2024-02-29 23:00:00+00:00,1,24.3545,24.006807
AT,AKC,urban,2024-03-01 00:00:00+00:00,1,24.396,23.917786
AT,AKC,urban,2024-03-01 01:00:00+00:00,1,24.5045,24.66987
AT,AKC,urban,2024-03-01 02:00:00+00:00,1,24.5475,24.64106
AT,AKC,urban,2024-03-01 03:00:00+00:00,1,25.3015,24.648453
AT,AKC,urban,2024-03-01 04:00:00+00:00,1,25.781,25.455872
AT,AKC,urban,2024-03-01 05:00:00+00:00,1,32.50325,26.642744
AT,AKC,urban,2024-03-01 06:00:00+00:00,1,31.4135,32.41128
AT,AKC,urban,2024-03-01 07:00:00+00:00,1,29.649,32.728027
AT,AKC,urban,2024-03-01 08:00:00+00:00,1,28.99275,28.37213
AT,AKC,urban,2024-03-01 09:00:00+00:00,1,29.77875,28.70513
AT,AKC,urban,2024-03-01 10:00:00+00:00,1,29.40775,28.03534
AT,AKC,urban,2024-03-01 11:00:00+00:00,1,28.1455,28.710175
AT,AKC,urban,2024-03-01 12:00:00+00:00,1,25.9335,27.452526
AT,AKC,urban,2024-03-01 13:00:00+00:00,1,26.62175,23.12146
AT,AKC,urban,2024-03-01 14:00:00+00:00,1,26.806,26.409353
AT,AKC,urban,2024-03-01 15:00:00+00:00,1,29.342,27.366129
AT,AKC,urban,2024-03-01 16:00:00+00:00,1,31.6525,29.139988
AT,AKC,urban,2024-03-01 17:00:00+00:00,1,33.25675,31.900198
AT,AKC,urban,2024-03-01 18:00:00+00:00,1,35.10875,33.950455
AT,AKC,urban,2024-03-01 19:00:00+00:00,1,37.058,36.646732
AT,AKC,urban,2024-03-01 20:00:00+00:00,1,37.75675,36.658398
AT,AKC,urban,2024-03-01 21:00:00+00:00,1,33.102,37.83464
AT,AKC,urban,2024-03-01 22:00:00+00:00,1,34.18575,30.982054
AT,AKC,urban,2024-03-01 23:00:00+00:00,1,32.985,34.425823
AT,AKC,urban,2024-03-02 00:00:00+00:00,1,32.38875,32.998344
AT,AKC,urban,2024-03-02 01:00:00+00:00,1,30.47825,31.445194
AT,AKC,urban,2024-03-02 02:00:00+00:00,1,28.3345,30.18414
AT,AKC,urban,2024-03-02 03:00:00+00:00,1,29.7,26.863474
AT,AKC,urban,2024-03-02 04:00:00+00:00,1,30.1885,29.122795
AT,AKC,urban,2024-03-02 05:00:00+00:00,1,24.3335,30.28769
AT,AKC,urban,2024-03-02 06:00:00+00:00,1,24.63975,24.379293
AT,AKC,urban,2024-03-02 07:00:00+00:00,1,23.85375,24.18045
AT,AKC,urban,2024-03-02 08:00:00+00:00,1,26.9035,23.359735
AT,AKC,urban,2024-03-02 09:00:00+00:00,1,31.07175,26.95347
AT,AKC,urban,2024-03-02 10:00:00+00:00,1,30.489,30.168818
AT,AKC,urban,2024-03-02 11:00:00+00:00,1,33.68725,29.628922
AT,AKC,urban,2024-03-02 12:00:00+00:00,1,30.1235,32.339233
AT,AKC,urban,2024-03-02 13:00:00+00:00,1,28.91875,29.904064
AT,AKC,urban,2024-03-02 14:00:00+00:00,1,28.6505,29.093645
AT,AKC,urban,2024-03-02 15:00:00+00:00,1,26.3515,28.363987
AT,AKC,urban,2024-03-02 16:00:00+00:00,1,24.78175,26.497492
AT,AKC,urban,2024-03-02 17:00:00+00:00,1,24.13975,24.232529
AT,AKC,urban,2024-03-02 18:00:00+00:00,1,21.632,24.024546
AT,AKC,urban,2024-03-02 19:00:00+00:00,1,21.82425,21.141232
AT,AKC,urban,2024-03-02 20:00:00+00:00,1,23.6145,21.991901
AT,AKC,urban,2024-03-02 21:00:00+00:00,1,26.68775,23.41018
AT,AKC,urban,2024-03-02 22:00:00+00:00,1,26.962,26.33321
AT,AKC,urban,2024-03-02 23:00:00+00:00,1,25.5975,26.566177
AT,AKC,urban,2024-03-03 00:00:00+00:00,1,23.83225,24.751055
AT,AKC,urban,2024-03-03 01:00:00+00:00,1,22.034,23.155602
AT,AKC,urban,2024-03-03 02:00:00+00:00,1,20.99975,21.419302
AT,AKC,urban,2024-03-03 03:00:00+00:00,1,18.0245,20.61322
AT,AKC,urban,2024-03-03 04:00:00+00:00,1,15.47625,17.411566
AT,AKC,urban,2024-03-03 05:00:00+00:00,1,12.947,14.977472
AT,AKC,urban,2024-03-03 06:00:00+00:00,1,9.930474,12.865685
AT,AKC,urban,2024-03-03 07:00:00+00:00,1,7.362525,10.126183
AT,AKC,urban,2024-03-03 08:00:00+00:00,1,5.7444997,7.425894
AT,AKC,urban,2024-03-03 09:00:00+00:00,1,3.8937995,7.143486
AT,AKC,urban,2024-03-03 10:00:00+00:00,1,3.102225,4.508035
AT,AKC,urban,2024-03-03 11:00:00+00:00,1,3.3487246,4.245058
AT,AKC,urban,2024-03-03 12:00:00+00:00,1,3.3423245,4.153716
AT,AKC,urban,2024-03-03 13:00:00+00:00,1,3.5623245,4.0056596
AT,AKC,urban,2024-03-03 14:00:00+00:00,1,3.1135244,4.5728335
AT,AKC,urban,2024-03-03 15:00:00+00:00,1,3.56625,4.1114397
AT,AKC,urban,2024-03-03 16:00:00+00:00,1,4.5769744,4.163732
AT,AKC,urban,2024-03-03 17:00:00+00:00,1,5.1532993,5.1097746
AT,AKC,urban,2024-03-03 18:00:00+00:00,1,5.0136995,5.7881627
AT,AKC,urban,2024-03-03 19:00:00+00:00,1,5.1548743,5.7184753
AT,AKC,urban,2024-03-03 20:00:00+00:00,1,5.232149,5.666766
AT,AKC,urban,2024-03-03 21:00:00+00:00,1,5.1211495,5.6951294
AT,AKC,urban,2024-03-03 22:00:00+00:00,1,5.047199,5.6612477
AT,AKC,urban,2024-03-03 23:00:00+00:00,1,5.5110993,5.5733013
AT,AKC,urban,2024-03-04 00:00:00+00:00,1,5.294524,5.7949524
AT,AKC,urban,2024-03-04 01:00:00+00:00,1,6.07385,5.6080313
AT,AKC,urban,2024-03-04 02:00:00+00:00,1,5.666399,6.568181
AT,AKC,urban,2024-03-04 03:00:00+00:00,1,5.7529,6.4784546
AT,AKC,urban,2024-03-04 04:00:00+00:00,1,7.1143494,6.618131
AT,AKC,urban,2024-03-04 05:00:00+00:00,1,7.6171994,7.533345
AT,AKC,urban,2024-03-04 06:00:00+00:00,1,8.755124,8.288635
AT,AKC,urban,2024-03-04 07:00:00+00:00,1,9.173649,8.740052
AT,AKC,urban,2024-03-04 08:00:00+00:00,1,9.308624,8.129443
AT,AKC,urban,2024-03-04 09:00:00+00:00,1,8.943899,8.499248
AT,AKC,urban,2024-03-04 10:00:00+00:00,1,8.115149,8.398017
AT,AKC,urban,2024-03-04 11:00:00+00:00,1,7.332325,7.656958
AT,AKC,urban,2024-03-04 12:00:00+00:00,1,5.6595497,7.235033
AT,AKC,urban,2024-03-04 13:00:00+00:00,1,4.9302244,5.8820543
AT,AKC,urban,2024-03-04 14:00:00+00:00,1,5.7856994,5.8460226
AT,AKC,urban,2024-03-04 15:00:00+00:00,1,6.37315,5.8246064
AT,AKC,urban,2024-03-04 16:00:00+00:00,1,12.94575,6.3312364
AT,AKC,urban,2024-03-04 17:00:00+00:00,1,17.90175,11.394226
AT,AKC,urban,2024-03-04 18:00:00+00:00,1,17.52325,14.847113
AT,AKC,urban,2024-03-04 19:00:00+00:00,1,17.382,16.757479
AT,AKC,urban,2024-03-04 20:00:00+00:00,1,16.5695,17.261417
AT,AKC,urban,2024-03-04 21:00:00+00:00,1,17.05175,15.476956
AT,AKC,urban,2024-03-04 22:00:00+00:00,1,17.5615,15.887812
AT,AKC,urban,2024-03-04 23:00:00+00:00,1,18.37675,16.590906
AT,AKC,urban,2024-03-05 00:00:00+00:00,1,18.45725,17.36969
AT,AKC,urban,2024-03-05 01:00:00+00:00,1,18.55425,17.668457
AT,AKC,urban,2024-03-05 02:00:00+00:00,1,19.3235,18.029839
AT,AKC,urban,2024-03-05 03:00:00+00:00,1,20.49725,18.76657
AT,AKC,urban,2024-03-05 04:00:00+00:00,1,22.10825,20.051807
AT,AKC,urban,2024-03-05 05:00:00+00:00,1,22.835,21.646679
AT,AKC,urban,2024-03-05 06:00:00+00:00,1,22.644,22.948553
AT,AKC,urban,2024-03-05 07:00:00+00:00,1,22.418,22.080135
AT,AKC,urban,2024-03-05 08:00:00+00:00,1,21.24825,21.194231
AT,AKC,urban,2024-03-05 09:00:00+00:00,1,18.87025,20.808577
AT,AKC,urban,2024-03-05 10:00:00+00:00,1,18.3685,17.324919
AT,AKC,urban,2024-03-05 11:00:00+00:00,1,20.446,17.98191
AT,AKC,urban,2024-03-05 12:00:00+00:00,1,20.293,19.01711
AT,AKC,urban,2024-03-05 13:00:00+00:00,1,21.37025,18.985699
AT,AKC,urban,2024-03-05 14:00:00+00:00,1,19.59225,20.91113
AT,AKC,urban,2024-03-05 15:00:00+00:00,1,19.3035,18.834875
AT,AKC,urban,2024-03-05 16:00:00+00:00,1,19.42125,19.197166
AT,AKC,urban,2024-03-05 17:00:00+00:00,1,14.5785,19.91219
AT,AKC,urban,2024-03-05 18:00:00+00:00,1,12.5705,13.884537
AT,AKC,urban,2024-03-05 19:00:00+00:00,1,13.518,11.949384
AT,AKC,urban,2024-03-05 20:00:00+00:00,1,17.0025,13.674898
AT,AKC,urban,2024-03-05 21:00:00+00:00,1,19.6615,17.242996
AT,AKC,urban,2024-03-05 22:00:00+00:00,1,22.52525,20.210764
AT,AKC,urban,2024-03-05 23:00:00+00:00,1,23.8135,23.074722
AT,AKC,urban,2024-03-06 00:00:00+00:00,1,23.75925,23.70953
AT,AKC,urban,2024-03-06 01:00:00+00:00,1,24.47,23.48994
AT,AKC,urban,2024-03-06 02:00:00+00:00,1,25.06075,24.117317
AT,AKC,urban,2024-03-06 03:00:00+00:00,1,24.262,24.606335
AT,AKC,urban,2024-03-06 04:00:00+00:00,1,21.376,24.183607
AT,AKC,urban,2024-03-06 05:00:00+00:00,1,18.66975,21.875124
AT,AKC,urban,2024-03-06 06:00:00+00:00,1,19.19625,18.270966
AT,AKC,urban,2024-03-06 07:00:00+00:00,1,19.486,19.637423
AT,AKC,urban,2024-03-06 08:00:00+00:00,1,19.25625,20.389906
AT,AKC,urban,2024-03-06 09:00:00+00:00,1,16.5885,18.78088
AT,AKC,urban,2024-03-06 10:00:00+00:00,1,16.94625,15.957394
AT,AKC,urban,2024-03-06 11:00:00+00:00,1,18.55625,16.69676
AT,AKC,urban,2024-03-06 12:00:00+00:00,1,17.4725,17.819956
AT,AKC,urban,2024-03-06 13:00:00+00:00,1,15.53675,17.687014
AT,AKC,urban,2024-03-06 14:00:00+00:00,1,14.761,14.493592
AT,AKC,urban,2024-03-06 15:00:00+00:00,1,15.24925,15.190363
AT,AKC,urban,2024-03-06 16:00:00+00:00,1,16.378,15.379506
AT,AKC,urban,2024-03-06 17:00:00+00:00,1,17.126,16.869337
AT,AKC,urban,2024-03-06 18:00:00+00:00,1,16.746,17.697475
AT,AKC,urban,2024-03-06 19:00:00+00:00,1,18.05325,16.901218
AT,AKC,urban,2024-03-06 20:00:00+00:00,1,20.2375,17.674778
AT,AKC,urban,2024-03-06 21:00:00+00:00,1,18.9775,20.125488
AT,AKC,urban,2024-03-06 22:00:00+00:00,1,16.589,18.944937
AT,AKC,urban,2024-03-06 23:00:00+00:00,1,13.57275,15.567421
AT,AKC,urban,2024-03-07 00:00:00+00:00,1,12.76325,12.97559
AT,AKC,urban,2024-03-07 01:00:00+00:00,1,15.16775,12.106773
AT,AKC,urban,2024-03-07 02:00:00+00:00,1,13.07575,14.807545
AT,AKC,urban,2024-03-07 03:00:00+00:00,1,11.80725,12.647853
AT,AKC,urban,2024-03-07 04:00:00+00:00,1,12.21575,11.752244
AT,AKC,urban,2024-03-07 05:00:00+00:00,1,12.42925,12.261038
AT,AKC,urban,2024-03-07 06:00:00+00:00,1,12.713,12.735
AT,AKC,urban,2024-03-07 07:00:00+00:00,1,12.4,12.949006
AT,AKC,urban,2024-03-07 08:00:00+00:00,1,13.29475,12.5127
AT,AKC,urban,2024-03-07 09:00:00+00:00,1,15.71525,13.117209
AT,AKC,urban,2024-03-07 10:00:00+00:00,1,17.8795,15.367629
AT,AKC,urban,2024-03-07 11:00:00+00:00,1,20.71575,17.669151
AT,AKC,urban,2024-03-07 12:00:00+00:00,1,20.62,20.294933
AT,AKC,urban,2024-03-07 13:00:00+00:00,1,20.13575,20.47818
AT,AKC,urban,2024-03-07 14:00:00+00:00,1,22.65275,19.782253
AT,AKC,urban,2024-03-07 15:00:00+00:00,1,26.05025,22.093233
AT,AKC,urban,2024-03-07 16:00:00+00:00,1,26.9725,26.34102
AT,AKC,urban,2024-03-07 17:00:00+00:00,1,29.14225,26.625134
AT,AKC,urban,2024-03-07 18:00:00+00:00,1,30.03575,28.377546
AT,AKC,urban,2024-03-07 19:00:00+00:00,1,29.71125,29.415483
AT,AKC,urban,2024-03-07 20:00:00+00:00,1,29.16925,28.560093
AT,AKC,urban,2024-03-07 21:00:00+00:00,1,29.243,27.920385
AT,AKC,urban,2024-03-07 22:00:00+00:00,1,29.27725,28.511082
AT,AKC,urban,2024-03-07 23:00:00+00:00,1,28.6725,28.621962
AT,AKC,urban,2024-03-08 00:00:00+00:00,1,28.39025,27.766441
AT,AKC,urban,2024-03-08 01:00:00+00:00,1,28.9945,27.535181
AT,AKC,urban,2024-03-08 02:00:00+00:00,1,28.8045,28.114561
AT,AKC,urban,2024-03-08 03:00:00+00:00,1,29.1045,28.087282
AT,AKC,urban,2024-03-08 04:00:00+00:00,1,29.37825,28.249584
AT,AKC,urban,2024-03-08 05:00:00+00:00,1,29.829,29.058102
AT,AKC,urban,2024-03-08 06:00:00+00:00,1,29.781,29.569136
AT,AKC,urban,2024-03-08 07:00:00+00:00,1,29.6625,29.428207
AT,AKC,urban,2024-03-08 08:00:00+00:00,1,30.54425,30.769342
AT,AKC,urban,2024-03-08 09:00:00+00:00,1,25.1195,30.455473
AT,AKC,urban,2024-03-08 10:00:00+00:00,1,21.12875,24.764107
AT,AKC,urban,2024-03-08 11:00:00+00:00,1,14.471,19.036146
AT,AKC,urban,2024-03-08 12:00:00+00:00,1,12.9055,13.648503
AT,AKC,urban,2024-03-08 13:00:00+00:00,1,13.80725,11.909297
AT,AKC,urban,2024-03-08 14:00:00+00:00,1,14.34925,14.121856
AT,AKC,urban,2024-03-08 15:00:00+00:00,1,14.136,15.048362
AT,AKC,urban,2024-03-08 16:00:00+00:00,1,13.26775,14.358528
AT,AKC,urban,2024-03-08 17:00:00+00:00,1,12.856,14.197899
AT,AKC,urban,2024-03-08 18:00:00+00:00,1,13.0805,13.313855
AT,AKC,urban,2024-03-08 19:00:00+00:00,1,14.605,13.380281
AT,AKC,urban,2024-03-08 20:00:00+00:00,1,15.869,14.949465
AT,AKC,urban,2024-03-08 21:00:00+00:00,1,16.573,16.231293
AT,AKC,urban,2024-03-08 22:00:00+00:00,1,16.738,16.891861
AT,AKC,urban,2024-03-08 23:00:00+00:00,1,16.23125,16.906622
AT,AKC,urban,2024-03-09 00:00:00+00:00,1,15.7505,16.570475
AT,AKC,urban,2024-03-09 01:00:00+00:00,1,16.29125,16.028364
AT,AKC,urban,2024-03-09 02:00:00+00:00,1,16.95075,16.300398
AT,AKC,urban,2024-03-09 03:00:00+00:00,1,17.5745,17.323626
AT,AKC,urban,2024-03-09 04:00:00+00:00,1,18.74875,17.54506
AT,AKC,urban,2024-03-09 05:00:00+00:00,1,20.1965,18.5999
AT,AKC,urban,2024-03-09 06:00:00+00:00,1,21.19625,20.631172
AT,AKC,urban,2024-03-09 07:00:00+00:00,1,21.6725,21.429527
AT,AKC,urban,2024-03-09 08:00:00+00:00,1,21.9035,21.61235
AT,AKC,urban,2024-03-09 09:00:00+00:00,1,19.7035,21.691614
AT,AKC,urban,2024-03-09 10:00:00+00:00,1,18.25675,19.478085
AT,AKC,urban,2024-03-09 11:00:00+00:00,1,19.15,18.805836
AT,AKC,urban,2024-03-09 12:00:00+00:00,1,18.03075,16.930943
AT,AKC,urban,2024-03-09 13:00:00+00:00,1,17.45025,18.2472
AT,AKC,urban,2024-03-09 14:00:00+00:00,1,17.0705,17.689913
AT,AKC,urban,2024-03-09 15:00:00+00:00,1,15.6815,17.432693
AT,AKC,urban,2024-03-09 16:00:00+00:00,1,16.1385,15.525728
AT,AKC,urban,2024-03-09 17:00:00+00:00,1,16.18625,16.33562
AT,AKC,urban,2024-03-09 18:00:00+00:00,1,12.54025,16.76779
AT,AKC,urban,2024-03-09 19:00:00+00:00,1,10.96525,12.355695
AT,AKC,urban,2024-03-09 20:00:00+00:00,1,14.727,11.198763
AT,AKC,urban,2024-03-09 21:00:00+00:00,1,15.22825,14.078644
AT,AKC,urban,2024-03-09 22:00:00+00:00,1,15.627,14.859857
AT,AKC,urban,2024-03-09 23:00:00+00:00,1,16.1045,15.751792
AT,AKC,urban,2024-03-10 00:00:00+00:00,1,17.632,16.170038
AT,AKC,urban,2024-03-10 01:00:00+00:00,1,17.292,17.400587
AT,AKC,urban,2024-03-10 02:00:00+00:00,1,16.56125,17.433632
AT,AKC,urban,2024-03-10 03:00:00+00:00,1,15.32,16.549908
AT,AKC,urban,2024-03-10 04:00:00+00:00,1,14.0225,15.489263
AT,AKC,urban,2024-03-10 05:00:00+00:00,1,14.47675,14.030652
AT,AKC,urban,2024-03-10 06:00:00+00:00,1,14.60225,14.462355
AT,AKC,urban,2024-03-10 07:00:00+00:00,1,13.582,14.665176
AT,AKC,urban,2024-03-10 08:00:00+00:00,1,12.34975,13.865875
AT,AKC,urban,2024-03-10 09:00:00+00:00,1,13.36625,13.999332
AT,AKC,urban,2024-03-10 10:00:00+00:00,1,11.8775,11.508011
AT,AKC,urban,2024-03-10 11:00:00+00:00,1,7.94395,11.908417
AT,AKC,urban,2024-03-10 12:00:00+00:00,1,6.2522745,7.756473
AT,AKC,urban,2024-03-10 13:00:00+00:00,1,7.577325,6.892456
AT,AKC,urban,2024-03-10 14:00:00+00:00,1,7.99415,7.827223
AT,AKC,urban,2024-03-10 15:00:00+00:00,1,8.405074,8.528976
AT,AKC,urban,2024-03-10 16:00:00+00:00,1,9.54345,8.429882
AT,AKC,urban,2024-03-10 17:00:00+00:00,1,9.6255,9.269717
AT,AKC,urban,2024-03-10 18:00:00+00:00,1,8.473899,10.128112
AT,AKC,urban,2024-03-10 19:00:00+00:00,1,8.539299,9.146136
AT,AKC,urban,2024-03-10 20:00:00+00:00,1,9.10145,9.017939
AT,AKC,urban,2024-03-10 21:00:00+00:00,1,9.229674,9.5189495
AT,AKC,urban,2024-03-10 22:00:00+00:00,1,9.0725,9.650283
AT,AKC,urban,2024-03-10 23:00:00+00:00,1,9.394724,9.278861
AT,AKC,urban,2024-03-11 00:00:00+00:00,1,10.29875,9.412384
AT,AKC,urban,2024-03-11 01:00:00+00:00,1,10.35125,10.355091
AT,AKC,urban,2024-03-11 02:00:00+00:00,1,7.500525,10.392084
AT,AKC,urban,2024-03-11 03:00:00+00:00,1,7.762025,7.2373223
AT,AKC,urban,2024-03-11 04:00:00+00:00,1,7.7245746,7.592669
AT,AKC,urban,2024-03-11 05:00:00+00:00,1,8.621475,8.651893
AT,AKC,urban,2024-03-11 06:00:00+00:00,1,8.065299,9.245504
AT,AKC,urban,2024-03-11 07:00:00+00:00,1,5.5577745,8.608729
AT,AKC,urban,2024-03-11 08:00:00+00:00,1,5.144625,5.8323026
AT,AKC,urban,2024-03-11 09:00:00+00:00,1,6.5773244,5.237902
AT,AKC,urban,2024-03-11 10:00:00+00:00,1,8.922099,5.95829
AT,AKC,urban,2024-03-11 11:00:00+00:00,1,8.9864,8.990779
AT,AKC,urban,2024-03-11 12:00:00+00:00,1,9.384224,8.721616
AT,AKC,urban,2024-03-11 13:00:00+00:00,1,11.964,8.790772
AT,AKC,urban,2024-03-11 14:00:00+00:00,1,11.95125,11.022418
AT,AKC,urban,2024-03-11 15:00:00+00:00,1,10.630425,11.116017
AT,AKC,urban,2024-03-11 16:00:00+00:00,1,10.097275,10.573362
AT,AKC,urban,2024-03-11 17:00:00+00:00,1,7.7094,10.1733465
AT,AKC,urban,2024-03-11 18:00:00+00:00,1,5.6104493,7.6258187
AT,AKC,urban,2024-03-11 19:00:00+00:00,1,3.260575,5.271788
AT,AKC,urban,2024-03-11 20:00:00+00:00,1,3.307975,3.8512692
AT,AKC,urban,2024-03-11 21:00:00+00:00,1,3.1662745,3.1652162
AT,AKC,urban,2024-03-11 22:00:00+00:00,1,4.1784,3.2594998
AT,AKC,urban,2024-03-11 23:00:00+00:00,1,2.8674495,3.802764
AT,AKC,urban,2024-03-12 00:00:00+00:00,1,3.7388744,3.3175602
AT,AKC,urban,2024-03-12 01:00:00+00:00,1,5.302849,3.4813952
AT,AKC,urban,2024-03-12 02:00:00+00:00,1,4.9443245,4.862965
AT,AKC,urban,2024-03-12 03:00:00+00:00,1,3.39865,4.9556737
AT,AKC,urban,2024-03-12 04:00:00+00:00,1,4.2668743,3.7270014
AT,AKC,urban,2024-03-12 05:00:00+00:00,1,4.5357,4.0275836
AT,AKC,urban,2024-03-12 06:00:00+00:00,1,3.7258744,4.5476913
AT,AKC,urban,2024-03-12 07:00:00+00:00,1,2.889799,3.7657828
AT,AKC,urban,2024-03-12 08:00:00+00:00,1,2.5220244,3.1316152
AT,AKC,urban,2024-03-12 09:00:00+00:00,1,2.1760995,2.8848064
AT,AKC,urban,2024-03-12 10:00:00+00:00,1,2.1885495,2.5021698
AT,AKC,urban,2024-03-12 11:00:00+00:00,1,2.6486244,2.269149
AT,AKC,urban,2024-03-12 12:00:00+00:00,1,2.898124,2.5667567
AT,AKC,urban,2024-03-12 13:00:00+00:00,1,3.489074,2.6759317
AT,AKC,urban,2024-03-12 14:00:00+00:00,1,4.2427993,3.3036456
AT,AKC,urban,2024-03-12 15:00:00+00:00,1,5.083374,3.9887412
AT,AKC,urban,2024-03-12 16:00:00+00:00,1,5.429999,5.067357
AT,AKC,urban,2024-03-12 17:00:00+00:00,1,6.162124,5.479884
AT,AKC,urban,2024-03-12 18:00:00+00:00,1,7.2040744,5.9754467
AT,AKC,urban,2024-03-12 19:00:00+00:00,1,7.7156243,6.892165
AT,AKC,urban,2024-03-12 20:00:00+00:00,1,6.6734495,7.645913
AT,AKC,urban,2024-03-12 21:00:00+00:00,1,6.781674,6.590348
AT,AKC,urban,2024-03-12 22:00:00+00:00,1,7.305174,6.643
AT,AKC,urban,2024-03-12 23:00:00+00:00,1,7.390424,7.010781
AT,AKC,urban,2024-03-13 00:00:00+00:00,1,6.891874,7.164061
AT,AKC,urban,2024-03-13 01:00:00+00:00,1,7.21295,6.8433485
AT,AKC,urban,2024-03-13 02:00:00+00:00,1,8.0254,7.016181
AT,AKC,urban,2024-03-13 03:00:00+00:00,1,9.105949,7.8418984
AT,AKC,urban,2024-03-13 04:00:00+00:00,1,9.8693495,8.850111
AT,AKC,urban,2024-03-13 05:00:00+00:00,1,10.5735,9.631772
AT,AKC,urban,2024-03-13 06:00:00+00:00,1,10.852,10.619362
AT,AKC,urban,2024-03-13 07:00:00+00:00,1,12.141,10.671867
AT,AKC,urban,2024-03-13 08:00:00+00:00,1,13.162,10.984318
AT,AKC,urban,2024-03-13 09:00:00+00:00,1,11.311,12.336439
AT,AKC,urban,2024-03-13 10:00:00+00:00,1,10.64275,10.200225
AT,AKC,urban,2024-03-13 11:00:00+00:00,1,10.531,10.261642
AT,AKC,urban,2024-03-13 12:00:00+00:00,1,10.23025,9.557335
AT,AKC,urban,2024-03-13 13:00:00+00:00,1,9.690275,9.886465
AT,AKC,urban,2024-03-13 14:00:00+00:00,1,8.845775,9.620853
AT,AKC,urban,2024-03-13 15:00:00+00:00,1,8.747249,8.605484
AT,AKC,urban,2024-03-13 16:00:00+00:00,1,8.835625,8.429233
AT,AKC,urban,2024-03-13 17:00:00+00:00,1,8.319575,8.82899
AT,AKC,urban,2024-03-13 18:00:00+00:00,1,7.015074,8.306338
AT,AKC,urban,2024-03-13 19:00:00+00:00,1,7.9449244,7.1339006
AT,AKC,urban,2024-03-13 20:00:00+00:00,1,7.5045495,7.718937
AT,AKC,urban,2024-03-13 21:00:00+00:00,1,5.6644745,7.479027
AT,AKC,urban,2024-03-13 22:00:00+00:00,1,3.9706495,5.6549106
AT,AKC,urban,2024-03-13 23:00:00+00:00,1,3.014674,4.2535305
AT,AKC,urban,2024-03-14 00:00:00+00:00,1,2.6172745,3.4569995
AT,AKC,urban,2024-03-14 01:00:00+00:00,1,2.872274,2.9186718
AT,AKC,urban,2024-03-14 02:00:00+00:00,1,3.2932496,3.130938
AT,AKC,urban,2024-03-14 03:00:00+00:00,1,4.2829247,3.3138418
AT,AKC,urban,2024-03-14 04:00:00+00:00,1,5.460124,4.261364
AT,AKC,urban,2024-03-14 05:00:00+00:00,1,7.0373745,6.233409
AT,AKC,urban,2024-03-14 06:00:00+00:00,1,5.9698243,7.868773
AT,AKC,urban,2024-03-14 07:00:00+00:00,1,5.6396995,6.3877335
AT,AKC,urban,2024-03-14 08:00:00+00:00,1,6.7831745,5.5013347
AT,AKC,urban,2024-03-14 09:00:00+00:00,1,6.972275,6.211296
AT,AKC,urban,2024-03-14 10:00:00+00:00,1,8.372375,7.230846
AT,AKC,urban,2024-03-14 11:00:00+00:00,1,6.445499,7.9878736
AT,AKC,urban,2024-03-14 12:00:00+00:00,1,5.0070744,6.8501644
